timestamp,u_propeller_pwm,u_rudder_pwm,x,y,yaw
1.200000000000000025e-02,1.500000000000000000e+03,1.500000000000000000e+03,-1.029139054488489080e+00,2.799597295029547794e-01,1.618311975784805012e+00
2.900000000000000147e-02,1.500000000000000000e+03,1.500000000000000000e+03,-1.029139054488489080e+00,2.799597295029547794e-01,1.618311975784805012e+00
4.599999999999999922e-02,1.500000000000000000e+03,1.500000000000000000e+03,-1.029139054488489080e+00,2.799597295029547794e-01,1.618311975784805012e+00
6.300000000000000044e-02,1.500000000000000000e+03,1.500000000000000000e+03,-1.029139054488489080e+00,2.799597295029547794e-01,1.618311975784805012e+00
8.000000000000000167e-02,1.500000000000000000e+03,1.500000000000000000e+03,-1.029139054488489080e+00,2.799597295029547794e-01,1.618311975784805012e+00
9.700000000000000289e-02,1.500000000000000000e+03,1.500000000000000000e+03,-1.029139054488489080e+00,2.799597295029547794e-01,1.618311975784805012e+00
1.140000000000000041e-01,1.500000000000000000e+03,1.500000000000000000e+03,-1.029139054488489080e+00,2.799597295029547794e-01,1.618311975784805012e+00
1.310000000000000053e-01,1.500000000000000000e+03,1.500000000000000000e+03,-1.029139054488489080e+00,2.799597295029547794e-01,1.618311975784805012e+00
1.489999999999999936e-01,1.500000000000000000e+03,1.500000000000000000e+03,-1.029139054488489080e+00,2.799597295029547794e-01,1.618311975784805012e+00
1.660000000000000087e-01,1.500000000000000000e+03,1.500000000000000000e+03,-1.029139054488489080e+00,2.799597295029547794e-01,1.618311975784805012e+00
1.829999999999999960e-01,1.500000000000000000e+03,1.500000000000000000e+03,-1.029139054488489080e+00,2.799597295029547794e-01,1.618311975784805012e+00
2.010000000000000120e-01,1.500000000000000000e+03,1.500000000000000000e+03,-1.029139054488489080e+00,2.799597295029547794e-01,1.618311975784805012e+00
2.179999999999999993e-01,1.500000000000000000e+03,1.500000000000000000e+03,-1.029139054488489080e+00,2.799597295029547794e-01,1.618311975784805012e+00
2.349999999999999867e-01,1.500000000000000000e+03,1.500000000000000000e+03,-1.029139054488489080e+00,2.799597295029547794e-01,1.618311975784805012e+00
2.530000000000000027e-01,1.500000000000000000e+03,1.500000000000000000e+03,-1.028664914333468516e+00,2.813730651998702648e-01,1.622466151341346752e+00
2.710000000000000187e-01,1.500000000000000000e+03,1.500000000000000000e+03,-1.028823030497027835e+00,2.809017662191272136e-01,1.614524509879730285e+00
2.879999999999999782e-01,1.500000000000000000e+03,1.500000000000000000e+03,-1.028879763903354227e+00,2.818543060190039640e-01,1.617986015046472659e+00
3.049999999999999933e-01,1.500000000000000000e+03,1.500000000000000000e+03,-1.028879763903354227e+00,2.818543060190039640e-01,1.617986015046472659e+00
3.230000000000000093e-01,1.500000000000000000e+03,1.500000000000000000e+03,-1.028879763903354227e+00,2.818543060190039640e-01,1.617986015046472659e+00
3.410000000000000253e-01,1.500000000000000000e+03,1.500000000000000000e+03,-1.028879763903354227e+00,2.818543060190039640e-01,1.617986015046472659e+00
3.579999999999999849e-01,1.500000000000000000e+03,1.500000000000000000e+03,-1.028879763903354227e+00,2.818543060190039640e-01,1.617986015046472659e+00
3.760000000000000009e-01,1.500000000000000000e+03,1.500000000000000000e+03,-1.028190148678228555e+00,2.827880861241450772e-01,1.621521377204315328e+00
3.930000000000000160e-01,1.500000000000000000e+03,1.500000000000000000e+03,-1.028031754267691777e+00,2.832601348410958009e-01,1.617660214091269255e+00
4.099999999999999756e-01,1.500000000000000000e+03,1.500000000000000000e+03,-1.028031754267691777e+00,2.832601348410958009e-01,1.617660214091269255e+00
4.269999999999999907e-01,1.500000000000000000e+03,1.500000000000000000e+03,-1.028088140424560537e+00,2.842145761930577885e-01,1.617660214091269255e+00
4.440000000000000058e-01,1.500000000000000000e+03,1.500000000000000000e+03,-1.027714756410882613e+00,2.842047956360177485e-01,1.625675530806480085e+00
4.610000000000000209e-01,1.500000000000000000e+03,1.500000000000000000e+03,-1.027714756410882613e+00,2.842047956360177485e-01,1.625675530806480085e+00
4.789999999999999813e-01,1.500000000000000000e+03,1.500000000000000000e+03,-1.027714756410882613e+00,2.842047956360177485e-01,1.625675530806480085e+00
4.959999999999999964e-01,1.500000000000000000e+03,1.500000000000000000e+03,-1.027929606763588577e+00,2.846871937419787058e-01,1.621192580655950399e+00
5.130000000000000115e-01,1.500000000000000000e+03,1.500000000000000000e+03,-1.027929606763588577e+00,2.846871937419787058e-01,1.621192580655950399e+00
5.300000000000000266e-01,1.500000000000000000e+03,1.500000000000000000e+03,-1.027929606763588577e+00,2.846871937419787058e-01,1.621192580655950399e+00
5.470000000000000417e-01,1.500000000000000000e+03,1.500000000000000000e+03,-1.027929606763588577e+00,2.846871937419787058e-01,1.621192580655950399e+00
5.639999999999999458e-01,1.500000000000000000e+03,1.500000000000000000e+03,-1.027929606763588577e+00,2.846871937419787058e-01,1.621192580655950399e+00
5.809999999999999609e-01,1.500000000000000000e+03,1.500000000000000000e+03,-1.027929606763588577e+00,2.846871937419787058e-01,1.621192580655950399e+00
5.979999999999999760e-01,1.500000000000000000e+03,1.500000000000000000e+03,-1.027929606763588577e+00,2.846871937419787058e-01,1.621192580655950399e+00
6.149999999999999911e-01,1.500000000000000000e+03,1.500000000000000000e+03,-1.027929606763588577e+00,2.846871937419787058e-01,1.621192580655950399e+00
6.320000000000000062e-01,1.500000000000000000e+03,1.500000000000000000e+03,-1.027929606763588577e+00,2.846871937419787058e-01,1.621192580655950399e+00
6.490000000000000213e-01,1.500000000000000000e+03,1.500000000000000000e+03,-1.027929606763588577e+00,2.846871937419787058e-01,1.621192580655950399e+00
6.660000000000000364e-01,1.500000000000000000e+03,1.500000000000000000e+03,-1.027929606763588577e+00,2.846871937419787058e-01,1.621192580655950399e+00
6.830000000000000515e-01,1.500000000000000000e+03,1.500000000000000000e+03,-1.027929606763588577e+00,2.846871937419787058e-01,1.621192580655950399e+00
6.999999999999999556e-01,1.500000000000000000e+03,1.500000000000000000e+03,-1.027929606763588577e+00,2.846871937419787058e-01,1.621192580655950399e+00
7.169999999999999707e-01,1.500000000000000000e+03,1.500000000000000000e+03,-1.027929606763588577e+00,2.846871937419787058e-01,1.621192580655950399e+00
7.349999999999999867e-01,1.500000000000000000e+03,1.500000000000000000e+03,-1.027929606763588577e+00,2.846871937419787058e-01,1.621192580655950399e+00
7.520000000000000018e-01,1.500000000000000000e+03,1.500000000000000000e+03,-1.028088140424560537e+00,2.842145761930577885e-01,1.621192580655950399e+00
7.690000000000000169e-01,1.500000000000000000e+03,1.500000000000000000e+03,-1.027929606763588577e+00,2.846871937419787058e-01,1.621192580655950399e+00
7.850000000000000311e-01,1.625000000000000000e+03,1.500000000000000000e+03,-1.027714756410882613e+00,2.842047956360177485e-01,1.625675530806480085e+00
8.030000000000000471e-01,1.625000000000000000e+03,1.500000000000000000e+03,-1.027714756410882613e+00,2.842047956360177485e-01,1.625675530806480085e+00
8.199999999999999512e-01,1.625000000000000000e+03,1.500000000000000000e+03,-1.027714756410882613e+00,2.842047956360177485e-01,1.625675530806480085e+00
8.369999999999999662e-01,1.625000000000000000e+03,1.500000000000000000e+03,-1.027714756410882613e+00,2.842047956360177485e-01,1.625675530806480085e+00
8.539999999999999813e-01,1.625000000000000000e+03,1.500000000000000000e+03,-1.027714756410882613e+00,2.842047956360177485e-01,1.625675530806480085e+00
8.709999999999999964e-01,1.625000000000000000e+03,1.500000000000000000e+03,-1.027714756410882613e+00,2.842047956360177485e-01,1.625675530806480085e+00
8.880000000000000115e-01,1.625000000000000000e+03,1.500000000000000000e+03,-1.027658491776328731e+00,2.832503596213712393e-01,1.625675530806480085e+00
9.050000000000000266e-01,1.625000000000000000e+03,1.500000000000000000e+03,-1.027714756410882613e+00,2.842047956360177485e-01,1.625675530806480085e+00
9.220000000000000417e-01,1.625000000000000000e+03,1.500000000000000000e+03,-1.027873290192347522e+00,2.837323713034725081e-01,1.625675530806480085e+00
9.389999999999999458e-01,1.625000000000000000e+03,1.500000000000000000e+03,-1.027873290192347522e+00,2.837323713034725081e-01,1.625675530806480085e+00
9.559999999999999609e-01,1.625000000000000000e+03,1.500000000000000000e+03,-1.027873290192347522e+00,2.837323713034725081e-01,1.625675530806480085e+00
9.729999999999999760e-01,1.625000000000000000e+03,1.500000000000000000e+03,-1.027873290192347522e+00,2.837323713034725081e-01,1.625675530806480085e+00
9.899999999999999911e-01,1.625000000000000000e+03,1.500000000000000000e+03,-1.027873290192347522e+00,2.837323713034725081e-01,1.625675530806480085e+00
1.006999999999999895e+00,1.625000000000000000e+03,1.500000000000000000e+03,-1.027873290192347522e+00,2.837323713034725081e-01,1.625675530806480085e+00
1.024000000000000021e+00,1.625000000000000000e+03,1.500000000000000000e+03,-1.028303042604784334e+00,2.846969744923684154e-01,1.621192580655950399e+00
1.040999999999999925e+00,1.625000000000000000e+03,1.500000000000000000e+03,-1.028303042604784334e+00,2.846969744923684154e-01,1.621192580655950399e+00
1.058000000000000052e+00,1.625000000000000000e+03,1.500000000000000000e+03,-1.028303042604784334e+00,2.846969744923684154e-01,1.621192580655950399e+00
1.074999999999999956e+00,1.625000000000000000e+03,1.500000000000000000e+03,-1.028144509096137416e+00,2.851697854145861522e-01,1.617334572093803047e+00
1.092000000000000082e+00,1.625000000000000000e+03,1.500000000000000000e+03,-1.028144509096137416e+00,2.851697854145861522e-01,1.617334572093803047e+00
1.108999999999999986e+00,1.625000000000000000e+03,1.500000000000000000e+03,-1.028144509096137416e+00,2.851697854145861522e-01,1.617334572093803047e+00
1.125999999999999890e+00,1.625000000000000000e+03,1.500000000000000000e+03,-1.028676460471028786e+00,2.847067502242576209e-01,1.629852943572605017e+00
1.143999999999999906e+00,1.625000000000000000e+03,1.500000000000000000e+03,-1.028574470227592297e+00,2.861355502691829145e-01,1.633544437096580593e+00
1.161000000000000032e+00,1.625000000000000000e+03,1.500000000000000000e+03,-1.028415867355374269e+00,2.866089369418942656e-01,1.629517484974384978e+00
1.177000000000000046e+00,1.625000000000000000e+03,1.500000000000000000e+03,-1.028789529289698246e+00,2.866187238559682049e-01,1.621428951577656763e+00
1.195000000000000062e+00,1.625000000000000000e+03,1.500000000000000000e+03,-1.028630926661199485e+00,2.870923045079197822e-01,1.621428951577656763e+00
1.211999999999999966e+00,1.625000000000000000e+03,1.500000000000000000e+03,-1.028630926661199485e+00,2.870923045079197822e-01,1.621428951577656763e+00
1.229000000000000092e+00,1.625000000000000000e+03,1.500000000000000000e+03,-1.028630926661199485e+00,2.870923045079197822e-01,1.621428951577656763e+00
1.245999999999999996e+00,1.625000000000000000e+03,1.500000000000000000e+03,-1.028630926661199485e+00,2.870923045079197822e-01,1.621428951577656763e+00
1.262999999999999901e+00,1.625000000000000000e+03,1.500000000000000000e+03,-1.029163173439119339e+00,2.866285058327190383e-01,1.621428951577656763e+00
1.280000000000000027e+00,1.625000000000000000e+03,1.500000000000000000e+03,-1.029163173439119339e+00,2.866285058327190383e-01,1.621428951577656763e+00
1.296999999999999931e+00,1.625000000000000000e+03,1.500000000000000000e+03,-1.029163173439119339e+00,2.866285058327190383e-01,1.621428951577656763e+00
1.314999999999999947e+00,1.625000000000000000e+03,1.500000000000000000e+03,-1.029910408643639030e+00,2.866480550117938009e-01,1.630081292305174179e+00
1.332000000000000073e+00,1.625000000000000000e+03,1.500000000000000000e+03,-1.029910408643639030e+00,2.866480550117938009e-01,1.630081292305174179e+00
1.350000000000000089e+00,1.625000000000000000e+03,1.500000000000000000e+03,-1.029752016153032024e+00,2.871216517062249451e-01,1.630081292305174179e+00
1.366999999999999993e+00,1.625000000000000000e+03,1.500000000000000000e+03,-1.029752016153032024e+00,2.871216517062249451e-01,1.630081292305174179e+00
1.383999999999999897e+00,1.625000000000000000e+03,1.500000000000000000e+03,-1.030283999828652153e+00,2.866578222328527437e-01,1.630081292305174179e+00
1.401999999999999913e+00,1.625000000000000000e+03,1.500000000000000000e+03,-1.030283999828652153e+00,2.866578222328527437e-01,1.630081292305174179e+00
1.419000000000000039e+00,1.625000000000000000e+03,1.500000000000000000e+03,-1.030657573488593215e+00,2.866675845540578305e-01,1.621994563645047904e+00
1.435999999999999943e+00,1.625000000000000000e+03,1.500000000000000000e+03,-1.030657573488593215e+00,2.866675845540578305e-01,1.621994563645047904e+00
1.453000000000000069e+00,1.625000000000000000e+03,1.500000000000000000e+03,-1.031031129688142478e+00,2.866773419847400417e-01,1.630645706770397663e+00
1.469999999999999973e+00,1.625000000000000000e+03,1.500000000000000000e+03,-1.031031129688142478e+00,2.866773419847400417e-01,1.621994563645047904e+00
1.487000000000000099e+00,1.625000000000000000e+03,1.500000000000000000e+03,-1.031404668491870513e+00,2.866870945342145927e-01,1.630645706770397663e+00
1.504000000000000004e+00,1.625000000000000000e+03,1.500000000000000000e+03,-1.031778189964237757e+00,2.866968422117833759e-01,1.622560774432046049e+00
1.520999999999999908e+00,1.625000000000000000e+03,1.500000000000000000e+03,-1.031778189964237757e+00,2.866968422117833759e-01,1.622560774432046049e+00
1.538000000000000034e+00,1.625000000000000000e+03,1.500000000000000000e+03,-1.032309596990782730e+00,2.862331446450456784e-01,1.627035884162956414e+00
1.554999999999999938e+00,1.625000000000000000e+03,1.500000000000000000e+03,-1.032309596990782730e+00,2.862331446450456784e-01,1.627035884162956414e+00
1.572000000000000064e+00,1.625000000000000000e+03,1.500000000000000000e+03,-1.033272103825475075e+00,2.867357843885116608e-01,1.623127580545332460e+00
1.588999999999999968e+00,1.625000000000000000e+03,1.500000000000000000e+03,-1.033272103825475075e+00,2.867357843885116608e-01,1.623127580545332460e+00
1.606000000000000094e+00,1.625000000000000000e+03,1.500000000000000000e+03,-1.033272103825475075e+00,2.867357843885116608e-01,1.623127580545332460e+00
1.622999999999999998e+00,1.625000000000000000e+03,1.500000000000000000e+03,-1.033645539604114649e+00,2.867455078455589668e-01,1.623127580545332460e+00
1.639999999999999902e+00,1.625000000000000000e+03,1.500000000000000000e+03,-1.033429796657819422e+00,2.862623276391245142e-01,1.627601439026838293e+00
1.657000000000000028e+00,1.625000000000000000e+03,1.500000000000000000e+03,-1.033429796657819422e+00,2.862623276391245142e-01,1.627601439026838293e+00
1.673999999999999932e+00,1.625000000000000000e+03,1.500000000000000000e+03,-1.034923158378242780e+00,2.863011706002985823e-01,1.628167592012784270e+00
1.691000000000000059e+00,1.625000000000000000e+03,1.500000000000000000e+03,-1.034923158378242780e+00,2.863011706002985823e-01,1.628167592012784270e+00
1.707999999999999963e+00,1.625000000000000000e+03,1.500000000000000000e+03,-1.034923158378242780e+00,2.863011706002985823e-01,1.628167592012784270e+00
1.725000000000000089e+00,1.625000000000000000e+03,1.500000000000000000e+03,-1.035139113886184736e+00,2.867843536016362327e-01,1.623694978614014017e+00
1.741999999999999993e+00,1.625000000000000000e+03,1.500000000000000000e+03,-1.035355123580606884e+00,2.872677317408216524e-01,1.632342558087453765e+00
1.758999999999999897e+00,1.625000000000000000e+03,1.500000000000000000e+03,-1.035355123580606884e+00,2.872677317408216524e-01,1.632342558087453765e+00
1.776000000000000023e+00,1.625000000000000000e+03,1.500000000000000000e+03,-1.035355123580606884e+00,2.872677317408216524e-01,1.632342558087453765e+00
1.794000000000000039e+00,1.625000000000000000e+03,1.500000000000000000e+03,-1.036632421082139821e+00,2.868231228823848733e-01,1.624262965289364313e+00
1.810999999999999943e+00,1.625000000000000000e+03,1.500000000000000000e+03,-1.036848644724597479e+00,2.873065043472340374e-01,1.624262965289364313e+00
1.828000000000000069e+00,1.625000000000000000e+03,1.500000000000000000e+03,-1.036534313917524264e+00,2.882544735250388568e-01,1.620412678820540187e+00
1.846000000000000085e+00,1.625000000000000000e+03,1.500000000000000000e+03,-1.037064923074848988e+00,2.877900813287903592e-01,1.632909366320354883e+00
1.862999999999999989e+00,1.625000000000000000e+03,1.500000000000000000e+03,-1.037811692663343610e+00,2.878094411508078654e-01,1.624831537244529667e+00
1.879999999999999893e+00,1.625000000000000000e+03,1.500000000000000000e+03,-1.038028133585854995e+00,2.882932158216440222e-01,1.620981999244576421e+00
1.897000000000000020e+00,1.625000000000000000e+03,1.500000000000000000e+03,-1.038401548020741139e+00,2.883028897243454791e-01,1.620981999244576421e+00
1.913999999999999924e+00,1.625000000000000000e+03,1.500000000000000000e+03,-1.038931725763961866e+00,2.878384457960290188e-01,1.633476764416820659e+00
1.931000000000000050e+00,1.625000000000000000e+03,1.500000000000000000e+03,-1.039148328748792371e+00,2.883222235868361238e-01,1.621551898139995229e+00
1.947999999999999954e+00,1.625000000000000000e+03,1.500000000000000000e+03,-1.039364987187026745e+00,2.888061975174227580e-01,1.621551898139995229e+00
1.965000000000000080e+00,1.625000000000000000e+03,1.500000000000000000e+03,-1.039364987187026745e+00,2.888061975174227580e-01,1.621551898139995229e+00
1.981999999999999984e+00,1.625000000000000000e+03,1.500000000000000000e+03,-1.040268380418883254e+00,2.883511896574041389e-01,1.630108022555313951e+00
1.999000000000000110e+00,1.625000000000000000e+03,1.500000000000000000e+03,-1.040268380418883254e+00,2.883511896574041389e-01,1.630108022555313951e+00
2.016000000000000014e+00,1.625000000000000000e+03,1.500000000000000000e+03,-1.041605275060016655e+00,2.888640952922280070e-01,1.617567733276508601e+00
2.032999999999999918e+00,1.625000000000000000e+03,1.500000000000000000e+03,-1.043533066154299860e+00,2.898711654134518145e-01,1.626786070039717425e+00
2.051000000000000156e+00,1.625000000000000000e+03,1.500000000000000000e+03,-1.043533066154299860e+00,2.898711654134518145e-01,1.626786070039717425e+00
2.068000000000000060e+00,1.625000000000000000e+03,1.500000000000000000e+03,-1.044653146562214641e+00,2.899000068962620524e-01,1.635419827800793202e+00
2.084999999999999964e+00,1.625000000000000000e+03,1.500000000000000000e+03,-1.044653146562214641e+00,2.899000068962620524e-01,1.635419827800793202e+00
2.101999999999999869e+00,1.625000000000000000e+03,1.500000000000000000e+03,-1.044870685743523708e+00,2.903845884866652627e-01,1.627357776865037131e+00
2.119000000000000217e+00,1.625000000000000000e+03,1.500000000000000000e+03,-1.046146377869884292e+00,2.899383998904192516e-01,1.635990382909261909e+00
2.136000000000000121e+00,1.625000000000000000e+03,1.500000000000000000e+03,-1.046146377869884292e+00,2.899383998904192516e-01,1.635990382909261909e+00
2.153000000000000025e+00,1.625000000000000000e+03,1.500000000000000000e+03,-1.045990797578643550e+00,2.904133945544418172e-01,1.635990382909261909e+00
2.169999999999999929e+00,1.625000000000000000e+03,1.500000000000000000e+03,-1.047110776887952843e+00,2.904421609590324138e-01,1.632098074945276922e+00
2.186999999999999833e+00,1.625000000000000000e+03,1.500000000000000000e+03,-1.047857356935422146e+00,2.904613166415070946e-01,1.632098074945276922e+00
2.204000000000000181e+00,1.625000000000000000e+03,1.500000000000000000e+03,-1.047546694296379366e+00,2.914119367124585747e-01,1.628178252457024300e+00
2.221000000000000085e+00,1.625000000000000000e+03,1.500000000000000000e+03,-1.048822032434972185e+00,2.909652507059852233e-01,1.632670968716599669e+00
2.237999999999999989e+00,1.625000000000000000e+03,1.500000000000000000e+03,-1.049040243890148494e+00,2.914502446857549778e-01,1.628751894688231783e+00
2.254999999999999893e+00,1.625000000000000000e+03,1.500000000000000000e+03,-1.049413595667302301e+00,2.914598108942414445e-01,1.628751894688231783e+00
2.273000000000000131e+00,1.625000000000000000e+03,1.500000000000000000e+03,-1.050533566455625012e+00,2.914884837713915822e-01,1.629326090132146243e+00
2.290000000000000036e+00,1.625000000000000000e+03,1.500000000000000000e+03,-1.050906862067446212e+00,2.914980328424319200e-01,1.629326090132146243e+00
2.306999999999999940e+00,1.625000000000000000e+03,1.500000000000000000e+03,-1.051808003926378188e+00,2.910416452964552647e-01,1.633818422312588448e+00
2.323999999999999844e+00,1.625000000000000000e+03,1.500000000000000000e+03,-1.051808003926378188e+00,2.910416452964552647e-01,1.633818422312588448e+00
2.341000000000000192e+00,1.625000000000000000e+03,1.500000000000000000e+03,-1.052399906161555210e+00,2.915361865772087002e-01,1.629900835686433291e+00
2.358000000000000096e+00,1.625000000000000000e+03,1.500000000000000000e+03,-1.052399906161555210e+00,2.915361865772087002e-01,1.629900835686433291e+00
2.375999999999999890e+00,1.625000000000000000e+03,1.500000000000000000e+03,-1.053892731699568763e+00,2.915742726343804048e-01,1.630476128267676295e+00
2.392999999999999794e+00,1.625000000000000000e+03,1.500000000000000000e+03,-1.053892731699568763e+00,2.915742726343804048e-01,1.630476128267676295e+00
2.410000000000000142e+00,1.625000000000000000e+03,1.500000000000000000e+03,-1.053892731699568763e+00,2.915742726343804048e-01,1.630476128267676295e+00
2.427000000000000046e+00,1.625000000000000000e+03,1.500000000000000000e+03,-1.055385342406894411e+00,2.916122915465987342e-01,1.631051964811152777e+00
2.444999999999999840e+00,1.625000000000000000e+03,1.500000000000000000e+03,-1.055385342406894411e+00,2.916122915465987342e-01,1.631051964811152777e+00
2.462000000000000188e+00,1.625000000000000000e+03,1.500000000000000000e+03,-1.055758461950683902e+00,2.916217858453769018e-01,1.622998709618214352e+00
2.479000000000000092e+00,1.625000000000000000e+03,1.500000000000000000e+03,-1.057250809321482965e+00,2.916597215706870916e-01,1.623576672451859881e+00
2.495999999999999996e+00,1.625000000000000000e+03,1.500000000000000000e+03,-1.057250809321482965e+00,2.916597215706870916e-01,1.623576672451859881e+00
2.512999999999999901e+00,1.625000000000000000e+03,1.500000000000000000e+03,-1.057996905326968440e+00,2.916786646664081273e-01,1.632205257617999283e+00
2.529999999999999805e+00,1.625000000000000000e+03,1.500000000000000000e+03,-1.058742950155189266e+00,2.916975913381303354e-01,1.624155166575986575e+00
2.548000000000000043e+00,1.625000000000000000e+03,1.500000000000000000e+03,-1.062777464514577552e+00,2.908408539421742933e-01,1.634261373129777484e+00
2.564999999999999947e+00,1.625000000000000000e+03,1.500000000000000000e+03,-1.062997786226926422e+00,2.913257321523893273e-01,1.630427195295237164e+00
2.581999999999999851e+00,1.625000000000000000e+03,1.500000000000000000e+03,-1.064420489313807394e+00,2.904031402692496266e-01,1.634840172672111347e+00
2.599000000000000199e+00,1.625000000000000000e+03,1.500000000000000000e+03,-1.064420489313807394e+00,2.904031402692496266e-01,1.634840172672111347e+00
2.616999999999999993e+00,1.625000000000000000e+03,1.500000000000000000e+03,-1.064420489313807394e+00,2.904031402692496266e-01,1.634840172672111347e+00
2.633999999999999897e+00,1.625000000000000000e+03,1.500000000000000000e+03,-1.064488903754613247e+00,2.913633327586743205e-01,1.623044304630564705e+00
2.650999999999999801e+00,1.625000000000000000e+03,1.500000000000000000e+03,-1.067994735402177930e+00,2.909721408988062974e-01,1.627951490237632637e+00
2.668000000000000149e+00,1.625000000000000000e+03,1.500000000000000000e+03,-1.068739874800375134e+00,2.909908329378205760e-01,1.616239357215464523e+00
2.685000000000000053e+00,1.625000000000000000e+03,1.500000000000000000e+03,-1.068739874800375134e+00,2.909908329378205760e-01,1.616239357215464523e+00
2.701999999999999957e+00,1.625000000000000000e+03,1.500000000000000000e+03,-1.069484969259951734e+00,2.910095093567083291e-01,1.628533391476015613e+00
2.718999999999999861e+00,1.625000000000000000e+03,1.500000000000000000e+03,-1.070753474555578677e+00,2.905620769625317790e-01,1.629115802542180580e+00
2.736000000000000210e+00,1.625000000000000000e+03,1.500000000000000000e+03,-1.071498318166120622e+00,2.905807009801345542e-01,1.629115802542180580e+00
2.753000000000000114e+00,1.625000000000000000e+03,1.500000000000000000e+03,-1.072092452241957705e+00,2.910747547206136154e-01,1.629698720641117538e+00
2.770000000000000018e+00,1.625000000000000000e+03,1.500000000000000000e+03,-1.073360238152229584e+00,2.906271935815941676e-01,1.621645420615409616e+00
2.786999999999999922e+00,1.625000000000000000e+03,1.500000000000000000e+03,-1.073360238152229584e+00,2.906271935815941676e-01,1.621645420615409616e+00
2.803999999999999826e+00,1.625000000000000000e+03,1.500000000000000000e+03,-1.073582204870957346e+00,2.911119532520790587e-01,1.630282142993396688e+00
2.821000000000000174e+00,1.625000000000000000e+03,1.500000000000000000e+03,-1.074549168418472922e+00,2.916154963340563677e-01,1.618578143484633580e+00
2.838999999999999968e+00,1.625000000000000000e+03,1.500000000000000000e+03,-1.075444159033836833e+00,2.911583658922998197e-01,1.627125573829729888e+00
2.855999999999999872e+00,1.625000000000000000e+03,1.500000000000000000e+03,-1.076038909284790623e+00,2.916526165254025305e-01,1.619164080293220342e+00
2.873000000000000220e+00,1.625000000000000000e+03,1.500000000000000000e+03,-1.077378744168548286e+00,2.921656078814364177e-01,1.627710619349837851e+00
2.891000000000000014e+00,1.625000000000000000e+03,1.500000000000000000e+03,-1.078645566563348090e+00,2.917174332205410003e-01,1.632035408005597876e+00
2.907999999999999918e+00,1.625000000000000000e+03,1.500000000000000000e+03,-1.078645566563348090e+00,2.917174332205410003e-01,1.632035408005597876e+00
2.928999999999999826e+00,1.625000000000000000e+03,1.500000000000000000e+03,-1.078868444319297293e+00,2.922026371662026500e-01,1.628296158478754085e+00
2.948999999999999844e+00,1.625000000000000000e+03,1.500000000000000000e+03,-1.078868444319297293e+00,2.922026371662026500e-01,1.628296158478754085e+00
2.978000000000000203e+00,1.625000000000000000e+03,1.500000000000000000e+03,-1.078868444319297293e+00,2.922026371662026500e-01,1.628296158478754085e+00
2.999000000000000110e+00,1.625000000000000000e+03,1.500000000000000000e+03,-1.080208742521736820e+00,2.927157866054127533e-01,1.624269242688670012e+00
3.017999999999999794e+00,1.625000000000000000e+03,1.500000000000000000e+03,-1.080208742521736820e+00,2.927157866054127533e-01,1.624269242688670012e+00
3.040000000000000036e+00,1.625000000000000000e+03,1.500000000000000000e+03,-1.080208742521736820e+00,2.927157866054127533e-01,1.624269242688670012e+00
3.083000000000000185e+00,1.625000000000000000e+03,1.500000000000000000e+03,-1.081921851059123085e+00,2.932383599393527662e-01,1.624856775662357311e+00
3.100999999999999979e+00,1.625000000000000000e+03,1.500000000000000000e+03,-1.085646000937085187e+00,2.933304990047417293e-01,1.634655665679718872e+00
3.117999999999999883e+00,1.625000000000000000e+03,1.500000000000000000e+03,-1.089150987793578551e+00,2.953396045660091618e-01,1.627497612556312534e+00
3.134999999999999787e+00,1.625000000000000000e+03,1.500000000000000000e+03,-1.091758701073702653e+00,2.954038381949030123e-01,1.636700023484270794e+00
3.152000000000000135e+00,1.625000000000000000e+03,1.500000000000000000e+03,-1.091758701073702653e+00,2.954038381949030123e-01,1.636700023484270794e+00
3.169000000000000039e+00,1.625000000000000000e+03,1.500000000000000000e+03,-1.092650793914956786e+00,2.949447656650966421e-01,1.641096462569139769e+00
3.185999999999999943e+00,1.625000000000000000e+03,1.500000000000000000e+03,-1.092650793914956786e+00,2.949447656650966421e-01,1.641096462569139769e+00
3.202999999999999847e+00,1.625000000000000000e+03,1.500000000000000000e+03,-1.093474160879608359e+00,2.959272293156886002e-01,1.632680882072168771e+00
3.221000000000000085e+00,1.625000000000000000e+03,1.500000000000000000e+03,-1.094964238098434572e+00,2.959638253978188471e-01,1.633272494118099827e+00
3.237999999999999989e+00,1.625000000000000000e+03,1.500000000000000000e+03,-1.095935192658398227e+00,2.964690943214739471e-01,1.633864564204855041e+00
3.254999999999999893e+00,1.625000000000000000e+03,1.500000000000000000e+03,-1.096307741923375545e+00,2.964782331610925636e-01,1.633864564204855041e+00
3.271999999999999797e+00,1.625000000000000000e+03,1.500000000000000000e+03,-1.096307741923375545e+00,2.964782331610925636e-01,1.633864564204855041e+00
3.289000000000000146e+00,1.625000000000000000e+03,1.500000000000000000e+03,-1.097797867195870580e+00,2.965147564147957437e-01,1.634457089845398059e+00
3.306000000000000050e+00,1.625000000000000000e+03,1.500000000000000000e+03,-1.100405317440437569e+00,2.965785495712903730e-01,1.635643497900482357e+00
3.322999999999999954e+00,1.625000000000000000e+03,1.500000000000000000e+03,-1.100858979567801432e+00,2.975532560571879648e-01,1.635643497900482357e+00
3.339999999999999858e+00,1.625000000000000000e+03,1.500000000000000000e+03,-1.100858979567801432e+00,2.975532560571879648e-01,1.635643497900482357e+00
3.358000000000000096e+00,1.625000000000000000e+03,1.500000000000000000e+03,-1.102494695806157221e+00,2.971112959742850945e-01,1.636237375401330407e+00
3.375000000000000000e+00,1.625000000000000000e+03,1.500000000000000000e+03,-1.104874477287667300e+00,2.966875524320592428e-01,1.637426465153788424e+00
3.391999999999999904e+00,1.625000000000000000e+03,1.500000000000000000e+03,-1.104874477287667300e+00,2.966875524320592428e-01,1.637426465153788424e+00
3.408999999999999808e+00,1.625000000000000000e+03,1.500000000000000000e+03,-1.104874477287667300e+00,2.966875524320592428e-01,1.637426465153788424e+00
3.426000000000000156e+00,1.625000000000000000e+03,1.500000000000000000e+03,-1.106964251927897269e+00,2.972201725562665375e-01,1.638021672561843056e+00
3.443000000000000060e+00,1.625000000000000000e+03,1.500000000000000000e+03,-1.110231227001155840e+00,2.963360102394302364e-01,1.635807306529948768e+00
3.459999999999999964e+00,1.625000000000000000e+03,1.500000000000000000e+03,-1.110231227001155840e+00,2.963360102394302364e-01,1.635807306529948768e+00
3.476999999999999869e+00,1.625000000000000000e+03,1.500000000000000000e+03,-1.112607924923327163e+00,2.959120337358746022e-01,1.640710591553176334e+00
3.495000000000000107e+00,1.625000000000000000e+03,1.500000000000000000e+03,-1.112607924923327163e+00,2.959120337358746022e-01,1.640710591553176334e+00
3.512999999999999901e+00,1.625000000000000000e+03,1.500000000000000000e+03,-1.112607924923327163e+00,2.959120337358746022e-01,1.640710591553176334e+00
3.529999999999999805e+00,1.625000000000000000e+03,1.500000000000000000e+03,-1.121449067791223664e+00,2.951621880422105049e-01,1.632280169948833848e+00
3.547000000000000153e+00,1.625000000000000000e+03,1.500000000000000000e+03,-1.122936585636293838e+00,2.951977901664558646e-01,1.632881047037046729e+00
3.564999999999999947e+00,1.625000000000000000e+03,1.500000000000000000e+03,-1.124193233559794614e+00,2.947467810509819541e-01,1.624857529780756593e+00
3.583000000000000185e+00,1.625000000000000000e+03,1.500000000000000000e+03,-1.125680358025234362e+00,2.947822715983013930e-01,1.625459952192953361e+00
3.600000000000000089e+00,1.625000000000000000e+03,1.500000000000000000e+03,-1.126795662078241556e+00,2.948088605489503911e-01,1.634084037326391181e+00
3.616999999999999993e+00,1.625000000000000000e+03,1.500000000000000000e+03,-1.127910933734595833e+00,2.948354248674619482e-01,1.634686146130710949e+00
3.633999999999999897e+00,1.625000000000000000e+03,1.500000000000000000e+03,-1.128514226096276385e+00,2.953309037537691362e-01,1.626666017474963422e+00
3.650999999999999801e+00,1.625000000000000000e+03,1.500000000000000000e+03,-1.130001462333250384e+00,2.953662973920535562e-01,1.627269656102958040e+00
3.668000000000000149e+00,1.625000000000000000e+03,1.500000000000000000e+03,-1.131488647128656044e+00,2.954016483001510318e-01,1.627873695908856222e+00
3.685000000000000053e+00,1.625000000000000000e+03,1.500000000000000000e+03,-1.132975783174737128e+00,2.954369568776976651e-01,1.628478134793282406e+00
3.701999999999999957e+00,1.625000000000000000e+03,1.500000000000000000e+03,-1.132975783174737128e+00,2.954369568776976651e-01,1.628478134793282406e+00
3.720000000000000195e+00,1.625000000000000000e+03,1.500000000000000000e+03,-1.134091104828154117e+00,2.954634107707564405e-01,1.629082970665283847e+00
3.737999999999999989e+00,1.625000000000000000e+03,1.500000000000000000e+03,-1.134091104828154117e+00,2.954634107707564405e-01,1.629082970665283847e+00
3.754999999999999893e+00,1.625000000000000000e+03,1.500000000000000000e+03,-1.137203757338370647e+00,2.950558590051463037e-01,1.630293825049726752e+00
3.771999999999999797e+00,1.625000000000000000e+03,1.500000000000000000e+03,-1.137203757338370647e+00,2.950558590051463037e-01,1.630293825049726752e+00
3.789000000000000146e+00,1.625000000000000000e+03,1.500000000000000000e+03,-1.137203757338370647e+00,2.950558590051463037e-01,1.630293825049726752e+00
3.806000000000000050e+00,1.625000000000000000e+03,1.500000000000000000e+03,-1.138180413933451707e+00,2.955602092708792261e-01,1.638912159890314468e+00
3.822000000000000064e+00,1.625000000000000000e+03,1.500000000000000000e+03,-1.141154278846774561e+00,2.956304150732361746e-01,1.640123144739962902e+00
3.838999999999999968e+00,1.625000000000000000e+03,1.500000000000000000e+03,-1.142269444456630145e+00,2.956567010605716250e-01,1.632113032232699101e+00
3.857000000000000206e+00,1.625000000000000000e+03,1.500000000000000000e+03,-1.142269444456630145e+00,2.956567010605716250e-01,1.632113032232699101e+00
3.873000000000000220e+00,1.625000000000000000e+03,1.500000000000000000e+03,-1.142269444456630145e+00,2.956567010605716250e-01,1.632113032232699101e+00
3.890000000000000124e+00,1.625000000000000000e+03,1.500000000000000000e+03,-1.143384593361728152e+00,2.956829648350024486e-01,1.632720206579337585e+00
3.907000000000000028e+00,1.625000000000000000e+03,1.500000000000000000e+03,-1.145203632300245911e+00,2.971711428124951260e-01,1.625033308500084095e+00
3.924999999999999822e+00,1.625000000000000000e+03,1.500000000000000000e+03,-1.147670320091683571e+00,2.977114503052179506e-01,1.634261395098521419e+00
3.942000000000000171e+00,1.625000000000000000e+03,1.500000000000000000e+03,-1.147670320091683571e+00,2.977114503052179506e-01,1.634261395098521419e+00
3.959000000000000075e+00,1.625000000000000000e+03,1.500000000000000000e+03,-1.149294631335400219e+00,2.972673952526022623e-01,1.638388383023250627e+00
3.975999999999999979e+00,1.625000000000000000e+03,1.500000000000000000e+03,-1.149294631335400219e+00,2.972673952526022623e-01,1.638388383023250627e+00
3.994000000000000217e+00,1.625000000000000000e+03,1.500000000000000000e+03,-1.150646107550872266e+00,2.977814218307842653e-01,1.635479478274435738e+00
4.011000000000000121e+00,1.625000000000000000e+03,1.500000000000000000e+03,-1.161298876074395636e+00,2.985134205168197274e-01,1.639754368146035812e+00
4.027999999999999581e+00,1.625000000000000000e+03,1.500000000000000000e+03,-1.162042937797823416e+00,2.985307815459447012e-01,1.648354275056198803e+00
4.044999999999999929e+00,1.625000000000000000e+03,1.500000000000000000e+03,-1.163769413227595972e+00,2.990539669241286669e-01,1.644209150968510169e+00
4.062000000000000277e+00,1.625000000000000000e+03,1.500000000000000000e+03,-1.163769413227595972e+00,2.990539669241286669e-01,1.644209150968510169e+00
4.078999999999999737e+00,1.625000000000000000e+03,1.500000000000000000e+03,-1.166879380071592864e+00,2.986434250731543338e-01,1.649020282774741109e+00
4.096000000000000085e+00,1.625000000000000000e+03,1.500000000000000000e+03,-1.166879380071592864e+00,2.986434250731543338e-01,1.649020282774741109e+00
4.113000000000000433e+00,1.625000000000000000e+03,1.500000000000000000e+03,-1.169483666575726666e+00,2.987039362712317070e-01,1.650246304860454760e+00
4.131000000000000227e+00,1.625000000000000000e+03,1.500000000000000000e+03,-1.169483666575726666e+00,2.987039362712317070e-01,1.650246304860454760e+00
4.147999999999999687e+00,1.625000000000000000e+03,1.500000000000000000e+03,-1.170467400032276561e+00,2.992098309688134838e-01,1.638584451222811822e+00
4.166000000000000369e+00,1.625000000000000000e+03,1.500000000000000000e+03,-1.170467400032276561e+00,2.992098309688134838e-01,1.638584451222811822e+00
4.182999999999999829e+00,1.625000000000000000e+03,1.500000000000000000e+03,-1.171823708072554870e+00,2.997246046987270818e-01,1.639199452642948751e+00
4.200000000000000178e+00,1.625000000000000000e+03,1.500000000000000000e+03,-1.173552821868680152e+00,3.002482640271074699e-01,1.639814796892384186e+00
4.217999999999999972e+00,1.625000000000000000e+03,1.500000000000000000e+03,-1.175041924900985357e+00,3.002828209891673650e-01,1.640430482117013700e+00
4.235000000000000320e+00,1.625000000000000000e+03,1.500000000000000000e+03,-1.176531053551461259e+00,3.003173478471697910e-01,1.641046506468496480e+00
4.251999999999999780e+00,1.625000000000000000e+03,1.500000000000000000e+03,-1.178020210075308105e+00,3.003518449432128756e-01,1.641662868104154072e+00
4.269000000000000128e+00,1.625000000000000000e+03,1.500000000000000000e+03,-1.180012362095179235e+00,2.999142897852443701e-01,1.642279565186926860e+00
4.286999999999999922e+00,1.625000000000000000e+03,1.500000000000000000e+03,-1.182860188293946901e+00,3.004637590686566329e-01,1.640369385645718214e+00
4.304000000000000270e+00,1.625000000000000000e+03,1.500000000000000000e+03,-1.182860188293946901e+00,3.004637590686566329e-01,1.640369385645718214e+00
4.320999999999999730e+00,1.625000000000000000e+03,1.500000000000000000e+03,-1.182860188293946901e+00,3.004637590686566329e-01,1.640369385645718214e+00
4.338000000000000078e+00,1.625000000000000000e+03,1.500000000000000000e+03,-1.184349488143859208e+00,3.004981334588531228e-01,1.640987316187899836e+00
4.355000000000000426e+00,1.625000000000000000e+03,1.500000000000000000e+03,-1.185838827499300585e+00,3.005324798591787472e-01,1.641605575438978226e+00
4.371999999999999886e+00,1.625000000000000000e+03,1.500000000000000000e+03,-1.185838827499300585e+00,3.005324798591787472e-01,1.641605575438978226e+00
4.389000000000000234e+00,1.625000000000000000e+03,1.500000000000000000e+03,-1.187328208536998275e+00,3.005667986026977490e-01,1.642224161606383293e+00
4.407000000000000028e+00,1.625000000000000000e+03,1.500000000000000000e+03,-1.188946583722062300e+00,3.001202158345624982e-01,1.642843072902665291e+00
4.423000000000000043e+00,1.625000000000000000e+03,1.500000000000000000e+03,-1.192053325731645907e+00,2.997078783109788924e-01,1.647498917118385586e+00
4.440000000000000391e+00,1.625000000000000000e+03,1.500000000000000000e+03,-1.192053325731645907e+00,2.997078783109788924e-01,1.647498917118385586e+00
4.456999999999999851e+00,1.625000000000000000e+03,1.500000000000000000e+03,-1.193914580739278586e+00,2.997505371827272613e-01,1.640036283406100859e+00
4.474000000000000199e+00,1.625000000000000000e+03,1.500000000000000000e+03,-1.193914580739278586e+00,2.997505371827272613e-01,1.640036283406100859e+00
4.491999999999999993e+00,1.625000000000000000e+03,1.500000000000000000e+03,-1.195403643916818304e+00,2.997846347934384204e-01,1.640657034894261956e+00
4.509000000000000341e+00,1.625000000000000000e+03,1.500000000000000000e+03,-1.196403107964493451e+00,2.988405200331706313e-01,1.646213218901964259e+00
4.525999999999999801e+00,1.625000000000000000e+03,1.500000000000000000e+03,-1.206577618372572047e+00,2.985888197029945568e-01,1.641949761153741916e+00
4.543000000000000149e+00,1.625000000000000000e+03,1.500000000000000000e+03,-1.208188299577612757e+00,2.995924484124717901e-01,1.642573202835935220e+00
4.560999999999999943e+00,1.625000000000000000e+03,1.500000000000000000e+03,-1.210052085141973599e+00,2.981843089742407527e-01,1.655226006279664652e+00
4.580000000000000071e+00,1.625000000000000000e+03,1.500000000000000000e+03,-1.213029062581694628e+00,2.997022902027567381e-01,1.653057814412090876e+00
4.597000000000000419e+00,1.625000000000000000e+03,1.500000000000000000e+03,-1.213029062581694628e+00,2.997022902027567381e-01,1.653057814412090876e+00
4.613999999999999879e+00,1.625000000000000000e+03,1.500000000000000000e+03,-1.214394214865152755e+00,2.987658485541372366e-01,1.645069985582488181e+00
4.631000000000000227e+00,1.625000000000000000e+03,1.500000000000000000e+03,-1.216380842361747705e+00,2.997781962030984237e-01,1.654306204970922733e+00
4.647999999999999687e+00,1.625000000000000000e+03,1.500000000000000000e+03,-1.218117160415390199e+00,2.988499296370149549e-01,1.646945692724686827e+00
4.665000000000000036e+00,1.625000000000000000e+03,1.500000000000000000e+03,-1.220973244211083220e+00,2.993980681336877447e-01,1.648197625015225265e+00
4.682999999999999829e+00,1.625000000000000000e+03,1.500000000000000000e+03,-1.220973244211083220e+00,2.993980681336877447e-01,1.648197625015225265e+00
4.700000000000000178e+00,1.625000000000000000e+03,1.500000000000000000e+03,-1.220973244211083220e+00,2.993980681336877447e-01,1.648197625015225265e+00
4.717999999999999972e+00,1.625000000000000000e+03,1.500000000000000000e+03,-1.224575894901794637e+00,2.999632918617133326e-01,1.657432276497385226e+00
4.735000000000000320e+00,1.625000000000000000e+03,1.500000000000000000e+03,-1.224575894901794637e+00,2.999632918617133326e-01,1.657432276497385226e+00
4.753000000000000114e+00,1.625000000000000000e+03,1.500000000000000000e+03,-1.226066199040258820e+00,2.999968795252619946e-01,1.658058350697639849e+00
4.769999999999999574e+00,1.625000000000000000e+03,1.500000000000000000e+03,-1.227929213520945195e+00,3.000388366022673781e-01,1.650704936368994069e+00
4.786999999999999922e+00,1.625000000000000000e+03,1.500000000000000000e+03,-1.229792380623180748e+00,3.000807636658154864e-01,1.659938262781556650e+00
4.802999999999999936e+00,1.625000000000000000e+03,1.500000000000000000e+03,-1.231283026618724907e+00,3.001142840975069559e-01,1.660565457723295113e+00
4.820999999999999730e+00,1.625000000000000000e+03,1.500000000000000000e+03,-1.233026091642213995e+00,3.006378783908602026e-01,1.661192928674230407e+00
4.838000000000000078e+00,1.625000000000000000e+03,1.500000000000000000e+03,-1.234890064966069012e+00,3.006797791655276830e-01,1.653845403415149073e+00
4.855000000000000426e+00,1.625000000000000000e+03,1.500000000000000000e+03,-1.236381363219845042e+00,3.007132798528385775e-01,1.654474324298162102e+00
4.871999999999999886e+00,1.625000000000000000e+03,1.500000000000000000e+03,-1.237872769732555334e+00,3.007467631385659645e-01,1.655103517238153854e+00
4.889000000000000234e+00,1.625000000000000000e+03,1.500000000000000000e+03,-1.237872769732555334e+00,3.007467631385659645e-01,1.655103517238153854e+00
4.905999999999999694e+00,1.625000000000000000e+03,1.500000000000000000e+03,-1.239229814502134985e+00,2.998082707790156176e-01,1.655732980627028228e+00
4.923000000000000043e+00,1.625000000000000000e+03,1.500000000000000000e+03,-1.242347656692624369e+00,3.008471114869660790e-01,1.656992712335110474e+00
4.940000000000000391e+00,1.625000000000000000e+03,1.500000000000000000e+03,-1.243839514060176787e+00,3.008805280615726163e-01,1.657622977454110025e+00
4.956999999999999851e+00,1.625000000000000000e+03,1.500000000000000000e+03,-1.243839514060176787e+00,3.008805280615726163e-01,1.657622977454110025e+00
4.974000000000000199e+00,1.625000000000000000e+03,1.500000000000000000e+03,-1.246941302329312551e+00,3.004651851994458722e-01,1.658884298244954314e+00
4.990999999999999659e+00,1.625000000000000000e+03,1.500000000000000000e+03,-1.246941302329312551e+00,3.004651851994458722e-01,1.658884298244954314e+00
5.008000000000000007e+00,1.625000000000000000e+03,1.500000000000000000e+03,-1.248944611374102509e+00,3.014797553717490919e-01,1.654506939241501939e+00
5.025000000000000355e+00,1.625000000000000000e+03,1.500000000000000000e+03,-1.257902641604323524e+00,3.016798939291082116e-01,1.655330530649117948e+00
5.041999999999999815e+00,1.625000000000000000e+03,1.500000000000000000e+03,-1.259511416852726384e+00,3.012304926306784703e-01,1.655964204907113491e+00
5.059000000000000163e+00,1.625000000000000000e+03,1.500000000000000000e+03,-1.261492975242417991e+00,3.007894840790160673e-01,1.668520737412129362e+00
5.075999999999999623e+00,1.625000000000000000e+03,1.500000000000000000e+03,-1.263244942606161381e+00,3.013135939601939706e-01,1.665839875786714330e+00
5.092999999999999972e+00,1.625000000000000000e+03,1.500000000000000000e+03,-1.263244942606161381e+00,3.013135939601939706e-01,1.665839875786714330e+00
5.110000000000000320e+00,1.625000000000000000e+03,1.500000000000000000e+03,-1.263244942606161381e+00,3.013135939601939706e-01,1.665839875786714330e+00
5.126999999999999780e+00,1.625000000000000000e+03,1.500000000000000000e+03,-1.265371319140922157e+00,3.018463107816199420e-01,1.658501386124906940e+00
5.144999999999999574e+00,1.625000000000000000e+03,1.500000000000000000e+03,-1.266979337350966572e+00,3.013966181991231119e-01,1.659136294882571416e+00
5.161999999999999922e+00,1.625000000000000000e+03,1.500000000000000000e+03,-1.268960322484119274e+00,3.009553037754971738e-01,1.671689294692044525e+00
5.179000000000000270e+00,1.625000000000000000e+03,1.500000000000000000e+03,-1.271461793627255865e+00,3.014961514855828417e-01,1.664266250180557405e+00
5.197000000000000064e+00,1.625000000000000000e+03,1.500000000000000000e+03,-1.273068895555759417e+00,3.010463807351179133e-01,1.664901810603446553e+00
5.214000000000000412e+00,1.625000000000000000e+03,1.500000000000000000e+03,-1.276693010698866093e+00,3.016121507126766632e-01,1.658103160304778667e+00
5.230999999999999872e+00,1.625000000000000000e+03,1.500000000000000000e+03,-1.276693010698866093e+00,3.016121507126766632e-01,1.658103160304778667e+00
5.251000000000000334e+00,1.625000000000000000e+03,1.500000000000000000e+03,-1.280541944190563663e+00,3.012117720231469731e-01,1.668083116253723741e+00
5.269000000000000128e+00,1.625000000000000000e+03,1.500000000000000000e+03,-1.280541944190563663e+00,3.012117720231469731e-01,1.668083116253723741e+00
5.286999999999999922e+00,1.625000000000000000e+03,1.500000000000000000e+03,-1.282410812375927911e+00,3.012530819780149249e-01,1.660652880448052704e+00
5.304000000000000270e+00,1.625000000000000000e+03,1.500000000000000000e+03,-1.282410812375927911e+00,3.012530819780149249e-01,1.660652880448052704e+00
5.320999999999999730e+00,1.625000000000000000e+03,1.500000000000000000e+03,-1.285995634985614089e+00,3.003613498556391148e-01,1.675629228524662118e+00
5.338000000000000078e+00,1.625000000000000000e+03,1.500000000000000000e+03,-1.285995634985614089e+00,3.003613498556391148e-01,1.675629228524662118e+00
5.355999999999999872e+00,1.625000000000000000e+03,1.500000000000000000e+03,-1.288128621654934802e+00,3.008937314510403693e-01,1.668299967105150161e+00
5.373000000000000220e+00,1.625000000000000000e+03,1.500000000000000000e+03,-1.288128621654934802e+00,3.008937314510403693e-01,1.668299967105150161e+00
5.389999999999999680e+00,1.625000000000000000e+03,1.500000000000000000e+03,-1.291867912255058037e+00,3.009761134679701522e-01,1.661596264943126178e+00
5.408000000000000362e+00,1.625000000000000000e+03,1.500000000000000000e+03,-1.291867912255058037e+00,3.009761134679701522e-01,1.661596264943126178e+00
5.424999999999999822e+00,1.625000000000000000e+03,1.500000000000000000e+03,-1.299297974989518600e+00,2.996830740399446524e-01,1.664796182643173861e+00
5.442000000000000171e+00,1.625000000000000000e+03,1.500000000000000000e+03,-1.299297974989518600e+00,2.996830740399446524e-01,1.664796182643173861e+00
5.458999999999999631e+00,1.625000000000000000e+03,1.500000000000000000e+03,-1.300686765856629457e+00,3.001988326263697049e-01,1.665436815034340601e+00
5.475999999999999979e+00,1.625000000000000000e+03,1.500000000000000000e+03,-1.302770869093633266e+00,2.992739247292212079e-01,1.663251189408868846e+00
5.493000000000000327e+00,1.625000000000000000e+03,1.500000000000000000e+03,-1.305121295527211345e+00,2.988402430567421719e-01,1.675582538462837334e+00
5.509999999999999787e+00,1.625000000000000000e+03,1.500000000000000000e+03,-1.314370085709442026e+00,2.995272152706266455e-01,1.671453708378828562e+00
5.527999999999999581e+00,1.625000000000000000e+03,1.500000000000000000e+03,-1.314370085709442026e+00,2.995272152706266455e-01,1.671453708378828562e+00
5.544999999999999929e+00,1.625000000000000000e+03,1.500000000000000000e+03,-1.316616383006161239e+00,2.995762064917263379e-01,1.661126635547073072e+00
5.562000000000000277e+00,1.625000000000000000e+03,1.500000000000000000e+03,-1.318966676645779046e+00,2.991420085591992573e-01,1.673382176958576828e+00
5.578999999999999737e+00,1.625000000000000000e+03,1.500000000000000000e+03,-1.320838912804609633e+00,2.991827599949464789e-01,1.674025394485213925e+00
5.596000000000000085e+00,1.625000000000000000e+03,1.500000000000000000e+03,-1.322711452055129744e+00,2.992235063262210781e-01,1.666681208955246296e+00
5.613000000000000433e+00,1.625000000000000000e+03,1.500000000000000000e+03,-1.324856506580347926e+00,2.997557731639443057e-01,1.675956211243608607e+00
5.631000000000000227e+00,1.625000000000000000e+03,1.500000000000000000e+03,-1.327206798135544430e+00,2.993212795002703208e-01,1.668614953574560023e+00
5.647999999999999687e+00,1.625000000000000000e+03,1.500000000000000000e+03,-1.327206798135544430e+00,2.993212795002703208e-01,1.668614953574560023e+00
5.665000000000000036e+00,1.625000000000000000e+03,1.500000000000000000e+03,-1.331329108435298281e+00,2.994108869572676968e-01,1.678533297303951732e+00
5.682000000000000384e+00,1.625000000000000000e+03,1.500000000000000000e+03,-1.331329108435298281e+00,2.994108869572676968e-01,1.678533297303951732e+00
5.698999999999999844e+00,1.625000000000000000e+03,1.500000000000000000e+03,-1.333102609423074458e+00,2.999352634974113974e-01,1.671195970556372812e+00
5.716000000000000192e+00,1.625000000000000000e+03,1.500000000000000000e+03,-1.333102609423074458e+00,2.999352634974113974e-01,1.671195970556372812e+00
5.733999999999999986e+00,1.625000000000000000e+03,1.500000000000000000e+03,-1.337702980495367067e+00,2.995493491390796015e-01,1.673133703318279375e+00
5.751999999999999780e+00,1.625000000000000000e+03,1.500000000000000000e+03,-1.337702980495367067e+00,2.995493491390796015e-01,1.673133703318279375e+00
5.769000000000000128e+00,1.625000000000000000e+03,1.500000000000000000e+03,-1.342105426277513169e+00,3.001310302044665201e-01,1.675073083575439270e+00
5.785000000000000142e+00,1.625000000000000000e+03,1.500000000000000000e+03,-1.342105426277513169e+00,3.001310302044665201e-01,1.675073083575439270e+00
5.802999999999999936e+00,1.625000000000000000e+03,1.500000000000000000e+03,-1.343981965375645959e+00,3.001718140345809305e-01,1.667726733434003128e+00
5.820000000000000284e+00,1.625000000000000000e+03,1.500000000000000000e+03,-1.346805907611267505e+00,2.992609083554697014e-01,1.680051193476349125e+00
5.836999999999999744e+00,1.625000000000000000e+03,1.500000000000000000e+03,-1.348111529485943150e+00,3.002615415731387793e-01,1.677661422959535908e+00
5.854000000000000092e+00,1.625000000000000000e+03,1.500000000000000000e+03,-1.350462104955783005e+00,2.998262581862497500e-01,1.670318776566585006e+00
5.871000000000000441e+00,1.625000000000000000e+03,1.500000000000000000e+03,-1.352994039942684301e+00,3.003675940723024018e-01,1.671615859301512241e+00
5.887999999999999901e+00,1.625000000000000000e+03,1.500000000000000000e+03,-1.354969057369880048e+00,2.999240066442171448e-01,1.672264661313147549e+00
5.905000000000000249e+00,1.625000000000000000e+03,1.500000000000000000e+03,-1.356847542171943921e+00,2.999647401571025052e-01,1.684584226612256597e+00
5.921999999999999709e+00,1.625000000000000000e+03,1.500000000000000000e+03,-1.359573591209928267e+00,2.995374385707981757e-01,1.677158221152996065e+00
5.939000000000000057e+00,1.625000000000000000e+03,1.500000000000000000e+03,-1.359573591209928267e+00,2.995374385707981757e-01,1.677158221152996065e+00
5.956000000000000405e+00,1.625000000000000000e+03,1.500000000000000000e+03,-1.360700922877023711e+00,2.995618453081622112e-01,1.680105130655197732e+00
5.972999999999999865e+00,1.625000000000000000e+03,1.500000000000000000e+03,-1.363988987731636682e+00,3.001195637772923197e-01,1.679106399489551427e+00
5.990000000000000213e+00,1.625000000000000000e+03,1.500000000000000000e+03,-1.365305960430251098e+00,2.991751619606769497e-01,1.685026020438281424e+00
6.006999999999999673e+00,1.625000000000000000e+03,1.500000000000000000e+03,-1.367843664214025701e+00,2.997164612364867642e-01,1.686324748897829462e+00
6.024000000000000021e+00,1.625000000000000000e+03,1.500000000000000000e+03,-1.382898224989690394e+00,3.000422767086668996e-01,1.676197659532633777e+00
6.041000000000000369e+00,1.625000000000000000e+03,1.500000000000000000e+03,-1.382898224989690394e+00,3.000422767086668996e-01,1.676197659532633777e+00
6.057999999999999829e+00,1.625000000000000000e+03,1.500000000000000000e+03,-1.385248971613983304e+00,2.996061801985975270e-01,1.685499877586888573e+00
6.075999999999999623e+00,1.625000000000000000e+03,1.500000000000000000e+03,-1.389859788532509688e+00,2.992189309508214157e-01,1.684796813934302140e+00
6.094000000000000306e+00,1.625000000000000000e+03,1.500000000000000000e+03,-1.389859788532509688e+00,2.992189309508214157e-01,1.684796813934302140e+00
6.110999999999999766e+00,1.625000000000000000e+03,1.500000000000000000e+03,-1.391654727225348998e+00,2.997446376499445231e-01,1.680115267019238301e+00
6.128000000000000114e+00,1.625000000000000000e+03,1.500000000000000000e+03,-1.393805979362762848e+00,2.983306780415605486e-01,1.678189360220569082e+00
6.144999999999999574e+00,1.625000000000000000e+03,1.500000000000000000e+03,-1.395601768157687106e+00,2.988560048951490744e-01,1.687408626726685457e+00
6.163000000000000256e+00,1.625000000000000000e+03,1.500000000000000000e+03,-1.401344990489922004e+00,2.984929888160786637e-01,1.684255390726113744e+00
6.179999999999999716e+00,1.625000000000000000e+03,1.500000000000000000e+03,-1.401344990489922004e+00,2.984929888160786637e-01,1.684255390726113744e+00
6.197000000000000064e+00,1.625000000000000000e+03,1.500000000000000000e+03,-1.401344990489922004e+00,2.984929888160786637e-01,1.684255390726113744e+00
6.214000000000000412e+00,1.625000000000000000e+03,1.500000000000000000e+03,-1.401344990489922004e+00,2.984929888160786637e-01,1.684255390726113744e+00
6.230999999999999872e+00,1.625000000000000000e+03,1.500000000000000000e+03,-1.403230729262257226e+00,2.985335973201969084e-01,1.674188312200221462e+00
6.248000000000000220e+00,1.625000000000000000e+03,1.500000000000000000e+03,-1.405580540255322974e+00,2.980974350109063531e-01,1.686218562470833904e+00
6.264999999999999680e+00,1.625000000000000000e+03,1.500000000000000000e+03,-1.407844080451391866e+00,2.981461223658320447e-01,1.678861945198514727e+00
6.282000000000000028e+00,1.625000000000000000e+03,1.500000000000000000e+03,-1.407844080451391866e+00,2.981461223658320447e-01,1.678861945198514727e+00
6.299999999999999822e+00,1.625000000000000000e+03,1.500000000000000000e+03,-1.412080502775699964e+00,2.977505002653376698e-01,1.686258785210459132e+00
6.317000000000000171e+00,1.625000000000000000e+03,1.500000000000000000e+03,-1.412080502775699964e+00,2.977505002653376698e-01,1.686258785210459132e+00
6.333000000000000185e+00,1.625000000000000000e+03,1.500000000000000000e+03,-1.414722757515877838e+00,2.978072793051441680e-01,1.687569713916112768e+00
6.350999999999999979e+00,1.625000000000000000e+03,1.500000000000000000e+03,-1.416988184681059693e+00,2.978559708182114685e-01,1.680298899127741885e+00
6.368000000000000327e+00,1.625000000000000000e+03,1.500000000000000000e+03,-1.419715488725060926e+00,2.974278051221584951e-01,1.681612103212065223e+00
6.384999999999999787e+00,1.625000000000000000e+03,1.500000000000000000e+03,-1.424709028088194884e+00,2.970482930316157288e-01,1.686289894528308464e+00
6.402000000000000135e+00,1.625000000000000000e+03,1.500000000000000000e+03,-1.424709028088194884e+00,2.970482930316157288e-01,1.686289894528308464e+00
6.418000000000000149e+00,1.625000000000000000e+03,1.500000000000000000e+03,-1.429162208049933103e+00,2.976307197788529146e-01,1.688261108995290805e+00
6.435999999999999943e+00,1.625000000000000000e+03,1.500000000000000000e+03,-1.429162208049933103e+00,2.976307197788529146e-01,1.688261108995290805e+00
6.453000000000000291e+00,1.625000000000000000e+03,1.500000000000000000e+03,-1.433402910196022617e+00,2.972348577992324214e-01,1.690233410682525417e+00
6.469999999999999751e+00,1.625000000000000000e+03,1.500000000000000000e+03,-1.435672352223362758e+00,2.972835907627918717e-01,1.680250256852054980e+00
6.488000000000000433e+00,1.625000000000000000e+03,1.500000000000000000e+03,-1.435672352223362758e+00,2.972835907627918717e-01,1.680250256852054980e+00
6.504999999999999893e+00,1.625000000000000000e+03,1.500000000000000000e+03,-1.438699232063803235e+00,2.973486112369078116e-01,1.692206765967317006e+00
6.522000000000000242e+00,1.625000000000000000e+03,1.500000000000000000e+03,-1.440292513501141070e+00,2.968958133415472433e-01,1.684843975709220842e+00
6.538999999999999702e+00,1.625000000000000000e+03,1.500000000000000000e+03,-1.440292513501141070e+00,2.968958133415472433e-01,1.684843975709220842e+00
6.556000000000000050e+00,1.625000000000000000e+03,1.500000000000000000e+03,-1.447942304751761000e+00,2.965729857459821206e-01,1.685723458370176564e+00
6.573000000000000398e+00,1.625000000000000000e+03,1.500000000000000000e+03,-1.452410909856964638e+00,2.971560889586978282e-01,1.690118409485107609e+00
6.602999999999999758e+00,1.625000000000000000e+03,1.500000000000000000e+03,-1.455064201569844062e+00,2.972131429824010906e-01,1.682745473565455452e+00
6.629999999999999893e+00,1.625000000000000000e+03,1.500000000000000000e+03,-1.455064201569844062e+00,2.972131429824010906e-01,1.682745473565455452e+00
6.647999999999999687e+00,1.625000000000000000e+03,1.500000000000000000e+03,-1.456959941159496896e+00,2.972539232162433320e-01,1.692098133686867900e+00
6.665000000000000036e+00,1.625000000000000000e+03,1.500000000000000000e+03,-1.456959941159496896e+00,2.972539232162433320e-01,1.692098133686867900e+00
6.685999999999999943e+00,1.625000000000000000e+03,1.500000000000000000e+03,-1.456959941159496896e+00,2.972539232162433320e-01,1.692098133686867900e+00
6.708999999999999631e+00,1.625000000000000000e+03,1.500000000000000000e+03,-1.456959941159496896e+00,2.972539232162433320e-01,1.692098133686867900e+00
6.727999999999999758e+00,1.625000000000000000e+03,1.500000000000000000e+03,-1.456959941159496896e+00,2.972539232162433320e-01,1.692098133686867900e+00
6.746999999999999886e+00,1.625000000000000000e+03,1.500000000000000000e+03,-1.456959941159496896e+00,2.972539232162433320e-01,1.692098133686867900e+00
6.764000000000000234e+00,1.625000000000000000e+03,1.500000000000000000e+03,-1.464547358248429632e+00,2.974172797121540368e-01,1.695399740143970213e+00
6.780999999999999694e+00,1.625000000000000000e+03,1.500000000000000000e+03,-1.466371128785729727e+00,2.979444534731806593e-01,1.688033731830396400e+00
6.798000000000000043e+00,1.625000000000000000e+03,1.500000000000000000e+03,-1.469176903619760166e+00,2.970293129727755721e-01,1.694968567976444351e+00
6.815000000000000391e+00,1.625000000000000000e+03,1.500000000000000000e+03,-1.479126669600107302e+00,2.967559036991925803e-01,1.693522864560908614e+00
6.831999999999999851e+00,1.625000000000000000e+03,1.500000000000000000e+03,-1.481336367551302491e+00,2.972914676096863884e-01,1.702873102522068471e+00
6.849000000000000199e+00,1.625000000000000000e+03,1.500000000000000000e+03,-1.481336367551302491e+00,2.972914676096863884e-01,1.702873102522068471e+00
6.865999999999999659e+00,1.625000000000000000e+03,1.500000000000000000e+03,-1.484069403427587419e+00,2.968624531028601909e-01,1.695509929462129861e+00
6.884000000000000341e+00,1.625000000000000000e+03,1.500000000000000000e+03,-1.484069403427587419e+00,2.968624531028601909e-01,1.695509929462129861e+00
6.902000000000000135e+00,1.625000000000000000e+03,1.500000000000000000e+03,-1.486732173103783694e+00,2.969199036713060513e-01,1.696835090412968983e+00
6.918999999999999595e+00,1.625000000000000000e+03,1.500000000000000000e+03,-1.489015273648421234e+00,2.969691912723985139e-01,1.689455485862823902e+00
6.935999999999999943e+00,1.625000000000000000e+03,1.500000000000000000e+03,-1.492060455030845390e+00,2.970349726626076992e-01,1.690782750571745652e+00
6.953000000000000291e+00,1.625000000000000000e+03,1.500000000000000000e+03,-1.494170091449538607e+00,2.956167260569723121e-01,1.708369426604940733e+00
6.969999999999999751e+00,1.625000000000000000e+03,1.500000000000000000e+03,-1.496317707476637171e+00,2.966387912971290008e-01,1.698481229307143847e+00
6.987000000000000099e+00,1.625000000000000000e+03,1.500000000000000000e+03,-1.499186860309817071e+00,2.952370688261353182e-01,1.702333224439228854e+00
7.003999999999999559e+00,1.625000000000000000e+03,1.500000000000000000e+03,-1.499186860309817071e+00,2.952370688261353182e-01,1.702333224439228854e+00
7.020999999999999908e+00,1.625000000000000000e+03,1.500000000000000000e+03,-1.501404650884975434e+00,2.957725726896599516e-01,1.692516547958355044e+00
7.038000000000000256e+00,1.625000000000000000e+03,1.500000000000000000e+03,-1.521936491888058685e+00,2.937763508335683449e-01,1.701530477985549128e+00
7.056000000000000050e+00,1.625000000000000000e+03,1.500000000000000000e+03,-1.525052022917558370e+00,2.933559136784872345e-01,1.694884270031038920e+00
7.073000000000000398e+00,1.625000000000000000e+03,1.500000000000000000e+03,-1.527022416295884089e+00,2.929109316317640710e-01,1.695550678010661949e+00
7.089999999999999858e+00,1.625000000000000000e+03,1.500000000000000000e+03,-1.529633341098251220e+00,2.934545096757058547e-01,1.696883712918509257e+00
7.107000000000000206e+00,1.625000000000000000e+03,1.500000000000000000e+03,-1.529633341098251220e+00,2.934545096757058547e-01,1.696883712918509257e+00
7.123999999999999666e+00,1.625000000000000000e+03,1.500000000000000000e+03,-1.535042013719269516e+00,2.930834535504088789e-01,1.690891504332429962e+00
7.141000000000000014e+00,1.625000000000000000e+03,1.500000000000000000e+03,-1.535042013719269516e+00,2.930834535504088789e-01,1.690891504332429962e+00
7.158000000000000362e+00,1.625000000000000000e+03,1.500000000000000000e+03,-1.539687819188331419e+00,2.926960118841409608e-01,1.698760990670102000e+00
7.174999999999999822e+00,1.625000000000000000e+03,1.500000000000000000e+03,-1.539687819188331419e+00,2.926960118841409608e-01,1.698760990670102000e+00
7.193999999999999950e+00,1.625000000000000000e+03,1.500000000000000000e+03,-1.542805104708794506e+00,2.922757064987336895e-01,1.702396151371268651e+00
7.211000000000000298e+00,1.625000000000000000e+03,1.500000000000000000e+03,-1.542805104708794506e+00,2.922757064987336895e-01,1.702396151371268651e+00
7.227999999999999758e+00,1.625000000000000000e+03,1.500000000000000000e+03,-1.552482986347426985e+00,2.915093942952327044e-01,1.698409342165413616e+00
7.245000000000000107e+00,1.625000000000000000e+03,1.500000000000000000e+03,-1.552482986347426985e+00,2.915093942952327044e-01,1.698409342165413616e+00
7.262999999999999901e+00,1.625000000000000000e+03,1.500000000000000000e+03,-1.558497542481537490e+00,2.926144123718720236e-01,1.701083057757874606e+00
7.280000000000000249e+00,1.625000000000000000e+03,1.500000000000000000e+03,-1.558497542481537490e+00,2.926144123718720236e-01,1.701083057757874606e+00
7.296999999999999709e+00,1.625000000000000000e+03,1.500000000000000000e+03,-1.560851795161643851e+00,2.921775088991954705e-01,1.693744786976638439e+00
7.314000000000000057e+00,1.625000000000000000e+03,1.500000000000000000e+03,-1.560851795161643851e+00,2.921775088991954705e-01,1.693744786976638439e+00
7.331000000000000405e+00,1.625000000000000000e+03,1.500000000000000000e+03,-1.563589070248313950e+00,2.917489767111081100e-01,1.695083703444746570e+00
7.347999999999999865e+00,1.625000000000000000e+03,1.500000000000000000e+03,-1.569287037831367027e+00,2.923602172243534580e-01,1.705764232043919471e+00
7.365000000000000213e+00,1.625000000000000000e+03,1.500000000000000000e+03,-1.569287037831367027e+00,2.923602172243534580e-01,1.705764232043919471e+00
7.381999999999999673e+00,1.625000000000000000e+03,1.500000000000000000e+03,-1.569287037831367027e+00,2.923602172243534580e-01,1.705764232043919471e+00
7.399000000000000021e+00,1.625000000000000000e+03,1.500000000000000000e+03,-1.571536482785547140e+00,2.928972722400827733e-01,1.698432043741185504e+00
7.416999999999999815e+00,1.625000000000000000e+03,1.500000000000000000e+03,-1.574328343412052522e+00,2.919815611784591924e-01,1.699771776232452458e+00
7.434000000000000163e+00,1.625000000000000000e+03,1.500000000000000000e+03,-1.580088110000124280e+00,2.921066879254684556e-01,1.693764236659146993e+00
7.450000000000000178e+00,1.625000000000000000e+03,1.500000000000000000e+03,-1.582494393355023510e+00,2.911828747142308771e-01,1.695106076769379522e+00
7.467999999999999972e+00,1.625000000000000000e+03,1.500000000000000000e+03,-1.582494393355023510e+00,2.911828747142308771e-01,1.695106076769379522e+00
7.485000000000000320e+00,1.625000000000000000e+03,1.500000000000000000e+03,-1.587824449235631707e+00,2.917868223221063984e-01,1.713964844604466409e+00
7.503000000000000114e+00,1.625000000000000000e+03,1.500000000000000000e+03,-1.587824449235631707e+00,2.917868223221063984e-01,1.713964844604466409e+00
7.519999999999999574e+00,1.625000000000000000e+03,1.500000000000000000e+03,-1.590467355112422210e+00,2.923328730605313508e-01,1.704514059181940322e+00
7.536999999999999922e+00,1.625000000000000000e+03,1.500000000000000000e+03,-1.602110644556562269e+00,2.916102219270816365e-01,1.703317436877172630e+00
7.554999999999999716e+00,1.625000000000000000e+03,1.500000000000000000e+03,-1.602110644556562269e+00,2.916102219270816365e-01,1.703317436877172630e+00
7.572000000000000064e+00,1.625000000000000000e+03,1.500000000000000000e+03,-1.604761316405920901e+00,2.921569625491947653e-01,1.704660632321208125e+00
7.589000000000000412e+00,1.625000000000000000e+03,1.500000000000000000e+03,-1.607935757767269713e+00,2.912491492314636110e-01,1.708080088551860332e+00
7.605999999999999872e+00,1.625000000000000000e+03,1.500000000000000000e+03,-1.610203665600754119e+00,2.917875291749203459e-01,1.698645888349722632e+00
7.621999999999999886e+00,1.625000000000000000e+03,1.500000000000000000e+03,-1.610203665600754119e+00,2.917875291749203459e-01,1.698645888349722632e+00
7.639999999999999680e+00,1.625000000000000000e+03,1.500000000000000000e+03,-1.613289154559397254e+00,2.918552868254279398e-01,1.699991158718616280e+00
7.657000000000000028e+00,1.625000000000000000e+03,1.500000000000000000e+03,-1.624140996132285908e+00,2.916051232600308518e-01,1.706685632647212181e+00
7.674000000000000377e+00,1.625000000000000000e+03,1.500000000000000000e+03,-1.626542080253773781e+00,2.906801769450031436e-01,1.714223039153996320e+00
7.690999999999999837e+00,1.625000000000000000e+03,1.500000000000000000e+03,-1.626542080253773781e+00,2.906801769450031436e-01,1.714223039153996320e+00
7.708000000000000185e+00,1.625000000000000000e+03,1.500000000000000000e+03,-1.629246356207309621e+00,2.907397030499565549e-01,1.706868760401507590e+00
7.724999999999999645e+00,1.625000000000000000e+03,1.500000000000000000e+03,-1.629246356207309621e+00,2.907397030499565549e-01,1.706868760401507590e+00
7.743000000000000327e+00,1.625000000000000000e+03,1.500000000000000000e+03,-1.631951672351284577e+00,2.907993234866896870e-01,1.708214909897254774e+00
7.759999999999999787e+00,1.625000000000000000e+03,1.500000000000000000e+03,-1.637404688447185119e+00,2.904307105009924506e-01,1.702190707478323572e+00
7.777000000000000135e+00,1.625000000000000000e+03,1.500000000000000000e+03,-1.640151262326417836e+00,2.900024774792290261e-01,1.709784804136257996e+00
7.793999999999999595e+00,1.625000000000000000e+03,1.500000000000000000e+03,-1.640151262326417836e+00,2.900024774792290261e-01,1.709784804136257996e+00
7.810999999999999943e+00,1.625000000000000000e+03,1.500000000000000000e+03,-1.643633656082537753e+00,2.900793776070844654e-01,1.703172443202225494e+00
7.830000000000000071e+00,1.625000000000000000e+03,1.500000000000000000e+03,-1.648740657463358961e+00,2.892146340146545258e-01,1.707051755969151596e+00
7.847999999999999865e+00,1.625000000000000000e+03,1.500000000000000000e+03,-1.648740657463358961e+00,2.892146340146545258e-01,1.707051755969151596e+00
7.863999999999999879e+00,1.625000000000000000e+03,1.500000000000000000e+03,-1.648740657463358961e+00,2.892146340146545258e-01,1.707051755969151596e+00
7.881000000000000227e+00,1.625000000000000000e+03,1.500000000000000000e+03,-1.651523859987691800e+00,2.882990420745576987e-01,1.708400364134853966e+00
7.897999999999999687e+00,1.625000000000000000e+03,1.500000000000000000e+03,-1.657368451751541460e+00,2.879396278521755281e-01,1.711239754472447139e+00
7.916000000000000369e+00,1.625000000000000000e+03,1.500000000000000000e+03,-1.657368451751541460e+00,2.879396278521755281e-01,1.711239754472447139e+00
7.932999999999999829e+00,1.625000000000000000e+03,1.500000000000000000e+03,-1.660080641387701172e+00,2.879995284906926578e-01,1.702079035048843281e+00
7.950000000000000178e+00,1.625000000000000000e+03,1.500000000000000000e+03,-1.662827856685485051e+00,2.875718703758327610e-01,1.703430098195384712e+00
7.967999999999999972e+00,1.625000000000000000e+03,1.500000000000000000e+03,-1.665541596169709315e+00,2.876318692799376686e-01,1.696108512925327716e+00
7.985000000000000320e+00,1.625000000000000000e+03,1.500000000000000000e+03,-1.665541596169709315e+00,2.876318692799376686e-01,1.696108512925327716e+00
8.002000000000000668e+00,1.625000000000000000e+03,1.500000000000000000e+03,-1.671780515807287593e+00,2.872815983798219230e-01,1.700492150019478510e+00
8.018000000000000682e+00,1.625000000000000000e+03,1.500000000000000000e+03,-1.671780515807287593e+00,2.872815983798219230e-01,1.700492150019478510e+00
8.035000000000000142e+00,1.625000000000000000e+03,1.500000000000000000e+03,-1.671780515807287593e+00,2.872815983798219230e-01,1.700492150019478510e+00
8.051999999999999602e+00,1.625000000000000000e+03,1.500000000000000000e+03,-1.686598923294688746e+00,2.866337226474997557e-01,1.697015897313411514e+00
8.069000000000000838e+00,1.625000000000000000e+03,1.500000000000000000e+03,-1.689320219807584955e+00,2.866943144445506242e-01,1.706383735918940214e+00
8.086999999999999744e+00,1.625000000000000000e+03,1.500000000000000000e+03,-1.689320219807584955e+00,2.866943144445506242e-01,1.706383735918940214e+00
8.103999999999999204e+00,1.625000000000000000e+03,1.500000000000000000e+03,-1.692487215508997611e+00,2.857879723999496857e-01,1.707863636907956506e+00
8.121000000000000441e+00,1.625000000000000000e+03,1.500000000000000000e+03,-1.695209668721518348e+00,2.858485843743657773e-01,1.702669314715988591e+00
8.137000000000000455e+00,1.625000000000000000e+03,1.500000000000000000e+03,-1.698375527981658362e+00,2.849426449385540350e-01,1.710571001203536223e+00
8.153999999999999915e+00,1.625000000000000000e+03,1.500000000000000000e+03,-1.703798365037488605e+00,2.855517977017387743e-01,1.704589684421152107e+00
8.172000000000000597e+00,1.625000000000000000e+03,1.500000000000000000e+03,-1.703798365037488605e+00,2.855517977017387743e-01,1.704589684421152107e+00
8.189999999999999503e+00,1.625000000000000000e+03,1.500000000000000000e+03,-1.716361672499575164e+00,2.838795725569439599e-01,1.710131880055703046e+00
8.207000000000000739e+00,1.625000000000000000e+03,1.500000000000000000e+03,-1.716361672499575164e+00,2.838795725569439599e-01,1.710131880055703046e+00
8.223000000000000753e+00,1.625000000000000000e+03,1.500000000000000000e+03,-1.719090619821708854e+00,2.839406138894043918e-01,1.702777132590431952e+00
8.240000000000000213e+00,1.625000000000000000e+03,1.500000000000000000e+03,-1.722210730556469560e+00,2.840105116847648770e-01,1.704134780647764913e+00
8.256999999999999673e+00,1.625000000000000000e+03,1.500000000000000000e+03,-1.728455161132964157e+00,2.841507460933968554e-01,1.706850215159268824e+00
8.273999999999999133e+00,1.625000000000000000e+03,1.500000000000000000e+03,-1.728455161132964157e+00,2.841507460933968554e-01,1.706850215159268824e+00
8.291999999999999815e+00,1.625000000000000000e+03,1.500000000000000000e+03,-1.728455161132964157e+00,2.841507460933968554e-01,1.706850215159268824e+00
8.310000000000000497e+00,1.625000000000000000e+03,1.500000000000000000e+03,-1.730818100912684399e+00,2.837155056968322375e-01,1.708207985468619183e+00
8.327999999999999403e+00,1.625000000000000000e+03,1.500000000000000000e+03,-1.730818100912684399e+00,2.837155056968322375e-01,1.708207985468619183e+00
8.345000000000000639e+00,1.625000000000000000e+03,1.500000000000000000e+03,-1.733552159623727995e+00,2.837770357839984880e-01,1.700840690835500713e+00
8.362000000000000099e+00,1.625000000000000000e+03,1.500000000000000000e+03,-1.733552159623727995e+00,2.837770357839984880e-01,1.700840690835500713e+00
8.378999999999999559e+00,1.625000000000000000e+03,1.500000000000000000e+03,-1.736678116675678396e+00,2.838474950692543297e-01,1.702200271340239990e+00
8.397000000000000242e+00,1.625000000000000000e+03,1.500000000000000000e+03,-1.739787523335616815e+00,2.844064278002856883e-01,1.703559896415831609e+00
8.413999999999999702e+00,1.625000000000000000e+03,1.500000000000000000e+03,-1.742934254423046836e+00,2.839888616095800344e-01,1.706325805938809115e+00
8.430999999999999162e+00,1.625000000000000000e+03,1.500000000000000000e+03,-1.746488932369144376e+00,2.830921066923282048e-01,1.706384484725627537e+00
8.448000000000000398e+00,1.625000000000000000e+03,1.500000000000000000e+03,-1.746488932369144376e+00,2.830921066923282048e-01,1.706384484725627537e+00
8.464999999999999858e+00,1.625000000000000000e+03,1.500000000000000000e+03,-1.751983578359078253e+00,2.827280052005004540e-01,1.709103977546615472e+00
8.481999999999999318e+00,1.625000000000000000e+03,1.500000000000000000e+03,-1.751983578359078253e+00,2.827280052005004540e-01,1.709103977546615472e+00
8.499000000000000554e+00,1.625000000000000000e+03,1.500000000000000000e+03,-1.751983578359078253e+00,2.827280052005004540e-01,1.709103977546615472e+00
8.516000000000000014e+00,1.625000000000000000e+03,1.500000000000000000e+03,-1.755115857116400502e+00,2.827989893694445867e-01,1.710463734800466096e+00
8.532999999999999474e+00,1.625000000000000000e+03,1.500000000000000000e+03,-1.776336969486375317e+00,2.813278236910765617e-01,1.711349985072674107e+00
8.551000000000000156e+00,1.625000000000000000e+03,1.800000000000000000e+03,-1.776336969486375317e+00,2.813278236910765617e-01,1.711349985072674107e+00
8.567999999999999616e+00,1.625000000000000000e+03,1.800000000000000000e+03,-1.779487227947713190e+00,2.809113392574952295e-01,1.711521113116263981e+00
8.583999999999999631e+00,1.625000000000000000e+03,1.800000000000000000e+03,-1.782235846712805660e+00,2.809740997621806846e-01,1.704206994436079814e+00
8.602000000000000313e+00,1.625000000000000000e+03,1.800000000000000000e+03,-1.782235846712805660e+00,2.809740997621806846e-01,1.704206994436079814e+00
8.618999999999999773e+00,1.625000000000000000e+03,1.800000000000000000e+03,-1.785779707176842424e+00,2.805667508476061833e-01,1.705570723712885428e+00
8.635999999999999233e+00,1.625000000000000000e+03,1.800000000000000000e+03,-1.788930915157818102e+00,2.801505504021289950e-01,1.708133598793075247e+00
8.653000000000000469e+00,1.625000000000000000e+03,1.800000000000000000e+03,-1.791682097775201710e+00,2.802135136967284224e-01,1.709497072912470550e+00
8.669999999999999929e+00,1.625000000000000000e+03,1.800000000000000000e+03,-1.794834063360381204e+00,2.797974709967140372e-01,1.709752109163239719e+00
8.686999999999999389e+00,1.625000000000000000e+03,1.800000000000000000e+03,-1.797980356722892692e+00,2.798696159076285994e-01,1.711115801938799752e+00
8.702999999999999403e+00,1.625000000000000000e+03,1.800000000000000000e+03,-1.810985949703127540e+00,2.782159082935510286e-01,1.708646344213171187e+00
8.720000000000000639e+00,1.625000000000000000e+03,1.800000000000000000e+03,-1.813742918888721745e+00,2.782793224340822658e-01,1.710011793408615866e+00
8.737999999999999545e+00,1.625000000000000000e+03,1.800000000000000000e+03,-1.813742918888721745e+00,2.782793224340822658e-01,1.710011793408615866e+00
8.755000000000000782e+00,1.625000000000000000e+03,1.800000000000000000e+03,-1.820049768371164500e+00,2.779366564126594108e-01,1.704028401179960017e+00
8.772000000000000242e+00,1.625000000000000000e+03,1.800000000000000000e+03,-1.820049768371164500e+00,2.779366564126594108e-01,1.704028401179960017e+00
8.788999999999999702e+00,1.625000000000000000e+03,1.800000000000000000e+03,-1.823205025943279489e+00,2.770337119302510587e-01,1.704472683162960633e+00
8.805999999999999162e+00,1.625000000000000000e+03,1.800000000000000000e+03,-1.823205025943279489e+00,2.770337119302510587e-01,1.704472683162960633e+00
8.823000000000000398e+00,1.625000000000000000e+03,1.800000000000000000e+03,-1.826359243193303117e+00,2.766187650417412103e-01,1.706838982476354794e+00
8.839999999999999858e+00,1.625000000000000000e+03,1.800000000000000000e+03,-1.829909846993593492e+00,2.771884970252064262e-01,1.701010754851080886e+00
8.856999999999999318e+00,1.625000000000000000e+03,1.800000000000000000e+03,-1.832669468488117959e+00,2.762767800623506798e-01,1.701520288118170798e+00
8.874000000000000554e+00,1.625000000000000000e+03,1.800000000000000000e+03,-1.836223841533927814e+00,2.768467770756698476e-01,1.702889221939113629e+00
8.891999999999999460e+00,1.625000000000000000e+03,1.800000000000000000e+03,-1.839377563936421156e+00,2.759443144647202306e-01,1.704258127154527847e+00
8.909000000000000696e+00,1.625000000000000000e+03,1.800000000000000000e+03,-1.842537244745110714e+00,2.760175379372057369e-01,1.705626996081670788e+00
8.926000000000000156e+00,1.625000000000000000e+03,1.800000000000000000e+03,-1.848860858719253875e+00,2.761644777173201115e-01,1.691526428489971368e+00
8.942999999999999616e+00,1.625000000000000000e+03,1.800000000000000000e+03,-1.848860858719253875e+00,2.761644777173201115e-01,1.691526428489971368e+00
8.960000000000000853e+00,1.625000000000000000e+03,1.800000000000000000e+03,-1.848860858719253875e+00,2.761644777173201115e-01,1.691526428489971368e+00
8.977000000000000313e+00,1.625000000000000000e+03,1.800000000000000000e+03,-1.852024792545229559e+00,2.762381946830804180e-01,1.692898632338876386e+00
8.993999999999999773e+00,1.625000000000000000e+03,1.800000000000000000e+03,-1.857954137102423076e+00,2.758885794625652865e-01,1.695643039871679525e+00
9.010999999999999233e+00,1.625000000000000000e+03,1.800000000000000000e+03,-1.857954137102423076e+00,2.758885794625652865e-01,1.695643039871679525e+00
9.028000000000000469e+00,1.625000000000000000e+03,1.800000000000000000e+03,-1.857954137102423076e+00,2.758885794625652865e-01,1.695643039871679525e+00
9.045999999999999375e+00,1.625000000000000000e+03,1.800000000000000000e+03,-1.871405748674866976e+00,2.752275659245956296e-01,1.693688422820130990e+00
9.063000000000000611e+00,1.625000000000000000e+03,1.800000000000000000e+03,-1.871405748674866976e+00,2.752275659245956296e-01,1.693688422820130990e+00
9.080000000000000071e+00,1.625000000000000000e+03,1.800000000000000000e+03,-1.874567417989994489e+00,2.748138105133766107e-01,1.686854504726936099e+00
9.096999999999999531e+00,1.625000000000000000e+03,1.800000000000000000e+03,-1.877729167399457832e+00,2.744001876849209154e-01,1.679315220512968443e+00
9.114000000000000767e+00,1.625000000000000000e+03,1.800000000000000000e+03,-1.880902689986436949e+00,2.744748154791019079e-01,1.680691824788467459e+00
9.131000000000000227e+00,1.625000000000000000e+03,1.800000000000000000e+03,-1.887651132711120727e+00,2.746339547399382353e-01,1.675202923876651040e+00
9.147999999999999687e+00,1.625000000000000000e+03,1.800000000000000000e+03,-1.887651132711120727e+00,2.746339547399382353e-01,1.675202923876651040e+00
9.164999999999999147e+00,1.625000000000000000e+03,1.800000000000000000e+03,-1.894391423124740070e+00,2.743052177012695880e-01,1.677958962575898383e+00
9.182000000000000384e+00,1.625000000000000000e+03,1.800000000000000000e+03,-1.894391423124740070e+00,2.743052177012695880e-01,1.677958962575898383e+00
9.198999999999999844e+00,1.625000000000000000e+03,1.800000000000000000e+03,-1.894391423124740070e+00,2.743052177012695880e-01,1.677958962575898383e+00
9.217000000000000526e+00,1.625000000000000000e+03,1.800000000000000000e+03,-1.896746406589393530e+00,2.733849181778987836e-01,1.670127277382241315e+00
9.233999999999999986e+00,1.625000000000000000e+03,1.800000000000000000e+03,-1.903886853202679363e+00,2.730661384064059227e-01,1.664698750964868523e+00
9.250999999999999446e+00,1.625000000000000000e+03,1.800000000000000000e+03,-1.903886853202679363e+00,2.730661384064059227e-01,1.664698750964868523e+00
9.269000000000000128e+00,1.625000000000000000e+03,1.800000000000000000e+03,-1.906637201181715646e+00,2.721558821516126825e-01,1.666266647826896374e+00
9.287000000000000810e+00,1.625000000000000000e+03,1.800000000000000000e+03,-1.909421729346357344e+00,2.722218750805762699e-01,1.667647244358916314e+00
9.304000000000000270e+00,1.625000000000000000e+03,1.800000000000000000e+03,-1.913364388194023658e+00,2.713403583730347179e-01,1.668851673730098906e+00
9.321999999999999176e+00,1.625000000000000000e+03,1.800000000000000000e+03,-1.922879673554856339e+00,2.705915904114450932e-01,1.655874013983564819e+00
9.337999999999999190e+00,1.625000000000000000e+03,1.800000000000000000e+03,-1.922879673554856339e+00,2.705915904114450932e-01,1.655874013983564819e+00
9.355000000000000426e+00,1.625000000000000000e+03,1.800000000000000000e+03,-1.929211172630052706e+00,2.697678118012911685e-01,1.650401955393214548e+00
9.372999999999999332e+00,1.625000000000000000e+03,1.800000000000000000e+03,-1.931978478219161355e+00,2.693466413255460878e-01,1.643011203735158077e+00
9.390000000000000568e+00,1.625000000000000000e+03,1.800000000000000000e+03,-1.931978478219161355e+00,2.693466413255460878e-01,1.643011203735158077e+00
9.407999999999999474e+00,1.625000000000000000e+03,1.800000000000000000e+03,-1.935918285696087482e+00,2.684667467562783516e-01,1.653158573316981350e+00
9.426000000000000156e+00,1.625000000000000000e+03,1.800000000000000000e+03,-1.935918285696087482e+00,2.684667467562783516e-01,1.653158573316981350e+00
9.442999999999999616e+00,1.625000000000000000e+03,1.800000000000000000e+03,-1.938685026975616399e+00,2.680459370269812069e-01,1.654626567820314254e+00
9.460000000000000853e+00,1.625000000000000000e+03,1.800000000000000000e+03,-1.942224525865744233e+00,2.671572919063323059e-01,1.638959858072171372e+00
9.477000000000000313e+00,1.625000000000000000e+03,1.800000000000000000e+03,-1.945414703011633994e+00,2.672331620274985831e-01,1.640345127403305847e+00
9.493999999999999773e+00,1.625000000000000000e+03,1.800000000000000000e+03,-1.949325972624825321e+00,2.658678697909946376e-01,1.642140843956219287e+00
9.512000000000000455e+00,1.625000000000000000e+03,1.800000000000000000e+03,-1.951692693604715645e+00,2.654383032169640444e-01,1.634884022997173281e+00
9.528999999999999915e+00,1.625000000000000000e+03,1.800000000000000000e+03,-1.951692693604715645e+00,2.654383032169640444e-01,1.634884022997173281e+00
9.545999999999999375e+00,1.625000000000000000e+03,1.800000000000000000e+03,-1.968683135072963442e+00,2.629298467121027327e-01,1.634019595793267943e+00
9.563000000000000611e+00,1.625000000000000000e+03,1.800000000000000000e+03,-1.975011791574403652e+00,2.621105375723634667e-01,1.628601595155677817e+00
9.580999999999999517e+00,1.625000000000000000e+03,1.800000000000000000e+03,-1.975011791574403652e+00,2.621105375723634667e-01,1.628601595155677817e+00
9.598000000000000753e+00,1.625000000000000000e+03,1.800000000000000000e+03,-1.978608096959038276e+00,2.621962249083693575e-01,1.612276227986894739e+00
9.614000000000000767e+00,1.625000000000000000e+03,1.800000000000000000e+03,-1.978608096959038276e+00,2.621962249083693575e-01,1.612276227986894739e+00
9.631000000000000227e+00,1.625000000000000000e+03,1.800000000000000000e+03,-1.978608096959038276e+00,2.621962249083693575e-01,1.612276227986894739e+00
9.648999999999999133e+00,1.625000000000000000e+03,1.800000000000000000e+03,-1.981740362415882473e+00,2.613012782744695839e-01,1.614343197899620108e+00
9.666999999999999815e+00,1.625000000000000000e+03,1.800000000000000000e+03,-1.981740362415882473e+00,2.613012782744695839e-01,1.614343197899620108e+00
9.683999999999999275e+00,1.625000000000000000e+03,1.800000000000000000e+03,-1.988903922088975706e+00,2.609875082258860113e-01,1.608932983268340111e+00
9.701000000000000512e+00,1.625000000000000000e+03,1.800000000000000000e+03,-1.991669418885864129e+00,2.605689492831965159e-01,1.610321107898186721e+00
9.717999999999999972e+00,1.625000000000000000e+03,1.800000000000000000e+03,-1.994434812126056444e+00,2.601505125059476731e-01,1.620561530690917351e+00
9.734999999999999432e+00,1.625000000000000000e+03,1.800000000000000000e+03,-1.998364354120622854e+00,2.592757587697368526e-01,1.613028750286172874e+00
9.750999999999999446e+00,1.625000000000000000e+03,1.800000000000000000e+03,-2.001640899435710441e+00,2.603230228496520304e-01,1.597389255836433319e+00
9.768000000000000682e+00,1.625000000000000000e+03,1.800000000000000000e+03,-2.005971912414199476e+00,2.594577930920362041e-01,1.607601697235154337e+00
9.785999999999999588e+00,1.625000000000000000e+03,1.800000000000000000e+03,-2.005971912414199476e+00,2.594577930920362041e-01,1.607601697235154337e+00
9.803000000000000824e+00,1.625000000000000000e+03,1.800000000000000000e+03,-2.011983479642902140e+00,2.596021592324638805e-01,1.593338270008900492e+00
9.820000000000000284e+00,1.625000000000000000e+03,1.800000000000000000e+03,-2.011983479642902140e+00,2.596021592324638805e-01,1.593338270008900492e+00
9.836999999999999744e+00,1.625000000000000000e+03,1.800000000000000000e+03,-2.015191670362007859e+00,2.596793902103627927e-01,1.586502249754641936e+00
9.853999999999999204e+00,1.625000000000000000e+03,1.800000000000000000e+03,-2.018802566597729164e+00,2.597664706760417497e-01,1.587890020591299356e+00
9.871000000000000441e+00,1.625000000000000000e+03,1.800000000000000000e+03,-2.021930746395010914e+00,2.588726030500190234e-01,1.588067002364957236e+00
9.887999999999999901e+00,1.625000000000000000e+03,1.800000000000000000e+03,-2.025944983932951970e+00,2.589695023826394937e-01,1.581127673595534855e+00
9.904999999999999361e+00,1.625000000000000000e+03,1.800000000000000000e+03,-2.028799211076429021e+00,2.595233602421587182e-01,1.574886527370840117e+00
9.922000000000000597e+00,1.625000000000000000e+03,1.800000000000000000e+03,-2.038358101224627017e+00,2.587854681001579005e-01,1.579048117042416877e+00
9.939999999999999503e+00,1.625000000000000000e+03,1.800000000000000000e+03,-2.042023936687435537e+00,2.593596344365374229e-01,1.570813874098642371e+00
9.957000000000000739e+00,1.625000000000000000e+03,1.800000000000000000e+03,-2.046049181313212006e+00,2.594577981102539344e-01,1.563858132092986963e+00
9.974000000000000199e+00,1.625000000000000000e+03,1.800000000000000000e+03,-2.048868164497759103e+00,2.595266620454149686e-01,1.556204048496837355e+00
9.990999999999999659e+00,1.625000000000000000e+03,1.800000000000000000e+03,-2.052043248428588651e+00,2.591189624478140718e-01,1.557588521976348117e+00
1.000799999999999912e+01,1.625000000000000000e+03,1.800000000000000000e+03,-2.052043248428588651e+00,2.591189624478140718e-01,1.557588521976348117e+00
1.002500000000000036e+01,1.625000000000000000e+03,1.800000000000000000e+03,-2.068932097997134179e+00,2.590479235971278049e-01,1.538899650753699389e+00
1.004199999999999982e+01,1.625000000000000000e+03,1.800000000000000000e+03,-2.072566476855862927e+00,2.591374848587021384e-01,1.540280918783460962e+00
1.005899999999999928e+01,1.625000000000000000e+03,1.800000000000000000e+03,-2.072566476855862927e+00,2.591374848587021384e-01,1.540280918783460962e+00
1.007600000000000051e+01,1.625000000000000000e+03,1.800000000000000000e+03,-2.076202648702550224e+00,2.592272450107788728e-01,1.533302914816319307e+00
1.009299999999999997e+01,1.625000000000000000e+03,1.800000000000000000e+03,-2.079382519622983594e+00,2.588200233542213846e-01,1.532583078957016731e+00
1.010999999999999943e+01,1.625000000000000000e+03,1.800000000000000000e+03,-2.082966751102302005e+00,2.584229147260904691e-01,1.525504348457137116e+00
1.012700000000000067e+01,1.625000000000000000e+03,1.800000000000000000e+03,-2.086551235812102778e+00,2.580259350642836180e-01,1.526882314838239996e+00
1.014400000000000013e+01,1.625000000000000000e+03,1.800000000000000000e+03,-2.089438734296248157e+00,2.585831478635717273e-01,1.521401802995795638e+00
1.016099999999999959e+01,1.625000000000000000e+03,1.800000000000000000e+03,-2.092676856565650834e+00,2.586634963721242686e-01,1.522778683202939076e+00
1.017800000000000082e+01,1.625000000000000000e+03,1.800000000000000000e+03,-2.096726509079092970e+00,2.587641484459383134e-01,1.515787117960988750e+00
1.019500000000000028e+01,1.625000000000000000e+03,1.800000000000000000e+03,-2.100314825722552126e+00,2.583673832287753935e-01,1.506508852595457970e+00
1.021199999999999974e+01,1.625000000000000000e+03,1.800000000000000000e+03,-2.100314825722552126e+00,2.583673832287753935e-01,1.506508852595457970e+00
1.022899999999999920e+01,1.625000000000000000e+03,1.800000000000000000e+03,-2.100314825722552126e+00,2.583673832287753935e-01,1.506508852595457970e+00
1.024600000000000044e+01,1.625000000000000000e+03,1.800000000000000000e+03,-2.103903398141977910e+00,2.579707425991910608e-01,1.510166722889860313e+00
1.026299999999999990e+01,1.625000000000000000e+03,1.800000000000000000e+03,-2.107146529048966599e+00,2.580515331882291541e-01,1.511540199753166558e+00
1.028100000000000058e+01,1.625000000000000000e+03,1.800000000000000000e+03,-2.111141867602697619e+00,2.576651782974069826e-01,1.504540855886874695e+00
1.029800000000000004e+01,1.625000000000000000e+03,1.800000000000000000e+03,-2.111141867602697619e+00,2.576651782974069826e-01,1.504540855886874695e+00
1.031499999999999950e+01,1.625000000000000000e+03,1.800000000000000000e+03,-2.117104909210327790e+00,2.568422401765783070e-01,1.489857308315554851e+00
1.033200000000000074e+01,1.625000000000000000e+03,1.800000000000000000e+03,-2.120757794187945411e+00,2.569334211018242664e-01,1.491223462222760920e+00
1.034900000000000020e+01,1.625000000000000000e+03,1.800000000000000000e+03,-2.124412489460292264e+00,2.570247899277041670e-01,1.481586797705736425e+00
1.036599999999999966e+01,1.625000000000000000e+03,1.800000000000000000e+03,-2.127940665956274735e+00,2.561413969045363004e-01,1.485586017844512385e+00
1.038299999999999912e+01,1.625000000000000000e+03,1.800000000000000000e+03,-2.127940665956274735e+00,2.561413969045363004e-01,1.485586017844512385e+00
1.040000000000000036e+01,1.625000000000000000e+03,1.800000000000000000e+03,-2.138849848386909169e+00,2.559287619117421864e-01,1.481306162175660690e+00
1.041799999999999926e+01,1.625000000000000000e+03,1.800000000000000000e+03,-2.138849848386909169e+00,2.559287619117421864e-01,1.481306162175660690e+00
1.043399999999999928e+01,1.625000000000000000e+03,1.800000000000000000e+03,-2.142443996942783091e+00,2.555331274849953482e-01,1.474298303973784918e+00
1.045199999999999996e+01,1.625000000000000000e+03,1.800000000000000000e+03,-2.145292399641911096e+00,2.556046037412567085e-01,1.466614452556885162e+00
1.046899999999999942e+01,1.625000000000000000e+03,1.800000000000000000e+03,-2.149294737869752669e+00,2.552193369993315253e-01,1.459612699221892518e+00
1.048600000000000065e+01,1.625000000000000000e+03,1.800000000000000000e+03,-2.156486219522375070e+00,2.544286890529470213e-01,1.453963166074993874e+00
1.050399999999999956e+01,1.625000000000000000e+03,1.800000000000000000e+03,-2.156486219522375070e+00,2.544286890529470213e-01,1.453963166074993874e+00
1.052100000000000080e+01,1.625000000000000000e+03,1.800000000000000000e+03,-2.156486219522375070e+00,2.544286890529470213e-01,1.453963166074993874e+00
1.053899999999999970e+01,1.625000000000000000e+03,1.800000000000000000e+03,-2.174283837836035183e+00,2.539054847601052156e-01,1.443998678512987466e+00
1.055499999999999972e+01,1.625000000000000000e+03,1.800000000000000000e+03,-2.174283837836035183e+00,2.539054847601052156e-01,1.443998678512987466e+00
1.057300000000000040e+01,1.625000000000000000e+03,1.800000000000000000e+03,-2.174283837836035183e+00,2.539054847601052156e-01,1.443998678512987466e+00
1.060399999999999920e+01,1.625000000000000000e+03,1.800000000000000000e+03,-2.174283837836035183e+00,2.539054847601052156e-01,1.443998678512987466e+00
1.062299999999999933e+01,1.625000000000000000e+03,1.800000000000000000e+03,-2.174283837836035183e+00,2.539054847601052156e-01,1.443998678512987466e+00
1.064000000000000057e+01,1.625000000000000000e+03,1.800000000000000000e+03,-2.174283837836035183e+00,2.539054847601052156e-01,1.443998678512987466e+00
1.065700000000000003e+01,1.625000000000000000e+03,1.800000000000000000e+03,-2.177808763919532264e+00,2.530232025870247092e-01,1.445342335618168716e+00
1.067600000000000016e+01,1.625000000000000000e+03,1.800000000000000000e+03,-2.195225772155390054e+00,2.524918364544866956e-01,1.426341949290917510e+00
1.069699999999999918e+01,1.625000000000000000e+03,1.800000000000000000e+03,-2.202671910079083695e+00,2.531662893982447038e-01,1.417094117734794656e+00
1.071400000000000041e+01,1.625000000000000000e+03,1.800000000000000000e+03,-2.202671910079083695e+00,2.531662893982447038e-01,1.417094117734794656e+00
1.073099999999999987e+01,1.625000000000000000e+03,1.800000000000000000e+03,-2.205948795479852897e+00,2.532495098539101486e-01,1.418420910067949459e+00
1.074799999999999933e+01,1.625000000000000000e+03,1.800000000000000000e+03,-2.209718740666412273e+00,2.538317184651924796e-01,1.406352761109383787e+00
1.076600000000000001e+01,1.625000000000000000e+03,1.800000000000000000e+03,-2.209718740666412273e+00,2.538317184651924796e-01,1.406352761109383787e+00
1.078299999999999947e+01,1.625000000000000000e+03,1.800000000000000000e+03,-2.212999483654860544e+00,2.539153332214845182e-01,1.407672472510319128e+00
1.080100000000000016e+01,1.625000000000000000e+03,1.800000000000000000e+03,-2.216775326865558782e+00,2.544984613508768367e-01,1.405246491088493199e+00
1.081700000000000017e+01,1.625000000000000000e+03,1.800000000000000000e+03,-2.223841705947160907e+00,2.551665118144369471e-01,1.394716163354527083e+00
1.083500000000000085e+01,1.625000000000000000e+03,1.800000000000000000e+03,-2.223841705947160907e+00,2.551665118144369471e-01,1.394716163354527083e+00
1.085200000000000031e+01,1.625000000000000000e+03,1.800000000000000000e+03,-2.227952572050720281e+00,2.552720217899379085e-01,1.383780491458506567e+00
1.086899999999999977e+01,1.625000000000000000e+03,1.800000000000000000e+03,-2.237916092762055609e+00,2.560161556127206195e-01,1.383620856794429699e+00
1.088599999999999923e+01,1.625000000000000000e+03,1.800000000000000000e+03,-2.241712482452869803e+00,2.566023187638772907e-01,1.372034571832578598e+00
1.090300000000000047e+01,1.625000000000000000e+03,1.800000000000000000e+03,-2.241712482452869803e+00,2.566023187638772907e-01,1.372034571832578598e+00
1.091999999999999993e+01,1.625000000000000000e+03,1.800000000000000000e+03,-2.245099993316376885e+00,2.571784438292985531e-01,1.369100834303639935e+00
1.093699999999999939e+01,1.625000000000000000e+03,1.800000000000000000e+03,-2.245099993316376885e+00,2.571784438292985531e-01,1.369100834303639935e+00
1.095400000000000063e+01,1.625000000000000000e+03,1.800000000000000000e+03,-2.249225577945311194e+00,2.572853772451133558e-01,1.362013580661192158e+00
1.097100000000000009e+01,1.625000000000000000e+03,1.800000000000000000e+03,-2.256015211298730616e+00,2.584399873576344042e-01,1.355942265014608239e+00
1.098799999999999955e+01,1.625000000000000000e+03,1.800000000000000000e+03,-2.256015211298730616e+00,2.584399873576344042e-01,1.355942265014608239e+00
1.100500000000000078e+01,1.625000000000000000e+03,1.800000000000000000e+03,-2.259735337343657502e+00,2.585369260492882404e-01,1.357222461366202060e+00
1.102200000000000024e+01,1.625000000000000000e+03,1.800000000000000000e+03,-2.281242650922072901e+00,2.610616008492473439e-01,1.330083447197775159e+00
1.103899999999999970e+01,1.625000000000000000e+03,1.800000000000000000e+03,-2.284979119521758140e+00,2.611600418046884364e-01,1.331339487943303590e+00
1.105700000000000038e+01,1.625000000000000000e+03,1.800000000000000000e+03,-2.284979119521758140e+00,2.611600418046884364e-01,1.331339487943303590e+00
1.107399999999999984e+01,1.625000000000000000e+03,1.800000000000000000e+03,-2.291826301147527722e+00,2.623238331082614616e-01,1.316743368558060290e+00
1.109099999999999930e+01,1.625000000000000000e+03,1.800000000000000000e+03,-2.295569946045796783e+00,2.624229324592073365e-01,1.317986406329871851e+00
1.110899999999999999e+01,1.625000000000000000e+03,1.800000000000000000e+03,-2.299417136931515060e+00,2.630170065964733128e-01,1.305685477918643755e+00
1.112599999999999945e+01,1.625000000000000000e+03,1.800000000000000000e+03,-2.299417136931515060e+00,2.630170065964733128e-01,1.305685477918643755e+00
1.114300000000000068e+01,1.625000000000000000e+03,1.800000000000000000e+03,-2.303165624126008559e+00,2.631165083976401142e-01,1.306917398026984367e+00
1.116000000000000014e+01,1.625000000000000000e+03,1.800000000000000000e+03,-2.307019363308596915e+00,2.637114936081907945e-01,1.313706408225567834e+00
1.117699999999999960e+01,1.625000000000000000e+03,1.800000000000000000e+03,-2.310459593082752949e+00,2.642959920592489187e-01,1.292294051083452855e+00
1.119400000000000084e+01,1.625000000000000000e+03,1.800000000000000000e+03,-2.313693411355118634e+00,2.638891748866272202e-01,1.293511825105456259e+00
1.121100000000000030e+01,1.625000000000000000e+03,1.800000000000000000e+03,-2.317450396300332560e+00,2.639892877101968072e-01,1.294729938165288585e+00
1.122799999999999976e+01,1.625000000000000000e+03,1.800000000000000000e+03,-2.321627227617732103e+00,2.641006625817678977e-01,1.282056318551634044e+00
1.124499999999999922e+01,1.625000000000000000e+03,1.800000000000000000e+03,-2.321627227617732103e+00,2.641006625817678977e-01,1.282056318551634044e+00
1.126200000000000045e+01,1.625000000000000000e+03,1.800000000000000000e+03,-2.321627227617732103e+00,2.641006625817678977e-01,1.282056318551634044e+00
1.127899999999999991e+01,1.625000000000000000e+03,1.800000000000000000e+03,-2.325388547418109297e+00,2.642010225521906897e-01,1.283262038225004842e+00
1.129599999999999937e+01,1.625000000000000000e+03,1.800000000000000000e+03,-2.328423406360291992e+00,2.647755838169214559e-01,1.281392592283062681e+00
1.131300000000000061e+01,1.625000000000000000e+03,1.800000000000000000e+03,-2.332189232467196671e+00,2.648762968535894879e-01,1.282596270314664944e+00
1.133000000000000007e+01,1.625000000000000000e+03,1.800000000000000000e+03,-2.332189232467196671e+00,2.648762968535894879e-01,1.282596270314664944e+00
1.134699999999999953e+01,1.625000000000000000e+03,1.800000000000000000e+03,-2.343721934778389304e+00,2.661738030941109834e-01,1.278265505023149506e+00
1.136400000000000077e+01,1.625000000000000000e+03,1.800000000000000000e+03,-2.348029821682132479e+00,2.667843798548220624e-01,1.265401946050100701e+00
1.138100000000000023e+01,1.625000000000000000e+03,1.800000000000000000e+03,-2.348029821682132479e+00,2.667843798548220624e-01,1.265401946050100701e+00
1.139899999999999913e+01,1.625000000000000000e+03,1.800000000000000000e+03,-2.355169807883145339e+00,2.669766050257142975e-01,1.267768936774961608e+00
1.141600000000000037e+01,1.625000000000000000e+03,1.800000000000000000e+03,-2.355169807883145339e+00,2.669766050257142975e-01,1.267768936774961608e+00
1.143299999999999983e+01,1.625000000000000000e+03,1.800000000000000000e+03,-2.359067694889450006e+00,2.675770222755041727e-01,1.257907441164505924e+00
1.144999999999999929e+01,1.625000000000000000e+03,1.800000000000000000e+03,-2.366641952250518877e+00,2.677814500946270604e-01,1.246055902236262503e+00
1.146799999999999997e+01,1.625000000000000000e+03,1.800000000000000000e+03,-2.366641952250518877e+00,2.677814500946270604e-01,1.246055902236262503e+00
1.148499999999999943e+01,1.625000000000000000e+03,1.800000000000000000e+03,-2.370011061866472701e+00,2.678724299264084729e-01,1.247214476081140111e+00
1.150200000000000067e+01,1.625000000000000000e+03,1.800000000000000000e+03,-2.370011061866472701e+00,2.678724299264084729e-01,1.247214476081140111e+00
1.151999999999999957e+01,1.625000000000000000e+03,1.800000000000000000e+03,-2.370011061866472701e+00,2.678724299264084729e-01,1.247214476081140111e+00
1.153700000000000081e+01,1.625000000000000000e+03,1.800000000000000000e+03,-2.392140561109417529e+00,2.709565189708914579e-01,1.222791773051174813e+00
1.155400000000000027e+01,1.625000000000000000e+03,1.800000000000000000e+03,-2.392140561109417529e+00,2.709565189708914579e-01,1.222791773051174813e+00
1.157099999999999973e+01,1.625000000000000000e+03,1.800000000000000000e+03,-2.400008922648662502e+00,2.721671527000038004e-01,1.217238316402950993e+00
1.158799999999999919e+01,1.625000000000000000e+03,1.800000000000000000e+03,-2.403824137412647666e+00,2.722713457363581391e-01,1.218355941721929847e+00
1.160500000000000043e+01,1.625000000000000000e+03,1.800000000000000000e+03,-2.407641621286014111e+00,2.723756163676226416e-01,1.219473428599360698e+00
1.162199999999999989e+01,1.625000000000000000e+03,1.800000000000000000e+03,-2.411290054745402145e+00,2.734732742956763607e-01,1.214129896988615620e+00
1.164000000000000057e+01,1.625000000000000000e+03,1.800000000000000000e+03,-2.415241091586243449e+00,2.740809468684130001e-01,1.205133910226555027e+00
1.165700000000000003e+01,1.625000000000000000e+03,1.800000000000000000e+03,-2.415241091586243449e+00,2.740809468684130001e-01,1.205133910226555027e+00
1.167399999999999949e+01,1.625000000000000000e+03,1.800000000000000000e+03,-2.418770799900647361e+00,2.746775466858173420e-01,1.199649391324744130e+00
1.169100000000000072e+01,1.625000000000000000e+03,1.800000000000000000e+03,-2.422600369312615687e+00,2.747827324037406260e-01,1.200740693178851126e+00
1.170800000000000018e+01,1.625000000000000000e+03,1.800000000000000000e+03,-2.425840437343391720e+00,2.758724264176054541e-01,1.193526149132749570e+00
1.172499999999999964e+01,1.625000000000000000e+03,1.800000000000000000e+03,-2.429675865283767777e+00,2.759780554219511961e-01,1.194608042731533981e+00
1.174200000000000088e+01,1.625000000000000000e+03,1.800000000000000000e+03,-2.433350478774021663e+00,2.770813270223243530e-01,1.188906557848033341e+00
1.175999999999999979e+01,1.625000000000000000e+03,1.800000000000000000e+03,-2.436897649813371203e+00,2.776807494748453342e-01,1.188501198245414781e+00
1.177699999999999925e+01,1.625000000000000000e+03,1.800000000000000000e+03,-2.436897649813371203e+00,2.776807494748453342e-01,1.188501198245414781e+00
1.179400000000000048e+01,1.625000000000000000e+03,1.800000000000000000e+03,-2.440448284979257476e+00,2.782807308249533040e-01,1.182726998480098102e+00
1.181099999999999994e+01,1.625000000000000000e+03,1.800000000000000000e+03,-2.440448284979257476e+00,2.782807308249533040e-01,1.182726998480098102e+00
1.182799999999999940e+01,1.625000000000000000e+03,1.800000000000000000e+03,-2.444992299355420062e+00,2.794111067278837179e-01,1.168500738929472815e+00
1.184500000000000064e+01,1.625000000000000000e+03,1.800000000000000000e+03,-2.452250141501268743e+00,2.811217706740996025e-01,1.162314487594527268e+00
1.186299999999999955e+01,1.625000000000000000e+03,1.800000000000000000e+03,-2.452250141501268743e+00,2.811217706740996025e-01,1.162314487594527268e+00
1.188100000000000023e+01,1.625000000000000000e+03,1.800000000000000000e+03,-2.459387572997168370e+00,2.823283267570435573e-01,1.156156021591116634e+00
1.189799999999999969e+01,1.625000000000000000e+03,1.800000000000000000e+03,-2.459387572997168370e+00,2.823283267570435573e-01,1.156156021591116634e+00
1.191399999999999970e+01,1.625000000000000000e+03,1.800000000000000000e+03,-2.463100303573403149e+00,2.834408508922422465e-01,1.149893678347165160e+00
1.193099999999999916e+01,1.625000000000000000e+03,1.800000000000000000e+03,-2.463100303573403149e+00,2.834408508922422465e-01,1.149893678347165160e+00
1.194800000000000040e+01,1.625000000000000000e+03,1.800000000000000000e+03,-2.473839275029960927e+00,2.867754098897705717e-01,1.136527683268056199e+00
1.196499999999999986e+01,1.625000000000000000e+03,1.800000000000000000e+03,-2.473839275029960927e+00,2.867754098897705717e-01,1.136527683268056199e+00
1.198300000000000054e+01,1.625000000000000000e+03,1.800000000000000000e+03,-2.473839275029960927e+00,2.867754098897705717e-01,1.136527683268056199e+00
1.200000000000000000e+01,1.625000000000000000e+03,1.800000000000000000e+03,-2.477719789388108662e+00,2.868848445036537020e-01,1.137522032813890860e+00
1.201699999999999946e+01,1.625000000000000000e+03,1.800000000000000000e+03,-2.481457357976192046e+00,2.880038107834439476e-01,1.130973641043676370e+00
1.203500000000000014e+01,1.625000000000000000e+03,1.800000000000000000e+03,-2.507187966522481659e+00,2.953520378876713925e-01,1.106080360432482479e+00
1.205199999999999960e+01,1.625000000000000000e+03,1.800000000000000000e+03,-2.507187966522481659e+00,2.953520378876713925e-01,1.106080360432482479e+00
1.206900000000000084e+01,1.625000000000000000e+03,1.800000000000000000e+03,-2.511118117068686484e+00,2.969984519450931115e-01,1.099027533008012147e+00
1.208600000000000030e+01,1.625000000000000000e+03,1.800000000000000000e+03,-2.514904434277910994e+00,2.981312839804483028e-01,1.091861119278986658e+00
1.210299999999999976e+01,1.625000000000000000e+03,1.800000000000000000e+03,-2.514904434277910994e+00,2.981312839804483028e-01,1.091861119278986658e+00
1.211999999999999922e+01,1.625000000000000000e+03,1.800000000000000000e+03,-2.518392063179100138e+00,2.982319662245499492e-01,1.092778420940442974e+00
1.213700000000000045e+01,1.625000000000000000e+03,1.800000000000000000e+03,-2.518392063179100138e+00,2.982319662245499492e-01,1.092778420940442974e+00
1.215600000000000058e+01,1.625000000000000000e+03,1.800000000000000000e+03,-2.522187686275978891e+00,2.993666976345267239e-01,1.085502759180938526e+00
1.217300000000000004e+01,1.625000000000000000e+03,1.800000000000000000e+03,-2.525551915058925179e+00,3.004903218060414050e-01,1.078328020579890856e+00
1.218999999999999950e+01,1.625000000000000000e+03,1.800000000000000000e+03,-2.536831504275562921e+00,3.033889307411169467e-01,1.064541233079306926e+00
1.220700000000000074e+01,1.625000000000000000e+03,1.800000000000000000e+03,-2.540372680072723099e+00,3.050381997887928742e-01,1.057418110359856112e+00
1.222400000000000020e+01,1.625000000000000000e+03,1.800000000000000000e+03,-2.540372680072723099e+00,3.050381997887928742e-01,1.057418110359856112e+00
1.224200000000000088e+01,1.625000000000000000e+03,1.800000000000000000e+03,-2.547876461660091518e+00,3.068065350094145716e-01,1.051197216223643816e+00
1.225999999999999979e+01,1.625000000000000000e+03,1.800000000000000000e+03,-2.547876461660091518e+00,3.068065350094145716e-01,1.051197216223643816e+00
1.227699999999999925e+01,1.625000000000000000e+03,1.800000000000000000e+03,-2.551715722229675798e+00,3.079531631941075931e-01,1.043378503946033486e+00
1.229400000000000048e+01,1.625000000000000000e+03,1.800000000000000000e+03,-2.551715722229675798e+00,3.079531631941075931e-01,1.043378503946033486e+00
1.231099999999999994e+01,1.625000000000000000e+03,1.800000000000000000e+03,-2.555399602157015337e+00,3.085789547385370257e-01,1.045008562137231589e+00
1.232799999999999940e+01,1.625000000000000000e+03,1.800000000000000000e+03,-2.559249522823393352e+00,3.097281392229330743e-01,1.037132528810867260e+00
1.234500000000000064e+01,1.625000000000000000e+03,1.800000000000000000e+03,-2.563105286343873690e+00,3.108789186857475739e-01,1.030113507249449611e+00
1.236400000000000077e+01,1.625000000000000000e+03,1.800000000000000000e+03,-2.566966918095277439e+00,3.120312967223094480e-01,1.030919646520647603e+00
1.238199999999999967e+01,1.625000000000000000e+03,1.800000000000000000e+03,-2.570669503800705691e+00,3.126605706734112422e-01,1.022823191683119859e+00
1.239899999999999913e+01,1.625000000000000000e+03,1.800000000000000000e+03,-2.573933309935379832e+00,3.132772767636179401e-01,1.032699116357582492e+00
1.241600000000000037e+01,1.625000000000000000e+03,1.800000000000000000e+03,-2.573933309935379832e+00,3.132772767636179401e-01,1.032699116357582492e+00
1.243299999999999983e+01,1.625000000000000000e+03,1.800000000000000000e+03,-2.581693179158520035e+00,3.155906602088905943e-01,1.009622813413702191e+00
1.245100000000000051e+01,1.625000000000000000e+03,1.800000000000000000e+03,-2.581693179158520035e+00,3.155906602088905943e-01,1.009622813413702191e+00
1.246799999999999997e+01,1.625000000000000000e+03,1.800000000000000000e+03,-2.585413524515049133e+00,3.162230183307640496e-01,1.018329068126164305e+00
1.248499999999999943e+01,1.625000000000000000e+03,1.800000000000000000e+03,-2.593037030227234752e+00,3.180170279888389073e-01,1.012108811864377955e+00
1.250200000000000067e+01,1.625000000000000000e+03,1.800000000000000000e+03,-2.593037030227234752e+00,3.180170279888389073e-01,1.012108811864377955e+00
1.251900000000000013e+01,1.625000000000000000e+03,1.800000000000000000e+03,-2.596667778428630058e+00,3.196947758722198385e-01,1.005172542234080924e+00
1.253599999999999959e+01,1.625000000000000000e+03,1.800000000000000000e+03,-2.615214851121020700e+00,3.249769467355186903e-01,9.746649193122256527e-01
1.255300000000000082e+01,1.625000000000000000e+03,1.800000000000000000e+03,-2.619155343767764155e+00,3.261493298615359970e-01,9.759376688106702336e-01
1.257000000000000028e+01,1.625000000000000000e+03,1.800000000000000000e+03,-2.619155343767764155e+00,3.261493298615359970e-01,9.759376688106702336e-01
1.258699999999999974e+01,1.625000000000000000e+03,1.800000000000000000e+03,-2.623551352468359799e+00,3.273370279384283377e-01,9.766294163374626969e-01
1.260399999999999920e+01,1.625000000000000000e+03,1.800000000000000000e+03,-2.626426525138173762e+00,3.279520597237092217e-01,9.596340979333685128e-01
1.262100000000000044e+01,1.625000000000000000e+03,1.800000000000000000e+03,-2.630384346705362031e+00,3.291287097195109146e-01,9.608761360637795290e-01
1.263799999999999990e+01,1.625000000000000000e+03,1.800000000000000000e+03,-2.630384346705362031e+00,3.291287097195109146e-01,9.608761360637795290e-01
1.265499999999999936e+01,1.625000000000000000e+03,1.800000000000000000e+03,-2.637416633817783129e+00,3.314593622221312375e-01,9.467128116439846863e-01
1.267300000000000004e+01,1.625000000000000000e+03,1.800000000000000000e+03,-2.641123380759391459e+00,3.331629028592931752e-01,9.556052137199049223e-01
1.268900000000000006e+01,1.625000000000000000e+03,1.800000000000000000e+03,-2.641123380759391459e+00,3.331629028592931752e-01,9.556052137199049223e-01
1.270599999999999952e+01,1.625000000000000000e+03,1.800000000000000000e+03,-2.641123380759391459e+00,3.331629028592931752e-01,9.556052137199049223e-01
1.272400000000000020e+01,1.625000000000000000e+03,1.800000000000000000e+03,-2.644470322785798189e+00,3.337963419304698087e-01,9.384829992293186596e-01
1.274200000000000088e+01,1.625000000000000000e+03,1.800000000000000000e+03,-2.660193092366342604e+00,3.390707971109346852e-01,9.238958238934882328e-01
1.275900000000000034e+01,1.625000000000000000e+03,1.800000000000000000e+03,-2.660193092366342604e+00,3.390707971109346852e-01,9.238958238934882328e-01
1.277599999999999980e+01,1.625000000000000000e+03,1.800000000000000000e+03,-2.663297349087949684e+00,3.402346991054682190e-01,9.350202686973831945e-01
1.279299999999999926e+01,1.625000000000000000e+03,1.800000000000000000e+03,-2.666595341643070327e+00,3.419407340336532153e-01,9.073785770191855615e-01
1.281099999999999994e+01,1.625000000000000000e+03,1.800000000000000000e+03,-2.670811993751298630e+00,3.436783800953108203e-01,9.186217304272700224e-01
1.282799999999999940e+01,1.625000000000000000e+03,1.800000000000000000e+03,-2.670811993751298630e+00,3.436783800953108203e-01,9.186217304272700224e-01
1.284500000000000064e+01,1.625000000000000000e+03,1.800000000000000000e+03,-2.670811993751298630e+00,3.436783800953108203e-01,9.186217304272700224e-01
1.286200000000000010e+01,1.625000000000000000e+03,1.800000000000000000e+03,-2.677972082649570762e+00,3.460483487666018432e-01,9.099160873770573144e-01
1.288000000000000078e+01,1.625000000000000000e+03,1.800000000000000000e+03,-2.681947137526545788e+00,3.483234989749662835e-01,9.032243633393408633e-01
1.289700000000000024e+01,1.625000000000000000e+03,1.800000000000000000e+03,-2.688685747551742278e+00,3.506913494889064564e-01,8.943050342300739031e-01
1.291300000000000026e+01,1.625000000000000000e+03,1.800000000000000000e+03,-2.688685747551742278e+00,3.506913494889064564e-01,8.943050342300739031e-01
1.292999999999999972e+01,1.625000000000000000e+03,1.800000000000000000e+03,-2.692685027514507556e+00,3.529776052762932936e-01,8.876543068362209299e-01
1.294800000000000040e+01,1.625000000000000000e+03,1.800000000000000000e+03,-2.692685027514507556e+00,3.529776052762932936e-01,8.876543068362209299e-01
1.296499999999999986e+01,1.625000000000000000e+03,1.800000000000000000e+03,-2.695642069679648145e+00,3.536124413541043010e-01,8.804990868158097950e-01
1.298199999999999932e+01,1.625000000000000000e+03,1.800000000000000000e+03,-2.700118093688095300e+00,3.559205281605536397e-01,8.785235578336538786e-01
1.299900000000000055e+01,1.625000000000000000e+03,1.800000000000000000e+03,-2.725521046054590890e+00,3.665432416074748678e-01,8.394144392306215341e-01
1.301600000000000001e+01,1.625000000000000000e+03,1.800000000000000000e+03,-2.729398529554406316e+00,3.683129516171120832e-01,8.401751394750631707e-01
1.303299999999999947e+01,1.625000000000000000e+03,1.800000000000000000e+03,-2.733491561409612469e+00,3.706418129649767801e-01,8.411385932275282640e-01
1.305000000000000071e+01,1.625000000000000000e+03,1.800000000000000000e+03,-2.736034784063596792e+00,3.712750457975323437e-01,8.304179376106735067e-01
1.306700000000000017e+01,1.625000000000000000e+03,1.800000000000000000e+03,-2.736034784063596792e+00,3.712750457975323437e-01,8.304179376106735067e-01
1.308399999999999963e+01,1.625000000000000000e+03,1.800000000000000000e+03,-2.740611609919542779e+00,3.736266474557304873e-01,8.239625794727470920e-01
1.310200000000000031e+01,1.625000000000000000e+03,1.800000000000000000e+03,-2.743841841033336504e+00,3.748357731666028814e-01,8.131065106196725401e-01
1.311899999999999977e+01,1.625000000000000000e+03,1.800000000000000000e+03,-2.747969227657098390e+00,3.771805006472405131e-01,8.140074532076678748e-01
1.313599999999999923e+01,1.625000000000000000e+03,1.800000000000000000e+03,-2.747969227657098390e+00,3.771805006472405131e-01,8.140074532076678748e-01
1.315300000000000047e+01,1.625000000000000000e+03,1.800000000000000000e+03,-2.747969227657098390e+00,3.771805006472405131e-01,8.140074532076678748e-01
1.316999999999999993e+01,1.625000000000000000e+03,1.800000000000000000e+03,-2.754716800195919468e+00,3.790649251403314102e-01,8.077818116026714845e-01
1.318699999999999939e+01,1.625000000000000000e+03,1.800000000000000000e+03,-2.757926624690313133e+00,3.813884725044559554e-01,8.084941412168770158e-01
1.320400000000000063e+01,1.625000000000000000e+03,1.800000000000000000e+03,-2.762129208617265075e+00,3.826398099378972573e-01,7.904434204029071598e-01
1.322100000000000009e+01,1.625000000000000000e+03,1.800000000000000000e+03,-2.762129208617265075e+00,3.826398099378972573e-01,7.904434204029071598e-01
1.323799999999999955e+01,1.625000000000000000e+03,1.800000000000000000e+03,-2.765394297249915923e+00,3.838610683872217821e-01,7.983192233870631815e-01
1.325500000000000078e+01,1.625000000000000000e+03,1.800000000000000000e+03,-2.769099262595198230e+00,3.862120740770472738e-01,7.919716081243628469e-01
1.327200000000000024e+01,1.625000000000000000e+03,1.800000000000000000e+03,-2.772594951423642762e+00,3.880031677894787423e-01,7.807951701096924602e-01
1.328899999999999970e+01,1.625000000000000000e+03,1.800000000000000000e+03,-2.777047232062833881e+00,3.898300977205436668e-01,7.745307966372736441e-01
1.330599999999999916e+01,1.625000000000000000e+03,1.800000000000000000e+03,-2.780083201318316544e+00,3.916116777826540440e-01,7.822778865098514167e-01
1.332399999999999984e+01,1.625000000000000000e+03,1.800000000000000000e+03,-2.780083201318316544e+00,3.916116777826540440e-01,7.822778865098514167e-01
1.334099999999999930e+01,1.625000000000000000e+03,1.800000000000000000e+03,-2.787380439666758747e+00,3.946649555456914760e-01,7.646564566333282631e-01
1.335800000000000054e+01,1.625000000000000000e+03,1.800000000000000000e+03,-2.787380439666758747e+00,3.946649555456914760e-01,7.646564566333282631e-01
1.337599999999999945e+01,1.625000000000000000e+03,1.800000000000000000e+03,-2.787380439666758747e+00,3.946649555456914760e-01,7.646564566333282631e-01
1.339300000000000068e+01,1.625000000000000000e+03,1.800000000000000000e+03,-2.790658830090571918e+00,3.970253311601773527e-01,7.653009741142116074e-01
1.341000000000000014e+01,1.625000000000000000e+03,1.800000000000000000e+03,-2.793524926246345963e+00,3.971248805977082297e-01,7.585702018304366634e-01
1.342800000000000082e+01,1.625000000000000000e+03,1.800000000000000000e+03,-2.801805898826486896e+00,4.013577537721012556e-01,7.599492029103550594e-01
1.344500000000000028e+01,1.625000000000000000e+03,1.800000000000000000e+03,-2.801805898826486896e+00,4.013577537721012556e-01,7.599492029103550594e-01
1.346199999999999974e+01,1.625000000000000000e+03,1.800000000000000000e+03,-2.801805898826486896e+00,4.013577537721012556e-01,7.599492029103550594e-01
1.348000000000000043e+01,1.625000000000000000e+03,1.800000000000000000e+03,-2.808455138272113238e+00,4.049837805308548200e-01,7.423154040760288064e-01
1.349699999999999989e+01,1.625000000000000000e+03,1.800000000000000000e+03,-2.808455138272113238e+00,4.049837805308548200e-01,7.423154040760288064e-01
1.351399999999999935e+01,1.625000000000000000e+03,1.800000000000000000e+03,-2.812030736727637148e+00,4.068103528252081658e-01,7.429198839555956058e-01
1.353100000000000058e+01,1.625000000000000000e+03,1.800000000000000000e+03,-2.815131550219958534e+00,4.086232419068419608e-01,7.313140692111956831e-01
1.354800000000000004e+01,1.625000000000000000e+03,1.800000000000000000e+03,-2.833394138512296934e+00,4.184066610558955235e-01,7.152992612957764784e-01
1.356499999999999950e+01,1.625000000000000000e+03,1.800000000000000000e+03,-2.840671659565881413e+00,4.209655162407480722e-01,6.974559180502766242e-01
1.358300000000000018e+01,1.625000000000000000e+03,1.800000000000000000e+03,-2.840671659565881413e+00,4.209655162407480722e-01,6.974559180502766242e-01
1.359999999999999964e+01,1.625000000000000000e+03,1.800000000000000000e+03,-2.845043253898735358e+00,4.234246961950450805e-01,6.980332379104962071e-01
1.361700000000000088e+01,1.625000000000000000e+03,1.800000000000000000e+03,-2.845043253898735358e+00,4.234246961950450805e-01,6.980332379104962071e-01
1.363400000000000034e+01,1.625000000000000000e+03,1.800000000000000000e+03,-2.852358112743116791e+00,4.271520590441059140e-01,6.865590995321786405e-01
1.365099999999999980e+01,1.625000000000000000e+03,1.800000000000000000e+03,-2.855779711140201904e+00,4.295903993727389070e-01,6.870649122616856452e-01
1.366900000000000048e+01,1.625000000000000000e+03,1.800000000000000000e+03,-2.860196405738075320e+00,4.309121464353334874e-01,6.996886660046246487e-01
1.368599999999999994e+01,1.625000000000000000e+03,1.800000000000000000e+03,-2.863143182599405812e+00,4.333413377208698014e-01,6.881056786338434206e-01
1.370299999999999940e+01,1.625000000000000000e+03,1.800000000000000000e+03,-2.873257811529521533e+00,4.377918396514747235e-01,6.637616631780627330e-01
1.372000000000000064e+01,1.625000000000000000e+03,1.800000000000000000e+03,-2.873257811529521533e+00,4.377918396514747235e-01,6.637616631780627330e-01
1.373700000000000010e+01,1.625000000000000000e+03,1.800000000000000000e+03,-2.873257811529521533e+00,4.377918396514747235e-01,6.637616631780627330e-01
1.375399999999999956e+01,1.625000000000000000e+03,1.800000000000000000e+03,-2.881197969751856824e+00,4.427641456563456979e-01,6.709975690474060395e-01
1.377100000000000080e+01,1.625000000000000000e+03,1.800000000000000000e+03,-2.884686897012814555e+00,4.452404062541696073e-01,6.651480467722146184e-01
1.378800000000000026e+01,1.625000000000000000e+03,1.800000000000000000e+03,-2.888429750270997687e+00,4.471444968863186320e-01,6.656029464011848917e-01
1.380499999999999972e+01,1.625000000000000000e+03,1.800000000000000000e+03,-2.891174343925171808e+00,4.478375505481592134e-01,6.533451481372273273e-01
1.382199999999999918e+01,1.625000000000000000e+03,1.800000000000000000e+03,-2.891174343925171808e+00,4.478375505481592134e-01,6.533451481372273273e-01
1.383999999999999986e+01,1.625000000000000000e+03,1.800000000000000000e+03,-2.894941558651377811e+00,4.509253239943672442e-01,6.414170040936630901e-01
1.385699999999999932e+01,1.625000000000000000e+03,1.800000000000000000e+03,-2.894941558651377811e+00,4.509253239943672442e-01,6.414170040936630901e-01
1.387400000000000055e+01,1.625000000000000000e+03,1.800000000000000000e+03,-2.898964399991577956e+00,4.534408621890296809e-01,6.418329107152338509e-01
1.389100000000000001e+01,1.625000000000000000e+03,1.800000000000000000e+03,-2.902239345018884809e+00,4.553413983901380968e-01,6.293492992138902675e-01
1.390799999999999947e+01,1.625000000000000000e+03,1.800000000000000000e+03,-2.905521251643226499e+00,4.572455592769789634e-01,6.297442017536224457e-01
1.392600000000000016e+01,1.625000000000000000e+03,1.800000000000000000e+03,-2.905521251643226499e+00,4.572455592769789634e-01,6.297442017536224457e-01
1.394299999999999962e+01,1.625000000000000000e+03,1.800000000000000000e+03,-2.912870440965483532e+00,4.616894754404085033e-01,6.368916466912249996e-01
1.396000000000000085e+01,1.625000000000000000e+03,1.800000000000000000e+03,-2.912870440965483532e+00,4.616894754404085033e-01,6.368916466912249996e-01
1.397700000000000031e+01,1.625000000000000000e+03,1.800000000000000000e+03,-2.916437239129467951e+00,4.642118277675083560e-01,6.248252382675012484e-01
1.399399999999999977e+01,1.625000000000000000e+03,1.800000000000000000e+03,-2.923070375417071709e+00,4.680575417764692991e-01,6.126017486722085126e-01
1.401099999999999923e+01,1.625000000000000000e+03,1.800000000000000000e+03,-2.923070375417071709e+00,4.680575417764692991e-01,6.126017486722085126e-01
1.402800000000000047e+01,1.625000000000000000e+03,1.800000000000000000e+03,-2.940588758151675641e+00,4.795793873425101550e-01,6.012461308795469250e-01
1.404499999999999993e+01,1.625000000000000000e+03,1.800000000000000000e+03,-2.940588758151675641e+00,4.795793873425101550e-01,6.012461308795469250e-01
1.406199999999999939e+01,1.625000000000000000e+03,1.800000000000000000e+03,-2.943173448109023482e+00,4.808933287564388648e-01,5.826455769102724114e-01
1.408000000000000007e+01,1.625000000000000000e+03,1.800000000000000000e+03,-2.943173448109023482e+00,4.808933287564388648e-01,5.826455769102724114e-01
1.409800000000000075e+01,1.625000000000000000e+03,1.800000000000000000e+03,-2.950198955262328226e+00,4.854209075515850680e-01,5.704470422076866054e-01
1.411500000000000021e+01,1.625000000000000000e+03,1.800000000000000000e+03,-2.950198955262328226e+00,4.854209075515850680e-01,5.704470422076866054e-01
1.413299999999999912e+01,1.625000000000000000e+03,1.800000000000000000e+03,-2.953861793343406816e+00,4.880017114511904230e-01,5.764040311955824780e-01
1.415000000000000036e+01,1.625000000000000000e+03,1.800000000000000000e+03,-2.960147947010612235e+00,4.919174622676499853e-01,5.580165140525387146e-01
1.416699999999999982e+01,1.625000000000000000e+03,1.800000000000000000e+03,-2.960147947010612235e+00,4.919174622676499853e-01,5.580165140525387146e-01
1.418399999999999928e+01,1.625000000000000000e+03,1.800000000000000000e+03,-2.967018665191543114e+00,4.970957433168631256e-01,5.585189486380889301e-01
1.420199999999999996e+01,1.625000000000000000e+03,1.800000000000000000e+03,-2.967018665191543114e+00,4.970957433168631256e-01,5.585189486380889301e-01
1.421899999999999942e+01,1.625000000000000000e+03,1.800000000000000000e+03,-2.970166843242667110e+00,4.984551939422267042e-01,5.400090763342352274e-01
1.423600000000000065e+01,1.625000000000000000e+03,1.800000000000000000e+03,-2.970166843242667110e+00,4.984551939422267042e-01,5.400090763342352274e-01
1.425300000000000011e+01,1.625000000000000000e+03,1.800000000000000000e+03,-2.973363453490401653e+00,5.010461955532764522e-01,5.402295976489787099e-01
1.426999999999999957e+01,1.625000000000000000e+03,1.800000000000000000e+03,-2.977608633617184086e+00,5.036883710273253323e-01,5.458777011405682167e-01
1.428800000000000026e+01,1.625000000000000000e+03,1.800000000000000000e+03,-2.980540090894143290e+00,5.056631963234387017e-01,5.406621307647009322e-01
1.430400000000000027e+01,1.625000000000000000e+03,1.800000000000000000e+03,-2.988324968358858413e+00,5.115642190582180282e-01,5.410830321052370051e-01
1.432099999999999973e+01,1.625000000000000000e+03,1.800000000000000000e+03,-2.988324968358858413e+00,5.115642190582180282e-01,5.410830321052370051e-01
1.433799999999999919e+01,1.625000000000000000e+03,1.800000000000000000e+03,-2.988324968358858413e+00,5.115642190582180282e-01,5.410830321052370051e-01
1.435599999999999987e+01,1.625000000000000000e+03,1.800000000000000000e+03,-2.991567006996980638e+00,5.141870357155217119e-01,5.148438728939058739e-01
1.437199999999999989e+01,1.625000000000000000e+03,1.800000000000000000e+03,-2.991567006996980638e+00,5.141870357155217119e-01,5.148438728939058739e-01
1.438899999999999935e+01,1.625000000000000000e+03,1.800000000000000000e+03,-2.995054016455038326e+00,5.162049179742139726e-01,5.150115049452100857e-01
1.440600000000000058e+01,1.625000000000000000e+03,1.800000000000000000e+03,-2.995054016455038326e+00,5.162049179742139726e-01,5.150115049452100857e-01
1.442300000000000004e+01,1.625000000000000000e+03,1.800000000000000000e+03,-3.005091907894269276e+00,5.235119947282710351e-01,5.156350963013937028e-01
1.445299999999999940e+01,1.625000000000000000e+03,1.800000000000000000e+03,-3.005091907894269276e+00,5.235119947282710351e-01,5.156350963013937028e-01
1.447499999999999964e+01,1.625000000000000000e+03,1.800000000000000000e+03,-3.008376299183030511e+00,5.261641595136800076e-01,5.157928049867530618e-01
1.449600000000000044e+01,1.625000000000000000e+03,1.800000000000000000e+03,-3.008376299183030511e+00,5.261641595136800076e-01,5.157928049867530618e-01
1.451800000000000068e+01,1.625000000000000000e+03,1.800000000000000000e+03,-3.008376299183030511e+00,5.261641595136800076e-01,5.157928049867530618e-01
1.453500000000000014e+01,1.625000000000000000e+03,1.800000000000000000e+03,-3.008376299183030511e+00,5.261641595136800076e-01,5.157928049867530618e-01
1.455199999999999960e+01,1.625000000000000000e+03,1.800000000000000000e+03,-3.010845296510431979e+00,5.281575138730659758e-01,4.973575409583227969e-01
1.458699999999999974e+01,1.625000000000000000e+03,1.800000000000000000e+03,-3.043555633616602307e+00,5.524942837755381086e-01,4.583712893183770065e-01
1.460399999999999920e+01,1.625000000000000000e+03,1.800000000000000000e+03,-3.043555633616602307e+00,5.524942837755381086e-01,4.583712893183770065e-01
1.462199999999999989e+01,1.625000000000000000e+03,1.800000000000000000e+03,-3.047788802637592553e+00,5.559003757107600086e-01,4.584181439592870944e-01
1.463799999999999990e+01,1.625000000000000000e+03,1.800000000000000000e+03,-3.051109124442264786e+00,5.573443005175989784e-01,4.584611084557617677e-01
1.465499999999999936e+01,1.625000000000000000e+03,1.800000000000000000e+03,-3.057384598901351502e+00,5.627975914098622967e-01,4.451019282486118334e-01
1.467200000000000060e+01,1.625000000000000000e+03,1.800000000000000000e+03,-3.057384598901351502e+00,5.627975914098622967e-01,4.451019282486118334e-01
1.468900000000000006e+01,1.625000000000000000e+03,1.800000000000000000e+03,-3.061119568050966855e+00,5.662093811389102838e-01,4.316920350076817736e-01
1.470700000000000074e+01,1.625000000000000000e+03,1.800000000000000000e+03,-3.064470042233430114e+00,5.676685533915132309e-01,4.451333716736592949e-01
1.472400000000000020e+01,1.625000000000000000e+03,1.800000000000000000e+03,-3.067364795113167286e+00,5.704039555023566743e-01,4.364745888743620794e-01
1.474099999999999966e+01,1.625000000000000000e+03,1.800000000000000000e+03,-3.067364795113167286e+00,5.704039555023566743e-01,4.364745888743620794e-01
1.475799999999999912e+01,1.625000000000000000e+03,1.800000000000000000e+03,-3.070814217009793623e+00,5.731732661143039698e-01,4.364704416927718822e-01
1.477500000000000036e+01,1.625000000000000000e+03,1.800000000000000000e+03,-3.070814217009793623e+00,5.731732661143039698e-01,4.364704416927718822e-01
1.479199999999999982e+01,1.625000000000000000e+03,1.800000000000000000e+03,-3.076785688415238695e+00,5.767276315650132767e-01,4.316534546876580891e-01
1.480899999999999928e+01,1.625000000000000000e+03,1.800000000000000000e+03,-3.076785688415238695e+00,5.767276315650132767e-01,4.316534546876580891e-01
1.482600000000000051e+01,1.625000000000000000e+03,1.800000000000000000e+03,-3.080579832658998818e+00,5.801830160932629488e-01,4.228122411390033974e-01
1.484299999999999997e+01,1.625000000000000000e+03,1.800000000000000000e+03,-3.080579832658998818e+00,5.801830160932629488e-01,4.228122411390033974e-01
1.485999999999999943e+01,1.625000000000000000e+03,1.800000000000000000e+03,-3.087882974906999145e+00,5.864520234269011700e-01,4.182477821606629953e-01
1.487700000000000067e+01,1.625000000000000000e+03,1.800000000000000000e+03,-3.091389235458205320e+00,5.892622625420248506e-01,4.182007627779946723e-01
1.489499999999999957e+01,1.625000000000000000e+03,1.800000000000000000e+03,-3.091389235458205320e+00,5.892622625420248506e-01,4.182007627779946723e-01
1.491200000000000081e+01,1.625000000000000000e+03,1.800000000000000000e+03,-3.095134550037379029e+00,5.914322032741335944e-01,4.181492208328134175e-01
1.492900000000000027e+01,1.625000000000000000e+03,1.800000000000000000e+03,-3.101639315947109399e+00,5.970568560966614813e-01,3.908934250057461424e-01
1.494599999999999973e+01,1.625000000000000000e+03,1.800000000000000000e+03,-3.101639315947109399e+00,5.970568560966614813e-01,3.908934250057461424e-01
1.496299999999999919e+01,1.625000000000000000e+03,1.800000000000000000e+03,-3.104854640576372837e+00,5.992137957391857617e-01,4.044132688116911512e-01
1.498000000000000043e+01,1.625000000000000000e+03,1.800000000000000000e+03,-3.108510653316881367e+00,6.033924192066552061e-01,3.952053650581742184e-01
1.499699999999999989e+01,1.625000000000000000e+03,1.800000000000000000e+03,-3.108510653316881367e+00,6.033924192066552061e-01,3.952053650581742184e-01
1.501500000000000057e+01,1.625000000000000000e+03,1.800000000000000000e+03,-3.114756498758494807e+00,6.083913088959435056e-01,3.952518797060748934e-01
1.503100000000000058e+01,1.625000000000000000e+03,1.800000000000000000e+03,-3.140754422600315898e+00,6.334094434477494096e-01,3.536089218849985394e-01
1.504899999999999949e+01,1.625000000000000000e+03,1.800000000000000000e+03,-3.144417645531206951e+00,6.363403309698877353e-01,3.534341976928225271e-01
1.506600000000000072e+01,1.625000000000000000e+03,1.800000000000000000e+03,-3.144417645531206951e+00,6.363403309698877353e-01,3.534341976928225271e-01
1.508399999999999963e+01,1.625000000000000000e+03,1.800000000000000000e+03,-3.147866183453754019e+00,6.399494614555089056e-01,3.435315224184157801e-01
1.510100000000000087e+01,1.625000000000000000e+03,1.800000000000000000e+03,-3.152598305262694023e+00,6.450141100477412293e-01,3.256288083339777262e-01
1.511800000000000033e+01,1.625000000000000000e+03,1.800000000000000000e+03,-3.152598305262694023e+00,6.450141100477412293e-01,3.256288083339777262e-01
1.513499999999999979e+01,1.625000000000000000e+03,1.800000000000000000e+03,-3.154572350643281009e+00,6.478749649744278694e-01,3.256814621634765428e-01
1.515199999999999925e+01,1.625000000000000000e+03,1.800000000000000000e+03,-3.154572350643281009e+00,6.478749649744278694e-01,3.256814621634765428e-01
1.516900000000000048e+01,1.625000000000000000e+03,1.800000000000000000e+03,-3.160490723770153387e+00,6.530405902023000975e-01,3.255136435920426563e-01
1.518599999999999994e+01,1.625000000000000000e+03,1.800000000000000000e+03,-3.163059661759243912e+00,6.559542922284239408e-01,3.293150507339843713e-01
1.520299999999999940e+01,1.625000000000000000e+03,1.800000000000000000e+03,-3.163059661759243912e+00,6.559542922284239408e-01,3.293150507339843713e-01
1.522000000000000064e+01,1.625000000000000000e+03,1.800000000000000000e+03,-3.167637264984325185e+00,6.617682144342157402e-01,3.013853794057765878e-01
1.523700000000000010e+01,1.625000000000000000e+03,1.800000000000000000e+03,-3.167637264984325185e+00,6.617682144342157402e-01,3.013853794057765878e-01
1.525399999999999956e+01,1.625000000000000000e+03,1.800000000000000000e+03,-3.167637264984325185e+00,6.617682144342157402e-01,3.013853794057765878e-01
1.527100000000000080e+01,1.625000000000000000e+03,1.800000000000000000e+03,-3.170449074738132644e+00,6.640205703497700229e-01,2.838420695444985875e-01
1.528800000000000026e+01,1.625000000000000000e+03,1.800000000000000000e+03,-3.173402068571082424e+00,6.676794853604975932e-01,3.011486450500905354e-01
1.530599999999999916e+01,1.625000000000000000e+03,1.800000000000000000e+03,-3.176227940264149563e+00,6.699434658115647201e-01,2.835651958583467191e-01
1.532300000000000040e+01,1.625000000000000000e+03,1.800000000000000000e+03,-3.179198042891618670e+00,6.736202848467932602e-01,3.009024488465072977e-01
1.533999999999999986e+01,1.625000000000000000e+03,1.800000000000000000e+03,-3.179198042891618670e+00,6.736202848467932602e-01,3.009024488465072977e-01
1.535699999999999932e+01,1.625000000000000000e+03,1.800000000000000000e+03,-3.182400586763638017e+00,6.766197577762455007e-01,2.729970639060204651e-01
1.537400000000000055e+01,1.625000000000000000e+03,1.800000000000000000e+03,-3.186340527731545968e+00,6.810791515852349098e-01,2.866356376848552823e-01
1.539100000000000001e+01,1.625000000000000000e+03,1.800000000000000000e+03,-3.186340527731545968e+00,6.810791515852349098e-01,2.866356376848552823e-01
1.540900000000000070e+01,1.625000000000000000e+03,1.800000000000000000e+03,-3.188832821989884714e+00,6.826419938120525943e-01,2.726813376451780457e-01
1.542600000000000016e+01,1.625000000000000000e+03,1.800000000000000000e+03,-3.191473596277800695e+00,6.856281695523162023e-01,2.723761627234765892e-01
1.544299999999999962e+01,1.625000000000000000e+03,1.800000000000000000e+03,-3.194121332918522960e+00,6.886216613387047270e-01,2.723556398554045632e-01
1.546000000000000085e+01,1.625000000000000000e+03,1.800000000000000000e+03,-3.196998018230468919e+00,6.909272962064171297e-01,2.550494350879968231e-01
1.547700000000000031e+01,1.625000000000000000e+03,1.800000000000000000e+03,-3.200993007071714302e+00,6.954402302761822918e-01,2.720197795003979624e-01
1.549499999999999922e+01,1.625000000000000000e+03,1.800000000000000000e+03,-3.203293146428024762e+00,6.977218293780996783e-01,2.475007177288927052e-01
1.551200000000000045e+01,1.625000000000000000e+03,1.800000000000000000e+03,-3.224375146122231861e+00,7.199132655474872466e-01,2.428803028244262696e-01
1.552899999999999991e+01,1.625000000000000000e+03,1.800000000000000000e+03,-3.224375146122231861e+00,7.199132655474872466e-01,2.428803028244262696e-01
1.554599999999999937e+01,1.625000000000000000e+03,1.800000000000000000e+03,-3.227491414703864692e+00,7.237434812678366081e-01,2.350602694284975869e-01
1.556300000000000061e+01,1.625000000000000000e+03,1.800000000000000000e+03,-3.227491414703864692e+00,7.237434812678366081e-01,2.350602694284975869e-01
1.558000000000000007e+01,1.625000000000000000e+03,1.800000000000000000e+03,-3.230452843076223601e+00,7.261199860150170382e-01,2.178134656676151415e-01
1.559699999999999953e+01,1.625000000000000000e+03,1.800000000000000000e+03,-3.234579399600757021e+00,7.307654889014619792e-01,2.346030128320672481e-01
1.561400000000000077e+01,1.625000000000000000e+03,1.800000000000000000e+03,-3.237171196735423528e+00,7.323999839035700843e-01,2.173201189674892064e-01
1.563100000000000023e+01,1.625000000000000000e+03,1.800000000000000000e+03,-3.246712952123742113e+00,7.418414082481427085e-01,2.195421258902197081e-01
1.564799999999999969e+01,1.625000000000000000e+03,1.800000000000000000e+03,-3.246712952123742113e+00,7.418414082481427085e-01,2.195421258902197081e-01
1.566600000000000037e+01,1.625000000000000000e+03,1.800000000000000000e+03,-3.248282187294622148e+00,7.448923876885583661e-01,2.194431171018920157e-01
1.568299999999999983e+01,1.625000000000000000e+03,1.800000000000000000e+03,-3.251296933625463570e+00,7.473126306749048320e-01,2.023244330829684634e-01
1.569999999999999929e+01,1.625000000000000000e+03,1.800000000000000000e+03,-3.254714488832751051e+00,7.505048979371501394e-01,2.048933686198957937e-01
1.571700000000000053e+01,1.625000000000000000e+03,1.800000000000000000e+03,-3.256299037423144860e+00,7.535763157568430293e-01,2.047749850499832880e-01
1.573399999999999999e+01,1.625000000000000000e+03,1.800000000000000000e+03,-3.256299037423144860e+00,7.535763157568430293e-01,2.047749850499832880e-01
1.575200000000000067e+01,1.625000000000000000e+03,1.800000000000000000e+03,-3.259950369406729109e+00,7.560579752071895365e-01,2.074031558819320331e-01
1.576900000000000013e+01,1.625000000000000000e+03,1.800000000000000000e+03,-3.261544922352403120e+00,7.591425737599905021e-01,2.072857037960297300e-01
1.578599999999999959e+01,1.625000000000000000e+03,1.800000000000000000e+03,-3.265396192883860405e+00,7.631403585702306591e-01,2.040939169163256961e-01
1.580300000000000082e+01,1.625000000000000000e+03,1.800000000000000000e+03,-3.268858618345070965e+00,7.663747565679900342e-01,2.067231088185133292e-01
1.582099999999999973e+01,1.625000000000000000e+03,1.800000000000000000e+03,-3.270470796969915828e+00,7.694837015460725960e-01,2.066015363245607139e-01
1.583799999999999919e+01,1.625000000000000000e+03,1.800000000000000000e+03,-3.272707808861986756e+00,7.726447260126657612e-01,1.809943991509050942e-01
1.585500000000000043e+01,1.625000000000000000e+03,1.800000000000000000e+03,-3.275572707158832753e+00,7.758587722969997325e-01,1.780064440559359085e-01
1.587199999999999989e+01,1.625000000000000000e+03,1.800000000000000000e+03,-3.278445641235767205e+00,7.790811438117014598e-01,1.803718163086604209e-01
1.589000000000000057e+01,1.625000000000000000e+03,1.800000000000000000e+03,-3.283590098313668992e+00,7.855046415640921653e-01,1.800623451488019000e-01
1.590700000000000003e+01,1.625000000000000000e+03,1.800000000000000000e+03,-3.283590098313668992e+00,7.855046415640921653e-01,1.800623451488019000e-01
1.592399999999999949e+01,1.625000000000000000e+03,1.800000000000000000e+03,-3.283590098313668992e+00,7.855046415640921653e-01,1.800623451488019000e-01
1.594100000000000072e+01,1.625000000000000000e+03,1.800000000000000000e+03,-3.285232926934860131e+00,7.886585275694167896e-01,1.799062557935870721e-01
1.595800000000000018e+01,1.625000000000000000e+03,1.800000000000000000e+03,-3.287722234080744599e+00,7.911224575463379205e-01,1.629210585879422579e-01
1.597499999999999964e+01,1.625000000000000000e+03,1.800000000000000000e+03,-3.290002268790547912e+00,7.943367855625281804e-01,1.627443600853755723e-01
1.599200000000000088e+01,1.625000000000000000e+03,1.800000000000000000e+03,-3.291029598227355635e+00,7.974639270908040478e-01,1.652738936210383924e-01
1.601000000000000156e+01,1.625000000000000000e+03,1.800000000000000000e+03,-3.303595478154153220e+00,8.145444421066815321e-01,1.383089898859586331e-01
1.602700000000000102e+01,1.625000000000000000e+03,1.800000000000000000e+03,-3.303595478154153220e+00,8.145444421066815321e-01,1.383089898859586331e-01
1.604500000000000171e+01,1.625000000000000000e+03,1.800000000000000000e+03,-3.308033825500720226e+00,8.218547916016213373e-01,1.260600821440487351e-01
1.606500000000000128e+01,1.625000000000000000e+03,1.800000000000000000e+03,-3.308033825500720226e+00,8.218547916016213373e-01,1.260600821440487351e-01
1.608200000000000074e+01,1.625000000000000000e+03,1.800000000000000000e+03,-3.310369114993981565e+00,8.251443985838308182e-01,1.234738411389901258e-01
1.610000000000000142e+01,1.625000000000000000e+03,1.800000000000000000e+03,-3.310369114993981565e+00,8.251443985838308182e-01,1.234738411389901258e-01
1.611700000000000088e+01,1.625000000000000000e+03,1.800000000000000000e+03,-3.312497819519006015e+00,8.292045509929167890e-01,1.232469730795141410e-01
1.613400000000000034e+01,1.625000000000000000e+03,1.800000000000000000e+03,-3.315486213924433656e+00,8.325632231810039530e-01,1.230189945598950119e-01
1.615099999999999980e+01,1.625000000000000000e+03,1.800000000000000000e+03,-3.316771217064897748e+00,8.350111572646369273e-01,1.089155226656174924e-01
1.616799999999999926e+01,1.625000000000000000e+03,1.800000000000000000e+03,-3.319560687481268424e+00,8.391522773498011345e-01,9.469117714587477197e-02
1.618499999999999872e+01,1.625000000000000000e+03,1.800000000000000000e+03,-3.321284127016411958e+00,8.424327532089338488e-01,9.649956306497793623e-02
1.620200000000000173e+01,1.625000000000000000e+03,1.800000000000000000e+03,-3.323656339099732904e+00,8.457732813676998029e-01,9.624158128674091539e-02
1.621999999999999886e+01,1.625000000000000000e+03,1.800000000000000000e+03,-3.323656339099732904e+00,8.457732813676998029e-01,9.624158128674091539e-02
1.623699999999999832e+01,1.625000000000000000e+03,1.800000000000000000e+03,nan,nan,nan
1.625499999999999901e+01,1.625000000000000000e+03,1.800000000000000000e+03,nan,nan,nan
1.627199999999999847e+01,1.625000000000000000e+03,1.800000000000000000e+03,nan,nan,nan
1.628900000000000148e+01,1.625000000000000000e+03,1.800000000000000000e+03,nan,nan,nan
1.630600000000000094e+01,1.625000000000000000e+03,1.800000000000000000e+03,nan,nan,nan
1.632300000000000040e+01,1.625000000000000000e+03,1.800000000000000000e+03,nan,nan,nan
1.634100000000000108e+01,1.625000000000000000e+03,1.800000000000000000e+03,-3.338465905478599449e+00,8.668295510200295650e-01,9.435170020602408336e-02
1.635800000000000054e+01,1.625000000000000000e+03,1.800000000000000000e+03,-3.340232370302639531e+00,8.701767041188518403e-01,6.813073428651500452e-02
1.637600000000000122e+01,1.625000000000000000e+03,1.800000000000000000e+03,nan,nan,nan
1.639300000000000068e+01,1.625000000000000000e+03,1.800000000000000000e+03,nan,nan,nan
1.641000000000000014e+01,1.625000000000000000e+03,1.800000000000000000e+03,nan,nan,nan
1.642699999999999960e+01,1.625000000000000000e+03,1.800000000000000000e+03,-3.347316104427771499e+00,8.812221820787679016e-01,6.724469325250966023e-02
1.644399999999999906e+01,1.625000000000000000e+03,1.800000000000000000e+03,-3.352870507003503420e+00,8.881645135092725019e-01,6.820427209849373729e-02
1.646099999999999852e+01,1.625000000000000000e+03,1.800000000000000000e+03,-3.352870507003503420e+00,8.881645135092725019e-01,6.820427209849373729e-02
1.647800000000000153e+01,1.625000000000000000e+03,1.800000000000000000e+03,-3.355329844511671489e+00,8.916208731514078112e-01,6.790451406990713479e-02
1.649500000000000099e+01,1.625000000000000000e+03,1.800000000000000000e+03,-3.373659521938649597e+00,9.177995236500490206e-01,3.904369614806334210e-02
1.651300000000000168e+01,1.625000000000000000e+03,1.800000000000000000e+03,-3.376846776211049672e+00,9.213931506756617429e-01,3.870734251473814669e-02
1.653000000000000114e+01,1.625000000000000000e+03,1.800000000000000000e+03,-3.379166139037170780e+00,9.257464083908778507e-01,3.836954414634697469e-02
1.654700000000000060e+01,1.625000000000000000e+03,1.800000000000000000e+03,-3.379166139037170780e+00,9.257464083908778507e-01,3.836954414634697469e-02
1.656400000000000006e+01,1.625000000000000000e+03,1.800000000000000000e+03,-3.379166139037170780e+00,9.257464083908778507e-01,3.836954414634697469e-02
1.658099999999999952e+01,1.625000000000000000e+03,1.800000000000000000e+03,-3.384239647745038937e+00,9.328630973890127409e-01,3.902115205749475541e-02
1.659799999999999898e+01,1.625000000000000000e+03,1.800000000000000000e+03,-3.384239647745038937e+00,9.328630973890127409e-01,3.902115205749475541e-02
1.661599999999999966e+01,1.625000000000000000e+03,1.800000000000000000e+03,nan,nan,nan
1.663299999999999912e+01,1.625000000000000000e+03,1.800000000000000000e+03,nan,nan,nan
1.664999999999999858e+01,1.625000000000000000e+03,1.800000000000000000e+03,nan,nan,nan
1.666700000000000159e+01,1.625000000000000000e+03,1.800000000000000000e+03,nan,nan,nan
1.668400000000000105e+01,1.625000000000000000e+03,1.800000000000000000e+03,nan,nan,nan
1.670200000000000173e+01,1.625000000000000000e+03,1.800000000000000000e+03,nan,nan,nan
1.671900000000000119e+01,1.625000000000000000e+03,1.800000000000000000e+03,nan,nan,nan
1.673600000000000065e+01,1.625000000000000000e+03,1.800000000000000000e+03,nan,nan,nan
1.675300000000000011e+01,1.625000000000000000e+03,1.800000000000000000e+03,nan,nan,nan
1.676999999999999957e+01,1.625000000000000000e+03,1.800000000000000000e+03,nan,nan,nan
1.678800000000000026e+01,1.625000000000000000e+03,1.800000000000000000e+03,nan,nan,nan
1.680499999999999972e+01,1.625000000000000000e+03,1.800000000000000000e+03,nan,nan,nan
1.682300000000000040e+01,1.625000000000000000e+03,1.800000000000000000e+03,nan,nan,nan
1.683999999999999986e+01,1.625000000000000000e+03,1.800000000000000000e+03,nan,nan,nan
1.685699999999999932e+01,1.625000000000000000e+03,1.800000000000000000e+03,nan,nan,nan
1.687399999999999878e+01,1.625000000000000000e+03,1.800000000000000000e+03,nan,nan,nan
1.689099999999999824e+01,1.625000000000000000e+03,1.800000000000000000e+03,nan,nan,nan
1.690800000000000125e+01,1.625000000000000000e+03,1.800000000000000000e+03,nan,nan,nan
1.692500000000000071e+01,1.625000000000000000e+03,1.800000000000000000e+03,nan,nan,nan
1.694300000000000139e+01,1.625000000000000000e+03,1.800000000000000000e+03,nan,nan,nan
1.696000000000000085e+01,1.625000000000000000e+03,1.800000000000000000e+03,nan,nan,nan
1.697800000000000153e+01,1.625000000000000000e+03,1.800000000000000000e+03,nan,nan,nan
1.699599999999999866e+01,1.625000000000000000e+03,1.800000000000000000e+03,nan,nan,nan
1.701300000000000168e+01,1.625000000000000000e+03,1.800000000000000000e+03,nan,nan,nan
1.702899999999999991e+01,1.625000000000000000e+03,1.800000000000000000e+03,nan,nan,nan
1.704599999999999937e+01,1.625000000000000000e+03,1.800000000000000000e+03,nan,nan,nan
1.706299999999999883e+01,1.625000000000000000e+03,1.800000000000000000e+03,nan,nan,nan
1.707999999999999829e+01,1.625000000000000000e+03,1.800000000000000000e+03,nan,nan,nan
1.709700000000000131e+01,1.625000000000000000e+03,1.800000000000000000e+03,nan,nan,nan
1.711400000000000077e+01,1.625000000000000000e+03,1.800000000000000000e+03,nan,nan,nan
1.713100000000000023e+01,1.625000000000000000e+03,1.800000000000000000e+03,nan,nan,nan
1.714799999999999969e+01,1.625000000000000000e+03,1.800000000000000000e+03,nan,nan,nan
1.716600000000000037e+01,1.625000000000000000e+03,1.800000000000000000e+03,nan,nan,nan
1.718299999999999983e+01,1.625000000000000000e+03,1.800000000000000000e+03,nan,nan,nan
1.719999999999999929e+01,1.625000000000000000e+03,1.800000000000000000e+03,nan,nan,nan
1.721699999999999875e+01,1.625000000000000000e+03,1.800000000000000000e+03,-3.448018015592176244e+00,1.063253331742728847e+00,-7.903201492525153971e-02
1.723400000000000176e+01,1.625000000000000000e+03,1.800000000000000000e+03,nan,nan,nan
1.725199999999999889e+01,1.625000000000000000e+03,1.800000000000000000e+03,nan,nan,nan
1.726899999999999835e+01,1.625000000000000000e+03,1.800000000000000000e+03,nan,nan,nan
1.728600000000000136e+01,1.625000000000000000e+03,1.800000000000000000e+03,nan,nan,nan
1.730300000000000082e+01,1.625000000000000000e+03,1.800000000000000000e+03,-3.455871692535657402e+00,1.080438774700055671e+00,-9.425732717230410340e-02
1.732000000000000028e+01,1.625000000000000000e+03,1.800000000000000000e+03,-3.458468532554422659e+00,1.085290930882784277e+00,-9.474067072170794246e-02
1.733699999999999974e+01,1.625000000000000000e+03,1.800000000000000000e+03,-3.458468532554422659e+00,1.085290930882784277e+00,-9.474067072170794246e-02
1.735399999999999920e+01,1.625000000000000000e+03,1.800000000000000000e+03,-3.461727992095980255e+00,1.093905215725175850e+00,-1.093988556975048487e-01
1.737199999999999989e+01,1.625000000000000000e+03,1.800000000000000000e+03,-3.461727992095980255e+00,1.093905215725175850e+00,-1.093988556975048487e-01
1.738899999999999935e+01,1.625000000000000000e+03,1.800000000000000000e+03,-3.464542925746068036e+00,1.097900614007189635e+00,-1.096226953513841224e-01
1.740599999999999881e+01,1.625000000000000000e+03,1.800000000000000000e+03,-3.464542925746068036e+00,1.097900614007189635e+00,-1.096226953513841224e-01
1.742299999999999827e+01,1.625000000000000000e+03,1.800000000000000000e+03,-3.466118891234301280e+00,1.100844084843107140e+00,-1.236468981133480444e-01
1.744000000000000128e+01,1.625000000000000000e+03,1.800000000000000000e+03,-3.468696754523799441e+00,1.109464524497818960e+00,-1.244422829009751291e-01
1.745700000000000074e+01,1.625000000000000000e+03,1.800000000000000000e+03,-3.469559650153953179e+00,1.112348364343585860e+00,-1.248280678765961854e-01
1.747400000000000020e+01,1.625000000000000000e+03,1.800000000000000000e+03,-3.470424358027556000e+00,1.115237409435549942e+00,-1.248539867200663400e-01
1.749099999999999966e+01,1.625000000000000000e+03,1.800000000000000000e+03,-3.470424358027556000e+00,1.115237409435549942e+00,-1.248539867200663400e-01
1.750799999999999912e+01,1.625000000000000000e+03,1.800000000000000000e+03,-3.473223270387712169e+00,1.123022401415699534e+00,-1.396234977327213966e-01
1.752599999999999980e+01,1.625000000000000000e+03,1.800000000000000000e+03,-3.473223270387712169e+00,1.123022401415699534e+00,-1.396234977327213966e-01
1.754299999999999926e+01,1.625000000000000000e+03,1.800000000000000000e+03,-3.480135854490935987e+00,1.139799918494484032e+00,-1.415334045145623110e-01
1.755999999999999872e+01,1.625000000000000000e+03,1.800000000000000000e+03,-3.480135854490935987e+00,1.139799918494484032e+00,-1.415334045145623110e-01
1.757700000000000173e+01,1.625000000000000000e+03,1.800000000000000000e+03,-3.482445862337216980e+00,1.146695445331345375e+00,-1.561824631314381040e-01
1.759400000000000119e+01,1.625000000000000000e+03,1.800000000000000000e+03,-3.482445862337216980e+00,1.146695445331345375e+00,-1.561824631314381040e-01
1.761199999999999832e+01,1.625000000000000000e+03,1.800000000000000000e+03,-3.488572014836445412e+00,1.160750742208505493e+00,-1.575953058988490141e-01
1.762900000000000134e+01,1.625000000000000000e+03,1.800000000000000000e+03,-3.488572014836445412e+00,1.160750742208505493e+00,-1.575953058988490141e-01
1.764600000000000080e+01,1.625000000000000000e+03,1.800000000000000000e+03,-3.489089056150427304e+00,1.165600530063418905e+00,-1.718185206312379532e-01
1.766300000000000026e+01,1.625000000000000000e+03,1.800000000000000000e+03,-3.492729806358039202e+00,1.173725944154744294e+00,-1.732513626125884720e-01
1.767999999999999972e+01,1.625000000000000000e+03,1.800000000000000000e+03,-3.492729806358039202e+00,1.173725944154744294e+00,-1.732513626125884720e-01
1.769699999999999918e+01,1.625000000000000000e+03,1.800000000000000000e+03,-3.492897816292511948e+00,1.176639201609546603e+00,-1.593582043028732020e-01
1.771499999999999986e+01,1.625000000000000000e+03,1.800000000000000000e+03,-3.492897816292511948e+00,1.176639201609546603e+00,-1.593582043028732020e-01
1.773300000000000054e+01,1.625000000000000000e+03,1.800000000000000000e+03,-3.492897816292511948e+00,1.176639201609546603e+00,-1.593582043028732020e-01
1.775000000000000000e+01,1.625000000000000000e+03,1.800000000000000000e+03,-3.493997352501421183e+00,1.178703081451620172e+00,-1.732803499201073794e-01
1.776699999999999946e+01,1.625000000000000000e+03,1.800000000000000000e+03,-3.496011246902102965e+00,1.183785141841855015e+00,-1.741672844495772143e-01
1.778399999999999892e+01,1.625000000000000000e+03,1.800000000000000000e+03,-3.498221893979956754e+00,1.187934809274857617e+00,-1.747214044849514925e-01
1.780099999999999838e+01,1.625000000000000000e+03,1.800000000000000000e+03,-3.499681855606095127e+00,1.195902808561214670e+00,-1.759871537766320992e-01
1.781800000000000139e+01,1.625000000000000000e+03,1.800000000000000000e+03,-3.499681855606095127e+00,1.195902808561214670e+00,-1.759871537766320992e-01
1.783599999999999852e+01,1.625000000000000000e+03,1.800000000000000000e+03,-3.499681855606095127e+00,1.195902808561214670e+00,-1.759871537766320992e-01
1.785300000000000153e+01,1.625000000000000000e+03,1.800000000000000000e+03,nan,nan,nan
1.787000000000000099e+01,1.625000000000000000e+03,1.800000000000000000e+03,-3.502086414795009262e+00,1.203043879438308483e+00,-1.910391422402867856e-01
1.788800000000000168e+01,1.625000000000000000e+03,1.800000000000000000e+03,-3.503572602344710241e+00,1.207151863893455523e+00,-1.909253695386203264e-01
1.790500000000000114e+01,1.625000000000000000e+03,1.800000000000000000e+03,nan,nan,nan
1.792200000000000060e+01,1.625000000000000000e+03,1.800000000000000000e+03,nan,nan,nan
1.794099999999999895e+01,1.625000000000000000e+03,1.800000000000000000e+03,nan,nan,nan
1.795799999999999841e+01,1.625000000000000000e+03,1.800000000000000000e+03,nan,nan,nan
1.797500000000000142e+01,1.625000000000000000e+03,1.800000000000000000e+03,nan,nan,nan
1.799200000000000088e+01,1.625000000000000000e+03,1.800000000000000000e+03,nan,nan,nan
1.800900000000000034e+01,1.625000000000000000e+03,1.800000000000000000e+03,nan,nan,nan
1.802599999999999980e+01,1.625000000000000000e+03,1.800000000000000000e+03,nan,nan,nan
1.804299999999999926e+01,1.625000000000000000e+03,1.800000000000000000e+03,nan,nan,nan
1.807000000000000028e+01,1.625000000000000000e+03,1.800000000000000000e+03,-3.516812750460405645e+00,1.258663965948245256e+00,-2.262255774135805142e-01
1.808699999999999974e+01,1.625000000000000000e+03,1.800000000000000000e+03,-3.516812750460405645e+00,1.258663965948245256e+00,-2.262255774135805142e-01
1.810399999999999920e+01,1.625000000000000000e+03,1.800000000000000000e+03,-3.517960195646615773e+00,1.260836480169758911e+00,-2.409231554340363346e-01
1.812199999999999989e+01,1.625000000000000000e+03,1.800000000000000000e+03,-3.517960195646615773e+00,1.260836480169758911e+00,-2.409231554340363346e-01
1.813899999999999935e+01,1.625000000000000000e+03,1.800000000000000000e+03,-3.519705109878122684e+00,1.268166731092498001e+00,-2.272633019629762274e-01
1.815599999999999881e+01,1.625000000000000000e+03,1.800000000000000000e+03,-3.520303813940368176e+00,1.273336856558979768e+00,-2.287102998274295196e-01
1.817299999999999827e+01,1.625000000000000000e+03,1.800000000000000000e+03,-3.520511934570412560e+00,1.276426400608820622e+00,-2.424555592148063266e-01
1.819099999999999895e+01,1.625000000000000000e+03,1.800000000000000000e+03,-3.520511934570412560e+00,1.276426400608820622e+00,-2.424555592148063266e-01
1.820799999999999841e+01,1.625000000000000000e+03,1.800000000000000000e+03,-3.522063240139407192e+00,1.280721428997257494e+00,-2.440742228359450428e-01
1.822500000000000142e+01,1.625000000000000000e+03,1.800000000000000000e+03,-3.522854362307684006e+00,1.284926917831282545e+00,-2.435260444127919643e-01
1.824299999999999855e+01,1.625000000000000000e+03,1.800000000000000000e+03,-3.523832009551096878e+00,1.288138389104681814e+00,-2.451486367976972169e-01
1.826000000000000156e+01,1.625000000000000000e+03,1.800000000000000000e+03,-3.523832009551096878e+00,1.288138389104681814e+00,-2.451486367976972169e-01
1.827700000000000102e+01,1.625000000000000000e+03,1.800000000000000000e+03,-3.523861983890187233e+00,1.292260731127500950e+00,-2.456197138498077137e-01
1.829400000000000048e+01,1.625000000000000000e+03,1.800000000000000000e+03,-3.524076797560375507e+00,1.295384254883538144e+00,-2.593943405035006311e-01
1.831099999999999994e+01,1.625000000000000000e+03,1.800000000000000000e+03,-3.524876033529586117e+00,1.299625757775830337e+00,-2.598868265176701442e-01
1.832799999999999940e+01,1.625000000000000000e+03,1.800000000000000000e+03,-3.524876033529586117e+00,1.299625757775830337e+00,-2.598868265176701442e-01
1.834499999999999886e+01,1.625000000000000000e+03,1.800000000000000000e+03,-3.525677849704725197e+00,1.303877767995181625e+00,-2.616844838219174463e-01
1.836299999999999955e+01,1.625000000000000000e+03,1.800000000000000000e+03,-3.525530205119567384e+00,1.309052904475946022e+00,-2.608731331025955225e-01
1.837999999999999901e+01,1.625000000000000000e+03,1.800000000000000000e+03,-3.525530205119567384e+00,1.309052904475946022e+00,-2.608731331025955225e-01
1.839699999999999847e+01,1.625000000000000000e+03,1.800000000000000000e+03,-3.526336551743074477e+00,1.313328044020293017e+00,-2.626759069602320751e-01
1.841400000000000148e+01,1.625000000000000000e+03,1.800000000000000000e+03,-3.525787769486448564e+00,1.316385683532731665e+00,-2.776867620832652594e-01
1.843100000000000094e+01,1.625000000000000000e+03,1.800000000000000000e+03,-3.527368340741471542e+00,1.320783028742115395e+00,-2.768515985934627555e-01
1.844800000000000040e+01,1.625000000000000000e+03,1.800000000000000000e+03,-3.527368340741471542e+00,1.320783028742115395e+00,-2.768515985934627555e-01
1.846499999999999986e+01,1.625000000000000000e+03,1.800000000000000000e+03,-3.529543727110743490e+00,1.326322400679769586e+00,-2.788262132956128569e-01
1.848199999999999932e+01,1.625000000000000000e+03,1.800000000000000000e+03,-3.529543727110743490e+00,1.326322400679769586e+00,-2.788262132956128569e-01
1.849899999999999878e+01,1.625000000000000000e+03,1.800000000000000000e+03,-3.528224402176134866e+00,1.329297234413475248e+00,-2.793462740369532793e-01
1.851599999999999824e+01,1.625000000000000000e+03,1.800000000000000000e+03,-3.529815495007660786e+00,1.333728206096810975e+00,-2.928589204261704548e-01
1.853200000000000003e+01,1.625000000000000000e+03,1.800000000000000000e+03,-3.535677459009879176e+00,1.368619936971137374e+00,-3.152605530221452845e-01
1.855000000000000071e+01,1.625000000000000000e+03,1.800000000000000000e+03,-3.535677459009879176e+00,1.368619936971137374e+00,-3.152605530221452845e-01
1.856700000000000017e+01,1.625000000000000000e+03,1.800000000000000000e+03,-3.535677459009879176e+00,1.368619936971137374e+00,-3.152605530221452845e-01
1.858500000000000085e+01,1.625000000000000000e+03,1.800000000000000000e+03,-3.537183481421841691e+00,1.378535986804121372e+00,-3.146724985120293860e-01
1.860200000000000031e+01,1.625000000000000000e+03,1.800000000000000000e+03,-3.537183481421841691e+00,1.378535986804121372e+00,-3.146724985120293860e-01
1.862000000000000099e+01,1.625000000000000000e+03,1.800000000000000000e+03,-3.537183481421841691e+00,1.378535986804121372e+00,-3.146724985120293860e-01
1.863800000000000168e+01,1.625000000000000000e+03,1.800000000000000000e+03,-3.538096378215991322e+00,1.387335673657931423e+00,-3.176169054294374350e-01
1.865500000000000114e+01,1.625000000000000000e+03,1.800000000000000000e+03,-3.538096378215991322e+00,1.387335673657931423e+00,-3.176169054294374350e-01
1.867200000000000060e+01,1.625000000000000000e+03,1.800000000000000000e+03,-3.540839026315104388e+00,1.399717498164827045e+00,-3.341253675984973137e-01
1.869000000000000128e+01,1.625000000000000000e+03,1.800000000000000000e+03,-3.542740078873827692e+00,1.407663481014306939e+00,-3.373147244392273869e-01
1.870700000000000074e+01,1.625000000000000000e+03,1.800000000000000000e+03,-3.542204917458672053e+00,1.410885176092176341e+00,-3.224153279057863641e-01
1.872400000000000020e+01,1.625000000000000000e+03,1.800000000000000000e+03,-3.542204917458672053e+00,1.410885176092176341e+00,-3.224153279057863641e-01
1.874099999999999966e+01,1.625000000000000000e+03,1.800000000000000000e+03,-3.542204917458672053e+00,1.410885176092176341e+00,-3.224153279057863641e-01
1.875799999999999912e+01,1.625000000000000000e+03,1.800000000000000000e+03,-3.543326914428242880e+00,1.418767292963477367e+00,-3.405584080296838456e-01
1.877499999999999858e+01,1.625000000000000000e+03,1.800000000000000000e+03,-3.543326914428242880e+00,1.418767292963477367e+00,-3.405584080296838456e-01
1.879100000000000037e+01,1.625000000000000000e+03,1.800000000000000000e+03,-3.542614810808474957e+00,1.423090307781764263e+00,-3.411633761420012623e-01
1.880900000000000105e+01,1.625000000000000000e+03,1.800000000000000000e+03,-3.543663954939522576e+00,1.426569313766137714e+00,-3.567883399687153401e-01
1.882600000000000051e+01,1.625000000000000000e+03,1.800000000000000000e+03,-3.543663954939522576e+00,1.426569313766137714e+00,-3.567883399687153401e-01
1.884299999999999997e+01,1.625000000000000000e+03,1.800000000000000000e+03,-3.542952804757595331e+00,1.430910769618486622e+00,-3.574145002736270893e-01
1.885999999999999943e+01,1.625000000000000000e+03,1.800000000000000000e+03,-3.545854194386849123e+00,1.438022870701331613e+00,-3.430319731032817621e-01
1.887900000000000134e+01,1.625000000000000000e+03,1.800000000000000000e+03,-3.545763073334527782e+00,1.443602172346645229e+00,-3.615736709720263065e-01
1.889600000000000080e+01,1.625000000000000000e+03,1.800000000000000000e+03,-3.545408880026812426e+00,1.445791850892181429e+00,-3.593272910284902588e-01
1.891600000000000037e+01,1.625000000000000000e+03,1.800000000000000000e+03,-3.545408880026812426e+00,1.445791850892181429e+00,-3.593272910284902588e-01
1.893299999999999983e+01,1.625000000000000000e+03,1.800000000000000000e+03,-3.546292561315529834e+00,1.450413855065491031e+00,-3.622062536230946650e-01
1.894900000000000162e+01,1.625000000000000000e+03,1.800000000000000000e+03,-3.544788516974740844e+00,1.454694257497336718e+00,-3.605871082091357538e-01
1.896699999999999875e+01,1.625000000000000000e+03,1.800000000000000000e+03,-3.544788516974740844e+00,1.454694257497336718e+00,-3.605871082091357538e-01
1.898300000000000054e+01,1.625000000000000000e+03,1.800000000000000000e+03,-3.544877696970899716e+00,1.459220708924445109e+00,-3.612181749923904506e-01
1.900100000000000122e+01,1.625000000000000000e+03,1.800000000000000000e+03,-3.544968059671749216e+00,1.463758394930152029e+00,-3.641086246962699779e-01
1.901800000000000068e+01,1.625000000000000000e+03,1.800000000000000000e+03,-3.545236228974649073e+00,1.467198784261936506e+00,-3.775381299664269386e-01
1.903500000000000014e+01,1.625000000000000000e+03,1.800000000000000000e+03,-3.545341344182183718e+00,1.482022391760816404e+00,-3.819144754367604921e-01
1.905199999999999960e+01,1.625000000000000000e+03,1.800000000000000000e+03,-3.545437625771056034e+00,1.486616932949156311e+00,-3.825725398105995767e-01
1.906800000000000139e+01,1.625000000000000000e+03,1.800000000000000000e+03,-3.546337538854997806e+00,1.491344132818159807e+00,-3.857035043894898041e-01
1.908500000000000085e+01,1.625000000000000000e+03,1.800000000000000000e+03,-3.546337538854997806e+00,1.491344132818159807e+00,-3.857035043894898041e-01
1.910300000000000153e+01,1.625000000000000000e+03,1.800000000000000000e+03,-3.545182960830461028e+00,1.493469693813662680e+00,-3.990721298588251753e-01
1.911899999999999977e+01,1.625000000000000000e+03,1.800000000000000000e+03,-3.545182960830461028e+00,1.493469693813662680e+00,-3.990721298588251753e-01
1.913700000000000045e+01,1.625000000000000000e+03,1.800000000000000000e+03,-3.546085266758224996e+00,1.498214623516771482e+00,-3.997510379624890642e-01
1.915399999999999991e+01,1.625000000000000000e+03,1.800000000000000000e+03,-3.545557737382874830e+00,1.501598405362873034e+00,-4.155072992545209010e-01
1.917099999999999937e+01,1.625000000000000000e+03,1.800000000000000000e+03,-3.545131632587785298e+00,1.509640440611386136e+00,-4.011114494538984832e-01
1.918799999999999883e+01,1.625000000000000000e+03,1.800000000000000000e+03,-3.544604355068822876e+00,1.513044979007210689e+00,-4.169044407814284092e-01
1.920499999999999829e+01,1.625000000000000000e+03,1.800000000000000000e+03,-3.544077033869944326e+00,1.516455708913665656e+00,-4.204145895736972061e-01
1.922299999999999898e+01,1.625000000000000000e+03,1.800000000000000000e+03,-3.543828932871547099e+00,1.523419598146659393e+00,-4.211183523216783797e-01
1.923999999999999844e+01,1.625000000000000000e+03,1.800000000000000000e+03,-3.543828932871547099e+00,1.523419598146659393e+00,-4.211183523216783797e-01
1.925600000000000023e+01,1.625000000000000000e+03,1.800000000000000000e+03,-3.543828932871547099e+00,1.523419598146659393e+00,-4.211183523216783797e-01
1.927400000000000091e+01,1.625000000000000000e+03,1.800000000000000000e+03,-3.543126121639255111e+00,1.527993881545565813e+00,-4.218230175689254846e-01
1.929100000000000037e+01,1.625000000000000000e+03,1.800000000000000000e+03,-3.542598942417894747e+00,1.531431908780025886e+00,-4.225285952980067927e-01
1.930799999999999983e+01,1.625000000000000000e+03,1.800000000000000000e+03,-3.542598942417894747e+00,1.531431908780025886e+00,-4.225285952980067927e-01
1.932499999999999929e+01,1.625000000000000000e+03,1.800000000000000000e+03,-3.542986364626748319e+00,1.539728719349044539e+00,-4.391648814463088302e-01
1.934199999999999875e+01,1.625000000000000000e+03,1.800000000000000000e+03,-3.543269404481952378e+00,1.543313837872484662e+00,-4.267974728626123260e-01
1.935999999999999943e+01,1.625000000000000000e+03,1.800000000000000000e+03,-3.542108602262787453e+00,1.545498223043298758e+00,-4.398898992085727433e-01
1.937699999999999889e+01,1.625000000000000000e+03,1.800000000000000000e+03,-3.542108602262787453e+00,1.545498223043298758e+00,-4.398898992085727433e-01
1.939499999999999957e+01,1.625000000000000000e+03,1.800000000000000000e+03,-3.542108602262787453e+00,1.545498223043298758e+00,-4.398898992085727433e-01
1.941199999999999903e+01,1.625000000000000000e+03,1.800000000000000000e+03,-3.542501345075692587e+00,1.553857989362615655e+00,-4.413427620422213926e-01
1.942899999999999849e+01,1.625000000000000000e+03,1.800000000000000000e+03,-3.542501345075692587e+00,1.553857989362615655e+00,-4.413427620422213926e-01
1.944600000000000151e+01,1.625000000000000000e+03,1.800000000000000000e+03,-3.541975183132492599e+00,1.557343628550234893e+00,-4.571954580203803631e-01
1.946300000000000097e+01,1.625000000000000000e+03,1.800000000000000000e+03,-3.541975183132492599e+00,1.557343628550234893e+00,-4.571954580203803631e-01
1.948100000000000165e+01,1.625000000000000000e+03,1.800000000000000000e+03,-3.542261121097188159e+00,1.560962739614132566e+00,-4.420706268319182231e-01
1.949800000000000111e+01,1.625000000000000000e+03,1.800000000000000000e+03,-3.542261121097188159e+00,1.560962739614132566e+00,-4.420706268319182231e-01
1.951500000000000057e+01,1.625000000000000000e+03,1.800000000000000000e+03,-3.541033778422302269e+00,1.569136640851768849e+00,-4.619109562906273947e-01
1.953300000000000125e+01,1.625000000000000000e+03,1.800000000000000000e+03,-3.539622722989598458e+00,1.595446945667825744e+00,-4.689817955883680556e-01
1.954899999999999949e+01,1.625000000000000000e+03,1.800000000000000000e+03,-3.539622722989598458e+00,1.595446945667825744e+00,-4.689817955883680556e-01
1.956700000000000017e+01,1.625000000000000000e+03,1.800000000000000000e+03,-3.538395726921531814e+00,1.603770899908441461e+00,-4.738108994325165302e-01
1.958399999999999963e+01,1.625000000000000000e+03,1.800000000000000000e+03,-3.538395726921531814e+00,1.603770899908441461e+00,-4.738108994325165302e-01
1.960099999999999909e+01,1.625000000000000000e+03,1.800000000000000000e+03,-3.537869646738484253e+00,1.607349442063643608e+00,-4.866693805875666468e-01
1.961899999999999977e+01,1.625000000000000000e+03,1.800000000000000000e+03,-3.537869646738484253e+00,1.607349442063643608e+00,-4.866693805875666468e-01
1.963599999999999923e+01,1.625000000000000000e+03,1.800000000000000000e+03,-3.538751279528228544e+00,1.618521047223730580e+00,-4.916801762110357688e-01
1.965299999999999869e+01,1.625000000000000000e+03,1.800000000000000000e+03,-3.538751279528228544e+00,1.618521047223730580e+00,-4.916801762110357688e-01
1.967000000000000171e+01,1.625000000000000000e+03,1.800000000000000000e+03,-3.538872137631400516e+00,1.623463461657005613e+00,-4.924612084488713126e-01
1.968700000000000117e+01,1.625000000000000000e+03,1.800000000000000000e+03,-3.537350018928523188e+00,1.628153045618124573e+00,-4.968838934231612492e-01
1.970400000000000063e+01,1.625000000000000000e+03,1.800000000000000000e+03,-3.536177546840830743e+00,1.630435697365617109e+00,-4.933438958413184361e-01
1.971999999999999886e+01,1.625000000000000000e+03,1.800000000000000000e+03,-3.536177546840830743e+00,1.630435697365617109e+00,-4.933438958413184361e-01
1.973799999999999955e+01,1.625000000000000000e+03,1.800000000000000000e+03,-3.535124748865211775e+00,1.637700106075937079e+00,-5.021862966199414080e-01
1.975499999999999901e+01,1.625000000000000000e+03,1.800000000000000000e+03,-3.535124748865211775e+00,1.637700106075937079e+00,-5.021862966199414080e-01
1.977400000000000091e+01,1.625000000000000000e+03,1.800000000000000000e+03,-3.534773665129853804e+00,1.640127683610672626e+00,-4.949108084656346773e-01
1.979200000000000159e+01,1.625000000000000000e+03,1.800000000000000000e+03,-3.535894435425187776e+00,1.644042814724642199e+00,-4.992460408189647314e-01
1.980900000000000105e+01,1.625000000000000000e+03,1.800000000000000000e+03,-3.533544252614684744e+00,1.648648376150902539e+00,-5.157756533713381275e-01
1.982600000000000051e+01,1.625000000000000000e+03,1.800000000000000000e+03,-3.533841770855933540e+00,1.652446283164861640e+00,-5.165796536321217713e-01
1.984199999999999875e+01,1.625000000000000000e+03,1.800000000000000000e+03,-3.533964755749977371e+00,1.657476992946206540e+00,-5.211566161537038999e-01
1.985900000000000176e+01,1.625000000000000000e+03,1.800000000000000000e+03,-3.534264356784333039e+00,1.661292642374498030e+00,-5.053594475155102073e-01
1.987699999999999889e+01,1.625000000000000000e+03,1.800000000000000000e+03,-3.533737921501059809e+00,1.664980091308302601e+00,-5.181909205537175156e-01
1.989300000000000068e+01,1.625000000000000000e+03,1.800000000000000000e+03,-3.532559764174813211e+00,1.667306308019286032e+00,-5.189982054647860332e-01
1.991000000000000014e+01,1.625000000000000000e+03,1.800000000000000000e+03,-3.532208296524503410e+00,1.669771455390585135e+00,-5.189982054647860332e-01
1.992699999999999960e+01,1.625000000000000000e+03,1.800000000000000000e+03,-3.530677305988515258e+00,1.674574704767323396e+00,-5.237178224368008728e-01
1.994399999999999906e+01,1.625000000000000000e+03,1.800000000000000000e+03,-3.529973090689826343e+00,1.679526645182560785e+00,-5.245304664717003185e-01
1.996199999999999974e+01,1.625000000000000000e+03,1.800000000000000000e+03,-3.528140582321616314e+00,1.680492994204239476e+00,-5.246597355254204453e-01
1.997899999999999920e+01,1.625000000000000000e+03,1.800000000000000000e+03,-3.528140582321616314e+00,1.680492994204239476e+00,-5.246597355254204453e-01
1.999599999999999866e+01,1.625000000000000000e+03,1.800000000000000000e+03,-3.527611132894030277e+00,1.684217042806292142e+00,-5.293486577059399734e-01
2.001300000000000168e+01,1.625000000000000000e+03,1.800000000000000000e+03,-3.526075902856826705e+00,1.689056223717762428e+00,-5.342638951644704814e-01
2.003000000000000114e+01,1.625000000000000000e+03,1.800000000000000000e+03,-3.526075902856826705e+00,1.689056223717762428e+00,-5.342638951644704814e-01
2.004700000000000060e+01,1.625000000000000000e+03,1.800000000000000000e+03,-3.522114054727139454e+00,1.705040051567259241e+00,-5.487979935766189588e-01
2.006400000000000006e+01,1.625000000000000000e+03,1.800000000000000000e+03,-3.522235188626906321e+00,1.710208787381466422e+00,-5.496325547713271087e-01
2.008099999999999952e+01,1.625000000000000000e+03,1.800000000000000000e+03,-3.522235188626906321e+00,1.710208787381466422e+00,-5.496325547713271087e-01
2.009799999999999898e+01,1.625000000000000000e+03,1.800000000000000000e+03,-3.521702809760988373e+00,1.713990031407066628e+00,-5.545849942187969228e-01
2.011499999999999844e+01,1.625000000000000000e+03,1.800000000000000000e+03,-3.519150025233029666e+00,1.720029204646871257e+00,-5.555846128000808681e-01
2.013200000000000145e+01,1.625000000000000000e+03,1.800000000000000000e+03,-3.517783337235306895e+00,1.723689672578873289e+00,-5.680278546782376869e-01
2.014900000000000091e+01,1.625000000000000000e+03,1.800000000000000000e+03,-3.517783337235306895e+00,1.723689672578873289e+00,-5.680278546782376869e-01
2.016700000000000159e+01,1.625000000000000000e+03,1.800000000000000000e+03,-3.515404301309963842e+00,1.728487705141276365e+00,-5.733151060983400216e-01
2.018400000000000105e+01,1.625000000000000000e+03,1.800000000000000000e+03,-3.513855961467310163e+00,1.733437827948224541e+00,-5.787059542958946645e-01
2.020100000000000051e+01,1.625000000000000000e+03,1.800000000000000000e+03,-3.512664551361337040e+00,1.735847411899926307e+00,-5.743494321684836645e-01
2.021799999999999997e+01,1.625000000000000000e+03,1.800000000000000000e+03,-3.510639410099439139e+00,1.738119649232548802e+00,-5.797499059612519767e-01
2.023400000000000176e+01,1.625000000000000000e+03,1.800000000000000000e+03,-3.510639410099439139e+00,1.738119649232548802e+00,-5.797499059612519767e-01
2.025100000000000122e+01,1.625000000000000000e+03,1.800000000000000000e+03,-3.509920431737013846e+00,1.743234863371723620e+00,-5.806093582511810958e-01
2.026899999999999835e+01,1.625000000000000000e+03,1.800000000000000000e+03,-3.510394928063567566e+00,1.745938436345873424e+00,-5.806093582511810958e-01
2.028600000000000136e+01,1.625000000000000000e+03,1.800000000000000000e+03,-3.509675802356628793e+00,1.751074076250429545e+00,-5.814699906634188675e-01
2.030300000000000082e+01,1.625000000000000000e+03,1.800000000000000000e+03,-3.509675802356628793e+00,1.751074076250429545e+00,-5.814699906634188675e-01
2.032000000000000028e+01,1.625000000000000000e+03,1.800000000000000000e+03,-3.507104776434260884e+00,1.757228763964827412e+00,-5.825171092333466527e-01
2.033699999999999974e+01,1.625000000000000000e+03,1.800000000000000000e+03,-3.507219172097029602e+00,1.762536041222979133e+00,-5.878511161660543438e-01
2.035399999999999920e+01,1.625000000000000000e+03,1.800000000000000000e+03,-3.507219172097029602e+00,1.762536041222979133e+00,-5.878511161660543438e-01
2.037099999999999866e+01,1.625000000000000000e+03,1.800000000000000000e+03,-3.503806226770168841e+00,1.768583936359360287e+00,-6.058145601305957584e-01
2.038800000000000168e+01,1.625000000000000000e+03,1.800000000000000000e+03,-3.503806226770168841e+00,1.768583936359360287e+00,-6.058145601305957584e-01
2.040500000000000114e+01,1.625000000000000000e+03,1.800000000000000000e+03,-3.503443977294273370e+00,1.771179590287998540e+00,-6.012109628705452069e-01
2.042200000000000060e+01,1.625000000000000000e+03,1.800000000000000000e+03,-3.503443977294273370e+00,1.771179590287998540e+00,-6.012109628705452069e-01
2.043900000000000006e+01,1.625000000000000000e+03,1.800000000000000000e+03,-3.501993401310826481e+00,1.781596337548912778e+00,-6.124920714563140134e-01
2.045599999999999952e+01,1.625000000000000000e+03,1.800000000000000000e+03,-3.501993401310826481e+00,1.781596337548912778e+00,-6.124920714563140134e-01
2.047299999999999898e+01,1.625000000000000000e+03,1.800000000000000000e+03,-3.500973502094953282e+00,1.782758659562365899e+00,-5.962936716943384452e-01
2.048999999999999844e+01,1.625000000000000000e+03,1.800000000000000000e+03,-3.498751038910529410e+00,1.786393755507109660e+00,-6.135933638178909799e-01
2.050799999999999912e+01,1.625000000000000000e+03,1.800000000000000000e+03,-3.496709632161988601e+00,1.788725153475367868e+00,-6.255951473359553372e-01
2.052499999999999858e+01,1.625000000000000000e+03,1.800000000000000000e+03,-3.496161505687529036e+00,1.792659476871615531e+00,-6.097597435248516273e-01
2.054200000000000159e+01,1.625000000000000000e+03,1.800000000000000000e+03,-3.496161505687529036e+00,1.792659476871615531e+00,-6.097597435248516273e-01
2.055900000000000105e+01,1.625000000000000000e+03,1.800000000000000000e+03,-3.492757144895831445e+00,1.810977602283237342e+00,-6.224092749245421219e-01
2.057600000000000051e+01,1.625000000000000000e+03,1.800000000000000000e+03,-3.492022479333486640e+00,1.816284005748789898e+00,-6.233018358749652377e-01
2.059299999999999997e+01,1.625000000000000000e+03,1.800000000000000000e+03,-3.489786526651845300e+00,1.819980833398545439e+00,-6.405842696507572098e-01
2.060999999999999943e+01,1.625000000000000000e+03,1.800000000000000000e+03,-3.489786526651845300e+00,1.819980833398545439e+00,-6.405842696507572098e-01
2.062699999999999889e+01,1.625000000000000000e+03,1.800000000000000000e+03,-3.486521833065078457e+00,1.824872182921703168e+00,-6.417307129200038318e-01
2.064399999999999835e+01,1.625000000000000000e+03,1.800000000000000000e+03,-3.486809249238840280e+00,1.829024724296262061e+00,-6.477042301545393732e-01
2.066199999999999903e+01,1.625000000000000000e+03,1.800000000000000000e+03,-3.485596045423433598e+00,1.831553317747819598e+00,-6.426346031926213342e-01
2.067899999999999849e+01,1.625000000000000000e+03,1.800000000000000000e+03,-3.483353283516629872e+00,1.835278830430158603e+00,-6.488618191691725157e-01
2.069600000000000151e+01,1.625000000000000000e+03,1.800000000000000000e+03,-3.481295020469328705e+00,1.837668540112377791e+00,-6.437834428222134475e-01
2.071300000000000097e+01,1.625000000000000000e+03,1.800000000000000000e+03,-3.479892392874941898e+00,1.841552881212900061e+00,-6.500206095223166614e-01
2.073000000000000043e+01,1.625000000000000000e+03,1.800000000000000000e+03,-3.479892392874941898e+00,1.841552881212900061e+00,-6.500206095223166614e-01
2.074800000000000111e+01,1.625000000000000000e+03,1.800000000000000000e+03,-3.476145771701293796e+00,1.843656396142443477e+00,-6.672643329077139196e-01
2.076500000000000057e+01,1.625000000000000000e+03,1.800000000000000000e+03,-3.477270264086544937e+00,1.847994355168989689e+00,-6.458410882718500501e-01
2.078200000000000003e+01,1.625000000000000000e+03,1.800000000000000000e+03,-3.476708139600975134e+00,1.852046455375430334e+00,-6.572915642113492662e-01
2.079899999999999949e+01,1.625000000000000000e+03,1.800000000000000000e+03,-3.474455855114762848e+00,1.855810671832263559e+00,-6.746859404204990085e-01
2.081800000000000139e+01,1.625000000000000000e+03,1.800000000000000000e+03,-3.473891588548838616e+00,1.859878433461165770e+00,-6.584628584049139199e-01
2.083599999999999852e+01,1.625000000000000000e+03,1.800000000000000000e+03,-3.471168225104505289e+00,1.860791512522516733e+00,-6.758846152816943009e-01
2.085300000000000153e+01,1.625000000000000000e+03,1.800000000000000000e+03,-3.471168225104505289e+00,1.860791512522516733e+00,-6.758846152816943009e-01
2.087000000000000099e+01,1.625000000000000000e+03,1.800000000000000000e+03,-3.469945482597132980e+00,1.863360806711102935e+00,-6.705606364652570983e-01
2.088599999999999923e+01,1.625000000000000000e+03,1.800000000000000000e+03,-3.468532481046445071e+00,1.867295145110061672e+00,-6.714817260152531331e-01
2.090299999999999869e+01,1.625000000000000000e+03,1.800000000000000000e+03,-3.467118002263304355e+00,1.871237151084966577e+00,-6.834482957456213814e-01
2.092000000000000171e+01,1.625000000000000000e+03,1.800000000000000000e+03,-3.465892247478910893e+00,1.873819818149070837e+00,-6.780088550878629050e-01
2.093700000000000117e+01,1.625000000000000000e+03,1.800000000000000000e+03,-3.464475155974456211e+00,1.877774571972453455e+00,-6.846593559400760975e-01
2.095400000000000063e+01,1.625000000000000000e+03,1.800000000000000000e+03,-3.463247464018770039e+00,1.880365633378153767e+00,-6.792113037439702072e-01
2.097100000000000009e+01,1.625000000000000000e+03,1.800000000000000000e+03,-3.462018954389537662e+00,1.882960037748228288e+00,-6.801381251632111491e-01
2.098900000000000077e+01,1.625000000000000000e+03,1.800000000000000000e+03,-3.462018954389537662e+00,1.882960037748228288e+00,-6.801381251632111491e-01
2.100600000000000023e+01,1.625000000000000000e+03,1.800000000000000000e+03,-3.458058379999685350e+00,1.886484477641619417e+00,-7.032081180299569745e-01
2.102299999999999969e+01,1.625000000000000000e+03,1.800000000000000000e+03,-3.454555920679807990e+00,1.892922157896246294e+00,-6.985790760021761692e-01
2.103999999999999915e+01,1.625000000000000000e+03,1.800000000000000000e+03,-3.447211359752215376e+00,1.914355937003070274e+00,-6.972702881362894400e-01
2.105699999999999861e+01,1.625000000000000000e+03,1.800000000000000000e+03,-3.442381314004253845e+00,1.917786569436533917e+00,-7.091130217818709669e-01
2.107400000000000162e+01,1.625000000000000000e+03,1.800000000000000000e+03,-3.442381314004253845e+00,1.917786569436533917e+00,-7.091130217818709669e-01
2.109100000000000108e+01,1.625000000000000000e+03,1.800000000000000000e+03,-3.441595064922339908e+00,1.923378513059338157e+00,-7.218978038907917227e-01
2.110900000000000176e+01,1.625000000000000000e+03,1.800000000000000000e+03,-3.438258781784512497e+00,1.928531029631811222e+00,-7.231614949183300389e-01
2.112699999999999889e+01,1.625000000000000000e+03,1.800000000000000000e+03,-3.438258781784512497e+00,1.928531029631811222e+00,-7.231614949183300389e-01
2.114399999999999835e+01,1.625000000000000000e+03,1.800000000000000000e+03,-3.438258781784512497e+00,1.928531029631811222e+00,-7.231614949183300389e-01
2.116100000000000136e+01,1.625000000000000000e+03,1.800000000000000000e+03,-3.435767892668522450e+00,1.933848585011866295e+00,-7.303819026195254027e-01
2.117800000000000082e+01,1.625000000000000000e+03,1.800000000000000000e+03,-3.434719709545845934e+00,1.935104265184194539e+00,-7.244265673109366865e-01
2.119500000000000028e+01,1.625000000000000000e+03,1.800000000000000000e+03,-3.433273338991516432e+00,1.939180033545671922e+00,-7.316566542124177674e-01
2.121199999999999974e+01,1.625000000000000000e+03,1.800000000000000000e+03,-3.433273338991516432e+00,1.939180033545671922e+00,-7.316566542124177674e-01
2.123100000000000165e+01,1.625000000000000000e+03,1.800000000000000000e+03,-3.431373989620579490e+00,1.940287089079552718e+00,-7.256930444724973839e-01
2.124800000000000111e+01,1.625000000000000000e+03,1.800000000000000000e+03,-3.429074377521303507e+00,1.944221070120891515e+00,-7.390215509082257439e-01
2.126500000000000057e+01,1.625000000000000000e+03,1.800000000000000000e+03,-3.428673880917221251e+00,1.947050997879392398e+00,-7.329328073863957682e-01
2.128200000000000003e+01,1.625000000000000000e+03,1.800000000000000000e+03,-3.422767310571691368e+00,1.951807476340931657e+00,-7.406397967043810704e-01
2.129899999999999949e+01,1.625000000000000000e+03,1.800000000000000000e+03,-3.422767310571691368e+00,1.951807476340931657e+00,-7.406397967043810704e-01
2.131599999999999895e+01,1.625000000000000000e+03,1.800000000000000000e+03,-3.421310532527169546e+00,1.955916653849280706e+00,-7.481597127195145358e-01
2.133299999999999841e+01,1.625000000000000000e+03,1.800000000000000000e+03,-3.421310532527169546e+00,1.955916653849280706e+00,-7.481597127195145358e-01
2.135099999999999909e+01,1.625000000000000000e+03,1.800000000000000000e+03,-3.421310532527169546e+00,1.955916653849280706e+00,-7.481597127195145358e-01
2.136799999999999855e+01,1.625000000000000000e+03,1.800000000000000000e+03,-3.416245927869417720e+00,1.960848548108177880e+00,-7.596301493475809963e-01
2.138599999999999923e+01,1.625000000000000000e+03,1.800000000000000000e+03,-3.416485415619901822e+00,1.965281546964028347e+00,-7.605891231493165927e-01
2.140200000000000102e+01,1.625000000000000000e+03,1.800000000000000000e+03,-3.414374758855764469e+00,1.967833941606253134e+00,-7.543835150525380895e-01
2.143400000000000105e+01,1.625000000000000000e+03,1.800000000000000000e+03,-3.414374758855764469e+00,1.967833941606253134e+00,-7.543835150525380895e-01
2.146699999999999875e+01,1.625000000000000000e+03,1.800000000000000000e+03,-3.414374758855764469e+00,1.967833941606253134e+00,-7.543835150525380895e-01
2.150199999999999889e+01,1.625000000000000000e+03,1.800000000000000000e+03,-3.414374758855764469e+00,1.967833941606253134e+00,-7.543835150525380895e-01
2.151899999999999835e+01,1.625000000000000000e+03,1.800000000000000000e+03,-3.412704585426323156e+00,1.973408546313188072e+00,-7.619013967796842701e-01
2.153600000000000136e+01,1.625000000000000000e+03,1.800000000000000000e+03,-3.404239852807423805e+00,1.983679369562897143e+00,-7.777156937835415507e-01
2.155699999999999861e+01,1.625000000000000000e+03,1.800000000000000000e+03,-3.404239852807423805e+00,1.983679369562897143e+00,-7.777156937835415507e-01
2.157400000000000162e+01,1.625000000000000000e+03,1.800000000000000000e+03,-3.404239852807423805e+00,1.983679369562897143e+00,-7.777156937835415507e-01
2.159100000000000108e+01,1.625000000000000000e+03,1.800000000000000000e+03,-3.392145718335554339e+00,2.000793421603872524e+00,-7.887178957231399945e-01
2.160900000000000176e+01,1.625000000000000000e+03,1.800000000000000000e+03,-3.391723687490969752e+00,2.003700510107978339e+00,-7.752161458909299085e-01
2.162600000000000122e+01,1.625000000000000000e+03,1.800000000000000000e+03,-3.391723687490969752e+00,2.003700510107978339e+00,-7.752161458909299085e-01
2.164300000000000068e+01,1.625000000000000000e+03,1.800000000000000000e+03,-3.387251821162013066e+00,2.010366554663336469e+00,-8.007283279176132806e-01
2.166000000000000014e+01,1.625000000000000000e+03,1.800000000000000000e+03,-3.381064852252307684e+00,2.016744881400040601e+00,-8.020858388236300485e-01
2.167699999999999960e+01,1.625000000000000000e+03,1.800000000000000000e+03,-3.381064852252307684e+00,2.016744881400040601e+00,-8.020858388236300485e-01
2.169399999999999906e+01,1.625000000000000000e+03,1.800000000000000000e+03,-3.380636097610666191e+00,2.019673877429908337e+00,-7.995401023963448761e-01
2.171099999999999852e+01,1.625000000000000000e+03,1.800000000000000000e+03,-3.377860502299368850e+00,2.020675012966739015e+00,-8.265947750690615381e-01
2.172800000000000153e+01,1.625000000000000000e+03,1.800000000000000000e+03,-3.377860502299368850e+00,2.020675012966739015e+00,-8.265947750690615381e-01
2.174599999999999866e+01,1.625000000000000000e+03,1.800000000000000000e+03,-3.373583133514425292e+00,2.025927315359356218e+00,-8.279782315651649238e-01
2.176300000000000168e+01,1.625000000000000000e+03,1.800000000000000000e+03,-3.372078961841722844e+00,2.030185955724737479e+00,-8.266097226086744909e-01
2.177899999999999991e+01,1.625000000000000000e+03,1.800000000000000000e+03,-3.369300094425602410e+00,2.031193515185855780e+00,-8.270196339292641419e-01
2.179700000000000060e+01,1.625000000000000000e+03,1.800000000000000000e+03,-3.369300094425602410e+00,2.031193515185855780e+00,-8.270196339292641419e-01
2.181400000000000006e+01,1.625000000000000000e+03,1.800000000000000000e+03,-3.365427062898161736e+00,2.039585269872554285e+00,-8.381039282256400602e-01
2.182999999999999829e+01,1.625000000000000000e+03,1.800000000000000000e+03,-3.365427062898161736e+00,2.039585269872554285e+00,-8.381039282256400602e-01
2.184700000000000131e+01,1.625000000000000000e+03,1.800000000000000000e+03,-3.363914187817778956e+00,2.043871679613452841e+00,-8.293781295157067746e-01
2.186499999999999844e+01,1.625000000000000000e+03,1.800000000000000000e+03,-3.361984579237127679e+00,2.045042588410942663e+00,-8.465738937485155491e-01
2.188299999999999912e+01,1.625000000000000000e+03,1.800000000000000000e+03,-3.361984579237127679e+00,2.045042588410942663e+00,-8.465738937485155491e-01
2.189999999999999858e+01,1.625000000000000000e+03,1.800000000000000000e+03,-3.358757970092924428e+00,2.049028079180709838e+00,-8.383458468858561163e-01
2.191700000000000159e+01,1.625000000000000000e+03,1.800000000000000000e+03,-3.355972319544481053e+00,2.050046607932943132e+00,-8.484044442668430275e-01
2.193400000000000105e+01,1.625000000000000000e+03,1.800000000000000000e+03,-3.354450613978412044e+00,2.054354398863461384e+00,-8.397406405982242861e-01
2.195100000000000051e+01,1.625000000000000000e+03,1.800000000000000000e+03,-3.350178111921717328e+00,2.053575244831751689e+00,-8.479067483925890603e-01
2.196799999999999997e+01,1.625000000000000000e+03,1.800000000000000000e+03,-3.350361135618501240e+00,2.058202277529517676e+00,-8.574704416908932592e-01
2.198600000000000065e+01,1.625000000000000000e+03,1.800000000000000000e+03,-3.347978267527129237e+00,2.062370391712203155e+00,-8.512135716602569069e-01
2.200300000000000011e+01,1.625000000000000000e+03,1.800000000000000000e+03,-3.347978267527129237e+00,2.062370391712203155e+00,-8.512135716602569069e-01
2.201899999999999835e+01,1.625000000000000000e+03,1.800000000000000000e+03,-3.326141831412330774e+00,2.084629218338843515e+00,-8.709667658087629771e-01
2.203600000000000136e+01,1.625000000000000000e+03,1.800000000000000000e+03,-3.324822968473585494e+00,2.087495094608555757e+00,-8.808307395898650194e-01
2.205399999999999849e+01,1.625000000000000000e+03,1.800000000000000000e+03,-3.323270373207976913e+00,2.091879684861567057e+00,-8.723903268791638466e-01
2.207100000000000151e+01,1.625000000000000000e+03,1.800000000000000000e+03,-3.320469729952687743e+00,2.092924366862468410e+00,-8.822619354734848596e-01
2.208800000000000097e+01,1.625000000000000000e+03,1.800000000000000000e+03,-3.320469729952687743e+00,2.092924366862468410e+00,-8.822619354734848596e-01
2.210500000000000043e+01,1.625000000000000000e+03,1.800000000000000000e+03,-3.318290656134480265e+00,2.095644417191918407e+00,-8.904229399730390071e-01
2.212199999999999989e+01,1.625000000000000000e+03,1.800000000000000000e+03,-3.313071608393306722e+00,2.100938215965802325e+00,-8.923228178678073164e-01
2.213899999999999935e+01,1.625000000000000000e+03,1.800000000000000000e+03,-3.313071608393306722e+00,2.100938215965802325e+00,-8.923228178678073164e-01
2.215700000000000003e+01,1.625000000000000000e+03,1.800000000000000000e+03,-3.313071608393306722e+00,2.100938215965802325e+00,-8.923228178678073164e-01
2.217399999999999949e+01,1.625000000000000000e+03,1.800000000000000000e+03,-3.313071608393306722e+00,2.100938215965802325e+00,-8.923228178678073164e-01
2.219099999999999895e+01,1.625000000000000000e+03,1.800000000000000000e+03,-3.310031584593366105e+00,2.103511890693486208e+00,-8.839677190847270438e-01
2.220799999999999841e+01,1.625000000000000000e+03,1.800000000000000000e+03,-3.307845640952429278e+00,2.106246264465258200e+00,-8.937628463593296768e-01
2.222500000000000142e+01,1.625000000000000000e+03,1.800000000000000000e+03,-3.303468686962526490e+00,2.111725933374596575e+00,-8.952043327417218421e-01
2.224200000000000088e+01,1.625000000000000000e+03,1.800000000000000000e+03,-3.303468686962526490e+00,2.111725933374596575e+00,-8.952043327417218421e-01
2.225900000000000034e+01,1.625000000000000000e+03,1.800000000000000000e+03,-3.299805692798554624e+00,2.112626261373619307e+00,-9.120510938856080108e-01
2.227599999999999980e+01,1.625000000000000000e+03,1.800000000000000000e+03,-3.299805692798554624e+00,2.112626261373619307e+00,-9.120510938856080108e-01
2.229299999999999926e+01,1.625000000000000000e+03,1.800000000000000000e+03,-3.292496347203339724e+00,2.125489086401352257e+00,-9.149597105444875478e-01
2.230999999999999872e+01,1.625000000000000000e+03,1.800000000000000000e+03,-3.289439909957050823e+00,2.128094831574592671e+00,-9.241238677192057382e-01
2.232700000000000173e+01,1.625000000000000000e+03,1.800000000000000000e+03,-3.289439909957050823e+00,2.128094831574592671e+00,-9.241238677192057382e-01
2.234400000000000119e+01,1.625000000000000000e+03,1.800000000000000000e+03,-3.287238355293205849e+00,2.130862066014769685e+00,-9.250982802198998156e-01
2.236100000000000065e+01,1.625000000000000000e+03,1.800000000000000000e+03,-3.282829944588619320e+00,2.136407613329950994e+00,-9.428585515334063638e-01
2.237800000000000011e+01,1.625000000000000000e+03,1.800000000000000000e+03,-3.279156155410577700e+00,2.137322121875279812e+00,-9.270484002692808145e-01
2.239499999999999957e+01,1.625000000000000000e+03,1.800000000000000000e+03,-3.279156155410577700e+00,2.137322121875279812e+00,-9.270484002692808145e-01
2.241199999999999903e+01,1.625000000000000000e+03,1.800000000000000000e+03,-3.276947980738078137e+00,2.140102000085359890e+00,-9.361063238534671482e-01
2.242999999999999972e+01,1.625000000000000000e+03,1.800000000000000000e+03,-3.273881240226405254e+00,2.142727502586333710e+00,-9.373787464258019897e-01
2.244800000000000040e+01,1.625000000000000000e+03,1.800000000000000000e+03,-3.273881240226405254e+00,2.142727502586333710e+00,-9.373787464258019897e-01
2.246499999999999986e+01,1.625000000000000000e+03,1.800000000000000000e+03,-3.273881240226405254e+00,2.142727502586333710e+00,-9.373787464258019897e-01
2.248300000000000054e+01,1.625000000000000000e+03,1.800000000000000000e+03,-3.271669319636279383e+00,2.145514703975416104e+00,-9.463078862454826767e-01
2.250100000000000122e+01,1.625000000000000000e+03,1.800000000000000000e+03,-3.268598714483398560e+00,2.148147425459315585e+00,-9.388491523437730857e-01
2.251800000000000068e+01,1.625000000000000000e+03,1.800000000000000000e+03,-3.267846261034657473e+00,2.152815980506104676e+00,-9.477829039501152186e-01
2.253500000000000014e+01,1.625000000000000000e+03,1.800000000000000000e+03,-3.263560840919747630e+00,2.152024196279107127e+00,-9.482869286987369861e-01
2.255199999999999960e+01,1.625000000000000000e+03,1.800000000000000000e+03,-3.252359889568714024e+00,2.161207027805354564e+00,-9.518518602122987282e-01
2.256800000000000139e+01,1.625000000000000000e+03,1.800000000000000000e+03,-3.252359889568714024e+00,2.161207027805354564e+00,-9.518518602122987282e-01
2.258699999999999974e+01,1.625000000000000000e+03,1.800000000000000000e+03,-3.246275351822386135e+00,2.171384910882086849e+00,-9.712376966406972567e-01
2.260399999999999920e+01,1.625000000000000000e+03,1.800000000000000000e+03,-3.241731222527733713e+00,2.172163076017585848e+00,-9.717586934720979785e-01
2.262099999999999866e+01,1.625000000000000000e+03,1.800000000000000000e+03,-3.240951462530867744e+00,2.176881854362250568e+00,-9.727258940201639614e-01
2.263800000000000168e+01,1.625000000000000000e+03,1.800000000000000000e+03,-3.240951462530867744e+00,2.176881854362250568e+00,-9.727258940201639614e-01
2.265599999999999881e+01,1.625000000000000000e+03,1.800000000000000000e+03,-3.234429230562053004e+00,2.178921616802719452e+00,-9.737683897823032897e-01
2.267299999999999827e+01,1.625000000000000000e+03,1.800000000000000000e+03,-3.231333433889401530e+00,2.181599728063727373e+00,-9.820584499545946811e-01
2.268900000000000006e+01,1.625000000000000000e+03,1.800000000000000000e+03,-3.227643400690531017e+00,2.182543994959336597e+00,-9.845340761054337531e-01
2.270700000000000074e+01,1.625000000000000000e+03,1.800000000000000000e+03,-3.227643400690531017e+00,2.182543994959336597e+00,-9.845340761054337531e-01
2.272500000000000142e+01,1.625000000000000000e+03,1.800000000000000000e+03,-3.227643400690531017e+00,2.182543994959336597e+00,-9.845340761054337531e-01
2.274200000000000088e+01,1.625000000000000000e+03,1.800000000000000000e+03,-3.225666054418911965e+00,2.183806121826963764e+00,-9.850637433275202248e-01
2.275900000000000034e+01,1.625000000000000000e+03,1.800000000000000000e+03,-3.222566042780829143e+00,2.186491450553975202e+00,-9.932045932859583370e-01
2.277599999999999980e+01,1.625000000000000000e+03,1.800000000000000000e+03,-3.220320206215377290e+00,2.189338870108793245e+00,-9.960129111389961487e-01
2.279400000000000048e+01,1.625000000000000000e+03,1.800000000000000000e+03,-3.220320206215377290e+00,2.189338870108793245e+00,-9.960129111389961487e-01
2.280999999999999872e+01,1.625000000000000000e+03,1.800000000000000000e+03,-3.215771970786431844e+00,2.190130545908031134e+00,-9.965510188956159254e-01
2.282799999999999940e+01,1.625000000000000000e+03,1.800000000000000000e+03,-3.211270959936614489e+00,2.195839694042882595e+00,-9.980498740126669821e-01
2.284499999999999886e+01,1.625000000000000000e+03,1.800000000000000000e+03,-3.211270959936614489e+00,2.195839694042882595e+00,-9.980498740126669821e-01
2.286199999999999832e+01,1.625000000000000000e+03,1.800000000000000000e+03,-3.209873869712501993e+00,2.198858599422203408e+00,-1.006034097600138733e+00
2.287999999999999901e+01,1.625000000000000000e+03,1.800000000000000000e+03,-3.205905506063420507e+00,2.201405507253379579e+00,-1.009187685984504590e+00
2.289699999999999847e+01,1.625000000000000000e+03,1.800000000000000000e+03,-3.203064373345205773e+00,2.202521816136629784e+00,-1.009734497428137701e+00
2.291400000000000148e+01,1.625000000000000000e+03,1.800000000000000000e+03,-3.200805272553464143e+00,2.205391347496385102e+00,-1.017549318553210291e+00
2.293100000000000094e+01,1.625000000000000000e+03,1.800000000000000000e+03,-3.197106614733375096e+00,2.206351920458894611e+00,-1.011238362173281446e+00
2.294800000000000040e+01,1.625000000000000000e+03,1.800000000000000000e+03,-3.195119642638931889e+00,2.207630464007308557e+00,-1.011785436747882683e+00
2.296499999999999986e+01,1.625000000000000000e+03,1.800000000000000000e+03,-3.186032272012610633e+00,2.214195336999580821e+00,-1.033125252855881859e+00
2.298199999999999932e+01,1.625000000000000000e+03,1.800000000000000000e+03,-3.186032272012610633e+00,2.214195336999580821e+00,-1.033125252855881859e+00
2.299899999999999878e+01,1.625000000000000000e+03,1.800000000000000000e+03,-3.170096867038505906e+00,2.229479930434707935e+00,-1.044726806988577117e+00
2.301599999999999824e+01,1.625000000000000000e+03,1.800000000000000000e+03,-3.170096867038505906e+00,2.229479930434707935e+00,-1.044726806988577117e+00
2.303300000000000125e+01,1.625000000000000000e+03,1.800000000000000000e+03,-3.167244153597464251e+00,2.230615303081703527e+00,-1.038786588074060324e+00
2.305099999999999838e+01,1.625000000000000000e+03,1.800000000000000000e+03,-3.164960479823807127e+00,2.233523706544901621e+00,-1.039351080279239614e+00
2.306700000000000017e+01,1.625000000000000000e+03,1.800000000000000000e+03,-3.158674269328540785e+00,2.239034264799538931e+00,-1.051073850014959676e+00
2.308399999999999963e+01,1.625000000000000000e+03,1.800000000000000000e+03,-3.158674269328540785e+00,2.239034264799538931e+00,-1.051073850014959676e+00
2.310099999999999909e+01,1.625000000000000000e+03,1.800000000000000000e+03,-3.154396011927952159e+00,2.238240737293346161e+00,-1.051646762159461179e+00
2.311899999999999977e+01,1.625000000000000000e+03,1.800000000000000000e+03,-3.154396011927952159e+00,2.238240737293346161e+00,-1.051646762159461179e+00
2.313700000000000045e+01,1.625000000000000000e+03,1.800000000000000000e+03,-3.152959987394757135e+00,2.241318614982858115e+00,-1.058903377556599690e+00
2.315399999999999991e+01,1.625000000000000000e+03,1.800000000000000000e+03,-3.152959987394757135e+00,2.241318614982858115e+00,-1.058903377556599690e+00
2.317099999999999937e+01,1.625000000000000000e+03,1.800000000000000000e+03,-3.145534425179490334e+00,2.243290163645322632e+00,-1.064138751275963690e+00
2.318799999999999883e+01,1.625000000000000000e+03,1.800000000000000000e+03,-3.145534425179490334e+00,2.243290163645322632e+00,-1.064138751275963690e+00
2.320499999999999829e+01,1.625000000000000000e+03,1.800000000000000000e+03,-3.140083104783636170e+00,2.248988202608355191e+00,-1.065656270342286271e+00
2.322200000000000131e+01,1.625000000000000000e+03,1.800000000000000000e+03,-3.137485447581158216e+00,2.253549644984319755e+00,-1.072699319026013232e+00
2.323900000000000077e+01,1.625000000000000000e+03,1.800000000000000000e+03,-3.137485447581158216e+00,2.253549644984319755e+00,-1.072699319026013232e+00
2.325600000000000023e+01,1.625000000000000000e+03,1.800000000000000000e+03,-3.135180778944681723e+00,2.256489798065929531e+00,-1.083645236565509817e+00
2.327299999999999969e+01,1.625000000000000000e+03,1.800000000000000000e+03,-3.135180778944681723e+00,2.256489798065929531e+00,-1.083645236565509817e+00
2.328999999999999915e+01,1.625000000000000000e+03,1.800000000000000000e+03,-3.132316072739648405e+00,2.257643367215890429e+00,-1.078346091419503994e+00
2.330699999999999861e+01,1.625000000000000000e+03,1.800000000000000000e+03,-3.130007636017031913e+00,2.260589175100327974e+00,-1.085163636497184392e+00
2.332499999999999929e+01,1.625000000000000000e+03,1.800000000000000000e+03,-3.127141018844358911e+00,2.261745464101396763e+00,-1.085758340786540099e+00
2.334199999999999875e+01,1.625000000000000000e+03,1.800000000000000000e+03,-3.127141018844358911e+00,2.261745464101396763e+00,-1.085758340786540099e+00
2.335900000000000176e+01,1.625000000000000000e+03,1.800000000000000000e+03,-3.120551543460366339e+00,2.263902334794821947e+00,-1.091830792994063382e+00
2.337600000000000122e+01,1.625000000000000000e+03,1.800000000000000000e+03,-3.118235951119918248e+00,2.266857065187455333e+00,-1.087872959643726878e+00
2.339300000000000068e+01,1.625000000000000000e+03,1.800000000000000000e+03,-3.118235951119918248e+00,2.266857065187455333e+00,-1.087872959643726878e+00
2.341000000000000014e+01,1.625000000000000000e+03,1.800000000000000000e+03,-3.118235951119918248e+00,2.266857065187455333e+00,-1.087872959643726878e+00
2.342699999999999960e+01,1.625000000000000000e+03,1.800000000000000000e+03,-3.113656998656583852e+00,2.267700769555983431e+00,-1.093350752962223726e+00
2.344399999999999906e+01,1.625000000000000000e+03,1.800000000000000000e+03,-3.111642538820613257e+00,2.269021663594736449e+00,-1.093949184712979417e+00
2.346300000000000097e+01,1.625000000000000000e+03,1.800000000000000000e+03,-3.111642538820613257e+00,2.269021663594736449e+00,-1.093949184712979417e+00
2.347899999999999920e+01,1.625000000000000000e+03,1.800000000000000000e+03,-3.107611699408345807e+00,2.271666232142336206e+00,-1.111258366942241338e+00
2.349699999999999989e+01,1.625000000000000000e+03,1.800000000000000000e+03,-3.104432917649022183e+00,2.274473163170014356e+00,-1.106441845393100198e+00
2.351399999999999935e+01,1.625000000000000000e+03,1.800000000000000000e+03,-3.104432917649022183e+00,2.274473163170014356e+00,-1.106441845393100198e+00
2.353200000000000003e+01,1.625000000000000000e+03,1.800000000000000000e+03,-3.101560605557599715e+00,2.275640037808124738e+00,-1.107048487570994055e+00
2.354799999999999827e+01,1.625000000000000000e+03,1.800000000000000000e+03,-3.079102881720606089e+00,2.286819432570977195e+00,-1.139375559951563366e+00
2.356599999999999895e+01,1.625000000000000000e+03,1.800000000000000000e+03,-3.075690376982751051e+00,2.286187080065047450e+00,-1.140001787454938187e+00
2.358299999999999841e+01,1.625000000000000000e+03,1.800000000000000000e+03,-3.068763661207347226e+00,2.290036317255261356e+00,-1.147896459837187688e+00
2.360000000000000142e+01,1.625000000000000000e+03,1.800000000000000000e+03,-3.068763661207347226e+00,2.290036317255261356e+00,-1.147896459837187688e+00
2.361700000000000088e+01,1.625000000000000000e+03,1.800000000000000000e+03,-3.066416281960144818e+00,2.293028284076398915e+00,-1.153426825444814563e+00
2.363400000000000034e+01,1.625000000000000000e+03,1.800000000000000000e+03,-3.062683530213730521e+00,2.294051786339551313e+00,-1.158685607915730831e+00
2.365099999999999980e+01,1.625000000000000000e+03,1.800000000000000000e+03,-3.061184666541381105e+00,2.297207417036858601e+00,-1.154940126399885081e+00
2.366799999999999926e+01,1.625000000000000000e+03,1.800000000000000000e+03,-3.057774283682107352e+00,2.296575533534844560e+00,-1.155574152482027106e+00
2.368499999999999872e+01,1.625000000000000000e+03,1.800000000000000000e+03,-3.057774283682107352e+00,2.296575533534844560e+00,-1.155574152482027106e+00
2.370200000000000173e+01,1.625000000000000000e+03,1.800000000000000000e+03,-3.054566997851826837e+00,2.299418709254461124e+00,-1.156208173946927653e+00
2.371900000000000119e+01,1.625000000000000000e+03,1.800000000000000000e+03,-3.050831671660025446e+00,2.300447069087513619e+00,-1.172652025888100580e+00
2.373699999999999832e+01,1.625000000000000000e+03,1.800000000000000000e+03,-3.048144162461840168e+00,2.305116477083069437e+00,-1.169184639399184933e+00
2.375499999999999901e+01,1.625000000000000000e+03,1.800000000000000000e+03,-3.048144162461840168e+00,2.305116477083069437e+00,-1.169184639399184933e+00
2.377199999999999847e+01,1.625000000000000000e+03,1.800000000000000000e+03,-3.038631836348178794e+00,2.308530730240764939e+00,-1.186801357520013589e+00
2.378900000000000148e+01,1.625000000000000000e+03,1.800000000000000000e+03,-3.032004448737797730e+00,2.310759511018714907e+00,-1.173261863544697414e+00
2.380699999999999861e+01,1.625000000000000000e+03,1.800000000000000000e+03,-3.032004448737797730e+00,2.310759511018714907e+00,-1.173261863544697414e+00
2.382400000000000162e+01,1.625000000000000000e+03,1.800000000000000000e+03,-3.028780857281153427e+00,2.313622812004471285e+00,-1.178247186220354958e+00
2.384100000000000108e+01,1.625000000000000000e+03,1.800000000000000000e+03,-3.028780857281153427e+00,2.313622812004471285e+00,-1.178247186220354958e+00
2.385800000000000054e+01,1.625000000000000000e+03,1.800000000000000000e+03,-3.022148827580262154e+00,2.315859271802538810e+00,-1.187076303523225906e+00
2.387500000000000000e+01,1.625000000000000000e+03,1.800000000000000000e+03,-3.022148827580262154e+00,2.315859271802538810e+00,-1.187076303523225906e+00
2.389199999999999946e+01,1.625000000000000000e+03,1.800000000000000000e+03,-3.017044746244331499e+00,2.314915378996990736e+00,-1.187725241228739792e+00
2.390899999999999892e+01,1.625000000000000000e+03,1.800000000000000000e+03,-3.017044746244331499e+00,2.314915378996990736e+00,-1.187725241228739792e+00
2.392699999999999960e+01,1.625000000000000000e+03,1.800000000000000000e+03,-3.012964043077706489e+00,2.317628226310603168e+00,-1.203946565710490413e+00
2.394500000000000028e+01,1.625000000000000000e+03,1.800000000000000000e+03,-3.012964043077706489e+00,2.317628226310603168e+00,-1.203946565710490413e+00
2.396199999999999974e+01,1.625000000000000000e+03,1.800000000000000000e+03,-3.009388633625118992e+00,2.322176265230952552e+00,-1.189881929850511888e+00
2.397800000000000153e+01,1.625000000000000000e+03,1.800000000000000000e+03,-3.005137348932514829e+00,2.321390233724335062e+00,-1.202378733164086055e+00
2.399500000000000099e+01,1.625000000000000000e+03,1.800000000000000000e+03,-3.005137348932514829e+00,2.321390233724335062e+00,-1.202378733164086055e+00
2.401200000000000045e+01,1.625000000000000000e+03,1.800000000000000000e+03,-2.981476129006240150e+00,2.329209155499082140e+00,-1.222615305588670598e+00
2.402899999999999991e+01,1.625000000000000000e+03,1.800000000000000000e+03,-2.981476129006240150e+00,2.329209155499082140e+00,-1.222615305588670598e+00
2.404599999999999937e+01,1.625000000000000000e+03,1.800000000000000000e+03,-2.977730930202175941e+00,2.330263313885042376e+00,-1.235164849098427720e+00
2.406299999999999883e+01,1.625000000000000000e+03,1.800000000000000000e+03,-2.974833333606786034e+00,2.331474790783514273e+00,-1.235836120549854256e+00
2.407999999999999829e+01,1.625000000000000000e+03,1.800000000000000000e+03,-2.972072286003419883e+00,2.336209211808955466e+00,-1.236651878249377168e+00
2.409700000000000131e+01,1.625000000000000000e+03,1.800000000000000000e+03,-2.965421364675240312e+00,2.338483646173662667e+00,-1.237994579580405707e+00
2.411499999999999844e+01,1.625000000000000000e+03,1.800000000000000000e+03,-2.961183095536677357e+00,2.337702478321287636e+00,-1.250720388149152207e+00
2.413200000000000145e+01,1.625000000000000000e+03,1.800000000000000000e+03,-2.961183095536677357e+00,2.337702478321287636e+00,-1.250720388149152207e+00
2.414900000000000091e+01,1.625000000000000000e+03,1.800000000000000000e+03,-2.961183095536677357e+00,2.337702478321287636e+00,-1.250720388149152207e+00
2.416600000000000037e+01,1.625000000000000000e+03,1.800000000000000000e+03,-2.955017777004405044e+00,2.341824817965764804e+00,-1.240825075388693355e+00
2.418299999999999983e+01,1.625000000000000000e+03,1.800000000000000000e+03,-2.955017777004405044e+00,2.341824817965764804e+00,-1.240825075388693355e+00
2.419999999999999929e+01,1.625000000000000000e+03,1.800000000000000000e+03,-2.947998095137011276e+00,2.345799313828397459e+00,-1.251636091910978354e+00
2.421799999999999997e+01,1.625000000000000000e+03,1.800000000000000000e+03,-2.947998095137011276e+00,2.345799313828397459e+00,-1.251636091910978354e+00
2.423499999999999943e+01,1.625000000000000000e+03,1.800000000000000000e+03,-2.945091906614863753e+00,2.347021904608372012e+00,-1.255034665314679554e+00
2.425199999999999889e+01,1.625000000000000000e+03,1.800000000000000000e+03,-2.939757018936743904e+00,2.351319733927722755e+00,-1.253794446339096869e+00
2.426899999999999835e+01,1.625000000000000000e+03,1.800000000000000000e+03,-2.935891438216600591e+00,2.348846387742078878e+00,-1.280981055798322776e+00
2.428600000000000136e+01,1.625000000000000000e+03,1.800000000000000000e+03,-2.932243897037018598e+00,2.353460909717335348e+00,-1.267716384475911173e+00
2.430300000000000082e+01,1.625000000000000000e+03,1.800000000000000000e+03,-2.932243897037018598e+00,2.353460909717335348e+00,-1.267716384475911173e+00
2.432000000000000028e+01,1.625000000000000000e+03,1.800000000000000000e+03,-2.929333369886837790e+00,2.354689072261030969e+00,-1.270762396563069663e+00
2.433699999999999974e+01,1.625000000000000000e+03,1.800000000000000000e+03,-2.925948264319930381e+00,2.354065655140860969e+00,-1.271445885188224212e+00
2.435500000000000043e+01,1.625000000000000000e+03,1.800000000000000000e+03,-2.921817915446165870e+00,2.356836528735215985e+00,-1.269871967194677653e+00
2.437199999999999989e+01,1.625000000000000000e+03,1.800000000000000000e+03,-2.918059712504702308e+00,2.357911868414731771e+00,-1.283290299185168903e+00
2.439000000000000057e+01,1.625000000000000000e+03,1.800000000000000000e+03,-2.918059712504702308e+00,2.357911868414731771e+00,-1.283290299185168903e+00
2.440700000000000003e+01,1.625000000000000000e+03,1.800000000000000000e+03,-2.915992473248016026e+00,2.359299566308896701e+00,-1.285971199318227676e+00
2.442399999999999949e+01,1.625000000000000000e+03,1.800000000000000000e+03,-2.911387642364027251e+00,2.360221269374254138e+00,-1.286660391339157883e+00
2.444099999999999895e+01,1.625000000000000000e+03,1.800000000000000000e+03,-2.907628182928743144e+00,2.361299712508674986e+00,-1.273392713698161760e+00
2.445799999999999841e+01,1.625000000000000000e+03,1.800000000000000000e+03,-2.905558412248072653e+00,2.362690048637193119e+00,-1.286130086745729706e+00
2.447500000000000142e+01,1.625000000000000000e+03,1.800000000000000000e+03,-2.901797749402539317e+00,2.363770421102811436e+00,-1.301333903810757198e+00
2.449200000000000088e+01,1.625000000000000000e+03,1.800000000000000000e+03,-2.898036727318928918e+00,2.364851850565639957e+00,-1.302028532099870128e+00
2.450900000000000034e+01,1.625000000000000000e+03,1.800000000000000000e+03,-2.898036727318928918e+00,2.364851850565639957e+00,-1.302028532099870128e+00
2.452599999999999980e+01,1.625000000000000000e+03,1.800000000000000000e+03,-2.880913090522231990e+00,2.370584528481491482e+00,-1.306257512492201123e+00
2.454299999999999926e+01,1.625000000000000000e+03,1.800000000000000000e+03,-2.880913090522231990e+00,2.370584528481491482e+00,-1.306257512492201123e+00
2.455999999999999872e+01,1.625000000000000000e+03,1.800000000000000000e+03,-2.876696280388286731e+00,2.369810522544102849e+00,-1.306951853803232755e+00
2.457700000000000173e+01,1.625000000000000000e+03,1.800000000000000000e+03,-2.872933673220873452e+00,2.370898493913004668e+00,-1.320343576636151539e+00
2.459400000000000119e+01,1.625000000000000000e+03,1.800000000000000000e+03,-2.869563503480633493e+00,2.370280724400112948e+00,-1.321043001238436432e+00
2.461100000000000065e+01,1.625000000000000000e+03,1.800000000000000000e+03,-2.866249603150619940e+00,2.373231951738551615e+00,-1.320562071236822899e+00
2.462800000000000011e+01,1.625000000000000000e+03,1.800000000000000000e+03,-2.863327783938011795e+00,2.374477321589390844e+00,-1.322482322466478788e+00
2.464600000000000080e+01,1.625000000000000000e+03,1.800000000000000000e+03,-2.859563017203107904e+00,2.375569238512123871e+00,-1.336022500129945723e+00
2.466300000000000026e+01,1.625000000000000000e+03,1.800000000000000000e+03,-2.859563017203107904e+00,2.375569238512123871e+00,-1.336022500129945723e+00
2.467999999999999972e+01,1.625000000000000000e+03,1.800000000000000000e+03,-2.852431317328890881e+00,2.376045629271523296e+00,-1.337430871053874037e+00
2.469699999999999918e+01,1.625000000000000000e+03,1.800000000000000000e+03,-2.852431317328890881e+00,2.376045629271523296e+00,-1.337430871053874037e+00
2.471399999999999864e+01,1.625000000000000000e+03,1.800000000000000000e+03,-2.848707031094702913e+00,2.380717890252773472e+00,-1.337334592699236602e+00
2.473100000000000165e+01,1.625000000000000000e+03,1.800000000000000000e+03,-2.848707031094702913e+00,2.380717890252773472e+00,-1.337334592699236602e+00
2.474800000000000111e+01,1.625000000000000000e+03,1.800000000000000000e+03,-2.843622027546778952e+00,2.376217342479499006e+00,-1.351841769234833235e+00
2.476599999999999824e+01,1.625000000000000000e+03,1.800000000000000000e+03,-2.843622027546778952e+00,2.376217342479499006e+00,-1.351841769234833235e+00
2.478300000000000125e+01,1.625000000000000000e+03,1.800000000000000000e+03,-2.838210187059905021e+00,2.380582587082372026e+00,-1.353254566283366600e+00
2.480099999999999838e+01,1.625000000000000000e+03,1.800000000000000000e+03,-2.835719140136468752e+00,2.383702728190251641e+00,-1.366383100488329561e+00
2.481800000000000139e+01,1.625000000000000000e+03,1.800000000000000000e+03,-2.832790745600846094e+00,2.384956416899650211e+00,-1.354260555866671156e+00
2.483500000000000085e+01,1.625000000000000000e+03,1.800000000000000000e+03,-2.827748289553039029e+00,2.384033900385206906e+00,-1.355676984416448017e+00
2.485300000000000153e+01,1.625000000000000000e+03,1.800000000000000000e+03,-2.827748289553039029e+00,2.384033900385206906e+00,-1.355676984416448017e+00
2.486899999999999977e+01,1.625000000000000000e+03,1.800000000000000000e+03,-2.824389146939713768e+00,2.383420036583398183e+00,-1.356385063165398641e+00
2.488800000000000168e+01,1.625000000000000000e+03,1.800000000000000000e+03,-2.824389146939713768e+00,2.383420036583398183e+00,-1.356385063165398641e+00
2.490500000000000114e+01,1.625000000000000000e+03,1.800000000000000000e+03,-2.821050471503961710e+00,2.386390712882216381e+00,-1.369934021553866010e+00
2.492200000000000060e+01,1.625000000000000000e+03,1.800000000000000000e+03,-2.813923766561547524e+00,2.386880615532382954e+00,-1.372057085035605528e+00
2.493900000000000006e+01,1.625000000000000000e+03,1.800000000000000000e+03,-2.809730296610954081e+00,2.386115393792152872e+00,-1.372769330017445277e+00
2.495599999999999952e+01,1.625000000000000000e+03,1.800000000000000000e+03,-2.809730296610954081e+00,2.386115393792152872e+00,-1.372769330017445277e+00
2.497299999999999898e+01,1.625000000000000000e+03,1.800000000000000000e+03,-2.806384558542974972e+00,2.389090365522286596e+00,-1.373481472946680437e+00
2.498999999999999844e+01,1.625000000000000000e+03,1.800000000000000000e+03,-2.798842400000939534e+00,2.387715262847546871e+00,-1.374905453649580167e+00
2.500700000000000145e+01,1.625000000000000000e+03,1.800000000000000000e+03,-2.798842400000939534e+00,2.387715262847546871e+00,-1.374905453649580167e+00
2.502499999999999858e+01,1.625000000000000000e+03,1.800000000000000000e+03,-2.795491663521960213e+00,2.390692900872841253e+00,-1.388862725255882502e+00
2.504200000000000159e+01,1.625000000000000000e+03,1.800000000000000000e+03,-2.771187112101959116e+00,2.397054554358869716e+00,-1.394537762667209524e+00
2.505900000000000105e+01,1.625000000000000000e+03,1.800000000000000000e+03,-2.771187112101959116e+00,2.397054554358869716e+00,-1.394537762667209524e+00
2.507600000000000051e+01,1.625000000000000000e+03,1.800000000000000000e+03,-2.762803686504442968e+00,2.399132546051311099e+00,-1.409382763085239798e+00
2.511100000000000065e+01,1.625000000000000000e+03,1.800000000000000000e+03,-2.762803686504442968e+00,2.399132546051311099e+00,-1.409382763085239798e+00
2.514699999999999847e+01,1.625000000000000000e+03,1.800000000000000000e+03,-2.762803686504442968e+00,2.399132546051311099e+00,-1.409382763085239798e+00
2.516600000000000037e+01,1.625000000000000000e+03,1.800000000000000000e+03,-2.762803686504442968e+00,2.399132546051311099e+00,-1.409382763085239798e+00
2.518499999999999872e+01,1.625000000000000000e+03,1.800000000000000000e+03,-2.762803686504442968e+00,2.399132546051311099e+00,-1.409382763085239798e+00
2.520299999999999940e+01,1.625000000000000000e+03,1.800000000000000000e+03,-2.756957141432903491e+00,2.398069927459343997e+00,-1.423644000160320555e+00
2.522200000000000131e+01,1.625000000000000000e+03,1.800000000000000000e+03,-2.756957141432903491e+00,2.398069927459343997e+00,-1.423644000160320555e+00
2.524099999999999966e+01,1.625000000000000000e+03,1.800000000000000000e+03,-2.753583767916363279e+00,2.401062873851739443e+00,-1.412349105731175225e+00
2.525799999999999912e+01,1.625000000000000000e+03,1.800000000000000000e+03,-2.746073570190925128e+00,2.399699167666105915e+00,-1.437802228793404247e+00
2.527599999999999980e+01,1.625000000000000000e+03,1.800000000000000000e+03,-2.743133800349468299e+00,2.400969477244705441e+00,-1.438526166015194452e+00
2.529400000000000048e+01,1.625000000000000000e+03,1.800000000000000000e+03,-2.743133800349468299e+00,2.400969477244705441e+00,-1.438526166015194452e+00
2.531099999999999994e+01,1.625000000000000000e+03,1.800000000000000000e+03,-2.735192579025481407e+00,2.401333954030488993e+00,-1.442257867186546694e+00
2.532900000000000063e+01,1.625000000000000000e+03,1.800000000000000000e+03,-2.735192579025481407e+00,2.401333954030488993e+00,-1.442257867186546694e+00
2.534600000000000009e+01,1.625000000000000000e+03,1.800000000000000000e+03,-2.732251484620834781e+00,2.402606046367836257e+00,-1.456033320634574357e+00
2.536299999999999955e+01,1.625000000000000000e+03,1.800000000000000000e+03,-2.722590073064129257e+00,2.406276648731790591e+00,-1.445033031746079555e+00
2.537999999999999901e+01,1.625000000000000000e+03,1.800000000000000000e+03,-2.722590073064129257e+00,2.406276648731790591e+00,-1.445033031746079555e+00
2.539699999999999847e+01,1.625000000000000000e+03,1.800000000000000000e+03,-2.715035094785615666e+00,2.408527023600463668e+00,-1.460246290092789279e+00
2.541400000000000148e+01,1.625000000000000000e+03,1.800000000000000000e+03,-2.715035094785615666e+00,2.408527023600463668e+00,-1.460246290092789279e+00
2.543100000000000094e+01,1.625000000000000000e+03,1.800000000000000000e+03,-2.711706902455423673e+00,2.407924267556794451e+00,-1.460971815132730001e+00
2.544800000000000040e+01,1.625000000000000000e+03,1.800000000000000000e+03,-2.708309459126868379e+00,2.410931816072427125e+00,-1.463797743471747959e+00
2.546499999999999986e+01,1.625000000000000000e+03,1.800000000000000000e+03,-2.703394487927323731e+00,2.406420921250499223e+00,-1.476305105567341069e+00
2.548199999999999932e+01,1.625000000000000000e+03,1.800000000000000000e+03,-2.700072735873749075e+00,2.405820990777562951e+00,-1.477032340139015520e+00
2.549899999999999878e+01,1.625000000000000000e+03,1.800000000000000000e+03,-2.700072735873749075e+00,2.405820990777562951e+00,-1.477032340139015520e+00
2.551599999999999824e+01,1.625000000000000000e+03,1.800000000000000000e+03,-2.666642626539839078e+00,2.410658891713249652e+00,-1.498111977768183278e+00
2.553300000000000125e+01,1.625000000000000000e+03,1.800000000000000000e+03,-2.666642626539839078e+00,2.410658891713249652e+00,-1.498111977768183278e+00
2.555000000000000071e+01,1.625000000000000000e+03,1.800000000000000000e+03,-2.659805664279976778e+00,2.416688650619956302e+00,-1.502558830928137024e+00
2.556800000000000139e+01,1.625000000000000000e+03,1.800000000000000000e+03,-2.659805664279976778e+00,2.416688650619956302e+00,-1.502558830928137024e+00
2.558399999999999963e+01,1.625000000000000000e+03,1.800000000000000000e+03,-2.652001899376790650e+00,2.413467106683630625e+00,-1.504012995272441922e+00
2.560099999999999909e+01,1.625000000000000000e+03,1.800000000000000000e+03,-2.648342314333000935e+00,2.410995360664435427e+00,-1.515831133152870214e+00
2.561899999999999977e+01,1.625000000000000000e+03,1.800000000000000000e+03,-2.648342314333000935e+00,2.410995360664435427e+00,-1.515831133152870214e+00
2.563599999999999923e+01,1.625000000000000000e+03,1.800000000000000000e+03,-2.644918250521571146e+00,2.414009392671838228e+00,-1.520005910555270123e+00
2.565299999999999869e+01,1.625000000000000000e+03,1.800000000000000000e+03,-2.644918250521571146e+00,2.414009392671838228e+00,-1.520005910555270123e+00
2.567099999999999937e+01,1.625000000000000000e+03,1.800000000000000000e+03,-2.640089156164330930e+00,2.409515082144485287e+00,-1.531462977516685031e+00
2.568799999999999883e+01,1.625000000000000000e+03,1.800000000000000000e+03,-2.640089156164330930e+00,2.409515082144485287e+00,-1.531462977516685031e+00
2.570499999999999829e+01,1.625000000000000000e+03,1.800000000000000000e+03,-2.640089156164330930e+00,2.409515082144485287e+00,-1.531462977516685031e+00
2.572200000000000131e+01,1.625000000000000000e+03,1.800000000000000000e+03,-2.634058433178012137e+00,2.415692059180791773e+00,-1.532681925259215872e+00
2.573900000000000077e+01,1.625000000000000000e+03,1.800000000000000000e+03,-2.634058433178012137e+00,2.415692059180791773e+00,-1.532681925259215872e+00
2.575600000000000023e+01,1.625000000000000000e+03,1.800000000000000000e+03,-2.629933300167837995e+00,2.414951866149114501e+00,-1.519980620979544339e+00
2.577299999999999969e+01,1.625000000000000000e+03,1.800000000000000000e+03,-2.622857352614798465e+00,2.415500182824840358e+00,-1.535591714846373801e+00
2.578999999999999915e+01,1.625000000000000000e+03,1.800000000000000000e+03,-2.622857352614798465e+00,2.415500182824840358e+00,-1.535591714846373801e+00
2.580699999999999861e+01,1.625000000000000000e+03,1.800000000000000000e+03,-2.616267642416269190e+00,2.414320047369044708e+00,-1.550559643259870946e+00
2.582400000000000162e+01,1.625000000000000000e+03,1.800000000000000000e+03,-2.616267642416269190e+00,2.414320047369044708e+00,-1.550559643259870946e+00
2.584199999999999875e+01,1.625000000000000000e+03,1.800000000000000000e+03,-2.611667319600265103e+00,2.415313557412677614e+00,-1.537771707172292945e+00
2.585800000000000054e+01,1.625000000000000000e+03,1.800000000000000000e+03,-2.608376155511925365e+00,2.414724906348462152e+00,-1.538497923387841526e+00
2.587500000000000000e+01,1.625000000000000000e+03,1.800000000000000000e+03,-2.605756390560928892e+00,2.417892261288042910e+00,-1.557101153915088965e+00
2.589199999999999946e+01,1.625000000000000000e+03,1.800000000000000000e+03,-2.605756390560928892e+00,2.417892261288042910e+00,-1.557101153915088965e+00
2.590899999999999892e+01,1.625000000000000000e+03,1.800000000000000000e+03,-2.600820934441945731e+00,2.417009410100843247e+00,-1.558554335040410743e+00
2.592699999999999960e+01,1.625000000000000000e+03,1.800000000000000000e+03,-2.594576358190452403e+00,2.417712233747693507e+00,-1.555385765643017670e+00
2.594399999999999906e+01,1.625000000000000000e+03,1.800000000000000000e+03,-2.591618933696592908e+00,2.419003564425399766e+00,-1.574787647973516336e+00
2.596099999999999852e+01,1.625000000000000000e+03,1.800000000000000000e+03,-2.591618933696592908e+00,2.419003564425399766e+00,-1.574787647973516336e+00
2.597800000000000153e+01,1.625000000000000000e+03,1.800000000000000000e+03,-2.586690544796802715e+00,2.418123245602666671e+00,-1.571131776468113195e+00
2.599500000000000099e+01,1.625000000000000000e+03,1.800000000000000000e+03,-2.579628620035942177e+00,2.418682881440330501e+00,-1.572582167576910717e+00
2.601200000000000045e+01,1.625000000000000000e+03,1.800000000000000000e+03,-2.579628620035942177e+00,2.418682881440330501e+00,-1.572582167576910717e+00
2.602899999999999991e+01,1.625000000000000000e+03,1.800000000000000000e+03,-2.575527474730404442e+00,2.417951532813849891e+00,-1.587669059232295954e+00
2.604599999999999937e+01,1.625000000000000000e+03,1.800000000000000000e+03,-2.575527474730404442e+00,2.417951532813849891e+00,-1.587669059232295954e+00
2.606400000000000006e+01,1.625000000000000000e+03,1.800000000000000000e+03,-2.554363114210914887e+00,2.419644133138135977e+00,-1.597289383070758184e+00
2.607999999999999829e+01,1.625000000000000000e+03,1.800000000000000000e+03,-2.554363114210914887e+00,2.419644133138135977e+00,-1.597289383070758184e+00
2.609799999999999898e+01,1.625000000000000000e+03,1.800000000000000000e+03,-2.551402140064141566e+00,2.420939162173756376e+00,-1.598011937035805907e+00
2.611400000000000077e+01,1.625000000000000000e+03,1.800000000000000000e+03,-2.547003190825265051e+00,2.418335841302328149e+00,-1.613616425182545999e+00
2.613200000000000145e+01,1.625000000000000000e+03,1.800000000000000000e+03,-2.535571195758214547e+00,2.416307562838705181e+00,-1.616499035017529673e+00
2.614900000000000091e+01,1.625000000000000000e+03,1.800000000000000000e+03,-2.535571195758214547e+00,2.416307562838705181e+00,-1.616499035017529673e+00
2.616600000000000037e+01,1.625000000000000000e+03,1.800000000000000000e+03,-2.530164306476772929e+00,2.417168547053683003e+00,-1.617218965678525189e+00
2.618299999999999983e+01,1.625000000000000000e+03,1.800000000000000000e+03,-2.527203452909685844e+00,2.418463914688991689e+00,-1.617938607381446348e+00
2.619999999999999929e+01,1.625000000000000000e+03,1.800000000000000000e+03,-2.523127495602322412e+00,2.417741955719687308e+00,-1.633584851504382929e+00
2.621799999999999997e+01,1.625000000000000000e+03,1.800000000000000000e+03,-2.519868581179077527e+00,2.417165135774676177e+00,-1.634302521769349870e+00
2.623499999999999943e+01,1.625000000000000000e+03,1.800000000000000000e+03,-2.516611308690964499e+00,2.416588977224467527e+00,-1.635019888664011711e+00
2.625199999999999889e+01,1.625000000000000000e+03,1.800000000000000000e+03,-2.516611308690964499e+00,2.416588977224467527e+00,-1.635019888664011711e+00
2.626899999999999835e+01,1.625000000000000000e+03,1.800000000000000000e+03,-2.509580876387870862e+00,2.417165522790019949e+00,-1.636453711833264713e+00
2.628600000000000136e+01,1.625000000000000000e+03,1.800000000000000000e+03,-2.509580876387870862e+00,2.417165522790019949e+00,-1.636453711833264713e+00
2.630399999999999849e+01,1.625000000000000000e+03,1.800000000000000000e+03,-2.504991848619820161e+00,2.418174654506054733e+00,-1.637170167855608982e+00
2.632199999999999918e+01,1.625000000000000000e+03,1.800000000000000000e+03,-2.497676107209347851e+00,2.416882877584439537e+00,-1.653561355499238328e+00
2.633899999999999864e+01,1.625000000000000000e+03,1.800000000000000000e+03,-2.497676107209347851e+00,2.416882877584439537e+00,-1.653561355499238328e+00
2.635600000000000165e+01,1.625000000000000000e+03,1.800000000000000000e+03,-2.494427304030570891e+00,2.416309806733171861e+00,-1.654275036983179126e+00
2.637399999999999878e+01,1.625000000000000000e+03,1.800000000000000000e+03,-2.494427304030570891e+00,2.416309806733171861e+00,-1.654275036983179126e+00
2.639199999999999946e+01,1.625000000000000000e+03,1.800000000000000000e+03,-2.487123408830465010e+00,2.415022748300370559e+00,-1.670689635151401120e+00
2.641000000000000014e+01,1.625000000000000000e+03,1.800000000000000000e+03,-2.487123408830465010e+00,2.415022748300370559e+00,-1.670689635151401120e+00
2.642699999999999960e+01,1.625000000000000000e+03,1.800000000000000000e+03,-2.487123408830465010e+00,2.415022748300370559e+00,-1.670689635151401120e+00
2.644399999999999906e+01,1.625000000000000000e+03,1.800000000000000000e+03,-2.483069215532733409e+00,2.414309114413734303e+00,-1.657126581797155884e+00
2.646199999999999974e+01,1.625000000000000000e+03,1.800000000000000000e+03,-2.479575903947161208e+00,2.417331727127540741e+00,-1.664951914557278201e+00
2.648000000000000043e+01,1.625000000000000000e+03,1.800000000000000000e+03,-2.476587725835487586e+00,2.413169363724857241e+00,-1.672820001267676160e+00
2.649599999999999866e+01,1.625000000000000000e+03,1.800000000000000000e+03,-2.468494862861469574e+00,2.411748221243233736e+00,-1.674947379690890470e+00
2.651300000000000168e+01,1.625000000000000000e+03,1.800000000000000000e+03,-2.446416299080852230e+00,2.411510101712083021e+00,-1.694176731952527604e+00
2.653000000000000114e+01,1.625000000000000000e+03,1.800000000000000000e+03,-2.441577624892137255e+00,2.410663604875094013e+00,-1.709877617792271431e+00
2.654799999999999827e+01,1.625000000000000000e+03,1.800000000000000000e+03,-2.438353804634907807e+00,2.410100034540354041e+00,-1.710577770531800601e+00
2.656599999999999895e+01,1.625000000000000000e+03,1.800000000000000000e+03,-2.438353804634907807e+00,2.410100034540354041e+00,-1.710577770531800601e+00
2.658399999999999963e+01,1.625000000000000000e+03,1.800000000000000000e+03,-2.431621879440212464e+00,2.412554364870599155e+00,-1.690309831584124289e+00
2.660099999999999909e+01,1.625000000000000000e+03,1.800000000000000000e+03,-2.431621879440212464e+00,2.412554364870599155e+00,-1.690309831584124289e+00
2.661899999999999977e+01,1.625000000000000000e+03,1.800000000000000000e+03,-2.427595111350847823e+00,2.411850667407319015e+00,-1.706465570660728126e+00
2.663599999999999923e+01,1.625000000000000000e+03,1.800000000000000000e+03,-2.427595111350847823e+00,2.411850667407319015e+00,-1.706465570660728126e+00
2.665299999999999869e+01,1.625000000000000000e+03,1.800000000000000000e+03,-2.423570779821935250e+00,2.411147909314985238e+00,-1.707165602563149198e+00
2.667000000000000171e+01,1.625000000000000000e+03,1.800000000000000000e+03,-2.420650714969872830e+00,2.407011174891437122e+00,-1.729058694984020761e+00
2.668700000000000117e+01,1.625000000000000000e+03,1.800000000000000000e+03,-2.416885259139261777e+00,2.408167747469425635e+00,-1.729753096969087744e+00
2.670499999999999829e+01,1.625000000000000000e+03,1.800000000000000000e+03,-2.416885259139261777e+00,2.408167747469425635e+00,-1.729753096969087744e+00
2.672200000000000131e+01,1.625000000000000000e+03,1.800000000000000000e+03,-2.404780276673373240e+00,2.411502233894244007e+00,-1.726103238904716841e+00
2.673900000000000077e+01,1.625000000000000000e+03,1.800000000000000000e+03,-2.404780276673373240e+00,2.411502233894244007e+00,-1.726103238904716841e+00
2.675600000000000023e+01,1.625000000000000000e+03,1.800000000000000000e+03,-2.404780276673373240e+00,2.411502233894244007e+00,-1.726103238904716841e+00
2.677299999999999969e+01,1.625000000000000000e+03,1.800000000000000000e+03,-2.401568987951455458e+00,2.410942840654047181e+00,-1.726797535052252641e+00
2.679100000000000037e+01,1.625000000000000000e+03,1.800000000000000000e+03,-2.401568987951455458e+00,2.410942840654047181e+00,-1.726797535052252641e+00
2.680799999999999983e+01,1.625000000000000000e+03,1.800000000000000000e+03,-2.397872379058254566e+00,2.406672230128240386e+00,-1.733911707197003604e+00
2.682600000000000051e+01,1.625000000000000000e+03,1.800000000000000000e+03,-2.391463163895313659e+00,2.405559171994974488e+00,-1.774301601215993340e+00
2.684400000000000119e+01,1.625000000000000000e+03,1.800000000000000000e+03,-2.391463163895313659e+00,2.405559171994974488e+00,-1.774301601215993340e+00
2.686100000000000065e+01,1.625000000000000000e+03,1.800000000000000000e+03,-2.391463163895313659e+00,2.405559171994974488e+00,-1.774301601215993340e+00
2.687800000000000011e+01,1.625000000000000000e+03,1.800000000000000000e+03,-2.385860112801771571e+00,2.404587143773684321e+00,-1.760915704569129270e+00
2.689499999999999957e+01,1.625000000000000000e+03,1.800000000000000000e+03,-2.382424088890747971e+00,2.402182335298677529e+00,-1.761599411214731292e+00
2.691199999999999903e+01,1.625000000000000000e+03,1.800000000000000000e+03,-2.378428427954565549e+00,2.401490690590948773e+00,-1.747538997754485068e+00
2.692899999999999849e+01,1.625000000000000000e+03,1.800000000000000000e+03,-2.374667983779805702e+00,2.402648357582104044e+00,-1.748225982981696847e+00
2.694600000000000151e+01,1.625000000000000000e+03,1.800000000000000000e+03,-2.370675292542873347e+00,2.401957624614104780e+00,-1.764330327909472862e+00
2.696300000000000097e+01,1.625000000000000000e+03,1.800000000000000000e+03,-2.368280810371562239e+00,2.401543609357553954e+00,-1.779731472652722468e+00
2.698000000000000043e+01,1.625000000000000000e+03,1.800000000000000000e+03,-2.368280810371562239e+00,2.401543609357553954e+00,-1.779731472652722468e+00
2.699699999999999989e+01,1.625000000000000000e+03,1.800000000000000000e+03,-2.365089486482149894e+00,2.400992082664496152e+00,-1.780408399154524979e+00
2.701500000000000057e+01,1.625000000000000000e+03,1.800000000000000000e+03,-2.361899667603504671e+00,2.400441118448144895e+00,-1.781084923671717668e+00
2.703200000000000003e+01,1.625000000000000000e+03,1.800000000000000000e+03,-2.335640747818627183e+00,2.395916889947731221e+00,-1.805608319578126952e+00
2.704899999999999949e+01,1.625000000000000000e+03,1.800000000000000000e+03,-2.332464727425715090e+00,2.395371043557113833e+00,-1.806274632827777005e+00
2.706599999999999895e+01,1.625000000000000000e+03,1.800000000000000000e+03,-2.325324084301495731e+00,2.394144876893135709e+00,-1.807606014103222192e+00
2.708299999999999841e+01,1.625000000000000000e+03,1.800000000000000000e+03,-2.325324084301495731e+00,2.394144876893135709e+00,-1.807606014103222192e+00
2.710000000000000142e+01,1.625000000000000000e+03,1.800000000000000000e+03,-2.321360284629195192e+00,2.393464856910139105e+00,-1.808271082000027397e+00
2.711700000000000088e+01,1.625000000000000000e+03,1.800000000000000000e+03,-2.318190898942224187e+00,2.392921446890871273e+00,-1.808935734655939154e+00
2.713400000000000034e+01,1.625000000000000000e+03,1.800000000000000000e+03,-2.315229882601340883e+00,2.394215835800385328e+00,-1.820404414058683251e+00
2.715200000000000102e+01,1.625000000000000000e+03,1.800000000000000000e+03,-2.311065143433916447e+00,2.391700734758447577e+00,-1.825037091312719184e+00
2.716900000000000048e+01,1.625000000000000000e+03,1.800000000000000000e+03,-2.307720498732976466e+00,2.396535282680969381e+00,-1.821723863171954783e+00
2.718499999999999872e+01,1.625000000000000000e+03,1.800000000000000000e+03,-2.303946790190990246e+00,2.390482722053429487e+00,-1.826352367798834697e+00
2.720299999999999940e+01,1.625000000000000000e+03,1.800000000000000000e+03,-2.297034795911071292e+00,2.391100817515891208e+00,-1.827665947441696970e+00
2.721900000000000119e+01,1.625000000000000000e+03,1.800000000000000000e+03,-2.297034795911071292e+00,2.391100817515891208e+00,-1.827665947441696970e+00
2.723699999999999832e+01,1.625000000000000000e+03,1.800000000000000000e+03,-2.292099243690447263e+00,2.388458650612209411e+00,-1.855264834737435198e+00
2.725400000000000134e+01,1.625000000000000000e+03,1.800000000000000000e+03,-2.288943341940194998e+00,2.387920145678418926e+00,-1.855909550852164802e+00
2.727100000000000080e+01,1.625000000000000000e+03,1.800000000000000000e+03,-2.288943341940194998e+00,2.387920145678418926e+00,-1.855909550852164802e+00
2.728800000000000026e+01,1.625000000000000000e+03,1.800000000000000000e+03,-2.285388362465956558e+00,2.390911227217814350e+00,-1.838387835113260982e+00
2.730499999999999972e+01,1.625000000000000000e+03,1.800000000000000000e+03,-2.281252044544861413e+00,2.388406287515869586e+00,-1.857197667691893317e+00
2.732199999999999918e+01,1.625000000000000000e+03,1.800000000000000000e+03,-2.278099827297943580e+00,2.387868946601912068e+00,-1.857841068354201042e+00
2.733899999999999864e+01,1.625000000000000000e+03,1.800000000000000000e+03,-2.275167868404504912e+00,2.381984106313569605e+00,-1.846842578341457264e+00
2.735699999999999932e+01,1.625000000000000000e+03,1.800000000000000000e+03,-2.270225574672127600e+00,2.386527858358001186e+00,-1.844662515033569150e+00
2.737399999999999878e+01,1.625000000000000000e+03,1.800000000000000000e+03,-2.267906056405214699e+00,2.378959498767842629e+00,-1.875419594177595961e+00
2.739099999999999824e+01,1.625000000000000000e+03,1.800000000000000000e+03,-2.262176312003555623e+00,2.383363792657266611e+00,-1.874043057672148960e+00
2.740800000000000125e+01,1.625000000000000000e+03,1.800000000000000000e+03,-2.260840708435897461e+00,2.377761704955562827e+00,-1.876688342582448765e+00
2.742500000000000071e+01,1.625000000000000000e+03,1.800000000000000000e+03,-2.255531186827466783e+00,2.378652034233653456e+00,-1.877955309370870074e+00
2.744300000000000139e+01,1.625000000000000000e+03,1.800000000000000000e+03,-2.252998761500763614e+00,2.376433828585197361e+00,-1.878588124648177926e+00
2.746000000000000085e+01,1.625000000000000000e+03,1.800000000000000000e+03,-2.252998761500763614e+00,2.376433828585197361e+00,-1.878588124648177926e+00
2.747800000000000153e+01,1.625000000000000000e+03,1.800000000000000000e+03,-2.244558893621034557e+00,2.376794712336917748e+00,-1.893285990755729120e+00
2.749500000000000099e+01,1.625000000000000000e+03,1.800000000000000000e+03,-2.242034897362290113e+00,2.374580077404480516e+00,-1.893911227766023497e+00
2.751200000000000045e+01,1.625000000000000000e+03,1.800000000000000000e+03,-2.242034897362290113e+00,2.374580077404480516e+00,-1.893911227766023497e+00
2.752899999999999991e+01,1.625000000000000000e+03,1.800000000000000000e+03,-2.236995792203296585e+00,2.370159220884451301e+00,-1.896665540026009289e+00
2.754599999999999937e+01,1.625000000000000000e+03,1.800000000000000000e+03,-2.219378820969732935e+00,2.370759517020367912e+00,-1.898275263894513731e+00
2.756299999999999883e+01,1.625000000000000000e+03,1.800000000000000000e+03,-2.219378820969732935e+00,2.370759517020367912e+00,-1.898275263894513731e+00
2.757999999999999829e+01,1.625000000000000000e+03,1.800000000000000000e+03,-2.216259609893103555e+00,2.370234571136808910e+00,-1.898896894676823210e+00
2.759700000000000131e+01,1.625000000000000000e+03,1.800000000000000000e+03,-2.216259609893103555e+00,2.370234571136808910e+00,-1.898896894676823210e+00
2.761400000000000077e+01,1.625000000000000000e+03,1.800000000000000000e+03,-2.212816905000690060e+00,2.366091685719725390e+00,-1.930101241919470301e+00
2.763100000000000023e+01,1.625000000000000000e+03,1.800000000000000000e+03,-2.207986534128500544e+00,2.363501856820195979e+00,-1.916077129820201952e+00
2.764799999999999969e+01,1.625000000000000000e+03,1.800000000000000000e+03,-2.207986534128500544e+00,2.363501856820195979e+00,-1.916077129820201952e+00
2.766499999999999915e+01,1.625000000000000000e+03,1.800000000000000000e+03,-2.204098789859279872e+00,2.362850232101939785e+00,-1.931916405958797212e+00
2.768199999999999861e+01,1.625000000000000000e+03,1.800000000000000000e+03,-2.201767178211207376e+00,2.362459617606403217e+00,-1.947045987176000192e+00
2.769900000000000162e+01,1.625000000000000000e+03,1.800000000000000000e+03,-2.197882880917788828e+00,2.361809192443254712e+00,-1.947642138848342030e+00
2.771799999999999997e+01,1.625000000000000000e+03,1.800000000000000000e+03,-2.195398534758863818e+00,2.359617398980912384e+00,-1.948267659349676606e+00
2.773400000000000176e+01,1.625000000000000000e+03,1.800000000000000000e+03,-2.192294995021855541e+00,2.359098576379961010e+00,-1.948862882591200885e+00
2.775100000000000122e+01,1.625000000000000000e+03,1.800000000000000000e+03,-2.192294995021855541e+00,2.359098576379961010e+00,-1.948862882591200885e+00
2.776899999999999835e+01,1.625000000000000000e+03,1.800000000000000000e+03,-2.189192826028055983e+00,2.358580228751269825e+00,-1.949457641306986844e+00
2.778500000000000014e+01,1.625000000000000000e+03,1.800000000000000000e+03,-2.184542138344873319e+00,2.357803595464888158e+00,-1.936047347501745231e+00
2.780199999999999960e+01,1.625000000000000000e+03,1.800000000000000000e+03,-2.181443387550630941e+00,2.357286430453306103e+00,-1.936648468046615390e+00
2.781899999999999906e+01,1.625000000000000000e+03,1.800000000000000000e+03,-2.176944715916987683e+00,2.358309746307478250e+00,-1.951835729592378943e+00
2.783699999999999974e+01,1.625000000000000000e+03,1.800000000000000000e+03,-2.176944715916987683e+00,2.358309746307478250e+00,-1.951835729592378943e+00
2.785399999999999920e+01,1.625000000000000000e+03,1.800000000000000000e+03,-2.173074106789643523e+00,2.357664063421195610e+00,-1.952428166437166768e+00
2.787199999999999989e+01,1.625000000000000000e+03,1.800000000000000000e+03,-2.169691382928033985e+00,2.353555987709391228e+00,-1.953641459153477422e+00
2.788899999999999935e+01,1.625000000000000000e+03,1.800000000000000000e+03,-2.167373019931487121e+00,2.353170201288871333e+00,-1.968600040027928655e+00
2.790700000000000003e+01,1.625000000000000000e+03,1.800000000000000000e+03,-2.167373019931487121e+00,2.353170201288871333e+00,-1.968600040027928655e+00
2.792399999999999949e+01,1.625000000000000000e+03,1.800000000000000000e+03,-2.161826039008886369e+00,2.350478848966604861e+00,-1.969765195711566053e+00
2.794099999999999895e+01,1.625000000000000000e+03,1.800000000000000000e+03,-2.161826039008886369e+00,2.350478848966604861e+00,-1.969765195711566053e+00
2.795799999999999841e+01,1.625000000000000000e+03,1.800000000000000000e+03,-2.157968377993912057e+00,2.349838229604712225e+00,-1.970347073086023304e+00
2.797500000000000142e+01,1.625000000000000000e+03,1.800000000000000000e+03,-2.154883764627461229e+00,2.349326253349849569e+00,-1.970928483609014403e+00
2.799299999999999855e+01,1.625000000000000000e+03,1.800000000000000000e+03,-2.149894936589812122e+00,2.353805293789271946e+00,-1.971988388030795347e+00
2.800900000000000034e+01,1.625000000000000000e+03,1.800000000000000000e+03,-2.122205152609204060e+00,2.338633699560825896e+00,-2.022791268730052661e+00
2.802700000000000102e+01,1.625000000000000000e+03,1.800000000000000000e+03,-2.122205152609204060e+00,2.338633699560825896e+00,-2.022791268730052661e+00
2.804400000000000048e+01,1.625000000000000000e+03,1.800000000000000000e+03,-2.115189292535681886e+00,2.335721070658264953e+00,-2.022489098668172058e+00
2.806099999999999994e+01,1.625000000000000000e+03,1.800000000000000000e+03,-2.111363061751210246e+00,2.335091946444771693e+00,-2.023038083116023511e+00
2.807900000000000063e+01,1.625000000000000000e+03,1.800000000000000000e+03,-2.108185970873537762e+00,2.332814863211984058e+00,-2.040528798790777643e+00
2.809600000000000009e+01,1.625000000000000000e+03,1.800000000000000000e+03,-2.108185970873537762e+00,2.332814863211984058e+00,-2.040528798790777643e+00
2.811299999999999955e+01,1.625000000000000000e+03,1.800000000000000000e+03,-2.102837229340201119e+00,2.331937059280297930e+00,-2.026776913356228338e+00
2.812999999999999901e+01,1.625000000000000000e+03,1.800000000000000000e+03,-2.097916064352260523e+00,2.325877596585126383e+00,-2.071545457720095573e+00
2.814699999999999847e+01,1.625000000000000000e+03,1.800000000000000000e+03,-2.097916064352260523e+00,2.325877596585126383e+00,-2.071545457720095573e+00
2.816400000000000148e+01,1.625000000000000000e+03,1.800000000000000000e+03,-2.092470609575380003e+00,2.323239989507216663e+00,-2.043918296131321810e+00
2.818100000000000094e+01,1.625000000000000000e+03,1.800000000000000000e+03,-2.092470609575380003e+00,2.323239989507216663e+00,-2.043918296131321810e+00
2.819800000000000040e+01,1.625000000000000000e+03,1.800000000000000000e+03,-2.090296379721214404e+00,2.324631952985567018e+00,-2.043918296131321810e+00
2.821600000000000108e+01,1.625000000000000000e+03,1.800000000000000000e+03,-2.085512614116472374e+00,2.320359229517741984e+00,-2.042574791590155314e+00
2.823300000000000054e+01,1.625000000000000000e+03,1.800000000000000000e+03,-2.082471486142610573e+00,2.319863541518579986e+00,-2.043110092860646709e+00
2.825000000000000000e+01,1.625000000000000000e+03,1.800000000000000000e+03,-2.078776929093216985e+00,2.321005818275668986e+00,-2.063952625387303286e+00
2.826699999999999946e+01,1.625000000000000000e+03,1.800000000000000000e+03,-2.078776929093216985e+00,2.321005818275668986e+00,-2.063952625387303286e+00
2.828399999999999892e+01,1.625000000000000000e+03,1.800000000000000000e+03,-2.075426385854797218e+00,2.315232860222335542e+00,-2.061917550859627468e+00
2.830099999999999838e+01,1.625000000000000000e+03,1.800000000000000000e+03,-2.072494304499439721e+00,2.316496885384500715e+00,-2.061917550859627468e+00
2.831899999999999906e+01,1.625000000000000000e+03,1.800000000000000000e+03,-2.069358830250965120e+00,2.314247004967334487e+00,-2.062440035231738911e+00
2.833599999999999852e+01,1.625000000000000000e+03,1.800000000000000000e+03,-2.066326976502971480e+00,2.313754718027447144e+00,-2.062962051910449013e+00
2.835399999999999920e+01,1.625000000000000000e+03,1.800000000000000000e+03,-2.062538959769534497e+00,2.313139958700336951e+00,-2.049414408476371463e+00
2.837099999999999866e+01,1.625000000000000000e+03,1.800000000000000000e+03,-2.058656332195248240e+00,2.310772739035168222e+00,-2.067786625446923932e+00
2.838800000000000168e+01,1.625000000000000000e+03,1.800000000000000000e+03,-2.054117616721361728e+00,2.310037551544980250e+00,-2.083221413128509170e+00
2.840500000000000114e+01,1.625000000000000000e+03,1.800000000000000000e+03,-2.054117616721361728e+00,2.310037551544980250e+00,-2.083221413128509170e+00
2.842200000000000060e+01,1.625000000000000000e+03,1.800000000000000000e+03,-2.051093397620204151e+00,2.309547955256206375e+00,-2.083729224133241686e+00
2.844000000000000128e+01,1.625000000000000000e+03,1.800000000000000000e+03,-2.046376463833200265e+00,2.305317035305230355e+00,-2.081202574898130209e+00
2.845700000000000074e+01,1.625000000000000000e+03,1.800000000000000000e+03,-2.046376463833200265e+00,2.305317035305230355e+00,-2.081202574898130209e+00
2.847500000000000142e+01,1.625000000000000000e+03,1.800000000000000000e+03,-2.043267775679160625e+00,2.303083720527857814e+00,-2.100190428698692102e+00
2.849200000000000088e+01,1.625000000000000000e+03,1.800000000000000000e+03,-2.043267775679160625e+00,2.303083720527857814e+00,-2.100190428698692102e+00
2.850900000000000034e+01,1.625000000000000000e+03,1.800000000000000000e+03,-2.040162912501529036e+00,2.300853407548158813e+00,-2.100686443063110254e+00
2.852599999999999980e+01,1.625000000000000000e+03,1.800000000000000000e+03,-2.016603489806068517e+00,2.291891946688985104e+00,-2.119352223774892963e+00
2.854299999999999926e+01,1.625000000000000000e+03,1.800000000000000000e+03,-2.016603489806068517e+00,2.291891946688985104e+00,-2.119352223774892963e+00
2.858299999999999841e+01,1.625000000000000000e+03,1.800000000000000000e+03,-2.012853508858818419e+00,2.291291261078181041e+00,-2.105851354764052719e+00
2.860699999999999932e+01,1.625000000000000000e+03,1.800000000000000000e+03,-2.012853508858818419e+00,2.291291261078181041e+00,-2.105851354764052719e+00
2.863700000000000045e+01,1.625000000000000000e+03,1.800000000000000000e+03,-2.012853508858818419e+00,2.291291261078181041e+00,-2.105851354764052719e+00
2.865399999999999991e+01,1.625000000000000000e+03,1.800000000000000000e+03,-2.012853508858818419e+00,2.291291261078181041e+00,-2.105851354764052719e+00
2.867099999999999937e+01,1.625000000000000000e+03,1.800000000000000000e+03,-2.010527942965130155e+00,2.289198489927675606e+00,-2.115881727870322582e+00
2.868799999999999883e+01,1.625000000000000000e+03,1.800000000000000000e+03,-1.994460947478083668e+00,2.278059610152312064e+00,-2.152031589147275881e+00
2.871000000000000085e+01,1.625000000000000000e+03,1.800000000000000000e+03,-1.994460947478083668e+00,2.278059610152312064e+00,-2.152031589147275881e+00
2.872700000000000031e+01,1.625000000000000000e+03,1.800000000000000000e+03,-1.994460947478083668e+00,2.278059610152312064e+00,-2.152031589147275881e+00
2.874399999999999977e+01,1.625000000000000000e+03,1.800000000000000000e+03,-1.989985624495096639e+00,2.277348166294167697e+00,-2.138886003780536615e+00
2.876099999999999923e+01,1.625000000000000000e+03,1.800000000000000000e+03,-1.987003608093272478e+00,2.276874372025485815e+00,-2.139353233027514456e+00
2.877799999999999869e+01,1.625000000000000000e+03,1.800000000000000000e+03,-1.987003608093272478e+00,2.276874372025485815e+00,-2.139353233027514456e+00
2.879500000000000171e+01,1.625000000000000000e+03,1.800000000000000000e+03,-1.979363053715513798e+00,2.270540398691926143e+00,-2.168461589344279794e+00
2.881200000000000117e+01,1.625000000000000000e+03,1.800000000000000000e+03,-1.977750073326514757e+00,2.266878437072572083e+00,-2.163229591807891872e+00
2.882999999999999829e+01,1.625000000000000000e+03,1.800000000000000000e+03,-1.972551444219802663e+00,2.266057013190534430e+00,-2.176172719833268321e+00
2.884700000000000131e+01,1.625000000000000000e+03,1.800000000000000000e+03,-1.972551444219802663e+00,2.266057013190534430e+00,-2.176172719833268321e+00
2.886499999999999844e+01,1.625000000000000000e+03,1.800000000000000000e+03,-1.969582465739406540e+00,2.265588171393097205e+00,-2.176612820399161041e+00
2.888200000000000145e+01,1.625000000000000000e+03,1.800000000000000000e+03,-1.965872944393867394e+00,2.265002674164971808e+00,-2.163238651106256238e+00
2.889900000000000091e+01,1.625000000000000000e+03,1.800000000000000000e+03,-1.963591037014015050e+00,2.262943050993288630e+00,-2.171423907973416334e+00
2.891600000000000037e+01,1.625000000000000000e+03,1.800000000000000000e+03,-1.959886032695444369e+00,2.262359196466375177e+00,-2.158508889338427661e+00
2.893299999999999983e+01,1.625000000000000000e+03,1.800000000000000000e+03,-1.956182910213290160e+00,2.261775955844610664e+00,-2.158961080514491648e+00
2.894999999999999929e+01,1.625000000000000000e+03,1.800000000000000000e+03,-1.953802574181770169e+00,2.256314016938843370e+00,-2.187096490037953256e+00
2.896699999999999875e+01,1.625000000000000000e+03,1.800000000000000000e+03,-1.942624143808690418e+00,2.251177659139703469e+00,-2.195588278950118433e+00
2.898499999999999943e+01,1.625000000000000000e+03,1.800000000000000000e+03,-1.938937066459885061e+00,2.250600472862394508e+00,-2.196013130705834371e+00
2.900199999999999889e+01,1.625000000000000000e+03,1.800000000000000000e+03,-1.938937066459885061e+00,2.250600472862394508e+00,-2.196013130705834371e+00
2.901899999999999835e+01,1.625000000000000000e+03,1.800000000000000000e+03,-1.917396656450938819e+00,2.238817704091470073e+00,-2.235018560412395772e+00
2.903600000000000136e+01,1.625000000000000000e+03,1.800000000000000000e+03,-1.916587122000236842e+00,2.235334823635697354e+00,-2.240612998916481136e+00
2.905300000000000082e+01,1.625000000000000000e+03,1.800000000000000000e+03,-1.911458231601425695e+00,2.234539053396721098e+00,-2.241393784868605188e+00
2.907000000000000028e+01,1.625000000000000000e+03,1.800000000000000000e+03,-1.911458231601425695e+00,2.234539053396721098e+00,-2.241393784868605188e+00
2.908699999999999974e+01,1.625000000000000000e+03,1.800000000000000000e+03,-1.908529045114854661e+00,2.234084849853819943e+00,-2.228486742943788457e+00
2.910399999999999920e+01,1.625000000000000000e+03,1.800000000000000000e+03,-1.902609437167633644e+00,2.229819022582111288e+00,-2.237726262823124923e+00
2.912099999999999866e+01,1.625000000000000000e+03,1.800000000000000000e+03,-1.902609437167633644e+00,2.229819022582111288e+00,-2.237726262823124923e+00
2.913800000000000168e+01,1.625000000000000000e+03,1.800000000000000000e+03,-1.902609437167633644e+00,2.229819022582111288e+00,-2.237726262823124923e+00
2.915500000000000114e+01,1.625000000000000000e+03,1.800000000000000000e+03,-1.900385354750808720e+00,2.227803093961342906e+00,-2.243300324122201150e+00
2.917299999999999827e+01,1.625000000000000000e+03,1.800000000000000000e+03,-1.896703905336507123e+00,2.225564197923605825e+00,-2.230816082606140949e+00
2.919000000000000128e+01,1.625000000000000000e+03,1.800000000000000000e+03,-1.893055695746069134e+00,2.225001364012957783e+00,-2.231213174975244851e+00
2.920799999999999841e+01,1.625000000000000000e+03,1.800000000000000000e+03,-1.889382238847103102e+00,2.222766873065861848e+00,-2.266694636287268416e+00
2.922599999999999909e+01,1.625000000000000000e+03,1.800000000000000000e+03,-1.887169967358724998e+00,2.220759668469058923e+00,-2.258622223551241426e+00
2.924299999999999855e+01,1.625000000000000000e+03,1.800000000000000000e+03,-1.887169967358724998e+00,2.220759668469058923e+00,-2.258622223551241426e+00
2.926000000000000156e+01,1.625000000000000000e+03,1.800000000000000000e+03,-1.884934842537252742e+00,2.217087358610733805e+00,-2.280991256696683678e+00
2.927700000000000102e+01,1.625000000000000000e+03,1.800000000000000000e+03,-1.884934842537252742e+00,2.217087358610733805e+00,-2.280991256696683678e+00
2.929400000000000048e+01,1.625000000000000000e+03,1.800000000000000000e+03,-1.880571063495310336e+00,2.216417236869410612e+00,-2.268539553164256706e+00
2.931099999999999994e+01,1.625000000000000000e+03,1.800000000000000000e+03,-1.877663311346662312e+00,2.215970954875073229e+00,-2.268907768168098915e+00
2.932799999999999940e+01,1.625000000000000000e+03,1.800000000000000000e+03,-1.875418820488316651e+00,2.210647146056472057e+00,-2.295394989216195558e+00
2.934600000000000009e+01,1.625000000000000000e+03,1.800000000000000000e+03,-1.875418820488316651e+00,2.210647146056472057e+00,-2.295394989216195558e+00
2.936400000000000077e+01,1.625000000000000000e+03,1.800000000000000000e+03,-1.872496223653474567e+00,2.208543055397356625e+00,-2.283159796278453335e+00
2.938100000000000023e+01,1.625000000000000000e+03,1.800000000000000000e+03,-1.866679341678173065e+00,2.205999196773956061e+00,-2.275112814519015814e+00
2.939799999999999969e+01,1.625000000000000000e+03,1.800000000000000000e+03,-1.862334871578371187e+00,2.205336202265399059e+00,-2.263079762288218610e+00
2.941499999999999915e+01,1.625000000000000000e+03,1.800000000000000000e+03,-1.856504302875924939e+00,2.199493800969860136e+00,-2.285671085013895265e+00
2.943199999999999861e+01,1.625000000000000000e+03,1.800000000000000000e+03,-1.856504302875924939e+00,2.199493800969860136e+00,-2.285671085013895265e+00
2.944900000000000162e+01,1.625000000000000000e+03,1.800000000000000000e+03,-1.854311102911825770e+00,2.195865191032922326e+00,-2.299282721430154552e+00
2.946699999999999875e+01,1.625000000000000000e+03,1.800000000000000000e+03,-1.854311102911825770e+00,2.195865191032922326e+00,-2.299282721430154552e+00
2.948499999999999943e+01,1.625000000000000000e+03,1.800000000000000000e+03,-1.850703652863773696e+00,2.195317586921788244e+00,-2.287107680642646024e+00
2.950199999999999889e+01,1.625000000000000000e+03,1.800000000000000000e+03,-1.847797914787263407e+00,2.191588335321692949e+00,-2.325443551745845383e+00
2.951899999999999835e+01,1.625000000000000000e+03,1.800000000000000000e+03,-1.844178265955646712e+00,2.187757865479285968e+00,-2.313674678946661789e+00
2.953600000000000136e+01,1.625000000000000000e+03,1.800000000000000000e+03,-1.829780449664364594e+00,2.175777264685494483e+00,-2.352631143648054479e+00
2.955399999999999849e+01,1.625000000000000000e+03,1.800000000000000000e+03,-1.826915089270358061e+00,2.175346917795165869e+00,-2.340986780032729087e+00
2.957100000000000151e+01,1.625000000000000000e+03,1.800000000000000000e+03,-1.824765306008727217e+00,2.173394900497230164e+00,-2.329466690086790859e+00
2.958800000000000097e+01,1.625000000000000000e+03,1.800000000000000000e+03,-1.824765306008727217e+00,2.173394900497230164e+00,-2.329466690086790859e+00
2.960500000000000043e+01,1.625000000000000000e+03,1.800000000000000000e+03,-1.820472435474995043e+00,2.171123660283528434e+00,-2.340797383077710236e+00
2.962199999999999989e+01,1.625000000000000000e+03,1.800000000000000000e+03,-1.816899748635553591e+00,2.168962786266344089e+00,-2.341108571393981652e+00
2.963899999999999935e+01,1.625000000000000000e+03,1.800000000000000000e+03,-1.815473209645440900e+00,2.167124992666925376e+00,-2.342946818503797601e+00
2.965700000000000003e+01,1.625000000000000000e+03,1.800000000000000000e+03,-1.812624275699381782e+00,2.163454953091208388e+00,-2.366727829058132837e+00
2.967399999999999949e+01,1.625000000000000000e+03,1.800000000000000000e+03,-1.808346547002197990e+00,2.162816922060409208e+00,-2.342754444997675822e+00
2.969099999999999895e+01,1.625000000000000000e+03,1.800000000000000000e+03,-1.808346547002197990e+00,2.162816922060409208e+00,-2.342754444997675822e+00
2.970799999999999841e+01,1.625000000000000000e+03,1.800000000000000000e+03,-1.805496091073629294e+00,2.162392011588346818e+00,-2.343063687876429935e+00
2.972599999999999909e+01,1.625000000000000000e+03,1.800000000000000000e+03,-1.799831226787218297e+00,2.155080351940942496e+00,-2.368598844301847084e+00
2.974299999999999855e+01,1.625000000000000000e+03,1.800000000000000000e+03,-1.799831226787218297e+00,2.155080351940942496e+00,-2.368598844301847084e+00
2.976000000000000156e+01,1.625000000000000000e+03,1.800000000000000000e+03,-1.799831226787218297e+00,2.155080351940942496e+00,-2.368598844301847084e+00
2.977599999999999980e+01,1.625000000000000000e+03,1.800000000000000000e+03,-1.796277917916166977e+00,2.154552864424795988e+00,-2.344700210266863039e+00
2.979400000000000048e+01,1.625000000000000000e+03,1.800000000000000000e+03,-1.792737224300434251e+00,2.152414555375056437e+00,-2.381431146404473953e+00
2.981099999999999994e+01,1.625000000000000000e+03,1.800000000000000000e+03,-1.790619625486662203e+00,2.150489245442450681e+00,-2.381778496705790005e+00
2.982900000000000063e+01,1.625000000000000000e+03,1.800000000000000000e+03,-1.787073447533015891e+00,2.149964313375740677e+00,-2.382057409353911748e+00
2.984600000000000009e+01,1.625000000000000000e+03,1.800000000000000000e+03,-1.787073447533015891e+00,2.149964313375740677e+00,-2.382057409353911748e+00
2.986299999999999955e+01,1.625000000000000000e+03,1.800000000000000000e+03,-1.784960467171769150e+00,2.148042046926111226e+00,-2.370746200553791372e+00
2.988100000000000023e+01,1.625000000000000000e+03,1.800000000000000000e+03,-1.780741202248341093e+00,2.144203955821079699e+00,-2.383247012233239648e+00
2.989799999999999969e+01,1.625000000000000000e+03,1.800000000000000000e+03,-1.770231919423111755e+00,2.134646121267576024e+00,-2.385120402882669133e+00
2.991499999999999915e+01,1.625000000000000000e+03,1.800000000000000000e+03,-1.770231919423111755e+00,2.134646121267576024e+00,-2.385120402882669133e+00
2.993199999999999861e+01,1.625000000000000000e+03,1.800000000000000000e+03,-1.770231919423111755e+00,2.134646121267576024e+00,-2.385120402882669133e+00
2.994900000000000162e+01,1.625000000000000000e+03,1.800000000000000000e+03,-1.766022550115490031e+00,2.132430995970507670e+00,-2.397835705203862577e+00
2.996600000000000108e+01,1.625000000000000000e+03,1.800000000000000000e+03,-1.766064787247501044e+00,2.129245992043788060e+00,-2.397683998140858197e+00
2.998300000000000054e+01,1.625000000000000000e+03,1.800000000000000000e+03,-1.761160854715349444e+00,2.126935245838068589e+00,-2.422229892734860890e+00
3.000100000000000122e+01,1.625000000000000000e+03,1.800000000000000000e+03,-1.759051118565345906e+00,2.126626940013893741e+00,-2.410885128395493293e+00
3.001800000000000068e+01,1.625000000000000000e+03,1.800000000000000000e+03,-1.759051118565345906e+00,2.126626940013893741e+00,-2.410885128395493293e+00
3.003500000000000014e+01,1.625000000000000000e+03,1.800000000000000000e+03,-1.742495554337351038e+00,2.108367020609337672e+00,-2.458547458611846093e+00
3.005199999999999960e+01,1.625000000000000000e+03,1.800000000000000000e+03,-1.739731500146102228e+00,2.106389822136269796e+00,-2.437051382200454697e+00
3.007000000000000028e+01,1.625000000000000000e+03,1.800000000000000000e+03,-1.737668465247619309e+00,2.104515824285122960e+00,-2.448357436913155105e+00
3.008699999999999974e+01,1.625000000000000000e+03,1.800000000000000000e+03,-1.737668465247619309e+00,2.104515824285122960e+00,-2.448357436913155105e+00
3.010399999999999920e+01,1.625000000000000000e+03,1.800000000000000000e+03,-1.733615423566783109e+00,2.097641446693756517e+00,-2.457531494810121675e+00
3.012099999999999866e+01,1.625000000000000000e+03,1.800000000000000000e+03,-1.733615423566783109e+00,2.097641446693756517e+00,-2.457531494810121675e+00
3.013800000000000168e+01,1.625000000000000000e+03,1.800000000000000000e+03,-1.730830060943110205e+00,2.097240668861422463e+00,-2.505482059871047440e+00
3.015500000000000114e+01,1.625000000000000000e+03,1.800000000000000000e+03,-1.726653942576088507e+00,2.096640136968515478e+00,-2.427877604185873839e+00
3.017200000000000060e+01,1.625000000000000000e+03,1.800000000000000000e+03,-1.722629846037151191e+00,2.089796653760163103e+00,-2.506673591840205884e+00
3.018900000000000006e+01,1.625000000000000000e+03,1.800000000000000000e+03,-1.722629846037151191e+00,2.089796653760163103e+00,-2.506673591840205884e+00
3.020599999999999952e+01,1.625000000000000000e+03,1.800000000000000000e+03,-1.722629846037151191e+00,2.089796653760163103e+00,-2.506673591840205884e+00
3.022400000000000020e+01,1.625000000000000000e+03,1.800000000000000000e+03,-1.719891196858452265e+00,2.087841436496613579e+00,-2.472640527749731643e+00
3.024099999999999966e+01,1.625000000000000000e+03,1.800000000000000000e+03,-1.718581333932533761e+00,2.084532037927663506e+00,-2.507676221500302560e+00
3.025799999999999912e+01,1.625000000000000000e+03,1.800000000000000000e+03,-1.718581333932533761e+00,2.084532037927663506e+00,-2.507676221500302560e+00
3.027499999999999858e+01,1.625000000000000000e+03,1.800000000000000000e+03,-1.715156160943599906e+00,2.082483987743541043e+00,-2.517773240722312345e+00
3.029200000000000159e+01,1.625000000000000000e+03,1.800000000000000000e+03,-1.713078520541025052e+00,2.082187571456180386e+00,-2.527656578622750505e+00
3.030900000000000105e+01,1.625000000000000000e+03,1.800000000000000000e+03,-1.706287555465078265e+00,2.076552881857591348e+00,-2.518925835777329869e+00
3.032499999999999929e+01,1.625000000000000000e+03,1.800000000000000000e+03,-1.704949518239373241e+00,2.074809694730971099e+00,-2.528781875493816056e+00
3.034299999999999997e+01,1.625000000000000000e+03,1.800000000000000000e+03,-1.704949518239373241e+00,2.074809694730971099e+00,-2.528781875493816056e+00
3.035999999999999943e+01,1.625000000000000000e+03,1.800000000000000000e+03,-1.701587359457469750e+00,2.071230588259274530e+00,-2.519899046334856507e+00
3.037699999999999889e+01,1.625000000000000000e+03,1.800000000000000000e+03,-1.694882845062691601e+00,2.064094411284631558e+00,-2.511019304965549814e+00
3.039499999999999957e+01,1.625000000000000000e+03,1.800000000000000000e+03,-1.694882845062691601e+00,2.064094411284631558e+00,-2.511019304965549814e+00
3.041199999999999903e+01,1.625000000000000000e+03,1.800000000000000000e+03,-1.693506655067376965e+00,2.063900064426285041e+00,-2.521040744093733910e+00
3.042899999999999849e+01,1.625000000000000000e+03,1.800000000000000000e+03,-1.693506655067376965e+00,2.063900064426285041e+00,-2.521040744093733910e+00
3.044600000000000151e+01,1.625000000000000000e+03,1.800000000000000000e+03,-1.690853148753839408e+00,2.060440412870556681e+00,-2.556114217527241994e+00
3.046399999999999864e+01,1.625000000000000000e+03,1.800000000000000000e+03,-1.687467873821402620e+00,2.058423007881113875e+00,-2.522005060492794382e+00
3.048100000000000165e+01,1.625000000000000000e+03,1.800000000000000000e+03,-1.685459070574657936e+00,2.056601272952887083e+00,-2.557006686590705069e+00
3.049800000000000111e+01,1.625000000000000000e+03,1.800000000000000000e+03,-1.682080815714981359e+00,2.054588863637856200e+00,-2.557153312556790681e+00
3.051500000000000057e+01,1.625000000000000000e+03,1.800000000000000000e+03,-1.679498140591817457e+00,2.049621668979425326e+00,-2.548374031105733017e+00
3.053200000000000003e+01,1.625000000000000000e+03,1.800000000000000000e+03,-1.662253219592906506e+00,2.033474610418033013e+00,-2.612991819957658279e+00
3.054899999999999949e+01,1.625000000000000000e+03,1.800000000000000000e+03,-1.662253219592906506e+00,2.033474610418033013e+00,-2.612991819957658279e+00
3.056599999999999895e+01,1.625000000000000000e+03,1.800000000000000000e+03,-1.658291104841464580e+00,2.029886344743857318e+00,-2.570077732173329466e+00
3.058299999999999841e+01,1.625000000000000000e+03,1.800000000000000000e+03,-1.658291104841464580e+00,2.029886344743857318e+00,-2.570077732173329466e+00
3.060000000000000142e+01,1.625000000000000000e+03,1.800000000000000000e+03,-1.656992591195547648e+00,2.028189142073535844e+00,-2.604908386347891458e+00
3.061700000000000088e+01,1.625000000000000000e+03,1.800000000000000000e+03,-1.654337021963786070e+00,2.026305763550350747e+00,-2.613863930128580204e+00
3.063400000000000034e+01,1.625000000000000000e+03,1.800000000000000000e+03,-1.651132472774129445e+00,2.021323046601306572e+00,-2.596771789018862187e+00
3.065099999999999980e+01,1.625000000000000000e+03,1.800000000000000000e+03,-1.649098702839086661e+00,2.021042664013201318e+00,-2.614624925960423951e+00
3.066799999999999926e+01,1.625000000000000000e+03,1.800000000000000000e+03,-1.647259556521875723e+00,2.016260966368137897e+00,-2.597567347894591094e+00
3.068400000000000105e+01,1.625000000000000000e+03,1.800000000000000000e+03,-1.643941629112521507e+00,2.014298065226741485e+00,-2.606577817499670324e+00
3.070100000000000051e+01,1.625000000000000000e+03,1.800000000000000000e+03,-1.643941629112521507e+00,2.014298065226741485e+00,-2.606577817499670324e+00
3.071900000000000119e+01,1.625000000000000000e+03,1.800000000000000000e+03,-1.642655325162393654e+00,2.012615930674385378e+00,-2.641604690105299635e+00
3.073699999999999832e+01,1.625000000000000000e+03,1.800000000000000000e+03,-1.638803500566572424e+00,2.007579124575148644e+00,-2.607350933755733458e+00
3.075499999999999901e+01,1.625000000000000000e+03,1.800000000000000000e+03,-1.636847429729516357e+00,2.005811173316279117e+00,-2.642303175050194408e+00
3.077199999999999847e+01,1.625000000000000000e+03,1.800000000000000000e+03,-1.632941187363829538e+00,2.002280904883429358e+00,-2.608120722640683287e+00
3.078900000000000148e+01,1.625000000000000000e+03,1.800000000000000000e+03,-1.631594092971242249e+00,2.002097165839674009e+00,-2.616888223145992676e+00
3.080699999999999861e+01,1.625000000000000000e+03,1.800000000000000000e+03,-1.629715576748253847e+00,1.998849721248252553e+00,-2.651399907554945923e+00
3.082400000000000162e+01,1.625000000000000000e+03,1.800000000000000000e+03,-1.625824151405379059e+00,1.995334105728267637e+00,-2.617636143257946024e+00
3.084100000000000108e+01,1.625000000000000000e+03,1.800000000000000000e+03,-1.624552942018812285e+00,1.993670246438544069e+00,-2.652074242381583957e+00
3.085800000000000054e+01,1.625000000000000000e+03,1.800000000000000000e+03,-1.624552942018812285e+00,1.993670246438544069e+00,-2.652074242381583957e+00
3.087500000000000000e+01,1.625000000000000000e+03,1.800000000000000000e+03,-1.623954167625530021e+00,1.992099004457745348e+00,-2.660261111892792130e+00
3.089300000000000068e+01,1.625000000000000000e+03,1.800000000000000000e+03,-1.618214279055596894e+00,1.985374507649715792e+00,-2.660914868097358887e+00
3.091000000000000014e+01,1.625000000000000000e+03,1.800000000000000000e+03,-1.616355999220759232e+00,1.982157417738438898e+00,-2.645066686751973428e+00
3.092699999999999960e+01,1.625000000000000000e+03,1.800000000000000000e+03,-1.613756242637357285e+00,1.980325721146367624e+00,-2.653414037447796137e+00
3.094399999999999906e+01,1.625000000000000000e+03,1.800000000000000000e+03,-1.613756242637357285e+00,1.980325721146367624e+00,-2.653414037447796137e+00
3.096199999999999974e+01,1.625000000000000000e+03,1.800000000000000000e+03,-1.613756242637357285e+00,1.980325721146367624e+00,-2.653414037447796137e+00
3.097899999999999920e+01,1.625000000000000000e+03,1.800000000000000000e+03,-1.610491151120191589e+00,1.978406265516732709e+00,-2.619860584561749306e+00
3.099599999999999866e+01,1.625000000000000000e+03,1.800000000000000000e+03,-1.608054082021919795e+00,1.973646860209196330e+00,-2.654079524821777891e+00
3.101300000000000168e+01,1.625000000000000000e+03,1.800000000000000000e+03,-1.604370379742835251e+00,1.967260927095264567e+00,-2.662784271187869756e+00
3.103000000000000114e+01,1.625000000000000000e+03,1.800000000000000000e+03,-1.604370379742835251e+00,1.967260927095264567e+00,-2.662784271187869756e+00
3.104700000000000060e+01,1.625000000000000000e+03,1.800000000000000000e+03,-1.592979260343290404e+00,1.955478539262070381e+00,-2.664067084031009003e+00
3.106400000000000006e+01,1.625000000000000000e+03,1.800000000000000000e+03,-1.591074123463660950e+00,1.953764353067218185e+00,-2.697951160145009020e+00
3.108099999999999952e+01,1.625000000000000000e+03,1.800000000000000000e+03,-1.591074123463660950e+00,1.953764353067218185e+00,-2.697951160145009020e+00
3.109900000000000020e+01,1.625000000000000000e+03,1.800000000000000000e+03,-1.589255470906040468e+00,1.950604428590417161e+00,-2.672517625228042704e+00
3.111599999999999966e+01,1.625000000000000000e+03,1.800000000000000000e+03,-1.589255470906040468e+00,1.950604428590417161e+00,-2.672517625228042704e+00
3.113299999999999912e+01,1.625000000000000000e+03,1.800000000000000000e+03,-1.584219803862081832e+00,1.945569294321781495e+00,-2.673135667781376235e+00
3.114999999999999858e+01,1.625000000000000000e+03,1.800000000000000000e+03,-1.581838011177540748e+00,1.940897011369965064e+00,-2.706516580053158094e+00
3.116700000000000159e+01,1.625000000000000000e+03,1.800000000000000000e+03,-1.581838011177540748e+00,1.940897011369965064e+00,-2.706516580053158094e+00
3.118400000000000105e+01,1.625000000000000000e+03,1.800000000000000000e+03,-1.578803206113620128e+00,1.936150184231212990e+00,-2.714314333385699385e+00
3.120100000000000051e+01,1.625000000000000000e+03,1.800000000000000000e+03,-1.578803206113620128e+00,1.936150184231212990e+00,-2.714314333385699385e+00
3.121799999999999997e+01,1.625000000000000000e+03,1.800000000000000000e+03,-1.578803206113620128e+00,1.936150184231212990e+00,-2.714314333385699385e+00
3.123499999999999943e+01,1.625000000000000000e+03,1.800000000000000000e+03,-1.574370927674712650e+00,1.932676136266649358e+00,-2.674363568257095203e+00
3.125300000000000011e+01,1.625000000000000000e+03,1.800000000000000000e+03,-1.573802575552100569e+00,1.931157400035742988e+00,-2.714840723620752350e+00
3.126999999999999957e+01,1.625000000000000000e+03,1.800000000000000000e+03,-1.570877116292125564e+00,1.925009248774993686e+00,-2.700647166901206653e+00
3.128699999999999903e+01,1.625000000000000000e+03,1.800000000000000000e+03,-1.569564022476257481e+00,1.924837774171242355e+00,-2.708094485047949806e+00
3.130399999999999849e+01,1.625000000000000000e+03,1.800000000000000000e+03,-1.567122379125840403e+00,1.921643739644393722e+00,-2.741401413917333940e+00
3.132100000000000151e+01,1.625000000000000000e+03,1.800000000000000000e+03,-1.564685091747073376e+00,1.918455602813827099e+00,-2.715843852809875614e+00
3.133899999999999864e+01,1.625000000000000000e+03,1.800000000000000000e+03,-1.564685091747073376e+00,1.918455602813827099e+00,-2.715843852809875614e+00
3.135600000000000165e+01,1.625000000000000000e+03,1.800000000000000000e+03,-1.556284104470427421e+00,1.905930226627346347e+00,-2.723900361440262152e+00
3.137300000000000111e+01,1.625000000000000000e+03,1.800000000000000000e+03,-1.556284104470427421e+00,1.905930226627346347e+00,-2.723900361440262152e+00
3.139000000000000057e+01,1.625000000000000000e+03,1.800000000000000000e+03,-1.551454282471538049e+00,1.899617251961829290e+00,-2.750027009324929494e+00
3.140700000000000003e+01,1.625000000000000000e+03,1.800000000000000000e+03,-1.549045788734070950e+00,1.896469445820625044e+00,-2.756690506037358546e+00
3.142399999999999949e+01,1.625000000000000000e+03,1.800000000000000000e+03,-1.549045788734070950e+00,1.896469445820625044e+00,-2.756690506037358546e+00
3.144099999999999895e+01,1.625000000000000000e+03,1.800000000000000000e+03,-1.549045788734070950e+00,1.896469445820625044e+00,-2.756690506037358546e+00
3.145799999999999841e+01,1.625000000000000000e+03,1.800000000000000000e+03,-1.545342145866778427e+00,1.893160805369781485e+00,-2.757120175479603752e+00
3.147500000000000142e+01,1.625000000000000000e+03,1.800000000000000000e+03,-1.545342145866778427e+00,1.893160805369781485e+00,-2.757120175479603752e+00
3.149200000000000088e+01,1.625000000000000000e+03,1.800000000000000000e+03,-1.541845833222272644e+00,1.887060554966222714e+00,-2.744113606608605149e+00
3.150900000000000034e+01,1.625000000000000000e+03,1.800000000000000000e+03,-1.541845833222272644e+00,1.887060554966222714e+00,-2.744113606608605149e+00
3.152599999999999980e+01,1.625000000000000000e+03,1.800000000000000000e+03,-1.528204146301766375e+00,1.868478117059588328e+00,-2.790778713900905483e+00
3.154299999999999926e+01,1.625000000000000000e+03,1.800000000000000000e+03,-1.526480890546584090e+00,1.865468216937149037e+00,-2.790778713900905483e+00
3.155999999999999872e+01,1.625000000000000000e+03,1.800000000000000000e+03,-1.524117308446307772e+00,1.862382474926691067e+00,-2.784938681121506221e+00
3.157799999999999940e+01,1.625000000000000000e+03,1.800000000000000000e+03,-1.521651486456140567e+00,1.860679993136228116e+00,-2.791132090321359449e+00
3.159499999999999886e+01,1.625000000000000000e+03,1.800000000000000000e+03,-1.520686353516529588e+00,1.856388832708128156e+00,-2.791481689895783713e+00
3.161299999999999955e+01,1.625000000000000000e+03,1.800000000000000000e+03,-1.519402542285501756e+00,1.856227746995060990e+00,-2.797514840153052518e+00
3.162999999999999901e+01,1.625000000000000000e+03,1.800000000000000000e+03,-1.515985412300593138e+00,1.850255416846017464e+00,-2.791831940780439059e+00
3.164699999999999847e+01,1.625000000000000000e+03,1.800000000000000000e+03,-1.515453079560268757e+00,1.848805516610129374e+00,-2.817824114731952267e+00
3.166499999999999915e+01,1.625000000000000000e+03,1.800000000000000000e+03,-1.512470457745202834e+00,1.845669877461955988e+00,-2.792178809504284764e+00
3.168299999999999983e+01,1.625000000000000000e+03,1.800000000000000000e+03,-1.512470457745202834e+00,1.845669877461955988e+00,-2.792178809504284764e+00
3.170100000000000051e+01,1.625000000000000000e+03,1.800000000000000000e+03,-1.512470457745202834e+00,1.845669877461955988e+00,-2.792178809504284764e+00
3.171799999999999997e+01,1.625000000000000000e+03,1.800000000000000000e+03,-1.509603382719447939e+00,1.841176147052434597e+00,-2.829503718990983963e+00
3.173499999999999943e+01,1.625000000000000000e+03,1.800000000000000000e+03,-1.509603382719447939e+00,1.841176147052434597e+00,-2.829503718990983963e+00
3.175199999999999889e+01,1.625000000000000000e+03,1.800000000000000000e+03,-1.508019257982303074e+00,1.836852334133608711e+00,-2.829789475083288597e+00
3.176899999999999835e+01,1.625000000000000000e+03,1.800000000000000000e+03,-1.503254047487146972e+00,1.832144884300504817e+00,-2.824462776387589802e+00
3.178600000000000136e+01,1.625000000000000000e+03,1.800000000000000000e+03,-1.503254047487146972e+00,1.832144884300504817e+00,-2.824462776387589802e+00
3.180300000000000082e+01,1.625000000000000000e+03,1.800000000000000000e+03,-1.502317481480658801e+00,1.827921759774227439e+00,-2.855939433230786140e+00
3.182000000000000028e+01,1.625000000000000000e+03,1.800000000000000000e+03,-1.500522337820044960e+00,1.826333322680160354e+00,-2.830341843343322950e+00
3.183699999999999974e+01,1.625000000000000000e+03,1.800000000000000000e+03,-1.497051043207869636e+00,1.821811585297757663e+00,-2.799522658005165976e+00
3.185399999999999920e+01,1.625000000000000000e+03,1.800000000000000000e+03,-1.493703616233026166e+00,1.815956652480436695e+00,-2.825323187550930815e+00
3.187099999999999866e+01,1.625000000000000000e+03,1.800000000000000000e+03,-1.492551859180356599e+00,1.814457251679985728e+00,-2.830889424721829251e+00
3.188800000000000168e+01,1.625000000000000000e+03,1.800000000000000000e+03,-1.492551859180356599e+00,1.814457251679985728e+00,-2.830889424721829251e+00
3.190500000000000114e+01,1.625000000000000000e+03,1.800000000000000000e+03,-1.489218740121621254e+00,1.808627169632084808e+00,-2.836591102739315584e+00
3.192200000000000060e+01,1.625000000000000000e+03,1.800000000000000000e+03,-1.489218740121621254e+00,1.808627169632084808e+00,-2.836591102739315584e+00
3.193900000000000006e+01,1.625000000000000000e+03,1.800000000000000000e+03,-1.486410485970454998e+00,1.804229083555957569e+00,-2.836861528056825676e+00
3.195599999999999952e+01,1.625000000000000000e+03,1.800000000000000000e+03,-1.486410485970454998e+00,1.804229083555957569e+00,-2.836861528056825676e+00
3.197400000000000020e+01,1.625000000000000000e+03,1.800000000000000000e+03,-1.486410485970454998e+00,1.804229083555957569e+00,-2.836861528056825676e+00
3.199099999999999966e+01,1.625000000000000000e+03,1.800000000000000000e+03,-1.482467058056648357e+00,1.798357070548818992e+00,-2.831710192031258178e+00
3.200800000000000267e+01,1.625000000000000000e+03,1.800000000000000000e+03,-1.482467058056648357e+00,1.798357070548818992e+00,-2.831710192031258178e+00
3.202600000000000335e+01,1.625000000000000000e+03,1.800000000000000000e+03,-1.481325860583083021e+00,1.796873172183850897e+00,-2.862461809751294162e+00
3.204299999999999926e+01,1.625000000000000000e+03,1.800000000000000000e+03,-1.481325860583083021e+00,1.796873172183850897e+00,-2.862461809751294162e+00
3.206000000000000227e+01,1.625000000000000000e+03,1.800000000000000000e+03,-1.470454497229078727e+00,1.776834485047430245e+00,-2.898165456113960925e+00
3.207699999999999818e+01,1.625000000000000000e+03,1.800000000000000000e+03,-1.469569000176657925e+00,1.772741127985586029e+00,-2.898334699694796956e+00
3.209400000000000119e+01,1.625000000000000000e+03,1.800000000000000000e+03,-1.469569000176657925e+00,1.772741127985586029e+00,-2.898334699694796956e+00
3.211099999999999710e+01,1.625000000000000000e+03,1.800000000000000000e+03,-1.465688323040868379e+00,1.766976066641244181e+00,-2.893879529343787116e+00
3.212899999999999778e+01,1.625000000000000000e+03,1.800000000000000000e+03,-1.465688323040868379e+00,1.766976066641244181e+00,-2.893879529343787116e+00
3.214600000000000080e+01,1.625000000000000000e+03,1.800000000000000000e+03,-1.461696449818315147e+00,1.762535896259442847e+00,-2.898628484701717856e+00
3.216299999999999670e+01,1.625000000000000000e+03,1.800000000000000000e+03,-1.461696449818315147e+00,1.762535896259442847e+00,-2.898628484701717856e+00
3.217999999999999972e+01,1.625000000000000000e+03,1.800000000000000000e+03,-1.458958587397283679e+00,1.758254976168673878e+00,-2.868931565892631763e+00
3.219700000000000273e+01,1.625000000000000000e+03,1.800000000000000000e+03,-1.459208161901687228e+00,1.755651704762295040e+00,-2.903249485297416221e+00
3.221500000000000341e+01,1.625000000000000000e+03,1.800000000000000000e+03,-1.456478591879399209e+00,1.751387816485358240e+00,-2.894361590201123047e+00
3.223100000000000165e+01,1.625000000000000000e+03,1.800000000000000000e+03,-1.455858085220182341e+00,1.751314698320929342e+00,-2.903408831889326080e+00
3.224799999999999756e+01,1.625000000000000000e+03,1.800000000000000000e+03,-1.452643117617714807e+00,1.745695129012254210e+00,-2.899084974994412089e+00
3.226599999999999824e+01,1.625000000000000000e+03,1.800000000000000000e+03,-1.452643117617714807e+00,1.745695129012254210e+00,-2.899084974994412089e+00
3.228300000000000125e+01,1.625000000000000000e+03,1.800000000000000000e+03,-1.451293377885754188e+00,1.740311180862633922e+00,-2.903725424579725267e+00
3.231099999999999994e+01,1.625000000000000000e+03,1.800000000000000000e+03,-1.451293377885754188e+00,1.740311180862633922e+00,-2.903725424579725267e+00
3.235699999999999932e+01,1.625000000000000000e+03,1.800000000000000000e+03,-1.451293377885754188e+00,1.740311180862633922e+00,-2.903725424579725267e+00
3.238900000000000290e+01,1.625000000000000000e+03,1.800000000000000000e+03,-1.451293377885754188e+00,1.740311180862633922e+00,-2.903725424579725267e+00
3.240599999999999881e+01,1.625000000000000000e+03,1.800000000000000000e+03,-1.451293377885754188e+00,1.740311180862633922e+00,-2.903725424579725267e+00
3.243099999999999739e+01,1.625000000000000000e+03,1.800000000000000000e+03,-1.445036678297210608e+00,1.727880807000794050e+00,-2.928934752585233170e+00
3.244800000000000040e+01,1.625000000000000000e+03,1.800000000000000000e+03,-1.445036678297210608e+00,1.727880807000794050e+00,-2.928934752585233170e+00
3.246500000000000341e+01,1.625000000000000000e+03,1.800000000000000000e+03,-1.442345831370997811e+00,1.723686062904796312e+00,-2.929051531055796076e+00
3.248199999999999932e+01,1.625000000000000000e+03,1.800000000000000000e+03,-1.439177508719167387e+00,1.718156657803923792e+00,-2.929167748633458412e+00
3.250000000000000000e+01,1.625000000000000000e+03,1.800000000000000000e+03,-1.438954170188956105e+00,1.714268731278961067e+00,-2.961866715065779587e+00
3.251700000000000301e+01,1.625000000000000000e+03,1.800000000000000000e+03,-1.436632157014922972e+00,1.712715850621231439e+00,-2.933302960246916058e+00
3.253399999999999892e+01,1.625000000000000000e+03,1.800000000000000000e+03,-1.435668638202983960e+00,1.710037104788680207e+00,-2.958227427254960240e+00
3.255100000000000193e+01,1.625000000000000000e+03,1.800000000000000000e+03,-1.426320730620079136e+00,1.687295608958377269e+00,-2.990270295584494420e+00
3.256799999999999784e+01,1.625000000000000000e+03,1.800000000000000000e+03,-1.422130879106640045e+00,1.680498756480662159e+00,-2.962251135488239484e+00
3.258500000000000085e+01,1.625000000000000000e+03,1.800000000000000000e+03,-1.421927634300322874e+00,1.676693190343057527e+00,-2.990309673561194259e+00
3.260199999999999676e+01,1.625000000000000000e+03,1.800000000000000000e+03,-1.420244565456991959e+00,1.675244723486769782e+00,-2.965889818707418524e+00
3.261899999999999977e+01,1.625000000000000000e+03,1.800000000000000000e+03,-1.420244565456991959e+00,1.675244723486769782e+00,-2.965889818707418524e+00
3.263600000000000279e+01,1.625000000000000000e+03,1.800000000000000000e+03,-1.418093150802392399e+00,1.672487808558354772e+00,-2.993483038705027077e+00
3.265299999999999869e+01,1.625000000000000000e+03,1.800000000000000000e+03,-1.417425617489008083e+00,1.667393662069309279e+00,-2.990348045665991439e+00
3.267000000000000171e+01,1.625000000000000000e+03,1.800000000000000000e+03,-1.416488761408427388e+00,1.664784600834907646e+00,-3.017911140986028862e+00
3.268699999999999761e+01,1.625000000000000000e+03,1.800000000000000000e+03,-1.415086085049541698e+00,1.660878438674788793e+00,-3.017888461245017862e+00
3.270400000000000063e+01,1.625000000000000000e+03,1.800000000000000000e+03,-1.415086085049541698e+00,1.660878438674788793e+00,-3.017888461245017862e+00
3.272099999999999653e+01,1.625000000000000000e+03,1.800000000000000000e+03,-1.412208441576736195e+00,1.659309848668068188e+00,-2.990318181505489115e+00
3.273799999999999955e+01,1.625000000000000000e+03,1.800000000000000000e+03,-1.412016682883570073e+00,1.655550233318922260e+00,-3.017865659684972446e+00
3.275500000000000256e+01,1.625000000000000000e+03,1.800000000000000000e+03,-1.408956854194473696e+00,1.650239098281302219e+00,-3.020622420588085610e+00
3.277199999999999847e+01,1.625000000000000000e+03,1.800000000000000000e+03,-1.406968302312276542e+00,1.646300037283233042e+00,-3.017819692841371193e+00
3.278900000000000148e+01,1.625000000000000000e+03,1.800000000000000000e+03,-1.406968302312276542e+00,1.646300037283233042e+00,-3.017819692841371193e+00
3.280599999999999739e+01,1.625000000000000000e+03,1.800000000000000000e+03,-1.406183150051740327e+00,1.642502324204986763e+00,-3.044838335627254366e+00
3.282300000000000040e+01,1.625000000000000000e+03,1.800000000000000000e+03,-1.406183150051740327e+00,1.642502324204986763e+00,-3.044838335627254366e+00
3.284199999999999875e+01,1.625000000000000000e+03,1.800000000000000000e+03,-1.401169490285933295e+00,1.633323804355605979e+00,-3.044712284335214125e+00
3.285900000000000176e+01,1.625000000000000000e+03,1.800000000000000000e+03,-1.401169490285933295e+00,1.633323804355605979e+00,-3.044712284335214125e+00
3.287599999999999767e+01,1.625000000000000000e+03,1.800000000000000000e+03,-1.401169490285933295e+00,1.633323804355605979e+00,-3.044712284335214125e+00
3.289300000000000068e+01,1.625000000000000000e+03,1.800000000000000000e+03,-1.400253824639167588e+00,1.630766654740553712e+00,-3.020513085324052494e+00
3.291100000000000136e+01,1.625000000000000000e+03,1.800000000000000000e+03,-1.400253824639167588e+00,1.630766654740553712e+00,-3.020513085324052494e+00
3.292799999999999727e+01,1.625000000000000000e+03,1.800000000000000000e+03,-1.399339504424365277e+00,1.628213348099398328e+00,-3.044649256424108774e+00
3.294500000000000028e+01,1.625000000000000000e+03,1.800000000000000000e+03,-1.397970540175236476e+00,1.624390574270575982e+00,-3.044586226882425084e+00
3.296300000000000097e+01,1.625000000000000000e+03,1.800000000000000000e+03,-1.395273231520525403e+00,1.621652633988542203e+00,-3.020457776051003851e+00
3.297999999999999687e+01,1.625000000000000000e+03,1.800000000000000000e+03,-1.395100839885934141e+00,1.617973855118050253e+00,-3.044523195670486349e+00
3.299900000000000233e+01,1.625000000000000000e+03,1.800000000000000000e+03,-1.392694045688024351e+00,1.612845309252116444e+00,-3.049288341628938248e+00
3.301599999999999824e+01,1.625000000000000000e+03,1.800000000000000000e+03,-1.392694045688024351e+00,1.612845309252116444e+00,-3.049288341628938248e+00
3.303300000000000125e+01,1.625000000000000000e+03,1.800000000000000000e+03,-1.384908490407830151e+00,1.592676705797791303e+00,-3.072569021388309896e+00
3.305100000000000193e+01,1.625000000000000000e+03,1.800000000000000000e+03,-1.384908490407830151e+00,1.592676705797791303e+00,-3.072569021388309896e+00
3.306799999999999784e+01,1.625000000000000000e+03,1.800000000000000000e+03,-1.383712654589373425e+00,1.587750547146673963e+00,-3.070413892118058374e+00
3.308500000000000085e+01,1.625000000000000000e+03,1.800000000000000000e+03,-1.383712654589373425e+00,1.587750547146673963e+00,-3.070413892118058374e+00
3.310199999999999676e+01,1.625000000000000000e+03,1.800000000000000000e+03,-1.382663583846572841e+00,1.581659546978890774e+00,-3.096127405275165945e+00
3.311899999999999977e+01,1.625000000000000000e+03,1.800000000000000000e+03,-1.380743746362460556e+00,1.577878659466858124e+00,-3.072337379169580718e+00
3.313600000000000279e+01,1.625000000000000000e+03,1.800000000000000000e+03,-1.380887513583313631e+00,1.576702992112541946e+00,-3.095990911531323331e+00
3.315400000000000347e+01,1.625000000000000000e+03,1.800000000000000000e+03,-1.379702766293351424e+00,1.571822812200249331e+00,-3.097650776412310680e+00
3.317099999999999937e+01,1.625000000000000000e+03,1.800000000000000000e+03,-1.376476058116947954e+00,1.569110884159043540e+00,-3.072130884590478228e+00
3.318800000000000239e+01,1.625000000000000000e+03,1.800000000000000000e+03,-1.377936015336513442e+00,1.566895160944342003e+00,-3.097512226620076081e+00
3.320600000000000307e+01,1.625000000000000000e+03,1.800000000000000000e+03,-1.375445150323728605e+00,1.563086502530827371e+00,-3.097373887012819349e+00
3.322200000000000131e+01,1.625000000000000000e+03,1.800000000000000000e+03,-1.374566498707290751e+00,1.560633834378038820e+00,-3.097373887012819349e+00
3.324000000000000199e+01,1.625000000000000000e+03,1.800000000000000000e+03,-1.374566498707290751e+00,1.560633834378038820e+00,-3.097373887012819349e+00
3.325600000000000023e+01,1.625000000000000000e+03,1.800000000000000000e+03,-1.374417752700557882e+00,1.557083297798214971e+00,-3.098982862582275288e+00
3.327300000000000324e+01,1.625000000000000000e+03,1.800000000000000000e+03,-1.374417752700557882e+00,1.557083297798214971e+00,-3.098982862582275288e+00
3.328999999999999915e+01,1.625000000000000000e+03,1.800000000000000000e+03,-1.373103613880209739e+00,1.553418697340466448e+00,-3.097177459245790576e+00
3.330799999999999983e+01,1.625000000000000000e+03,1.800000000000000000e+03,-1.371792302112766038e+00,1.549762153424920186e+00,-3.073854385504215969e+00
3.332500000000000284e+01,1.625000000000000000e+03,1.800000000000000000e+03,-1.371355824812482416e+00,1.548545091103006754e+00,-3.075864154275032014e+00
3.334199999999999875e+01,1.625000000000000000e+03,1.800000000000000000e+03,-1.370048267960131350e+00,1.544899247064539072e+00,-3.075755782146222028e+00
3.335900000000000176e+01,1.625000000000000000e+03,1.800000000000000000e+03,-1.369324068189965438e+00,1.541321335694812333e+00,-3.050781991979266028e+00
3.337599999999999767e+01,1.625000000000000000e+03,1.800000000000000000e+03,-1.368167541835686896e+00,1.536542638407962347e+00,-3.052969451720686234e+00
3.339300000000000068e+01,1.625000000000000000e+03,1.800000000000000000e+03,-1.365864076041790387e+00,1.527025824250047847e+00,-3.122599212290667392e+00
3.340999999999999659e+01,1.625000000000000000e+03,1.800000000000000000e+03,-1.365864076041790387e+00,1.527025824250047847e+00,-3.122599212290667392e+00
3.342699999999999960e+01,1.625000000000000000e+03,1.800000000000000000e+03,-1.365432591416067654e+00,1.525825241544598310e+00,-3.077350899051856548e+00
3.344400000000000261e+01,1.625000000000000000e+03,1.800000000000000000e+03,-1.363709719725111347e+00,1.521031628498899835e+00,-3.099712300297345902e+00
3.346099999999999852e+01,1.625000000000000000e+03,1.800000000000000000e+03,-1.363426585060187435e+00,1.518698691637635712e+00,-3.099712300297345902e+00
3.347800000000000153e+01,1.625000000000000000e+03,1.800000000000000000e+03,-1.362138806906431077e+00,1.515117596925355858e+00,-3.122163917301444602e+00
3.349499999999999744e+01,1.625000000000000000e+03,1.800000000000000000e+03,-1.360131129241602288e+00,1.512617932972287971e+00,-3.075153955483147072e+00
3.351200000000000045e+01,1.625000000000000000e+03,1.800000000000000000e+03,-1.355889001627197166e+00,1.496206495811345238e+00,-3.122941573473185795e+00
3.352900000000000347e+01,1.625000000000000000e+03,1.800000000000000000e+03,-1.356037099454070027e+00,1.495085449837846525e+00,-3.122941573473185795e+00
3.354599999999999937e+01,1.625000000000000000e+03,1.800000000000000000e+03,-1.356037099454070027e+00,1.495085449837846525e+00,-3.122941573473185795e+00
3.356300000000000239e+01,1.625000000000000000e+03,1.800000000000000000e+03,-1.353920254160285719e+00,1.489206109806910039e+00,3.139220092842236465e+00
3.357999999999999829e+01,1.625000000000000000e+03,1.800000000000000000e+03,-1.352926940260754884e+00,1.487975892413973877e+00,-3.098884338835422803e+00
3.359799999999999898e+01,1.625000000000000000e+03,1.800000000000000000e+03,-1.352950898585622230e+00,1.483461127187974515e+00,-3.122505203213833180e+00
3.361500000000000199e+01,1.625000000000000000e+03,1.800000000000000000e+03,-1.352950898585622230e+00,1.483461127187974515e+00,-3.122505203213833180e+00
3.363199999999999790e+01,1.625000000000000000e+03,1.800000000000000000e+03,-1.352950898585622230e+00,1.483461127187974515e+00,-3.122505203213833180e+00
3.364900000000000091e+01,1.625000000000000000e+03,1.800000000000000000e+03,-1.351959641798552214e+00,1.482235288355643998e+00,-3.122505203213833180e+00
3.366599999999999682e+01,1.625000000000000000e+03,1.800000000000000000e+03,-1.350007113494399391e+00,1.475293840398889778e+00,-3.122334278290662457e+00
3.368299999999999983e+01,1.625000000000000000e+03,1.800000000000000000e+03,-1.349317833545992107e+00,1.471862064611404897e+00,3.137737618897996406e+00
3.370000000000000284e+01,1.625000000000000000e+03,1.800000000000000000e+03,-1.349317833545992107e+00,1.471862064611404897e+00,3.137737618897996406e+00
3.371800000000000352e+01,1.625000000000000000e+03,1.800000000000000000e+03,-1.348629939966238478e+00,1.468437371246623435e+00,-3.122070679386525605e+00
3.373499999999999943e+01,1.625000000000000000e+03,1.800000000000000000e+03,-1.348629939966238478e+00,1.468437371246623435e+00,-3.122070679386525605e+00
3.375200000000000244e+01,1.625000000000000000e+03,1.800000000000000000e+03,-1.346275682109013161e+00,1.460400024028531085e+00,3.115340803747709497e+00
3.376899999999999835e+01,1.625000000000000000e+03,1.800000000000000000e+03,-1.346275682109013161e+00,1.460400024028531085e+00,3.115340803747709497e+00
3.378600000000000136e+01,1.625000000000000000e+03,1.800000000000000000e+03,-1.346574535680824969e+00,1.458205561513692849e+00,3.138260321778856277e+00
3.380299999999999727e+01,1.625000000000000000e+03,1.800000000000000000e+03,-1.344762364106548924e+00,1.454698878732984646e+00,3.093778091703549560e+00
3.382000000000000028e+01,1.625000000000000000e+03,1.800000000000000000e+03,-1.345509800514639753e+00,1.449236497455328454e+00,3.072134382630439031e+00
3.383800000000000097e+01,1.625000000000000000e+03,1.800000000000000000e+03,-1.345509800514639753e+00,1.449236497455328454e+00,3.072134382630439031e+00
3.385499999999999687e+01,1.625000000000000000e+03,1.800000000000000000e+03,-1.344266884256185790e+00,1.445803621311124942e+00,3.072632876049406381e+00
3.387199999999999989e+01,1.625000000000000000e+03,1.800000000000000000e+03,-1.344266884256185790e+00,1.445803621311124942e+00,3.072632876049406381e+00
3.388900000000000290e+01,1.625000000000000000e+03,1.800000000000000000e+03,-1.344002650513841157e+00,1.443573544896347816e+00,3.072128161155763593e+00
3.390599999999999881e+01,1.625000000000000000e+03,1.800000000000000000e+03,-1.343475203714532107e+00,1.439122346334413383e+00,3.050810289221199678e+00
3.392300000000000182e+01,1.625000000000000000e+03,1.800000000000000000e+03,-1.341526737456438356e+00,1.436738933440125265e+00,3.072898594715197440e+00
3.394100000000000250e+01,1.625000000000000000e+03,1.800000000000000000e+03,-1.341003621080480324e+00,1.432306256221528518e+00,3.073394814585937329e+00
3.395900000000000318e+01,1.625000000000000000e+03,1.800000000000000000e+03,-1.340031984099094187e+00,1.431119277303269488e+00,3.072891884668446316e+00
3.397599999999999909e+01,1.625000000000000000e+03,1.800000000000000000e+03,-1.340031984099094187e+00,1.431119277303269488e+00,3.072891884668446316e+00
3.399300000000000210e+01,1.625000000000000000e+03,1.800000000000000000e+03,-1.335906676588113351e+00,1.396105359785728250e+00,3.010504947483275906e+00
3.400999999999999801e+01,1.625000000000000000e+03,1.800000000000000000e+03,-1.335097379824155439e+00,1.393889690844628770e+00,3.032395590429064480e+00
3.402700000000000102e+01,1.625000000000000000e+03,1.800000000000000000e+03,-1.335097379824155439e+00,1.393889690844628770e+00,3.032395590429064480e+00
3.404399999999999693e+01,1.625000000000000000e+03,1.800000000000000000e+03,-1.333885505471706256e+00,1.390571973125832361e+00,3.032437639940016361e+00
3.406099999999999994e+01,1.625000000000000000e+03,1.800000000000000000e+03,-1.334888434641656518e+00,1.387467098940151633e+00,3.011590637595743303e+00
3.407800000000000296e+01,1.625000000000000000e+03,1.800000000000000000e+03,-1.334933677443986833e+00,1.383216287972954373e+00,3.011872414944169574e+00
3.409499999999999886e+01,1.625000000000000000e+03,1.800000000000000000e+03,-1.334933677443986833e+00,1.383216287972954373e+00,3.011872414944169574e+00
3.411299999999999955e+01,1.625000000000000000e+03,1.800000000000000000e+03,-1.333576116906335818e+00,1.380967008994276490e+00,3.012213168383858442e+00
3.413000000000000256e+01,1.625000000000000000e+03,1.800000000000000000e+03,-1.333576116906335818e+00,1.380967008994276490e+00,3.012213168383858442e+00
3.414699999999999847e+01,1.625000000000000000e+03,1.800000000000000000e+03,-1.333071595513365626e+00,1.376682041180677718e+00,3.012035443213774144e+00
3.416400000000000148e+01,1.625000000000000000e+03,1.800000000000000000e+03,-1.331617257114207531e+00,1.371265612895680608e+00,3.012833384970298845e+00
3.418099999999999739e+01,1.625000000000000000e+03,1.800000000000000000e+03,-1.331617257114207531e+00,1.371265612895680608e+00,3.012833384970298845e+00
3.419800000000000040e+01,1.625000000000000000e+03,1.800000000000000000e+03,-1.331416104607900497e+00,1.364930928464817672e+00,3.034577681698495510e+00
3.421500000000000341e+01,1.625000000000000000e+03,1.800000000000000000e+03,-1.331416104607900497e+00,1.364930928464817672e+00,3.034577681698495510e+00
3.423299999999999699e+01,1.625000000000000000e+03,1.800000000000000000e+03,-1.331416104607900497e+00,1.364930928464817672e+00,3.034577681698495510e+00
3.425000000000000000e+01,1.625000000000000000e+03,1.800000000000000000e+03,-1.330767102675899594e+00,1.361722542345140230e+00,2.993227839309599680e+00
3.426700000000000301e+01,1.625000000000000000e+03,1.800000000000000000e+03,-1.330169964672401672e+00,1.354344099677949664e+00,2.993150720571759127e+00
3.428399999999999892e+01,1.625000000000000000e+03,1.800000000000000000e+03,-1.330169964672401672e+00,1.354344099677949664e+00,2.993150720571759127e+00
3.430100000000000193e+01,1.625000000000000000e+03,1.800000000000000000e+03,-1.329276584140238748e+00,1.349051711058607328e+00,2.994190131230645147e+00
3.431799999999999784e+01,1.625000000000000000e+03,1.800000000000000000e+03,-1.329276584140238748e+00,1.349051711058607328e+00,2.994190131230645147e+00
3.433500000000000085e+01,1.625000000000000000e+03,1.800000000000000000e+03,-1.328236497456864340e+00,1.344800711984710517e+00,2.973024785543864290e+00
3.435199999999999676e+01,1.625000000000000000e+03,1.800000000000000000e+03,-1.328236497456864340e+00,1.344800711984710517e+00,2.973024785543864290e+00
3.436899999999999977e+01,1.625000000000000000e+03,1.800000000000000000e+03,-1.328535528038726765e+00,1.342753260488689371e+00,2.974890006981085744e+00
3.438600000000000279e+01,1.625000000000000000e+03,1.800000000000000000e+03,-1.328192358686715480e+00,1.337547706915990897e+00,2.953831314694792542e+00
3.440299999999999869e+01,1.625000000000000000e+03,1.800000000000000000e+03,-1.327551777579370151e+00,1.334393330474694661e+00,2.954180281184925594e+00
3.442000000000000171e+01,1.625000000000000000e+03,1.800000000000000000e+03,-1.327455852427047223e+00,1.331293807725610456e+00,2.975015460962186609e+00
3.443699999999999761e+01,1.625000000000000000e+03,1.800000000000000000e+03,-1.327754058568555218e+00,1.329263093144076979e+00,2.955696278592587323e+00
3.445400000000000063e+01,1.625000000000000000e+03,1.800000000000000000e+03,-1.326722102158900407e+00,1.325064091077910344e+00,2.954919131311813274e+00
3.447200000000000131e+01,1.625000000000000000e+03,1.800000000000000000e+03,-1.326722102158900407e+00,1.325064091077910344e+00,2.954919131311813274e+00
3.448799999999999955e+01,1.625000000000000000e+03,1.800000000000000000e+03,-1.325394180831694690e+00,1.322896456603190884e+00,2.976603823845709762e+00
3.450600000000000023e+01,1.625000000000000000e+03,1.800000000000000000e+03,-1.325991092838174401e+00,1.318858413709769195e+00,2.976925565266311580e+00
3.452300000000000324e+01,1.625000000000000000e+03,1.800000000000000000e+03,-1.326045872388199376e+00,1.314782390690445890e+00,2.936682408975129999e+00
3.453999999999999915e+01,1.625000000000000000e+03,1.800000000000000000e+03,-1.326045872388199376e+00,1.314782390690445890e+00,2.936682408975129999e+00
3.455700000000000216e+01,1.625000000000000000e+03,1.800000000000000000e+03,-1.324019917297838411e+00,1.295360400049001992e+00,2.939899383506463515e+00
3.457399999999999807e+01,1.625000000000000000e+03,1.800000000000000000e+03,-1.323242846470528811e+00,1.293280425223527264e+00,2.938951614481482455e+00
3.459100000000000108e+01,1.625000000000000000e+03,1.800000000000000000e+03,-1.323688329245205075e+00,1.290305480901202007e+00,2.920580417784624849e+00
3.460900000000000176e+01,1.625000000000000000e+03,1.800000000000000000e+03,-1.323745228788580253e+00,1.286300843677187888e+00,2.919436435897420967e+00
3.462599999999999767e+01,1.625000000000000000e+03,1.800000000000000000e+03,-1.322583497613738945e+00,1.283199781843138876e+00,2.941022821541079413e+00
3.464300000000000068e+01,1.625000000000000000e+03,1.800000000000000000e+03,-1.323176136182790508e+00,1.279258942364395413e+00,2.921761926638710705e+00
3.465999999999999659e+01,1.625000000000000000e+03,1.800000000000000000e+03,-1.323085565536621822e+00,1.276263599193720122e+00,2.902217679739957923e+00
3.467699999999999960e+01,1.625000000000000000e+03,1.800000000000000000e+03,-1.323085565536621822e+00,1.276263599193720122e+00,2.902217679739957923e+00
3.469400000000000261e+01,1.625000000000000000e+03,1.800000000000000000e+03,-1.322609441979206268e+00,1.272248011087485864e+00,2.902621817813599847e+00
3.471099999999999852e+01,1.625000000000000000e+03,1.800000000000000000e+03,-1.322519554892168880e+00,1.269265779341647082e+00,2.901286838826166115e+00
3.472800000000000153e+01,1.625000000000000000e+03,1.800000000000000000e+03,-1.322519554892168880e+00,1.269265779341647082e+00,2.901286838826166115e+00
3.474699999999999989e+01,1.625000000000000000e+03,1.800000000000000000e+03,-1.321749673764054167e+00,1.267220065000965956e+00,2.922937109532443234e+00
3.476400000000000290e+01,1.625000000000000000e+03,1.800000000000000000e+03,-1.322340227465821805e+00,1.263317954545761346e+00,2.905149782059506247e+00
3.478099999999999881e+01,1.625000000000000000e+03,1.800000000000000000e+03,-1.321866863542570991e+00,1.259334938646152757e+00,2.884477226298909791e+00
3.479800000000000182e+01,1.625000000000000000e+03,1.800000000000000000e+03,-1.321777950694540182e+00,1.256376742996501594e+00,2.884899441657641006e+00
3.481499999999999773e+01,1.625000000000000000e+03,1.800000000000000000e+03,-1.321777950694540182e+00,1.256376742996501594e+00,2.884899441657641006e+00
3.483200000000000074e+01,1.625000000000000000e+03,1.800000000000000000e+03,-1.321777950694540182e+00,1.256376742996501594e+00,2.884899441657641006e+00
3.484899999999999665e+01,1.625000000000000000e+03,1.800000000000000000e+03,-1.321070863939106665e+00,1.250432105601190891e+00,2.887238557453648546e+00
3.486699999999999733e+01,1.625000000000000000e+03,1.800000000000000000e+03,-1.322041335943323181e+00,1.247579541505550615e+00,2.887657300683318162e+00
3.488499999999999801e+01,1.625000000000000000e+03,1.800000000000000000e+03,-1.321952518353167072e+00,1.244643044390234099e+00,2.888075390840645795e+00
3.490200000000000102e+01,1.625000000000000000e+03,1.800000000000000000e+03,-1.321100913588695303e+00,1.239702017689875646e+00,2.886596173058066483e+00
3.491899999999999693e+01,1.625000000000000000e+03,1.800000000000000000e+03,-1.321540572045372564e+00,1.236824165072881510e+00,2.887014889004186902e+00
3.493599999999999994e+01,1.625000000000000000e+03,1.800000000000000000e+03,-1.320632419657183698e+00,1.235778038350427543e+00,2.890779268580613515e+00
3.495300000000000296e+01,1.625000000000000000e+03,1.800000000000000000e+03,-1.320691641047079923e+00,1.231907656981211741e+00,2.889340676549373654e+00
3.496999999999999886e+01,1.625000000000000000e+03,1.800000000000000000e+03,-1.320750689429742275e+00,1.228046673412948930e+00,2.889755955957209466e+00
3.498799999999999955e+01,1.625000000000000000e+03,1.800000000000000000e+03,-1.320750689429742275e+00,1.228046673412948930e+00,2.889755955957209466e+00
3.500600000000000023e+01,1.625000000000000000e+03,1.800000000000000000e+03,-1.321042970470332811e+00,1.226141461250155995e+00,2.872885356116464006e+00
3.502300000000000324e+01,1.625000000000000000e+03,1.800000000000000000e+03,-1.321101443253266394e+00,1.222294419359669870e+00,2.873317720605022441e+00
3.503900000000000148e+01,1.625000000000000000e+03,1.800000000000000000e+03,-1.321159746337888796e+00,1.218456688048188408e+00,2.871702783322349184e+00
3.505599999999999739e+01,1.625000000000000000e+03,1.800000000000000000e+03,-1.321536090531336471e+00,1.202260006336405507e+00,2.836151681540117764e+00
3.507300000000000040e+01,1.625000000000000000e+03,1.800000000000000000e+03,-1.321536090531336471e+00,1.202260006336405507e+00,2.836151681540117764e+00
3.509000000000000341e+01,1.625000000000000000e+03,1.800000000000000000e+03,-1.322691451341630575e+00,1.194774376215575806e+00,2.837086562872458195e+00
3.510799999999999699e+01,1.625000000000000000e+03,1.800000000000000000e+03,-1.322691451341630575e+00,1.194774376215575806e+00,2.837086562872458195e+00
3.512500000000000000e+01,1.625000000000000000e+03,1.800000000000000000e+03,-1.322283431708909385e+00,1.187198360378040718e+00,2.858750765799178861e+00
3.514200000000000301e+01,1.625000000000000000e+03,1.800000000000000000e+03,-1.322283431708909385e+00,1.187198360378040718e+00,2.858750765799178861e+00
3.515800000000000125e+01,1.625000000000000000e+03,1.800000000000000000e+03,-1.322195755584069765e+00,1.184372030322319524e+00,2.859194922159664642e+00
3.517499999999999716e+01,1.625000000000000000e+03,1.800000000000000000e+03,-1.322108224500494034e+00,1.181550812370245396e+00,2.840889825965728921e+00
3.519200000000000017e+01,1.625000000000000000e+03,1.800000000000000000e+03,-1.322825231123937684e+00,1.176928898528329714e+00,2.823185685502804798e+00
3.520900000000000318e+01,1.625000000000000000e+03,1.800000000000000000e+03,-1.322220220001891322e+00,1.174079876697561531e+00,2.823664160763694309e+00
3.522599999999999909e+01,1.625000000000000000e+03,1.800000000000000000e+03,-1.322792450688465182e+00,1.170398727489694757e+00,2.824141869122079651e+00
3.524300000000000210e+01,1.625000000000000000e+03,1.800000000000000000e+03,-1.322792450688465182e+00,1.170398727489694757e+00,2.824141869122079651e+00
3.525999999999999801e+01,1.625000000000000000e+03,1.800000000000000000e+03,-1.322331589412535369e+00,1.166644469301658216e+00,2.822025074021770497e+00
3.527799999999999869e+01,1.625000000000000000e+03,1.800000000000000000e+03,-1.322331589412535369e+00,1.166644469301658216e+00,2.822025074021770497e+00
3.529500000000000171e+01,1.625000000000000000e+03,1.800000000000000000e+03,-1.323275156603798575e+00,1.163936500003228236e+00,2.788793017818395725e+00
3.531199999999999761e+01,1.625000000000000000e+03,1.800000000000000000e+03,-1.323187128852165717e+00,1.161151911739006781e+00,2.807128918122868910e+00
3.532800000000000296e+01,1.625000000000000000e+03,1.800000000000000000e+03,-1.323241436554365658e+00,1.157460363616257482e+00,2.807621231662226435e+00
3.534599999999999653e+01,1.625000000000000000e+03,1.800000000000000000e+03,-1.323951133673989089e+00,1.152908456888642519e+00,2.790318885799189630e+00
3.536299999999999955e+01,1.625000000000000000e+03,1.800000000000000000e+03,-1.323862762408668958e+00,1.150143518864475745e+00,2.790825880182541407e+00
3.538100000000000023e+01,1.625000000000000000e+03,1.800000000000000000e+03,-1.324287266932120399e+00,1.147423475337544740e+00,2.773195637800923929e+00
3.539800000000000324e+01,1.625000000000000000e+03,1.800000000000000000e+03,-1.324339958622393842e+00,1.143764241494334311e+00,2.773717453477261508e+00
3.541400000000000148e+01,1.625000000000000000e+03,1.800000000000000000e+03,-1.324904059316251992e+00,1.140153258314660079e+00,2.774238436393082985e+00
3.543200000000000216e+01,1.625000000000000000e+03,1.800000000000000000e+03,-1.323510737203150267e+00,1.139133062892488724e+00,2.812749365099981080e+00
3.544899999999999807e+01,1.625000000000000000e+03,1.800000000000000000e+03,-1.324074905428881177e+00,1.135532877277605657e+00,2.813234393643920583e+00
3.546699999999999875e+01,1.625000000000000000e+03,1.800000000000000000e+03,-1.325288338574587943e+00,1.131083440522505867e+00,2.757863983219556836e+00
3.548400000000000176e+01,1.625000000000000000e+03,1.800000000000000000e+03,-1.325848991855443915e+00,1.127501580834260331e+00,2.761606868178088092e+00
3.550099999999999767e+01,1.625000000000000000e+03,1.800000000000000000e+03,-1.325759550831708378e+00,1.124781592890340409e+00,2.762136736171845186e+00
3.551800000000000068e+01,1.625000000000000000e+03,1.800000000000000000e+03,-1.328264652588312611e+00,1.108791860256785444e+00,2.729913821020614417e+00
3.553499999999999659e+01,1.625000000000000000e+03,1.800000000000000000e+03,-1.328450091473254879e+00,1.104341115120721195e+00,2.730468086471681488e+00
3.555199999999999960e+01,1.625000000000000000e+03,1.800000000000000000e+03,-1.328634968095351754e+00,1.099903225216153135e+00,2.714369481786921945e+00
3.556900000000000261e+01,1.625000000000000000e+03,1.800000000000000000e+03,-1.328634968095351754e+00,1.099903225216153135e+00,2.714369481786921945e+00
3.558599999999999852e+01,1.625000000000000000e+03,1.800000000000000000e+03,-1.328634968095351754e+00,1.099903225216153135e+00,2.714369481786921945e+00
3.560399999999999920e+01,1.625000000000000000e+03,1.800000000000000000e+03,-1.329461153288516773e+00,1.094639811747492697e+00,2.749456332756079924e+00
3.562100000000000222e+01,1.625000000000000000e+03,1.800000000000000000e+03,-1.329231965739730459e+00,1.092851732582343693e+00,2.698470221849876616e+00
3.563900000000000290e+01,1.625000000000000000e+03,1.800000000000000000e+03,-1.330421454998604869e+00,1.088521630907568483e+00,2.712489899231052881e+00
3.565599999999999881e+01,1.625000000000000000e+03,1.800000000000000000e+03,-1.331241519534385853e+00,1.083296628101465320e+00,2.700284618648025159e+00
3.567199999999999704e+01,1.625000000000000000e+03,1.800000000000000000e+03,-1.331241519534385853e+00,1.083296628101465320e+00,2.700284618648025159e+00
3.568900000000000006e+01,1.625000000000000000e+03,1.800000000000000000e+03,-1.331786672797325766e+00,1.079823066130048304e+00,2.717826209135086657e+00
3.570799999999999841e+01,1.625000000000000000e+03,1.800000000000000000e+03,-1.333238667196884109e+00,1.073799812631858419e+00,2.705717542957889243e+00
3.572500000000000142e+01,1.625000000000000000e+03,1.800000000000000000e+03,-1.333238667196884109e+00,1.073799812631858419e+00,2.705717542957889243e+00
3.574199999999999733e+01,1.625000000000000000e+03,1.800000000000000000e+03,-1.334415290827231537e+00,1.069522153933254671e+00,2.686478567474325896e+00
3.575900000000000034e+01,1.625000000000000000e+03,1.800000000000000000e+03,-1.334415290827231537e+00,1.069522153933254671e+00,2.686478567474325896e+00
3.577600000000000335e+01,1.625000000000000000e+03,1.800000000000000000e+03,-1.334184978800871502e+00,1.067763246793141274e+00,2.686478567474325896e+00
3.579399999999999693e+01,1.625000000000000000e+03,1.800000000000000000e+03,-1.334858622296750896e+00,1.063465847516601226e+00,2.703802957565412779e+00
3.581099999999999994e+01,1.625000000000000000e+03,1.800000000000000000e+03,-1.336163025092788281e+00,1.058360874110328531e+00,2.692061845551217747e+00
3.582800000000000296e+01,1.625000000000000000e+03,1.800000000000000000e+03,-1.336163025092788281e+00,1.058360874110328531e+00,2.692061845551217747e+00
3.584599999999999653e+01,1.625000000000000000e+03,1.800000000000000000e+03,-1.337329716074703523e+00,1.054125496724514832e+00,2.672949240483764033e+00
3.586399999999999721e+01,1.625000000000000000e+03,1.800000000000000000e+03,-1.338891655832831873e+00,1.047351403153190308e+00,2.690727190164711402e+00
3.588100000000000023e+01,1.625000000000000000e+03,1.800000000000000000e+03,-1.338891655832831873e+00,1.047351403153190308e+00,2.690727190164711402e+00
3.589800000000000324e+01,1.625000000000000000e+03,1.800000000000000000e+03,-1.338891655832831873e+00,1.047351403153190308e+00,2.690727190164711402e+00
3.591499999999999915e+01,1.625000000000000000e+03,1.800000000000000000e+03,-1.339289431313364309e+00,1.044805421926122246e+00,2.674820571612896103e+00
3.593200000000000216e+01,1.625000000000000000e+03,1.800000000000000000e+03,-1.339289431313364309e+00,1.044805421926122246e+00,2.674820571612896103e+00
3.595000000000000284e+01,1.625000000000000000e+03,1.800000000000000000e+03,-1.340710514473691495e+00,1.038916535265643315e+00,2.655649084726658504e+00
3.596699999999999875e+01,1.625000000000000000e+03,1.800000000000000000e+03,-1.340710514473691495e+00,1.038916535265643315e+00,2.655649084726658504e+00
3.598400000000000176e+01,1.625000000000000000e+03,1.800000000000000000e+03,-1.340974024166285972e+00,1.037228046226354117e+00,2.679946256762313794e+00
3.600099999999999767e+01,1.625000000000000000e+03,1.800000000000000000e+03,-1.341762789134945733e+00,1.032173757679193393e+00,2.661000503533109462e+00
3.601700000000000301e+01,1.625000000000000000e+03,1.800000000000000000e+03,-1.342287167728213548e+00,1.028813515768523423e+00,2.661594944345836211e+00
3.603499999999999659e+01,1.625000000000000000e+03,1.800000000000000000e+03,-1.345356802766139115e+00,1.015514939080704782e+00,2.632777061698029719e+00
3.605100000000000193e+01,1.625000000000000000e+03,1.800000000000000000e+03,-1.345356802766139115e+00,1.015514939080704782e+00,2.632777061698029719e+00
3.606900000000000261e+01,1.625000000000000000e+03,1.800000000000000000e+03,-1.345356802766139115e+00,1.015514939080704782e+00,2.632777061698029719e+00
3.608599999999999852e+01,1.625000000000000000e+03,1.800000000000000000e+03,-1.347291684232008624e+00,1.003088187380422713e+00,2.619701705567226480e+00
3.610300000000000153e+01,1.625000000000000000e+03,1.800000000000000000e+03,-1.348422399975284680e+00,9.990021726950243375e-01,2.631713272727226993e+00
3.611999999999999744e+01,1.625000000000000000e+03,1.800000000000000000e+03,-1.348422399975284680e+00,9.990021726950243375e-01,2.631713272727226993e+00
3.613700000000000045e+01,1.625000000000000000e+03,1.800000000000000000e+03,-1.349422555696279780e+00,9.957478997021677047e-01,2.636687523962756963e+00
3.615400000000000347e+01,1.625000000000000000e+03,1.800000000000000000e+03,-1.349422555696279780e+00,9.957478997021677047e-01,2.636687523962756963e+00
3.617099999999999937e+01,1.625000000000000000e+03,1.800000000000000000e+03,-1.349698653982710939e+00,9.907960945357666693e-01,2.622300577524952825e+00
3.618900000000000006e+01,1.625000000000000000e+03,1.800000000000000000e+03,-1.350567817235595935e+00,9.883761745052338510e-01,2.607500157791449169e+00
3.621300000000000097e+01,1.625000000000000000e+03,1.800000000000000000e+03,-1.350567817235595935e+00,9.883761745052338510e-01,2.607500157791449169e+00
3.623400000000000176e+01,1.625000000000000000e+03,1.800000000000000000e+03,-1.350567817235595935e+00,9.883761745052338510e-01,2.607500157791449169e+00
3.627300000000000324e+01,1.625000000000000000e+03,1.800000000000000000e+03,-1.351941460566803865e+00,9.827004558330975081e-01,2.624275414832140552e+00
3.629399999999999693e+01,1.625000000000000000e+03,1.800000000000000000e+03,-1.351941460566803865e+00,9.827004558330975081e-01,2.624275414832140552e+00
3.631099999999999994e+01,1.625000000000000000e+03,1.800000000000000000e+03,-1.351941460566803865e+00,9.827004558330975081e-01,2.624275414832140552e+00
3.632900000000000063e+01,1.625000000000000000e+03,1.800000000000000000e+03,-1.353309954344294130e+00,9.770458877253974661e-01,2.605701862963113680e+00
3.634599999999999653e+01,1.625000000000000000e+03,1.800000000000000000e+03,-1.354422973873925073e+00,9.730291043760804781e-01,2.626241765903994718e+00
3.636299999999999955e+01,1.625000000000000000e+03,1.800000000000000000e+03,-1.354673329939527271e+00,9.714123481560278384e-01,2.611508167726782403e+00
3.638000000000000256e+01,1.625000000000000000e+03,1.800000000000000000e+03,-1.358475202976613394e+00,9.594702415292756248e-01,2.594484964979129060e+00
3.639699999999999847e+01,1.625000000000000000e+03,1.800000000000000000e+03,-1.358239253614792030e+00,9.578359736303055927e-01,2.580072616562057330e+00
3.641400000000000148e+01,1.625000000000000000e+03,1.800000000000000000e+03,-1.358239253614792030e+00,9.578359736303055927e-01,2.580072616562057330e+00
3.643099999999999739e+01,1.625000000000000000e+03,1.800000000000000000e+03,-1.358856341684378854e+00,9.538379488539804330e-01,2.600384984335553540e+00
3.644800000000000040e+01,1.625000000000000000e+03,1.800000000000000000e+03,-1.358856341684378854e+00,9.538379488539804330e-01,2.600384984335553540e+00
3.646600000000000108e+01,1.625000000000000000e+03,1.800000000000000000e+03,-1.360312572905238548e+00,9.507106182600669753e-01,2.596509225928316678e+00
3.648299999999999699e+01,1.625000000000000000e+03,1.800000000000000000e+03,-1.362132212138451148e+00,9.452057873473530547e-01,2.587504242330439741e+00
3.650099999999999767e+01,1.625000000000000000e+03,1.800000000000000000e+03,-1.362132212138451148e+00,9.452057873473530547e-01,2.587504242330439741e+00
3.651800000000000068e+01,1.625000000000000000e+03,1.800000000000000000e+03,-1.363823897390118667e+00,9.405121556369527847e-01,2.579518669704719436e+00
3.653499999999999659e+01,1.625000000000000000e+03,1.800000000000000000e+03,-1.371253621584151539e+00,9.203493915786621349e-01,2.559978920148671566e+00
3.655199999999999960e+01,1.625000000000000000e+03,1.800000000000000000e+03,-1.371253621584151539e+00,9.203493915786621349e-01,2.559978920148671566e+00
3.656900000000000261e+01,1.625000000000000000e+03,1.800000000000000000e+03,-1.371609139055175008e+00,9.180085080801697606e-01,2.555809190386450158e+00
3.658599999999999852e+01,1.625000000000000000e+03,1.800000000000000000e+03,-1.371609139055175008e+00,9.180085080801697606e-01,2.555809190386450158e+00
3.660300000000000153e+01,1.625000000000000000e+03,1.800000000000000000e+03,-1.372440786976825589e+00,9.157016625281745315e-01,2.556440633320993250e+00
3.662100000000000222e+01,1.625000000000000000e+03,1.800000000000000000e+03,-1.374341472603056502e+00,9.126816962640801334e-01,2.557263355492016554e+00
3.663900000000000290e+01,1.625000000000000000e+03,1.800000000000000000e+03,-1.375871522844845263e+00,9.057359428808281487e-01,2.563498990636492891e+00
3.665500000000000114e+01,1.625000000000000000e+03,1.800000000000000000e+03,-1.375871522844845263e+00,9.057359428808281487e-01,2.563498990636492891e+00
3.667199999999999704e+01,1.625000000000000000e+03,1.800000000000000000e+03,-1.378005179179029982e+00,9.043097578672955050e-01,2.550042962511736899e+00
3.668900000000000006e+01,1.625000000000000000e+03,1.800000000000000000e+03,-1.378005179179029982e+00,9.043097578672955050e-01,2.550042962511736899e+00
3.670600000000000307e+01,1.625000000000000000e+03,1.800000000000000000e+03,-1.378944086486026954e+00,9.012524623539158730e-01,2.545814604915911161e+00
3.672299999999999898e+01,1.625000000000000000e+03,1.800000000000000000e+03,-1.378932764230634600e+00,8.981421152628584759e-01,2.546446669144418529e+00
3.674099999999999966e+01,1.625000000000000000e+03,1.800000000000000000e+03,-1.380816144401192158e+00,8.951565949003471578e-01,2.547278404160015608e+00
3.675800000000000267e+01,1.625000000000000000e+03,1.800000000000000000e+03,-1.381634542095817375e+00,8.928844171127282570e-01,2.538910062939834678e+00
3.677499999999999858e+01,1.625000000000000000e+03,1.800000000000000000e+03,-1.382794913704803452e+00,8.883211033706382986e-01,2.548738172909441602e+00
3.679200000000000159e+01,1.625000000000000000e+03,1.800000000000000000e+03,-1.384913456594422332e+00,8.869102497630959592e-01,2.535464787093455907e+00
3.680899999999999750e+01,1.625000000000000000e+03,1.800000000000000000e+03,-1.385367834192142933e+00,8.838591188889134420e-01,2.536097862599882014e+00
3.682600000000000051e+01,1.625000000000000000e+03,1.800000000000000000e+03,-1.386764523547124650e+00,8.808723347205974497e-01,2.536939029836930093e+00
3.684300000000000352e+01,1.625000000000000000e+03,1.800000000000000000e+03,-1.386744883207913448e+00,8.778048321369787965e-01,2.537570276649862233e+00
3.685999999999999943e+01,1.625000000000000000e+03,1.800000000000000000e+03,-1.386744883207913448e+00,8.778048321369787965e-01,2.537570276649862233e+00
3.687800000000000011e+01,1.625000000000000000e+03,1.800000000000000000e+03,-1.388720349169328294e+00,8.741017394906390736e-01,2.538409237036023836e+00
3.689600000000000080e+01,1.625000000000000000e+03,1.800000000000000000e+03,-1.388720349169328294e+00,8.741017394906390736e-01,2.538409237036023836e+00
3.691299999999999670e+01,1.625000000000000000e+03,1.800000000000000000e+03,-1.389885546560476026e+00,8.726459583321973801e-01,2.534057337653654596e+00
3.692999999999999972e+01,1.625000000000000000e+03,1.800000000000000000e+03,-1.391383971856618551e+00,8.689268047693522456e-01,2.507871149332338234e+00
3.694700000000000273e+01,1.625000000000000000e+03,1.800000000000000000e+03,-1.391828901234391402e+00,8.659126664489190661e-01,2.508509687607897831e+00
3.696500000000000341e+01,1.625000000000000000e+03,1.800000000000000000e+03,-1.393458746120620484e+00,8.644930085487748661e-01,2.527501082319731474e+00
3.698199999999999932e+01,1.625000000000000000e+03,1.800000000000000000e+03,-1.394948697985329833e+00,8.607940140590882860e-01,2.504825052490377679e+00
3.699900000000000233e+01,1.625000000000000000e+03,1.800000000000000000e+03,-1.395966772380485832e+00,8.570760879503737106e-01,2.510878176640596759e+00
3.701599999999999824e+01,1.625000000000000000e+03,1.800000000000000000e+03,-1.404132502814058103e+00,8.365756212296121541e-01,2.479259974739823402e+00
3.703399999999999892e+01,1.625000000000000000e+03,1.800000000000000000e+03,-1.404704449795989518e+00,8.358652274863253018e-01,2.490156103088215112e+00
3.705100000000000193e+01,1.625000000000000000e+03,1.800000000000000000e+03,-1.404704449795989518e+00,8.358652274863253018e-01,2.490156103088215112e+00
3.706900000000000261e+01,1.625000000000000000e+03,1.800000000000000000e+03,-1.407054893548940644e+00,8.293241044763598468e-01,2.468522570816978234e+00
3.708599999999999852e+01,1.625000000000000000e+03,1.800000000000000000e+03,-1.408763785149416581e+00,8.272040473898470969e-01,2.461930443760781628e+00
3.710300000000000153e+01,1.625000000000000000e+03,1.800000000000000000e+03,-1.408763785149416581e+00,8.272040473898470969e-01,2.461930443760781628e+00
3.711999999999999744e+01,1.625000000000000000e+03,1.800000000000000000e+03,-1.409753217168214334e+00,8.235698231948517245e-01,2.470061089519031139e+00
3.713700000000000045e+01,1.625000000000000000e+03,1.800000000000000000e+03,-1.411098487853780004e+00,8.207010036178995493e-01,2.463475671467654227e+00
3.715400000000000347e+01,1.625000000000000000e+03,1.800000000000000000e+03,-1.411098487853780004e+00,8.207010036178995493e-01,2.463475671467654227e+00
3.717099999999999937e+01,1.625000000000000000e+03,1.800000000000000000e+03,-1.412441175365637624e+00,8.178377090956568951e-01,2.471595649335304845e+00
3.718900000000000006e+01,1.625000000000000000e+03,1.800000000000000000e+03,-1.415477446044935972e+00,8.128797877425443241e-01,2.453249741598367173e+00
3.720600000000000307e+01,1.625000000000000000e+03,1.800000000000000000e+03,-1.415477446044935972e+00,8.128797877425443241e-01,2.453249741598367173e+00
3.722299999999999898e+01,1.625000000000000000e+03,1.800000000000000000e+03,-1.416453819979991646e+00,8.092808098145017892e-01,2.443472531625147770e+00
3.724000000000000199e+01,1.625000000000000000e+03,1.800000000000000000e+03,-1.418349376615239965e+00,8.057430263724550956e-01,2.444391296531927438e+00
3.725699999999999790e+01,1.625000000000000000e+03,1.800000000000000000e+03,-1.419474861781354402e+00,8.043511231033088071e-01,2.438370186966654973e+00
3.727300000000000324e+01,1.625000000000000000e+03,1.800000000000000000e+03,-1.420802251670723937e+00,8.015191181645716645e-01,2.433407809355293772e+00
3.729099999999999682e+01,1.625000000000000000e+03,1.800000000000000000e+03,-1.420802251670723937e+00,8.015191181645716645e-01,2.433407809355293772e+00
3.730799999999999983e+01,1.625000000000000000e+03,1.800000000000000000e+03,-1.424268074821991137e+00,7.966406277145864356e-01,2.422934108316357360e+00
3.732500000000000284e+01,1.625000000000000000e+03,1.800000000000000000e+03,-1.424268074821991137e+00,7.966406277145864356e-01,2.422934108316357360e+00
3.734300000000000352e+01,1.625000000000000000e+03,1.800000000000000000e+03,-1.424869377332528053e+00,7.923395958655837790e-01,2.435895725809336110e+00
3.735900000000000176e+01,1.625000000000000000e+03,1.800000000000000000e+03,-1.425887131464737667e+00,7.916752467858588771e-01,2.424505989633596315e+00
3.737599999999999767e+01,1.625000000000000000e+03,1.800000000000000000e+03,-1.425887131464737667e+00,7.916752467858588771e-01,2.424505989633596315e+00
3.739300000000000068e+01,1.625000000000000000e+03,1.800000000000000000e+03,-1.427760538421201986e+00,7.881789859913591600e-01,2.425437620744966161e+00
3.740999999999999659e+01,1.625000000000000000e+03,1.800000000000000000e+03,-1.429530925399201458e+00,7.854031224787735299e-01,2.420370613667303772e+00
3.742699999999999960e+01,1.625000000000000000e+03,1.800000000000000000e+03,-1.429530925399201458e+00,7.854031224787735299e-01,2.420370613667303772e+00
3.744400000000000261e+01,1.625000000000000000e+03,1.800000000000000000e+03,-1.432964350787472529e+00,7.805765807189027905e-01,2.410111763124243467e+00
3.746099999999999852e+01,1.625000000000000000e+03,1.800000000000000000e+03,-1.432964350787472529e+00,7.805765807189027905e-01,2.410111763124243467e+00
3.747800000000000153e+01,1.625000000000000000e+03,1.800000000000000000e+03,-1.432964350787472529e+00,7.805765807189027905e-01,2.410111763124243467e+00
3.749499999999999744e+01,1.625000000000000000e+03,1.800000000000000000e+03,-1.433451984644569022e+00,7.770309456603495812e-01,2.422871709772516979e+00
3.751200000000000045e+01,1.625000000000000000e+03,1.800000000000000000e+03,-1.435570257675017780e+00,7.750078421854008637e-01,2.411687984634939941e+00
3.752900000000000347e+01,1.625000000000000000e+03,1.800000000000000000e+03,-1.445428233509735261e+00,7.564289280747832356e-01,2.399939452819447983e+00
3.754599999999999937e+01,1.625000000000000000e+03,1.800000000000000000e+03,-1.447978285229118089e+00,7.544571598761781184e-01,2.383256407003448096e+00
3.756300000000000239e+01,1.625000000000000000e+03,1.800000000000000000e+03,-1.448896385253073182e+00,7.509991760961000073e-01,2.378211371851226552e+00
3.758100000000000307e+01,1.625000000000000000e+03,1.800000000000000000e+03,-1.450894454124717736e+00,7.497050450558592205e-01,2.367624943137873750e+00
3.759799999999999898e+01,1.625000000000000000e+03,1.800000000000000000e+03,-1.451807575981912679e+00,7.462583505603000988e-01,2.357529189663484903e+00
3.761599999999999966e+01,1.625000000000000000e+03,1.800000000000000000e+03,-1.451807575981912679e+00,7.462583505603000988e-01,2.357529189663484903e+00
3.763300000000000267e+01,1.625000000000000000e+03,1.800000000000000000e+03,-1.455161642921398490e+00,7.415564394171744178e-01,2.370183110113076808e+00
3.764999999999999858e+01,1.625000000000000000e+03,1.800000000000000000e+03,-1.455161642921398490e+00,7.415564394171744178e-01,2.370183110113076808e+00
3.766700000000000159e+01,1.625000000000000000e+03,1.800000000000000000e+03,-1.456428238977478529e+00,7.388423919447074661e-01,2.371146059673717499e+00
3.768500000000000227e+01,1.625000000000000000e+03,1.800000000000000000e+03,-1.456428238977478529e+00,7.388423919447074661e-01,2.371146059673717499e+00
3.770199999999999818e+01,1.625000000000000000e+03,1.800000000000000000e+03,-1.459856362421902531e+00,7.334764814367281671e-01,2.373068164581146000e+00
3.771900000000000119e+01,1.625000000000000000e+03,1.800000000000000000e+03,-1.459856362421902531e+00,7.334764814367281671e-01,2.373068164581146000e+00
3.773700000000000188e+01,1.625000000000000000e+03,1.800000000000000000e+03,-1.461204249785024611e+00,7.300917234517320109e-01,2.345759809221884318e+00
3.775399999999999778e+01,1.625000000000000000e+03,1.800000000000000000e+03,-1.461204249785024611e+00,7.300917234517320109e-01,2.345759809221884318e+00
3.777199999999999847e+01,1.625000000000000000e+03,1.800000000000000000e+03,-1.465952066884938398e+00,7.213931364891982279e-01,2.348686095090437576e+00
3.778900000000000148e+01,1.625000000000000000e+03,1.800000000000000000e+03,-1.467923913157614724e+00,7.201232162923240088e-01,2.322040582122329333e+00
3.780599999999999739e+01,1.625000000000000000e+03,1.800000000000000000e+03,-1.467923913157614724e+00,7.201232162923240088e-01,2.322040582122329333e+00
3.782300000000000040e+01,1.625000000000000000e+03,1.800000000000000000e+03,-1.471930605113161095e+00,7.134918216881686037e-01,2.334755563453423832e+00
3.784000000000000341e+01,1.625000000000000000e+03,1.800000000000000000e+03,-1.471930605113161095e+00,7.134918216881686037e-01,2.334755563453423832e+00
3.785699999999999932e+01,1.625000000000000000e+03,1.800000000000000000e+03,-1.473084313419348756e+00,7.115059677602458832e-01,2.325002585767629970e+00
3.787500000000000000e+01,1.625000000000000000e+03,1.800000000000000000e+03,-1.474769415448279775e+00,7.088698960835412288e-01,2.325987471731736367e+00
3.789099999999999824e+01,1.625000000000000000e+03,1.800000000000000000e+03,-1.474769415448279775e+00,7.088698960835412288e-01,2.325987471731736367e+00
3.790800000000000125e+01,1.625000000000000000e+03,1.800000000000000000e+03,-1.475919417941164991e+00,7.068903037010166868e-01,2.309775062424850312e+00
3.792499999999999716e+01,1.625000000000000000e+03,1.800000000000000000e+03,-1.478046506248124725e+00,7.042849582897686700e-01,2.304405966693853003e+00
3.794200000000000017e+01,1.625000000000000000e+03,1.800000000000000000e+03,-1.479276384684581114e+00,7.016394029982296887e-01,2.311758848077233974e+00
3.796000000000000085e+01,1.625000000000000000e+03,1.800000000000000000e+03,-1.482206757808967712e+00,6.997587567368349637e-01,2.306394015953986187e+00
3.797800000000000153e+01,1.625000000000000000e+03,1.800000000000000000e+03,-1.483431039872142199e+00,6.971212848005777785e-01,2.307386234815478776e+00
3.799499999999999744e+01,1.625000000000000000e+03,1.800000000000000000e+03,-1.486845658200051545e+00,6.912376746489489188e-01,2.315711883193288578e+00
3.801200000000000045e+01,1.625000000000000000e+03,1.800000000000000000e+03,-1.486845658200051545e+00,6.912376746489489188e-01,2.315711883193288578e+00
3.803000000000000114e+01,1.625000000000000000e+03,1.800000000000000000e+03,-1.486845658200051545e+00,6.912376746489489188e-01,2.315711883193288578e+00
3.804699999999999704e+01,1.625000000000000000e+03,1.800000000000000000e+03,-1.495853684681253348e+00,6.796495146693081191e-01,2.287070447763248193e+00
3.806499999999999773e+01,1.625000000000000000e+03,1.800000000000000000e+03,-1.495853684681253348e+00,6.796495146693081191e-01,2.287070447763248193e+00
3.808100000000000307e+01,1.625000000000000000e+03,1.800000000000000000e+03,-1.497866038436561631e+00,6.777520336570722614e-01,2.281576781322808944e+00
3.810000000000000142e+01,1.625000000000000000e+03,1.800000000000000000e+03,-1.499875963651003508e+00,6.758568928174196744e-01,2.272649073013864207e+00
3.811699999999999733e+01,1.625000000000000000e+03,1.800000000000000000e+03,-1.501595441348725801e+00,6.726251964966715180e-01,2.273651831143867597e+00
3.813499999999999801e+01,1.625000000000000000e+03,1.800000000000000000e+03,-1.505312066296509377e+00,6.675161674194988182e-01,2.275653868712194328e+00
3.815200000000000102e+01,1.625000000000000000e+03,1.800000000000000000e+03,-1.505312066296509377e+00,6.675161674194988182e-01,2.275653868712194328e+00
3.816899999999999693e+01,1.625000000000000000e+03,1.800000000000000000e+03,-1.506426123155397923e+00,6.655916616089493365e-01,2.276653145330025385e+00
3.818599999999999994e+01,1.625000000000000000e+03,1.800000000000000000e+03,-1.506426123155397923e+00,6.655916616089493365e-01,2.276653145330025385e+00
3.820300000000000296e+01,1.625000000000000000e+03,1.800000000000000000e+03,-1.508574157373737901e+00,6.624038555313299659e-01,2.277651258645295496e+00
3.821999999999999886e+01,1.625000000000000000e+03,1.800000000000000000e+03,-1.508574157373737901e+00,6.624038555313299659e-01,2.277651258645295496e+00
3.823700000000000188e+01,1.625000000000000000e+03,1.800000000000000000e+03,-1.510642446377869597e+00,6.598753506071420860e-01,2.272103352193489467e+00
3.825399999999999778e+01,1.625000000000000000e+03,1.800000000000000000e+03,-1.513440914518646707e+00,6.586961963089948968e-01,2.273102000873788331e+00
3.827100000000000080e+01,1.625000000000000000e+03,1.800000000000000000e+03,-1.515428878785468614e+00,6.568248115051348313e-01,2.264397941670811321e+00
3.828799999999999670e+01,1.625000000000000000e+03,1.800000000000000000e+03,-1.518294677653344582e+00,6.510800184164239335e-01,2.266398482157333305e+00
3.830499999999999972e+01,1.625000000000000000e+03,1.800000000000000000e+03,-1.518294677653344582e+00,6.510800184164239335e-01,2.266398482157333305e+00
3.832099999999999795e+01,1.625000000000000000e+03,1.800000000000000000e+03,-1.520714857950481447e+00,6.492387353930765270e-01,2.260214301662549108e+00
3.833800000000000097e+01,1.625000000000000000e+03,1.800000000000000000e+03,-1.520714857950481447e+00,6.492387353930765270e-01,2.260214301662549108e+00
3.835499999999999687e+01,1.625000000000000000e+03,1.800000000000000000e+03,-1.521884247734113682e+00,6.466915230242989976e-01,2.235890984880283483e+00
3.837299999999999756e+01,1.625000000000000000e+03,1.800000000000000000e+03,-1.523491129301770997e+00,6.441692809725606539e-01,2.236900727650174669e+00
3.839000000000000057e+01,1.625000000000000000e+03,1.800000000000000000e+03,-1.525605633379682136e+00,6.410277413938750835e-01,2.231181280778507414e+00
3.840699999999999648e+01,1.625000000000000000e+03,1.800000000000000000e+03,-1.527574503454344867e+00,6.391784044098939299e-01,2.232191102643886982e+00
3.842399999999999949e+01,1.625000000000000000e+03,1.800000000000000000e+03,-1.529909839089498957e+00,6.379938114483670875e-01,2.233199837824351164e+00
3.844100000000000250e+01,1.625000000000000000e+03,1.800000000000000000e+03,-1.529909839089498957e+00,6.379938114483670875e-01,2.233199837824351164e+00
3.845700000000000074e+01,1.625000000000000000e+03,1.800000000000000000e+03,-1.532959579917264614e+00,6.342644866763963440e-01,2.234646022172641633e+00
3.847399999999999665e+01,1.625000000000000000e+03,1.800000000000000000e+03,-1.532959579917264614e+00,6.342644866763963440e-01,2.234646022172641633e+00
3.849199999999999733e+01,1.625000000000000000e+03,1.800000000000000000e+03,-1.533974475503828039e+00,6.330234757469049844e-01,2.219337465591288083e+00
3.850900000000000034e+01,1.625000000000000000e+03,1.800000000000000000e+03,-1.538598832069233646e+00,6.268143024348417081e-01,2.230872380799362453e+00
3.852600000000000335e+01,1.625000000000000000e+03,1.800000000000000000e+03,-1.538598832069233646e+00,6.268143024348417081e-01,2.230872380799362453e+00
3.854500000000000171e+01,1.625000000000000000e+03,1.800000000000000000e+03,-1.556217733668651571e+00,6.047282340478211671e-01,2.200179513540377219e+00
3.856199999999999761e+01,1.625000000000000000e+03,1.800000000000000000e+03,-1.558579658226042941e+00,6.029422940658221153e-01,2.185794439749694007e+00
3.857900000000000063e+01,1.625000000000000000e+03,1.800000000000000000e+03,-1.558579658226042941e+00,6.029422940658221153e-01,2.185794439749694007e+00
3.859599999999999653e+01,1.625000000000000000e+03,1.800000000000000000e+03,-1.562116016793941631e+00,5.980705709649291046e-01,2.187815010637148561e+00
3.861299999999999955e+01,1.625000000000000000e+03,1.800000000000000000e+03,-1.566013534121163397e+00,5.938563381537290686e-01,2.174601324312109174e+00
3.863000000000000256e+01,1.625000000000000000e+03,1.800000000000000000e+03,-1.568421490061157053e+00,5.914615772255148451e-01,2.175611636013190520e+00
3.864699999999999847e+01,1.625000000000000000e+03,1.800000000000000000e+03,-1.568421490061157053e+00,5.914615772255148451e-01,2.175611636013190520e+00
3.866400000000000148e+01,1.625000000000000000e+03,1.800000000000000000e+03,-1.571199455101903730e+00,5.897097551378119862e-01,2.177099769449295952e+00
3.868099999999999739e+01,1.625000000000000000e+03,1.800000000000000000e+03,-1.573167367865617949e+00,5.873030826117736636e-01,2.178107681086097092e+00
3.869899999999999807e+01,1.625000000000000000e+03,1.800000000000000000e+03,-1.575564642746607236e+00,5.849187883330021487e-01,2.172105858478679430e+00
3.871600000000000108e+01,1.625000000000000000e+03,1.800000000000000000e+03,-1.577410562538565264e+00,5.837556044372554931e-01,2.165508730144428462e+00
3.873299999999999699e+01,1.625000000000000000e+03,1.800000000000000000e+03,-1.577410562538565264e+00,5.837556044372554931e-01,2.165508730144428462e+00
3.875000000000000000e+01,1.625000000000000000e+03,1.800000000000000000e+03,-1.579744730538931163e+00,5.819941125014119754e-01,2.166516737913619650e+00
3.876800000000000068e+01,1.625000000000000000e+03,1.800000000000000000e+03,-1.579744730538931163e+00,5.819941125014119754e-01,2.166516737913619650e+00
3.878600000000000136e+01,1.625000000000000000e+03,1.800000000000000000e+03,-1.581644210665063000e+00,5.802163801728296155e-01,2.159519182180094976e+00
3.880400000000000205e+01,1.625000000000000000e+03,1.800000000000000000e+03,-1.581644210665063000e+00,5.802163801728296155e-01,2.159519182180094976e+00
3.882000000000000028e+01,1.625000000000000000e+03,1.800000000000000000e+03,-1.585547920486578555e+00,5.754378400888245926e-01,2.146614628388685109e+00
3.883700000000000330e+01,1.625000000000000000e+03,1.800000000000000000e+03,-1.588412523196881754e+00,5.724772538473882344e-01,2.155920879554251268e+00
3.885499999999999687e+01,1.625000000000000000e+03,1.800000000000000000e+03,-1.590300995647921489e+00,5.707109305995049509e-01,2.149127672271290646e+00
3.887199999999999989e+01,1.625000000000000000e+03,1.800000000000000000e+03,-1.592241262722108752e+00,5.683352792763777250e-01,2.150133683765419690e+00
3.888900000000000290e+01,1.625000000000000000e+03,1.800000000000000000e+03,-1.592241262722108752e+00,5.683352792763777250e-01,2.150133683765419690e+00
3.890699999999999648e+01,1.625000000000000000e+03,1.800000000000000000e+03,-1.594932747768340153e+00,5.672202013417867450e-01,2.136397050684118337e+00
3.892399999999999949e+01,1.625000000000000000e+03,1.800000000000000000e+03,-1.594932747768340153e+00,5.672202013417867450e-01,2.136397050684118337e+00
3.894200000000000017e+01,1.625000000000000000e+03,1.800000000000000000e+03,-1.596867173740163182e+00,5.648501034073581950e-01,2.137403205756084112e+00
3.895900000000000318e+01,1.625000000000000000e+03,1.800000000000000000e+03,-1.598693774775834520e+00,5.637019398931216729e-01,2.130742247139116863e+00
3.897599999999999909e+01,1.625000000000000000e+03,1.800000000000000000e+03,-1.601001183463255373e+00,5.619635865391655605e-01,2.124511005259021701e+00
3.899300000000000210e+01,1.625000000000000000e+03,1.800000000000000000e+03,-1.601001183463255373e+00,5.619635865391655605e-01,2.124511005259021701e+00
3.901100000000000279e+01,1.625000000000000000e+03,1.800000000000000000e+03,-1.602446186058178679e+00,5.601919871283705943e-01,2.118159162382118321e+00
3.902799999999999869e+01,1.625000000000000000e+03,1.800000000000000000e+03,-1.621126990801523338e+00,5.421657798417091056e-01,2.098569271902088307e+00
3.904500000000000171e+01,1.625000000000000000e+03,1.800000000000000000e+03,-1.624261678570582568e+00,5.404861009757425672e-01,2.091302837090692091e+00
3.906300000000000239e+01,1.625000000000000000e+03,1.800000000000000000e+03,-1.626965664188057659e+00,5.387912148452927985e-01,2.100238908134023141e+00
3.907999999999999829e+01,1.625000000000000000e+03,1.800000000000000000e+03,-1.626965664188057659e+00,5.387912148452927985e-01,2.100238908134023141e+00
3.909700000000000131e+01,1.625000000000000000e+03,1.800000000000000000e+03,-1.628901812073101141e+00,5.358693691340755683e-01,2.101235842494022066e+00
3.911399999999999721e+01,1.625000000000000000e+03,1.800000000000000000e+03,-1.628901812073101141e+00,5.358693691340755683e-01,2.101235842494022066e+00
3.913100000000000023e+01,1.625000000000000000e+03,1.800000000000000000e+03,-1.635792122846160490e+00,5.295659231923818266e-01,2.090504602290686798e+00
3.914900000000000091e+01,1.625000000000000000e+03,1.800000000000000000e+03,-1.635792122846160490e+00,5.295659231923818266e-01,2.090504602290686798e+00
3.916599999999999682e+01,1.625000000000000000e+03,1.800000000000000000e+03,-1.635792122846160490e+00,5.295659231923818266e-01,2.090504602290686798e+00
3.918399999999999750e+01,1.625000000000000000e+03,1.800000000000000000e+03,-1.635792122846160490e+00,5.295659231923818266e-01,2.090504602290686798e+00
3.920199999999999818e+01,1.625000000000000000e+03,1.800000000000000000e+03,-1.638096826808126183e+00,5.272728981719626562e-01,2.084079478670344265e+00
3.922099999999999653e+01,1.625000000000000000e+03,1.800000000000000000e+03,-1.642186336646141553e+00,5.238648204568817635e-01,2.071981943553325323e+00
3.923899999999999721e+01,1.625000000000000000e+03,1.800000000000000000e+03,-1.642186336646141553e+00,5.238648204568817635e-01,2.071981943553325323e+00
3.925600000000000023e+01,1.625000000000000000e+03,1.800000000000000000e+03,-1.644866570573882747e+00,5.221883237660459587e-01,2.059071595360832063e+00
3.927300000000000324e+01,1.625000000000000000e+03,1.800000000000000000e+03,-1.647199485703298993e+00,5.193164823638311001e-01,2.074506888788504089e+00
3.928999999999999915e+01,1.625000000000000000e+03,1.800000000000000000e+03,-1.647199485703298993e+00,5.193164823638311001e-01,2.074506888788504089e+00
3.930700000000000216e+01,1.625000000000000000e+03,1.800000000000000000e+03,-1.649873202850828946e+00,5.176449955642276057e-01,2.061600595704299987e+00
3.932399999999999807e+01,1.625000000000000000e+03,1.800000000000000000e+03,-1.653976146631532806e+00,5.136709884159723627e-01,2.049859686101301204e+00
3.934100000000000108e+01,1.625000000000000000e+03,1.800000000000000000e+03,-1.653976146631532806e+00,5.136709884159723627e-01,2.049859686101301204e+00
3.935999999999999943e+01,1.625000000000000000e+03,1.800000000000000000e+03,-1.656255142415902659e+00,5.114027012184975129e-01,2.058848254210499995e+00
3.937700000000000244e+01,1.625000000000000000e+03,1.800000000000000000e+03,-1.660765464459967422e+00,5.074616965444737060e-01,2.045434436054264449e+00
3.939399999999999835e+01,1.625000000000000000e+03,1.800000000000000000e+03,-1.660765464459967422e+00,5.074616965444737060e-01,2.045434436054264449e+00
3.941100000000000136e+01,1.625000000000000000e+03,1.800000000000000000e+03,-1.663034657855141596e+00,5.052030738881242433e-01,2.054481001817832997e+00
3.942900000000000205e+01,1.625000000000000000e+03,1.800000000000000000e+03,-1.663034657855141596e+00,5.052030738881242433e-01,2.054481001817832997e+00
3.944500000000000028e+01,1.625000000000000000e+03,1.800000000000000000e+03,-1.666112070333782169e+00,5.035629239626092657e-01,2.047957072069179763e+00
3.946300000000000097e+01,1.625000000000000000e+03,1.800000000000000000e+03,-1.669751330873443962e+00,4.996112577713854863e-01,2.036394436633324645e+00
3.947999999999999687e+01,1.625000000000000000e+03,1.800000000000000000e+03,-1.673632596890520352e+00,4.985896394354151218e-01,2.043469068351609685e+00
3.949699999999999989e+01,1.625000000000000000e+03,1.800000000000000000e+03,-1.675428686785149779e+00,4.969093498397886277e-01,2.030934412895724961e+00
3.951500000000000057e+01,1.625000000000000000e+03,1.800000000000000000e+03,-1.675428686785149779e+00,4.969093498397886277e-01,2.030934412895724961e+00
3.953199999999999648e+01,1.625000000000000000e+03,1.800000000000000000e+03,-1.689725475362093388e+00,4.835367994630658250e-01,2.024584011967216934e+00
3.954899999999999949e+01,1.625000000000000000e+03,1.800000000000000000e+03,-1.689725475362093388e+00,4.835367994630658250e-01,2.024584011967216934e+00
3.956600000000000250e+01,1.625000000000000000e+03,1.800000000000000000e+03,-1.692679525252023032e+00,4.836436366375519436e-01,2.009844962765106491e+00
3.958299999999999841e+01,1.625000000000000000e+03,1.800000000000000000e+03,-1.692679525252023032e+00,4.836436366375519436e-01,2.009844962765106491e+00
3.960000000000000142e+01,1.625000000000000000e+03,1.800000000000000000e+03,-1.697525357816837444e+00,4.797909730903661130e-01,2.006917915455410206e+00
3.961699999999999733e+01,1.625000000000000000e+03,1.800000000000000000e+03,-1.697525357816837444e+00,4.797909730903661130e-01,2.006917915455410206e+00
3.963499999999999801e+01,1.625000000000000000e+03,1.800000000000000000e+03,-1.700196636973511533e+00,4.770172179729083028e-01,2.000199400897627822e+00
3.965200000000000102e+01,1.625000000000000000e+03,1.800000000000000000e+03,-1.702386699299001771e+00,4.753766012102086380e-01,2.001744509627044089e+00
3.966899999999999693e+01,1.625000000000000000e+03,1.800000000000000000e+03,-1.704968598831730908e+00,4.743238638584824640e-01,1.997450660062184413e+00
3.968599999999999994e+01,1.625000000000000000e+03,1.800000000000000000e+03,-1.707601858583099208e+00,4.721306679096503034e-01,1.990735161906782791e+00
3.970300000000000296e+01,1.625000000000000000e+03,1.800000000000000000e+03,-1.707601858583099208e+00,4.721306679096503034e-01,1.990735161906782791e+00
3.972099999999999653e+01,1.625000000000000000e+03,1.800000000000000000e+03,-1.709784732843449229e+00,4.704953779335504516e-01,1.997094414937116813e+00
3.973799999999999955e+01,1.625000000000000000e+03,1.800000000000000000e+03,-1.709784732843449229e+00,4.704953779335504516e-01,1.997094414937116813e+00
3.975500000000000256e+01,1.625000000000000000e+03,1.800000000000000000e+03,-1.717580875971938204e+00,4.656445837667902987e-01,1.982639151583843962e+00
3.977199999999999847e+01,1.625000000000000000e+03,1.800000000000000000e+03,-1.723208491582896906e+00,4.618676916510152664e-01,1.974151382519702791e+00
3.978799999999999670e+01,1.625000000000000000e+03,1.800000000000000000e+03,-1.723208491582896906e+00,4.618676916510152664e-01,1.974151382519702791e+00
3.981199999999999761e+01,1.625000000000000000e+03,1.800000000000000000e+03,-1.723208491582896906e+00,4.618676916510152664e-01,1.974151382519702791e+00
3.982999999999999829e+01,1.625000000000000000e+03,1.800000000000000000e+03,-1.723208491582896906e+00,4.618676916510152664e-01,1.974151382519702791e+00
3.985600000000000165e+01,1.625000000000000000e+03,1.800000000000000000e+03,-1.725376283499028940e+00,4.602435682120010751e-01,1.970245540695861219e+00
3.989000000000000057e+01,1.625000000000000000e+03,1.800000000000000000e+03,-1.725376283499028940e+00,4.602435682120010751e-01,1.970245540695861219e+00
3.990699999999999648e+01,1.625000000000000000e+03,1.800000000000000000e+03,-1.725376283499028940e+00,4.602435682120010751e-01,1.970245540695861219e+00
3.992399999999999949e+01,1.625000000000000000e+03,1.800000000000000000e+03,-1.727939943235443421e+00,4.592007108794010639e-01,1.958687243827485602e+00
3.994100000000000250e+01,1.625000000000000000e+03,1.800000000000000000e+03,-1.736121921558658743e+00,4.538370980240687969e-01,1.954576650841240104e+00
3.995900000000000318e+01,1.625000000000000000e+03,1.800000000000000000e+03,-1.736121921558658743e+00,4.538370980240687969e-01,1.954576650841240104e+00
3.997599999999999909e+01,1.625000000000000000e+03,1.800000000000000000e+03,-1.741288207657579523e+00,4.500752563509601289e-01,1.957053842978390801e+00
3.999199999999999733e+01,1.625000000000000000e+03,1.800000000000000000e+03,-1.741288207657579523e+00,4.500752563509601289e-01,1.957053842978390801e+00
4.000999999999999801e+01,1.625000000000000000e+03,1.800000000000000000e+03,-1.745988140800316391e+00,4.474287437648750698e-01,1.938478595169704999e+00
4.002700000000000102e+01,1.625000000000000000e+03,1.800000000000000000e+03,-1.745988140800316391e+00,4.474287437648750698e-01,1.938478595169704999e+00
4.004399999999999693e+01,1.625000000000000000e+03,1.800000000000000000e+03,-1.745988140800316391e+00,4.474287437648750698e-01,1.938478595169704999e+00
4.006400000000000006e+01,1.625000000000000000e+03,1.800000000000000000e+03,-1.767300355837102321e+00,4.336394248879039681e-01,1.923881905172623696e+00
4.008100000000000307e+01,1.625000000000000000e+03,1.800000000000000000e+03,-1.771550309853612060e+00,4.304539682322577887e-01,1.909889313649131282e+00
4.009799999999999898e+01,1.625000000000000000e+03,1.800000000000000000e+03,-1.771550309853612060e+00,4.304539682322577887e-01,1.909889313649131282e+00
4.011500000000000199e+01,1.625000000000000000e+03,1.800000000000000000e+03,-1.775330490184980903e+00,4.294719116287398775e-01,1.906962585141302791e+00
4.013199999999999790e+01,1.625000000000000000e+03,1.800000000000000000e+03,-1.775330490184980903e+00,4.294719116287398775e-01,1.906962585141302791e+00
4.014900000000000091e+01,1.625000000000000000e+03,1.800000000000000000e+03,-1.785479900850891921e+00,4.220795355419738604e-01,1.896493555532531072e+00
4.016599999999999682e+01,1.625000000000000000e+03,1.800000000000000000e+03,-1.785479900850891921e+00,4.220795355419738604e-01,1.896493555532531072e+00
4.018299999999999983e+01,1.625000000000000000e+03,1.800000000000000000e+03,-1.785479900850891921e+00,4.220795355419738604e-01,1.896493555532531072e+00
4.020000000000000284e+01,1.625000000000000000e+03,1.800000000000000000e+03,-1.788839027377119306e+00,4.205391041090390525e-01,1.884590106891052885e+00
4.021800000000000352e+01,1.625000000000000000e+03,1.800000000000000000e+03,-1.793882559217395922e+00,4.174087098986712929e-01,1.883585615276443193e+00
4.023599999999999710e+01,1.625000000000000000e+03,1.800000000000000000e+03,-1.793882559217395922e+00,4.174087098986712929e-01,1.883585615276443193e+00
4.025300000000000011e+01,1.625000000000000000e+03,1.800000000000000000e+03,-1.797227324873945875e+00,4.164206117835450582e-01,1.876814329781091084e+00
4.027000000000000313e+01,1.625000000000000000e+03,1.800000000000000000e+03,-1.799332515881136407e+00,4.142982910212827941e-01,1.877697050366623488e+00
4.028699999999999903e+01,1.625000000000000000e+03,1.800000000000000000e+03,-1.802673007031723174e+00,4.133120443343133443e-01,1.875960736355996916e+00
4.030299999999999727e+01,1.625000000000000000e+03,1.800000000000000000e+03,-1.802673007031723174e+00,4.133120443343133443e-01,1.875960736355996916e+00
4.032000000000000028e+01,1.625000000000000000e+03,1.800000000000000000e+03,-1.804767808216583447e+00,4.117401037411806408e-01,1.871763010752375944e+00
4.033700000000000330e+01,1.625000000000000000e+03,1.800000000000000000e+03,-1.804767808216583447e+00,4.117401037411806408e-01,1.871763010752375944e+00
4.035399999999999920e+01,1.625000000000000000e+03,1.800000000000000000e+03,-1.804767808216583447e+00,4.117401037411806408e-01,1.871763010752375944e+00
4.037100000000000222e+01,1.625000000000000000e+03,1.800000000000000000e+03,-1.807692409296353775e+00,4.101965277482398919e-01,1.870112289272045425e+00
4.038900000000000290e+01,1.625000000000000000e+03,1.800000000000000000e+03,-1.810201641462034994e+00,4.080965910787158757e-01,1.862927383781507684e+00
4.040599999999999881e+01,1.625000000000000000e+03,1.800000000000000000e+03,-1.813531157426204077e+00,4.076583225672639754e-01,1.864219472210045359e+00
4.042300000000000182e+01,1.625000000000000000e+03,1.800000000000000000e+03,-1.816034529283417243e+00,4.055619006504754820e-01,1.868818515204695219e+00
4.043999999999999773e+01,1.625000000000000000e+03,1.800000000000000000e+03,-1.818531678689508269e+00,4.045544350276090162e-01,1.855572363301557948e+00
4.045799999999999841e+01,1.625000000000000000e+03,1.800000000000000000e+03,-1.818531678689508269e+00,4.045544350276090162e-01,1.855572363301557948e+00
4.047500000000000142e+01,1.625000000000000000e+03,1.800000000000000000e+03,-1.821859967022661619e+00,4.024887835543745629e-01,1.860014337309840560e+00
4.049199999999999733e+01,1.625000000000000000e+03,1.800000000000000000e+03,-1.824353241640411349e+00,4.020253785479303010e-01,1.849673770320714228e+00
4.050900000000000034e+01,1.625000000000000000e+03,1.800000000000000000e+03,-1.830166762530374136e+00,3.995003549996779535e-01,1.843732030684198220e+00
4.052600000000000335e+01,1.625000000000000000e+03,1.800000000000000000e+03,-1.830166762530374136e+00,3.995003549996779535e-01,1.843732030684198220e+00
4.054399999999999693e+01,1.625000000000000000e+03,1.800000000000000000e+03,-1.850027545681093510e+00,3.898749266690598736e-01,1.818874103500434547e+00
4.056199999999999761e+01,1.625000000000000000e+03,1.800000000000000000e+03,-1.852498559391067001e+00,3.883403257319332225e-01,1.809165082843918748e+00
4.057999999999999829e+01,1.625000000000000000e+03,1.800000000000000000e+03,-1.854967179756163542e+00,3.868073277748326211e-01,1.816611675601893516e+00
4.059700000000000131e+01,1.625000000000000000e+03,1.800000000000000000e+03,-1.858684346063253834e+00,3.858501647851645400e-01,1.811982520431805854e+00
4.061399999999999721e+01,1.625000000000000000e+03,1.800000000000000000e+03,-1.858684346063253834e+00,3.858501647851645400e-01,1.811982520431805854e+00
4.063100000000000023e+01,1.625000000000000000e+03,1.800000000000000000e+03,-1.861156370560642870e+00,3.848551918093207069e-01,1.802461614092078168e+00
4.064800000000000324e+01,1.625000000000000000e+03,1.800000000000000000e+03,-1.864438699912298825e+00,3.828161807587914245e-01,1.805874250041478390e+00
4.066499999999999915e+01,1.625000000000000000e+03,1.800000000000000000e+03,-1.873061243299036560e+00,3.788098524160415925e-01,1.801206493201096936e+00
4.068200000000000216e+01,1.625000000000000000e+03,1.800000000000000000e+03,-1.873061243299036560e+00,3.788098524160415925e-01,1.801206493201096936e+00
4.069899999999999807e+01,1.625000000000000000e+03,1.800000000000000000e+03,-1.879228651000806494e+00,3.768673338384539440e-01,1.784838378003153814e+00
4.071600000000000108e+01,1.625000000000000000e+03,1.800000000000000000e+03,-1.879228651000806494e+00,3.768673338384539440e-01,1.784838378003153814e+00
4.073299999999999699e+01,1.625000000000000000e+03,1.800000000000000000e+03,-1.881676565759590414e+00,3.753458659915119844e-01,1.786311514354188779e+00
4.075000000000000000e+01,1.625000000000000000e+03,1.800000000000000000e+03,-1.881676565759590414e+00,3.753458659915119844e-01,1.786311514354188779e+00
4.076700000000000301e+01,1.625000000000000000e+03,1.800000000000000000e+03,-1.884549175424500733e+00,3.743701125472641555e-01,1.778662183307941902e+00
4.078399999999999892e+01,1.625000000000000000e+03,1.800000000000000000e+03,-1.887820605961085585e+00,3.728762397935164730e-01,1.780131008008338123e+00
4.080100000000000193e+01,1.625000000000000000e+03,1.800000000000000000e+03,-1.890290335413770784e+00,3.724203615619793295e-01,1.770886386598179651e+00
4.081900000000000261e+01,1.625000000000000000e+03,1.800000000000000000e+03,-1.890290335413770784e+00,3.724203615619793295e-01,1.770886386598179651e+00
4.083599999999999852e+01,1.625000000000000000e+03,1.800000000000000000e+03,-1.893557779992132151e+00,3.709283217931801380e-01,1.765406887438734085e+00
4.085399999999999920e+01,1.625000000000000000e+03,1.800000000000000000e+03,-1.895994814346627200e+00,3.694127951776334795e-01,1.763405874637878012e+00
4.087100000000000222e+01,1.625000000000000000e+03,1.500000000000000000e+03,-1.901672071230145589e+00,3.658827083868302354e-01,1.749028443696050816e+00
4.088799999999999812e+01,1.625000000000000000e+03,1.500000000000000000e+03,-1.905376751689965120e+00,3.654657693477253444e-01,1.751621797578086115e+00
4.090500000000000114e+01,1.625000000000000000e+03,1.500000000000000000e+03,-1.905376751689965120e+00,3.654657693477253444e-01,1.751621797578086115e+00
4.092199999999999704e+01,1.625000000000000000e+03,1.500000000000000000e+03,-1.908199471750796405e+00,3.634404560491398817e-01,1.751835626909788113e+00
4.093999999999999773e+01,1.625000000000000000e+03,1.500000000000000000e+03,-1.910680380721855531e+00,3.635145429949339091e-01,1.744212802836338616e+00
4.095700000000000074e+01,1.625000000000000000e+03,1.500000000000000000e+03,-1.916785610654442751e+00,3.610634842388967813e-01,1.729638952883280512e+00
4.097399999999999665e+01,1.625000000000000000e+03,1.500000000000000000e+03,-1.916785610654442751e+00,3.610634842388967813e-01,1.729638952883280512e+00
4.099099999999999966e+01,1.625000000000000000e+03,1.500000000000000000e+03,-1.920031483340711720e+00,3.595824106898638517e-01,1.731940828087120687e+00
4.100800000000000267e+01,1.625000000000000000e+03,1.500000000000000000e+03,-1.920031483340711720e+00,3.595824106898638517e-01,1.731940828087120687e+00
4.102499999999999858e+01,1.625000000000000000e+03,1.500000000000000000e+03,-1.923274592486155399e+00,3.581027755487372621e-01,1.732438585320898339e+00
4.104200000000000159e+01,1.625000000000000000e+03,1.500000000000000000e+03,-1.937458428061585192e+00,3.522350040842595620e-01,1.712183915958747527e+00
4.105899999999999750e+01,1.625000000000000000e+03,1.500000000000000000e+03,-1.940324990353701873e+00,3.517965973998887774e-01,1.704484993434653761e+00
4.107600000000000051e+01,1.625000000000000000e+03,1.500000000000000000e+03,-1.943552789345233345e+00,3.503243935520569119e-01,1.705896123549260901e+00
4.109300000000000352e+01,1.625000000000000000e+03,1.500000000000000000e+03,-1.946804451028894434e+00,3.493759864886690769e-01,1.707270662345952150e+00
4.110900000000000176e+01,1.625000000000000000e+03,1.500000000000000000e+03,-1.950440401987355354e+00,3.479181626274902017e-01,1.708681711878747400e+00
4.112599999999999767e+01,1.625000000000000000e+03,1.500000000000000000e+03,-1.953303718267920264e+00,3.474808260443559282e-01,1.692508589030826016e+00
4.114300000000000068e+01,1.625000000000000000e+03,1.500000000000000000e+03,-1.953303718267920264e+00,3.474808260443559282e-01,1.692508589030826016e+00
4.115999999999999659e+01,1.625000000000000000e+03,1.500000000000000000e+03,-1.961743725131298133e+00,3.435649143150002471e-01,1.687316777255060130e+00
4.117699999999999960e+01,1.625000000000000000e+03,1.500000000000000000e+03,-1.965842245208681671e+00,3.431646641764355410e-01,1.689589472281820104e+00
4.119400000000000261e+01,1.625000000000000000e+03,1.500000000000000000e+03,-1.968639468886545174e+00,3.416885948429525532e-01,1.681687971315340535e+00
4.121099999999999852e+01,1.625000000000000000e+03,1.500000000000000000e+03,-1.972323878161159172e+00,3.412767725801005847e-01,1.683069447682954856e+00
4.122899999999999920e+01,1.625000000000000000e+03,1.500000000000000000e+03,-1.974704149082829208e+00,3.397905092260494753e-01,1.684456167453598496e+00
4.124499999999999744e+01,1.625000000000000000e+03,1.500000000000000000e+03,-1.974704149082829208e+00,3.397905092260494753e-01,1.684456167453598496e+00
4.126299999999999812e+01,1.625000000000000000e+03,1.500000000000000000e+03,-1.977528054766708454e+00,3.388363362060237138e-01,1.676718578331977350e+00
4.128000000000000114e+01,1.625000000000000000e+03,1.500000000000000000e+03,-1.981176259911860305e+00,3.379065963743824730e-01,1.678101528863892078e+00
4.129699999999999704e+01,1.625000000000000000e+03,1.500000000000000000e+03,-1.984445008897239848e+00,3.374836893181020203e-01,1.671030686027296319e+00
4.131400000000000006e+01,1.625000000000000000e+03,1.500000000000000000e+03,-1.987230130599116018e+00,3.360129648637649735e-01,1.672506536040874181e+00
4.133100000000000307e+01,1.625000000000000000e+03,1.500000000000000000e+03,-1.990497474769496788e+00,3.355905062238805359e-01,1.664821407202898840e+00
4.134799999999999898e+01,1.625000000000000000e+03,1.500000000000000000e+03,-1.993278606500493710e+00,3.341215685330828356e-01,1.666188880120226923e+00
4.136500000000000199e+01,1.625000000000000000e+03,1.500000000000000000e+03,-1.996507229550646745e+00,3.331826415360467086e-01,1.667574458609108801e+00
4.138199999999999790e+01,1.625000000000000000e+03,1.500000000000000000e+03,-1.999810537559730816e+00,3.332776808579193117e-01,1.651447325445096537e+00
4.139999999999999858e+01,1.625000000000000000e+03,1.500000000000000000e+03,-2.002960429787234098e+00,3.313064225480254477e-01,1.661920480575892922e+00
4.141700000000000159e+01,1.625000000000000000e+03,1.500000000000000000e+03,-2.005811487014336425e+00,3.308732400324624345e-01,1.654188916102159679e+00
4.143500000000000227e+01,1.625000000000000000e+03,1.500000000000000000e+03,-2.005811487014336425e+00,3.308732400324624345e-01,1.654188916102159679e+00
4.145199999999999818e+01,1.625000000000000000e+03,1.500000000000000000e+03,-2.012711687257214610e+00,3.295270479423003662e-01,1.657329402922197881e+00
4.146900000000000119e+01,1.625000000000000000e+03,1.500000000000000000e+03,-2.015148912666419267e+00,3.290825133031666239e-01,1.658318790661575282e+00
4.148599999999999710e+01,1.625000000000000000e+03,1.500000000000000000e+03,-2.019196362320927474e+00,3.281701327492462239e-01,1.651259916302021624e+00
4.150399999999999778e+01,1.625000000000000000e+03,1.500000000000000000e+03,-2.031744558394432687e+00,3.254478484096460233e-01,1.648161823471345322e+00
4.152199999999999847e+01,1.625000000000000000e+03,1.500000000000000000e+03,-2.034592673905467386e+00,3.250162460346247562e-01,1.632057896703803301e+00
4.153900000000000148e+01,1.625000000000000000e+03,1.500000000000000000e+03,-2.034592673905467386e+00,3.250162460346247562e-01,1.632057896703803301e+00
4.155700000000000216e+01,1.625000000000000000e+03,1.500000000000000000e+03,-2.038267597820335730e+00,3.246084262403586829e-01,1.641849299707818455e+00
4.157399999999999807e+01,1.625000000000000000e+03,1.500000000000000000e+03,-2.038267597820335730e+00,3.246084262403586829e-01,1.641849299707818455e+00
4.159000000000000341e+01,1.625000000000000000e+03,1.500000000000000000e+03,-2.041482170243812622e+00,3.236748810974491297e-01,1.634775417461223235e+00
4.160699999999999932e+01,1.625000000000000000e+03,1.500000000000000000e+03,-2.044790828795623572e+00,3.237695284625742298e-01,1.626906385425772816e+00
4.162400000000000233e+01,1.625000000000000000e+03,1.500000000000000000e+03,-2.048004080083647427e+00,3.228364274661709166e-01,1.629129989636879383e+00
4.164099999999999824e+01,1.625000000000000000e+03,1.500000000000000000e+03,-2.051215984379941126e+00,3.219038646059618758e-01,1.629616720635374882e+00
4.165899999999999892e+01,1.625000000000000000e+03,1.500000000000000000e+03,-2.054840238449544998e+00,3.209836465247136728e-01,1.631841312822482015e+00
4.167499999999999716e+01,1.625000000000000000e+03,1.500000000000000000e+03,-2.057736759793888925e+00,3.210663731138293508e-01,1.633233206877366506e+00
4.169299999999999784e+01,1.625000000000000000e+03,1.500000000000000000e+03,-2.061411192566985129e+00,3.206596545092136319e-01,1.626176718593367099e+00
4.171000000000000085e+01,1.625000000000000000e+03,1.500000000000000000e+03,-2.064619770416468381e+00,3.197282775979278791e-01,1.626561401283534325e+00
4.172699999999999676e+01,1.625000000000000000e+03,1.500000000000000000e+03,-2.067827003165233268e+00,3.187974358363253602e-01,1.628881619144898041e+00
4.174399999999999977e+01,1.625000000000000000e+03,1.500000000000000000e+03,-2.071446898964958372e+00,3.178789282813666572e-01,1.629265697327253015e+00
4.176100000000000279e+01,1.625000000000000000e+03,1.500000000000000000e+03,-2.075174006972793084e+00,3.179852461563695831e-01,1.622086783362702178e+00
4.177799999999999869e+01,1.625000000000000000e+03,1.500000000000000000e+03,-2.075174006972793084e+00,3.179852461563695831e-01,1.622086783362702178e+00
4.179500000000000171e+01,1.625000000000000000e+03,1.500000000000000000e+03,-2.084952806875959297e+00,3.167324705046817845e-01,1.609600313893644996e+00
4.181199999999999761e+01,1.625000000000000000e+03,1.500000000000000000e+03,-2.088155396616788728e+00,3.158032243894940416e-01,1.620589331665058141e+00
4.182900000000000063e+01,1.625000000000000000e+03,1.500000000000000000e+03,-2.091356644966344991e+00,3.148745087113423713e-01,1.612283072673393436e+00
4.184700000000000131e+01,1.625000000000000000e+03,1.500000000000000000e+03,-2.094673504239733752e+00,3.149690981828004999e-01,1.613676433212690275e+00
4.186399999999999721e+01,1.625000000000000000e+03,1.500000000000000000e+03,-2.098347433128453954e+00,3.145640603100651189e-01,1.606547543976929004e+00
4.188199999999999790e+01,1.625000000000000000e+03,1.500000000000000000e+03,-2.098347433128453954e+00,3.145640603100651189e-01,1.606547543976929004e+00
4.189999999999999858e+01,1.625000000000000000e+03,1.500000000000000000e+03,-2.098347433128453954e+00,3.145640603100651189e-01,1.606547543976929004e+00
4.191700000000000159e+01,1.625000000000000000e+03,1.500000000000000000e+03,-2.101546704446740410e+00,3.136359749262659369e-01,1.609221676582766047e+00
4.193399999999999750e+01,1.625000000000000000e+03,1.500000000000000000e+03,-2.104744637324586609e+00,3.127084169371251443e-01,1.609222947392661807e+00
4.195100000000000051e+01,1.625000000000000000e+03,1.500000000000000000e+03,-2.108894022854813866e+00,3.128266995809806383e-01,1.602074401571054851e+00
4.196800000000000352e+01,1.625000000000000000e+03,1.500000000000000000e+03,-2.111613451544878117e+00,3.113770798917240290e-01,1.611898768724225883e+00
