timestamp,u_propeller_pwm,u_rudder_pwm,x,y,yaw
1.600000000000000033e-02,1.500000000000000000e+03,1.500000000000000000e+03,-1.079011055288149334e+00,2.424264896769704469e-01,1.657079202476581692e+00
3.300000000000000155e-02,1.500000000000000000e+03,1.500000000000000000e+03,-1.079231092798415670e+00,2.428915870718856285e-01,1.652627393226107300e+00
5.000000000000000278e-02,1.500000000000000000e+03,1.500000000000000000e+03,-1.079231092798415670e+00,2.428915870718856285e-01,1.652627393226107300e+00
6.800000000000000488e-02,1.500000000000000000e+03,1.500000000000000000e+03,-1.079231092798415670e+00,2.428915870718856285e-01,1.652627393226107300e+00
8.599999999999999312e-02,1.500000000000000000e+03,1.500000000000000000e+03,-1.079085463352016383e+00,2.433480984628160204e-01,1.648625052102783428e+00
1.039999999999999952e-01,1.500000000000000000e+03,1.500000000000000000e+03,-1.079085463352016383e+00,2.433480984628160204e-01,1.648625052102783428e+00
1.209999999999999964e-01,1.500000000000000000e+03,1.500000000000000000e+03,-1.078939771243075718e+00,2.438047880045405291e-01,1.656743063980445907e+00
1.390000000000000124e-01,1.500000000000000000e+03,1.500000000000000000e+03,-1.079014124482539749e+00,2.447274887643878793e-01,1.652295128747313324e+00
1.580000000000000016e-01,1.500000000000000000e+03,1.500000000000000000e+03,-1.079014124482539749e+00,2.447274887643878793e-01,1.652295128747313324e+00
1.749999999999999889e-01,1.500000000000000000e+03,1.500000000000000000e+03,-1.079014124482539749e+00,2.447274887643878793e-01,1.652295128747313324e+00
1.920000000000000040e-01,1.500000000000000000e+03,1.500000000000000000e+03,-1.079014124482539749e+00,2.447274887643878793e-01,1.652295128747313324e+00
2.089999999999999913e-01,1.500000000000000000e+03,1.500000000000000000e+03,-1.079380038115531182e+00,2.447362703859204958e-01,1.661065286113934780e+00
2.270000000000000073e-01,1.500000000000000000e+03,1.500000000000000000e+03,-1.079380038115531182e+00,2.447362703859204958e-01,1.661065286113934780e+00
2.449999999999999956e-01,1.500000000000000000e+03,1.500000000000000000e+03,-1.079745939848579361e+00,2.447450468798371137e-01,1.661065286113934780e+00
2.630000000000000115e-01,1.500000000000000000e+03,1.500000000000000000e+03,-1.079745939848579361e+00,2.447450468798371137e-01,1.661065286113934780e+00
2.800000000000000266e-01,1.500000000000000000e+03,1.500000000000000000e+03,-1.079745939848579361e+00,2.447450468798371137e-01,1.661065286113934780e+00
2.969999999999999862e-01,1.500000000000000000e+03,1.500000000000000000e+03,-1.079745939848579361e+00,2.447450468798371137e-01,1.661065286113934780e+00
3.150000000000000022e-01,1.500000000000000000e+03,1.500000000000000000e+03,-1.080111829735675766e+00,2.447538182555100139e-01,1.652867786603289701e+00
3.320000000000000173e-01,1.500000000000000000e+03,1.500000000000000000e+03,-1.080111829735675766e+00,2.447538182555100139e-01,1.652867786603289701e+00
3.489999999999999769e-01,1.500000000000000000e+03,1.500000000000000000e+03,-1.079745939848579361e+00,2.447450468798371137e-01,1.652867786603289701e+00
3.659999999999999920e-01,1.500000000000000000e+03,1.500000000000000000e+03,-1.079745939848579361e+00,2.447450468798371137e-01,1.652867786603289701e+00
3.830000000000000071e-01,1.500000000000000000e+03,1.500000000000000000e+03,-1.079745939848579361e+00,2.447450468798371137e-01,1.652867786603289701e+00
4.000000000000000222e-01,1.500000000000000000e+03,1.500000000000000000e+03,-1.079745939848579361e+00,2.447450468798371137e-01,1.652867786603289701e+00
4.169999999999999818e-01,1.500000000000000000e+03,1.500000000000000000e+03,-1.079745939848579361e+00,2.447450468798371137e-01,1.652867786603289701e+00
4.339999999999999969e-01,1.500000000000000000e+03,1.500000000000000000e+03,-1.080402868425879515e+00,2.438398593205364229e-01,1.649198211932770386e+00
4.510000000000000120e-01,1.500000000000000000e+03,1.500000000000000000e+03,-1.080402868425879515e+00,2.438398593205364229e-01,1.649198211932770386e+00
4.680000000000000271e-01,1.500000000000000000e+03,1.500000000000000000e+03,-1.080402868425879515e+00,2.438398593205364229e-01,1.649198211932770386e+00
4.849999999999999867e-01,1.500000000000000000e+03,1.500000000000000000e+03,-1.080402868425879515e+00,2.438398593205364229e-01,1.649198211932770386e+00
5.020000000000000018e-01,1.500000000000000000e+03,1.500000000000000000e+03,-1.080402868425879515e+00,2.438398593205364229e-01,1.649198211932770386e+00
5.190000000000000169e-01,1.500000000000000000e+03,1.500000000000000000e+03,-1.080402868425879515e+00,2.438398593205364229e-01,1.649198211932770386e+00
5.360000000000000320e-01,1.500000000000000000e+03,1.500000000000000000e+03,-1.080402868425879515e+00,2.438398593205364229e-01,1.649198211932770386e+00
5.540000000000000480e-01,1.500000000000000000e+03,1.500000000000000000e+03,-1.080402868425879515e+00,2.438398593205364229e-01,1.649198211932770386e+00
5.719999999999999529e-01,1.500000000000000000e+03,1.500000000000000000e+03,-1.080913971925655526e+00,2.433918967207073791e-01,1.649198211932770386e+00
5.899999999999999689e-01,1.500000000000000000e+03,1.500000000000000000e+03,-1.080768613100487219e+00,2.438486142977143167e-01,1.649198211932770386e+00
6.069999999999999840e-01,1.500000000000000000e+03,1.500000000000000000e+03,-1.080768613100487219e+00,2.438486142977143167e-01,1.645278508925694272e+00
6.250000000000000000e-01,1.500000000000000000e+03,1.500000000000000000e+03,-1.081279638199048154e+00,2.434006409351936462e-01,1.641069319085841638e+00
6.420000000000000151e-01,1.500000000000000000e+03,1.500000000000000000e+03,-1.080623191747323020e+00,2.443055101927708028e-01,1.645278508925694272e+00
6.600000000000000311e-01,1.500000000000000000e+03,1.500000000000000000e+03,-1.080843574187542622e+00,2.447713456895473927e-01,1.640747405614336962e+00
6.770000000000000462e-01,1.500000000000000000e+03,1.500000000000000000e+03,-1.080843574187542622e+00,2.447713456895473927e-01,1.640747405614336962e+00
6.949999999999999512e-01,1.500000000000000000e+03,1.500000000000000000e+03,-1.080843574187542622e+00,2.447713456895473927e-01,1.640747405614336962e+00
7.119999999999999662e-01,1.500000000000000000e+03,1.500000000000000000e+03,-1.080843574187542622e+00,2.447713456895473927e-01,1.640747405614336962e+00
7.299999999999999822e-01,1.500000000000000000e+03,1.500000000000000000e+03,-1.080843574187542622e+00,2.447713456895473927e-01,1.640747405614336962e+00
7.469999999999999973e-01,1.500000000000000000e+03,1.500000000000000000e+03,-1.080843574187542622e+00,2.447713456895473927e-01,1.640747405614336962e+00
7.640000000000000124e-01,1.500000000000000000e+03,1.500000000000000000e+03,-1.080843574187542622e+00,2.447713456895473927e-01,1.640747405614336962e+00
7.810000000000000275e-01,1.500000000000000000e+03,1.500000000000000000e+03,-1.080843574187542622e+00,2.447713456895473927e-01,1.640747405614336962e+00
7.980000000000000426e-01,1.500000000000000000e+03,1.500000000000000000e+03,-1.081064015870550676e+00,2.452373660008954070e-01,1.649443326195294102e+00
8.149999999999999467e-01,1.500000000000000000e+03,1.500000000000000000e+03,-1.081064015870550676e+00,2.452373660008954070e-01,1.649443326195294102e+00
8.319999999999999618e-01,1.500000000000000000e+03,1.500000000000000000e+03,-1.081650481950941156e+00,2.457123286613699387e-01,1.644907194791856542e+00
8.489999999999999769e-01,1.500000000000000000e+03,1.500000000000000000e+03,-1.081650481950941156e+00,2.457123286613699387e-01,1.644907194791856542e+00
8.659999999999999920e-01,1.500000000000000000e+03,1.500000000000000000e+03,-1.081650481950941156e+00,2.457123286613699387e-01,1.644907194791856542e+00
8.840000000000000080e-01,1.500000000000000000e+03,1.500000000000000000e+03,-1.081505077460678699e+00,2.461699618275736690e-01,1.641001472858630850e+00
9.020000000000000240e-01,1.500000000000000000e+03,1.500000000000000000e+03,-1.081505077460678699e+00,2.461699618275736690e-01,1.641001472858630850e+00
9.200000000000000400e-01,1.500000000000000000e+03,1.500000000000000000e+03,-1.081800919080256662e+00,2.475614810809136923e-01,1.636375279061792920e+00
9.379999999999999449e-01,1.500000000000000000e+03,1.500000000000000000e+03,-1.081800919080256662e+00,2.475614810809136923e-01,1.636375279061792920e+00
9.559999999999999609e-01,1.500000000000000000e+03,1.500000000000000000e+03,-1.081800919080256662e+00,2.475614810809136923e-01,1.636375279061792920e+00
9.729999999999999760e-01,1.500000000000000000e+03,1.500000000000000000e+03,-1.082167117263594935e+00,2.475702464293455529e-01,1.636375279061792920e+00
9.909999999999999920e-01,1.500000000000000000e+03,1.500000000000000000e+03,-1.082899479614835236e+00,2.475877622322039118e-01,1.645158641637503472e+00
1.008999999999999897e+00,1.500000000000000000e+03,1.500000000000000000e+03,-1.083044737218902487e+00,2.471295629435565910e-01,1.645158641637503472e+00
1.026000000000000023e+00,1.500000000000000000e+03,1.500000000000000000e+03,-1.082899479614835236e+00,2.475877622322039118e-01,1.645158641637503472e+00
1.044000000000000039e+00,1.500000000000000000e+03,1.500000000000000000e+03,-1.082823890679999401e+00,2.466627990722548569e-01,1.645158641637503472e+00
1.062000000000000055e+00,1.500000000000000000e+03,1.500000000000000000e+03,-1.082899479614835236e+00,2.475877622322039118e-01,1.645158641637503472e+00
1.078999999999999959e+00,1.500000000000000000e+03,1.500000000000000000e+03,-1.083044737218902487e+00,2.471295629435565910e-01,1.645158641637503472e+00
1.096000000000000085e+00,1.650000000000000000e+03,1.500000000000000000e+03,-1.083044737218902487e+00,2.471295629435565910e-01,1.645158641637503472e+00
1.112999999999999989e+00,1.650000000000000000e+03,1.500000000000000000e+03,-1.082899479614835236e+00,2.475877622322039118e-01,1.645158641637503472e+00
1.129999999999999893e+00,1.650000000000000000e+03,1.500000000000000000e+03,-1.082899479614835236e+00,2.475877622322039118e-01,1.645158641637503472e+00
1.147000000000000020e+00,1.650000000000000000e+03,1.500000000000000000e+03,-1.082899479614835236e+00,2.475877622322039118e-01,1.645158641637503472e+00
1.163999999999999924e+00,1.650000000000000000e+03,1.500000000000000000e+03,-1.083265643889051777e+00,2.475965127049281067e-01,1.645158641637503472e+00
1.181999999999999940e+00,1.650000000000000000e+03,1.500000000000000000e+03,-1.083265643889051777e+00,2.475965127049281067e-01,1.645158641637503472e+00
1.199000000000000066e+00,1.650000000000000000e+03,1.500000000000000000e+03,-1.083631796966400440e+00,2.476052582373584610e-01,1.636952768266351166e+00
1.215999999999999970e+00,1.650000000000000000e+03,1.500000000000000000e+03,-1.083486610813912510e+00,2.480636485464479124e-01,1.633140345298217389e+00
1.233000000000000096e+00,1.650000000000000000e+03,1.500000000000000000e+03,-1.083631796966400440e+00,2.476052582373584610e-01,1.636952768266351166e+00
1.250000000000000000e+00,1.650000000000000000e+03,1.500000000000000000e+03,-1.083631796966400440e+00,2.476052582373584610e-01,1.636952768266351166e+00
1.266999999999999904e+00,1.650000000000000000e+03,1.500000000000000000e+03,-1.083631796966400440e+00,2.476052582373584610e-01,1.636952768266351166e+00
1.284999999999999920e+00,1.650000000000000000e+03,1.500000000000000000e+03,-1.083631796966400440e+00,2.476052582373584610e-01,1.636952768266351166e+00
1.302000000000000046e+00,1.650000000000000000e+03,1.500000000000000000e+03,-1.083631796966400440e+00,2.476052582373584610e-01,1.636952768266351166e+00
1.318999999999999950e+00,1.650000000000000000e+03,1.500000000000000000e+03,-1.083486610813912510e+00,2.480636485464479124e-01,1.633140345298217389e+00
1.336000000000000076e+00,1.650000000000000000e+03,1.500000000000000000e+03,-1.083486610813912510e+00,2.480636485464479124e-01,1.633140345298217389e+00
1.354000000000000092e+00,1.650000000000000000e+03,1.500000000000000000e+03,-1.083486610813912510e+00,2.480636485464479124e-01,1.633140345298217389e+00
1.370999999999999996e+00,1.650000000000000000e+03,1.500000000000000000e+03,-1.083707638116891747e+00,2.485309706582259359e-01,1.628425728892941571e+00
1.387999999999999901e+00,1.650000000000000000e+03,1.500000000000000000e+03,-1.083707638116891747e+00,2.485309706582259359e-01,1.628425728892941571e+00
1.407000000000000028e+00,1.650000000000000000e+03,1.500000000000000000e+03,-1.083707638116891747e+00,2.485309706582259359e-01,1.628425728892941571e+00
1.425000000000000044e+00,1.650000000000000000e+03,1.500000000000000000e+03,-1.083928725921337710e+00,2.489984792304057448e-01,1.637214008874474658e+00
1.441999999999999948e+00,1.650000000000000000e+03,1.500000000000000000e+03,-1.083928725921337710e+00,2.489984792304057448e-01,1.637214008874474658e+00
1.459000000000000075e+00,1.650000000000000000e+03,1.500000000000000000e+03,-1.084440156761625751e+00,2.485484606108609995e-01,1.637214008874474658e+00
1.477000000000000091e+00,1.650000000000000000e+03,1.500000000000000000e+03,-1.084440156761625751e+00,2.485484606108609995e-01,1.637214008874474658e+00
1.495000000000000107e+00,1.650000000000000000e+03,1.500000000000000000e+03,-1.084661356651337005e+00,2.490159712167829831e-01,1.637214008874474658e+00
1.512000000000000011e+00,1.650000000000000000e+03,1.500000000000000000e+03,-1.084661356651337005e+00,2.490159712167829831e-01,1.637214008874474658e+00
1.528999999999999915e+00,1.650000000000000000e+03,1.500000000000000000e+03,-1.084661356651337005e+00,2.490159712167829831e-01,1.637214008874474658e+00
1.546999999999999931e+00,1.650000000000000000e+03,1.500000000000000000e+03,-1.084592353576110835e+00,2.504021256112902716e-01,1.628695946945557083e+00
1.564000000000000057e+00,1.650000000000000000e+03,1.500000000000000000e+03,-1.084592353576110835e+00,2.504021256112902716e-01,1.628695946945557083e+00
1.580999999999999961e+00,1.650000000000000000e+03,1.500000000000000000e+03,-1.084371083527741364e+00,2.499340565167109673e-01,1.628695946945557083e+00
1.598000000000000087e+00,1.650000000000000000e+03,1.500000000000000000e+03,-1.085981650403208487e+00,2.495098734200645874e-01,1.641362261536579714e+00
1.614999999999999991e+00,1.650000000000000000e+03,1.500000000000000000e+03,-1.086058246620868140e+00,2.504371035716591587e-01,1.629276462408971060e+00
1.633000000000000007e+00,1.650000000000000000e+03,1.500000000000000000e+03,-1.086058246620868140e+00,2.504371035716591587e-01,1.629276462408971060e+00
1.649999999999999911e+00,1.650000000000000000e+03,1.500000000000000000e+03,-1.086791128956303698e+00,2.504545638129899165e-01,1.629276462408971060e+00
1.667000000000000037e+00,1.650000000000000000e+03,1.500000000000000000e+03,-1.086791128956303698e+00,2.504545638129899165e-01,1.629276462408971060e+00
1.683999999999999941e+00,1.650000000000000000e+03,1.500000000000000000e+03,-1.087890373399268418e+00,2.504807184517237051e-01,1.629857500574603657e+00
1.701000000000000068e+00,1.650000000000000000e+03,1.500000000000000000e+03,-1.087890373399268418e+00,2.504807184517237051e-01,1.629857500574603657e+00
1.717999999999999972e+00,1.650000000000000000e+03,1.500000000000000000e+03,-1.087890373399268418e+00,2.504807184517237051e-01,1.629857500574603657e+00
1.735000000000000098e+00,1.650000000000000000e+03,1.500000000000000000e+03,-1.087890373399268418e+00,2.504807184517237051e-01,1.629857500574603657e+00
1.752999999999999892e+00,1.650000000000000000e+03,1.500000000000000000e+03,-1.089355887256706179e+00,2.505155249921194871e-01,1.630439058605412717e+00
1.770000000000000018e+00,1.650000000000000000e+03,1.500000000000000000e+03,-1.089355887256706179e+00,2.505155249921194871e-01,1.630439058605412717e+00
1.786999999999999922e+00,1.650000000000000000e+03,1.500000000000000000e+03,-1.089722240101330009e+00,2.505242148447891504e-01,1.622231660399798381e+00
1.804000000000000048e+00,1.650000000000000000e+03,1.500000000000000000e+03,-1.089722240101330009e+00,2.505242148447891504e-01,1.622231660399798381e+00
1.820999999999999952e+00,1.650000000000000000e+03,1.500000000000000000e+03,-1.091187550543842422e+00,2.505589273895205693e-01,1.622815112213538802e+00
1.838999999999999968e+00,1.650000000000000000e+03,1.500000000000000000e+03,-1.091920145920414864e+00,2.505762556649311357e-01,1.631603722992281069e+00
1.856000000000000094e+00,1.650000000000000000e+03,1.500000000000000000e+03,-1.091920145920414864e+00,2.505762556649311357e-01,1.631603722992281069e+00
1.872999999999999998e+00,1.650000000000000000e+03,1.500000000000000000e+03,-1.092286428826187539e+00,2.505849128339648901e-01,1.631603722992281069e+00
1.891000000000000014e+00,1.650000000000000000e+03,1.500000000000000000e+03,-1.092286428826187539e+00,2.505849128339648901e-01,1.631603722992281069e+00
1.907000000000000028e+00,1.650000000000000000e+03,1.500000000000000000e+03,-1.093751463085056219e+00,2.506194952552794897e-01,1.632186823751590632e+00
1.923999999999999932e+00,1.650000000000000000e+03,1.500000000000000000e+03,-1.096904294103807631e+00,2.511567452686164215e-01,1.628548383521557286e+00
1.943000000000000060e+00,1.650000000000000000e+03,1.500000000000000000e+03,-1.098002920069604649e+00,2.511825300184490350e-01,1.629134022421639738e+00
1.959999999999999964e+00,1.650000000000000000e+03,1.500000000000000000e+03,-1.098369110693804274e+00,2.511911159518022130e-01,1.629134022421639738e+00
1.977999999999999980e+00,1.650000000000000000e+03,1.500000000000000000e+03,-1.098958867245455995e+00,2.516682010318953555e-01,1.617237974765468378e+00
1.995999999999999996e+00,1.650000000000000000e+03,1.500000000000000000e+03,-1.099833784355504163e+00,2.512254149952218851e-01,1.629720157656967983e+00
2.012999999999999901e+00,1.650000000000000000e+03,1.500000000000000000e+03,-1.100423739787425248e+00,2.517024901741045095e-01,1.617825924692885886e+00
2.029999999999999805e+00,1.650000000000000000e+03,1.500000000000000000e+03,-1.100423739787425248e+00,2.517024901741045095e-01,1.617825924692885886e+00
2.047000000000000153e+00,1.650000000000000000e+03,1.500000000000000000e+03,-1.101298318246296759e+00,2.512596429402897957e-01,1.630306786565866473e+00
2.064000000000000057e+00,1.650000000000000000e+03,1.500000000000000000e+03,-1.102620790509287740e+00,2.517537915655218006e-01,1.627201329833628751e+00
2.081999999999999851e+00,1.650000000000000000e+03,1.500000000000000000e+03,-1.102620790509287740e+00,2.517537915655218006e-01,1.627201329833628751e+00
2.099000000000000199e+00,1.650000000000000000e+03,1.500000000000000000e+03,-1.102478804655752764e+00,2.522139636751036251e-01,1.627201329833628751e+00
2.116000000000000103e+00,1.650000000000000000e+03,1.500000000000000000e+03,-1.102478804655752764e+00,2.522139636751036251e-01,1.627201329833628751e+00
2.133000000000000007e+00,1.650000000000000000e+03,1.500000000000000000e+03,-1.103719202585615289e+00,2.517793832059566084e-01,1.619003282576883640e+00
2.149999999999999911e+00,1.650000000000000000e+03,1.500000000000000000e+03,-1.103719202585615289e+00,2.517793832059566084e-01,1.619003282576883640e+00
2.166999999999999815e+00,1.650000000000000000e+03,1.500000000000000000e+03,-1.104900547945723233e+00,2.527340617640116971e-01,1.622897262051481437e+00
2.184000000000000163e+00,1.650000000000000000e+03,1.500000000000000000e+03,-1.104900547945723233e+00,2.527340617640116971e-01,1.622897262051481437e+00
2.201999999999999957e+00,1.650000000000000000e+03,1.500000000000000000e+03,-1.106731585557946929e+00,2.527766079702538082e-01,1.615196297527436542e+00
2.218999999999999861e+00,1.650000000000000000e+03,1.500000000000000000e+03,-1.107322782129465333e+00,2.532542234992695152e-01,1.624076935950018230e+00
2.236000000000000210e+00,1.650000000000000000e+03,1.500000000000000000e+03,-1.107322782129465333e+00,2.532542234992695152e-01,1.624076935950018230e+00
2.253000000000000114e+00,1.650000000000000000e+03,1.500000000000000000e+03,-1.109435479904062438e+00,2.523755154418859670e-01,1.616379314064605222e+00
2.270000000000000018e+00,1.650000000000000000e+03,1.500000000000000000e+03,-1.109660844624232201e+00,2.528444615092150238e-01,1.616379314064605222e+00
2.286999999999999922e+00,1.650000000000000000e+03,1.500000000000000000e+03,-1.110759193672997469e+00,2.528698373703396340e-01,1.616971525703408963e+00
2.303999999999999826e+00,1.650000000000000000e+03,1.500000000000000000e+03,-1.110759193672997469e+00,2.528698373703396340e-01,1.616971525703408963e+00
2.322000000000000064e+00,1.650000000000000000e+03,1.500000000000000000e+03,-1.112675333371654585e+00,2.538421151899670214e-01,1.614063132982958004e+00
2.339999999999999858e+00,1.650000000000000000e+03,1.500000000000000000e+03,-1.113913905179219066e+00,2.534064901988188900e-01,1.618157343706820628e+00
2.358000000000000096e+00,1.650000000000000000e+03,1.500000000000000000e+03,-1.114140069324668580e+00,2.538758476262790165e-01,1.614656719418276598e+00
2.375000000000000000e+00,1.650000000000000000e+03,1.500000000000000000e+03,-1.114140069324668580e+00,2.538758476262790165e-01,1.614656719418276598e+00
2.391999999999999904e+00,1.650000000000000000e+03,1.500000000000000000e+03,-1.116842567792613483e+00,2.534737376986390123e-01,1.619345005459202458e+00
2.408999999999999808e+00,1.650000000000000000e+03,1.500000000000000000e+03,-1.116842567792613483e+00,2.534737376986390123e-01,1.619345005459202458e+00
2.426000000000000156e+00,1.650000000000000000e+03,1.500000000000000000e+03,-1.123292330658912208e+00,2.540852245656232133e-01,1.610033990527330650e+00
2.443000000000000060e+00,1.650000000000000000e+03,1.500000000000000000e+03,-1.124894330627064676e+00,2.536573563970075940e-01,1.614035999552958733e+00
2.459999999999999964e+00,1.650000000000000000e+03,1.500000000000000000e+03,-1.124894330627064676e+00,2.536573563970075940e-01,1.614035999552958733e+00
2.478000000000000203e+00,1.650000000000000000e+03,1.500000000000000000e+03,-1.125488322612012038e+00,2.541351112789989042e-01,1.610631768448461898e+00
2.495000000000000107e+00,1.650000000000000000e+03,1.500000000000000000e+03,-1.128050069453649051e+00,2.541931389073037728e-01,1.611828640735503582e+00
2.512999999999999901e+00,1.650000000000000000e+03,1.500000000000000000e+03,-1.129787963233777504e+00,2.533039257202930328e-01,1.615830794103195300e+00
2.529999999999999805e+00,1.650000000000000000e+03,1.500000000000000000e+03,-1.129787963233777504e+00,2.533039257202930328e-01,1.615830794103195300e+00
2.548000000000000043e+00,1.650000000000000000e+03,1.500000000000000000e+03,-1.129787963233777504e+00,2.533039257202930328e-01,1.615830794103195300e+00
2.564999999999999947e+00,1.650000000000000000e+03,1.500000000000000000e+03,-1.130977477072156567e+00,2.542592305351851767e-01,1.613027253728543053e+00
2.581999999999999851e+00,1.650000000000000000e+03,1.500000000000000000e+03,-1.130977477072156567e+00,2.542592305351851767e-01,1.613027253728543053e+00
2.599000000000000199e+00,1.650000000000000000e+03,1.500000000000000000e+03,-1.132670397836471832e+00,2.547619009670432089e-01,1.608470545386635475e+00
2.616000000000000103e+00,1.650000000000000000e+03,1.500000000000000000e+03,-1.132670397836471832e+00,2.547619009670432089e-01,1.608470545386635475e+00
2.633999999999999897e+00,1.650000000000000000e+03,1.500000000000000000e+03,-1.133768231469568288e+00,2.547865911451849819e-01,1.600180334417883765e+00
2.650999999999999801e+00,1.650000000000000000e+03,1.500000000000000000e+03,-1.134500098622137187e+00,2.548030330782632413e-01,1.609071692613136095e+00
2.668000000000000149e+00,1.650000000000000000e+03,1.500000000000000000e+03,-1.135963781810427342e+00,2.548358735639240091e-01,1.609673263446116609e+00
2.685000000000000053e+00,1.650000000000000000e+03,1.500000000000000000e+03,-1.138525070437852227e+00,2.548932064573165013e-01,1.601987653116314858e+00
2.701999999999999957e+00,1.650000000000000000e+03,1.500000000000000000e+03,-1.138525070437852227e+00,2.548932064573165013e-01,1.601987653116314858e+00
2.718999999999999861e+00,1.650000000000000000e+03,1.500000000000000000e+03,-1.138985987724610016e+00,2.558333399695740251e-01,1.599380689322304594e+00
2.736000000000000210e+00,1.650000000000000000e+03,1.500000000000000000e+03,-1.142183732594295620e+00,2.549748103404152477e-01,1.612083741269932924e+00
2.753000000000000114e+00,1.650000000000000000e+03,1.500000000000000000e+03,-1.143743851342764462e+00,2.559394651586589520e-01,1.604142832993102674e+00
2.770000000000000018e+00,1.650000000000000000e+03,1.500000000000000000e+03,-1.145207696417569476e+00,2.559720022775776593e-01,1.604747930871576633e+00
2.787999999999999812e+00,1.650000000000000000e+03,1.500000000000000000e+03,-1.146305548200648561e+00,2.559963695481983770e-01,1.596464661216510761e+00
2.805000000000000160e+00,1.650000000000000000e+03,1.500000000000000000e+03,-1.146305548200648561e+00,2.559963695481983770e-01,1.596464661216510761e+00
2.822000000000000064e+00,1.650000000000000000e+03,1.500000000000000000e+03,-1.148367429772967352e+00,2.565073805491446812e-01,1.597677589446877322e+00
2.838999999999999968e+00,1.650000000000000000e+03,1.500000000000000000e+03,-1.148367429772967352e+00,2.565073805491446812e-01,1.597677589446877322e+00
2.855999999999999872e+00,1.650000000000000000e+03,1.500000000000000000e+03,-1.150929347754697574e+00,2.565640358032256207e-01,1.607172357359587078e+00
2.873000000000000220e+00,1.650000000000000000e+03,1.500000000000000000e+03,-1.150929347754697574e+00,2.565640358032256207e-01,1.607172357359587078e+00
2.891000000000000014e+00,1.650000000000000000e+03,1.500000000000000000e+03,-1.152393247415901101e+00,2.565963382688148942e-01,1.607779463016257848e+00
2.907999999999999918e+00,1.650000000000000000e+03,1.500000000000000000e+03,-1.152393247415901101e+00,2.565963382688148942e-01,1.607779463016257848e+00
2.924999999999999822e+00,1.650000000000000000e+03,1.500000000000000000e+03,-1.162612196861586344e+00,2.582181746858228655e-01,1.594629688510670995e+00
2.942000000000000171e+00,1.650000000000000000e+03,1.500000000000000000e+03,-1.164076693548092400e+00,2.582501616668275712e-01,1.595241067760895914e+00
2.959999999999999964e+00,1.650000000000000000e+03,1.500000000000000000e+03,-1.164076693548092400e+00,2.582501616668275712e-01,1.595241067760895914e+00
2.976999999999999869e+00,1.650000000000000000e+03,1.500000000000000000e+03,-1.165541175023767639e+00,2.582821008397627738e-01,1.595852824765504163e+00
2.994000000000000217e+00,1.650000000000000000e+03,1.500000000000000000e+03,-1.167005643689101424e+00,2.583139926257237429e-01,1.596464957786740912e+00
3.011000000000000121e+00,1.650000000000000000e+03,1.500000000000000000e+03,-1.168470101930684901e+00,2.583458374438498684e-01,1.597077465092430648e+00
3.028000000000000025e+00,1.650000000000000000e+03,1.500000000000000000e+03,-1.169934552121307814e+00,2.583776357113385380e-01,1.597690344955878139e+00
3.044999999999999929e+00,1.650000000000000000e+03,1.500000000000000000e+03,-1.171398996620056643e+00,2.584093878434616798e-01,1.598303595655813369e+00
3.061999999999999833e+00,1.650000000000000000e+03,1.500000000000000000e+03,-1.171398996620056643e+00,2.584093878434616798e-01,1.598303595655813369e+00
3.080000000000000071e+00,1.650000000000000000e+03,1.500000000000000000e+03,-1.172131217468469044e+00,2.584252467380109275e-01,1.598917215476318487e+00
3.096999999999999975e+00,1.650000000000000000e+03,1.500000000000000000e+03,-1.172131217468469044e+00,2.584252467380109275e-01,1.598917215476318487e+00
3.113999999999999879e+00,1.650000000000000000e+03,1.500000000000000000e+03,-1.173595657822952720e+00,2.584569304415452740e-01,1.599531202706744759e+00
3.130999999999999783e+00,1.650000000000000000e+03,1.500000000000000000e+03,-1.175792319352374715e+00,2.585043715517905127e-01,1.600145555641653061e+00
3.148000000000000131e+00,1.650000000000000000e+03,1.500000000000000000e+03,-1.177622876499441640e+00,2.585438292790743775e-01,1.592484978595674061e+00
3.165999999999999925e+00,1.650000000000000000e+03,1.500000000000000000e+03,-1.178959152625602247e+00,2.590391477199478487e-01,1.593100599495903991e+00
3.182999999999999829e+00,1.650000000000000000e+03,1.500000000000000000e+03,-1.180423887566901309e+00,2.590706552999659795e-01,1.593716579774640207e+00
3.200000000000000178e+00,1.650000000000000000e+03,1.500000000000000000e+03,-1.180423887566901309e+00,2.590706552999659795e-01,1.593716579774640207e+00
3.217000000000000082e+00,1.650000000000000000e+03,1.500000000000000000e+03,-1.183592243433750912e+00,2.596054896823165592e-01,1.589322653804726926e+00
3.234999999999999876e+00,1.650000000000000000e+03,1.500000000000000000e+03,-1.183592243433750912e+00,2.596054896823165592e-01,1.589322653804726926e+00
3.251999999999999780e+00,1.650000000000000000e+03,1.500000000000000000e+03,-1.185423562350903737e+00,2.596447382785708191e-01,1.589940147400530801e+00
3.269000000000000128e+00,1.650000000000000000e+03,1.500000000000000000e+03,-1.185423562350903737e+00,2.596447382785708191e-01,1.589940147400530801e+00
3.286000000000000032e+00,1.650000000000000000e+03,1.500000000000000000e+03,-1.186761859397962970e+00,2.601404533291243881e-01,1.587679728202028295e+00
3.302999999999999936e+00,1.650000000000000000e+03,1.500000000000000000e+03,-1.188227230865218642e+00,2.601717996092585139e-01,1.588298067368032918e+00
3.322000000000000064e+00,1.650000000000000000e+03,1.500000000000000000e+03,-1.189932762552022405e+00,2.606755530955704447e-01,1.588916754369657180e+00
3.338999999999999968e+00,1.650000000000000000e+03,1.500000000000000000e+03,-1.189932762552022405e+00,2.606755530955704447e-01,1.588916754369657180e+00
3.355999999999999872e+00,1.650000000000000000e+03,1.500000000000000000e+03,-1.191272469373095610e+00,2.611716928392870951e-01,1.589535787670516953e+00
3.373000000000000220e+00,1.650000000000000000e+03,1.500000000000000000e+03,-1.193230631289691202e+00,2.607459023110978436e-01,1.590155165738068144e+00
3.391000000000000014e+00,1.650000000000000000e+03,1.500000000000000000e+03,-1.196278537321807889e+00,2.617461880664762042e-01,1.585681137094234083e+00
3.407999999999999918e+00,1.650000000000000000e+03,1.500000000000000000e+03,-1.209843323126015058e+00,2.634386410280957769e-01,1.582702888840061384e+00
3.424999999999999822e+00,1.650000000000000000e+03,1.500000000000000000e+03,-1.209843323126015058e+00,2.634386410280957769e-01,1.582702888840061384e+00
3.443000000000000060e+00,1.650000000000000000e+03,1.500000000000000000e+03,-1.211310992651296825e+00,2.634695991687664440e-01,1.583327059805796688e+00
3.460999999999999854e+00,1.650000000000000000e+03,1.500000000000000000e+03,-1.211310992651296825e+00,2.634695991687664440e-01,1.583327059805796688e+00
3.479000000000000092e+00,1.650000000000000000e+03,1.500000000000000000e+03,-1.216693918737628888e+00,2.640518290740527796e-01,1.576838942208071082e+00
3.495999999999999996e+00,1.650000000000000000e+03,1.500000000000000000e+03,-1.216693918737628888e+00,2.640518290740527796e-01,1.576838942208071082e+00
3.512999999999999901e+00,1.650000000000000000e+03,1.500000000000000000e+03,-1.218896301705707064e+00,2.640980755123344403e-01,1.586452739231008158e+00
3.529999999999999805e+00,1.650000000000000000e+03,1.500000000000000000e+03,-1.218896301705707064e+00,2.640980755123344403e-01,1.586452739231008158e+00
3.547000000000000153e+00,1.650000000000000000e+03,1.500000000000000000e+03,-1.218896301705707064e+00,2.640980755123344403e-01,1.586452739231008158e+00
3.564000000000000057e+00,1.650000000000000000e+03,1.500000000000000000e+03,-1.222567284661349118e+00,2.641749944310182174e-01,1.579343438239757980e+00
3.581999999999999851e+00,1.650000000000000000e+03,1.500000000000000000e+03,-1.224770091844718634e+00,2.642210526200055032e-01,1.588958989525158572e+00
3.599000000000000199e+00,1.650000000000000000e+03,1.500000000000000000e+03,-1.228322618078182327e+00,2.647645956606454742e-01,1.579274573423687933e+00
3.616999999999999993e+00,1.650000000000000000e+03,1.500000000000000000e+03,-1.228322618078182327e+00,2.647645956606454742e-01,1.579274573423687933e+00
3.633999999999999897e+00,1.650000000000000000e+03,1.500000000000000000e+03,-1.232730192350637966e+00,2.648564046350755374e-01,1.586170249367848450e+00
3.650999999999999801e+00,1.650000000000000000e+03,1.500000000000000000e+03,-1.232730192350637966e+00,2.648564046350755374e-01,1.586170249367848450e+00
3.668000000000000149e+00,1.650000000000000000e+03,1.500000000000000000e+03,-1.236286036979317826e+00,2.654000515186158982e-01,1.576437885005141482e+00
3.685999999999999943e+00,1.650000000000000000e+03,1.500000000000000000e+03,-1.236286036979317826e+00,2.654000515186158982e-01,1.576437885005141482e+00
3.704000000000000181e+00,1.650000000000000000e+03,1.500000000000000000e+03,-1.238123380657070616e+00,2.654381921600375005e-01,1.577067776604935023e+00
3.721999999999999975e+00,1.650000000000000000e+03,1.500000000000000000e+03,-1.242166054644977979e+00,2.655219536781452394e-01,1.578959252247755352e+00
3.738999999999999879e+00,1.650000000000000000e+03,1.500000000000000000e+03,-1.244371460152424280e+00,2.655675580002140324e-01,1.571228954095670982e+00
3.757000000000000117e+00,1.650000000000000000e+03,1.500000000000000000e+03,-1.246461265665297136e+00,2.660809088013205148e-01,1.580853403054742090e+00
3.774000000000000021e+00,1.650000000000000000e+03,1.500000000000000000e+03,-1.246461265665297136e+00,2.660809088013205148e-01,1.580853403054742090e+00
3.791999999999999815e+00,1.650000000000000000e+03,1.500000000000000000e+03,-1.248782957775497415e+00,2.656585945788533243e-01,1.573124035961395606e+00
3.809000000000000163e+00,1.650000000000000000e+03,1.500000000000000000e+03,-1.253195410116204611e+00,2.657494090402778841e-01,1.575021758014411244e+00
3.826999999999999957e+00,1.650000000000000000e+03,1.500000000000000000e+03,-1.254552154528045582e+00,2.662476615591520268e-01,1.575654913199375118e+00
3.843999999999999861e+00,1.650000000000000000e+03,1.500000000000000000e+03,-1.257495128732566858e+00,2.663081214414801945e-01,1.576922088209089301e+00
3.861000000000000210e+00,1.650000000000000000e+03,1.500000000000000000e+03,-1.259448108875258709e+00,2.658776995320660808e-01,1.577556105666650277e+00
3.876999999999999780e+00,1.650000000000000000e+03,1.500000000000000000e+03,-1.259448108875258709e+00,2.658776995320660808e-01,1.577556105666650277e+00
3.895000000000000018e+00,1.650000000000000000e+03,1.500000000000000000e+03,-1.259448108875258709e+00,2.658776995320660808e-01,1.577556105666650277e+00
3.911999999999999922e+00,1.650000000000000000e+03,1.500000000000000000e+03,-1.261542481266796134e+00,2.663911063033717053e-01,1.578824994575703355e+00
3.928999999999999826e+00,1.650000000000000000e+03,1.500000000000000000e+03,-1.270521891658154878e+00,2.675166477568445833e-01,1.565098307270602618e+00
3.946000000000000174e+00,1.650000000000000000e+03,1.500000000000000000e+03,-1.272731956639751250e+00,2.675617764728328574e-01,1.574732944470320861e+00
3.963000000000000078e+00,1.650000000000000000e+03,1.500000000000000000e+03,-1.272731956639751250e+00,2.675617764728328574e-01,1.574732944470320861e+00
3.980999999999999872e+00,1.650000000000000000e+03,1.500000000000000000e+03,-1.274942322470882905e+00,2.676068619570082241e-01,1.567007580242852249e+00
3.998000000000000220e+00,1.650000000000000000e+03,1.500000000000000000e+03,-1.279732505809794141e+00,2.677044037026747869e-01,1.568919338923968620e+00
4.014999999999999680e+00,1.650000000000000000e+03,1.500000000000000000e+03,-1.279732505809794141e+00,2.677044037026747869e-01,1.568919338923968620e+00
4.032000000000000028e+00,1.650000000000000000e+03,1.500000000000000000e+03,-1.281575278049256861e+00,2.677418691631644476e-01,1.578558131503214224e+00
4.049000000000000377e+00,1.650000000000000000e+03,1.500000000000000000e+03,-1.283786900047622970e+00,2.677867918366013678e-01,1.570833554107837982e+00
4.065999999999999837e+00,1.650000000000000000e+03,1.500000000000000000e+03,-1.286367539384103420e+00,2.678391534095447835e-01,1.580474368573745236e+00
4.083000000000000185e+00,1.650000000000000000e+03,1.500000000000000000e+03,-1.288516991517894450e+00,2.697709752068964129e-01,1.564223219049344138e+00
4.099999999999999645e+00,1.650000000000000000e+03,1.500000000000000000e+03,-1.291684415004233699e+00,2.688907391994089791e-01,1.567630303155983951e+00
4.116999999999999993e+00,1.650000000000000000e+03,1.500000000000000000e+03,-1.292946184816862853e+00,2.698610646763139886e-01,1.566141834463917082e+00
4.134000000000000341e+00,1.650000000000000000e+03,1.500000000000000000e+03,-1.292946184816862853e+00,2.698610646763139886e-01,1.566141834463917082e+00
4.150999999999999801e+00,1.650000000000000000e+03,1.500000000000000000e+03,-1.297746057616067095e+00,2.699585123761862882e-01,1.568062833322749539e+00
4.168000000000000149e+00,1.650000000000000000e+03,1.500000000000000000e+03,-1.297746057616067095e+00,2.699585123761862882e-01,1.568062833322749539e+00
4.184999999999999609e+00,1.650000000000000000e+03,1.500000000000000000e+03,-1.300331302134914102e+00,2.700109232485409239e-01,1.560339735977797959e+00
4.201999999999999957e+00,1.650000000000000000e+03,1.500000000000000000e+03,-1.305133798147281254e+00,2.701081507895229938e-01,1.571269718693741879e+00
4.219000000000000306e+00,1.650000000000000000e+03,1.500000000000000000e+03,-1.305133798147281254e+00,2.701081507895229938e-01,1.571269718693741879e+00
4.235999999999999766e+00,1.650000000000000000e+03,1.500000000000000000e+03,-1.306876894106152154e+00,2.706164186468862365e-01,1.569829721272655298e+00
4.253999999999999559e+00,1.650000000000000000e+03,1.500000000000000000e+03,-1.309834142798046663e+00,2.706762455507956133e-01,1.566706168736728300e+00
4.270999999999999908e+00,1.650000000000000000e+03,1.500000000000000000e+03,-1.311845415892080480e+00,2.716637912529760168e-01,1.556961150153922002e+00
4.288000000000000256e+00,1.650000000000000000e+03,1.500000000000000000e+03,-1.311845415892080480e+00,2.716637912529760168e-01,1.556961150153922002e+00
4.306000000000000050e+00,1.650000000000000000e+03,1.500000000000000000e+03,-1.316757772997135145e+00,2.712895604688594364e-01,1.558889661894156120e+00
4.323000000000000398e+00,1.650000000000000000e+03,1.500000000000000000e+03,-1.318875615173371374e+00,2.718060588430730729e-01,1.560176609623563193e+00
4.339999999999999858e+00,1.650000000000000000e+03,1.500000000000000000e+03,-1.322105494622545452e+00,2.723453318379704946e-01,1.569828408681898324e+00
4.357000000000000206e+00,1.650000000000000000e+03,1.500000000000000000e+03,-1.323688090342404422e+00,2.719032739932657483e-01,1.562108921925457139e+00
4.375000000000000000e+00,1.650000000000000000e+03,1.500000000000000000e+03,-1.323688090342404422e+00,2.719032739932657483e-01,1.562108921925457139e+00
4.392000000000000348e+00,1.650000000000000000e+03,1.500000000000000000e+03,-1.327190019997346759e+00,2.729224273912708165e-01,1.556719598593724330e+00
4.410000000000000142e+00,1.650000000000000000e+03,1.500000000000000000e+03,-1.327190019997346759e+00,2.729224273912708165e-01,1.556719598593724330e+00
4.426999999999999602e+00,1.650000000000000000e+03,1.500000000000000000e+03,-1.345068500117511556e+00,2.747088667749435498e-01,1.555877097866176895e+00
4.443999999999999950e+00,1.650000000000000000e+03,1.500000000000000000e+03,-1.346828396594975219e+00,2.752201269728017374e-01,1.554802218247334222e+00
4.461999999999999744e+00,1.650000000000000000e+03,1.500000000000000000e+03,-1.346828396594975219e+00,2.752201269728017374e-01,1.554802218247334222e+00
4.479000000000000092e+00,1.650000000000000000e+03,1.500000000000000000e+03,-1.349897007378827674e+00,2.748064588902335847e-01,1.557819743881432295e+00
4.496000000000000441e+00,1.650000000000000000e+03,1.500000000000000000e+03,-1.353049583158610014e+00,2.758220390475077943e-01,1.557393451170811849e+00
4.514000000000000234e+00,1.650000000000000000e+03,1.500000000000000000e+03,-1.355747567520320551e+00,2.754005270421527873e-01,1.560413275925411014e+00
4.530000000000000249e+00,1.650000000000000000e+03,1.500000000000000000e+03,-1.355747567520320551e+00,2.754005270421527873e-01,1.560413275925411014e+00
4.546999999999999709e+00,1.650000000000000000e+03,1.500000000000000000e+03,-1.357788822986517596e+00,2.763943506551891360e-01,1.550974079773975056e+00
4.565000000000000391e+00,1.650000000000000000e+03,1.500000000000000000e+03,-1.360021151037169584e+00,2.764395740467511242e-01,1.560637826377234694e+00
4.581999999999999851e+00,1.650000000000000000e+03,1.500000000000000000e+03,-1.360021151037169584e+00,2.764395740467511242e-01,1.560637826377234694e+00
4.599999999999999645e+00,1.650000000000000000e+03,1.500000000000000000e+03,-1.363276720937888431e+00,2.769822452887001907e-01,1.555071923531220257e+00
4.618999999999999773e+00,1.650000000000000000e+03,1.500000000000000000e+03,-1.368490128447168441e+00,2.770879153686433005e-01,1.548557244138494049e+00
4.637999999999999901e+00,1.650000000000000000e+03,1.500000000000000000e+03,-1.368490128447168441e+00,2.770879153686433005e-01,1.548557244138494049e+00
4.657000000000000028e+00,1.650000000000000000e+03,1.500000000000000000e+03,-1.368490128447168441e+00,2.770879153686433005e-01,1.548557244138494049e+00
4.690000000000000391e+00,1.650000000000000000e+03,1.500000000000000000e+03,-1.368490128447168441e+00,2.770879153686433005e-01,1.548557244138494049e+00
4.706999999999999851e+00,1.650000000000000000e+03,1.500000000000000000e+03,-1.371470441015949282e+00,2.771482959674123059e-01,1.549856921228143669e+00
4.729000000000000092e+00,1.650000000000000000e+03,1.500000000000000000e+03,-1.371470441015949282e+00,2.771482959674123059e-01,1.549856921228143669e+00
4.746000000000000441e+00,1.650000000000000000e+03,1.500000000000000000e+03,-1.371470441015949282e+00,2.771482959674123059e-01,1.549856921228143669e+00
4.762999999999999901e+00,1.650000000000000000e+03,1.500000000000000000e+03,-1.382191511137099260e+00,2.778428603028026966e-01,1.552892514050913997e+00
4.780999999999999694e+00,1.650000000000000000e+03,1.500000000000000000e+03,-1.385266229572007290e+00,2.774275940431489840e-01,1.555716929074857813e+00
4.798000000000000043e+00,1.650000000000000000e+03,1.500000000000000000e+03,-1.388073668827379370e+00,2.784399274439811611e-01,1.558464596508988720e+00
4.815000000000000391e+00,1.650000000000000000e+03,1.500000000000000000e+03,-1.390599200584499817e+00,2.789693123179701750e-01,1.549096284410695468e+00
4.831999999999999851e+00,1.650000000000000000e+03,1.500000000000000000e+03,-1.393588223625732869e+00,2.790300442116385726e-01,1.550401116181065131e+00
4.849000000000000199e+00,1.650000000000000000e+03,1.500000000000000000e+03,-1.393588223625732869e+00,2.790300442116385726e-01,1.550401116181065131e+00
4.865999999999999659e+00,1.650000000000000000e+03,1.500000000000000000e+03,-1.396578210714931378e+00,2.790907912649807088e-01,1.551706849898732976e+00
4.883000000000000007e+00,1.650000000000000000e+03,1.500000000000000000e+03,-1.398908296585059219e+00,2.786597419559042610e-01,1.553013478897312449e+00
4.900000000000000355e+00,1.650000000000000000e+03,1.500000000000000000e+03,-1.424541073473222008e+00,2.825382120320041324e-01,1.537886125961161587e+00
4.916000000000000369e+00,1.650000000000000000e+03,1.500000000000000000e+03,-1.424541073473222008e+00,2.825382120320041324e-01,1.537886125961161587e+00
4.932999999999999829e+00,1.650000000000000000e+03,1.500000000000000000e+03,-1.427251116863252900e+00,2.821133501540531441e-01,1.546537791077711832e+00
4.950999999999999623e+00,1.650000000000000000e+03,1.500000000000000000e+03,-1.434012615948491831e+00,2.822519167528559914e-01,1.541818780476955419e+00
4.966999999999999638e+00,1.650000000000000000e+03,1.500000000000000000e+03,-1.434012615948491831e+00,2.822519167528559914e-01,1.541818780476955419e+00
4.983999999999999986e+00,1.650000000000000000e+03,1.500000000000000000e+03,-1.434012615948491831e+00,2.822519167528559914e-01,1.541818780476955419e+00
5.001000000000000334e+00,1.650000000000000000e+03,1.500000000000000000e+03,-1.437315894396887783e+00,2.828004175891098981e-01,1.543131417672800820e+00
5.017999999999999794e+00,1.650000000000000000e+03,1.500000000000000000e+03,-1.440245607818441798e+00,2.833416645345564477e-01,1.544444920696902646e+00
5.035000000000000142e+00,1.650000000000000000e+03,1.500000000000000000e+03,-1.443255927824513396e+00,2.834036130145557442e-01,1.537279552133663074e+00
5.051999999999999602e+00,1.650000000000000000e+03,1.500000000000000000e+03,-1.446189566851932229e+00,2.839454635423314111e-01,1.539557439896528601e+00
5.068999999999999950e+00,1.650000000000000000e+03,1.500000000000000000e+03,-1.446189566851932229e+00,2.839454635423314111e-01,1.539557439896528601e+00
5.086999999999999744e+00,1.650000000000000000e+03,1.500000000000000000e+03,-1.449125463165631622e+00,2.844877716324811789e-01,1.540872017929425963e+00
5.104000000000000092e+00,1.650000000000000000e+03,1.500000000000000000e+03,-1.452140263875016712e+00,2.845500725022132027e-01,1.542187454649895262e+00
5.121000000000000441e+00,1.650000000000000000e+03,1.500000000000000000e+03,-1.455156173528038943e+00,2.846124233683970939e-01,1.552086641529631716e+00
5.137999999999999901e+00,1.650000000000000000e+03,1.500000000000000000e+03,-1.455156173528038943e+00,2.846124233683970939e-01,1.552086641529631716e+00
5.155000000000000249e+00,1.650000000000000000e+03,1.500000000000000000e+03,-1.460664152324568255e+00,2.856912216535614224e-01,1.544442900541553865e+00
5.171999999999999709e+00,1.650000000000000000e+03,1.500000000000000000e+03,-1.464365519023353990e+00,2.862509373456926243e-01,1.529567111942320201e+00
5.189000000000000057e+00,1.650000000000000000e+03,1.500000000000000000e+03,-1.467387871594782789e+00,2.863138344133036028e-01,1.530882536362503599e+00
5.206000000000000405e+00,1.650000000000000000e+03,1.500000000000000000e+03,-1.470716405542875416e+00,2.868664022866851404e-01,1.531370402525027874e+00
5.222999999999999865e+00,1.650000000000000000e+03,1.500000000000000000e+03,-1.473741794124068694e+00,2.869295338288773145e-01,1.532687364181890333e+00
5.240000000000000213e+00,1.650000000000000000e+03,1.500000000000000000e+03,-1.473741794124068694e+00,2.869295338288773145e-01,1.532687364181890333e+00
5.258000000000000007e+00,1.650000000000000000e+03,1.500000000000000000e+03,-1.480482103191205656e+00,2.875541007226004586e-01,1.537603836082355624e+00
5.275000000000000355e+00,1.650000000000000000e+03,1.500000000000000000e+03,-1.480482103191205656e+00,2.875541007226004586e-01,1.537603836082355624e+00
5.291999999999999815e+00,1.650000000000000000e+03,1.500000000000000000e+03,-1.486403054522977829e+00,2.886466876519884206e-01,1.530152417584236257e+00
5.309000000000000163e+00,1.650000000000000000e+03,1.500000000000000000e+03,-1.489367072681027526e+00,2.891937140463938238e-01,1.530747082836160455e+00
5.325999999999999623e+00,1.650000000000000000e+03,1.500000000000000000e+03,-1.492402197225902061e+00,2.892576957716286312e-01,1.532067104756921427e+00
5.342999999999999972e+00,1.650000000000000000e+03,1.500000000000000000e+03,-1.496197778417016622e+00,2.893377734946747104e-01,1.524902863742265469e+00
5.360000000000000320e+00,1.650000000000000000e+03,1.500000000000000000e+03,-1.499168225775471264e+00,2.898857038251401175e-01,1.526802809591399912e+00
5.376999999999999780e+00,1.650000000000000000e+03,1.500000000000000000e+03,-1.502207849908463455e+00,2.899500338035312375e-01,1.528123382856795720e+00
5.394999999999999574e+00,1.650000000000000000e+03,1.500000000000000000e+03,-1.505182510999591994e+00,2.904986502703584828e-01,1.529444804447165129e+00
5.411999999999999922e+00,1.650000000000000000e+03,1.500000000000000000e+03,-1.518693691984135175e+00,2.922453172923088482e-01,1.517525700159183977e+00
5.429000000000000270e+00,1.650000000000000000e+03,1.500000000000000000e+03,-1.521743714225847199e+00,2.923106161408924875e-01,1.518846679629950014e+00
5.445999999999999730e+00,1.650000000000000000e+03,1.500000000000000000e+03,-1.521743714225847199e+00,2.923106161408924875e-01,1.518846679629950014e+00
5.463000000000000078e+00,1.650000000000000000e+03,1.500000000000000000e+03,-1.525620098959568738e+00,2.919067832387131078e-01,1.529949935573720943e+00
5.480000000000000426e+00,1.650000000000000000e+03,1.500000000000000000e+03,-1.528672305449855440e+00,2.919721625880636884e-01,1.531275540195987883e+00
5.496999999999999886e+00,1.650000000000000000e+03,1.500000000000000000e+03,-1.532046733318681131e+00,2.925316372470488924e-01,1.514222775712058766e+00
5.514000000000000234e+00,1.650000000000000000e+03,1.500000000000000000e+03,-1.535484245900517353e+00,2.926055353730242503e-01,1.524801680544970894e+00
5.530999999999999694e+00,1.650000000000000000e+03,1.500000000000000000e+03,-1.538481640879655110e+00,2.931575822114399488e-01,1.526127334858558005e+00
5.548000000000000043e+00,1.650000000000000000e+03,1.500000000000000000e+03,-1.538481640879655110e+00,2.931575822114399488e-01,1.526127334858558005e+00
5.565000000000000391e+00,1.650000000000000000e+03,1.500000000000000000e+03,-1.538481640879655110e+00,2.931575822114399488e-01,1.526127334858558005e+00
5.581000000000000405e+00,1.650000000000000000e+03,1.500000000000000000e+03,-1.545365709743566240e+00,2.933061921326817201e-01,1.520477103802333252e+00
5.597999999999999865e+00,1.650000000000000000e+03,1.500000000000000000e+03,-1.552142723177866390e+00,2.944294526652203592e-01,1.514216070267743852e+00
5.615999999999999659e+00,1.650000000000000000e+03,1.500000000000000000e+03,-1.555535731262562615e+00,2.949919631208749449e-01,1.515540967159493935e+00
5.633000000000000007e+00,1.650000000000000000e+03,1.500000000000000000e+03,-1.555535731262562615e+00,2.949919631208749449e-01,1.515540967159493935e+00
5.650000000000000355e+00,1.650000000000000000e+03,1.500000000000000000e+03,-1.558603591493809226e+00,2.950588417973450950e-01,1.516866719039860145e+00
5.666999999999999815e+00,1.650000000000000000e+03,1.500000000000000000e+03,-1.562385527128210327e+00,2.956305677536420484e-01,1.509693260323469177e+00
5.684000000000000163e+00,1.650000000000000000e+03,1.500000000000000000e+03,-1.565348692210455361e+00,2.966746096815885414e-01,1.510915112616470601e+00
5.700999999999999623e+00,1.650000000000000000e+03,1.500000000000000000e+03,-1.565348692210455361e+00,2.966746096815885414e-01,1.510915112616470601e+00
5.719000000000000306e+00,1.650000000000000000e+03,1.500000000000000000e+03,-1.568860414037813289e+00,2.962619783028835885e-01,1.512240779366712085e+00
5.735999999999999766e+00,1.650000000000000000e+03,1.500000000000000000e+03,-1.572704124871661113e+00,2.963464460747992080e-01,1.514333953304543678e+00
5.753000000000000114e+00,1.650000000000000000e+03,1.500000000000000000e+03,-1.576394248775947249e+00,2.978985012121359022e-01,1.515660311049297659e+00
5.769999999999999574e+00,1.650000000000000000e+03,1.500000000000000000e+03,-1.579474225562903289e+00,2.979666807100297410e-01,1.516988995891702663e+00
5.788000000000000256e+00,1.650000000000000000e+03,1.500000000000000000e+03,-1.579474225562903289e+00,2.979666807100297410e-01,1.516988995891702663e+00
5.804999999999999716e+00,1.650000000000000000e+03,1.500000000000000000e+03,-1.582890196007290973e+00,2.985333150175922823e-01,1.509612324900438951e+00
5.822000000000000064e+00,1.650000000000000000e+03,1.500000000000000000e+03,-1.582890196007290973e+00,2.985333150175922823e-01,1.509612324900438951e+00
5.839999999999999858e+00,1.650000000000000000e+03,1.500000000000000000e+03,-1.586359138678937075e+00,2.986104199686462346e-01,1.510943505232815065e+00
5.857000000000000206e+00,1.650000000000000000e+03,1.500000000000000000e+03,-1.586359138678937075e+00,2.986104199686462346e-01,1.510943505232815065e+00
5.873999999999999666e+00,1.650000000000000000e+03,1.500000000000000000e+03,-1.593205112465372553e+00,2.997460749015127268e-01,1.504901809250599021e+00
5.891000000000000014e+00,1.650000000000000000e+03,1.500000000000000000e+03,-1.593205112465372553e+00,2.997460749015127268e-01,1.504901809250599021e+00
5.908000000000000362e+00,1.650000000000000000e+03,1.500000000000000000e+03,-1.621575549936222549e+00,3.033448571654374648e-01,1.507978100405140465e+00
5.924999999999999822e+00,1.650000000000000000e+03,1.500000000000000000e+03,-1.621575549936222549e+00,3.033448571654374648e-01,1.507978100405140465e+00
5.942000000000000171e+00,1.650000000000000000e+03,1.500000000000000000e+03,-1.625373820574057104e+00,3.044204513033151871e-01,1.509531914721907286e+00
5.958999999999999631e+00,1.650000000000000000e+03,1.500000000000000000e+03,-1.625373820574057104e+00,3.044204513033151871e-01,1.509531914721907286e+00
5.977000000000000313e+00,1.650000000000000000e+03,1.500000000000000000e+03,-1.629259728050192368e+00,3.045096906952621252e-01,1.502156079686410628e+00
5.993000000000000327e+00,1.650000000000000000e+03,1.500000000000000000e+03,-1.632799311619211213e+00,3.040963583381269819e-01,1.512644311362598248e+00
6.011000000000000121e+00,1.650000000000000000e+03,1.500000000000000000e+03,-1.640073889946898955e+00,3.057494651954620890e-01,1.506517363855033098e+00
6.027999999999999581e+00,1.650000000000000000e+03,1.500000000000000000e+03,-1.640073889946898955e+00,3.057494651954620890e-01,1.506517363855033098e+00
6.044999999999999929e+00,1.650000000000000000e+03,1.500000000000000000e+03,-1.647440211539052068e+00,3.064162516114569135e-01,1.500804668366048089e+00
6.062000000000000277e+00,1.650000000000000000e+03,1.500000000000000000e+03,-1.647440211539052068e+00,3.064162516114569135e-01,1.500804668366048089e+00
6.078999999999999737e+00,1.650000000000000000e+03,1.500000000000000000e+03,-1.651694525574068040e+00,3.070116046831240508e-01,1.501952014519324141e+00
6.097000000000000419e+00,1.650000000000000000e+03,1.500000000000000000e+03,-1.654745631353228053e+00,3.080762588820230574e-01,1.503735809278687885e+00
6.113999999999999879e+00,1.650000000000000000e+03,1.500000000000000000e+03,-1.658687981988056670e+00,3.076718722399881534e-01,1.496252164899100956e+00
6.131999999999999673e+00,1.650000000000000000e+03,1.500000000000000000e+03,-1.662528010728424377e+00,3.087563613063833978e-01,1.498133541597997942e+00
6.147999999999999687e+00,1.650000000000000000e+03,1.500000000000000000e+03,-1.662528010728424377e+00,3.087563613063833978e-01,1.498133541597997942e+00
6.165000000000000036e+00,1.650000000000000000e+03,1.500000000000000000e+03,-1.665657793787295837e+00,3.088301795420079765e-01,1.499467090534409630e+00
6.182999999999999829e+00,1.650000000000000000e+03,1.500000000000000000e+03,-1.673424332573441253e+00,3.100097577727661813e-01,1.493482349233190565e+00
6.200000000000000178e+00,1.650000000000000000e+03,1.500000000000000000e+03,-1.673424332573441253e+00,3.100097577727661813e-01,1.493482349233190565e+00
6.216999999999999638e+00,1.650000000000000000e+03,1.800000000000000000e+03,-1.677344588860822494e+00,3.101029715274857823e-01,1.494815564429339272e+00
6.233999999999999986e+00,1.650000000000000000e+03,1.800000000000000000e+03,-1.677344588860822494e+00,3.101029715274857823e-01,1.494815564429339272e+00
6.251999999999999780e+00,1.650000000000000000e+03,1.800000000000000000e+03,-1.684799176342830052e+00,3.102806887063261909e-01,1.498152430666960022e+00
6.269000000000000128e+00,1.650000000000000000e+03,1.800000000000000000e+03,-1.684799176342830052e+00,3.102806887063261909e-01,1.498152430666960022e+00
6.286999999999999922e+00,1.650000000000000000e+03,1.800000000000000000e+03,-1.692570607403417693e+00,3.119641429073415351e-01,1.483242646469198789e+00
6.304000000000000270e+00,1.650000000000000000e+03,1.800000000000000000e+03,-1.692570607403417693e+00,3.119641429073415351e-01,1.483242646469198789e+00
6.320999999999999730e+00,1.650000000000000000e+03,1.800000000000000000e+03,-1.696110750827188651e+00,3.120494341182858955e-01,1.484574040232566450e+00
6.339000000000000412e+00,1.650000000000000000e+03,1.800000000000000000e+03,-1.703932836262467942e+00,3.132386125190423920e-01,1.487906486696402908e+00
6.357000000000000206e+00,1.650000000000000000e+03,1.800000000000000000e+03,-1.707849701715772106e+00,3.138343387766439063e-01,1.490117837306877968e+00
6.373999999999999666e+00,1.650000000000000000e+03,1.800000000000000000e+03,-1.707849701715772106e+00,3.138343387766439063e-01,1.490117837306877968e+00
6.392000000000000348e+00,1.650000000000000000e+03,1.800000000000000000e+03,-1.716113260607032176e+00,3.145370360683740207e-01,1.483827310591326665e+00
6.410000000000000142e+00,1.650000000000000000e+03,1.800000000000000000e+03,-1.735057272931961547e+00,3.160070454117734906e-01,1.490913604272197102e+00
6.426999999999999602e+00,1.650000000000000000e+03,1.800000000000000000e+03,-1.739380063560107104e+00,3.171195459530583571e-01,1.484431321161223449e+00
6.443999999999999950e+00,1.650000000000000000e+03,1.800000000000000000e+03,-1.743329688838505920e+00,3.177210800383724054e-01,1.475803217570847981e+00
6.461999999999999744e+00,1.650000000000000000e+03,1.800000000000000000e+03,-1.746902726633138059e+00,3.178104045460828919e-01,1.477137174041756484e+00
6.479000000000000092e+00,1.650000000000000000e+03,1.800000000000000000e+03,-1.751256528909880705e+00,3.184230617215891845e-01,1.479139835037665218e+00
6.496999999999999886e+00,1.650000000000000000e+03,1.800000000000000000e+03,-1.751256528909880705e+00,3.184230617215891845e-01,1.479139835037665218e+00
6.514000000000000234e+00,1.650000000000000000e+03,1.800000000000000000e+03,-1.758385682558630370e+00,3.196107369821189481e-01,1.472977742599101969e+00
6.530999999999999694e+00,1.650000000000000000e+03,1.800000000000000000e+03,-1.758385682558630370e+00,3.196107369821189481e-01,1.472977742599101969e+00
6.548000000000000043e+00,1.650000000000000000e+03,1.800000000000000000e+03,-1.761941814110976168e+00,3.207101460529248049e-01,1.474312150571351898e+00
6.565000000000000391e+00,1.650000000000000000e+03,1.800000000000000000e+03,-1.770700394822482204e+00,3.214382699193664150e-01,1.467341830081016374e+00
6.581999999999999851e+00,1.650000000000000000e+03,1.800000000000000000e+03,-1.770700394822482204e+00,3.214382699193664150e-01,1.467341830081016374e+00
6.599000000000000199e+00,1.650000000000000000e+03,1.800000000000000000e+03,-1.774281295880880238e+00,3.220354567144191327e-01,1.470162873317172325e+00
6.616999999999999993e+00,1.650000000000000000e+03,1.800000000000000000e+03,-1.778265156347105247e+00,3.226436195115448546e-01,1.461093507149959114e+00
6.634000000000000341e+00,1.650000000000000000e+03,1.800000000000000000e+03,-1.778265156347105247e+00,3.226436195115448546e-01,1.461093507149959114e+00
6.650999999999999801e+00,1.650000000000000000e+03,1.800000000000000000e+03,-1.785853065467686074e+00,3.233454249091084476e-01,1.456446910374913584e+00
6.668000000000000149e+00,1.650000000000000000e+03,1.800000000000000000e+03,-1.790240724018817398e+00,3.244728972915896792e-01,1.456854327627413292e+00
6.685999999999999943e+00,1.650000000000000000e+03,1.800000000000000000e+03,-1.794247208769602864e+00,3.245769126496701462e-01,1.449172682029498560e+00
6.703000000000000291e+00,1.650000000000000000e+03,1.800000000000000000e+03,-1.797849170019886200e+00,3.251782412874831829e-01,1.452324876146155574e+00
6.721000000000000085e+00,1.650000000000000000e+03,1.800000000000000000e+03,-1.801855902186439984e+00,3.257907885742604703e-01,1.442962478590245068e+00
6.738999999999999879e+00,1.650000000000000000e+03,1.800000000000000000e+03,-1.806674040217624233e+00,3.259169359934753762e-01,1.444950096149910657e+00
6.756999999999999673e+00,1.650000000000000000e+03,1.800000000000000000e+03,-1.810286643800152584e+00,3.265202318530556758e-01,1.446276447636264839e+00
6.774000000000000021e+00,1.650000000000000000e+03,1.800000000000000000e+03,-1.814302599608275557e+00,3.276439061357591109e-01,1.427568131548797581e+00
6.791000000000000369e+00,1.650000000000000000e+03,1.800000000000000000e+03,-1.818325776554270190e+00,3.282597352339301500e-01,1.431094783671467363e+00
6.809000000000000163e+00,1.650000000000000000e+03,1.800000000000000000e+03,-1.822352998225356790e+00,3.288763783614730984e-01,1.421290094723991260e+00
6.826999999999999957e+00,1.650000000000000000e+03,1.800000000000000000e+03,-1.822352998225356790e+00,3.288763783614730984e-01,1.421290094723991260e+00
6.844999999999999751e+00,1.650000000000000000e+03,1.800000000000000000e+03,-1.830820759683979615e+00,3.291019370559559176e-01,1.424580361562978403e+00
6.862000000000000099e+00,1.650000000000000000e+03,1.800000000000000000e+03,-1.830820759683979615e+00,3.291019370559559176e-01,1.424580361562978403e+00
6.878999999999999559e+00,1.650000000000000000e+03,1.800000000000000000e+03,-1.834860826382067600e+00,3.302310659044710439e-01,1.416999345719515135e+00
6.897000000000000242e+00,1.650000000000000000e+03,1.800000000000000000e+03,-1.834860826382067600e+00,3.302310659044710439e-01,1.416999345719515135e+00
6.913999999999999702e+00,1.650000000000000000e+03,1.800000000000000000e+03,-1.834860826382067600e+00,3.302310659044710439e-01,1.416999345719515135e+00
6.931000000000000050e+00,1.650000000000000000e+03,1.800000000000000000e+03,-1.855495247248325263e+00,3.312986584506051324e-01,1.397274152029422956e+00
6.948000000000000398e+00,1.650000000000000000e+03,1.800000000000000000e+03,-1.863221948225933788e+00,3.330455891383051759e-01,1.391072630499714302e+00
6.964999999999999858e+00,1.650000000000000000e+03,1.800000000000000000e+03,-1.867687739068859543e+00,3.331676813282317129e-01,1.393024819848446505e+00
6.982000000000000206e+00,1.650000000000000000e+03,1.800000000000000000e+03,-1.872156347620464789e+00,3.332901042120871571e-01,1.385328618492353892e+00
6.998999999999999666e+00,1.650000000000000000e+03,1.800000000000000000e+03,-1.872156347620464789e+00,3.332901042120871571e-01,1.385328618492353892e+00
7.017000000000000348e+00,1.650000000000000000e+03,1.800000000000000000e+03,-1.875836526488552591e+00,3.344178413105228787e-01,1.368272646820941851e+00
7.033999999999999808e+00,1.650000000000000000e+03,1.800000000000000000e+03,-1.879905205775036725e+00,3.345300022507696758e-01,1.379158397912328304e+00
7.051000000000000156e+00,1.650000000000000000e+03,1.800000000000000000e+03,-1.884396285062005516e+00,3.351680467634871041e-01,1.381101343990816854e+00
7.067999999999999616e+00,1.650000000000000000e+03,1.800000000000000000e+03,-1.892576785553602869e+00,3.364241770950106014e-01,1.366003655834951092e+00
7.086000000000000298e+00,1.650000000000000000e+03,1.800000000000000000e+03,-1.892576785553602869e+00,3.364241770950106014e-01,1.366003655834951092e+00
7.102999999999999758e+00,1.650000000000000000e+03,1.800000000000000000e+03,-1.896657690783172256e+00,3.365379692041156057e-01,1.367290912696878191e+00
7.120000000000000107e+00,1.650000000000000000e+03,1.800000000000000000e+03,-1.896657690783172256e+00,3.365379692041156057e-01,1.367290912696878191e+00
7.136999999999999567e+00,1.650000000000000000e+03,1.800000000000000000e+03,-1.901149384437168299e+00,3.366634599896708435e-01,1.369224098920253319e+00
7.153999999999999915e+00,1.650000000000000000e+03,1.800000000000000000e+03,-1.905287392192580809e+00,3.383261504134659203e-01,1.352274234634280203e+00
7.171999999999999709e+00,1.650000000000000000e+03,1.800000000000000000e+03,-1.913880824719874862e+00,3.385682963373964904e-01,1.343128656038125923e+00
7.189000000000000057e+00,1.650000000000000000e+03,1.800000000000000000e+03,-1.918016945886392932e+00,3.397184219468044608e-01,1.348114542135890659e+00
7.206000000000000405e+00,1.650000000000000000e+03,1.800000000000000000e+03,-1.918016945886392932e+00,3.397184219468044608e-01,1.348114542135890659e+00
7.222999999999999865e+00,1.650000000000000000e+03,1.800000000000000000e+03,-1.922116815836134140e+00,3.398347761625931662e-01,1.340526152514208702e+00
7.240999999999999659e+00,1.650000000000000000e+03,1.800000000000000000e+03,-1.922116815836134140e+00,3.398347761625931662e-01,1.340526152514208702e+00
7.258000000000000007e+00,1.650000000000000000e+03,1.800000000000000000e+03,-1.931190944954713551e+00,3.411281140919729671e-01,1.327457290424608916e+00
7.275999999999999801e+00,1.650000000000000000e+03,1.800000000000000000e+03,-1.931190944954713551e+00,3.411281140919729671e-01,1.327457290424608916e+00
7.293000000000000149e+00,1.650000000000000000e+03,1.800000000000000000e+03,-1.939025179596858273e+00,3.418706175124422986e-01,1.334634746710206876e+00
7.309999999999999609e+00,1.650000000000000000e+03,1.800000000000000000e+03,-1.939025179596858273e+00,3.418706175124422986e-01,1.334634746710206876e+00
7.326999999999999957e+00,1.650000000000000000e+03,1.800000000000000000e+03,-1.948160708960941623e+00,3.436902651129015718e-01,1.319612537805285424e+00
7.344999999999999751e+00,1.650000000000000000e+03,1.800000000000000000e+03,-1.948160708960941623e+00,3.436902651129015718e-01,1.319612537805285424e+00
7.360999999999999766e+00,1.650000000000000000e+03,1.800000000000000000e+03,-1.948160708960941623e+00,3.436902651129015718e-01,1.319612537805285424e+00
7.379999999999999893e+00,1.650000000000000000e+03,1.800000000000000000e+03,-1.956465209651699455e+00,3.449705625491666927e-01,1.313539648070393362e+00
7.395999999999999908e+00,1.650000000000000000e+03,1.800000000000000000e+03,-1.961007151956607020e+00,3.451029237500083946e-01,1.315419336970740538e+00
7.413999999999999702e+00,1.650000000000000000e+03,1.800000000000000000e+03,-1.961007151956607020e+00,3.451029237500083946e-01,1.315419336970740538e+00
7.431000000000000050e+00,1.650000000000000000e+03,1.800000000000000000e+03,-1.987394521475232656e+00,3.505757182693290952e-01,1.279910895792158998e+00
7.448000000000000398e+00,1.650000000000000000e+03,1.800000000000000000e+03,-1.987394521475232656e+00,3.505757182693290952e-01,1.279910895792158998e+00
7.464999999999999858e+00,1.650000000000000000e+03,1.800000000000000000e+03,-1.991585632195440381e+00,3.512241205471234862e-01,1.267489602809712013e+00
7.482000000000000206e+00,1.650000000000000000e+03,1.800000000000000000e+03,-1.995780966475832141e+00,3.518733823432148577e-01,1.264876923814670651e+00
7.500000000000000000e+00,1.650000000000000000e+03,1.800000000000000000e+03,-1.999602527596660240e+00,3.530364781654123929e-01,1.261272225655025059e+00
7.517000000000000348e+00,1.650000000000000000e+03,1.800000000000000000e+03,-2.004223674182616044e+00,3.537004002783058487e-01,1.258787661776028521e+00
7.535000000000000142e+00,1.650000000000000000e+03,1.800000000000000000e+03,-2.004223674182616044e+00,3.537004002783058487e-01,1.258787661776028521e+00
7.551999999999999602e+00,1.650000000000000000e+03,1.800000000000000000e+03,-2.013063295179279955e+00,3.550184392280951728e-01,1.256891180737448321e+00
7.568999999999999950e+00,1.650000000000000000e+03,1.800000000000000000e+03,-2.013063295179279955e+00,3.550184392280951728e-01,1.256891180737448321e+00
7.586000000000000298e+00,1.650000000000000000e+03,1.800000000000000000e+03,-2.017783678454134755e+00,3.567402281445953838e-01,1.249523970408432438e+00
7.602999999999999758e+00,1.650000000000000000e+03,1.800000000000000000e+03,-2.026280854722979807e+00,3.585812947001852935e-01,1.234550475606470465e+00
7.620000000000000107e+00,1.650000000000000000e+03,1.800000000000000000e+03,-2.026280854722979807e+00,3.585812947001852935e-01,1.234550475606470465e+00
7.637999999999999901e+00,1.650000000000000000e+03,1.800000000000000000e+03,-2.035218448236618460e+00,3.604406848289182230e-01,1.214252882723485305e+00
7.655000000000000249e+00,1.650000000000000000e+03,1.800000000000000000e+03,-2.035218448236618460e+00,3.604406848289182230e-01,1.214252882723485305e+00
7.673000000000000043e+00,1.650000000000000000e+03,1.800000000000000000e+03,-2.039462070599191712e+00,3.611007769723998395e-01,1.224854961351552030e+00
7.689000000000000057e+00,1.650000000000000000e+03,1.800000000000000000e+03,-2.039462070599191712e+00,3.611007769723998395e-01,1.224854961351552030e+00
7.706000000000000405e+00,1.650000000000000000e+03,1.800000000000000000e+03,-2.048530862983565903e+00,3.640311856783741140e-01,1.204210362167792647e+00
7.722999999999999865e+00,1.650000000000000000e+03,1.800000000000000000e+03,-2.048530862983565903e+00,3.640311856783741140e-01,1.204210362167792647e+00
7.740999999999999659e+00,1.650000000000000000e+03,1.800000000000000000e+03,-2.057054638299745442e+00,3.653600459065401429e-01,1.198053140002562245e+00
7.758000000000000007e+00,1.650000000000000000e+03,1.800000000000000000e+03,-2.057054638299745442e+00,3.653600459065401429e-01,1.198053140002562245e+00
7.775999999999999801e+00,1.650000000000000000e+03,1.800000000000000000e+03,-2.061797258630876151e+00,3.665723345773256314e-01,1.193860462901305430e+00
7.793999999999999595e+00,1.650000000000000000e+03,1.800000000000000000e+03,-2.065702316600019905e+00,3.677599164643631235e-01,1.191928579689197853e+00
7.812000000000000277e+00,1.650000000000000000e+03,1.800000000000000000e+03,-2.070403962023973587e+00,3.684416787520842229e-01,1.187637890000190266e+00
7.828999999999999737e+00,1.650000000000000000e+03,1.800000000000000000e+03,-2.074798422563741696e+00,3.701811063017154124e-01,1.180318111326676966e+00
7.847000000000000419e+00,1.650000000000000000e+03,1.800000000000000000e+03,-2.074798422563741696e+00,3.701811063017154124e-01,1.180318111326676966e+00
7.863999999999999879e+00,1.650000000000000000e+03,1.800000000000000000e+03,-2.079031938446482375e+00,3.703164423036503505e-01,1.181449207956680070e+00
7.881999999999999673e+00,1.650000000000000000e+03,1.800000000000000000e+03,-2.087681259668085154e+00,3.721966384586145038e-01,1.160131338955481484e+00
7.899000000000000021e+00,1.650000000000000000e+03,1.800000000000000000e+03,-2.087681259668085154e+00,3.721966384586145038e-01,1.160131338955481484e+00
7.916000000000000369e+00,1.650000000000000000e+03,1.800000000000000000e+03,-2.092103057656621967e+00,3.739447465786002178e-01,1.168055718573510315e+00
7.932999999999999829e+00,1.650000000000000000e+03,1.800000000000000000e+03,-2.114675842329685640e+00,3.784379476503633155e-01,1.135508798219018178e+00
7.950000000000000178e+00,1.650000000000000000e+03,1.800000000000000000e+03,-2.119075479469211487e+00,3.796593198281371651e-01,1.127852105128660964e+00
7.967999999999999972e+00,1.650000000000000000e+03,1.800000000000000000e+03,-2.123053986703199669e+00,3.808685373619568049e-01,1.129368085671665467e+00
7.985000000000000320e+00,1.650000000000000000e+03,1.800000000000000000e+03,-2.123053986703199669e+00,3.808685373619568049e-01,1.129368085671665467e+00
8.002000000000000668e+00,1.650000000000000000e+03,1.800000000000000000e+03,-2.132244387493821947e+00,3.827926542410980959e-01,1.114630034788959501e+00
8.019000000000000128e+00,1.650000000000000000e+03,1.800000000000000000e+03,-2.132244387493821947e+00,3.827926542410980959e-01,1.114630034788959501e+00
8.035999999999999588e+00,1.650000000000000000e+03,1.800000000000000000e+03,-2.136599102417054752e+00,3.834781786718753915e-01,1.117759102157573903e+00
8.053000000000000824e+00,1.650000000000000000e+03,1.800000000000000000e+03,-2.141029043045811431e+00,3.847081520524718856e-01,1.108609565666858865e+00
8.070999999999999730e+00,1.650000000000000000e+03,1.800000000000000000e+03,-2.145895115842497258e+00,3.859545503544584699e-01,1.102936578064614981e+00
8.087999999999999190e+00,1.650000000000000000e+03,1.800000000000000000e+03,-2.150338545764226783e+00,3.871885880927988799e-01,1.104439416368672822e+00
8.105999999999999872e+00,1.650000000000000000e+03,1.800000000000000000e+03,-2.154714504466054947e+00,3.878790186606749790e-01,1.104650769921387887e+00
8.122999999999999332e+00,1.650000000000000000e+03,1.800000000000000000e+03,-2.159676034921651055e+00,3.896773060221644380e-01,1.089808357964477725e+00
8.140000000000000568e+00,1.650000000000000000e+03,1.800000000000000000e+03,-2.159676034921651055e+00,3.896773060221644380e-01,1.089808357964477725e+00
8.157000000000000028e+00,1.650000000000000000e+03,1.800000000000000000e+03,-2.164139594346593309e+00,3.909174343613636138e-01,1.082805046858989595e+00
8.173999999999999488e+00,1.650000000000000000e+03,1.800000000000000000e+03,-2.168455208260097855e+00,3.910644695158179696e-01,1.083821304333429270e+00
8.192000000000000171e+00,1.650000000000000000e+03,1.800000000000000000e+03,-2.172575934688685706e+00,3.928405781813960607e-01,1.085312437707742106e+00
8.208999999999999631e+00,1.650000000000000000e+03,1.800000000000000000e+03,-2.172575934688685706e+00,3.928405781813960607e-01,1.085312437707742106e+00
8.226000000000000867e+00,1.650000000000000000e+03,1.800000000000000000e+03,-2.182059911775813266e+00,3.958981397335538110e-01,1.063215325844919512e+00
8.243000000000000327e+00,1.650000000000000000e+03,1.800000000000000000e+03,-2.187260538354369288e+00,3.960777342175544335e-01,1.064701921980947930e+00
8.260999999999999233e+00,1.650000000000000000e+03,1.800000000000000000e+03,-2.191928269315142952e+00,3.984308237408519249e-01,1.066178770197704129e+00
8.278000000000000469e+00,1.650000000000000000e+03,1.800000000000000000e+03,-2.191928269315142952e+00,3.984308237408519249e-01,1.066178770197704129e+00
8.294999999999999929e+00,1.650000000000000000e+03,1.800000000000000000e+03,-2.191928269315142952e+00,3.984308237408519249e-01,1.066178770197704129e+00
8.313000000000000611e+00,1.650000000000000000e+03,1.800000000000000000e+03,-2.196004584709275065e+00,3.996701175527320737e-01,1.050410071382566812e+00
8.330999999999999517e+00,1.650000000000000000e+03,1.800000000000000000e+03,-2.205567362187812908e+00,4.027537739040468745e-01,1.045287816921677049e+00
8.346999999999999531e+00,1.650000000000000000e+03,1.800000000000000000e+03,-2.205567362187812908e+00,4.027537739040468745e-01,1.045287816921677049e+00
8.365000000000000213e+00,1.650000000000000000e+03,1.800000000000000000e+03,-2.210099568756913158e+00,4.040150492700801399e-01,1.029636129661077426e+00
8.381999999999999673e+00,1.650000000000000000e+03,1.800000000000000000e+03,-2.210099568756913158e+00,4.040150492700801399e-01,1.029636129661077426e+00
8.398999999999999133e+00,1.650000000000000000e+03,1.800000000000000000e+03,-2.214113784080947056e+00,4.047080768457772537e-01,1.039355314663522822e+00
8.414999999999999147e+00,1.650000000000000000e+03,1.800000000000000000e+03,-2.214113784080947056e+00,4.047080768457772537e-01,1.039355314663522822e+00
8.432000000000000384e+00,1.650000000000000000e+03,1.800000000000000000e+03,-2.250606362932763282e+00,4.171105286064994422e-01,9.993205832146371259e-01
8.448999999999999844e+00,1.650000000000000000e+03,1.800000000000000000e+03,-2.259675835670337474e+00,4.213540687340476820e-01,9.765199336202172731e-01
8.467000000000000526e+00,1.650000000000000000e+03,1.800000000000000000e+03,-2.263753130509180700e+00,4.220639238592421849e-01,9.859608300159748984e-01
8.483999999999999986e+00,1.650000000000000000e+03,1.800000000000000000e+03,-2.268683045393264486e+00,4.250509467183626322e-01,9.615670479243594304e-01
8.500999999999999446e+00,1.650000000000000000e+03,1.800000000000000000e+03,-2.268683045393264486e+00,4.250509467183626322e-01,9.615670479243594304e-01
8.519000000000000128e+00,1.650000000000000000e+03,1.800000000000000000e+03,-2.273080778746386699e+00,4.274633804559272443e-01,9.629361707580563756e-01
8.535000000000000142e+00,1.650000000000000000e+03,1.800000000000000000e+03,-2.276733671630550848e+00,4.281623710712419983e-01,9.637854657500796174e-01
8.553000000000000824e+00,1.650000000000000000e+03,1.800000000000000000e+03,-2.281932456934093523e+00,4.300476835070731196e-01,9.477343355466938402e-01
8.570000000000000284e+00,1.650000000000000000e+03,1.800000000000000000e+03,-2.285806698942718818e+00,4.318869248359419322e-01,9.490862915021374135e-01
8.586999999999999744e+00,1.650000000000000000e+03,1.800000000000000000e+03,-2.285806698942718818e+00,4.318869248359419322e-01,9.490862915021374135e-01
8.603999999999999204e+00,1.650000000000000000e+03,1.800000000000000000e+03,-2.294915245437912255e+00,4.356265865850993402e-01,9.336375574201279948e-01
8.621000000000000441e+00,1.650000000000000000e+03,1.800000000000000000e+03,-2.294915245437912255e+00,4.356265865850993402e-01,9.336375574201279948e-01
8.637999999999999901e+00,1.650000000000000000e+03,1.800000000000000000e+03,-2.299368879231076690e+00,4.380658580410842218e-01,9.266069085796415639e-01
8.654999999999999361e+00,1.650000000000000000e+03,1.800000000000000000e+03,-2.303949060452399333e+00,4.388084784621818502e-01,9.259626063067306623e-01
8.672000000000000597e+00,1.650000000000000000e+03,1.800000000000000000e+03,-2.308421250054889740e+00,4.412560310930725427e-01,9.109718494444197789e-01
8.689000000000000057e+00,1.650000000000000000e+03,1.800000000000000000e+03,-2.308421250054889740e+00,4.412560310930725427e-01,9.109718494444197789e-01
8.707000000000000739e+00,1.650000000000000000e+03,1.800000000000000000e+03,-2.317505142798758300e+00,4.444578082811557751e-01,9.113253768404130373e-01
8.724000000000000199e+00,1.650000000000000000e+03,1.800000000000000000e+03,-2.317505142798758300e+00,4.444578082811557751e-01,9.113253768404130373e-01
8.740999999999999659e+00,1.650000000000000000e+03,1.800000000000000000e+03,-2.321442236031808104e+00,4.463253794512275219e-01,9.042782284219426092e-01
8.782000000000000028e+00,1.650000000000000000e+03,1.800000000000000000e+03,-2.326853320533234459e+00,4.488269091347368844e-01,8.976826593942811572e-01
8.823999999999999844e+00,1.650000000000000000e+03,1.800000000000000000e+03,-2.330357179184745942e+00,4.506853566527254662e-01,8.907837795868815967e-01
8.840999999999999304e+00,1.650000000000000000e+03,1.800000000000000000e+03,-2.334888476063767371e+00,4.531627730425312750e-01,8.920559200711234427e-01
8.858000000000000540e+00,1.650000000000000000e+03,1.800000000000000000e+03,-2.353208240580920929e+00,4.613965054204393068e-01,8.679274729044730297e-01
8.875000000000000000e+00,1.650000000000000000e+03,1.800000000000000000e+03,-2.353208240580920929e+00,4.613965054204393068e-01,8.679274729044730297e-01
8.893000000000000682e+00,1.650000000000000000e+03,1.800000000000000000e+03,-2.362590731715363823e+00,4.652556715459047476e-01,8.513891602333509834e-01
8.910999999999999588e+00,1.650000000000000000e+03,1.800000000000000000e+03,-2.384740690744650227e+00,4.754999991699876416e-01,8.299808431681829912e-01
8.928000000000000824e+00,1.650000000000000000e+03,1.800000000000000000e+03,-2.389722319074067958e+00,4.774657732870607463e-01,8.236534420068979401e-01
8.945000000000000284e+00,1.650000000000000000e+03,1.800000000000000000e+03,-2.394254766061463258e+00,4.794167875406182278e-01,7.940551535686422024e-01
8.962999999999999190e+00,1.650000000000000000e+03,1.800000000000000000e+03,-2.398931482710013441e+00,4.819672286271566852e-01,7.951649253691797092e-01
8.980000000000000426e+00,1.650000000000000000e+03,1.800000000000000000e+03,-2.398931482710013441e+00,4.819672286271566852e-01,7.951649253691797092e-01
8.996999999999999886e+00,1.650000000000000000e+03,1.800000000000000000e+03,-2.403158898482739225e+00,4.845049021520092536e-01,7.962766274748113160e-01
9.012999999999999901e+00,1.650000000000000000e+03,1.800000000000000000e+03,-2.407121574937575836e+00,4.858528806725631588e-01,7.973902394196294985e-01
9.031000000000000583e+00,1.650000000000000000e+03,1.800000000000000000e+03,-2.411829188921925216e+00,4.884196088553941495e-01,7.985057403439215218e-01
9.048000000000000043e+00,1.650000000000000000e+03,1.800000000000000000e+03,-2.416268711030896910e+00,4.897926727735492092e-01,7.798807478779892222e-01
9.066000000000000725e+00,1.650000000000000000e+03,1.800000000000000000e+03,-2.416268711030896910e+00,4.897926727735492092e-01,7.798807478779892222e-01
9.083000000000000185e+00,1.650000000000000000e+03,1.800000000000000000e+03,-2.426201686543786096e+00,4.949726755254179045e-01,7.747927160452978690e-01
9.101000000000000867e+00,1.650000000000000000e+03,1.800000000000000000e+03,-2.426201686543786096e+00,4.949726755254179045e-01,7.747927160452978690e-01
9.118000000000000327e+00,1.650000000000000000e+03,1.800000000000000000e+03,-2.429881466494297371e+00,4.969195375243277146e-01,7.684210950940789653e-01
9.134999999999999787e+00,1.650000000000000000e+03,1.800000000000000000e+03,-2.429881466494297371e+00,4.969195375243277146e-01,7.684210950940789653e-01
9.153000000000000469e+00,1.650000000000000000e+03,1.800000000000000000e+03,-2.434498751891010393e+00,4.989097788614295093e-01,7.694820566735881551e-01
9.169999999999999929e+00,1.650000000000000000e+03,1.800000000000000000e+03,-2.438513664923051216e+00,5.002786910442827972e-01,7.509160482872245801e-01
9.186999999999999389e+00,1.650000000000000000e+03,1.800000000000000000e+03,-2.443295066223266865e+00,5.028825778324806928e-01,7.519433565495613481e-01
9.204000000000000625e+00,1.650000000000000000e+03,1.800000000000000000e+03,-2.452744334106792490e+00,5.075008177393710573e-01,7.540023467689420666e-01
9.221000000000000085e+00,1.650000000000000000e+03,1.800000000000000000e+03,-2.452744334106792490e+00,5.075008177393710573e-01,7.540023467689420666e-01
9.237999999999999545e+00,1.650000000000000000e+03,1.800000000000000000e+03,-2.457560757921929628e+00,5.101231884728817390e-01,7.550339759275915830e-01
9.256000000000000227e+00,1.650000000000000000e+03,1.800000000000000000e+03,-2.457560757921929628e+00,5.101231884728817390e-01,7.550339759275915830e-01
9.272999999999999687e+00,1.650000000000000000e+03,1.800000000000000000e+03,-2.465666442887886056e+00,5.147129709198742242e-01,7.321138942421621110e-01
9.289999999999999147e+00,1.650000000000000000e+03,1.800000000000000000e+03,-2.465666442887886056e+00,5.147129709198742242e-01,7.321138942421621110e-01
9.307999999999999829e+00,1.650000000000000000e+03,1.800000000000000000e+03,-2.474279227515030488e+00,5.193438207640178605e-01,7.268607459321226871e-01
9.324999999999999289e+00,1.650000000000000000e+03,1.800000000000000000e+03,-2.478993672258353875e+00,5.213796491450944925e-01,7.278378973224119974e-01
9.342000000000000526e+00,1.650000000000000000e+03,1.800000000000000000e+03,-2.484034758929874354e+00,5.246557452372607733e-01,7.164233992665028916e-01
9.358999999999999986e+00,1.650000000000000000e+03,1.800000000000000000e+03,-2.484034758929874354e+00,5.246557452372607733e-01,7.164233992665028916e-01
9.377000000000000668e+00,1.650000000000000000e+03,1.800000000000000000e+03,-2.484034758929874354e+00,5.246557452372607733e-01,7.164233992665028916e-01
9.394000000000000128e+00,1.650000000000000000e+03,1.800000000000000000e+03,-2.492095530105356449e+00,5.286894991155223211e-01,6.912059196708539854e-01
9.410999999999999588e+00,1.650000000000000000e+03,1.800000000000000000e+03,-2.492095530105356449e+00,5.286894991155223211e-01,6.912059196708539854e-01
9.428000000000000824e+00,1.650000000000000000e+03,1.800000000000000000e+03,-2.522944521168454024e+00,5.473950254172764707e-01,6.843528701075539677e-01
9.445000000000000284e+00,1.650000000000000000e+03,1.800000000000000000e+03,-2.527293820305021477e+00,5.494656466584507681e-01,6.852373730263378038e-01
9.462999999999999190e+00,1.650000000000000000e+03,1.800000000000000000e+03,-2.531996446898644670e+00,5.528064691866870772e-01,6.792189715097428637e-01
9.480000000000000426e+00,1.650000000000000000e+03,1.800000000000000000e+03,-2.531996446898644670e+00,5.528064691866870772e-01,6.792189715097428637e-01
9.496999999999999886e+00,1.650000000000000000e+03,1.800000000000000000e+03,-2.536192760055955286e+00,5.542536483867624986e-01,6.599134132771689032e-01
9.515000000000000568e+00,1.650000000000000000e+03,1.800000000000000000e+03,-2.536192760055955286e+00,5.542536483867624986e-01,6.599134132771689032e-01
9.532000000000000028e+00,1.650000000000000000e+03,1.800000000000000000e+03,-2.536192760055955286e+00,5.542536483867624986e-01,6.599134132771689032e-01
9.550000000000000711e+00,1.650000000000000000e+03,1.800000000000000000e+03,-2.539954879817631461e+00,5.575640408742884579e-01,6.542051731535265535e-01
9.567000000000000171e+00,1.650000000000000000e+03,1.800000000000000000e+03,-2.549094063312682401e+00,5.630272628106530730e-01,6.491413035905987394e-01
9.583999999999999631e+00,1.650000000000000000e+03,1.800000000000000000e+03,-2.549094063312682401e+00,5.630272628106530730e-01,6.491413035905987394e-01
9.601000000000000867e+00,1.650000000000000000e+03,1.800000000000000000e+03,-2.552711719346882902e+00,5.657231907709771024e-01,6.365272750971223692e-01
9.618999999999999773e+00,1.650000000000000000e+03,1.800000000000000000e+03,-2.557488986985732460e+00,5.691138366937474879e-01,6.373078851397927513e-01
9.635999999999999233e+00,1.650000000000000000e+03,1.800000000000000000e+03,-2.561794364754691689e+00,5.724914204351300162e-01,6.244909269849536759e-01
9.653000000000000469e+00,1.650000000000000000e+03,1.800000000000000000e+03,-2.561794364754691689e+00,5.724914204351300162e-01,6.244909269849536759e-01
9.669999999999999929e+00,1.650000000000000000e+03,1.800000000000000000e+03,-2.565930275950746076e+00,5.752336834491301731e-01,6.187596297893811492e-01
9.686999999999999389e+00,1.650000000000000000e+03,1.800000000000000000e+03,-2.574907472795100016e+00,5.814109567203608053e-01,6.065290328157054711e-01
9.704000000000000625e+00,1.650000000000000000e+03,1.800000000000000000e+03,-2.574907472795100016e+00,5.814109567203608053e-01,6.065290328157054711e-01
9.721000000000000085e+00,1.650000000000000000e+03,1.800000000000000000e+03,-2.578890566808907714e+00,5.835256202306547957e-01,5.868407068211469735e-01
9.737999999999999545e+00,1.650000000000000000e+03,1.800000000000000000e+03,-2.578890566808907714e+00,5.835256202306547957e-01,5.868407068211469735e-01
9.755000000000000782e+00,1.650000000000000000e+03,1.800000000000000000e+03,-2.582766244621941709e+00,5.869227863747500384e-01,6.078221928028478827e-01
9.772999999999999687e+00,1.650000000000000000e+03,1.800000000000000000e+03,-2.592029506723828813e+00,5.938204087826280952e-01,5.953191946425573366e-01
9.789999999999999147e+00,1.650000000000000000e+03,1.800000000000000000e+03,-2.595750869999255972e+00,5.965912598146213552e-01,5.897212944102726562e-01
9.807000000000000384e+00,1.650000000000000000e+03,1.800000000000000000e+03,-2.595750869999255972e+00,5.965912598146213552e-01,5.897212944102726562e-01
9.823999999999999844e+00,1.650000000000000000e+03,1.800000000000000000e+03,-2.595750869999255972e+00,5.965912598146213552e-01,5.897212944102726562e-01
9.842000000000000526e+00,1.650000000000000000e+03,1.800000000000000000e+03,-2.599975552821037539e+00,5.993936581954238951e-01,5.763925527654825132e-01
9.858000000000000540e+00,1.650000000000000000e+03,1.800000000000000000e+03,-2.599975552821037539e+00,5.993936581954238951e-01,5.763925527654825132e-01
9.875999999999999446e+00,1.650000000000000000e+03,1.800000000000000000e+03,-2.612611926491029912e+00,6.091444717482673576e-01,5.581005248788805106e-01
9.893000000000000682e+00,1.650000000000000000e+03,1.800000000000000000e+03,-2.612611926491029912e+00,6.091444717482673576e-01,5.581005248788805106e-01
9.910999999999999588e+00,1.650000000000000000e+03,1.800000000000000000e+03,-2.645991838431757781e+00,6.332933820940761516e-01,5.131591122393495130e-01
9.928000000000000824e+00,1.650000000000000000e+03,1.800000000000000000e+03,-2.650856998120740826e+00,6.362156072489276726e-01,5.136534636964208422e-01
9.945000000000000284e+00,1.650000000000000000e+03,1.800000000000000000e+03,-2.650856998120740826e+00,6.362156072489276726e-01,5.136534636964208422e-01
9.961999999999999744e+00,1.650000000000000000e+03,1.800000000000000000e+03,-2.654724714868103241e+00,6.390919283182264765e-01,4.995466689906802316e-01
9.978999999999999204e+00,1.650000000000000000e+03,1.800000000000000000e+03,-2.654724714868103241e+00,6.390919283182264765e-01,4.995466689906802316e-01
9.996000000000000441e+00,1.650000000000000000e+03,1.800000000000000000e+03,-2.658813825937834885e+00,6.426569111255094890e-01,4.945171566717287970e-01
1.001299999999999990e+01,1.650000000000000000e+03,1.800000000000000000e+03,-2.663422799697451548e+00,6.462599326855374970e-01,5.004197804017426199e-01
1.003100000000000058e+01,1.650000000000000000e+03,1.800000000000000000e+03,-2.667323761545660865e+00,6.491613992748593853e-01,4.861232346978542340e-01
1.004800000000000004e+01,1.650000000000000000e+03,1.800000000000000000e+03,-2.671743776633262790e+00,6.520977962168340580e-01,4.811526908326041463e-01
1.006499999999999950e+01,1.650000000000000000e+03,1.800000000000000000e+03,-2.675882831173252985e+00,6.557027167749401864e-01,4.815327508313612670e-01
1.008200000000000074e+01,1.650000000000000000e+03,1.800000000000000000e+03,-2.680545734929704604e+00,6.593466105278448230e-01,4.724571901158998166e-01
1.009900000000000020e+01,1.650000000000000000e+03,1.800000000000000000e+03,-2.680545734929704604e+00,6.593466105278448230e-01,4.724571901158998166e-01
1.011700000000000088e+01,1.650000000000000000e+03,1.800000000000000000e+03,-2.684491560860093440e+00,6.622812279231947707e-01,4.675496996299949304e-01
1.013400000000000034e+01,1.650000000000000000e+03,1.800000000000000000e+03,-2.684491560860093440e+00,6.622812279231947707e-01,4.675496996299949304e-01
1.015099999999999980e+01,1.650000000000000000e+03,1.800000000000000000e+03,-2.688447676901327910e+00,6.652233393466630007e-01,4.679061001922504848e-01
1.016799999999999926e+01,1.650000000000000000e+03,1.800000000000000000e+03,-2.691900594941605718e+00,6.681444925383775990e-01,4.682620875844901165e-01
1.018500000000000050e+01,1.650000000000000000e+03,1.800000000000000000e+03,-2.696905428662558446e+00,6.711588425103761635e-01,4.634116182078045210e-01
1.020199999999999996e+01,1.650000000000000000e+03,1.800000000000000000e+03,-2.700828915636307670e+00,6.754935116398989026e-01,4.540430926628321595e-01
1.021899999999999942e+01,1.650000000000000000e+03,1.800000000000000000e+03,-2.708840361682947950e+00,6.814526649220308263e-01,4.396336159783705289e-01
1.023600000000000065e+01,1.650000000000000000e+03,1.800000000000000000e+03,-2.708840361682947950e+00,6.814526649220308263e-01,4.396336159783705289e-01
1.025300000000000011e+01,1.650000000000000000e+03,1.800000000000000000e+03,-2.717125120854604781e+00,6.881491529758688719e-01,4.352407981984253160e-01
1.026999999999999957e+01,1.650000000000000000e+03,1.800000000000000000e+03,-2.717125120854604781e+00,6.881491529758688719e-01,4.352407981984253160e-01
1.028700000000000081e+01,1.650000000000000000e+03,1.800000000000000000e+03,-2.720881601537090244e+00,6.918361845457833281e-01,4.204585044002771554e-01
1.030400000000000027e+01,1.650000000000000000e+03,1.800000000000000000e+03,-2.725170901692681724e+00,6.955644308461151892e-01,4.207340995949430673e-01
1.032199999999999918e+01,1.650000000000000000e+03,1.800000000000000000e+03,-2.728716622041207795e+00,6.985614556555143073e-01,4.210089202516943963e-01
1.033999999999999986e+01,1.650000000000000000e+03,1.800000000000000000e+03,-2.733030863373127950e+00,7.023107502352731180e-01,4.060764666996807271e-01
1.035800000000000054e+01,1.650000000000000000e+03,1.800000000000000000e+03,-2.737358957030607165e+00,7.060718024568582996e-01,4.016227407410049022e-01
1.037400000000000055e+01,1.650000000000000000e+03,1.800000000000000000e+03,-2.737358957030607165e+00,7.060718024568582996e-01,4.016227407410049022e-01
1.039199999999999946e+01,1.650000000000000000e+03,1.800000000000000000e+03,-2.744523274266450485e+00,7.121265169203351286e-01,4.021063393659509710e-01
1.040900000000000070e+01,1.650000000000000000e+03,1.800000000000000000e+03,-2.768016346804679895e+00,7.341652452732675416e-01,3.574340107777381204e-01
1.042699999999999960e+01,1.650000000000000000e+03,1.800000000000000000e+03,-2.772177759401370789e+00,7.387288100112553435e-01,3.732529715897918710e-01
1.044500000000000028e+01,1.650000000000000000e+03,1.800000000000000000e+03,-2.776102589250432739e+00,7.425718379967133354e-01,3.579758109216485962e-01
1.046199999999999974e+01,1.650000000000000000e+03,1.800000000000000000e+03,-2.776102589250432739e+00,7.425718379967133354e-01,3.579758109216485962e-01
1.047899999999999920e+01,1.650000000000000000e+03,1.800000000000000000e+03,-2.776102589250432739e+00,7.425718379967133354e-01,3.579758109216485962e-01
1.049600000000000044e+01,1.650000000000000000e+03,1.800000000000000000e+03,-2.783480348611679034e+00,7.488121135607211931e-01,3.425725648253365452e-01
1.051299999999999990e+01,1.650000000000000000e+03,1.800000000000000000e+03,-2.783480348611679034e+00,7.488121135607211931e-01,3.425725648253365452e-01
1.053100000000000058e+01,1.650000000000000000e+03,1.800000000000000000e+03,-2.787159039729881993e+00,7.533962005453750388e-01,3.471527745928770781e-01
1.054800000000000004e+01,1.650000000000000000e+03,1.800000000000000000e+03,-2.787159039729881993e+00,7.533962005453750388e-01,3.471527745928770781e-01
1.056499999999999950e+01,1.650000000000000000e+03,1.800000000000000000e+03,-2.791131891313329838e+00,7.572850545516164322e-01,3.472961981348868798e-01
1.058200000000000074e+01,1.650000000000000000e+03,1.800000000000000000e+03,-2.795117552862729671e+00,7.611861228618242992e-01,3.316698972192640982e-01
1.059999999999999964e+01,1.650000000000000000e+03,1.800000000000000000e+03,-2.798315354456121007e+00,7.643158158808734948e-01,3.317875516317611018e-01
1.061700000000000088e+01,1.650000000000000000e+03,1.800000000000000000e+03,-2.802324258898178932e+00,7.682390356722196278e-01,3.278404835470874468e-01
1.063400000000000034e+01,1.650000000000000000e+03,1.800000000000000000e+03,-2.802324258898178932e+00,7.682390356722196278e-01,3.278404835470874468e-01
1.065099999999999980e+01,1.650000000000000000e+03,1.800000000000000000e+03,-2.809558932666643472e+00,7.768088380261711778e-01,3.123414221079844899e-01
1.066799999999999926e+01,1.650000000000000000e+03,1.800000000000000000e+03,-2.809558932666643472e+00,7.768088380261711778e-01,3.123414221079844899e-01
1.068500000000000050e+01,1.650000000000000000e+03,1.800000000000000000e+03,-2.813618680212686129e+00,7.792902314512838435e-01,3.124250131516599360e-01
1.070199999999999996e+01,1.650000000000000000e+03,1.800000000000000000e+03,-2.816586611319260136e+00,7.831900829640227046e-01,3.005939140951170430e-01
1.072000000000000064e+01,1.650000000000000000e+03,1.800000000000000000e+03,-2.819832214887362909e+00,7.878638789196849013e-01,2.968822895588340005e-01
1.073600000000000065e+01,1.650000000000000000e+03,1.800000000000000000e+03,-2.824192100351567536e+00,7.911325474414986347e-01,2.811445777086182818e-01
1.075399999999999956e+01,1.650000000000000000e+03,1.800000000000000000e+03,-2.824192100351567536e+00,7.911325474414986347e-01,2.811445777086182818e-01
1.077100000000000080e+01,1.650000000000000000e+03,1.800000000000000000e+03,-2.827467447623186914e+00,7.943379907039335164e-01,2.811780561618338337e-01
1.078800000000000026e+01,1.650000000000000000e+03,1.800000000000000000e+03,-2.827467447623186914e+00,7.943379907039335164e-01,2.811780561618338337e-01
1.080499999999999972e+01,1.650000000000000000e+03,1.800000000000000000e+03,-2.834590502088253583e+00,8.038200258890785266e-01,2.654855943781093686e-01
1.082199999999999918e+01,1.650000000000000000e+03,1.800000000000000000e+03,-2.838172052249588795e+00,8.063211449803883157e-01,2.654928986928678514e-01
1.083900000000000041e+01,1.650000000000000000e+03,1.800000000000000000e+03,-2.838172052249588795e+00,8.063211449803883157e-01,2.654928986928678514e-01
1.085599999999999987e+01,1.650000000000000000e+03,1.800000000000000000e+03,-2.842593367328620779e+00,8.111533062661525628e-01,2.654982450315176434e-01
1.087299999999999933e+01,1.650000000000000000e+03,1.800000000000000000e+03,-2.844808899761187782e+00,8.128178743240815907e-01,2.338098039610570777e-01
1.089000000000000057e+01,1.650000000000000000e+03,1.800000000000000000e+03,-2.848980142766591506e+00,8.184169881622508358e-01,2.496980943534450881e-01
1.090799999999999947e+01,1.650000000000000000e+03,1.800000000000000000e+03,-2.848980142766591506e+00,8.184169881622508358e-01,2.496980943534450881e-01
1.092500000000000071e+01,1.650000000000000000e+03,1.800000000000000000e+03,-2.877173755996974336e+00,8.496002567389112636e-01,2.047017725944999533e-01
1.094200000000000017e+01,1.650000000000000000e+03,1.800000000000000000e+03,-2.881184616282824074e+00,8.545573747500282424e-01,2.207689688006228002e-01
1.095899999999999963e+01,1.650000000000000000e+03,1.800000000000000000e+03,-2.883784368994181779e+00,8.586486218744545651e-01,2.046476055570006225e-01
1.097700000000000031e+01,1.650000000000000000e+03,1.800000000000000000e+03,-2.887796897202176361e+00,8.620687396506870881e-01,2.045492874478685164e-01
1.099399999999999977e+01,1.650000000000000000e+03,1.800000000000000000e+03,-2.892118570337839145e+00,8.663060006827175696e-01,2.044485430730149655e-01
1.101200000000000045e+01,1.650000000000000000e+03,1.800000000000000000e+03,-2.895046415813801399e+00,8.712439854316954557e-01,1.883068000178179102e-01
1.102800000000000047e+01,1.650000000000000000e+03,1.800000000000000000e+03,-2.898825456470602191e+00,8.754695823896080364e-01,1.881821791439806657e-01
1.104599999999999937e+01,1.650000000000000000e+03,1.800000000000000000e+03,-2.898825456470602191e+00,8.754695823896080364e-01,1.881821791439806657e-01
1.106300000000000061e+01,1.650000000000000000e+03,1.800000000000000000e+03,-2.898825456470602191e+00,8.754695823896080364e-01,1.881821791439806657e-01
1.108000000000000007e+01,1.650000000000000000e+03,1.800000000000000000e+03,-2.902045495998469171e+00,8.796669471550103703e-01,1.746491622283815881e-01
1.109699999999999953e+01,1.650000000000000000e+03,1.800000000000000000e+03,-2.905275939959321985e+00,8.838774808064823185e-01,1.719031351300304433e-01
1.111400000000000077e+01,1.650000000000000000e+03,1.800000000000000000e+03,-2.912074726020021043e+00,8.931616267215510829e-01,1.717031830728807662e-01
1.113199999999999967e+01,1.650000000000000000e+03,1.800000000000000000e+03,-2.915298492960034960e+00,8.958065204218129685e-01,1.715476349020479963e-01
1.114899999999999913e+01,1.650000000000000000e+03,1.800000000000000000e+03,-2.915298492960034960e+00,8.958065204218129685e-01,1.715476349020479963e-01
1.116600000000000037e+01,1.650000000000000000e+03,1.800000000000000000e+03,-2.918302903996963238e+00,9.008526800344150987e-01,1.553569659011037329e-01
1.118299999999999983e+01,1.650000000000000000e+03,1.800000000000000000e+03,-2.922164633404528811e+00,9.051738267322323450e-01,1.551781424377205176e-01
1.120100000000000051e+01,1.650000000000000000e+03,1.800000000000000000e+03,-2.925147580507111655e+00,9.086321804776070765e-01,1.551310036840676532e-01
1.121899999999999942e+01,1.650000000000000000e+03,1.800000000000000000e+03,-2.928498965772593721e+00,9.145616931543679717e-01,1.412283998567849252e-01
1.123600000000000065e+01,1.650000000000000000e+03,1.800000000000000000e+03,-2.928498965772593721e+00,9.145616931543679717e-01,1.412283998567849252e-01
1.125300000000000011e+01,1.650000000000000000e+03,1.800000000000000000e+03,-2.931500971360570862e+00,9.180441508540556628e-01,1.387488034018773686e-01
1.126999999999999957e+01,1.650000000000000000e+03,1.800000000000000000e+03,-2.931500971360570862e+00,9.180441508540556628e-01,1.387488034018773686e-01
1.128700000000000081e+01,1.650000000000000000e+03,1.800000000000000000e+03,-2.938165363165780697e+00,9.267224227403491055e-01,1.223846402170685327e-01
1.130400000000000027e+01,1.650000000000000000e+03,1.800000000000000000e+03,-2.938165363165780697e+00,9.267224227403491055e-01,1.223846402170685327e-01
1.132099999999999973e+01,1.650000000000000000e+03,1.800000000000000000e+03,-2.943701123959986177e+00,9.353646389400308570e-01,1.081321581552432270e-01
1.133799999999999919e+01,1.650000000000000000e+03,1.800000000000000000e+03,-2.947657373444956264e+00,9.397983891418874025e-01,1.078852841243085059e-01
1.135599999999999987e+01,1.650000000000000000e+03,1.800000000000000000e+03,-2.950125931063475093e+00,9.433002437688718933e-01,1.077768952832979382e-01
1.137299999999999933e+01,1.650000000000000000e+03,1.800000000000000000e+03,-2.953251031251908909e+00,9.485228248610589885e-01,9.154093713727819159e-02
1.139100000000000001e+01,1.650000000000000000e+03,1.800000000000000000e+03,-2.956652392720330536e+00,9.529527320627259046e-01,1.073040597454172768e-01
1.140900000000000070e+01,1.650000000000000000e+03,1.800000000000000000e+03,-2.974311786550885017e+00,9.795910142642351159e-01,7.571398287465472277e-02
1.142600000000000016e+01,1.650000000000000000e+03,1.800000000000000000e+03,-2.974311786550885017e+00,9.795910142642351159e-01,7.571398287465472277e-02
1.144400000000000084e+01,1.650000000000000000e+03,1.800000000000000000e+03,-2.979737745390777626e+00,9.876870406965475579e-01,6.071496620368167091e-02
1.146199999999999974e+01,1.650000000000000000e+03,1.800000000000000000e+03,-2.982972060677091530e+00,9.930768902123571218e-01,5.887201040937868612e-02
1.147899999999999920e+01,1.650000000000000000e+03,1.800000000000000000e+03,-2.985536881478461968e+00,9.967151291933088464e-01,5.869764718509983686e-02
1.149699999999999989e+01,1.650000000000000000e+03,1.800000000000000000e+03,-2.985536881478461968e+00,9.967151291933088464e-01,5.869764718509983686e-02
1.151299999999999990e+01,1.650000000000000000e+03,1.800000000000000000e+03,-2.988793221885965856e+00,1.002139320528625088e+00,4.375524794545068707e-02
1.153100000000000058e+01,1.650000000000000000e+03,1.800000000000000000e+03,-2.994046857374783155e+00,1.011208294194327006e+00,2.719509212337600443e-02
1.154800000000000004e+01,1.650000000000000000e+03,1.800000000000000000e+03,-2.994046857374783155e+00,1.011208294194327006e+00,2.719509212337600443e-02
1.156499999999999950e+01,1.650000000000000000e+03,1.800000000000000000e+03,-2.996036504360117814e+00,1.014841535757864843e+00,2.698235671112043238e-02
1.158200000000000074e+01,1.650000000000000000e+03,1.800000000000000000e+03,-2.999595152073764925e+00,1.019487355666555572e+00,2.543390704537478245e-02
1.159999999999999964e+01,1.650000000000000000e+03,1.800000000000000000e+03,-2.999595152073764925e+00,1.019487355666555572e+00,2.543390704537478245e-02
1.161700000000000088e+01,1.650000000000000000e+03,1.800000000000000000e+03,-3.002207238724253102e+00,1.023194191578262302e+00,2.640680938933645527e-02
1.163400000000000034e+01,1.650000000000000000e+03,1.800000000000000000e+03,-3.002207238724253102e+00,1.023194191578262302e+00,2.640680938933645527e-02
1.165099999999999980e+01,1.650000000000000000e+03,1.800000000000000000e+03,-3.007285697379001199e+00,1.033251703875472938e+00,9.879977272110580452e-03
1.166799999999999926e+01,1.650000000000000000e+03,1.800000000000000000e+03,-3.007285697379001199e+00,1.033251703875472938e+00,9.879977272110580452e-03
1.168500000000000050e+01,1.650000000000000000e+03,1.800000000000000000e+03,-3.013273573147439599e+00,1.042572817608597102e+00,-5.668736648623471513e-03
1.170199999999999996e+01,1.650000000000000000e+03,1.800000000000000000e+03,-3.013273573147439599e+00,1.042572817608597102e+00,-5.668736648623471513e-03
1.172000000000000064e+01,1.650000000000000000e+03,1.800000000000000000e+03,-3.015310952206770256e+00,1.046285656863415792e+00,-5.923223674063627861e-03
1.173600000000000065e+01,1.650000000000000000e+03,1.800000000000000000e+03,-3.018943814242216916e+00,1.051035789095515760e+00,-5.279078397939815197e-03
1.175300000000000011e+01,1.650000000000000000e+03,1.800000000000000000e+03,-3.020736590037771840e+00,1.055636653176345252e+00,-2.169517121006152641e-02
1.176999999999999957e+01,1.650000000000000000e+03,1.800000000000000000e+03,-3.023772308202354875e+00,1.060362468744124875e+00,-6.050198823781266846e-03
1.178700000000000081e+01,1.650000000000000000e+03,1.800000000000000000e+03,-3.023772308202354875e+00,1.060362468744124875e+00,-6.050198823781266846e-03
1.180499999999999972e+01,1.650000000000000000e+03,1.800000000000000000e+03,-3.026456216803870447e+00,1.064176628017997839e+00,-7.359805503246464112e-03
1.182199999999999918e+01,1.650000000000000000e+03,1.800000000000000000e+03,-3.031074543170459101e+00,1.074463557635840782e+00,-2.307683481483544657e-02
1.183900000000000041e+01,1.650000000000000000e+03,1.800000000000000000e+03,-3.031074543170459101e+00,1.074463557635840782e+00,-2.307683481483544657e-02
1.185599999999999987e+01,1.650000000000000000e+03,1.800000000000000000e+03,-3.036864350142825408e+00,1.083114997750641351e+00,-2.378438124952547000e-02
1.187299999999999933e+01,1.650000000000000000e+03,1.800000000000000000e+03,-3.036864350142825408e+00,1.083114997750641351e+00,-2.378438124952547000e-02
1.189000000000000057e+01,1.650000000000000000e+03,1.800000000000000000e+03,-3.039074997151113511e+00,1.088757494797937486e+00,-3.943747803978364663e-02
1.190700000000000003e+01,1.650000000000000000e+03,1.800000000000000000e+03,-3.039074997151113511e+00,1.088757494797937486e+00,-3.943747803978364663e-02
1.192399999999999949e+01,1.650000000000000000e+03,1.800000000000000000e+03,-3.054564017316780067e+00,1.115846544371528193e+00,-5.755582542220209069e-02
1.194100000000000072e+01,1.650000000000000000e+03,1.800000000000000000e+03,-3.056834268619014860e+00,1.121612633284365224e+00,-7.343845856268145511e-02
1.195800000000000018e+01,1.650000000000000000e+03,1.800000000000000000e+03,-3.058987804123898258e+00,1.125529466095490871e+00,-7.377885166490417979e-02
1.197499999999999964e+01,1.650000000000000000e+03,1.800000000000000000e+03,-3.061147196773937651e+00,1.129456581022878936e+00,-7.412053799806794796e-02
1.199200000000000088e+01,1.650000000000000000e+03,1.800000000000000000e+03,-3.061147196773937651e+00,1.129456581022878936e+00,-7.412053799806794796e-02
1.200999999999999979e+01,1.650000000000000000e+03,1.800000000000000000e+03,-3.063695358591449924e+00,1.134364619808386543e+00,-7.446352493300566200e-02
1.202699999999999925e+01,1.650000000000000000e+03,1.800000000000000000e+03,-3.067923651923971207e+00,1.145081508891451438e+00,-9.113426140891756067e-02
1.204499999999999993e+01,1.650000000000000000e+03,1.800000000000000000e+03,-3.071138019006634856e+00,1.150102966215856171e+00,-7.584862753745645614e-02
1.206199999999999939e+01,1.650000000000000000e+03,1.800000000000000000e+03,-3.071138019006634856e+00,1.150102966215856171e+00,-7.584862753745645614e-02
1.208000000000000007e+01,1.650000000000000000e+03,1.800000000000000000e+03,-3.071138019006634856e+00,1.150102966215856171e+00,-7.584862753745645614e-02
1.209699999999999953e+01,1.650000000000000000e+03,1.800000000000000000e+03,-3.072825017448431506e+00,1.155936113526749409e+00,-9.198779865213367601e-02
1.211400000000000077e+01,1.650000000000000000e+03,1.800000000000000000e+03,-3.075025796526341892e+00,1.159942775690601113e+00,-9.235363551427419604e-02
1.213199999999999967e+01,1.650000000000000000e+03,1.800000000000000000e+03,-3.077624099154415038e+00,1.164950095716798639e+00,-9.261562839617151766e-02
1.214899999999999913e+01,1.650000000000000000e+03,1.800000000000000000e+03,-3.080231300794781468e+00,1.169973950845430544e+00,-9.298442164539962029e-02
1.216600000000000037e+01,1.650000000000000000e+03,1.800000000000000000e+03,-3.080231300794781468e+00,1.169973950845430544e+00,-9.298442164539962029e-02
1.218299999999999983e+01,1.650000000000000000e+03,1.800000000000000000e+03,-3.083527047358390227e+00,1.179875744663779091e+00,-1.097962952655834046e-01
1.219999999999999929e+01,1.650000000000000000e+03,1.800000000000000000e+03,-3.083527047358390227e+00,1.179875744663779091e+00,-1.097962952655834046e-01
1.221700000000000053e+01,1.650000000000000000e+03,1.800000000000000000e+03,-3.085760464721150065e+00,1.183945653841588452e+00,-1.101836840784649885e-01
1.223399999999999999e+01,1.650000000000000000e+03,1.800000000000000000e+03,-3.088544405524364045e+00,1.190978468977686333e+00,-1.265620136517676964e-01
1.225200000000000067e+01,1.650000000000000000e+03,1.800000000000000000e+03,-3.091193221346329345e+00,1.196087862609677810e+00,-1.269667807805111570e-01
1.226900000000000013e+01,1.650000000000000000e+03,1.800000000000000000e+03,-3.091890699738852000e+00,1.201013225177420818e+00,-1.274708204625295827e-01
1.228599999999999959e+01,1.650000000000000000e+03,1.800000000000000000e+03,-3.091890699738852000e+00,1.201013225177420818e+00,-1.274708204625295827e-01
1.230300000000000082e+01,1.650000000000000000e+03,1.800000000000000000e+03,-3.096822472168350160e+00,1.210295311945766894e+00,-1.442451800502203840e-01
1.232000000000000028e+01,1.650000000000000000e+03,1.800000000000000000e+03,-3.096822472168350160e+00,1.210295311945766894e+00,-1.442451800502203840e-01
1.235899999999999999e+01,1.650000000000000000e+03,1.800000000000000000e+03,-3.099097327238347077e+00,1.214446356361800650e+00,-1.446695260746648226e-01
1.237599999999999945e+01,1.650000000000000000e+03,1.800000000000000000e+03,-3.099097327238347077e+00,1.214446356361800650e+00,-1.446695260746648226e-01
1.239600000000000080e+01,1.650000000000000000e+03,1.800000000000000000e+03,-3.099097327238347077e+00,1.214446356361800650e+00,-1.446695260746648226e-01
1.241300000000000026e+01,1.650000000000000000e+03,1.800000000000000000e+03,-3.099097327238347077e+00,1.214446356361800650e+00,-1.446695260746648226e-01
1.243399999999999928e+01,1.650000000000000000e+03,1.800000000000000000e+03,-3.104138424202321112e+00,1.228751731514973855e+00,-1.625792087877765135e-01
1.245199999999999996e+01,1.650000000000000000e+03,1.800000000000000000e+03,-3.104138424202321112e+00,1.228751731514973855e+00,-1.625792087877765135e-01
1.246899999999999942e+01,1.650000000000000000e+03,1.800000000000000000e+03,-3.116866788685476841e+00,1.264064715907789793e+00,-1.978990640856105598e-01
1.248600000000000065e+01,1.650000000000000000e+03,1.800000000000000000e+03,-3.119210508581300445e+00,1.268360429784508803e+00,-1.983780312449151262e-01
1.250300000000000011e+01,1.650000000000000000e+03,1.800000000000000000e+03,-3.120890451721725967e+00,1.272594922392185524e+00,-1.988585972129570667e-01
1.251999999999999957e+01,1.650000000000000000e+03,1.800000000000000000e+03,-3.122075297139893291e+00,1.278820365557746808e+00,-1.838912910648396459e-01
1.253700000000000081e+01,1.650000000000000000e+03,1.800000000000000000e+03,-3.122075297139893291e+00,1.278820365557746808e+00,-1.838912910648396459e-01
1.255499999999999972e+01,1.650000000000000000e+03,1.800000000000000000e+03,-3.126058235854997758e+00,1.290492991302328640e+00,-2.014993063285216990e-01
1.257099999999999973e+01,1.650000000000000000e+03,1.800000000000000000e+03,-3.126058235854997758e+00,1.290492991302328640e+00,-2.014993063285216990e-01
1.258799999999999919e+01,1.650000000000000000e+03,1.800000000000000000e+03,-3.127333850316976083e+00,1.293711419443511978e+00,-2.172193324339052600e-01
1.260599999999999987e+01,1.650000000000000000e+03,1.800000000000000000e+03,-3.129715137394712521e+00,1.298087967953592603e+00,-2.177190512506549380e-01
1.262299999999999933e+01,1.650000000000000000e+03,1.800000000000000000e+03,-3.129715137394712521e+00,1.298087967953592603e+00,-2.177190512506549380e-01
1.264000000000000057e+01,1.650000000000000000e+03,1.800000000000000000e+03,-3.130927386836339643e+00,1.304410213938945517e+00,-2.335807194844921886e-01
1.265700000000000003e+01,1.650000000000000000e+03,1.800000000000000000e+03,-3.133865560634779612e+00,1.315102547067680039e+00,-2.357465565087125126e-01
1.267500000000000071e+01,1.650000000000000000e+03,1.800000000000000000e+03,-3.136639806302400579e+00,1.323752655277798507e+00,-2.355606087120235281e-01
1.269200000000000017e+01,1.650000000000000000e+03,1.800000000000000000e+03,-3.136639806302400579e+00,1.323752655277798507e+00,-2.355606087120235281e-01
1.270899999999999963e+01,1.650000000000000000e+03,1.800000000000000000e+03,-3.138125267422240405e+00,1.329152834025654428e+00,-2.372200048903780889e-01
1.272600000000000087e+01,1.650000000000000000e+03,1.800000000000000000e+03,-3.139615837585819413e+00,1.334570533992166741e+00,-2.544255486006158917e-01
1.274300000000000033e+01,1.650000000000000000e+03,1.800000000000000000e+03,-3.139615837585819413e+00,1.334570533992166741e+00,-2.544255486006158917e-01
1.275999999999999979e+01,1.650000000000000000e+03,1.800000000000000000e+03,-3.141360372108717769e+00,1.338980401168735401e+00,-2.549589045551738375e-01
1.277699999999999925e+01,1.650000000000000000e+03,1.800000000000000000e+03,-3.141487946362776285e+00,1.344271771882508126e+00,-2.554225283387013268e-01
1.279400000000000048e+01,1.650000000000000000e+03,1.800000000000000000e+03,-3.143240391153685920e+00,1.348707354060941110e+00,-2.559586746819384473e-01
1.281199999999999939e+01,1.650000000000000000e+03,1.800000000000000000e+03,-3.144749092920327449e+00,1.354188687842612815e+00,-2.578460839672523375e-01
1.282900000000000063e+01,1.650000000000000000e+03,1.800000000000000000e+03,-3.146263029131282085e+00,1.359687959230434728e+00,-2.753196086325276348e-01
1.284600000000000009e+01,1.650000000000000000e+03,1.800000000000000000e+03,-3.146263029131282085e+00,1.359687959230434728e+00,-2.753196086325276348e-01
1.286299999999999955e+01,1.650000000000000000e+03,1.800000000000000000e+03,-3.148170807798774895e+00,1.369534475093037162e+00,-2.763643536539178713e-01
1.288000000000000078e+01,1.650000000000000000e+03,1.800000000000000000e+03,-3.148170807798774895e+00,1.369534475093037162e+00,-2.763643536539178713e-01
1.289700000000000024e+01,1.650000000000000000e+03,1.800000000000000000e+03,-3.160994130155562853e+00,1.415602484199550037e+00,-2.983041094817242000e-01
1.291399999999999970e+01,1.650000000000000000e+03,1.800000000000000000e+03,-3.160994130155562853e+00,1.415602484199550037e+00,-2.983041094817242000e-01
1.293099999999999916e+01,1.650000000000000000e+03,1.800000000000000000e+03,-3.162110716712207115e+00,1.420145658372683251e+00,-3.006407706482320252e-01
1.294800000000000040e+01,1.650000000000000000e+03,1.800000000000000000e+03,-3.162982432262311683e+00,1.425776813095764428e+00,-3.184768575309989691e-01
1.296499999999999986e+01,1.650000000000000000e+03,1.800000000000000000e+03,-3.164563104048585096e+00,1.431512964887098782e+00,-3.170867916314646373e-01
1.298199999999999932e+01,1.650000000000000000e+03,1.800000000000000000e+03,-3.164563104048585096e+00,1.431512964887098782e+00,-3.170867916314646373e-01
1.299900000000000055e+01,1.650000000000000000e+03,1.800000000000000000e+03,-3.164983508034337589e+00,1.436011078859579460e+00,-3.196213644059092140e-01
1.301600000000000001e+01,1.650000000000000000e+03,1.800000000000000000e+03,-3.166112919476053555e+00,1.440608227755092230e+00,-3.222022041856396068e-01
1.303299999999999947e+01,1.650000000000000000e+03,1.800000000000000000e+03,-3.167706476775417723e+00,1.446393955875865611e+00,-3.207713148447353668e-01
1.305100000000000016e+01,1.650000000000000000e+03,1.800000000000000000e+03,-3.168133395851685297e+00,1.450930351269932306e+00,-3.233582083887492353e-01
1.306700000000000017e+01,1.650000000000000000e+03,1.800000000000000000e+03,-3.169735674134277481e+00,1.456750673011379948e+00,-3.239565225195760734e-01
1.308500000000000085e+01,1.650000000000000000e+03,1.800000000000000000e+03,-3.169735674134277481e+00,1.456750673011379948e+00,-3.239565225195760734e-01
1.310200000000000031e+01,1.650000000000000000e+03,1.800000000000000000e+03,-3.169735674134277481e+00,1.456750673011379948e+00,-3.239565225195760734e-01
1.311899999999999977e+01,1.650000000000000000e+03,1.800000000000000000e+03,-3.170631196715180344e+00,1.462501153764211193e+00,-3.245197362382401529e-01
1.313599999999999923e+01,1.650000000000000000e+03,1.800000000000000000e+03,-3.170631196715180344e+00,1.462501153764211193e+00,-3.245197362382401529e-01
1.315399999999999991e+01,1.650000000000000000e+03,1.800000000000000000e+03,-3.171965581078384666e+00,1.472863263293782587e+00,-3.432144361229064744e-01
1.317099999999999937e+01,1.650000000000000000e+03,1.800000000000000000e+03,-3.173118050478650698e+00,1.477558738630178503e+00,-3.583256889078235696e-01
1.318800000000000061e+01,1.650000000000000000e+03,1.800000000000000000e+03,-3.173557293095534249e+00,1.482175657076444608e+00,-3.589329395452384719e-01
1.320500000000000007e+01,1.650000000000000000e+03,1.800000000000000000e+03,-3.173997922031186469e+00,1.486804496798370678e+00,-3.619169088255584366e-01
1.322199999999999953e+01,1.650000000000000000e+03,1.800000000000000000e+03,-3.173997922031186469e+00,1.486804496798370678e+00,-3.619169088255584366e-01
1.323900000000000077e+01,1.650000000000000000e+03,1.800000000000000000e+03,-3.175158322477067419e+00,1.491537316761757381e+00,-3.601619670611808655e-01
1.325699999999999967e+01,1.650000000000000000e+03,1.800000000000000000e+03,-3.175158322477067419e+00,1.491537316761757381e+00,-3.601619670611808655e-01
1.327500000000000036e+01,1.650000000000000000e+03,1.800000000000000000e+03,-3.175799815831724437e+00,1.501977579212697922e+00,-3.637675275539790642e-01
1.329199999999999982e+01,1.650000000000000000e+03,1.800000000000000000e+03,-3.175799815831724437e+00,1.501977579212697922e+00,-3.637675275539790642e-01
1.330899999999999928e+01,1.650000000000000000e+03,1.800000000000000000e+03,-3.177168946019813589e+00,1.512572148670055405e+00,-3.650113545640524815e-01
1.332600000000000051e+01,1.650000000000000000e+03,1.800000000000000000e+03,-3.178094453720473833e+00,1.518506109659152337e+00,-3.680674245294417446e-01
1.334299999999999997e+01,1.650000000000000000e+03,1.800000000000000000e+03,-3.179023404118767271e+00,1.524459807212283025e+00,-3.837941985615009877e-01
1.336100000000000065e+01,1.650000000000000000e+03,1.800000000000000000e+03,-3.179023404118767271e+00,1.524459807212283025e+00,-3.837941985615009877e-01
1.337800000000000011e+01,1.650000000000000000e+03,1.800000000000000000e+03,-3.180204712151954549e+00,1.529294210679002841e+00,-3.870441905553292927e-01
1.339600000000000080e+01,1.650000000000000000e+03,1.800000000000000000e+03,-3.179935338083465624e+00,1.533950501111168485e+00,-3.850760279487272508e-01
1.341300000000000026e+01,1.650000000000000000e+03,1.800000000000000000e+03,-3.179935338083465624e+00,1.533950501111168485e+00,-3.850760279487272508e-01
1.342999999999999972e+01,1.650000000000000000e+03,1.800000000000000000e+03,-3.182923421578657042e+00,1.568726157384044750e+00,-4.093320524238449054e-01
1.344699999999999918e+01,1.650000000000000000e+03,1.800000000000000000e+03,-3.183611528975397675e+00,1.579620052824533438e+00,-4.283294096250563898e-01
1.346400000000000041e+01,1.650000000000000000e+03,1.800000000000000000e+03,-3.183611528975397675e+00,1.579620052824533438e+00,-4.283294096250563898e-01
1.348099999999999987e+01,1.650000000000000000e+03,1.800000000000000000e+03,-3.184569502324583024e+00,1.585777968553637951e+00,-4.320405156392749246e-01
1.349799999999999933e+01,1.650000000000000000e+03,1.800000000000000000e+03,-3.185043228898208234e+00,1.590679146882147954e+00,-4.327443171533498778e-01
1.351500000000000057e+01,1.650000000000000000e+03,1.800000000000000000e+03,-3.185043228898208234e+00,1.590679146882147954e+00,-4.327443171533498778e-01
1.353200000000000003e+01,1.650000000000000000e+03,1.800000000000000000e+03,-3.184779435873811071e+00,1.595492502280771330e+00,-4.334495504096199658e-01
1.354899999999999949e+01,1.650000000000000000e+03,1.800000000000000000e+03,-3.184779435873811071e+00,1.595492502280771330e+00,-4.334495504096199658e-01
1.356600000000000072e+01,1.650000000000000000e+03,1.800000000000000000e+03,-3.185017150621869853e+00,1.597954348501149369e+00,-4.303939986753939628e-01
1.358300000000000018e+01,1.650000000000000000e+03,1.800000000000000000e+03,-3.186211509529062624e+00,1.610313113719461953e+00,-4.526083023793224247e-01
1.359999999999999964e+01,1.650000000000000000e+03,1.800000000000000000e+03,-3.186211509529062624e+00,1.610313113719461953e+00,-4.526083023793224247e-01
1.361700000000000088e+01,1.650000000000000000e+03,1.800000000000000000e+03,-3.186430140353877505e+00,1.620156945015544636e+00,-4.573155185320115779e-01
1.363400000000000034e+01,1.650000000000000000e+03,1.800000000000000000e+03,-3.186430140353877505e+00,1.620156945015544636e+00,-4.573155185320115779e-01
1.365099999999999980e+01,1.650000000000000000e+03,1.800000000000000000e+03,-3.185423461843810866e+00,1.624943243937547965e+00,-4.580501543262111008e-01
1.366799999999999926e+01,1.650000000000000000e+03,1.800000000000000000e+03,-3.185423461843810866e+00,1.624943243937547965e+00,-4.580501543262111008e-01
1.368500000000000050e+01,1.650000000000000000e+03,1.800000000000000000e+03,-3.184896654248980941e+00,1.634759793718433496e+00,-4.766631584248988140e-01
1.370299999999999940e+01,1.650000000000000000e+03,1.800000000000000000e+03,-3.184896654248980941e+00,1.634759793718433496e+00,-4.766631584248988140e-01
1.372100000000000009e+01,1.650000000000000000e+03,1.800000000000000000e+03,-3.185864854081959407e+00,1.644837267980900464e+00,-4.746861138409849690e-01
1.373900000000000077e+01,1.650000000000000000e+03,1.800000000000000000e+03,-3.186351333114838980e+00,1.649896526239992056e+00,-4.788584167196557884e-01
1.375699999999999967e+01,1.650000000000000000e+03,1.800000000000000000e+03,-3.186089220991469517e+00,1.654863638220378519e+00,-4.796185051973075320e-01
1.377399999999999913e+01,1.650000000000000000e+03,1.800000000000000000e+03,-3.185075895341823227e+00,1.659737458884704253e+00,-4.803801208292110547e-01
1.379100000000000037e+01,1.650000000000000000e+03,1.800000000000000000e+03,-3.186062507735142546e+00,1.666167206796461464e+00,-4.846378454957498971e-01
1.380799999999999983e+01,1.650000000000000000e+03,1.800000000000000000e+03,-3.185301126181293796e+00,1.669842943561060444e+00,-4.989537681272097069e-01
1.382499999999999929e+01,1.650000000000000000e+03,1.800000000000000000e+03,-3.185301126181293796e+00,1.669842943561060444e+00,-4.989537681272097069e-01
1.384200000000000053e+01,1.650000000000000000e+03,1.800000000000000000e+03,-3.184029751375304862e+00,1.675984635536293954e+00,-4.997354897177154753e-01
1.385999999999999943e+01,1.650000000000000000e+03,1.800000000000000000e+03,-3.184029751375304862e+00,1.675984635536293954e+00,-4.997354897177154753e-01
1.387800000000000011e+01,1.650000000000000000e+03,1.800000000000000000e+03,-3.184765159546345981e+00,1.683704717664137984e+00,-4.869465946925506383e-01
1.389499999999999957e+01,1.650000000000000000e+03,1.800000000000000000e+03,-3.184501265325786257e+00,1.688760445989106795e+00,-4.877192995120743224e-01
1.391200000000000081e+01,1.650000000000000000e+03,1.800000000000000000e+03,-3.182911467251900106e+00,1.719376536561930013e+00,-5.134691436011137311e-01
1.392900000000000027e+01,1.650000000000000000e+03,1.800000000000000000e+03,-3.182645412298518384e+00,1.724526692229414238e+00,-5.142717148451604325e-01
1.394599999999999973e+01,1.650000000000000000e+03,1.800000000000000000e+03,-3.181110380094109402e+00,1.728202575512620687e+00,-5.324871167833796770e-01
1.396299999999999919e+01,1.650000000000000000e+03,1.800000000000000000e+03,-3.181110380094109402e+00,1.728202575512620687e+00,-5.324871167833796770e-01
1.398000000000000043e+01,1.650000000000000000e+03,1.800000000000000000e+03,-3.180842163515200660e+00,1.733376017857862106e+00,-5.372887139724052963e-01
1.399799999999999933e+01,1.650000000000000000e+03,1.800000000000000000e+03,-3.180573622949154355e+00,1.738563271548511757e+00,-5.381138151642615997e-01
1.401500000000000057e+01,1.650000000000000000e+03,1.800000000000000000e+03,-3.180046020716639443e+00,1.745038551263544679e+00,-5.389405381932120820e-01
1.403299999999999947e+01,1.650000000000000000e+03,1.800000000000000000e+03,-3.180046020716639443e+00,1.745038551263544679e+00,-5.389405381932120820e-01
1.405000000000000071e+01,1.650000000000000000e+03,1.800000000000000000e+03,-3.179506674315796477e+00,1.755489415031770140e+00,-5.446718055906717426e-01
1.406700000000000017e+01,1.650000000000000000e+03,1.800000000000000000e+03,-3.179506674315796477e+00,1.755489415031770140e+00,-5.446718055906717426e-01
1.408399999999999963e+01,1.650000000000000000e+03,1.800000000000000000e+03,-3.178467925992737086e+00,1.760621437745021112e+00,-5.455067188839629599e-01
1.410100000000000087e+01,1.650000000000000000e+03,1.800000000000000000e+03,-3.177924703726420663e+00,1.771155945490788142e+00,-5.646508172833987205e-01
1.411800000000000033e+01,1.650000000000000000e+03,1.800000000000000000e+03,-3.177924703726420663e+00,1.771155945490788142e+00,-5.646508172833987205e-01
1.413499999999999979e+01,1.650000000000000000e+03,1.800000000000000000e+03,-3.177924703726420663e+00,1.771155945490788142e+00,-5.646508172833987205e-01
1.415300000000000047e+01,1.650000000000000000e+03,1.800000000000000000e+03,-3.176097423622837201e+00,1.780217237026493482e+00,-5.708199383827847750e-01
1.416999999999999993e+01,1.650000000000000000e+03,1.800000000000000000e+03,-3.175574165375313562e+00,1.782813758001556614e+00,-5.621288325411859521e-01
1.418699999999999939e+01,1.650000000000000000e+03,1.800000000000000000e+03,-3.175574165375313562e+00,1.782813758001556614e+00,-5.621288325411859521e-01
1.420500000000000007e+01,1.650000000000000000e+03,1.800000000000000000e+03,-3.175299134406530221e+00,1.788133569970848935e+00,-5.716794211351623467e-01
1.422199999999999953e+01,1.650000000000000000e+03,1.800000000000000000e+03,-3.175299134406530221e+00,1.788133569970848935e+00,-5.716794211351623467e-01
1.423900000000000077e+01,1.650000000000000000e+03,1.800000000000000000e+03,-3.173710026898759029e+00,1.800008949459023899e+00,-5.734033726548979359e-01
1.425600000000000023e+01,1.650000000000000000e+03,1.800000000000000000e+03,-3.173710026898759029e+00,1.800008949459023899e+00,-5.734033726548979359e-01
1.427399999999999913e+01,1.650000000000000000e+03,1.800000000000000000e+03,-3.173432642884685073e+00,1.805375302871601750e+00,-5.742678566035698262e-01
1.429199999999999982e+01,1.650000000000000000e+03,1.800000000000000000e+03,-3.170030787268138806e+00,1.814356356236745516e+00,-5.936343339051308732e-01
1.430899999999999928e+01,1.650000000000000000e+03,1.800000000000000000e+03,-3.169748771220247896e+00,1.819761341827783596e+00,-5.945156845204322416e-01
1.432699999999999996e+01,1.650000000000000000e+03,1.800000000000000000e+03,-3.169466376474444402e+00,1.825181117025838518e+00,-5.999646766590355229e-01
1.434500000000000064e+01,1.650000000000000000e+03,1.800000000000000000e+03,-3.168935235332301037e+00,1.827836681333470548e+00,-5.823245712363386284e-01
1.436200000000000010e+01,1.650000000000000000e+03,1.800000000000000000e+03,-3.168935235332301037e+00,1.827836681333470548e+00,-5.823245712363386284e-01
1.437800000000000011e+01,1.650000000000000000e+03,1.800000000000000000e+03,-3.165510168900984578e+00,1.836917952133480192e+00,-6.019162350972785402e-01
1.439600000000000080e+01,1.650000000000000000e+03,1.800000000000000000e+03,-3.165222360869258900e+00,1.842384226364398359e+00,-6.028074822919958775e-01
1.441300000000000026e+01,1.650000000000000000e+03,1.800000000000000000e+03,-3.159330275067480986e+00,1.867848895014613930e+00,-6.348683643810066890e-01
1.442999999999999972e+01,1.650000000000000000e+03,1.800000000000000000e+03,-3.159330275067480986e+00,1.867848895014613930e+00,-6.348683643810066890e-01
1.444800000000000040e+01,1.650000000000000000e+03,1.800000000000000000e+03,-3.157732545717168549e+00,1.871795307053678137e+00,-6.481983282617153064e-01
1.446499999999999986e+01,1.650000000000000000e+03,1.800000000000000000e+03,-3.156919043734816910e+00,1.875872583277637951e+00,-6.308703943439188944e-01
1.448099999999999987e+01,1.650000000000000000e+03,1.800000000000000000e+03,-3.155316955216225683e+00,1.879834430630848985e+00,-6.369097642422347771e-01
1.449900000000000055e+01,1.650000000000000000e+03,1.800000000000000000e+03,-3.154227686755390003e+00,1.885294035645417754e+00,-6.378309104900377058e-01
1.451600000000000001e+01,1.650000000000000000e+03,1.800000000000000000e+03,-3.151832039753869275e+00,1.889149823635796643e+00,-6.564698086194415971e-01
1.453299999999999947e+01,1.650000000000000000e+03,1.800000000000000000e+03,-3.150736974971526827e+00,1.894634227240000968e+00,-6.574031343057793464e-01
1.455000000000000071e+01,1.650000000000000000e+03,1.800000000000000000e+03,-3.150736974971526827e+00,1.894634227240000968e+00,-6.574031343057793464e-01
1.456799999999999962e+01,1.650000000000000000e+03,1.800000000000000000e+03,-3.150704171854102231e+00,1.898882184360523695e+00,-6.398837670515306053e-01
1.458500000000000085e+01,1.650000000000000000e+03,1.800000000000000000e+03,-3.150704171854102231e+00,1.898882184360523695e+00,-6.398837670515306053e-01
1.460200000000000031e+01,1.650000000000000000e+03,1.800000000000000000e+03,-3.149089979294640962e+00,1.902888494570324163e+00,-6.532791963874307051e-01
1.461899999999999977e+01,1.650000000000000000e+03,1.800000000000000000e+03,-3.149089979294640962e+00,1.902888494570324163e+00,-6.532791963874307051e-01
1.463700000000000045e+01,1.650000000000000000e+03,1.800000000000000000e+03,-3.147989033328555841e+00,1.908409871207153774e+00,-6.646612662565716256e-01
1.465399999999999991e+01,1.650000000000000000e+03,1.800000000000000000e+03,-3.145780013005485820e+00,1.919497382103806604e+00,-6.665450339911319633e-01
1.467099999999999937e+01,1.650000000000000000e+03,1.800000000000000000e+03,-3.145780013005485820e+00,1.919497382103806604e+00,-6.665450339911319633e-01
1.468800000000000061e+01,1.650000000000000000e+03,1.800000000000000000e+03,-3.144671915821554364e+00,1.925063642459076352e+00,-6.729925766237725426e-01
1.470500000000000007e+01,1.650000000000000000e+03,1.800000000000000000e+03,-3.144671915821554364e+00,1.925063642459076352e+00,-6.729925766237725426e-01
1.472300000000000075e+01,1.650000000000000000e+03,1.800000000000000000e+03,-3.142488245070508501e+00,1.931915137428741325e+00,-6.686663600564626275e-01
1.474000000000000021e+01,1.650000000000000000e+03,1.800000000000000000e+03,-3.142488245070508501e+00,1.931915137428741325e+00,-6.686663600564626275e-01
1.475699999999999967e+01,1.650000000000000000e+03,1.800000000000000000e+03,-3.137350963646651891e+00,1.941212146840900488e+00,-6.882190052541490299e-01
1.477399999999999913e+01,1.650000000000000000e+03,1.800000000000000000e+03,-3.136228694675800011e+00,1.946836892681878428e+00,-6.948313122235484363e-01
1.479100000000000037e+01,1.650000000000000000e+03,1.800000000000000000e+03,-3.136228694675800011e+00,1.946836892681878428e+00,-6.948313122235484363e-01
1.480799999999999983e+01,1.650000000000000000e+03,1.800000000000000000e+03,-3.135901897914768366e+00,1.952605961661827649e+00,-7.013003024358197557e-01
1.482600000000000051e+01,1.650000000000000000e+03,1.800000000000000000e+03,-3.133742412056187643e+00,1.955173633310983483e+00,-6.903882339554475722e-01
1.484399999999999942e+01,1.650000000000000000e+03,1.800000000000000000e+03,-3.131015177746332867e+00,1.960577359829241306e+00,-6.970144856876753225e-01
1.486100000000000065e+01,1.650000000000000000e+03,1.800000000000000000e+03,-3.131764383174727939e+00,1.965093613417162821e+00,-7.034966879126097750e-01
1.487800000000000011e+01,1.650000000000000000e+03,1.800000000000000000e+03,-3.129029589986761728e+00,1.970522898991688088e+00,-7.103559654298443604e-01
1.489600000000000080e+01,1.650000000000000000e+03,1.800000000000000000e+03,-3.127144378485376297e+00,1.971686979573124887e+00,-7.047292016757185085e-01
1.491300000000000026e+01,1.650000000000000000e+03,1.800000000000000000e+03,-3.114625239063713913e+00,2.005239491361119342e+00,-7.407436307994946789e-01
1.492999999999999972e+01,1.650000000000000000e+03,1.800000000000000000e+03,-3.114625239063713913e+00,2.005239491361119342e+00,-7.407436307994946789e-01
1.494699999999999918e+01,1.650000000000000000e+03,1.800000000000000000e+03,-3.113753582686157095e+00,2.009587551326834198e+00,-7.230722508343264687e-01
1.496400000000000041e+01,1.650000000000000000e+03,1.800000000000000000e+03,-3.111268258159006539e+00,2.013678159603069950e+00,-7.420298497960235995e-01
1.498099999999999987e+01,1.650000000000000000e+03,1.800000000000000000e+03,-3.109071854306137084e+00,2.016320738058179796e+00,-7.493073941784568204e-01
1.499799999999999933e+01,1.650000000000000000e+03,1.800000000000000000e+03,-3.109071854306137084e+00,2.016320738058179796e+00,-7.493073941784568204e-01
1.501500000000000057e+01,1.650000000000000000e+03,1.800000000000000000e+03,-3.105404564768289966e+00,2.026265286686076639e+00,-7.506058212739777913e-01
1.503299999999999947e+01,1.650000000000000000e+03,1.800000000000000000e+03,-3.105404564768289966e+00,2.026265286686076639e+00,-7.506058212739777913e-01
1.505000000000000071e+01,1.650000000000000000e+03,1.800000000000000000e+03,-3.105404564768289966e+00,2.026265286686076639e+00,-7.506058212739777913e-01
1.506700000000000017e+01,1.650000000000000000e+03,1.800000000000000000e+03,-3.103713070535885521e+00,2.030522322402708468e+00,-7.516037984767165447e-01
1.508500000000000085e+01,1.650000000000000000e+03,1.800000000000000000e+03,-3.100914221399956094e+00,2.036121834886112314e+00,-7.590220239068803387e-01
1.510200000000000031e+01,1.650000000000000000e+03,1.800000000000000000e+03,-3.097514575632021483e+00,2.044683901826395811e+00,-7.603346227621882170e-01
1.511899999999999977e+01,1.650000000000000000e+03,1.800000000000000000e+03,-3.097514575632021483e+00,2.044683901826395811e+00,-7.603346227621882170e-01
1.513599999999999923e+01,1.650000000000000000e+03,1.800000000000000000e+03,-3.092781393840181803e+00,2.051528621143689612e+00,-7.802446675514568275e-01
1.515300000000000047e+01,1.650000000000000000e+03,1.800000000000000000e+03,-3.092781393840181803e+00,2.051528621143689612e+00,-7.802446675514568275e-01
1.516999999999999993e+01,1.650000000000000000e+03,1.800000000000000000e+03,-3.091071243108535871e+00,2.055836230305112089e+00,-7.692177236254889028e-01
1.518699999999999939e+01,1.650000000000000000e+03,1.800000000000000000e+03,-3.091071243108535871e+00,2.055836230305112089e+00,-7.692177236254889028e-01
1.520500000000000007e+01,1.650000000000000000e+03,1.800000000000000000e+03,-3.088546670787376769e+00,2.060016314184941244e+00,-7.753594871967416369e-01
1.522199999999999953e+01,1.650000000000000000e+03,1.800000000000000000e+03,-3.088546670787376769e+00,2.060016314184941244e+00,-7.753594871967416369e-01
1.523900000000000077e+01,1.650000000000000000e+03,1.800000000000000000e+03,-3.085923560664000753e+00,2.068811192700072521e+00,-7.715564963125678410e-01
1.525600000000000023e+01,1.650000000000000000e+03,1.800000000000000000e+03,-3.083898546277674235e+00,2.074648840364565316e+00,-7.792699502056021910e-01
1.527299999999999969e+01,1.650000000000000000e+03,1.800000000000000000e+03,-3.083898546277674235e+00,2.074648840364565316e+00,-7.792699502056021910e-01
1.529100000000000037e+01,1.650000000000000000e+03,1.800000000000000000e+03,-3.077290548221756517e+00,2.078178713530713040e+00,-7.856166755331958074e-01
1.530799999999999983e+01,1.650000000000000000e+03,1.800000000000000000e+03,-3.077290548221756517e+00,2.078178713530713040e+00,-7.856166755331958074e-01
1.532600000000000051e+01,1.650000000000000000e+03,1.800000000000000000e+03,-3.077290548221756517e+00,2.078178713530713040e+00,-7.856166755331958074e-01
1.534399999999999942e+01,1.650000000000000000e+03,1.800000000000000000e+03,-3.077290548221756517e+00,2.078178713530713040e+00,-7.856166755331958074e-01
1.536100000000000065e+01,1.650000000000000000e+03,1.800000000000000000e+03,-3.077290548221756517e+00,2.078178713530713040e+00,-7.856166755331958074e-01
1.537800000000000011e+01,1.650000000000000000e+03,1.800000000000000000e+03,-3.077290548221756517e+00,2.078178713530713040e+00,-7.856166755331958074e-01
1.539499999999999957e+01,1.650000000000000000e+03,1.800000000000000000e+03,-3.074839495574535064e+00,2.090196611447099784e+00,-7.943504420947292699e-01
1.541600000000000037e+01,1.650000000000000000e+03,1.800000000000000000e+03,-3.071977354951269668e+00,2.095953756302366244e+00,-8.021967172677836322e-01
1.543299999999999983e+01,1.650000000000000000e+03,1.800000000000000000e+03,-3.068405120629788208e+00,2.096910409668406583e+00,-8.095030242047749347e-01
1.544999999999999929e+01,1.650000000000000000e+03,1.800000000000000000e+03,-3.066659500520680481e+00,2.101309585581965678e+00,-8.280633962104387846e-01
1.546700000000000053e+01,1.650000000000000000e+03,1.800000000000000000e+03,-3.065416894202356524e+00,2.107374762346560626e+00,-8.224031385413077544e-01
1.548399999999999999e+01,1.650000000000000000e+03,1.800000000000000000e+03,-3.052398509004512484e+00,2.133610526269310803e+00,-8.415242187051839018e-01
1.550099999999999945e+01,1.650000000000000000e+03,1.800000000000000000e+03,-3.048164031458507672e+00,2.137660803147791722e+00,-8.429379236759061422e-01
1.551800000000000068e+01,1.650000000000000000e+03,1.800000000000000000e+03,-3.046706141423340952e+00,2.140600871883685308e+00,-8.502790769042064545e-01
1.553500000000000014e+01,1.650000000000000000e+03,1.800000000000000000e+03,-3.044105481350186437e+00,2.144947553402568818e+00,-8.443540495904999776e-01
1.555199999999999960e+01,1.650000000000000000e+03,1.800000000000000000e+03,-3.036601319984693514e+00,2.156486097662386747e+00,-8.644525576079763463e-01
1.556900000000000084e+01,1.650000000000000000e+03,1.800000000000000000e+03,-3.036601319984693514e+00,2.156486097662386747e+00,-8.644525576079763463e-01
1.558600000000000030e+01,1.650000000000000000e+03,1.800000000000000000e+03,-3.033486025900204552e+00,2.159166556080108101e+00,-8.620511960384817929e-01
1.560399999999999920e+01,1.650000000000000000e+03,1.800000000000000000e+03,-3.027744366246528429e+00,2.166239490536949752e+00,-8.711297976889660344e-01
1.562100000000000044e+01,1.650000000000000000e+03,1.800000000000000000e+03,-3.025940178832610794e+00,2.170780349205425175e+00,-8.721715735232153932e-01
1.563899999999999935e+01,1.650000000000000000e+03,1.800000000000000000e+03,-3.025940178832610794e+00,2.170780349205425175e+00,-8.721715735232153932e-01
1.565600000000000058e+01,1.650000000000000000e+03,1.800000000000000000e+03,-3.022979788340020235e+00,2.176753775160120696e+00,-8.762205005010278436e-01
1.567300000000000004e+01,1.650000000000000000e+03,1.800000000000000000e+03,-3.022979788340020235e+00,2.176753775160120696e+00,-8.762205005010278436e-01
1.568999999999999950e+01,1.650000000000000000e+03,1.800000000000000000e+03,-3.018362011498850528e+00,2.182455691594640701e+00,-8.925613769917554174e-01
1.570700000000000074e+01,1.650000000000000000e+03,1.800000000000000000e+03,-3.018362011498850528e+00,2.182455691594640701e+00,-8.925613769917554174e-01
1.572400000000000020e+01,1.650000000000000000e+03,1.800000000000000000e+03,-3.015718207331923750e+00,2.186885929421607866e+00,-8.863030958580727647e-01
1.574099999999999966e+01,1.650000000000000000e+03,1.800000000000000000e+03,-3.015718207331923750e+00,2.186885929421607866e+00,-8.863030958580727647e-01
1.575799999999999912e+01,1.650000000000000000e+03,1.800000000000000000e+03,-3.009098643063397027e+00,2.193904181060772007e+00,-8.954913867158473817e-01
1.577599999999999980e+01,1.650000000000000000e+03,1.800000000000000000e+03,-3.005615247639970899e+00,2.198212784708864831e+00,-8.937314309788667588e-01
1.579299999999999926e+01,1.650000000000000000e+03,1.800000000000000000e+03,-3.005615247639970899e+00,2.198212784708864831e+00,-8.937314309788667588e-01
1.581099999999999994e+01,1.650000000000000000e+03,1.800000000000000000e+03,-2.999646592466937101e+00,2.202095642967552447e+00,-9.132805440257608653e-01
1.582799999999999940e+01,1.650000000000000000e+03,1.800000000000000000e+03,-2.997466712451864801e+00,2.208299080981720675e+00,-9.067378019943036493e-01
1.584600000000000009e+01,1.650000000000000000e+03,1.800000000000000000e+03,-2.994305698257405002e+00,2.211044124381706943e+00,-9.229307241099341530e-01
1.586299999999999955e+01,1.650000000000000000e+03,1.800000000000000000e+03,-2.990800630940231741e+00,2.215386426167965439e+00,-9.162468575040497720e-01
1.588100000000000023e+01,1.650000000000000000e+03,1.800000000000000000e+03,-2.990800630940231741e+00,2.215386426167965439e+00,-9.162468575040497720e-01
1.589799999999999969e+01,1.650000000000000000e+03,1.800000000000000000e+03,-2.988460929138672117e+00,2.218286036034955444e+00,-9.268198725782063052e-01
1.591499999999999915e+01,1.650000000000000000e+03,1.800000000000000000e+03,-2.988460929138672117e+00,2.218286036034955444e+00,-9.268198725782063052e-01
1.593299999999999983e+01,1.650000000000000000e+03,1.800000000000000000e+03,-2.967645682353530212e+00,2.242940046150124989e+00,-9.491384448656461359e-01
1.594999999999999929e+01,1.650000000000000000e+03,1.800000000000000000e+03,-2.962211207973268756e+00,2.252054004299060885e+00,-9.590295677905525951e-01
1.596700000000000053e+01,1.650000000000000000e+03,1.800000000000000000e+03,-2.962211207973268756e+00,2.252054004299060885e+00,-9.590295677905525951e-01
1.598399999999999999e+01,1.650000000000000000e+03,1.800000000000000000e+03,-2.955805750023968947e+00,2.257658077644861816e+00,-9.610192276778460885e-01
1.600100000000000122e+01,1.650000000000000000e+03,1.800000000000000000e+03,-2.955805750023968947e+00,2.257658077644861816e+00,-9.610192276778460885e-01
1.601800000000000068e+01,1.650000000000000000e+03,1.800000000000000000e+03,-2.953548800766441662e+00,2.264016730412650613e+00,-9.620666422089123593e-01
1.603500000000000014e+01,1.650000000000000000e+03,1.800000000000000000e+03,-2.949388739332030163e+00,2.263276695717692188e+00,-9.710772138916393681e-01
1.605300000000000082e+01,1.650000000000000000e+03,1.800000000000000000e+03,-2.944736282581560616e+00,2.272622062990595992e+00,-9.726032146690036795e-01
1.607000000000000028e+01,1.650000000000000000e+03,1.800000000000000000e+03,-2.944736282581560616e+00,2.272622062990595992e+00,-9.726032146690036795e-01
1.608699999999999974e+01,1.650000000000000000e+03,1.800000000000000000e+03,-2.944736282581560616e+00,2.272622062990595992e+00,-9.726032146690036795e-01
1.610399999999999920e+01,1.650000000000000000e+03,1.800000000000000000e+03,-2.936625650081464034e+00,2.277981130401058874e+00,-9.746126503360292848e-01
1.612099999999999866e+01,1.650000000000000000e+03,1.800000000000000000e+03,-2.936625650081464034e+00,2.277981130401058874e+00,-9.746126503360292848e-01
1.613700000000000045e+01,1.650000000000000000e+03,1.800000000000000000e+03,-2.935534319523179114e+00,2.282902889062011997e+00,-9.756616776154362070e-01
1.615399999999999991e+01,1.650000000000000000e+03,1.800000000000000000e+03,-2.931001929211791257e+00,2.283800699929956490e+00,-9.848438590431687345e-01
1.617099999999999937e+01,1.650000000000000000e+03,1.800000000000000000e+03,-2.927034708170697108e+00,2.289933966251262110e+00,-9.863801304475083853e-01
1.618900000000000006e+01,1.650000000000000000e+03,1.800000000000000000e+03,-2.927034708170697108e+00,2.289933966251262110e+00,-9.863801304475083853e-01
1.620599999999999952e+01,1.650000000000000000e+03,1.800000000000000000e+03,-2.924630559267987095e+00,2.292932103871856864e+00,-9.874558592977314975e-01
1.622299999999999898e+01,1.650000000000000000e+03,1.800000000000000000e+03,-2.918608888198207296e+00,2.300444907442111386e+00,-1.006294087546993454e+00
1.623999999999999844e+01,1.650000000000000000e+03,1.800000000000000000e+03,-2.918608888198207296e+00,2.300444907442111386e+00,-1.006294087546993454e+00
1.625700000000000145e+01,1.650000000000000000e+03,1.800000000000000000e+03,-2.912109138560299737e+00,2.306172837835284817e+00,-1.007840871898967317e+00
1.627400000000000091e+01,1.650000000000000000e+03,1.800000000000000000e+03,-2.912109138560299737e+00,2.306172837835284817e+00,-1.007840871898967317e+00
1.629100000000000037e+01,1.650000000000000000e+03,1.800000000000000000e+03,-2.907184192019951929e+00,2.308742081484426834e+00,-1.000359291075696211e+00
1.630799999999999983e+01,1.650000000000000000e+03,1.800000000000000000e+03,-2.907184192019951929e+00,2.308742081484426834e+00,-1.000359291075696211e+00
1.632499999999999929e+01,1.650000000000000000e+03,1.800000000000000000e+03,-2.901959063949615114e+00,2.316458522531947395e+00,-1.010923888378572721e+00
1.634199999999999875e+01,1.650000000000000000e+03,1.800000000000000000e+03,-2.893372827396690994e+00,2.323597285760742537e+00,-1.012984012394254618e+00
1.635900000000000176e+01,1.650000000000000000e+03,1.800000000000000000e+03,-2.889646350014377418e+00,2.324665814372344652e+00,-1.022674735302932847e+00
1.637699999999999889e+01,1.650000000000000000e+03,1.800000000000000000e+03,-2.889646350014377418e+00,2.324665814372344652e+00,-1.022674735302932847e+00
1.639399999999999835e+01,1.650000000000000000e+03,1.800000000000000000e+03,-2.886824273384704931e+00,2.329385493171705512e+00,-1.031938767760488318e+00
1.641199999999999903e+01,1.650000000000000000e+03,1.800000000000000000e+03,-2.869169956235164243e+00,2.345457115212559174e+00,-1.046718180384357710e+00
1.642899999999999849e+01,1.650000000000000000e+03,1.800000000000000000e+03,-2.869169956235164243e+00,2.345457115212559174e+00,-1.046718180384357710e+00
1.644600000000000151e+01,1.650000000000000000e+03,1.800000000000000000e+03,-2.866265947880605403e+00,2.346689297425454068e+00,-1.055668222048805394e+00
1.646300000000000097e+01,1.650000000000000000e+03,1.800000000000000000e+03,-2.863412333037046231e+00,2.351454507449955766e+00,-1.039309163067518194e+00
1.648000000000000043e+01,1.650000000000000000e+03,1.800000000000000000e+03,-2.860553581915854515e+00,2.356229637779312824e+00,-1.057236924603463413e+00
1.649699999999999989e+01,1.650000000000000000e+03,1.800000000000000000e+03,-2.860553581915854515e+00,2.356229637779312824e+00,-1.057236924603463413e+00
1.651500000000000057e+01,1.650000000000000000e+03,1.800000000000000000e+03,-2.856408117524597223e+00,2.359011706839548861e+00,-1.059510637075551598e+00
1.653200000000000003e+01,1.650000000000000000e+03,1.800000000000000000e+03,-2.856408117524597223e+00,2.359011706839548861e+00,-1.059510637075551598e+00
1.654899999999999949e+01,1.650000000000000000e+03,1.800000000000000000e+03,-2.856408117524597223e+00,2.359011706839548861e+00,-1.059510637075551598e+00
1.656599999999999895e+01,1.650000000000000000e+03,1.800000000000000000e+03,-2.848905581042990853e+00,2.361187606988452536e+00,-1.069379845894475212e+00
1.658299999999999841e+01,1.650000000000000000e+03,1.800000000000000000e+03,-2.848905581042990853e+00,2.361187606988452536e+00,-1.069379845894475212e+00
1.660000000000000142e+01,1.650000000000000000e+03,1.800000000000000000e+03,-2.845628878755517732e+00,2.367685376554157894e+00,-1.061459841099291923e+00
1.661700000000000088e+01,1.650000000000000000e+03,1.800000000000000000e+03,-2.837307097919644860e+00,2.373282725325039255e+00,-1.082169910956582770e+00
1.663500000000000156e+01,1.650000000000000000e+03,1.800000000000000000e+03,-2.837307097919644860e+00,2.373282725325039255e+00,-1.082169910956582770e+00
1.665200000000000102e+01,1.650000000000000000e+03,1.800000000000000000e+03,-2.831056605917738889e+00,2.377490374128848671e+00,-1.085682873480185107e+00
1.666900000000000048e+01,1.650000000000000000e+03,1.800000000000000000e+03,-2.831056605917738889e+00,2.377490374128848671e+00,-1.085682873480185107e+00
1.668599999999999994e+01,1.650000000000000000e+03,1.800000000000000000e+03,-2.823140051156606045e+00,2.384981603470057276e+00,-1.087818923172374275e+00
1.670299999999999940e+01,1.650000000000000000e+03,1.800000000000000000e+03,-2.820639742551883877e+00,2.388107909728770739e+00,-1.105620249402895050e+00
1.672100000000000009e+01,1.650000000000000000e+03,1.800000000000000000e+03,-2.820639742551883877e+00,2.388107909728770739e+00,-1.105620249402895050e+00
1.673799999999999955e+01,1.650000000000000000e+03,1.800000000000000000e+03,-2.816043585482224998e+00,2.392651417578710582e+00,-1.099554803285648141e+00
1.675499999999999901e+01,1.650000000000000000e+03,1.800000000000000000e+03,-2.816043585482224998e+00,2.392651417578710582e+00,-1.099554803285648141e+00
1.677199999999999847e+01,1.650000000000000000e+03,1.800000000000000000e+03,-2.808918815509252376e+00,2.396741907854867293e+00,-1.118447437594374039e+00
1.678900000000000148e+01,1.650000000000000000e+03,1.800000000000000000e+03,-2.808918815509252376e+00,2.396741907854867293e+00,-1.118447437594374039e+00
1.680699999999999861e+01,1.650000000000000000e+03,1.800000000000000000e+03,-2.805141792012614932e+00,2.397850703018553187e+00,-1.116749829732304411e+00
1.682400000000000162e+01,1.650000000000000000e+03,1.800000000000000000e+03,-2.797586291309802853e+00,2.403680245174940833e+00,-1.128235162947115233e+00
1.684100000000000108e+01,1.650000000000000000e+03,1.800000000000000000e+03,-2.793801873473211295e+00,2.408409632164952185e+00,-1.132448342284803733e+00
1.685800000000000054e+01,1.650000000000000000e+03,1.800000000000000000e+03,-2.793801873473211295e+00,2.408409632164952185e+00,-1.132448342284803733e+00
1.687500000000000000e+01,1.650000000000000000e+03,1.800000000000000000e+03,-2.793801873473211295e+00,2.408409632164952185e+00,-1.132448342284803733e+00
1.689199999999999946e+01,1.650000000000000000e+03,1.800000000000000000e+03,-2.786222194628749982e+00,2.414266446065456595e+00,-1.124352362066207034e+00
1.690899999999999892e+01,1.650000000000000000e+03,1.800000000000000000e+03,-2.757507359353210674e+00,2.430843467446909489e+00,-1.157776715054509742e+00
1.692599999999999838e+01,1.650000000000000000e+03,1.800000000000000000e+03,-2.754513884336547758e+00,2.435784048255898337e+00,-1.162741863002520359e+00
1.694399999999999906e+01,1.650000000000000000e+03,1.800000000000000000e+03,-2.747785024226829353e+00,2.434543540218603752e+00,-1.163946283817007599e+00
1.696099999999999852e+01,1.650000000000000000e+03,1.800000000000000000e+03,-2.746904544825634620e+00,2.438048002068892828e+00,-1.160560303790457271e+00
1.697800000000000153e+01,1.650000000000000000e+03,1.800000000000000000e+03,-2.740576522241228385e+00,2.438716388064300133e+00,-1.172133465477888548e+00
1.699500000000000099e+01,1.650000000000000000e+03,1.800000000000000000e+03,-2.737167267436776186e+00,2.441761278439581240e+00,-1.166736091786704010e+00
1.701200000000000045e+01,1.650000000000000000e+03,1.800000000000000000e+03,-2.737167267436776186e+00,2.441761278439581240e+00,-1.166736091786704010e+00
1.703000000000000114e+01,1.650000000000000000e+03,1.800000000000000000e+03,-2.737167267436776186e+00,2.441761278439581240e+00,-1.166736091786704010e+00
1.704700000000000060e+01,1.650000000000000000e+03,1.800000000000000000e+03,-2.728262899518131057e+00,2.445637808091529308e+00,-1.168925861336652217e+00
1.706400000000000006e+01,1.650000000000000000e+03,1.800000000000000000e+03,-2.724003177801852082e+00,2.448536906553476999e+00,-1.180295108926310732e+00
1.708099999999999952e+01,1.650000000000000000e+03,1.800000000000000000e+03,-2.724003177801852082e+00,2.448536906553476999e+00,-1.180295108926310732e+00
1.709900000000000020e+01,1.650000000000000000e+03,1.800000000000000000e+03,-2.716701613787841030e+00,2.456423384564434098e+00,-1.186940327106698501e+00
1.711599999999999966e+01,1.650000000000000000e+03,1.800000000000000000e+03,-2.711269413174541398e+00,2.453570288570201097e+00,-1.194024486713151312e+00
1.713299999999999912e+01,1.650000000000000000e+03,1.800000000000000000e+03,-2.711269413174541398e+00,2.453570288570201097e+00,-1.194024486713151312e+00
1.714999999999999858e+01,1.650000000000000000e+03,1.800000000000000000e+03,-2.711269413174541398e+00,2.453570288570201097e+00,-1.194024486713151312e+00
1.716799999999999926e+01,1.650000000000000000e+03,1.800000000000000000e+03,-2.708993663158995702e+00,2.462408692473123661e+00,-1.189138184269933340e+00
1.718499999999999872e+01,1.650000000000000000e+03,1.800000000000000000e+03,-2.698902110613391692e+00,2.460541763976800134e+00,-1.196841556190396672e+00
1.720200000000000173e+01,1.650000000000000000e+03,1.800000000000000000e+03,-2.698902110613391692e+00,2.460541763976800134e+00,-1.196841556190396672e+00
1.721999999999999886e+01,1.650000000000000000e+03,1.800000000000000000e+03,-2.694620495556052653e+00,2.463461067681802508e+00,-1.193275861349257339e+00
1.723699999999999832e+01,1.650000000000000000e+03,1.800000000000000000e+03,-2.694620495556052653e+00,2.463461067681802508e+00,-1.193275861349257339e+00
1.725400000000000134e+01,1.650000000000000000e+03,1.800000000000000000e+03,-2.685669785781681806e+00,2.467380842631816673e+00,-1.210749376416300427e+00
1.726999999999999957e+01,1.650000000000000000e+03,1.800000000000000000e+03,-2.685669785781681806e+00,2.467380842631816673e+00,-1.210749376416300427e+00
1.728699999999999903e+01,1.650000000000000000e+03,1.800000000000000000e+03,-2.683433639573349794e+00,2.472553400082859731e+00,-1.211703458190205973e+00
1.730399999999999849e+01,1.650000000000000000e+03,1.800000000000000000e+03,-2.674561951000427040e+00,2.472775233416109053e+00,-1.213579707107224515e+00
1.732100000000000151e+01,1.650000000000000000e+03,1.800000000000000000e+03,-2.674561951000427040e+00,2.472775233416109053e+00,-1.213579707107224515e+00
1.733800000000000097e+01,1.650000000000000000e+03,1.800000000000000000e+03,-2.665485450240440812e+00,2.480433670682505642e+00,-1.221077769412259428e+00
1.735500000000000043e+01,1.650000000000000000e+03,1.800000000000000000e+03,-2.660079705772276704e+00,2.477562539361222171e+00,-1.227660981972884535e+00
1.737199999999999989e+01,1.650000000000000000e+03,1.800000000000000000e+03,-2.656134464985957955e+00,2.482444792790071464e+00,-1.234654313402781201e+00
1.738899999999999935e+01,1.650000000000000000e+03,1.800000000000000000e+03,-2.656134464985957955e+00,2.482444792790071464e+00,-1.234654313402781201e+00
1.740800000000000125e+01,1.650000000000000000e+03,1.800000000000000000e+03,-2.630808894225063366e+00,2.494653694387482190e+00,-1.275475586138827389e+00
1.742500000000000071e+01,1.650000000000000000e+03,1.800000000000000000e+03,-2.625773643264355695e+00,2.493719931333424622e+00,-1.269297622064643916e+00
1.744200000000000017e+01,1.650000000000000000e+03,1.800000000000000000e+03,-2.621929606623897513e+00,2.494890886177822509e+00,-1.263627465355900314e+00
1.746000000000000085e+01,1.650000000000000000e+03,1.800000000000000000e+03,-2.621929606623897513e+00,2.494890886177822509e+00,-1.263627465355900314e+00
1.747700000000000031e+01,1.650000000000000000e+03,1.800000000000000000e+03,-2.621929606623897513e+00,2.494890886177822509e+00,-1.263627465355900314e+00
1.749399999999999977e+01,1.650000000000000000e+03,1.800000000000000000e+03,-2.617449278044498673e+00,2.501606824722931055e+00,-1.267068109394017927e+00
1.751099999999999923e+01,1.650000000000000000e+03,1.800000000000000000e+03,-2.614438431323796497e+00,2.502937834492195091e+00,-1.267717628575129707e+00
1.752899999999999991e+01,1.650000000000000000e+03,1.800000000000000000e+03,-2.609403912602303865e+00,2.502003134860514066e+00,-1.284665153989533071e+00
1.754599999999999937e+01,1.650000000000000000e+03,1.800000000000000000e+03,-2.606735262159583399e+00,2.505290763803777132e+00,-1.289432344525995422e+00
1.756299999999999883e+01,1.650000000000000000e+03,1.800000000000000000e+03,-2.606735262159583399e+00,2.505290763803777132e+00,-1.289432344525995422e+00
1.757999999999999829e+01,1.650000000000000000e+03,1.800000000000000000e+03,-2.601047285766970418e+00,2.509918534859179040e+00,-1.286871058667593548e+00
1.759799999999999898e+01,1.650000000000000000e+03,1.800000000000000000e+03,-2.595336762336077019e+00,2.505068266203157368e+00,-1.295512825571815352e+00
1.761499999999999844e+01,1.650000000000000000e+03,1.800000000000000000e+03,-2.595336762336077019e+00,2.505068266203157368e+00,-1.295512825571815352e+00
1.763299999999999912e+01,1.650000000000000000e+03,1.800000000000000000e+03,-2.586290732246860902e+00,2.509074444274972393e+00,-1.305299286768039746e+00
1.764999999999999858e+01,1.650000000000000000e+03,1.800000000000000000e+03,-2.586290732246860902e+00,2.509074444274972393e+00,-1.305299286768039746e+00
1.766700000000000159e+01,1.650000000000000000e+03,1.800000000000000000e+03,-2.583939571689870540e+00,2.514333928719248767e+00,-1.302393263969366721e+00
1.768400000000000105e+01,1.650000000000000000e+03,1.800000000000000000e+03,-2.574543918087634609e+00,2.516391784941011789e+00,-1.319307827336185346e+00
1.770200000000000173e+01,1.650000000000000000e+03,1.800000000000000000e+03,-2.574543918087634609e+00,2.516391784941011789e+00,-1.319307827336185346e+00
1.771999999999999886e+01,1.650000000000000000e+03,1.800000000000000000e+03,-2.570172949798464224e+00,2.519387744458453593e+00,-1.317397597918513963e+00
1.773799999999999955e+01,1.650000000000000000e+03,1.800000000000000000e+03,-2.566636007684078180e+00,2.522543589792171748e+00,-1.318066626955610499e+00
1.775499999999999901e+01,1.650000000000000000e+03,1.800000000000000000e+03,-2.560447388438547911e+00,2.519486368050512404e+00,-1.319404764528774532e+00
1.777299999999999969e+01,1.650000000000000000e+03,1.800000000000000000e+03,-2.558066121255734515e+00,2.524767652989350353e+00,-1.334783314764902196e+00
1.779100000000000037e+01,1.650000000000000000e+03,1.800000000000000000e+03,-2.558066121255734515e+00,2.524767652989350353e+00,-1.334783314764902196e+00
1.780799999999999983e+01,1.650000000000000000e+03,1.800000000000000000e+03,-2.553361369880176035e+00,2.525803240457550558e+00,-1.333211062955017345e+00
1.782600000000000051e+01,1.650000000000000000e+03,1.800000000000000000e+03,-2.547183399825660111e+00,2.522745465076596361e+00,-1.331271914079185548e+00
1.784299999999999997e+01,1.650000000000000000e+03,1.800000000000000000e+03,-2.543113566266181458e+00,2.527721908835379505e+00,-1.335233852676534161e+00
1.786100000000000065e+01,1.650000000000000000e+03,1.800000000000000000e+03,-2.538930270989484761e+00,2.526944599671212544e+00,-1.348336491174651375e+00
1.787800000000000011e+01,1.650000000000000000e+03,1.800000000000000000e+03,-2.535061963124914275e+00,2.528139027618599766e+00,-1.351749949500459902e+00
1.789600000000000080e+01,1.650000000000000000e+03,1.800000000000000000e+03,-2.529304767447007052e+00,2.532815569884688145e+00,-1.350522242260757455e+00
1.791300000000000026e+01,1.650000000000000000e+03,1.800000000000000000e+03,-2.529304767447007052e+00,2.532815569884688145e+00,-1.350522242260757455e+00
1.792999999999999972e+01,1.650000000000000000e+03,1.800000000000000000e+03,-2.497703019860457729e+00,2.538465072958460134e+00,-1.382045144731742115e+00
1.794800000000000040e+01,1.650000000000000000e+03,1.800000000000000000e+03,-2.494660620763945680e+00,2.539823660899896307e+00,-1.384724336292872726e+00
1.796600000000000108e+01,1.650000000000000000e+03,1.800000000000000000e+03,-2.488865094323062355e+00,2.544525340639822719e+00,-1.384212802663663089e+00
1.798199999999999932e+01,1.650000000000000000e+03,1.800000000000000000e+03,-2.488865094323062355e+00,2.544525340639822719e+00,-1.384212802663663089e+00
1.799899999999999878e+01,1.650000000000000000e+03,1.800000000000000000e+03,-2.479688794352489012e+00,2.542820817459304106e+00,-1.386276441499775913e+00
1.801599999999999824e+01,1.650000000000000000e+03,1.800000000000000000e+03,-2.475548658211658370e+00,2.547839233168160966e+00,-1.388956089855259313e+00
1.803399999999999892e+01,1.650000000000000000e+03,1.800000000000000000e+03,-2.475548658211658370e+00,2.547839233168160966e+00,-1.388956089855259313e+00
1.805000000000000071e+01,1.650000000000000000e+03,1.800000000000000000e+03,-2.475548658211658370e+00,2.547839233168160966e+00,-1.388956089855259313e+00
1.806800000000000139e+01,1.650000000000000000e+03,1.800000000000000000e+03,-2.470545718063279494e+00,2.546909765165237260e+00,-1.402083998095508655e+00
1.808500000000000085e+01,1.650000000000000000e+03,1.800000000000000000e+03,-2.470545718063279494e+00,2.546909765165237260e+00,-1.402083998095508655e+00
1.810200000000000031e+01,1.650000000000000000e+03,1.800000000000000000e+03,-2.466096956959060726e+00,2.544154894996883520e+00,-1.414115774967320771e+00
1.811899999999999977e+01,1.650000000000000000e+03,1.800000000000000000e+03,-2.456394090456654133e+00,2.550078636266587040e+00,-1.416259248956531769e+00
1.813599999999999923e+01,1.650000000000000000e+03,1.800000000000000000e+03,-2.456394090456654133e+00,2.550078636266587040e+00,-1.416259248956531769e+00
1.815399999999999991e+01,1.650000000000000000e+03,1.800000000000000000e+03,-2.446682629817367616e+00,2.550210612559991041e+00,-1.407699437036327383e+00
1.817099999999999937e+01,1.650000000000000000e+03,1.800000000000000000e+03,-2.446682629817367616e+00,2.550210612559991041e+00,-1.407699437036327383e+00
1.818900000000000006e+01,1.650000000000000000e+03,1.800000000000000000e+03,-2.443901640464803293e+00,2.553565319003458622e+00,-1.420254660864928686e+00
1.820499999999999829e+01,1.650000000000000000e+03,1.800000000000000000e+03,-2.443901640464803293e+00,2.553565319003458622e+00,-1.420254660864928686e+00
1.822200000000000131e+01,1.650000000000000000e+03,1.800000000000000000e+03,-2.433359838324330227e+00,2.553546617742028069e+00,-1.434231478197113052e+00
1.823999999999999844e+01,1.650000000000000000e+03,1.800000000000000000e+03,-2.429738278915952066e+00,2.556751671377743840e+00,-1.434929597951151825e+00
1.825700000000000145e+01,1.650000000000000000e+03,1.800000000000000000e+03,-2.424184786196518004e+00,2.557661557654373308e+00,-1.436325645137224827e+00
1.827400000000000091e+01,1.650000000000000000e+03,1.800000000000000000e+03,-2.420030389270951154e+00,2.556891169840927347e+00,-1.437838383554267407e+00
1.829100000000000037e+01,1.650000000000000000e+03,1.800000000000000000e+03,-2.420030389270951154e+00,2.556891169840927347e+00,-1.437838383554267407e+00
1.830799999999999983e+01,1.650000000000000000e+03,1.800000000000000000e+03,-2.411935245501104497e+00,2.563160977627979342e+00,-1.439152640774466141e+00
1.832499999999999929e+01,1.650000000000000000e+03,1.800000000000000000e+03,-2.411935245501104497e+00,2.563160977627979342e+00,-1.439152640774466141e+00
1.834199999999999875e+01,1.650000000000000000e+03,1.800000000000000000e+03,-2.401140914706008544e+00,2.561158826846801961e+00,-1.454409036914837916e+00
1.835999999999999943e+01,1.650000000000000000e+03,1.800000000000000000e+03,-2.395839659422356327e+00,2.564067157598439284e+00,-1.455516925571138431e+00
1.837699999999999889e+01,1.650000000000000000e+03,1.800000000000000000e+03,-2.391692446151777673e+00,2.563298537456888404e+00,-1.469075622311706297e+00
1.839399999999999835e+01,1.650000000000000000e+03,1.800000000000000000e+03,-2.391692446151777673e+00,2.563298537456888404e+00,-1.469075622311706297e+00
1.841100000000000136e+01,1.650000000000000000e+03,1.800000000000000000e+03,-2.391692446151777673e+00,2.563298537456888404e+00,-1.469075622311706297e+00
1.842800000000000082e+01,1.650000000000000000e+03,1.800000000000000000e+03,-2.354700096879693838e+00,2.572049674673559050e+00,-1.490132418732107000e+00
1.844500000000000028e+01,1.650000000000000000e+03,1.800000000000000000e+03,-2.348910643210833094e+00,2.570978181150508135e+00,-1.491540396848787919e+00
1.846199999999999974e+01,1.650000000000000000e+03,1.800000000000000000e+03,-2.343952208223847755e+00,2.570061373320223996e+00,-1.505689613958718143e+00
1.847899999999999920e+01,1.650000000000000000e+03,1.800000000000000000e+03,-2.338770543098020127e+00,2.567152776089445698e+00,-1.506307945787334734e+00
1.849599999999999866e+01,1.650000000000000000e+03,1.800000000000000000e+03,-2.334271063606411900e+00,2.570226132664053420e+00,-1.507805663141881913e+00
1.851200000000000045e+01,1.650000000000000000e+03,1.800000000000000000e+03,-2.334271063606411900e+00,2.570226132664053420e+00,-1.507805663141881913e+00
1.852899999999999991e+01,1.650000000000000000e+03,1.800000000000000000e+03,-2.330592467680921764e+00,2.573456140990508789e+00,-1.507660162796404135e+00
1.854700000000000060e+01,1.650000000000000000e+03,1.800000000000000000e+03,-2.321737216329334164e+00,2.573776729721621859e+00,-1.522181394639506635e+00
1.856400000000000006e+01,1.650000000000000000e+03,1.800000000000000000e+03,-2.321737216329334164e+00,2.573776729721621859e+00,-1.522181394639506635e+00
1.858099999999999952e+01,1.650000000000000000e+03,1.800000000000000000e+03,-2.316400278153849523e+00,2.576706955141195188e+00,-1.523593348011649473e+00
1.859799999999999898e+01,1.650000000000000000e+03,1.800000000000000000e+03,-2.310628796688952491e+00,2.575641087612764224e+00,-1.526202830407074051e+00
1.861499999999999844e+01,1.650000000000000000e+03,1.800000000000000000e+03,-2.307333004458818060e+00,2.575032911535036995e+00,-1.526908498762134858e+00
1.863299999999999912e+01,1.650000000000000000e+03,1.800000000000000000e+03,-2.300956445632083458e+00,2.575815263883217021e+00,-1.541219537400700279e+00
1.864999999999999858e+01,1.650000000000000000e+03,1.800000000000000000e+03,-2.300956445632083458e+00,2.575815263883217021e+00,-1.541219537400700279e+00
1.866700000000000159e+01,1.650000000000000000e+03,1.800000000000000000e+03,-2.292525380209613495e+00,2.580142462283309790e+00,-1.541624493014606578e+00
1.868400000000000105e+01,1.650000000000000000e+03,1.800000000000000000e+03,-2.292525380209613495e+00,2.580142462283309790e+00,-1.541624493014606578e+00
1.870100000000000051e+01,1.650000000000000000e+03,1.800000000000000000e+03,-2.286152601296874032e+00,2.573088753673121509e+00,-1.544749879709297780e+00
1.871799999999999997e+01,1.650000000000000000e+03,1.800000000000000000e+03,-2.277099151121738441e+00,2.579260639500569496e+00,-1.548475167828076815e+00
1.873499999999999943e+01,1.650000000000000000e+03,1.800000000000000000e+03,-2.277099151121738441e+00,2.579260639500569496e+00,-1.548475167828076815e+00
1.875199999999999889e+01,1.650000000000000000e+03,1.800000000000000000e+03,-2.272595442993328163e+00,2.574511194457058672e+00,-1.547464699541223121e+00
1.876899999999999835e+01,1.650000000000000000e+03,1.800000000000000000e+03,-2.272595442993328163e+00,2.574511194457058672e+00,-1.547464699541223121e+00
1.878699999999999903e+01,1.650000000000000000e+03,1.800000000000000000e+03,-2.262708323904636387e+00,2.580537169353015692e+00,-1.565401511401824264e+00
1.880399999999999849e+01,1.650000000000000000e+03,1.800000000000000000e+03,-2.262708323904636387e+00,2.580537169353015692e+00,-1.565401511401824264e+00
1.882100000000000151e+01,1.650000000000000000e+03,1.800000000000000000e+03,-2.259617892811352391e+00,2.581932851180856581e+00,-1.538590645286509240e+00
1.884100000000000108e+01,1.650000000000000000e+03,1.800000000000000000e+03,-2.259617892811352391e+00,2.581932851180856581e+00,-1.538590645286509240e+00
1.885800000000000054e+01,1.650000000000000000e+03,1.800000000000000000e+03,-2.253495696479708599e+00,2.576881320617510518e+00,-1.578385236948821380e+00
1.887800000000000011e+01,1.650000000000000000e+03,1.800000000000000000e+03,-2.253495696479708599e+00,2.576881320617510518e+00,-1.578385236948821380e+00
1.890800000000000125e+01,1.650000000000000000e+03,1.800000000000000000e+03,-2.253495696479708599e+00,2.576881320617510518e+00,-1.578385236948821380e+00
1.892599999999999838e+01,1.650000000000000000e+03,1.800000000000000000e+03,-2.253495696479708599e+00,2.576881320617510518e+00,-1.578385236948821380e+00
1.894300000000000139e+01,1.650000000000000000e+03,1.800000000000000000e+03,-2.247575781627150882e+00,2.573835799185047346e+00,-1.577356198315700953e+00
1.897200000000000131e+01,1.650000000000000000e+03,1.800000000000000000e+03,-2.244303204529410678e+00,2.573236164601775844e+00,-1.578060715090041199e+00
1.898900000000000077e+01,1.650000000000000000e+03,1.800000000000000000e+03,-2.240948664099531307e+00,2.580465062928819719e+00,-1.565323282299582175e+00
1.900600000000000023e+01,1.650000000000000000e+03,1.800000000000000000e+03,nan,nan,nan
1.902299999999999969e+01,1.650000000000000000e+03,1.800000000000000000e+03,-2.198823370672104982e+00,2.576677354973950340e+00,-1.613798044321720138e+00
1.903999999999999915e+01,1.650000000000000000e+03,1.800000000000000000e+03,-2.198823370672104982e+00,2.576677354973950340e+00,-1.613798044321720138e+00
1.905699999999999861e+01,1.650000000000000000e+03,1.800000000000000000e+03,-2.195077765930154801e+00,2.579919807516465102e+00,-1.631162877076788531e+00
1.907400000000000162e+01,1.650000000000000000e+03,1.800000000000000000e+03,-2.190351160106814632e+00,2.581021357091163537e+00,-1.615200143909815367e+00
1.909100000000000108e+01,1.650000000000000000e+03,1.800000000000000000e+03,-2.180424143509539725e+00,2.577244976111087826e+00,-1.634659921750456935e+00
1.910900000000000176e+01,1.650000000000000000e+03,1.800000000000000000e+03,-2.180424143509539725e+00,2.577244976111087826e+00,-1.634659921750456935e+00
1.912600000000000122e+01,1.650000000000000000e+03,1.800000000000000000e+03,-2.170672083918807616e+00,2.575468523888826855e+00,-1.632835881170911385e+00
1.914300000000000068e+01,1.650000000000000000e+03,1.800000000000000000e+03,-2.170672083918807616e+00,2.575468523888826855e+00,-1.632835881170911385e+00
1.916000000000000014e+01,1.650000000000000000e+03,1.800000000000000000e+03,-2.167065431671971965e+00,2.580703024991126693e+00,-1.646308728311579817e+00
1.917699999999999960e+01,1.650000000000000000e+03,1.800000000000000000e+03,-2.156733567231577275e+00,2.570975830648586591e+00,-1.666712230112488147e+00
1.919399999999999906e+01,1.650000000000000000e+03,1.800000000000000000e+03,-2.151208524565751734e+00,2.571931707718748683e+00,-1.649791791200176494e+00
1.921099999999999852e+01,1.650000000000000000e+03,1.800000000000000000e+03,-2.151208524565751734e+00,2.571931707718748683e+00,-1.649791791200176494e+00
1.922800000000000153e+01,1.650000000000000000e+03,1.800000000000000000e+03,-2.151208524565751734e+00,2.571931707718748683e+00,-1.649791791200176494e+00
1.924599999999999866e+01,1.650000000000000000e+03,1.800000000000000000e+03,-2.140966655150837283e+00,2.573993526230188955e+00,-1.655992846208327096e+00
1.926300000000000168e+01,1.650000000000000000e+03,1.800000000000000000e+03,-2.140966655150837283e+00,2.573993526230188955e+00,-1.655992846208327096e+00
1.928000000000000114e+01,1.650000000000000000e+03,1.800000000000000000e+03,-2.130452615081263712e+00,2.572088179517642903e+00,-1.677106460851225611e+00
1.929799999999999827e+01,1.650000000000000000e+03,1.800000000000000000e+03,-2.127353958925823019e+00,2.573487187657244046e+00,-1.672677973075758384e+00
1.931500000000000128e+01,1.650000000000000000e+03,1.800000000000000000e+03,-2.121568316687748368e+00,2.570480789613853734e+00,-1.669528354778479606e+00
1.933200000000000074e+01,1.650000000000000000e+03,1.800000000000000000e+03,-2.117662654259502730e+00,2.571733506811317405e+00,-1.674752668314964499e+00
1.934900000000000020e+01,1.650000000000000000e+03,1.800000000000000000e+03,-2.112948905875036587e+00,2.572841261894039278e+00,-1.689367247883424517e+00
1.936599999999999966e+01,1.650000000000000000e+03,1.800000000000000000e+03,-2.112948905875036587e+00,2.572841261894039278e+00,-1.689367247883424517e+00
1.938299999999999912e+01,1.650000000000000000e+03,1.800000000000000000e+03,-2.112948905875036587e+00,2.572841261894039278e+00,-1.689367247883424517e+00
1.940099999999999980e+01,1.650000000000000000e+03,1.800000000000000000e+03,-2.106496921140532219e+00,2.571675379415168106e+00,-1.696331352171554174e+00
1.941799999999999926e+01,1.650000000000000000e+03,1.800000000000000000e+03,-2.068924106221969428e+00,2.568823777210541337e+00,-1.712202567753336346e+00
1.943499999999999872e+01,1.650000000000000000e+03,1.800000000000000000e+03,-2.068924106221969428e+00,2.568823777210541337e+00,-1.712202567753336346e+00
1.945299999999999940e+01,1.650000000000000000e+03,1.800000000000000000e+03,-2.064004846310794061e+00,2.565983356971372142e+00,-1.733307685561910283e+00
1.946999999999999886e+01,1.650000000000000000e+03,1.800000000000000000e+03,-2.064004846310794061e+00,2.565983356971372142e+00,-1.733307685561910283e+00
1.948699999999999832e+01,1.650000000000000000e+03,1.800000000000000000e+03,-2.058498152055488806e+00,2.566951530450217511e+00,-1.748361605842826183e+00
1.950400000000000134e+01,1.650000000000000000e+03,1.800000000000000000e+03,-2.054391056586571729e+00,2.564259542395645131e+00,-1.735337930340067114e+00
1.952199999999999847e+01,1.650000000000000000e+03,1.800000000000000000e+03,-2.048887630487591149e+00,2.565228630782402153e+00,-1.750379769259961416e+00
1.953900000000000148e+01,1.650000000000000000e+03,1.800000000000000000e+03,-2.039994467605124928e+00,2.561683365201437468e+00,-1.752395046491127317e+00
1.955699999999999861e+01,1.650000000000000000e+03,1.800000000000000000e+03,-2.035202000874419603e+00,2.560827174197595202e+00,-1.739390130018678482e+00
1.957499999999999929e+01,1.650000000000000000e+03,1.800000000000000000e+03,-2.035202000874419603e+00,2.560827174197595202e+00,-1.739390130018678482e+00
1.959199999999999875e+01,1.650000000000000000e+03,1.800000000000000000e+03,-2.031119866590404666e+00,2.558147877047891594e+00,-1.761037654716500978e+00
1.960900000000000176e+01,1.650000000000000000e+03,1.800000000000000000e+03,-2.020046840699549762e+00,2.558124224621207699e+00,-1.763041614100836485e+00
1.962600000000000122e+01,1.650000000000000000e+03,1.800000000000000000e+03,-2.020046840699549762e+00,2.558124224621207699e+00,-1.763041614100836485e+00
1.964399999999999835e+01,1.650000000000000000e+03,1.800000000000000000e+03,-2.010491518250976384e+00,2.556423591115864369e+00,-1.765042645756577544e+00
1.966100000000000136e+01,1.650000000000000000e+03,1.800000000000000000e+03,-2.010491518250976384e+00,2.556423591115864369e+00,-1.765042645756577544e+00
1.967800000000000082e+01,1.650000000000000000e+03,1.800000000000000000e+03,-2.005638924268561940e+00,2.553613757872776890e+00,-1.787437890747363367e+00
1.969600000000000151e+01,1.650000000000000000e+03,1.800000000000000000e+03,-2.005638924268561940e+00,2.553613757872776890e+00,-1.787437890747363367e+00
1.971300000000000097e+01,1.650000000000000000e+03,1.800000000000000000e+03,-1.996106648210363765e+00,2.551922621773722089e+00,-1.789414563379954082e+00
1.973000000000000043e+01,1.650000000000000000e+03,1.800000000000000000e+03,-1.996106648210363765e+00,2.551922621773722089e+00,-1.789414563379954082e+00
1.974699999999999989e+01,1.650000000000000000e+03,1.800000000000000000e+03,-1.992138558783144608e+00,2.551219449467140965e+00,-1.804346710201425008e+00
1.976399999999999935e+01,1.650000000000000000e+03,1.800000000000000000e+03,-1.981831652615452466e+00,2.549395231689149277e+00,-1.806304603813474685e+00
1.978099999999999881e+01,1.650000000000000000e+03,1.800000000000000000e+03,-1.977079537491947869e+00,2.548555244613720294e+00,-1.793358658729079069e+00
1.979799999999999827e+01,1.650000000000000000e+03,1.800000000000000000e+03,-1.977079537491947869e+00,2.548555244613720294e+00,-1.793358658729079069e+00
1.981500000000000128e+01,1.650000000000000000e+03,1.800000000000000000e+03,-1.972330519037909013e+00,2.547716492747647887e+00,-1.808259313930735690e+00
1.983299999999999841e+01,1.650000000000000000e+03,1.800000000000000000e+03,-1.966793902016909179e+00,2.546739507846611961e+00,-1.818401800607844176e+00
1.985000000000000142e+01,1.650000000000000000e+03,1.800000000000000000e+03,-1.962659193131297997e+00,2.540195701280919760e+00,-1.824858334134726645e+00
1.986700000000000088e+01,1.650000000000000000e+03,1.800000000000000000e+03,-1.958043130510274565e+00,2.543257859873250037e+00,-1.825502569531057162e+00
1.988400000000000034e+01,1.650000000000000000e+03,1.800000000000000000e+03,-1.952463289447250228e+00,2.540339421547400889e+00,-1.840316082349608529e+00
1.990099999999999980e+01,1.650000000000000000e+03,1.800000000000000000e+03,-1.948522228364740538e+00,2.539647285850693770e+00,-1.827433099527174809e+00
1.991799999999999926e+01,1.650000000000000000e+03,1.800000000000000000e+03,-1.924831433598260810e+00,2.531634875095690518e+00,-1.837371452778156167e+00
1.993499999999999872e+01,1.650000000000000000e+03,1.800000000000000000e+03,-1.918597402678084318e+00,2.532476419027154257e+00,-1.857039188229948401e+00
1.995100000000000051e+01,1.650000000000000000e+03,1.800000000000000000e+03,-1.915419917466207878e+00,2.529993162939440321e+00,-1.839284395498447244e+00
1.996799999999999997e+01,1.650000000000000000e+03,1.800000000000000000e+03,-1.915419917466207878e+00,2.529993162939440321e+00,-1.839284395498447244e+00
1.998600000000000065e+01,1.650000000000000000e+03,1.800000000000000000e+03,-1.910680429784177070e+00,2.527240864542018794e+00,-1.863114100547576202e+00
2.000300000000000011e+01,1.650000000000000000e+03,1.800000000000000000e+03,-1.910680429784177070e+00,2.527240864542018794e+00,-1.863114100547576202e+00
2.001999999999999957e+01,1.650000000000000000e+03,1.800000000000000000e+03,-1.900542841492523838e+00,2.527403661923468103e+00,-1.864993399037109034e+00
2.003699999999999903e+01,1.650000000000000000e+03,1.800000000000000000e+03,-1.900542841492523838e+00,2.527403661923468103e+00,-1.864993399037109034e+00
2.005399999999999849e+01,1.650000000000000000e+03,1.800000000000000000e+03,-1.897414633998330880e+00,2.526860044388148374e+00,-1.865619076809349464e+00
2.007100000000000151e+01,1.650000000000000000e+03,1.800000000000000000e+03,-1.891943446279668706e+00,2.525910001752579515e+00,-1.866869302363298067e+00
2.008800000000000097e+01,1.650000000000000000e+03,1.800000000000000000e+03,-1.886448506372748080e+00,2.523033167816995270e+00,-1.892051298595255782e+00
2.010500000000000043e+01,1.650000000000000000e+03,1.800000000000000000e+03,-1.886448506372748080e+00,2.523033167816995270e+00,-1.892051298595255782e+00
2.012199999999999989e+01,1.650000000000000000e+03,1.800000000000000000e+03,-1.877844998968614121e+00,2.519622803989659765e+00,-1.897118391714617047e+00
2.013899999999999935e+01,1.650000000000000000e+03,1.800000000000000000e+03,-1.873950198169494596e+00,2.518949746345507723e+00,-1.897728593008846332e+00
2.015599999999999881e+01,1.650000000000000000e+03,1.800000000000000000e+03,-1.873950198169494596e+00,2.518949746345507723e+00,-1.897728593008846332e+00
2.017399999999999949e+01,1.650000000000000000e+03,1.800000000000000000e+03,-1.867722749682248162e+00,2.517874582391777416e+00,-1.898947819141521443e+00
2.019099999999999895e+01,1.650000000000000000e+03,1.800000000000000000e+03,-1.867722749682248162e+00,2.517874582391777416e+00,-1.898947819141521443e+00
2.020799999999999841e+01,1.650000000000000000e+03,1.800000000000000000e+03,-1.858375601833542889e+00,2.514346329862215068e+00,-1.911760271164959279e+00
2.022500000000000142e+01,1.650000000000000000e+03,1.800000000000000000e+03,-1.858375601833542889e+00,2.514346329862215068e+00,-1.911760271164959279e+00
2.024200000000000088e+01,1.650000000000000000e+03,1.800000000000000000e+03,-1.849059790743722731e+00,2.512744165765046667e+00,-1.913566359848435816e+00
2.025900000000000034e+01,1.650000000000000000e+03,1.800000000000000000e+03,-1.842855682270712947e+00,2.511678706579950848e+00,-1.914768443015880228e+00
2.027599999999999980e+01,1.650000000000000000e+03,1.800000000000000000e+03,-1.840522396646940395e+00,2.509365380796372502e+00,-1.918117621164501907e+00
2.029400000000000048e+01,1.650000000000000000e+03,1.800000000000000000e+03,-1.835090509905822787e+00,2.504615117463758533e+00,-1.944218524769263379e+00
2.031099999999999994e+01,1.650000000000000000e+03,1.800000000000000000e+03,-1.835090509905822787e+00,2.504615117463758533e+00,-1.944218524769263379e+00
2.032900000000000063e+01,1.650000000000000000e+03,1.800000000000000000e+03,-1.831997537233017503e+00,2.504086294113352817e+00,-1.919912446427183061e+00
2.034499999999999886e+01,1.650000000000000000e+03,1.800000000000000000e+03,-1.821182317753130109e+00,2.500334029926512880e+00,-1.947138911846848508e+00
2.036299999999999955e+01,1.650000000000000000e+03,1.800000000000000000e+03,-1.818094868690446120e+00,2.501713106386299401e+00,-1.947721769758784749e+00
2.037999999999999901e+01,1.650000000000000000e+03,1.800000000000000000e+03,-1.818094868690446120e+00,2.501713106386299401e+00,-1.947721769758784749e+00
2.039699999999999847e+01,1.650000000000000000e+03,1.800000000000000000e+03,-1.818094868690446120e+00,2.501713106386299401e+00,-1.947721769758784749e+00
2.041499999999999915e+01,1.650000000000000000e+03,1.800000000000000000e+03,-1.811932361510664391e+00,2.496855931375790316e+00,-1.961395708202942734e+00
2.043100000000000094e+01,1.650000000000000000e+03,1.800000000000000000e+03,-1.785830440628139559e+00,2.486739797570603372e+00,-1.980885827182790715e+00
2.044800000000000040e+01,1.650000000000000000e+03,1.800000000000000000e+03,-1.781248457115458761e+00,2.484074116726334935e+00,-1.996166370210956220e+00
2.046499999999999986e+01,1.650000000000000000e+03,1.800000000000000000e+03,-1.776654092313266098e+00,2.483300070933295078e+00,-1.983548039991599454e+00
2.048300000000000054e+01,1.650000000000000000e+03,1.800000000000000000e+03,-1.776654092313266098e+00,2.483300070933295078e+00,-1.983548039991599454e+00
2.050000000000000000e+01,1.650000000000000000e+03,1.800000000000000000e+03,-1.771318782385673307e+00,2.480512411575320542e+00,-2.011476014109179644e+00
2.051699999999999946e+01,1.650000000000000000e+03,1.800000000000000000e+03,-1.766709118597906025e+00,2.481627002618044475e+00,-1.985229837732562785e+00
2.053399999999999892e+01,1.650000000000000000e+03,1.800000000000000000e+03,-1.761384967826625791e+00,2.478844152186453709e+00,-1.999582842467910071e+00
2.055000000000000071e+01,1.650000000000000000e+03,1.800000000000000000e+03,-1.761384967826625791e+00,2.478844152186453709e+00,-1.999582842467910071e+00
2.056800000000000139e+01,1.650000000000000000e+03,1.800000000000000000e+03,-1.759173559145510213e+00,2.472818386577679828e+00,-2.000634139299158232e+00
2.058599999999999852e+01,1.650000000000000000e+03,1.800000000000000000e+03,-1.749298608373368147e+00,2.469286962178702804e+00,-2.029827044122347601e+00
2.060200000000000031e+01,1.650000000000000000e+03,1.800000000000000000e+03,-1.749298608373368147e+00,2.469286962178702804e+00,-2.029827044122347601e+00
2.061899999999999977e+01,1.650000000000000000e+03,1.800000000000000000e+03,-1.744733085878582779e+00,2.468525331131895761e+00,-2.016970975656209308e+00
2.063599999999999923e+01,1.650000000000000000e+03,1.800000000000000000e+03,-1.744733085878582779e+00,2.468525331131895761e+00,-2.016970975656209308e+00
2.065299999999999869e+01,1.650000000000000000e+03,1.800000000000000000e+03,-1.740964546135069124e+00,2.466019292272058738e+00,-2.017545029630082087e+00
2.067000000000000171e+01,1.650000000000000000e+03,1.800000000000000000e+03,-1.731128985080118365e+00,2.462508193193916561e+00,-2.046891155157851028e+00
2.068799999999999883e+01,1.650000000000000000e+03,1.800000000000000000e+03,-1.731128985080118365e+00,2.462508193193916561e+00,-2.046891155157851028e+00
2.070499999999999829e+01,1.650000000000000000e+03,1.800000000000000000e+03,-1.725819852242250318e+00,2.461627115619334116e+00,-2.034166414576442428e+00
2.072200000000000131e+01,1.650000000000000000e+03,1.800000000000000000e+03,-1.722071721990619642e+00,2.459133209900433048e+00,-2.035223262703753644e+00
2.073900000000000077e+01,1.650000000000000000e+03,1.800000000000000000e+03,-1.713123849735200155e+00,2.452048106492413559e+00,-2.050643234345365773e+00
2.075600000000000023e+01,1.650000000000000000e+03,1.800000000000000000e+03,-1.713123849735200155e+00,2.452048106492413559e+00,-2.050643234345365773e+00
2.077299999999999969e+01,1.650000000000000000e+03,1.800000000000000000e+03,-1.709346455227920059e+00,2.451425200350532130e+00,-2.051160823518404008e+00
2.078999999999999915e+01,1.650000000000000000e+03,1.800000000000000000e+03,-1.703356045028268317e+00,2.448574568611326274e+00,-2.067327802202505893e+00
2.080799999999999983e+01,1.650000000000000000e+03,1.800000000000000000e+03,-1.703356045028268317e+00,2.448574568611326274e+00,-2.067327802202505893e+00
2.082499999999999929e+01,1.650000000000000000e+03,1.800000000000000000e+03,-1.696674180865773485e+00,2.443754828226037290e+00,-2.067440536779415083e+00
2.084299999999999997e+01,1.650000000000000000e+03,1.800000000000000000e+03,-1.692909543821534024e+00,2.443137476491838544e+00,-2.067946544459176472e+00
2.085999999999999943e+01,1.650000000000000000e+03,1.800000000000000000e+03,-1.686889896471772898e+00,2.442151393341512655e+00,-2.068957322361122841e+00
2.087699999999999889e+01,1.650000000000000000e+03,1.800000000000000000e+03,-1.681685050498957334e+00,2.439443286168216485e+00,-2.085389616096732457e+00
2.089399999999999835e+01,1.650000000000000000e+03,1.800000000000000000e+03,-1.681685050498957334e+00,2.439443286168216485e+00,-2.085389616096732457e+00
2.091100000000000136e+01,1.650000000000000000e+03,1.800000000000000000e+03,-1.681685050498957334e+00,2.439443286168216485e+00,-2.085389616096732457e+00
2.092800000000000082e+01,1.650000000000000000e+03,1.800000000000000000e+03,-1.646888351011394080e+00,2.422696984874835202e+00,-2.118778947888559472e+00
2.094500000000000028e+01,1.650000000000000000e+03,1.800000000000000000e+03,-1.640477412976560689e+00,2.414309060033546839e+00,-2.133733773307738169e+00
2.096199999999999974e+01,1.650000000000000000e+03,1.800000000000000000e+03,-1.640477412976560689e+00,2.414309060033546839e+00,-2.133733773307738169e+00
2.097899999999999920e+01,1.650000000000000000e+03,1.800000000000000000e+03,-1.640477412976560689e+00,2.414309060033546839e+00,-2.133733773307738169e+00
2.099599999999999866e+01,1.650000000000000000e+03,1.800000000000000000e+03,-1.630807616697969475e+00,2.412755924042805145e+00,-2.135107112008402641e+00
2.101300000000000168e+01,1.650000000000000000e+03,1.800000000000000000e+03,-1.627172305015979648e+00,2.410339980932236781e+00,-2.132414060196800687e+00
2.103000000000000114e+01,1.650000000000000000e+03,1.800000000000000000e+03,-1.622964389932705753e+00,2.404178244338261994e+00,-2.149847756671114496e+00
2.104700000000000060e+01,1.650000000000000000e+03,1.800000000000000000e+03,-1.622964389932705753e+00,2.404178244338261994e+00,-2.149847756671114496e+00
2.106500000000000128e+01,1.650000000000000000e+03,1.800000000000000000e+03,-1.619258259599095418e+00,2.403586597875674080e+00,-2.137608078405634604e+00
2.108200000000000074e+01,1.650000000000000000e+03,1.800000000000000000e+03,-1.614813165405374562e+00,2.402877686202701035e+00,-2.125247500722343919e+00
2.109900000000000020e+01,1.650000000000000000e+03,1.800000000000000000e+03,-1.609718059079743302e+00,2.400241281163215668e+00,-2.135832728512566892e+00
2.111700000000000088e+01,1.650000000000000000e+03,1.800000000000000000e+03,-1.609718059079743302e+00,2.400241281163215668e+00,-2.135832728512566892e+00
2.113400000000000034e+01,1.650000000000000000e+03,1.800000000000000000e+03,-1.601765569815859047e+00,2.395334200924235102e+00,-2.153642543116064179e+00
2.115099999999999980e+01,1.650000000000000000e+03,1.800000000000000000e+03,-1.601765569815859047e+00,2.395334200924235102e+00,-2.153642543116064179e+00
2.116799999999999926e+01,1.650000000000000000e+03,1.800000000000000000e+03,-1.598350600185425296e+00,2.389341113364044755e+00,-2.180040657242120705e+00
2.118499999999999872e+01,1.650000000000000000e+03,1.800000000000000000e+03,-1.593928219072882291e+00,2.388642198455980914e+00,-2.168127566285245944e+00
2.120200000000000173e+01,1.650000000000000000e+03,1.800000000000000000e+03,-1.585188194746599999e+00,2.385450454827687583e+00,-2.156970211755294908e+00
2.121900000000000119e+01,1.650000000000000000e+03,1.800000000000000000e+03,-1.585188194746599999e+00,2.385450454827687583e+00,-2.156970211755294908e+00
2.123699999999999832e+01,1.650000000000000000e+03,1.800000000000000000e+03,-1.580973174354300959e+00,2.381166991798629784e+00,-2.183264322684529191e+00
2.125400000000000134e+01,1.650000000000000000e+03,1.800000000000000000e+03,-1.571735398052259702e+00,2.374301854886395891e+00,-2.189841063897619122e+00
2.127100000000000080e+01,1.650000000000000000e+03,1.800000000000000000e+03,-1.571735398052259702e+00,2.374301854886395891e+00,-2.189841063897619122e+00
2.128800000000000026e+01,1.650000000000000000e+03,1.800000000000000000e+03,-1.568907753517307269e+00,2.372057926543265527e+00,-2.185631494807845687e+00
2.130499999999999972e+01,1.650000000000000000e+03,1.800000000000000000e+03,-1.568907753517307269e+00,2.372057926543265527e+00,-2.185631494807845687e+00
2.132199999999999918e+01,1.650000000000000000e+03,1.800000000000000000e+03,-1.563888103580154398e+00,2.369474568698027195e+00,-2.204289076052085683e+00
2.133899999999999864e+01,1.650000000000000000e+03,1.800000000000000000e+03,-1.557630513187858723e+00,2.363111918039683346e+00,-2.212425740073689973e+00
2.135699999999999932e+01,1.650000000000000000e+03,1.800000000000000000e+03,-1.552520654131004818e+00,2.362318567663469704e+00,-2.188818922521114541e+00
2.137399999999999878e+01,1.650000000000000000e+03,1.800000000000000000e+03,-1.552520654131004818e+00,2.362318567663469704e+00,-2.188818922521114541e+00
2.139099999999999824e+01,1.650000000000000000e+03,1.800000000000000000e+03,-1.552520654131004818e+00,2.362318567663469704e+00,-2.188818922521114541e+00
2.140800000000000125e+01,1.650000000000000000e+03,1.800000000000000000e+03,-1.547526220369700223e+00,2.359752380750973710e+00,-2.219703380176575980e+00
2.142500000000000071e+01,1.650000000000000000e+03,1.800000000000000000e+03,-1.547526220369700223e+00,2.359752380750973710e+00,-2.219703380176575980e+00
2.144200000000000017e+01,1.650000000000000000e+03,1.800000000000000000e+03,-1.523629973461531284e+00,2.343581285572947426e+00,-2.236672810733562944e+00
2.145899999999999963e+01,1.650000000000000000e+03,1.800000000000000000e+03,-1.523629973461531284e+00,2.343581285572947426e+00,-2.236672810733562944e+00
2.147599999999999909e+01,1.650000000000000000e+03,1.800000000000000000e+03,-1.514588402274232193e+00,2.336874202545346169e+00,-2.250391172409709650e+00
2.149299999999999855e+01,1.650000000000000000e+03,1.800000000000000000e+03,-1.511822570644720365e+00,2.334681273849744887e+00,-2.238877640465705809e+00
2.151000000000000156e+01,1.650000000000000000e+03,1.800000000000000000e+03,-1.507743603915431940e+00,2.330523145795484918e+00,-2.263895652096759470e+00
2.152700000000000102e+01,1.650000000000000000e+03,1.800000000000000000e+03,-1.507743603915431940e+00,2.330523145795484918e+00,-2.263895652096759470e+00
2.154500000000000171e+01,1.650000000000000000e+03,1.800000000000000000e+03,-1.507743603915431940e+00,2.330523145795484918e+00,-2.263895652096759470e+00
2.156200000000000117e+01,1.650000000000000000e+03,1.800000000000000000e+03,-1.500201296382445815e+00,2.324086245851412880e+00,-2.272526055774052089e+00
2.157900000000000063e+01,1.650000000000000000e+03,1.800000000000000000e+03,-1.500201296382445815e+00,2.324086245851412880e+00,-2.272526055774052089e+00
2.159600000000000009e+01,1.650000000000000000e+03,1.800000000000000000e+03,-1.491113737912041826e+00,2.319194457856300406e+00,-2.286124542333243248e+00
2.161299999999999955e+01,1.650000000000000000e+03,1.800000000000000000e+03,-1.489945129656353728e+00,2.315505449518719949e+00,-2.279266690373728643e+00
2.162999999999999901e+01,1.650000000000000000e+03,1.800000000000000000e+03,-1.484475944168986317e+00,2.311177598889877505e+00,-2.299492859996926875e+00
2.164699999999999847e+01,1.650000000000000000e+03,1.800000000000000000e+03,-1.480175472083716581e+00,2.310533105323376635e+00,-2.288176125673974326e+00
2.166400000000000148e+01,1.650000000000000000e+03,1.800000000000000000e+03,-1.480175472083716581e+00,2.310533105323376635e+00,-2.288176125673974326e+00
2.168199999999999861e+01,1.650000000000000000e+03,1.800000000000000000e+03,-1.477587688425171519e+00,2.306647009199377596e+00,-2.281337186591020583e+00
2.169800000000000040e+01,1.650000000000000000e+03,1.800000000000000000e+03,-1.472145655234736727e+00,2.302342616535275166e+00,-2.289883507845570598e+00
2.171499999999999986e+01,1.650000000000000000e+03,1.800000000000000000e+03,-1.472145655234736727e+00,2.302342616535275166e+00,-2.289883507845570598e+00
2.173199999999999932e+01,1.650000000000000000e+03,1.800000000000000000e+03,-1.471713123936942758e+00,2.298792495084025944e+00,-2.294329190382847550e+00
2.174899999999999878e+01,1.650000000000000000e+03,1.800000000000000000e+03,-1.465432303931822000e+00,2.296118683111055159e+00,-2.314597266614673909e+00
2.176599999999999824e+01,1.650000000000000000e+03,1.800000000000000000e+03,-1.460586257298929658e+00,2.293661816241503892e+00,-2.291915811616894949e+00
2.178300000000000125e+01,1.650000000000000000e+03,1.800000000000000000e+03,-1.460586257298929658e+00,2.293661816241503892e+00,-2.291915811616894949e+00
2.180099999999999838e+01,1.650000000000000000e+03,1.800000000000000000e+03,-1.458886537533639061e+00,2.288205178230272807e+00,-2.316241046376845691e+00
2.181800000000000139e+01,1.650000000000000000e+03,1.800000000000000000e+03,-1.453907228187640399e+00,2.287470022393003788e+00,-2.305166979000123018e+00
2.183500000000000085e+01,1.650000000000000000e+03,1.800000000000000000e+03,-1.450089074204918393e+00,2.281717819516144719e+00,-2.329075432646161126e+00
2.185200000000000031e+01,1.650000000000000000e+03,1.800000000000000000e+03,-1.447399864402939995e+00,2.279595913369660387e+00,-2.318188144434192299e+00
2.187000000000000099e+01,1.650000000000000000e+03,1.800000000000000000e+03,-1.447399864402939995e+00,2.279595913369660387e+00,-2.318188144434192299e+00
2.188599999999999923e+01,1.650000000000000000e+03,1.800000000000000000e+03,-1.444713698394294754e+00,2.277476752389594683e+00,-2.321604438465886933e+00
2.190299999999999869e+01,1.650000000000000000e+03,1.800000000000000000e+03,-1.439350471395745679e+00,2.273246646163965323e+00,-2.341972166601223648e+00
2.192000000000000171e+01,1.650000000000000000e+03,1.800000000000000000e+03,-1.414444581428784709e+00,2.249103134464990106e+00,-2.378407566289476360e+00
2.193700000000000117e+01,1.650000000000000000e+03,1.800000000000000000e+03,-1.410394618548642010e+00,2.246820673111918687e+00,-2.356799413635993989e+00
2.195499999999999829e+01,1.650000000000000000e+03,1.800000000000000000e+03,-1.407215589798201716e+00,2.242969072560328403e+00,-2.379882141434150888e+00
2.197200000000000131e+01,1.650000000000000000e+03,1.800000000000000000e+03,-1.402476486789598908e+00,2.240595550437471495e+00,-2.369323371430239078e+00
2.198900000000000077e+01,1.650000000000000000e+03,1.800000000000000000e+03,-1.402476486789598908e+00,2.240595550437471495e+00,-2.369323371430239078e+00
2.200600000000000023e+01,1.650000000000000000e+03,1.800000000000000000e+03,-1.400876436873663700e+00,2.235290549700887475e+00,-2.402414439448077310e+00
2.202299999999999969e+01,1.650000000000000000e+03,1.800000000000000000e+03,-1.400876436873663700e+00,2.235290549700887475e+00,-2.402414439448077310e+00
2.203999999999999915e+01,1.650000000000000000e+03,1.800000000000000000e+03,-1.395982497084363061e+00,2.234593268096900509e+00,-2.381607372700263348e+00
2.205699999999999861e+01,1.650000000000000000e+03,1.800000000000000000e+03,-1.394393458214681303e+00,2.229305247196961215e+00,-2.382812978234440937e+00
2.207400000000000162e+01,1.650000000000000000e+03,1.800000000000000000e+03,-1.388982563324207664e+00,2.226853590726463050e+00,-2.393653763216821329e+00
2.209100000000000108e+01,1.650000000000000000e+03,1.800000000000000000e+03,-1.386365975215791302e+00,2.224800775216318804e+00,-2.383323165456076254e+00
2.210800000000000054e+01,1.650000000000000000e+03,1.800000000000000000e+03,-1.376623277291339376e+00,2.216713357575931020e+00,-2.406288276313745200e+00
2.212500000000000000e+01,1.650000000000000000e+03,1.800000000000000000e+03,-1.376623277291339376e+00,2.216713357575931020e+00,-2.406288276313745200e+00
2.214199999999999946e+01,1.650000000000000000e+03,1.800000000000000000e+03,-1.376623277291339376e+00,2.216713357575931020e+00,-2.406288276313745200e+00
2.215899999999999892e+01,1.650000000000000000e+03,1.800000000000000000e+03,-1.369695063763765042e+00,2.209053452342809365e+00,-2.418289900386760838e+00
2.217699999999999960e+01,1.650000000000000000e+03,1.800000000000000000e+03,-1.369695063763765042e+00,2.209053452342809365e+00,-2.418289900386760838e+00
2.219399999999999906e+01,1.650000000000000000e+03,1.800000000000000000e+03,-1.366766294558690475e+00,2.203643986848184966e+00,-2.459942869342907290e+00
2.221099999999999852e+01,1.650000000000000000e+03,1.800000000000000000e+03,-1.358645906350209209e+00,2.200850069475375204e+00,-2.419874077566272152e+00
2.222800000000000153e+01,1.650000000000000000e+03,1.800000000000000000e+03,-1.357119295123815350e+00,2.195657053137929804e+00,-2.471032110217064037e+00
2.224500000000000099e+01,1.650000000000000000e+03,1.800000000000000000e+03,-1.357119295123815350e+00,2.195657053137929804e+00,-2.471032110217064037e+00
2.226200000000000045e+01,1.650000000000000000e+03,1.800000000000000000e+03,-1.355231397799356641e+00,2.193738072586190135e+00,-2.493857058844407781e+00
2.228000000000000114e+01,1.650000000000000000e+03,1.800000000000000000e+03,-1.355231397799356641e+00,2.193738072586190135e+00,-2.493857058844407781e+00
2.229700000000000060e+01,1.650000000000000000e+03,1.800000000000000000e+03,-1.350267804614464273e+00,2.188088972770363405e+00,-2.485040581165974150e+00
2.231400000000000006e+01,1.650000000000000000e+03,1.800000000000000000e+03,-1.347698861122752945e+00,2.186083620613941125e+00,-2.504460424408572639e+00
2.233099999999999952e+01,1.650000000000000000e+03,1.800000000000000000e+03,-1.343443398734513128e+00,2.180553684068515352e+00,-2.486217585359210780e+00
2.234900000000000020e+01,1.650000000000000000e+03,1.800000000000000000e+03,-1.343443398734513128e+00,2.180553684068515352e+00,-2.486217585359210780e+00
2.236599999999999966e+01,1.650000000000000000e+03,1.800000000000000000e+03,-1.343443398734513128e+00,2.180553684068515352e+00,-2.486217585359210780e+00
2.238299999999999912e+01,1.650000000000000000e+03,1.800000000000000000e+03,-1.336645886387235027e+00,2.173050976330237027e+00,-2.496982235906614722e+00
2.239999999999999858e+01,1.650000000000000000e+03,1.800000000000000000e+03,-1.333219210781849684e+00,2.172583601113613039e+00,-2.515922593905471683e+00
2.241700000000000159e+01,1.650000000000000000e+03,1.800000000000000000e+03,-1.311166478566020421e+00,2.148410842538449383e+00,-2.551332929955075102e+00
2.243400000000000105e+01,1.650000000000000000e+03,1.800000000000000000e+03,-1.306325933662991767e+00,2.142908343305254704e+00,-2.552197977475432644e+00
2.245100000000000051e+01,1.650000000000000000e+03,1.800000000000000000e+03,-1.303810893598864595e+00,2.140957503784251426e+00,-2.552314105856472892e+00
2.246799999999999997e+01,1.650000000000000000e+03,1.800000000000000000e+03,-1.298990522080909704e+00,2.135478977256350497e+00,-2.553175037208919473e+00
2.248499999999999943e+01,1.650000000000000000e+03,1.800000000000000000e+03,-1.298990522080909704e+00,2.135478977256350497e+00,-2.553175037208919473e+00
2.250199999999999889e+01,1.650000000000000000e+03,1.800000000000000000e+03,-1.296958844810192746e+00,2.135209441640741002e+00,-2.562007705719107076e+00
2.251899999999999835e+01,1.650000000000000000e+03,1.800000000000000000e+03,-1.290332640421506971e+00,2.127904063000173984e+00,-2.571477186870160470e+00
2.254200000000000159e+01,1.650000000000000000e+03,1.800000000000000000e+03,-1.290332640421506971e+00,2.127904063000173984e+00,-2.571477186870160470e+00
2.257900000000000063e+01,1.650000000000000000e+03,1.800000000000000000e+03,-1.290332640421506971e+00,2.127904063000173984e+00,-2.571477186870160470e+00
2.260399999999999920e+01,1.650000000000000000e+03,1.800000000000000000e+03,-1.290332640421506971e+00,2.127904063000173984e+00,-2.571477186870160470e+00
2.262099999999999866e+01,1.650000000000000000e+03,1.800000000000000000e+03,-1.290332640421506971e+00,2.127904063000173984e+00,-2.571477186870160470e+00
2.264000000000000057e+01,1.650000000000000000e+03,1.800000000000000000e+03,-1.285286322566490336e+00,2.119235732900223823e+00,-2.596065916943115504e+00
2.265800000000000125e+01,1.650000000000000000e+03,1.800000000000000000e+03,-1.281192736701897594e+00,2.113913666543592917e+00,-2.573110189899415978e+00
2.267500000000000071e+01,1.650000000000000000e+03,1.800000000000000000e+03,-1.281192736701897594e+00,2.113913666543592917e+00,-2.573110189899415978e+00
2.269200000000000017e+01,1.650000000000000000e+03,1.800000000000000000e+03,-1.275304755084841535e+00,2.106784387722578700e+00,-2.597593128143668828e+00
2.270899999999999963e+01,1.650000000000000000e+03,1.800000000000000000e+03,-1.275304755084841535e+00,2.106784387722578700e+00,-2.597593128143668828e+00
2.272700000000000031e+01,1.650000000000000000e+03,1.800000000000000000e+03,-1.271698433856423005e+00,2.103143757766321009e+00,-2.574730036527382193e+00
2.274399999999999977e+01,1.650000000000000000e+03,1.800000000000000000e+03,-1.270568122577077519e+00,2.101413237202996331e+00,-2.606640936131311204e+00
2.276099999999999923e+01,1.650000000000000000e+03,1.800000000000000000e+03,-1.264050595270692856e+00,2.094249224233652562e+00,-2.615471437128852106e+00
2.277799999999999869e+01,1.650000000000000000e+03,1.800000000000000000e+03,-1.260227185763290514e+00,2.087457703303549739e+00,-2.608114392614559129e+00
2.279500000000000171e+01,1.650000000000000000e+03,1.800000000000000000e+03,-1.260227185763290514e+00,2.087457703303549739e+00,-2.608114392614559129e+00
2.281200000000000117e+01,1.650000000000000000e+03,1.800000000000000000e+03,-1.253537027460704723e+00,2.081891178331780168e+00,-2.616904461893251543e+00
2.282999999999999829e+01,1.650000000000000000e+03,1.800000000000000000e+03,-1.253537027460704723e+00,2.081891178331780168e+00,-2.616904461893251543e+00
2.284799999999999898e+01,1.650000000000000000e+03,1.800000000000000000e+03,-1.249296907335113227e+00,2.073528044484776345e+00,-2.617616551461488861e+00
2.286400000000000077e+01,1.650000000000000000e+03,1.800000000000000000e+03,-1.244638094957248420e+00,2.068259762923458478e+00,-2.618325724658051357e+00
2.288100000000000023e+01,1.650000000000000000e+03,1.800000000000000000e+03,-1.244638094957248420e+00,2.068259762923458478e+00,-2.618325724658051357e+00
2.289900000000000091e+01,1.650000000000000000e+03,1.800000000000000000e+03,-1.242867003243541824e+00,2.066479400452624127e+00,-2.650107090032380874e+00
2.291600000000000037e+01,1.650000000000000000e+03,1.800000000000000000e+03,-1.239550147938922819e+00,2.061399745904202163e+00,-2.619032005644347461e+00
2.293299999999999983e+01,1.650000000000000000e+03,1.800000000000000000e+03,-1.220037503561011594e+00,2.034308749554605278e+00,-2.660712521835832955e+00
2.294999999999999929e+01,1.650000000000000000e+03,1.800000000000000000e+03,-1.217434525431551284e+00,2.029401918811647221e+00,-2.653857779122478444e+00
2.296799999999999997e+01,1.650000000000000000e+03,1.800000000000000000e+03,-1.217434525431551284e+00,2.029401918811647221e+00,-2.653857779122478444e+00
2.298499999999999943e+01,1.650000000000000000e+03,1.800000000000000000e+03,-1.214383377617507254e+00,2.027500932947623458e+00,-2.668619924650149855e+00
2.300199999999999889e+01,1.650000000000000000e+03,1.800000000000000000e+03,-1.212446868909696551e+00,2.022693226223452712e+00,-2.661928393170184037e+00
2.301899999999999835e+01,1.650000000000000000e+03,1.800000000000000000e+03,-1.204864340745143814e+00,2.015692690225445727e+00,-2.669799094200265621e+00
2.303600000000000136e+01,1.650000000000000000e+03,1.800000000000000000e+03,-1.204864340745143814e+00,2.015692690225445727e+00,-2.669799094200265621e+00
2.305300000000000082e+01,1.650000000000000000e+03,1.800000000000000000e+03,-1.204864340745143814e+00,2.015692690225445727e+00,-2.669799094200265621e+00
2.307100000000000151e+01,1.650000000000000000e+03,1.800000000000000000e+03,-1.203597947173448812e+00,2.010995896005442596e+00,-2.670358494290494544e+00
2.308800000000000097e+01,1.650000000000000000e+03,1.800000000000000000e+03,-1.201683197215228649e+00,2.006232117354822986e+00,-2.701352906005196175e+00
2.310500000000000043e+01,1.650000000000000000e+03,1.800000000000000000e+03,-1.201683197215228649e+00,2.006232117354822986e+00,-2.701352906005196175e+00
2.312199999999999989e+01,1.650000000000000000e+03,1.800000000000000000e+03,-1.198008128595373423e+00,2.004280162933636422e+00,-2.678022748454626623e+00
2.313899999999999935e+01,1.650000000000000000e+03,1.800000000000000000e+03,-1.195220735585629024e+00,2.000932363213396847e+00,-2.708641364460534273e+00
2.315599999999999881e+01,1.650000000000000000e+03,1.800000000000000000e+03,-1.192256741928064523e+00,1.994567597463402286e+00,-2.702383540527293793e+00
2.317399999999999949e+01,1.650000000000000000e+03,1.800000000000000000e+03,-1.192256741928064523e+00,1.994567597463402286e+00,-2.702383540527293793e+00
2.319099999999999895e+01,1.650000000000000000e+03,1.800000000000000000e+03,-1.190364273886888924e+00,1.989847451313406790e+00,-2.709638965739891159e+00
2.320799999999999841e+01,1.650000000000000000e+03,1.800000000000000000e+03,-1.187359163992942612e+00,1.987993464353170925e+00,-2.709637846778560011e+00
2.322599999999999909e+01,1.650000000000000000e+03,1.800000000000000000e+03,-1.182068972590953004e+00,1.979907045677258726e+00,-2.734426434397333239e+00
2.324399999999999977e+01,1.650000000000000000e+03,1.800000000000000000e+03,-1.182068972590953004e+00,1.979907045677258726e+00,-2.734426434397333239e+00
2.326099999999999923e+01,1.650000000000000000e+03,1.800000000000000000e+03,-1.179788158254273744e+00,1.973693275992633556e+00,-2.734884268421615250e+00
2.327799999999999869e+01,1.650000000000000000e+03,1.800000000000000000e+03,-1.179788158254273744e+00,1.973693275992633556e+00,-2.734884268421615250e+00
2.329500000000000171e+01,1.650000000000000000e+03,1.800000000000000000e+03,-1.179788158254273744e+00,1.973693275992633556e+00,-2.734884268421615250e+00
2.331299999999999883e+01,1.650000000000000000e+03,1.800000000000000000e+03,-1.174772333846067163e+00,1.964223528506134020e+00,-2.748393056292529835e+00
2.332999999999999829e+01,1.650000000000000000e+03,1.800000000000000000e+03,-1.174772333846067163e+00,1.964223528506134020e+00,-2.748393056292529835e+00
2.334700000000000131e+01,1.650000000000000000e+03,1.800000000000000000e+03,-1.171795657122169043e+00,1.962399266934419906e+00,-2.742145120958615845e+00
2.336400000000000077e+01,1.650000000000000000e+03,1.800000000000000000e+03,-1.167215607476847605e+00,1.954505569235797324e+00,-2.748773155714429706e+00
2.338100000000000023e+01,1.650000000000000000e+03,1.800000000000000000e+03,-1.167215607476847605e+00,1.954505569235797324e+00,-2.748773155714429706e+00
2.339699999999999847e+01,1.650000000000000000e+03,1.800000000000000000e+03,-1.164092459915221589e+00,1.949741885230015015e+00,-2.742984437770726203e+00
2.341400000000000148e+01,1.650000000000000000e+03,1.800000000000000000e+03,-1.142556652799918027e+00,1.912459193567930704e+00,-2.781600720122583859e+00
2.343199999999999861e+01,1.650000000000000000e+03,1.800000000000000000e+03,-1.142169872514173123e+00,1.910979479317285179e+00,-2.817070340931685291e+00
2.344900000000000162e+01,1.650000000000000000e+03,1.800000000000000000e+03,-1.138729203339339469e+00,1.904859937174750328e+00,-2.812013700907422198e+00
2.346600000000000108e+01,1.650000000000000000e+03,1.800000000000000000e+03,-1.138729203339339469e+00,1.904859937174750328e+00,-2.812013700907422198e+00
2.348300000000000054e+01,1.650000000000000000e+03,1.800000000000000000e+03,-1.134668775976406252e+00,1.898691613455648408e+00,-2.812275235216651126e+00
2.350000000000000000e+01,1.650000000000000000e+03,1.800000000000000000e+03,-1.131881457224143350e+00,1.892685541144525807e+00,-2.817888632904117507e+00
2.351699999999999946e+01,1.650000000000000000e+03,1.800000000000000000e+03,-1.131881457224143350e+00,1.892685541144525807e+00,-2.817888632904117507e+00
2.353399999999999892e+01,1.650000000000000000e+03,1.800000000000000000e+03,-1.130111325779017184e+00,1.888229266755144131e+00,-2.818204792191899344e+00
2.355199999999999960e+01,1.650000000000000000e+03,1.800000000000000000e+03,-1.128724044280975169e+00,1.885241483563841136e+00,-2.847816938565639777e+00
2.356899999999999906e+01,1.650000000000000000e+03,1.800000000000000000e+03,-1.124827277797475489e+00,1.881982121959457466e+00,-2.818451311164813511e+00
2.358699999999999974e+01,1.650000000000000000e+03,1.800000000000000000e+03,-1.124827277797475489e+00,1.881982121959457466e+00,-2.818451311164813511e+00
2.360399999999999920e+01,1.650000000000000000e+03,1.800000000000000000e+03,-1.122570558150010056e+00,1.873272543885933228e+00,-2.848266109506102151e+00
2.362099999999999866e+01,1.650000000000000000e+03,1.800000000000000000e+03,-1.122570558150010056e+00,1.873272543885933228e+00,-2.848266109506102151e+00
2.363800000000000168e+01,1.650000000000000000e+03,1.800000000000000000e+03,-1.119569442441784801e+00,1.868728686010587392e+00,-2.853317075093054545e+00
2.365500000000000114e+01,1.650000000000000000e+03,1.800000000000000000e+03,-1.117452596365305473e+00,1.862892704258578114e+00,-2.853574110052104817e+00
2.367299999999999827e+01,1.650000000000000000e+03,1.800000000000000000e+03,-1.112848866283494775e+00,1.856806288688847673e+00,-2.853742617925631997e+00
2.369099999999999895e+01,1.650000000000000000e+03,1.800000000000000000e+03,-1.112848866283494775e+00,1.856806288688847673e+00,-2.853742617925631997e+00
2.370799999999999841e+01,1.650000000000000000e+03,1.800000000000000000e+03,-1.111624842361942367e+00,1.849714543151992796e+00,-2.878554782079910002e+00
2.372500000000000142e+01,1.650000000000000000e+03,1.800000000000000000e+03,-1.109277167968677258e+00,1.845299463096184311e+00,-2.883173154829658191e+00
2.374200000000000088e+01,1.650000000000000000e+03,1.800000000000000000e+03,-1.109277167968677258e+00,1.845299463096184311e+00,-2.883173154829658191e+00
2.375900000000000034e+01,1.650000000000000000e+03,1.800000000000000000e+03,-1.108288851265447850e+00,1.843808126615500864e+00,-2.883173154829658191e+00
2.377599999999999980e+01,1.650000000000000000e+03,1.800000000000000000e+03,-1.108288851265447850e+00,1.843808126615500864e+00,-2.883173154829658191e+00
2.379400000000000048e+01,1.650000000000000000e+03,1.800000000000000000e+03,-1.103869422613365181e+00,1.833669130045683993e+00,-2.883585826161075172e+00
2.381099999999999994e+01,1.650000000000000000e+03,1.800000000000000000e+03,-1.103869422613365181e+00,1.833669130045683993e+00,-2.883585826161075172e+00
2.382799999999999940e+01,1.650000000000000000e+03,1.800000000000000000e+03,-1.101796317338595621e+00,1.827948654506609927e+00,-2.888068169941759855e+00
2.384499999999999886e+01,1.650000000000000000e+03,1.800000000000000000e+03,-1.098495278419391985e+00,1.822116652777174384e+00,-2.883893588351387205e+00
2.386199999999999832e+01,1.650000000000000000e+03,1.800000000000000000e+03,-1.095820692603743929e+00,1.816369361956328365e+00,-2.884097280098470328e+00
2.387999999999999901e+01,1.650000000000000000e+03,1.800000000000000000e+03,-1.095820692603743929e+00,1.816369361956328365e+00,-2.884097280098470328e+00
2.389699999999999847e+01,1.650000000000000000e+03,1.800000000000000000e+03,-1.083440549048138468e+00,1.786664916017335347e+00,-2.921188163440288754e+00
2.391499999999999915e+01,1.650000000000000000e+03,1.800000000000000000e+03,-1.083440549048138468e+00,1.786664916017335347e+00,-2.921188163440288754e+00
2.393199999999999861e+01,1.650000000000000000e+03,1.800000000000000000e+03,-1.082385245012099428e+00,1.782534280098635460e+00,-2.921329454794637126e+00
2.394900000000000162e+01,1.650000000000000000e+03,1.800000000000000000e+03,-1.082385245012099428e+00,1.782534280098635460e+00,-2.921329454794637126e+00
2.396600000000000108e+01,1.650000000000000000e+03,1.800000000000000000e+03,-1.078974202744759747e+00,1.771504663671810587e+00,-2.921610238529744663e+00
2.398300000000000054e+01,1.650000000000000000e+03,1.800000000000000000e+03,-1.076365458800359054e+00,1.765923797547375163e+00,-2.949209351270504875e+00
2.400000000000000000e+01,1.650000000000000000e+03,1.800000000000000000e+03,-1.076365458800359054e+00,1.765923797547375163e+00,-2.949209351270504875e+00
2.401699999999999946e+01,1.650000000000000000e+03,1.800000000000000000e+03,-1.075323730144922996e+00,1.761841894627835359e+00,-2.921888662140401660e+00
2.403399999999999892e+01,1.650000000000000000e+03,1.800000000000000000e+03,-1.075323730144922996e+00,1.761841894627835359e+00,-2.921888662140401660e+00
2.405099999999999838e+01,1.650000000000000000e+03,1.800000000000000000e+03,-1.071776820436998179e+00,1.754877627915119920e+00,-2.945851899104304561e+00
2.406800000000000139e+01,1.650000000000000000e+03,1.800000000000000000e+03,-1.071776820436998179e+00,1.754877627915119920e+00,-2.945851899104304561e+00
2.408500000000000085e+01,1.650000000000000000e+03,1.800000000000000000e+03,-1.069794905545404795e+00,1.749411429737676382e+00,-2.945951642664736969e+00
2.410300000000000153e+01,1.650000000000000000e+03,1.800000000000000000e+03,-1.069794905545404795e+00,1.749411429737676382e+00,-2.945951642664736969e+00
2.412000000000000099e+01,1.650000000000000000e+03,1.800000000000000000e+03,-1.067395165060768036e+00,1.739991887375281987e+00,-2.973527996342233415e+00
2.413700000000000045e+01,1.650000000000000000e+03,1.800000000000000000e+03,-1.067395165060768036e+00,1.739991887375281987e+00,-2.973527996342233415e+00
2.415399999999999991e+01,1.650000000000000000e+03,1.800000000000000000e+03,-1.064905361458923228e+00,1.737131111147613538e+00,-2.949551913696080607e+00
2.417099999999999937e+01,1.650000000000000000e+03,1.800000000000000000e+03,-1.062525912048136512e+00,1.727778298458273021e+00,-2.949737569492217659e+00
2.418799999999999883e+01,1.650000000000000000e+03,1.800000000000000000e+03,-1.062525912048136512e+00,1.727778298458273021e+00,-2.949737569492217659e+00
2.420499999999999829e+01,1.650000000000000000e+03,1.800000000000000000e+03,-1.060048280611235239e+00,1.724938812398800092e+00,-2.976748686806779620e+00
2.422200000000000131e+01,1.650000000000000000e+03,1.800000000000000000e+03,-1.060048280611235239e+00,1.724938812398800092e+00,-2.976748686806779620e+00
2.423900000000000077e+01,1.650000000000000000e+03,1.800000000000000000e+03,-1.059297664392417904e+00,1.719684459401494170e+00,-2.976797991349490857e+00
2.425700000000000145e+01,1.650000000000000000e+03,1.800000000000000000e+03,-1.057614832400258109e+00,1.713065878565215527e+00,-3.006397746175643260e+00
2.427400000000000091e+01,1.650000000000000000e+03,1.800000000000000000e+03,-1.056010763913260764e+00,1.709048964930086179e+00,-3.006399763211491383e+00
2.429100000000000037e+01,1.650000000000000000e+03,1.800000000000000000e+03,-1.056010763913260764e+00,1.709048964930086179e+00,-3.006399763211491383e+00
2.430799999999999983e+01,1.650000000000000000e+03,1.800000000000000000e+03,-1.055006751670285681e+00,1.705099233435653172e+00,-3.006401625946042433e+00
2.432499999999999929e+01,1.650000000000000000e+03,1.800000000000000000e+03,-1.051814762007512227e+00,1.697112448035416055e+00,-2.980132162718604594e+00
2.434199999999999875e+01,1.650000000000000000e+03,1.800000000000000000e+03,-1.050223993705635017e+00,1.693133224022668859e+00,-3.006404903007290130e+00
2.435900000000000176e+01,1.650000000000000000e+03,1.800000000000000000e+03,-1.047712666466137588e+00,1.687804499357328236e+00,-3.003634012181677360e+00
2.437600000000000122e+01,1.650000000000000000e+03,1.800000000000000000e+03,-1.046130423056220504e+00,1.683847322232635779e+00,-3.003639663315818886e+00
2.439300000000000068e+01,1.650000000000000000e+03,1.800000000000000000e+03,-1.046130423056220504e+00,1.683847322232635779e+00,-3.003639663315818886e+00
2.441000000000000014e+01,1.650000000000000000e+03,1.800000000000000000e+03,-1.046130423056220504e+00,1.683847322232635779e+00,-3.003639663315818886e+00
2.442699999999999960e+01,1.650000000000000000e+03,1.800000000000000000e+03,-1.037971293685358010e+00,1.651683451630117538e+00,-3.029879875104298570e+00
2.444500000000000028e+01,1.650000000000000000e+03,1.800000000000000000e+03,-1.037971293685358010e+00,1.651683451630117538e+00,-3.029879875104298570e+00
2.446199999999999974e+01,1.650000000000000000e+03,1.800000000000000000e+03,-1.034747148586721899e+00,1.638986132306397003e+00,-3.057676564514904882e+00
2.447800000000000153e+01,1.650000000000000000e+03,1.800000000000000000e+03,-1.034747148586721899e+00,1.638986132306397003e+00,-3.057676564514904882e+00
2.449500000000000099e+01,1.650000000000000000e+03,1.800000000000000000e+03,-1.032879398666166182e+00,1.633880194815505504e+00,-3.057597821699997720e+00
2.451200000000000045e+01,1.650000000000000000e+03,1.800000000000000000e+03,-1.032879398666166182e+00,1.633880194815505504e+00,-3.057597821699997720e+00
2.452899999999999991e+01,1.650000000000000000e+03,1.800000000000000000e+03,-1.029796133355396215e+00,1.626224047916311477e+00,-3.055335454707756693e+00
2.454700000000000060e+01,1.650000000000000000e+03,1.800000000000000000e+03,-1.029796133355396215e+00,1.626224047916311477e+00,-3.055335454707756693e+00
2.456400000000000006e+01,1.650000000000000000e+03,1.800000000000000000e+03,-1.029796133355396215e+00,1.626224047916311477e+00,-3.055335454707756693e+00
2.458099999999999952e+01,1.650000000000000000e+03,1.800000000000000000e+03,-1.028153790139041845e+00,1.617511702266692275e+00,-3.080760141980869893e+00
2.459799999999999898e+01,1.650000000000000000e+03,1.800000000000000000e+03,-1.027203331549512155e+00,1.613769019801037707e+00,-3.082441599454770920e+00
2.461499999999999844e+01,1.650000000000000000e+03,1.800000000000000000e+03,-1.025939079194696069e+00,1.608791695825566581e+00,-3.082325442896299617e+00
2.463200000000000145e+01,1.650000000000000000e+03,1.800000000000000000e+03,-1.024678269924760521e+00,1.603829075152033212e+00,-3.082209501441338872e+00
2.464900000000000091e+01,1.650000000000000000e+03,1.800000000000000000e+03,-1.023420887526907741e+00,1.598881090945599492e+00,-3.082093777221790010e+00
2.466700000000000159e+01,1.650000000000000000e+03,1.800000000000000000e+03,-1.022215541594756250e+00,1.596361143998767496e+00,-3.105378850152045178e+00
2.468400000000000105e+01,1.650000000000000000e+03,1.800000000000000000e+03,-1.022215541594756250e+00,1.596361143998767496e+00,-3.105378850152045178e+00
2.470100000000000051e+01,1.650000000000000000e+03,1.800000000000000000e+03,-1.021541204048445950e+00,1.591486412834793640e+00,-3.106714808946047235e+00
2.471799999999999997e+01,1.650000000000000000e+03,1.800000000000000000e+03,-1.019093283939927153e+00,1.584073537426618383e+00,-3.106411209195266920e+00
2.473499999999999943e+01,1.650000000000000000e+03,1.800000000000000000e+03,-1.019093283939927153e+00,1.584073537426618383e+00,-3.106411209195266920e+00
2.475199999999999889e+01,1.650000000000000000e+03,1.800000000000000000e+03,-1.018425305213233045e+00,1.579234196599763163e+00,-3.083370203922601860e+00
2.476899999999999835e+01,1.650000000000000000e+03,1.800000000000000000e+03,-1.017759038499328916e+00,1.574408665756032999e+00,-3.104795641224268987e+00
2.478600000000000136e+01,1.650000000000000000e+03,1.800000000000000000e+03,-1.015947659627452149e+00,1.569496860810352779e+00,-3.104646856006656908e+00
2.480300000000000082e+01,1.650000000000000000e+03,1.800000000000000000e+03,-1.015947659627452149e+00,1.569496860810352779e+00,-3.104646856006656908e+00
2.482000000000000028e+01,1.650000000000000000e+03,1.800000000000000000e+03,-1.015594756795312747e+00,1.565909812770998943e+00,-3.130219794711349923e+00
2.483699999999999974e+01,1.650000000000000000e+03,1.800000000000000000e+03,-1.014098135774514242e+00,1.562231109814005592e+00,-3.130034196586369166e+00
2.485399999999999920e+01,1.650000000000000000e+03,1.800000000000000000e+03,-1.014011979687585274e+00,1.557503620773554864e+00,-3.130015573573373455e+00
2.487199999999999989e+01,1.650000000000000000e+03,1.800000000000000000e+03,-1.011643617861436528e+00,1.552592702140610736e+00,-3.127447631419260521e+00
2.488899999999999935e+01,1.650000000000000000e+03,1.800000000000000000e+03,-1.011643617861436528e+00,1.552592702140610736e+00,-3.127447631419260521e+00
2.490500000000000114e+01,1.650000000000000000e+03,1.800000000000000000e+03,-1.011866453836274271e+00,1.549090548035255477e+00,-3.106955593063544185e+00
2.492299999999999827e+01,1.650000000000000000e+03,1.800000000000000000e+03,-1.011214090399579879e+00,1.544350931466438315e+00,-3.108205462948860021e+00
2.493900000000000006e+01,1.650000000000000000e+03,1.800000000000000000e+03,-1.008015935186727052e+00,1.523163447129496806e+00,-3.131154448056224116e+00
2.495700000000000074e+01,1.650000000000000000e+03,1.800000000000000000e+03,-1.006808089215159407e+00,1.518449319256342189e+00,-3.130968786437173357e+00
2.497400000000000020e+01,1.650000000000000000e+03,1.800000000000000000e+03,-1.006205356631073800e+00,1.516097330688171763e+00,-3.108970298032059709e+00
2.499099999999999966e+01,1.650000000000000000e+03,1.800000000000000000e+03,-1.006091773291300617e+00,1.509202522248215494e+00,-3.130761128082084177e+00
2.500799999999999912e+01,1.650000000000000000e+03,1.800000000000000000e+03,-1.005716049868562667e+00,1.503455003016580527e+00,3.129636837589771847e+00
2.502499999999999858e+01,1.650000000000000000e+03,1.800000000000000000e+03,-1.004255221359578787e+00,1.499913473207504122e+00,3.129853302686307348e+00
2.504200000000000159e+01,1.650000000000000000e+03,1.800000000000000000e+03,-1.004255221359578787e+00,1.499913473207504122e+00,3.129853302686307348e+00
2.505999999999999872e+01,1.650000000000000000e+03,1.800000000000000000e+03,-1.002988289058647897e+00,1.490722752767114745e+00,3.130121627371991622e+00
2.507700000000000173e+01,1.650000000000000000e+03,1.800000000000000000e+03,-1.003214389725819888e+00,1.487346845677562257e+00,-3.130162484056596472e+00
2.509400000000000119e+01,1.650000000000000000e+03,1.800000000000000000e+03,-1.002845063297742589e+00,1.481674350254084338e+00,3.130389566117352640e+00
2.511100000000000065e+01,1.650000000000000000e+03,1.800000000000000000e+03,-1.001396007811054645e+00,1.478179885369264923e+00,3.130603995212536184e+00
2.512800000000000011e+01,1.650000000000000000e+03,1.800000000000000000e+03,-1.000507406184238057e+00,1.474738478554983523e+00,-3.129773193737528825e+00
2.514499999999999957e+01,1.650000000000000000e+03,1.800000000000000000e+03,-1.000507406184238057e+00,1.474738478554983523e+00,-3.129773193737528825e+00
2.516199999999999903e+01,1.650000000000000000e+03,1.800000000000000000e+03,-1.000143484932304316e+00,1.469109191183815444e+00,3.130870758431754552e+00
2.517899999999999849e+01,1.650000000000000000e+03,1.800000000000000000e+03,-1.000143484932304316e+00,1.469109191183815444e+00,3.130870758431754552e+00
2.519600000000000151e+01,1.650000000000000000e+03,1.800000000000000000e+03,-1.000528224234344066e+00,1.457997096530114334e+00,3.043077182030422101e+00
2.521399999999999864e+01,1.650000000000000000e+03,1.800000000000000000e+03,-1.000528224234344066e+00,1.457997096530114334e+00,3.043077182030422101e+00
2.523100000000000165e+01,1.650000000000000000e+03,1.800000000000000000e+03,-9.999054737748425126e-01,1.453510670148946193e+00,3.043579011274051282e+00
2.524800000000000111e+01,1.650000000000000000e+03,1.800000000000000000e+03,-9.995777862766045407e-01,1.450164992604960013e+00,3.043572130064096992e+00
2.526500000000000057e+01,1.650000000000000000e+03,1.800000000000000000e+03,-9.995777862766045407e-01,1.450164992604960013e+00,3.043572130064096992e+00
2.528200000000000003e+01,1.650000000000000000e+03,1.800000000000000000e+03,-9.997697153287554706e-01,1.444662767735804376e+00,3.044072488228482865e+00
2.529899999999999949e+01,1.650000000000000000e+03,1.800000000000000000e+03,-9.980791270303353002e-01,1.442326260257731363e+00,3.066049111062783439e+00
2.531599999999999895e+01,1.650000000000000000e+03,1.800000000000000000e+03,-9.982727734565700617e-01,1.436850179472191513e+00,3.044564362457119255e+00
2.533299999999999841e+01,1.650000000000000000e+03,1.800000000000000000e+03,-9.971056983390824691e-01,1.432377879777835705e+00,3.044889337868671220e+00
2.535000000000000142e+01,1.650000000000000000e+03,1.800000000000000000e+03,-9.963959048729040813e-01,1.421423465333328640e+00,3.023729904258678935e+00
2.536799999999999855e+01,1.650000000000000000e+03,1.800000000000000000e+03,-9.963959048729040813e-01,1.421423465333328640e+00,3.023729904258678935e+00
2.538500000000000156e+01,1.650000000000000000e+03,1.800000000000000000e+03,-9.963959048729040813e-01,1.421423465333328640e+00,3.023729904258678935e+00
2.540200000000000102e+01,1.650000000000000000e+03,1.800000000000000000e+03,-9.934590840927036703e-01,1.387867210897852477e+00,3.026446318914157274e+00
2.541900000000000048e+01,1.650000000000000000e+03,1.800000000000000000e+03,-9.934590840927036703e-01,1.387867210897852477e+00,3.026446318914157274e+00
2.543700000000000117e+01,1.650000000000000000e+03,1.800000000000000000e+03,-9.934590840927036703e-01,1.387867210897852477e+00,3.026446318914157274e+00
2.545400000000000063e+01,1.650000000000000000e+03,1.800000000000000000e+03,-9.931126581494381655e-01,1.382528826017326296e+00,3.004729446060729892e+00
2.547100000000000009e+01,1.650000000000000000e+03,1.800000000000000000e+03,-9.943916216424897314e-01,1.377331430294136627e+00,2.963792706238057129e+00
2.548799999999999955e+01,1.650000000000000000e+03,1.800000000000000000e+03,-9.927374267249470252e-01,1.375092813024738181e+00,2.985320519321966071e+00
2.550499999999999901e+01,1.650000000000000000e+03,1.800000000000000000e+03,-9.931283237237795714e-01,1.364598614480544647e+00,2.964887681416238152e+00
2.552199999999999847e+01,1.650000000000000000e+03,1.800000000000000000e+03,-9.931283237237795714e-01,1.364598614480544647e+00,2.964887681416238152e+00
2.553900000000000148e+01,1.650000000000000000e+03,1.800000000000000000e+03,-9.928138412564025961e-01,1.361431151937759765e+00,2.965155404751952162e+00
2.555600000000000094e+01,1.650000000000000000e+03,1.800000000000000000e+03,-9.927541618544929447e-01,1.357244466183689102e+00,2.966650201344906534e+00
2.557400000000000162e+01,1.650000000000000000e+03,1.800000000000000000e+03,-9.926050882081575155e-01,1.346825111114696050e+00,2.945102324515949110e+00
2.559100000000000108e+01,1.650000000000000000e+03,1.800000000000000000e+03,-9.933643894350386860e-01,1.343772095352241180e+00,2.946847093661312922e+00
2.560800000000000054e+01,1.650000000000000000e+03,1.800000000000000000e+03,-9.933643894350386860e-01,1.343772095352241180e+00,2.946847093661312922e+00
2.562500000000000000e+01,1.650000000000000000e+03,1.800000000000000000e+03,-9.930211019728548694e-01,1.338577551095923024e+00,2.947137644385564137e+00
2.564199999999999946e+01,1.650000000000000000e+03,1.800000000000000000e+03,-9.930211019728548694e-01,1.338577551095923024e+00,2.947137644385564137e+00
2.565899999999999892e+01,1.650000000000000000e+03,1.800000000000000000e+03,-9.929007401853073844e-01,1.330332702695871561e+00,2.947854278297260322e+00
2.567599999999999838e+01,1.650000000000000000e+03,1.800000000000000000e+03,-9.930920574207215967e-01,1.325220687007409914e+00,2.927481293580279864e+00
2.569300000000000139e+01,1.650000000000000000e+03,1.800000000000000000e+03,-9.933129627489591940e-01,1.322169063456360760e+00,2.949846285796779988e+00
2.571000000000000085e+01,1.650000000000000000e+03,1.800000000000000000e+03,-9.933129627489591940e-01,1.322169063456360760e+00,2.949846285796779988e+00
2.572700000000000031e+01,1.650000000000000000e+03,1.800000000000000000e+03,-9.945037744806366486e-01,1.313087437574011140e+00,2.930055979378991537e+00
2.574399999999999977e+01,1.650000000000000000e+03,1.800000000000000000e+03,-9.945037744806366486e-01,1.313087437574011140e+00,2.930055979378991537e+00
2.576099999999999923e+01,1.650000000000000000e+03,1.800000000000000000e+03,-9.944414519135497121e-01,1.309024770898364665e+00,2.910024036856922347e+00
2.577899999999999991e+01,1.650000000000000000e+03,1.800000000000000000e+03,-9.940988599700900652e-01,1.303941855595920352e+00,2.930807791212902913e+00
2.579599999999999937e+01,1.650000000000000000e+03,1.800000000000000000e+03,-9.940369544405711633e-01,1.299902503457605274e+00,2.910818718246326320e+00
2.581299999999999883e+01,1.650000000000000000e+03,1.800000000000000000e+03,-9.940369544405711633e-01,1.299902503457605274e+00,2.910818718246326320e+00
2.582999999999999829e+01,1.650000000000000000e+03,1.800000000000000000e+03,-9.952796542052153583e-01,1.294962565292504308e+00,2.911153582284144115e+00
2.584799999999999898e+01,1.650000000000000000e+03,1.800000000000000000e+03,-9.954958206585070579e-01,1.291967991678394156e+00,2.911488243711803481e+00
2.586499999999999844e+01,1.650000000000000000e+03,1.800000000000000000e+03,-9.954320661677988902e-01,1.287958823637070704e+00,2.913624039337092242e+00
2.588200000000000145e+01,1.650000000000000000e+03,1.800000000000000000e+03,-9.954320661677988902e-01,1.287958823637070704e+00,2.913624039337092242e+00
2.589999999999999858e+01,1.650000000000000000e+03,1.800000000000000000e+03,-9.969142447630167103e-01,1.282076530925444491e+00,2.893977048183828504e+00
2.591600000000000037e+01,1.650000000000000000e+03,1.800000000000000000e+03,-9.969142447630167103e-01,1.282076530925444491e+00,2.893977048183828504e+00
2.593299999999999983e+01,1.650000000000000000e+03,1.800000000000000000e+03,-9.995846823819600768e-01,1.254614497300703402e+00,2.858877487907382609e+00
2.595100000000000051e+01,1.650000000000000000e+03,1.800000000000000000e+03,-9.995846823819600768e-01,1.254614497300703402e+00,2.858877487907382609e+00
2.596799999999999997e+01,1.650000000000000000e+03,1.800000000000000000e+03,-9.989947990653486043e-01,1.250662323557696798e+00,2.877145591056321283e+00
2.598499999999999943e+01,1.650000000000000000e+03,1.800000000000000000e+03,-1.000451833449859107e+00,1.244915715181395655e+00,2.857805170719568633e+00
2.600199999999999889e+01,1.650000000000000000e+03,1.800000000000000000e+03,-9.998971781169508910e-01,1.242932523458677885e+00,2.880047506255937861e+00
2.601899999999999835e+01,1.650000000000000000e+03,1.800000000000000000e+03,-1.000311510069213039e+00,1.237141957754441801e+00,2.880419087872983841e+00
2.603600000000000136e+01,1.650000000000000000e+03,1.800000000000000000e+03,-1.000311510069213039e+00,1.237141957754441801e+00,2.880419087872983841e+00
2.607700000000000173e+01,1.650000000000000000e+03,1.800000000000000000e+03,-1.000311510069213039e+00,1.237141957754441801e+00,2.880419087872983841e+00
2.611299999999999955e+01,1.650000000000000000e+03,1.800000000000000000e+03,-1.001964157432269964e+00,1.228567170604480285e+00,2.861737121291537012e+00
2.614000000000000057e+01,1.650000000000000000e+03,1.800000000000000000e+03,-1.001964157432269964e+00,1.228567170604480285e+00,2.861737121291537012e+00
2.615700000000000003e+01,1.650000000000000000e+03,1.800000000000000000e+03,-1.001964157432269964e+00,1.228567170604480285e+00,2.861737121291537012e+00
2.617599999999999838e+01,1.650000000000000000e+03,1.800000000000000000e+03,-1.002944567492613182e+00,1.212352121601716348e+00,2.846497906029048508e+00
2.619399999999999906e+01,1.650000000000000000e+03,1.800000000000000000e+03,-1.002944567492613182e+00,1.212352121601716348e+00,2.846497906029048508e+00
2.621099999999999852e+01,1.650000000000000000e+03,1.800000000000000000e+03,-1.002944567492613182e+00,1.212352121601716348e+00,2.846497906029048508e+00
2.622800000000000153e+01,1.650000000000000000e+03,1.800000000000000000e+03,-1.004300410643509611e+00,1.202945121638093084e+00,2.828319724310257577e+00
2.624500000000000099e+01,1.650000000000000000e+03,1.800000000000000000e+03,-1.005449120333107960e+00,1.196407519701244926e+00,2.826594325200696645e+00
2.626300000000000168e+01,1.650000000000000000e+03,1.800000000000000000e+03,-1.005449120333107960e+00,1.196407519701244926e+00,2.826594325200696645e+00
2.628000000000000114e+01,1.650000000000000000e+03,1.800000000000000000e+03,-1.005647558397023245e+00,1.193594361365605483e+00,2.827025147827376461e+00
2.629700000000000060e+01,1.650000000000000000e+03,1.800000000000000000e+03,-1.006317899316522491e+00,1.188939906437953997e+00,2.810740044811695704e+00
2.631400000000000006e+01,1.650000000000000000e+03,1.800000000000000000e+03,-1.007496139728425000e+00,1.184333426449503346e+00,2.792423308788943626e+00
2.633099999999999952e+01,1.650000000000000000e+03,1.800000000000000000e+03,-1.006946941691336361e+00,1.182426523841579424e+00,2.814420777377356853e+00
2.634799999999999898e+01,1.650000000000000000e+03,1.800000000000000000e+03,-1.009099154803807075e+00,1.176041892927746524e+00,2.774723971121532795e+00
2.636499999999999844e+01,1.650000000000000000e+03,1.800000000000000000e+03,-1.009760079358045903e+00,1.171439498924092160e+00,2.775208837128323225e+00
2.638200000000000145e+01,1.650000000000000000e+03,1.800000000000000000e+03,-1.009760079358045903e+00,1.171439498924092160e+00,2.775208837128323225e+00
2.639999999999999858e+01,1.650000000000000000e+03,1.800000000000000000e+03,-1.008937615149346101e+00,1.168603987072430517e+00,2.797243962317897292e+00
2.641700000000000159e+01,1.650000000000000000e+03,1.800000000000000000e+03,-1.009596969321330917e+00,1.164023722196269262e+00,2.813933400568970011e+00
2.643400000000000105e+01,1.650000000000000000e+03,1.800000000000000000e+03,-1.017985302020022242e+00,1.125365187976879788e+00,2.725894346655284295e+00
2.645100000000000051e+01,1.650000000000000000e+03,1.800000000000000000e+03,-1.018439936048594507e+00,1.123594954827286774e+00,2.707957054144787712e+00
2.646799999999999997e+01,1.650000000000000000e+03,1.800000000000000000e+03,-1.020026868425058186e+00,1.117415107356536375e+00,2.727484094156527039e+00
2.648499999999999943e+01,1.650000000000000000e+03,1.800000000000000000e+03,-1.020930705731082355e+00,1.113894874577227689e+00,2.728012629211339135e+00
2.650199999999999889e+01,1.650000000000000000e+03,1.800000000000000000e+03,-1.022555449000400962e+00,1.109537637492953532e+00,2.692404696254920626e+00
2.651999999999999957e+01,1.650000000000000000e+03,1.800000000000000000e+03,-1.022555449000400962e+00,1.109537637492953532e+00,2.692404696254920626e+00
2.653699999999999903e+01,1.650000000000000000e+03,1.800000000000000000e+03,-1.023180878165392382e+00,1.105129413789101900e+00,2.692964706957914345e+00
2.655399999999999849e+01,1.650000000000000000e+03,1.800000000000000000e+03,-1.023180878165392382e+00,1.105129413789101900e+00,2.692964706957914345e+00
2.657100000000000151e+01,1.650000000000000000e+03,1.800000000000000000e+03,-1.023853320009630252e+00,1.102509509077155059e+00,2.675405043539420102e+00
2.658800000000000097e+01,1.650000000000000000e+03,1.800000000000000000e+03,-1.024971395223714721e+00,1.098152930171999664e+00,2.694082505703927488e+00
2.660500000000000043e+01,1.650000000000000000e+03,1.800000000000000000e+03,-1.025367876440489212e+00,1.094645285244080224e+00,2.659178894240574298e+00
2.662199999999999989e+01,1.650000000000000000e+03,1.800000000000000000e+03,-1.029020990933863899e+00,1.084325668057858572e+00,2.678848714249674856e+00
2.663899999999999935e+01,1.650000000000000000e+03,1.800000000000000000e+03,-1.029020990933863899e+00,1.084325668057858572e+00,2.678848714249674856e+00
2.665599999999999881e+01,1.650000000000000000e+03,1.800000000000000000e+03,-1.029190007005049701e+00,1.081710205407966807e+00,2.661541441268476582e+00
2.667299999999999827e+01,1.650000000000000000e+03,1.800000000000000000e+03,-1.030785161603675615e+00,1.077443241337767699e+00,2.684001020072030563e+00
2.669099999999999895e+01,1.650000000000000000e+03,1.800000000000000000e+03,-1.032813898327457292e+00,1.071477144869407816e+00,2.663312665493711595e+00
2.670799999999999841e+01,1.650000000000000000e+03,1.800000000000000000e+03,-1.032813898327457292e+00,1.071477144869407816e+00,2.663312665493711595e+00
2.672599999999999909e+01,1.650000000000000000e+03,1.800000000000000000e+03,-1.032759959656050608e+00,1.069737523362948917e+00,2.646217670741850547e+00
2.674399999999999977e+01,1.650000000000000000e+03,1.800000000000000000e+03,-1.034288726472772701e+00,1.063771088033883316e+00,2.664476096843520825e+00
2.676099999999999923e+01,1.650000000000000000e+03,1.800000000000000000e+03,-1.036356836324688668e+00,1.059584181858682417e+00,2.648034480141291613e+00
2.677799999999999869e+01,1.650000000000000000e+03,1.800000000000000000e+03,-1.038520942551696580e+00,1.051124401864097724e+00,2.627899880204082272e+00
2.679500000000000171e+01,1.650000000000000000e+03,1.800000000000000000e+03,-1.038520942551696580e+00,1.051124401864097724e+00,2.627899880204082272e+00
2.681200000000000117e+01,1.650000000000000000e+03,1.800000000000000000e+03,-1.039871167491338788e+00,1.047783612186687474e+00,2.633015893516192918e+00
2.682900000000000063e+01,1.650000000000000000e+03,1.800000000000000000e+03,-1.039871167491338788e+00,1.047783612186687474e+00,2.633015893516192918e+00
2.684700000000000131e+01,1.650000000000000000e+03,1.800000000000000000e+03,-1.041432779270786479e+00,1.043610455819843796e+00,2.616973087173656509e+00
2.686299999999999955e+01,1.650000000000000000e+03,1.800000000000000000e+03,-1.042289345631857600e+00,1.040256397481940986e+00,2.613006713764438604e+00
2.688100000000000023e+01,1.650000000000000000e+03,1.800000000000000000e+03,-1.044209393504470729e+00,1.032736956829560793e+00,2.618872013480543881e+00
2.689799999999999969e+01,1.650000000000000000e+03,1.800000000000000000e+03,-1.044209393504470729e+00,1.032736956829560793e+00,2.618872013480543881e+00
2.691499999999999915e+01,1.650000000000000000e+03,1.800000000000000000e+03,-1.054611402187274116e+00,1.001539869822050566e+00,2.608243352464305609e+00
2.693199999999999861e+01,1.650000000000000000e+03,1.800000000000000000e+03,-1.055647713690877953e+00,9.974640753003901628e-01,2.625748474013298583e+00
2.694900000000000162e+01,1.650000000000000000e+03,1.800000000000000000e+03,-1.058187067023554029e+00,9.951375268190952861e-01,2.588701420638649608e+00
2.696600000000000108e+01,1.650000000000000000e+03,1.800000000000000000e+03,-1.058187067023554029e+00,9.951375268190952861e-01,2.588701420638649608e+00
2.698300000000000054e+01,1.650000000000000000e+03,1.800000000000000000e+03,-1.058187067023554029e+00,9.951375268190952861e-01,2.588701420638649608e+00
2.700000000000000000e+01,1.650000000000000000e+03,1.800000000000000000e+03,-1.061882206723396838e+00,9.863078399862360568e-01,2.574059228263556154e+00
2.701699999999999946e+01,1.650000000000000000e+03,1.800000000000000000e+03,-1.063106758768511018e+00,9.814675664414819201e-01,2.591301206489352360e+00
2.703399999999999892e+01,1.650000000000000000e+03,1.800000000000000000e+03,-1.064194711359049972e+00,9.790812998890460195e-01,2.580283815258006985e+00
2.705099999999999838e+01,1.650000000000000000e+03,1.800000000000000000e+03,-1.066091192494958539e+00,9.734909798064416142e-01,2.576703619575077209e+00
2.706800000000000139e+01,1.650000000000000000e+03,1.800000000000000000e+03,-1.066221768634743938e+00,9.710619331282929201e-01,2.566011294447756885e+00
2.708500000000000085e+01,1.650000000000000000e+03,1.800000000000000000e+03,-1.066221768634743938e+00,9.710619331282929201e-01,2.566011294447756885e+00
2.710200000000000031e+01,1.650000000000000000e+03,1.800000000000000000e+03,-1.070537149301155289e+00,9.616055241817688115e-01,2.568037303764493906e+00
2.711899999999999977e+01,1.650000000000000000e+03,1.800000000000000000e+03,-1.070537149301155289e+00,9.616055241817688115e-01,2.568037303764493906e+00
2.713599999999999923e+01,1.650000000000000000e+03,1.800000000000000000e+03,-1.072210568168223244e+00,9.568723280733847369e-01,2.580065451529240050e+00
2.715299999999999869e+01,1.650000000000000000e+03,1.800000000000000000e+03,-1.072210568168223244e+00,9.568723280733847369e-01,2.580065451529240050e+00
2.717000000000000171e+01,1.650000000000000000e+03,1.800000000000000000e+03,-1.073954129696410131e+00,9.537615506086359884e-01,2.549009227429214430e+00
2.718700000000000117e+01,1.650000000000000000e+03,1.800000000000000000e+03,-1.075144909122310199e+00,9.490261148296804672e-01,2.565772132010016193e+00
2.720400000000000063e+01,1.650000000000000000e+03,1.800000000000000000e+03,-1.077155266377835208e+00,9.467452252868114870e-01,2.535162924794457595e+00
2.722200000000000131e+01,1.650000000000000000e+03,1.800000000000000000e+03,-1.078612603194455621e+00,9.428435369329942750e-01,2.541056871164914632e+00
2.723900000000000077e+01,1.650000000000000000e+03,1.800000000000000000e+03,-1.078612603194455621e+00,9.428435369329942750e-01,2.541056871164914632e+00
2.725600000000000023e+01,1.650000000000000000e+03,1.800000000000000000e+03,-1.082846292461248527e+00,9.335639448078126845e-01,2.538040488537967043e+00
2.727299999999999969e+01,1.650000000000000000e+03,1.800000000000000000e+03,-1.082846292461248527e+00,9.335639448078126845e-01,2.538040488537967043e+00
2.728999999999999915e+01,1.650000000000000000e+03,1.800000000000000000e+03,-1.084014178757986446e+00,9.288927031240213905e-01,2.554539385082254643e+00
2.730699999999999861e+01,1.650000000000000000e+03,1.800000000000000000e+03,-1.084014178757986446e+00,9.288927031240213905e-01,2.554539385082254643e+00
2.732400000000000162e+01,1.650000000000000000e+03,1.800000000000000000e+03,-1.087631985528573431e+00,9.220190958222850286e-01,2.535609624139508078e+00
2.734100000000000108e+01,1.650000000000000000e+03,1.800000000000000000e+03,-1.087631985528573431e+00,9.220190958222850286e-01,2.535609624139508078e+00
2.735800000000000054e+01,1.650000000000000000e+03,1.800000000000000000e+03,-1.089062785478229989e+00,9.181820274464188580e-01,2.541557183318147839e+00
2.737600000000000122e+01,1.650000000000000000e+03,1.800000000000000000e+03,-1.092845973096598478e+00,9.105898754239277748e-01,2.522807182143966376e+00
2.739300000000000068e+01,1.650000000000000000e+03,1.800000000000000000e+03,-1.095196064897939081e+00,9.068342991260708308e-01,2.508798043383451137e+00
2.741100000000000136e+01,1.650000000000000000e+03,1.800000000000000000e+03,-1.105931647885456393e+00,8.843204170806556741e-01,2.478982091434826174e+00
2.742800000000000082e+01,1.650000000000000000e+03,1.800000000000000000e+03,-1.105931647885456393e+00,8.843204170806556741e-01,2.478982091434826174e+00
2.744600000000000151e+01,1.650000000000000000e+03,1.800000000000000000e+03,-1.109442669938996318e+00,8.776505274358642472e-01,2.495565242896824021e+00
2.746300000000000097e+01,1.650000000000000000e+03,1.800000000000000000e+03,-1.109442669938996318e+00,8.776505274358642472e-01,2.495565242896824021e+00
2.748000000000000043e+01,1.650000000000000000e+03,1.800000000000000000e+03,-1.111927895376351616e+00,8.732290164001684785e-01,2.476421231929730737e+00
2.749699999999999989e+01,1.650000000000000000e+03,1.800000000000000000e+03,-1.114040839978305275e+00,8.703136496603819383e-01,2.468054569973134882e+00
2.751399999999999935e+01,1.650000000000000000e+03,1.800000000000000000e+03,-1.115871310965105057e+00,8.666339694418995210e-01,2.468921190541344846e+00
2.753099999999999881e+01,1.650000000000000000e+03,1.800000000000000000e+03,-1.117697069892410688e+00,8.629635121083959470e-01,2.464600645323991479e+00
2.754799999999999827e+01,1.650000000000000000e+03,1.800000000000000000e+03,-1.117697069892410688e+00,8.629635121083959470e-01,2.464600645323991479e+00
2.756599999999999895e+01,1.650000000000000000e+03,1.800000000000000000e+03,-1.121613207883449981e+00,8.564142063588816578e-01,2.471995677606931174e+00
2.758299999999999841e+01,1.650000000000000000e+03,1.800000000000000000e+03,-1.121613207883449981e+00,8.564142063588816578e-01,2.471995677606931174e+00
2.760000000000000142e+01,1.650000000000000000e+03,1.800000000000000000e+03,-1.121613207883449981e+00,8.564142063588816578e-01,2.471995677606931174e+00
2.761700000000000088e+01,1.650000000000000000e+03,1.800000000000000000e+03,-1.125511499118845071e+00,8.498939376773907428e-01,2.445499356914749178e+00
2.763400000000000034e+01,1.650000000000000000e+03,1.800000000000000000e+03,-1.127035032254141811e+00,8.455064750669881724e-01,2.454814191531729861e+00
2.765200000000000102e+01,1.650000000000000000e+03,1.800000000000000000e+03,-1.130098077654688948e+00,8.404729520993748926e-01,2.436126681195757815e+00
2.766900000000000048e+01,1.650000000000000000e+03,1.800000000000000000e+03,-1.131993226505042305e+00,8.383519617877600583e-01,2.442874115943029167e+00
2.768599999999999994e+01,1.650000000000000000e+03,1.800000000000000000e+03,-1.131993226505042305e+00,8.383519617877600583e-01,2.442874115943029167e+00
2.770299999999999940e+01,1.650000000000000000e+03,1.800000000000000000e+03,-1.136472290041152799e+00,8.312081201555946430e-01,2.425297593873024571e+00
2.772100000000000009e+01,1.650000000000000000e+03,1.800000000000000000e+03,-1.136472290041152799e+00,8.312081201555946430e-01,2.425297593873024571e+00
2.773799999999999955e+01,1.650000000000000000e+03,1.800000000000000000e+03,-1.139157421965148131e+00,8.276730120250052058e-01,2.426209362180698825e+00
2.775499999999999901e+01,1.650000000000000000e+03,1.800000000000000000e+03,-1.141554845090304582e+00,8.233993803307352310e-01,2.407802370018671478e+00
2.777199999999999847e+01,1.650000000000000000e+03,1.800000000000000000e+03,-1.142977372246499979e+00,8.212790700987097070e-01,2.414747885805281769e+00
2.778900000000000148e+01,1.650000000000000000e+03,1.800000000000000000e+03,-1.145192734909478371e+00,8.177441719751695759e-01,2.415670048468161912e+00
2.780699999999999861e+01,1.650000000000000000e+03,1.800000000000000000e+03,-1.150227819888186342e+00,8.100066971595164533e-01,2.404472110364160642e+00
2.782400000000000162e+01,1.650000000000000000e+03,1.800000000000000000e+03,-1.150227819888186342e+00,8.100066971595164533e-01,2.404472110364160642e+00
2.784100000000000108e+01,1.650000000000000000e+03,1.800000000000000000e+03,-1.150227819888186342e+00,8.100066971595164533e-01,2.404472110364160642e+00
2.785800000000000054e+01,1.650000000000000000e+03,1.800000000000000000e+03,-1.151806035170301001e+00,8.071905113726517422e-01,2.405404014594269224e+00
2.787500000000000000e+01,1.650000000000000000e+03,1.800000000000000000e+03,-1.151806035170301001e+00,8.071905113726517422e-01,2.405404014594269224e+00
2.789199999999999946e+01,1.650000000000000000e+03,1.800000000000000000e+03,-1.157087675886087297e+00,8.002430357525908144e-01,2.388388336210792939e+00
2.790899999999999892e+01,1.650000000000000000e+03,1.800000000000000000e+03,-1.157087675886087297e+00,8.002430357525908144e-01,2.388388336210792939e+00
2.792699999999999960e+01,1.650000000000000000e+03,1.800000000000000000e+03,-1.172249143849995345e+00,7.760256188844810721e-01,2.325913347215301741e+00
2.794399999999999906e+01,1.650000000000000000e+03,1.800000000000000000e+03,-1.175285906475492359e+00,7.726433452521351830e-01,2.320389123050853986e+00
2.796099999999999852e+01,1.650000000000000000e+03,1.800000000000000000e+03,-1.177139325887016419e+00,7.685060681311549624e-01,2.334126716100664467e+00
2.797800000000000153e+01,1.650000000000000000e+03,1.800000000000000000e+03,-1.179717531055418878e+00,7.651190113863127751e-01,2.310552392314104697e+00
2.799500000000000099e+01,1.650000000000000000e+03,1.800000000000000000e+03,-1.179717531055418878e+00,7.651190113863127751e-01,2.310552392314104697e+00
2.801300000000000168e+01,1.650000000000000000e+03,1.800000000000000000e+03,-1.182131251075932532e+00,7.624326207394668264e-01,2.304945189339526745e+00
2.803000000000000114e+01,1.650000000000000000e+03,1.800000000000000000e+03,-1.185900667370100248e+00,7.577212905776008478e-01,2.331521816954060800e+00
2.804700000000000060e+01,1.650000000000000000e+03,1.800000000000000000e+03,-1.187859031769765483e+00,7.550265461744877227e-01,2.314574212057725955e+00
2.806400000000000006e+01,1.650000000000000000e+03,1.800000000000000000e+03,-1.190855444624535853e+00,7.516922820582642162e-01,2.308982289659396336e+00
2.808200000000000074e+01,1.650000000000000000e+03,1.800000000000000000e+03,-1.192230254556752467e+00,7.475930400347911009e-01,2.305000142209322256e+00
2.809900000000000020e+01,1.650000000000000000e+03,1.800000000000000000e+03,-1.195213755084755913e+00,7.442757380774142062e-01,2.299406023061537852e+00
2.811599999999999966e+01,1.650000000000000000e+03,1.800000000000000000e+03,-1.197595611714544539e+00,7.416272734800718469e-01,2.293733661757187736e+00
2.813299999999999912e+01,1.650000000000000000e+03,1.800000000000000000e+03,-1.197595611714544539e+00,7.416272734800718469e-01,2.293733661757187736e+00
2.814999999999999858e+01,1.650000000000000000e+03,1.800000000000000000e+03,-1.200871648482088050e+00,7.369612756989286639e-01,2.302442759710212616e+00
2.816700000000000159e+01,1.650000000000000000e+03,1.800000000000000000e+03,-1.206199353910333505e+00,7.310385599205041496e-01,2.297795285468634319e+00
2.818400000000000105e+01,1.650000000000000000e+03,1.800000000000000000e+03,-1.208560198550820974e+00,7.284138905603892988e-01,2.275643141984924345e+00
2.820100000000000051e+01,1.650000000000000000e+03,1.800000000000000000e+03,-1.208560198550820974e+00,7.284138905603892988e-01,2.275643141984924345e+00
2.821900000000000119e+01,1.650000000000000000e+03,1.800000000000000000e+03,-1.208560198550820974e+00,7.284138905603892988e-01,2.275643141984924345e+00
2.823600000000000065e+01,1.650000000000000000e+03,1.800000000000000000e+03,-1.210776086629621995e+00,7.244227448453249840e-01,2.269903167103307418e+00
2.825300000000000011e+01,1.650000000000000000e+03,1.800000000000000000e+03,-1.213566008381647521e+00,7.218308681147281858e-01,2.264085005136114326e+00
2.826999999999999957e+01,1.650000000000000000e+03,1.800000000000000000e+03,-1.216355400357510774e+00,7.172072491076345591e-01,2.279744809188976706e+00
2.828800000000000026e+01,1.650000000000000000e+03,1.800000000000000000e+03,-1.219133330097385670e+00,7.146280549193048115e-01,2.274017546793793088e+00
2.830499999999999972e+01,1.650000000000000000e+03,1.800000000000000000e+03,-1.222343767366273148e+00,7.120739691045391284e-01,2.256636943742118984e+00
2.832300000000000040e+01,1.650000000000000000e+03,1.800000000000000000e+03,-1.223653944457697040e+00,7.080867292820377523e-01,2.246968351199537306e+00
2.834100000000000108e+01,1.650000000000000000e+03,1.800000000000000000e+03,-1.227433802383925521e+00,7.048986805475571105e-01,2.259742810283228209e+00
2.835800000000000054e+01,1.650000000000000000e+03,1.800000000000000000e+03,-1.232355560300087971e+00,6.984213409635556813e-01,2.251126135410225437e+00
2.837500000000000000e+01,1.650000000000000000e+03,1.800000000000000000e+03,-1.236113360965253927e+00,6.952540187972650054e-01,2.245653383899087974e+00
2.839199999999999946e+01,1.650000000000000000e+03,1.800000000000000000e+03,-1.236113360965253927e+00,6.952540187972650054e-01,2.245653383899087974e+00
2.840899999999999892e+01,1.650000000000000000e+03,1.800000000000000000e+03,-1.250313673249299651e+00,6.799735844949076347e-01,2.219683310539186660e+00
2.842599999999999838e+01,1.650000000000000000e+03,1.800000000000000000e+03,-1.250313673249299651e+00,6.799735844949076347e-01,2.219683310539186660e+00
2.844300000000000139e+01,1.650000000000000000e+03,1.800000000000000000e+03,-1.253163054342564919e+00,6.768060650139032797e-01,2.218038244781931567e+00
2.846099999999999852e+01,1.650000000000000000e+03,1.800000000000000000e+03,-1.256006164483687737e+00,6.736454182595280615e-01,2.211987323398909577e+00
2.847800000000000153e+01,1.650000000000000000e+03,1.800000000000000000e+03,-1.256006164483687737e+00,6.736454182595280615e-01,2.211987323398909577e+00
2.849599999999999866e+01,1.650000000000000000e+03,1.800000000000000000e+03,-1.261837087026943527e+00,6.686609061509892760e-01,2.214507166414038775e+00
2.851300000000000168e+01,1.650000000000000000e+03,1.800000000000000000e+03,-1.261837087026943527e+00,6.686609061509892760e-01,2.214507166414038775e+00
2.853099999999999881e+01,1.650000000000000000e+03,1.800000000000000000e+03,-1.263933737267736834e+00,6.648319474839844423e-01,2.195147479618746456e+00
2.854799999999999827e+01,1.650000000000000000e+03,1.800000000000000000e+03,-1.267183976628997844e+00,6.617164094722113310e-01,2.207045552160081137e+00
2.856500000000000128e+01,1.650000000000000000e+03,1.800000000000000000e+03,-1.267183976628997844e+00,6.617164094722113310e-01,2.207045552160081137e+00
2.858299999999999841e+01,1.650000000000000000e+03,1.800000000000000000e+03,-1.270726119196107673e+00,6.592708847161582453e-01,2.183347423402262066e+00
2.860000000000000142e+01,1.650000000000000000e+03,1.800000000000000000e+03,-1.273532966952969137e+00,6.561478875803065103e-01,2.202430914942254514e+00
2.861700000000000088e+01,1.650000000000000000e+03,1.800000000000000000e+03,-1.276333721843457614e+00,6.530315932990186090e-01,2.183549628725065084e+00
2.863400000000000034e+01,1.650000000000000000e+03,1.800000000000000000e+03,-1.279986915175505224e+00,6.499597940159386189e-01,2.188023095650410532e+00
2.865200000000000102e+01,1.650000000000000000e+03,1.800000000000000000e+03,-1.279986915175505224e+00,6.499597940159386189e-01,2.188023095650410532e+00
2.867000000000000171e+01,1.650000000000000000e+03,1.800000000000000000e+03,-1.286159225650483462e+00,6.450730565570167441e-01,2.165409303579306499e+00
2.868700000000000117e+01,1.650000000000000000e+03,1.800000000000000000e+03,-1.286159225650483462e+00,6.450730565570167441e-01,2.165409303579306499e+00
2.870400000000000063e+01,1.650000000000000000e+03,1.800000000000000000e+03,-1.288205878886960587e+00,6.413063449897885571e-01,2.164943108495119173e+00
2.872100000000000009e+01,1.650000000000000000e+03,1.800000000000000000e+03,-1.288205878886960587e+00,6.413063449897885571e-01,2.164943108495119173e+00
2.873900000000000077e+01,1.650000000000000000e+03,1.800000000000000000e+03,-1.294898731428785643e+00,6.358325929100127061e-01,2.160228711205019803e+00
2.875600000000000023e+01,1.650000000000000000e+03,1.800000000000000000e+03,-1.297533134901655671e+00,6.333918779124197984e-01,2.153922261857525111e+00
2.877299999999999969e+01,1.650000000000000000e+03,1.800000000000000000e+03,-1.301140115365450489e+00,6.303604308148188506e-01,2.155448423535707203e+00
2.878900000000000148e+01,1.650000000000000000e+03,1.800000000000000000e+03,-1.304068775113543577e+00,6.285774972861689625e-01,2.139456984202032785e+00
2.880600000000000094e+01,1.650000000000000000e+03,1.800000000000000000e+03,-1.306932178942674883e+00,6.248901709372359781e-01,2.148995205360341831e+00
2.882400000000000162e+01,1.650000000000000000e+03,1.800000000000000000e+03,-1.310398656755402236e+00,6.225037774463212381e-01,2.133238708328768052e+00
2.884100000000000108e+01,1.650000000000000000e+03,1.800000000000000000e+03,-1.313859721787376422e+00,6.201211044551083740e-01,2.127339974934237432e+00
2.885800000000000054e+01,1.650000000000000000e+03,1.800000000000000000e+03,-1.313859721787376422e+00,6.201211044551083740e-01,2.127339974934237432e+00
2.887500000000000000e+01,1.650000000000000000e+03,1.800000000000000000e+03,-1.319726330716729512e+00,6.140641022594849341e-01,2.122442070762104116e+00
2.889199999999999946e+01,1.650000000000000000e+03,1.800000000000000000e+03,-1.319726330716729512e+00,6.140641022594849341e-01,2.122442070762104116e+00
2.890899999999999892e+01,1.650000000000000000e+03,1.800000000000000000e+03,-1.319726330716729512e+00,6.140641022594849341e-01,2.122442070762104116e+00
2.892599999999999838e+01,1.650000000000000000e+03,1.800000000000000000e+03,-1.346194088796045296e+00,5.933125564736324575e-01,2.085198521792872128e+00
2.894300000000000139e+01,1.650000000000000000e+03,1.800000000000000000e+03,-1.346194088796045296e+00,5.933125564736324575e-01,2.085198521792872128e+00
2.896000000000000085e+01,1.650000000000000000e+03,1.800000000000000000e+03,-1.348658063801828622e+00,5.890828293920949976e-01,2.095382282800889673e+00
2.897800000000000153e+01,1.650000000000000000e+03,1.800000000000000000e+03,-1.352472786903536894e+00,5.867695867784107344e-01,2.096950500476591817e+00
2.899500000000000099e+01,1.650000000000000000e+03,1.800000000000000000e+03,-1.355438736417062584e+00,5.844255994077033334e-01,2.074035858659180498e+00
2.901200000000000045e+01,1.650000000000000000e+03,1.800000000000000000e+03,-1.359242732789773367e+00,5.821193190764853975e-01,2.075616874134851297e+00
2.902899999999999991e+01,1.650000000000000000e+03,1.800000000000000000e+03,-1.359242732789773367e+00,5.821193190764853975e-01,2.075616874134851297e+00
2.904599999999999937e+01,1.650000000000000000e+03,1.800000000000000000e+03,-1.362620049547532020e+00,5.797994817567241332e-01,2.077196603239956918e+00
2.906299999999999883e+01,1.650000000000000000e+03,1.800000000000000000e+03,-1.365362571881446385e+00,5.762335953312153203e-01,2.062737473715761993e+00
2.907999999999999829e+01,1.650000000000000000e+03,1.800000000000000000e+03,-1.372509594258510157e+00,5.716323724694255537e-01,2.065908444906483510e+00
2.909700000000000131e+01,1.650000000000000000e+03,1.800000000000000000e+03,-1.375865231518215825e+00,5.693285616618083411e-01,2.051131757139143641e+00
2.911400000000000077e+01,1.650000000000000000e+03,1.800000000000000000e+03,-1.375865231518215825e+00,5.693285616618083411e-01,2.051131757139143641e+00
2.913100000000000023e+01,1.650000000000000000e+03,1.800000000000000000e+03,-1.379215866220790510e+00,5.670282215123235714e-01,2.044908095437888207e+00
2.914799999999999969e+01,1.650000000000000000e+03,1.800000000000000000e+03,-1.386841407234101764e+00,5.618692091308211678e-01,2.040216863354292531e+00
2.916499999999999915e+01,1.650000000000000000e+03,1.800000000000000000e+03,-1.386841407234101764e+00,5.618692091308211678e-01,2.040216863354292531e+00
2.918199999999999861e+01,1.650000000000000000e+03,1.800000000000000000e+03,-1.390076127842060361e+00,5.601807583530896695e-01,2.025648062699640928e+00
2.919900000000000162e+01,1.650000000000000000e+03,1.800000000000000000e+03,-1.393086570389782786e+00,5.572780127381150583e-01,2.027248969822601055e+00
2.921600000000000108e+01,1.650000000000000000e+03,1.800000000000000000e+03,-1.396927966574273317e+00,5.544135621019726790e-01,2.021843479843125735e+00
2.923400000000000176e+01,1.650000000000000000e+03,1.800000000000000000e+03,-1.399925811364812755e+00,5.515222167833949696e-01,2.023444680540493312e+00
2.925100000000000122e+01,1.650000000000000000e+03,1.800000000000000000e+03,-1.399925811364812755e+00,5.515222167833949696e-01,2.023444680540493312e+00
2.926800000000000068e+01,1.650000000000000000e+03,1.800000000000000000e+03,-1.399925811364812755e+00,5.515222167833949696e-01,2.023444680540493312e+00
2.928600000000000136e+01,1.650000000000000000e+03,1.800000000000000000e+03,-1.402724803383629926e+00,5.498288567333035060e-01,2.009323015401128121e+00
2.930300000000000082e+01,1.650000000000000000e+03,1.800000000000000000e+03,-1.410268928135018252e+00,5.447278150066400260e-01,2.004646157895637160e+00
2.932000000000000028e+01,1.650000000000000000e+03,1.800000000000000000e+03,-1.410268928135018252e+00,5.447278150066400260e-01,2.004646157895637160e+00
2.933699999999999974e+01,1.650000000000000000e+03,1.800000000000000000e+03,-1.414078569139718855e+00,5.418871108500623590e-01,1.998303818616341543e+00
2.935399999999999920e+01,1.650000000000000000e+03,1.800000000000000000e+03,-1.417371374395688832e+00,5.396279113029859298e-01,1.999910478038631423e+00
2.937199999999999989e+01,1.650000000000000000e+03,1.800000000000000000e+03,-1.421076184525523090e+00,5.373878343443015959e-01,2.001515999943707325e+00
2.939000000000000057e+01,1.650000000000000000e+03,1.800000000000000000e+03,-1.424866828961034448e+00,5.345608597666008377e-01,1.979628444105955287e+00
2.940700000000000003e+01,1.650000000000000000e+03,1.800000000000000000e+03,-1.424866828961034448e+00,5.345608597666008377e-01,1.979628444105955287e+00
2.942399999999999949e+01,1.650000000000000000e+03,1.800000000000000000e+03,-1.446536000269587952e+00,5.211968782132455624e-01,1.973099671990820259e+00
2.944200000000000017e+01,1.650000000000000000e+03,1.800000000000000000e+03,-1.454188365308266562e+00,5.173707969063040535e-01,1.959462223614522713e+00
2.946000000000000085e+01,1.650000000000000000e+03,1.800000000000000000e+03,-1.454188365308266562e+00,5.173707969063040535e-01,1.959462223614522713e+00
2.947700000000000031e+01,1.650000000000000000e+03,1.800000000000000000e+03,-1.456929163619749446e+00,5.157142722917912314e-01,1.945880549500012879e+00
2.949399999999999977e+01,1.650000000000000000e+03,1.800000000000000000e+03,-1.461408757284383908e+00,5.135385873156163017e-01,1.939210279670381620e+00
2.951099999999999923e+01,1.650000000000000000e+03,1.800000000000000000e+03,-1.468773448431164752e+00,5.085563256280208888e-01,1.930817375953434833e+00
2.952799999999999869e+01,1.650000000000000000e+03,1.800000000000000000e+03,-1.472327762101387494e+00,5.069390798802381193e-01,1.929704095693892674e+00
2.954500000000000171e+01,1.650000000000000000e+03,1.800000000000000000e+03,-1.476371603505348462e+00,5.047603623630033676e-01,1.922998442895395232e+00
2.956200000000000117e+01,1.650000000000000000e+03,1.800000000000000000e+03,-1.480410171463544033e+00,5.025846240637249496e-01,1.924605916759344559e+00
2.957999999999999829e+01,1.650000000000000000e+03,1.800000000000000000e+03,-1.480410171463544033e+00,5.025846240637249496e-01,1.924605916759344559e+00
2.959700000000000131e+01,1.650000000000000000e+03,1.800000000000000000e+03,-1.480410171463544033e+00,5.025846240637249496e-01,1.924605916759344559e+00
2.961400000000000077e+01,1.650000000000000000e+03,1.800000000000000000e+03,-1.484029706647491231e+00,5.003970688200928274e-01,1.912152104309203793e+00
2.963100000000000023e+01,1.650000000000000000e+03,1.800000000000000000e+03,-1.487568447423287976e+00,4.987879160756206742e-01,1.913758136435532942e+00
2.964900000000000091e+01,1.650000000000000000e+03,1.800000000000000000e+03,-1.495124006389634719e+00,4.950148737442764402e-01,1.899855740677399263e+00
2.966600000000000037e+01,1.650000000000000000e+03,1.800000000000000000e+03,-1.499138826154095439e+00,4.928523690659057932e-01,1.901458937469139521e+00
2.968299999999999983e+01,1.650000000000000000e+03,1.800000000000000000e+03,-1.499138826154095439e+00,4.928523690659057932e-01,1.901458937469139521e+00
2.969999999999999929e+01,1.650000000000000000e+03,1.800000000000000000e+03,-1.502663013409478943e+00,4.912506151119996334e-01,1.889320186053254247e+00
2.971699999999999875e+01,1.650000000000000000e+03,1.800000000000000000e+03,-1.506255562925702396e+00,4.890786824134448763e-01,1.890920979679611591e+00
2.973400000000000176e+01,1.650000000000000000e+03,1.800000000000000000e+03,-1.510326689295310443e+00,4.863536229567572144e-01,1.884108186524552142e+00
2.975100000000000122e+01,1.650000000000000000e+03,1.800000000000000000e+03,-1.514525185674208130e+00,4.859274221240948988e-01,1.876894217399960318e+00
2.976800000000000068e+01,1.650000000000000000e+03,1.800000000000000000e+03,-1.518173215322515812e+00,4.831932593455271485e-01,1.869978289145508343e+00
2.978500000000000014e+01,1.650000000000000000e+03,1.800000000000000000e+03,-1.518173215322515812e+00,4.831932593455271485e-01,1.869978289145508343e+00
2.980199999999999960e+01,1.650000000000000000e+03,1.800000000000000000e+03,-1.522159374675801535e+00,4.810467069833780362e-01,1.871573116338535625e+00
2.981899999999999906e+01,1.650000000000000000e+03,1.800000000000000000e+03,-1.530462807198283537e+00,4.773433776682692864e-01,1.866491378605262375e+00
2.983599999999999852e+01,1.650000000000000000e+03,1.800000000000000000e+03,-1.530462807198283537e+00,4.773433776682692864e-01,1.866491378605262375e+00
2.985300000000000153e+01,1.650000000000000000e+03,1.800000000000000000e+03,-1.534022368359908128e+00,4.751904713375684208e-01,1.854453510252243031e+00
2.987000000000000099e+01,1.650000000000000000e+03,1.800000000000000000e+03,-1.534022368359908128e+00,4.751904713375684208e-01,1.854453510252243031e+00
2.988700000000000045e+01,1.650000000000000000e+03,1.800000000000000000e+03,-1.538401186437541535e+00,4.730687483884711275e-01,1.856675877347047310e+00
2.990399999999999991e+01,1.650000000000000000e+03,1.800000000000000000e+03,-1.542236607510755864e+00,4.720652146415117434e-01,1.849375137431188421e+00
2.992099999999999937e+01,1.650000000000000000e+03,1.800000000000000000e+03,-1.561038857107126976e+00,4.625293029050351334e-01,1.826773767706149298e+00
2.995899999999999963e+01,1.650000000000000000e+03,1.800000000000000000e+03,-1.561038857107126976e+00,4.625293029050351334e-01,1.826773767706149298e+00
2.999899999999999878e+01,1.650000000000000000e+03,1.800000000000000000e+03,-1.565566229760877226e+00,4.626816429176691114e-01,1.819404993282774274e+00
3.001599999999999824e+01,1.650000000000000000e+03,1.800000000000000000e+03,-1.565566229760877226e+00,4.626816429176691114e-01,1.819404993282774274e+00
3.003300000000000125e+01,1.650000000000000000e+03,1.800000000000000000e+03,-1.569557157457852181e+00,4.600014985495856079e-01,1.812271159226635397e+00
3.005300000000000082e+01,1.650000000000000000e+03,1.800000000000000000e+03,-1.569557157457852181e+00,4.600014985495856079e-01,1.812271159226635397e+00
3.007000000000000028e+01,1.650000000000000000e+03,1.800000000000000000e+03,-1.576942347199428163e+00,4.563175512205622786e-01,1.802852593638484269e+00
3.008800000000000097e+01,1.650000000000000000e+03,1.800000000000000000e+03,-1.580916002597455350e+00,4.536485146235927912e-01,1.804414926594089863e+00
3.010600000000000165e+01,1.650000000000000000e+03,1.800000000000000000e+03,-1.597160144746682997e+00,4.474830453211987580e-01,1.784586790842699333e+00
3.012300000000000111e+01,1.650000000000000000e+03,1.800000000000000000e+03,-1.597160144746682997e+00,4.474830453211987580e-01,1.784586790842699333e+00
3.014000000000000057e+01,1.650000000000000000e+03,1.800000000000000000e+03,-1.597160144746682997e+00,4.474830453211987580e-01,1.784586790842699333e+00
3.015800000000000125e+01,1.650000000000000000e+03,1.800000000000000000e+03,-1.605263352465055915e+00,4.444086180646550366e-01,1.775570095784188895e+00
3.017500000000000071e+01,1.650000000000000000e+03,1.800000000000000000e+03,-1.605263352465055915e+00,4.444086180646550366e-01,1.775570095784188895e+00
3.019200000000000017e+01,1.650000000000000000e+03,1.800000000000000000e+03,-1.609057056871724622e+00,4.434207825818822224e-01,1.768136300028490870e+00
3.020899999999999963e+01,1.650000000000000000e+03,1.800000000000000000e+03,-1.613354057002608810e+00,4.413397150933312529e-01,1.760881158070080277e+00
3.022599999999999909e+01,1.650000000000000000e+03,1.800000000000000000e+03,-1.617235408106207251e+00,4.392480443575638160e-01,1.750689108548256101e+00
3.024399999999999977e+01,1.650000000000000000e+03,1.800000000000000000e+03,-1.621387249338652969e+00,4.388286469147931745e-01,1.746041218826828612e+00
3.026200000000000045e+01,1.650000000000000000e+03,1.800000000000000000e+03,-1.624850940909369656e+00,4.367268111789900376e-01,1.744783691929544300e+00
3.027799999999999869e+01,1.650000000000000000e+03,1.800000000000000000e+03,-1.633321200533495832e+00,4.336849661597793615e-01,1.739507687113986067e+00
3.029599999999999937e+01,1.650000000000000000e+03,1.800000000000000000e+03,-1.637920789494864415e+00,4.327293161603437133e-01,1.732189886355610886e+00
3.031299999999999883e+01,1.650000000000000000e+03,1.800000000000000000e+03,-1.637920789494864415e+00,4.327293161603437133e-01,1.732189886355610886e+00
3.032999999999999829e+01,1.650000000000000000e+03,1.800000000000000000e+03,-1.641328001696827465e+00,4.311848654347060217e-01,1.724663488927239419e+00
3.034700000000000131e+01,1.650000000000000000e+03,1.800000000000000000e+03,-1.645513575295478814e+00,4.302173233523142182e-01,1.717111272291527602e+00
3.036499999999999844e+01,1.650000000000000000e+03,1.800000000000000000e+03,-1.650519236094462050e+00,4.292765224888562825e-01,1.719282640486772040e+00
3.038200000000000145e+01,1.650000000000000000e+03,1.800000000000000000e+03,-1.650519236094462050e+00,4.292765224888562825e-01,1.719282640486772040e+00
3.039900000000000091e+01,1.650000000000000000e+03,1.800000000000000000e+03,-1.654740093758565012e+00,4.277612957358004619e-01,1.709686279274674536e+00
3.041600000000000037e+01,1.650000000000000000e+03,1.800000000000000000e+03,-1.683285270233165987e+00,4.188014718391405156e-01,1.675661859763077688e+00
3.043299999999999983e+01,1.650000000000000000e+03,1.800000000000000000e+03,-1.687834646611919176e+00,4.183984940165391686e-01,1.668031099486881219e+00
3.044999999999999929e+01,1.650000000000000000e+03,1.800000000000000000e+03,-1.687834646611919176e+00,4.183984940165391686e-01,1.668031099486881219e+00
3.046699999999999875e+01,1.650000000000000000e+03,1.800000000000000000e+03,-1.692061825970968547e+00,4.163479281538396970e-01,1.679155043082232179e+00
3.048499999999999943e+01,1.650000000000000000e+03,1.800000000000000000e+03,-1.696170660500537775e+00,4.164770774751541671e-01,1.662505590092923091e+00
3.050199999999999889e+01,1.650000000000000000e+03,1.800000000000000000e+03,-1.700364315244921265e+00,4.149727829322539252e-01,1.656057410106917427e+00
3.051899999999999835e+01,1.650000000000000000e+03,1.800000000000000000e+03,-1.705350544169448757e+00,4.140393907985965294e-01,1.658095828733101129e+00
3.053600000000000136e+01,1.650000000000000000e+03,1.800000000000000000e+03,-1.705350544169448757e+00,4.140393907985965294e-01,1.658095828733101129e+00
3.055300000000000082e+01,1.650000000000000000e+03,1.800000000000000000e+03,-1.709127921196321731e+00,4.125243062251188197e-01,1.658307341995447048e+00
3.057000000000000028e+01,1.650000000000000000e+03,1.800000000000000000e+03,-1.717037249764155504e+00,4.105961716689240371e-01,1.642950756273920065e+00
3.058699999999999974e+01,1.650000000000000000e+03,1.800000000000000000e+03,-1.717037249764155504e+00,4.105961716689240371e-01,1.642950756273920065e+00
3.060500000000000043e+01,1.650000000000000000e+03,1.800000000000000000e+03,-1.721584127831412570e+00,4.101947122409493884e-01,1.644993077012824489e+00
3.062199999999999989e+01,1.650000000000000000e+03,1.800000000000000000e+03,-1.725720481983015198e+00,4.097805530392638618e-01,1.637249439685193986e+00
3.063899999999999935e+01,1.650000000000000000e+03,1.800000000000000000e+03,-1.729899301206369255e+00,4.082817986312222702e-01,1.628810485660933560e+00
3.065700000000000003e+01,1.650000000000000000e+03,1.800000000000000000e+03,-1.734486527152696134e+00,4.067971844079781851e-01,1.621750951136591290e+00
3.067399999999999949e+01,1.650000000000000000e+03,1.500000000000000000e+03,-1.738640280682477890e+00,4.058422622336687047e-01,1.632990544402715960e+00
3.069200000000000017e+01,1.650000000000000000e+03,1.500000000000000000e+03,-1.743168503002948233e+00,4.059831584110219493e-01,1.615542295425880903e+00
3.070899999999999963e+01,1.650000000000000000e+03,1.500000000000000000e+03,-1.743168503002948233e+00,4.059831584110219493e-01,1.615542295425880903e+00
3.072599999999999909e+01,1.650000000000000000e+03,1.500000000000000000e+03,-1.747321774062417843e+00,4.050286287508230165e-01,1.607841761913552547e+00
3.074299999999999855e+01,1.650000000000000000e+03,1.500000000000000000e+03,-1.750666381374378133e+00,4.035082431928521673e-01,1.609226582436748876e+00
3.076000000000000156e+01,1.650000000000000000e+03,1.500000000000000000e+03,-1.755639962683238853e+00,4.025805807846544182e-01,1.611637765011415979e+00
3.077700000000000102e+01,1.650000000000000000e+03,1.500000000000000000e+03,-1.755639962683238853e+00,4.025805807846544182e-01,1.611637765011415979e+00
3.079400000000000048e+01,1.650000000000000000e+03,1.500000000000000000e+03,-1.764335065310302708e+00,4.012283023857018405e-01,1.586704083261845089e+00
3.081099999999999994e+01,1.650000000000000000e+03,1.500000000000000000e+03,-1.764335065310302708e+00,4.012283023857018405e-01,1.586704083261845089e+00
3.082799999999999940e+01,1.650000000000000000e+03,1.500000000000000000e+03,-1.768482440830902780e+00,4.002762738434301193e-01,1.588066286181765374e+00
3.084499999999999886e+01,1.650000000000000000e+03,1.500000000000000000e+03,-1.772617149984007545e+00,3.998643076821705167e-01,1.580300936375892640e+00
3.086199999999999832e+01,1.650000000000000000e+03,1.500000000000000000e+03,-1.777577558979192229e+00,3.994780718035367828e-01,1.573207730388214376e+00
3.087900000000000134e+01,1.650000000000000000e+03,1.500000000000000000e+03,-1.786289027139143615e+00,3.970501374980223153e-01,1.576597384478059638e+00
3.089600000000000080e+01,1.650000000000000000e+03,1.500000000000000000e+03,-1.786289027139143615e+00,3.970501374980223153e-01,1.576597384478059638e+00
3.091300000000000026e+01,1.650000000000000000e+03,1.500000000000000000e+03,-1.790844231675452924e+00,3.961130628787609131e-01,1.559140314646726200e+00
3.092999999999999972e+01,1.650000000000000000e+03,1.500000000000000000e+03,-1.816910452048556612e+00,3.915369807137994984e-01,1.541501563283573573e+00
3.094699999999999918e+01,1.650000000000000000e+03,1.500000000000000000e+03,-1.821460052103779148e+00,3.906028282017818265e-01,1.524440071346853331e+00
3.096399999999999864e+01,1.650000000000000000e+03,1.500000000000000000e+03,-1.821460052103779148e+00,3.906028282017818265e-01,1.524440071346853331e+00
3.098199999999999932e+01,1.650000000000000000e+03,1.500000000000000000e+03,-1.830143700485652669e+00,3.892598628251825454e-01,1.528846375784564060e+00
3.100100000000000122e+01,1.650000000000000000e+03,1.500000000000000000e+03,-1.830143700485652669e+00,3.892598628251825454e-01,1.528846375784564060e+00
3.101899999999999835e+01,1.650000000000000000e+03,1.500000000000000000e+03,-1.834279419457367499e+00,3.888507099431318670e-01,1.521099166867071917e+00
3.103600000000000136e+01,1.650000000000000000e+03,1.500000000000000000e+03,-1.839654462253967449e+00,3.879435132132463826e-01,1.512695511979426310e+00
3.105300000000000082e+01,1.650000000000000000e+03,1.500000000000000000e+03,-1.847917813333214809e+00,3.860540982363597218e-01,1.517325071923881552e+00
3.106899999999999906e+01,1.650000000000000000e+03,1.500000000000000000e+03,-1.852888396604869481e+00,3.862071918821813332e-01,1.500437519348920334e+00
3.108599999999999852e+01,1.650000000000000000e+03,1.500000000000000000e+03,-1.857426198970842490e+00,3.847403112950021908e-01,1.511489811159355989e+00
3.110399999999999920e+01,1.650000000000000000e+03,1.500000000000000000e+03,-1.861570955628153667e+00,3.848679704598257922e-01,1.505250894945451945e+00
3.112199999999999989e+01,1.650000000000000000e+03,1.500000000000000000e+03,-1.865709103422633408e+00,3.844601714633163470e-01,1.497589156555635848e+00
3.113899999999999935e+01,1.650000000000000000e+03,1.500000000000000000e+03,-1.870667568011914028e+00,3.835426607798527732e-01,1.497962305241372416e+00
3.115599999999999881e+01,1.650000000000000000e+03,1.500000000000000000e+03,-1.880215694752461530e+00,3.838375458092725401e-01,1.483072423563358555e+00
3.117399999999999949e+01,1.650000000000000000e+03,1.500000000000000000e+03,-1.884773479713648836e+00,3.834432554573509178e-01,1.475291098462611528e+00
3.119200000000000017e+01,1.650000000000000000e+03,1.500000000000000000e+03,-1.888902268720132449e+00,3.825007160628258740e-01,1.488209332115780548e+00
3.120899999999999963e+01,1.650000000000000000e+03,1.500000000000000000e+03,-1.888902268720132449e+00,3.825007160628258740e-01,1.488209332115780548e+00
3.122599999999999909e+01,1.650000000000000000e+03,1.500000000000000000e+03,-1.893460706433245377e+00,3.821068276001072794e-01,1.480530403880614410e+00
3.124299999999999855e+01,1.650000000000000000e+03,1.500000000000000000e+03,-1.898020057784971293e+00,3.817131270981845015e-01,1.480540935939546943e+00
3.126000000000000156e+01,1.650000000000000000e+03,1.500000000000000000e+03,-1.903013781119786030e+00,3.818679694776639932e-01,1.482567826979586778e+00
3.127700000000000102e+01,1.650000000000000000e+03,1.500000000000000000e+03,-1.903013781119786030e+00,3.818679694776639932e-01,1.482567826979586778e+00
3.129400000000000048e+01,1.650000000000000000e+03,1.500000000000000000e+03,-1.907576135358812763e+00,3.814746187273855282e-01,1.476899545095204491e+00
3.131099999999999994e+01,1.650000000000000000e+03,1.500000000000000000e+03,-1.912158698904615317e+00,3.816170674080595626e-01,1.469216894016781572e+00
3.132799999999999940e+01,1.650000000000000000e+03,1.500000000000000000e+03,-1.916723874229601554e+00,3.812240540861709936e-01,1.468986513238497382e+00
3.134499999999999886e+01,1.650000000000000000e+03,1.500000000000000000e+03,-1.921332626430221957e+00,3.819030044727641515e-01,1.463554830861136580e+00
3.136199999999999832e+01,1.650000000000000000e+03,1.500000000000000000e+03,-1.930494901909042271e+00,3.816539264902444328e-01,1.457889661042805596e+00
3.137999999999999901e+01,1.650000000000000000e+03,1.500000000000000000e+03,-1.935509092369792850e+00,3.818110186098931935e-01,1.455050426092572513e+00
3.139699999999999847e+01,1.650000000000000000e+03,1.500000000000000000e+03,-1.940108499917015061e+00,3.819553831514056474e-01,1.457065916001165196e+00
3.141400000000000148e+01,1.650000000000000000e+03,1.500000000000000000e+03,-1.949316114651382437e+00,3.822451558390481674e-01,1.451162487657371436e+00
3.143199999999999861e+01,1.650000000000000000e+03,1.500000000000000000e+03,-1.949316114651382437e+00,3.822451558390481674e-01,1.451162487657371436e+00
3.144900000000000162e+01,1.650000000000000000e+03,1.500000000000000000e+03,-1.953924322217812648e+00,3.823905642725754506e-01,1.443247338224038945e+00
3.146600000000000108e+01,1.650000000000000000e+03,1.500000000000000000e+03,-1.958954803676445922e+00,3.825495887913269444e-01,1.445256754836404589e+00
3.148400000000000176e+01,1.650000000000000000e+03,1.500000000000000000e+03,-1.967283507313342783e+00,3.817402832208832697e-01,1.448610551923471323e+00
3.150100000000000122e+01,1.650000000000000000e+03,1.500000000000000000e+03,-1.967283507313342783e+00,3.817402832208832697e-01,1.448610551923471323e+00
3.151800000000000068e+01,1.650000000000000000e+03,1.500000000000000000e+03,-1.972386492382618428e+00,3.829756808387995148e-01,1.431649480018064580e+00
3.153500000000000014e+01,1.650000000000000000e+03,1.500000000000000000e+03,-1.977463655136953324e+00,3.836746554741697901e-01,1.433652352467151392e+00
3.155199999999999960e+01,1.650000000000000000e+03,1.500000000000000000e+03,-1.982055859413855314e+00,3.832837556379248278e-01,1.432555942852138386e+00
3.156899999999999906e+01,1.650000000000000000e+03,1.500000000000000000e+03,-1.986720828489581425e+00,3.839704637726454317e-01,1.427749790685556741e+00
3.158599999999999852e+01,1.650000000000000000e+03,1.500000000000000000e+03,-1.991738060639751007e+00,3.835933533729088962e-01,1.426527815986912584e+00
3.160300000000000153e+01,1.650000000000000000e+03,1.500000000000000000e+03,-1.991738060639751007e+00,3.835933533729088962e-01,1.426527815986912584e+00
3.162099999999999866e+01,1.650000000000000000e+03,1.500000000000000000e+03,-1.995989751063580675e+00,3.842676657338764956e-01,1.421846269964574638e+00
3.163800000000000168e+01,1.650000000000000000e+03,1.500000000000000000e+03,-2.001050480550020438e+00,3.844303630508979497e-01,1.423844037281261521e+00
3.165500000000000114e+01,1.650000000000000000e+03,1.500000000000000000e+03,-2.005732788132176925e+00,3.851197569417584843e-01,1.412717830728005275e+00
3.167200000000000060e+01,1.650000000000000000e+03,1.500000000000000000e+03,-2.015450631090591749e+00,3.854338983235220395e-01,1.416702303201866853e+00
3.168900000000000006e+01,1.650000000000000000e+03,1.500000000000000000e+03,-2.015450631090591749e+00,3.854338983235220395e-01,1.416702303201866853e+00
3.170599999999999952e+01,1.650000000000000000e+03,1.500000000000000000e+03,-2.019636418593453886e+00,3.850304624283235055e-01,1.408687548106995813e+00
3.172299999999999898e+01,1.650000000000000000e+03,1.500000000000000000e+03,-2.024334678371285445e+00,3.857220505772901431e-01,1.404385335170655891e+00
3.173999999999999844e+01,1.650000000000000000e+03,1.500000000000000000e+03,-2.029885388607779007e+00,3.864422402211614704e-01,1.406371083173246994e+00
3.175799999999999912e+01,1.650000000000000000e+03,1.500000000000000000e+03,-2.034878103250632453e+00,3.855255867843346840e-01,1.404651104833708031e+00
3.177499999999999858e+01,1.650000000000000000e+03,1.500000000000000000e+03,-2.044207991807703184e+00,3.858299901070011417e-01,1.402453923692474458e+00
3.179100000000000037e+01,1.650000000000000000e+03,1.500000000000000000e+03,-2.044207991807703184e+00,3.858299901070011417e-01,1.402453923692474458e+00
3.180900000000000105e+01,1.650000000000000000e+03,1.500000000000000000e+03,-2.053549669635522879e+00,3.861357765362894989e-01,1.396548905046566036e+00
3.182600000000000051e+01,1.650000000000000000e+03,1.500000000000000000e+03,-2.053549669635522879e+00,3.861357765362894989e-01,1.396548905046566036e+00
3.184299999999999997e+01,1.650000000000000000e+03,1.500000000000000000e+03,-2.053549669635522879e+00,3.861357765362894989e-01,1.396548905046566036e+00
3.185999999999999943e+01,1.650000000000000000e+03,1.500000000000000000e+03,-2.063754049250290823e+00,3.864709356186269984e-01,1.400513834858288176e+00
3.187800000000000011e+01,1.650000000000000000e+03,1.500000000000000000e+03,-2.068010022499204403e+00,3.866110689565055436e-01,1.392620890759814545e+00
3.189499999999999957e+01,1.650000000000000000e+03,1.500000000000000000e+03,-2.073120414065879658e+00,3.867796038727920882e-01,1.394599714018259329e+00
3.191199999999999903e+01,1.650000000000000000e+03,1.500000000000000000e+03,-2.078717368459694903e+00,3.875056897820833290e-01,1.383466541138369310e+00
3.192899999999999849e+01,1.650000000000000000e+03,1.500000000000000000e+03,-2.093537103623150042e+00,3.869143738744164063e-01,1.383429502240462128e+00
3.194600000000000151e+01,1.650000000000000000e+03,1.500000000000000000e+03,-2.098663950706158410e+00,3.870847221038392627e-01,1.385401187971410542e+00
3.196300000000000097e+01,1.650000000000000000e+03,1.500000000000000000e+03,-2.103794329466856183e+00,3.872554749772919580e-01,1.387375115022453587e+00
3.198000000000000043e+01,1.650000000000000000e+03,1.500000000000000000e+03,-2.109356229111869485e+00,3.874409129526615869e-01,1.389351253936347730e+00
3.199699999999999989e+01,1.650000000000000000e+03,1.500000000000000000e+03,-2.113209207750975427e+00,3.875695701721543207e-01,1.381450218013144271e+00
3.201500000000000057e+01,1.650000000000000000e+03,1.500000000000000000e+03,-2.118778138912629672e+00,3.877558077760608901e-01,1.383420967336863594e+00
3.203199999999999648e+01,1.650000000000000000e+03,1.500000000000000000e+03,-2.124418342305410157e+00,3.884872981792873992e-01,1.371933234770995824e+00
3.204899999999999949e+01,1.650000000000000000e+03,1.500000000000000000e+03,-2.124418342305410157e+00,3.884872981792873992e-01,1.371933234770995824e+00
3.206600000000000250e+01,1.650000000000000000e+03,1.500000000000000000e+03,-2.129206586308339144e+00,3.891910867239790628e-01,1.368613162585473608e+00
3.208299999999999841e+01,1.650000000000000000e+03,1.500000000000000000e+03,-2.139087647093294908e+00,3.895241257712193095e-01,1.372531925677387354e+00
3.210000000000000142e+01,1.650000000000000000e+03,1.500000000000000000e+03,-2.139087647093294908e+00,3.895241257712193095e-01,1.372531925677387354e+00
3.211699999999999733e+01,1.650000000000000000e+03,1.500000000000000000e+03,-2.149412289012383237e+00,3.898732036438438131e-01,1.366608891837105988e+00
3.213499999999999801e+01,1.650000000000000000e+03,1.500000000000000000e+03,-2.154579972654584452e+00,3.900483370615169809e-01,1.368565480098016929e+00
3.215200000000000102e+01,1.650000000000000000e+03,1.500000000000000000e+03,-2.154579972654584452e+00,3.900483370615169809e-01,1.368565480098016929e+00
3.217000000000000171e+01,1.650000000000000000e+03,1.500000000000000000e+03,-2.159320162896848139e+00,3.902092229570722770e-01,1.370524190699202949e+00
3.218800000000000239e+01,1.650000000000000000e+03,1.500000000000000000e+03,-2.159320162896848139e+00,3.902092229570722770e-01,1.370524190699202949e+00
3.220499999999999829e+01,1.650000000000000000e+03,1.500000000000000000e+03,-2.164926092927539347e+00,3.903997874706389704e-01,1.372484990244197567e+00
3.222200000000000131e+01,1.650000000000000000e+03,1.500000000000000000e+03,-2.169750379751203884e+00,3.911086331972405405e-01,1.369399435340971971e+00
3.223899999999999721e+01,1.650000000000000000e+03,1.500000000000000000e+03,-2.174933317644015318e+00,3.912855326568817071e-01,1.371359094953453983e+00
3.225600000000000023e+01,1.650000000000000000e+03,1.500000000000000000e+03,-2.180712333183904672e+00,3.925737788714850351e-01,1.359644647934344253e+00
3.227300000000000324e+01,1.650000000000000000e+03,1.500000000000000000e+03,-2.185472306176334811e+00,3.927370822012258289e-01,1.361593753908018956e+00
3.229099999999999682e+01,1.650000000000000000e+03,1.500000000000000000e+03,-2.190399947135161174e+00,3.939987039787161693e-01,1.354064232912809640e+00
3.230700000000000216e+01,1.650000000000000000e+03,1.500000000000000000e+03,-2.196035498340636938e+00,3.941929978593984307e-01,1.360790368031643105e+00
3.232500000000000284e+01,1.650000000000000000e+03,1.500000000000000000e+03,-2.205319687603299883e+00,3.956080976175621045e-01,1.345170177836336300e+00
3.234199999999999875e+01,1.650000000000000000e+03,1.500000000000000000e+03,-2.205319687603299883e+00,3.956080976175621045e-01,1.345170177836336300e+00
3.235900000000000176e+01,1.650000000000000000e+03,1.500000000000000000e+03,-2.211143383773649163e+00,3.969058502264496413e-01,1.352374052024273299e+00
3.237599999999999767e+01,1.650000000000000000e+03,1.500000000000000000e+03,-2.221243128547316648e+00,3.978062613807126224e-01,1.346447096520352105e+00
3.239399999999999835e+01,1.650000000000000000e+03,1.500000000000000000e+03,-2.221243128547316648e+00,3.978062613807126224e-01,1.346447096520352105e+00
3.241100000000000136e+01,1.650000000000000000e+03,1.500000000000000000e+03,-2.226563221576193463e+00,3.985411701017987918e-01,1.343355812830618889e+00
3.242799999999999727e+01,1.650000000000000000e+03,1.500000000000000000e+03,-2.247125777505909028e+00,4.020151630857481395e-01,1.341535873932031997e+00
3.244599999999999795e+01,1.650000000000000000e+03,1.500000000000000000e+03,-2.262321226815769748e+00,4.042095012830303480e-01,1.337788640546948349e+00
3.246300000000000097e+01,1.650000000000000000e+03,1.500000000000000000e+03,-2.262321226815769748e+00,4.042095012830303480e-01,1.337788640546948349e+00
3.247999999999999687e+01,1.650000000000000000e+03,1.500000000000000000e+03,-2.268130077848667714e+00,4.049691398623215255e-01,1.334331631983245003e+00
3.249699999999999989e+01,1.650000000000000000e+03,1.500000000000000000e+03,-2.273608256110516201e+00,4.062712621022187554e-01,1.342015545789192243e+00
3.251400000000000290e+01,1.650000000000000000e+03,1.500000000000000000e+03,-2.278008482046810723e+00,4.064288979811164770e-01,1.328561284152546262e+00
