timestamp,u_propeller_pwm,u_rudder_pwm,x,y,yaw
4.000000000000000083e-03,1.500000000000000000e+03,1.500000000000000000e+03,-1.050332885559428941e+00,2.828836404975876295e-01,1.617941440302850920e+00
2.100000000000000130e-02,1.500000000000000000e+03,1.500000000000000000e+03,-1.050332885559428941e+00,2.828836404975876295e-01,1.617941440302850920e+00
3.799999999999999906e-02,1.500000000000000000e+03,1.500000000000000000e+03,-1.050332885559428941e+00,2.828836404975876295e-01,1.617941440302850920e+00
5.500000000000000028e-02,1.500000000000000000e+03,1.500000000000000000e+03,-1.050332885559428941e+00,2.828836404975876295e-01,1.617941440302850920e+00
7.299999999999999545e-02,1.500000000000000000e+03,1.500000000000000000e+03,-1.050859111143847002e+00,2.824211087801932196e-01,1.617941440302850920e+00
8.999999999999999667e-02,1.500000000000000000e+03,1.500000000000000000e+03,-1.049960721785383910e+00,2.828741607759425181e-01,1.625949037085480997e+00
1.069999999999999979e-01,1.500000000000000000e+03,1.500000000000000000e+03,-1.049960721785383910e+00,2.828741607759425181e-01,1.625949037085480997e+00
1.239999999999999991e-01,1.500000000000000000e+03,1.500000000000000000e+03,-1.050114937266699133e+00,2.824021657373964045e-01,1.625949037085480997e+00
1.409999999999999865e-01,1.500000000000000000e+03,1.500000000000000000e+03,-1.049960721785383910e+00,2.828741607759425181e-01,1.625949037085480997e+00
1.590000000000000024e-01,1.500000000000000000e+03,1.500000000000000000e+03,-1.049960721785383910e+00,2.828741607759425181e-01,1.625949037085480997e+00
1.759999999999999898e-01,1.500000000000000000e+03,1.500000000000000000e+03,-1.050114937266699133e+00,2.824021657373964045e-01,1.625949037085480997e+00
1.930000000000000049e-01,1.500000000000000000e+03,1.500000000000000000e+03,-1.050114937266699133e+00,2.824021657373964045e-01,1.625949037085480997e+00
2.099999999999999922e-01,1.500000000000000000e+03,1.500000000000000000e+03,-1.049960721785383910e+00,2.828741607759425181e-01,1.625949037085480997e+00
2.280000000000000082e-01,1.500000000000000000e+03,1.500000000000000000e+03,-1.049960721785383910e+00,2.828741607759425181e-01,1.625949037085480997e+00
2.449999999999999956e-01,1.500000000000000000e+03,1.500000000000000000e+03,-1.049960721785383910e+00,2.828741607759425181e-01,1.625949037085480997e+00
2.620000000000000107e-01,1.500000000000000000e+03,1.500000000000000000e+03,-1.050114937266699133e+00,2.824021657373964045e-01,1.625949037085480997e+00
2.790000000000000258e-01,1.500000000000000000e+03,1.500000000000000000e+03,-1.050114937266699133e+00,2.824021657373964045e-01,1.625949037085480997e+00
2.969999999999999862e-01,1.500000000000000000e+03,1.500000000000000000e+03,-1.050114937266699133e+00,2.824021657373964045e-01,1.625949037085480997e+00
3.140000000000000013e-01,1.500000000000000000e+03,1.500000000000000000e+03,-1.050396680302669417e+00,2.838376937467195216e-01,1.621387866719796511e+00
3.310000000000000164e-01,1.500000000000000000e+03,1.500000000000000000e+03,-1.050396680302669417e+00,2.838376937467195216e-01,1.621387866719796511e+00
3.479999999999999760e-01,1.500000000000000000e+03,1.500000000000000000e+03,-1.050024391581840799e+00,2.838282067058189861e-01,1.629477643566102474e+00
3.649999999999999911e-01,1.500000000000000000e+03,1.500000000000000000e+03,-1.050024391581840799e+00,2.838282067058189861e-01,1.629477643566102474e+00
3.820000000000000062e-01,1.500000000000000000e+03,1.500000000000000000e+03,-1.050024391581840799e+00,2.838282067058189861e-01,1.629477643566102474e+00
3.990000000000000213e-01,1.500000000000000000e+03,1.500000000000000000e+03,-1.050024391581840799e+00,2.838282067058189861e-01,1.629477643566102474e+00
4.159999999999999809e-01,1.500000000000000000e+03,1.500000000000000000e+03,-1.050024391581840799e+00,2.838282067058189861e-01,1.629477643566102474e+00
4.339999999999999969e-01,1.500000000000000000e+03,1.500000000000000000e+03,-1.049652088443597808e+00,2.838187151281604814e-01,1.629477643566102474e+00
4.500000000000000111e-01,1.500000000000000000e+03,1.500000000000000000e+03,-1.049652088443597808e+00,2.838187151281604814e-01,1.629477643566102474e+00
4.670000000000000262e-01,1.500000000000000000e+03,1.500000000000000000e+03,-1.049497670503336089e+00,2.842912746905367216e-01,1.629477643566102474e+00
4.849999999999999867e-01,1.500000000000000000e+03,1.500000000000000000e+03,-1.049125283150934340e+00,2.842817726371049680e-01,1.637557479344325939e+00
5.020000000000000018e-01,1.500000000000000000e+03,1.500000000000000000e+03,-1.048752881261573400e+00,2.842722660417057456e-01,1.637557479344325939e+00
5.190000000000000169e-01,1.500000000000000000e+03,1.500000000000000000e+03,-1.048752881261573400e+00,2.842722660417057456e-01,1.637557479344325939e+00
5.360000000000000320e-01,1.500000000000000000e+03,1.500000000000000000e+03,-1.048225769946159014e+00,2.847354850985763797e-01,1.625054169180650154e+00
5.530000000000000471e-01,1.500000000000000000e+03,1.500000000000000000e+03,-1.048225769946159014e+00,2.847354850985763797e-01,1.625054169180650154e+00
5.699999999999999512e-01,1.500000000000000000e+03,1.500000000000000000e+03,-1.048225769946159014e+00,2.847354850985763797e-01,1.625054169180650154e+00
5.869999999999999662e-01,1.500000000000000000e+03,1.500000000000000000e+03,-1.048225769946159014e+00,2.847354850985763797e-01,1.625054169180650154e+00
6.039999999999999813e-01,1.500000000000000000e+03,1.500000000000000000e+03,-1.047853269028310219e+00,2.847259634900005665e-01,1.625054169180650154e+00
6.209999999999999964e-01,1.500000000000000000e+03,1.500000000000000000e+03,-1.047853269028310219e+00,2.847259634900005665e-01,1.625054169180650154e+00
6.380000000000000115e-01,1.500000000000000000e+03,1.500000000000000000e+03,-1.047853269028310219e+00,2.847259634900005665e-01,1.625054169180650154e+00
6.550000000000000266e-01,1.500000000000000000e+03,1.500000000000000000e+03,-1.047853269028310219e+00,2.847259634900005665e-01,1.625054169180650154e+00
6.720000000000000417e-01,1.500000000000000000e+03,1.500000000000000000e+03,-1.047853269028310219e+00,2.847259634900005665e-01,1.625054169180650154e+00
6.899999999999999467e-01,1.500000000000000000e+03,1.500000000000000000e+03,-1.047853269028310219e+00,2.847259634900005665e-01,1.625054169180650154e+00
7.069999999999999618e-01,1.500000000000000000e+03,1.500000000000000000e+03,-1.048162730525840747e+00,2.837807032745391922e-01,1.628905577030198115e+00
7.239999999999999769e-01,1.500000000000000000e+03,1.500000000000000000e+03,-1.048162730525840747e+00,2.837807032745391922e-01,1.628905577030198115e+00
7.409999999999999920e-01,1.500000000000000000e+03,1.500000000000000000e+03,-1.048162730525840747e+00,2.837807032745391922e-01,1.628905577030198115e+00
7.580000000000000071e-01,1.500000000000000000e+03,1.500000000000000000e+03,-1.048162730525840747e+00,2.837807032745391922e-01,1.628905577030198115e+00
7.760000000000000231e-01,1.500000000000000000e+03,1.500000000000000000e+03,-1.048162730525840747e+00,2.837807032745391922e-01,1.628905577030198115e+00
7.920000000000000373e-01,1.500000000000000000e+03,1.500000000000000000e+03,-1.048162730525840747e+00,2.837807032745391922e-01,1.628905577030198115e+00
8.090000000000000524e-01,1.500000000000000000e+03,1.500000000000000000e+03,-1.048008033633190728e+00,2.842532391899051936e-01,1.628905577030198115e+00
8.269999999999999574e-01,1.500000000000000000e+03,1.500000000000000000e+03,-1.048162730525840747e+00,2.837807032745391922e-01,1.628905577030198115e+00
8.429999999999999716e-01,1.500000000000000000e+03,1.500000000000000000e+03,-1.048162730525840747e+00,2.837807032745391922e-01,1.628905577030198115e+00
8.609999999999999876e-01,1.500000000000000000e+03,1.500000000000000000e+03,-1.048162730525840747e+00,2.837807032745391922e-01,1.628905577030198115e+00
8.770000000000000018e-01,1.500000000000000000e+03,1.500000000000000000e+03,-1.047635587774529586e+00,2.842437189159213728e-01,1.628905577030198115e+00
8.940000000000000169e-01,1.500000000000000000e+03,1.500000000000000000e+03,-1.048162730525840747e+00,2.837807032745391922e-01,1.628905577030198115e+00
9.110000000000000320e-01,1.500000000000000000e+03,1.500000000000000000e+03,-1.048162730525840747e+00,2.837807032745391922e-01,1.628905577030198115e+00
9.280000000000000471e-01,1.625000000000000000e+03,1.500000000000000000e+03,-1.048162730525840747e+00,2.837807032745391922e-01,1.628905577030198115e+00
9.469999999999999529e-01,1.625000000000000000e+03,1.500000000000000000e+03,-1.048162730525840747e+00,2.837807032745391922e-01,1.628905577030198115e+00
9.639999999999999680e-01,1.625000000000000000e+03,1.500000000000000000e+03,-1.048162730525840747e+00,2.837807032745391922e-01,1.628905577030198115e+00
9.809999999999999831e-01,1.625000000000000000e+03,1.500000000000000000e+03,-1.048162730525840747e+00,2.837807032745391922e-01,1.628905577030198115e+00
9.969999999999999973e-01,1.625000000000000000e+03,1.500000000000000000e+03,-1.048162730525840747e+00,2.837807032745391922e-01,1.628905577030198115e+00
1.014000000000000012e+00,1.625000000000000000e+03,1.500000000000000000e+03,-1.047108222982044978e+00,2.847069065962150036e-01,1.616478227975529425e+00
1.032000000000000028e+00,1.625000000000000000e+03,1.500000000000000000e+03,-1.047108222982044978e+00,2.847069065962150036e-01,1.616478227975529425e+00
1.048999999999999932e+00,1.625000000000000000e+03,1.500000000000000000e+03,-1.047108222982044978e+00,2.847069065962150036e-01,1.616478227975529425e+00
1.066000000000000059e+00,1.625000000000000000e+03,1.500000000000000000e+03,-1.047108222982044978e+00,2.847069065962150036e-01,1.616478227975529425e+00
1.082999999999999963e+00,1.625000000000000000e+03,1.500000000000000000e+03,-1.047108222982044978e+00,2.847069065962150036e-01,1.616478227975529425e+00
1.100000000000000089e+00,1.625000000000000000e+03,1.500000000000000000e+03,-1.047108222982044978e+00,2.847069065962150036e-01,1.616478227975529425e+00
1.118000000000000105e+00,1.625000000000000000e+03,1.500000000000000000e+03,-1.046363117587958858e+00,2.846878314082121886e-01,1.624481938602741371e+00
1.135000000000000009e+00,1.625000000000000000e+03,1.500000000000000000e+03,-1.046363117587958858e+00,2.846878314082121886e-01,1.624481938602741371e+00
1.151999999999999913e+00,1.625000000000000000e+03,1.500000000000000000e+03,-1.046363117587958858e+00,2.846878314082121886e-01,1.624481938602741371e+00
1.169999999999999929e+00,1.625000000000000000e+03,1.500000000000000000e+03,-1.046363117587958858e+00,2.846878314082121886e-01,1.624481938602741371e+00
1.187000000000000055e+00,1.625000000000000000e+03,1.500000000000000000e+03,-1.046363117587958858e+00,2.846878314082121886e-01,1.624481938602741371e+00
1.203999999999999959e+00,1.625000000000000000e+03,1.500000000000000000e+03,-1.046363117587958858e+00,2.846878314082121886e-01,1.624481938602741371e+00
1.221000000000000085e+00,1.625000000000000000e+03,1.500000000000000000e+03,-1.046363117587958858e+00,2.846878314082121886e-01,1.624481938602741371e+00
1.237999999999999989e+00,1.625000000000000000e+03,1.500000000000000000e+03,-1.046208005976489996e+00,2.851607206912565307e-01,1.628008494131931050e+00
1.254999999999999893e+00,1.625000000000000000e+03,1.500000000000000000e+03,-1.046208005976489996e+00,2.851607206912565307e-01,1.628008494131931050e+00
1.272000000000000020e+00,1.625000000000000000e+03,1.500000000000000000e+03,-1.046208005976489996e+00,2.851607206912565307e-01,1.628008494131931050e+00
1.290000000000000036e+00,1.625000000000000000e+03,1.500000000000000000e+03,-1.046052826426103755e+00,2.856337985697144921e-01,1.628008494131931050e+00
1.306000000000000050e+00,1.625000000000000000e+03,1.500000000000000000e+03,-1.046052826426103755e+00,2.856337985697144921e-01,1.628008494131931050e+00
1.324000000000000066e+00,1.625000000000000000e+03,1.500000000000000000e+03,-1.045680111656060562e+00,2.856242423826149679e-01,1.636084694692176322e+00
1.340999999999999970e+00,1.625000000000000000e+03,1.500000000000000000e+03,-1.045897578896527902e+00,2.861070651684024524e-01,1.631610795438921846e+00
1.358999999999999986e+00,1.625000000000000000e+03,1.500000000000000000e+03,-1.045897578896527902e+00,2.861070651684024524e-01,1.631610795438921846e+00
1.375999999999999890e+00,1.625000000000000000e+03,1.500000000000000000e+03,-1.045897578896527902e+00,2.861070651684024524e-01,1.631610795438921846e+00
1.393000000000000016e+00,1.625000000000000000e+03,1.500000000000000000e+03,-1.046115102971064470e+00,2.865900840071895495e-01,1.631610795438921846e+00
1.411000000000000032e+00,1.625000000000000000e+03,1.500000000000000000e+03,-1.045959789323327449e+00,2.870637343227216975e-01,1.627683061275224441e+00
1.427999999999999936e+00,1.625000000000000000e+03,1.500000000000000000e+03,-1.045959789323327449e+00,2.870637343227216975e-01,1.627683061275224441e+00
1.445000000000000062e+00,1.625000000000000000e+03,1.500000000000000000e+03,-1.045959789323327449e+00,2.870637343227216975e-01,1.627683061275224441e+00
1.461999999999999966e+00,1.625000000000000000e+03,1.500000000000000000e+03,-1.046332684007635683e+00,2.870732990990393363e-01,1.619604257954864401e+00
1.479000000000000092e+00,1.625000000000000000e+03,1.500000000000000000e+03,-1.046705563851692222e+00,2.870828593639193071e-01,1.619604257954864401e+00
1.495999999999999996e+00,1.625000000000000000e+03,1.500000000000000000e+03,-1.046705563851692222e+00,2.870828593639193071e-01,1.619604257954864401e+00
1.512999999999999901e+00,1.625000000000000000e+03,1.500000000000000000e+03,-1.046705563851692222e+00,2.870828593639193071e-01,1.619604257954864401e+00
1.530000000000000027e+00,1.625000000000000000e+03,1.500000000000000000e+03,-1.047015843356762677e+00,2.861357240510935540e-01,1.632182053786265019e+00
1.546999999999999931e+00,1.625000000000000000e+03,1.500000000000000000e+03,-1.047015843356762677e+00,2.861357240510935540e-01,1.632182053786265019e+00
1.564000000000000057e+00,1.625000000000000000e+03,1.500000000000000000e+03,-1.047388568539132425e+00,2.861452679452297643e-01,1.624014084417303661e+00
1.582000000000000073e+00,1.625000000000000000e+03,1.500000000000000000e+03,-1.047170881224898320e+00,2.856624397683077410e-01,1.628580252365002368e+00
1.598999999999999977e+00,1.625000000000000000e+03,1.500000000000000000e+03,-1.047388568539132425e+00,2.861452679452297643e-01,1.624731988542542638e+00
1.614999999999999991e+00,1.625000000000000000e+03,1.500000000000000000e+03,-1.047388568539132425e+00,2.861452679452297643e-01,1.624731988542542638e+00
1.633000000000000007e+00,1.625000000000000000e+03,1.500000000000000000e+03,-1.047916177099896373e+00,2.856815111863328926e-01,1.620495963009543905e+00
1.649999999999999911e+00,1.625000000000000000e+03,1.500000000000000000e+03,-1.048288803020185345e+00,2.856910401073299299e-01,1.616736942074881167e+00
1.667999999999999927e+00,1.625000000000000000e+03,1.500000000000000000e+03,-1.048288803020185345e+00,2.856910401073299299e-01,1.616736942074881167e+00
1.685000000000000053e+00,1.625000000000000000e+03,1.500000000000000000e+03,-1.048288803020185345e+00,2.856910401073299299e-01,1.616736942074881167e+00
1.701999999999999957e+00,1.625000000000000000e+03,1.500000000000000000e+03,-1.048506656013573846e+00,2.861738725498534919e-01,1.616736942074881167e+00
1.719000000000000083e+00,1.625000000000000000e+03,1.500000000000000000e+03,-1.048879322680277060e+00,2.861833984212114323e-01,1.629152574738612191e+00
1.737000000000000099e+00,1.625000000000000000e+03,1.500000000000000000e+03,-1.048879322680277060e+00,2.861833984212114323e-01,1.629152574738612191e+00
1.754999999999999893e+00,1.625000000000000000e+03,1.500000000000000000e+03,-1.049561144342294305e+00,2.852464686447547804e-01,1.621069918275465982e+00
1.772999999999999909e+00,1.625000000000000000e+03,1.500000000000000000e+03,-1.049561144342294305e+00,2.852464686447547804e-01,1.621069918275465982e+00
1.790000000000000036e+00,1.625000000000000000e+03,1.500000000000000000e+03,-1.049561144342294305e+00,2.852464686447547804e-01,1.621069918275465982e+00
1.806999999999999940e+00,1.625000000000000000e+03,1.500000000000000000e+03,-1.049933642381361221e+00,2.852559735793410711e-01,1.621069918275465982e+00
1.824000000000000066e+00,1.625000000000000000e+03,1.500000000000000000e+03,-1.049933642381361221e+00,2.852559735793410711e-01,1.621069918275465982e+00
1.842000000000000082e+00,1.625000000000000000e+03,1.500000000000000000e+03,-1.050306126060883027e+00,2.852654740227689167e-01,1.612978408092517135e+00
1.858999999999999986e+00,1.625000000000000000e+03,1.500000000000000000e+03,-1.050306126060883027e+00,2.852654740227689167e-01,1.612978408092517135e+00
1.877000000000000002e+00,1.625000000000000000e+03,1.500000000000000000e+03,-1.050151714839272277e+00,2.857386171813198761e-01,1.609309944516171820e+00
1.893000000000000016e+00,1.625000000000000000e+03,1.500000000000000000e+03,-1.050151714839272277e+00,2.857386171813198761e-01,1.609309944516171820e+00
1.909999999999999920e+00,1.625000000000000000e+03,1.500000000000000000e+03,-1.050524254063267104e+00,2.857481191508152163e-01,1.609309944516171820e+00
1.927999999999999936e+00,1.625000000000000000e+03,1.500000000000000000e+03,-1.050524254063267104e+00,2.857481191508152163e-01,1.609309944516171820e+00
1.945000000000000062e+00,1.625000000000000000e+03,1.500000000000000000e+03,-1.051795918368232829e+00,2.853034310584751099e-01,1.613554462256156397e+00
1.961999999999999966e+00,1.625000000000000000e+03,1.500000000000000000e+03,-1.051641786522567568e+00,2.857765983247021468e-01,1.609886626067785542e+00
1.979000000000000092e+00,1.625000000000000000e+03,1.500000000000000000e+03,-1.053504060115174390e+00,2.858239750164881521e-01,1.610463848237434936e+00
1.995999999999999996e+00,1.625000000000000000e+03,1.500000000000000000e+03,-1.053504060115174390e+00,2.858239750164881521e-01,1.610463848237434936e+00
2.012999999999999901e+00,1.625000000000000000e+03,1.500000000000000000e+03,-1.053876473285988435e+00,2.858334371424487985e-01,1.619038764795678098e+00
2.029999999999999805e+00,1.625000000000000000e+03,1.500000000000000000e+03,-1.054621258547323137e+00,2.858523482504110591e-01,1.611041608126523972e+00
2.047000000000000153e+00,1.625000000000000000e+03,1.500000000000000000e+03,-1.054993630754266221e+00,2.858617972494649218e-01,1.611041608126523972e+00
2.064000000000000057e+00,1.625000000000000000e+03,1.500000000000000000e+03,-1.054993630754266221e+00,2.858617972494649218e-01,1.611041608126523972e+00
2.080999999999999961e+00,1.625000000000000000e+03,1.500000000000000000e+03,-1.054993630754266221e+00,2.858617972494649218e-01,1.611041608126523972e+00
2.097999999999999865e+00,1.625000000000000000e+03,1.500000000000000000e+03,-1.056702068870718270e+00,2.863824192139562408e-01,1.606889939387508681e+00
2.116000000000000103e+00,1.625000000000000000e+03,1.500000000000000000e+03,-1.056702068870718270e+00,2.863824192139562408e-01,1.606889939387508681e+00
2.133000000000000007e+00,1.625000000000000000e+03,1.500000000000000000e+03,-1.056702068870718270e+00,2.863824192139562408e-01,1.606889939387508681e+00
2.149999999999999911e+00,1.625000000000000000e+03,1.500000000000000000e+03,-1.057293630975832510e+00,2.868749171516955521e-01,1.615554692774962442e+00
2.166999999999999815e+00,1.625000000000000000e+03,1.500000000000000000e+03,-1.057819114508627312e+00,2.864106939691116738e-01,1.615554692774962442e+00
2.185999999999999943e+00,1.625000000000000000e+03,1.500000000000000000e+03,-1.058563746117769711e+00,2.864295223967523452e-01,1.616133678229823012e+00
2.201999999999999957e+00,1.625000000000000000e+03,1.500000000000000000e+03,-1.058936042449205139e+00,2.864389302129756176e-01,1.616133678229823012e+00
2.220000000000000195e+00,1.625000000000000000e+03,1.500000000000000000e+03,-1.058936042449205139e+00,2.864389302129756176e-01,1.616133678229823012e+00
2.237000000000000099e+00,1.625000000000000000e+03,1.500000000000000000e+03,-1.059308325874646073e+00,2.864483337752794512e-01,1.616133678229823012e+00
2.253000000000000114e+00,1.625000000000000000e+03,1.500000000000000000e+03,-1.059527867769720855e+00,2.869314147057662190e-01,1.608050241317212858e+00
2.270000000000000018e+00,1.625000000000000000e+03,1.500000000000000000e+03,-1.060425099284083128e+00,2.864765190220543989e-01,1.616713191357242563e+00
2.286999999999999922e+00,1.625000000000000000e+03,1.500000000000000000e+03,-1.060425099284083128e+00,2.864765190220543989e-01,1.616713191357242563e+00
2.303999999999999826e+00,1.625000000000000000e+03,1.500000000000000000e+03,-1.061017102357593167e+00,2.869689951236739089e-01,1.608631175318871342e+00
2.321000000000000174e+00,1.625000000000000000e+03,1.500000000000000000e+03,-1.061541758584396922e+00,2.865046662832070323e-01,1.617293229313709002e+00
2.338000000000000078e+00,1.625000000000000000e+03,1.500000000000000000e+03,-1.061541758584396922e+00,2.865046662832070323e-01,1.617293229313709002e+00
2.355999999999999872e+00,1.625000000000000000e+03,1.500000000000000000e+03,-1.062353900061983936e+00,2.874804305593815501e-01,1.605642242821391896e+00
2.373000000000000220e+00,1.625000000000000000e+03,1.500000000000000000e+03,-1.063470755274308566e+00,2.875085412413607155e-01,1.617873789272295193e+00
2.390000000000000124e+00,1.625000000000000000e+03,1.500000000000000000e+03,-1.063470755274308566e+00,2.875085412413607155e-01,1.617873789272295193e+00
2.407999999999999918e+00,1.625000000000000000e+03,1.500000000000000000e+03,-1.063318662926778346e+00,2.879826722741368750e-01,1.609493509249675824e+00
2.424999999999999822e+00,1.625000000000000000e+03,1.500000000000000000e+03,-1.063318662926778346e+00,2.879826722741368750e-01,1.609493509249675824e+00
2.442000000000000171e+00,1.625000000000000000e+03,1.500000000000000000e+03,-1.064807912976369231e+00,2.880201215394484482e-01,1.610076223779025373e+00
2.459999999999999964e+00,1.625000000000000000e+03,1.500000000000000000e+03,-1.064807912976369231e+00,2.880201215394484482e-01,1.610076223779025373e+00
2.476999999999999869e+00,1.625000000000000000e+03,1.500000000000000000e+03,-1.065552466078897975e+00,2.880388216678713142e-01,1.601998135495998676e+00
2.494000000000000217e+00,1.625000000000000000e+03,1.500000000000000000e+03,-1.070169638288669400e+00,2.876764337715567166e-01,1.607302237484990792e+00
2.512999999999999901e+00,1.625000000000000000e+03,1.500000000000000000e+03,-1.070169638288669400e+00,2.876764337715567166e-01,1.603753237370216800e+00
2.529999999999999805e+00,1.625000000000000000e+03,1.500000000000000000e+03,-1.070390926599325221e+00,2.881599792899369739e-01,1.603753237370216800e+00
2.547000000000000153e+00,1.625000000000000000e+03,1.500000000000000000e+03,-1.071808262898760855e+00,2.872394797885624573e-01,1.607887742271322029e+00
2.564000000000000057e+00,1.625000000000000000e+03,1.500000000000000000e+03,-1.072773763476430720e+00,2.877413746800762118e-01,1.596259598081611664e+00
2.580999999999999961e+00,1.625000000000000000e+03,1.500000000000000000e+03,-1.072773763476430720e+00,2.877413746800762118e-01,1.596259598081611664e+00
2.597999999999999865e+00,1.625000000000000000e+03,1.500000000000000000e+03,-1.072995464923016007e+00,2.882249398055820588e-01,1.604925783748179624e+00
2.615000000000000213e+00,1.625000000000000000e+03,1.500000000000000000e+03,-1.072995464923016007e+00,2.882249398055820588e-01,1.604925783748179624e+00
2.633000000000000007e+00,1.625000000000000000e+03,1.500000000000000000e+03,-1.075155306313405390e+00,2.873227374292701697e-01,1.609060233668784923e+00
2.649000000000000021e+00,1.625000000000000000e+03,1.500000000000000000e+03,-1.075749259335071928e+00,2.878153576734079344e-01,1.597435530801470716e+00
2.666999999999999815e+00,1.625000000000000000e+03,1.500000000000000000e+03,-1.075749259335071928e+00,2.878153576734079344e-01,1.597435530801470716e+00
2.684000000000000163e+00,1.625000000000000000e+03,1.500000000000000000e+03,-1.075749259335071928e+00,2.878153576734079344e-01,1.597435530801470716e+00
2.701000000000000068e+00,1.625000000000000000e+03,1.500000000000000000e+03,-1.075749259335071928e+00,2.878153576734079344e-01,1.597435530801470716e+00
2.717999999999999972e+00,1.625000000000000000e+03,1.500000000000000000e+03,-1.077236756491032565e+00,2.878522562871489443e-01,1.598024220758011982e+00
2.734999999999999876e+00,1.625000000000000000e+03,1.500000000000000000e+03,-1.078724090977319250e+00,2.878890936428778469e-01,1.598613389881544000e+00
2.753000000000000114e+00,1.625000000000000000e+03,1.500000000000000000e+03,-1.078574868039762436e+00,2.883635003289222176e-01,1.598613389881544000e+00
2.770000000000000018e+00,1.625000000000000000e+03,1.500000000000000000e+03,-1.078574868039762436e+00,2.883635003289222176e-01,1.598613389881544000e+00
2.786999999999999922e+00,1.625000000000000000e+03,1.500000000000000000e+03,-1.080211266151620109e+00,2.879258702350891985e-01,1.599203035765044856e+00
2.803999999999999826e+00,1.625000000000000000e+03,1.500000000000000000e+03,-1.080211266151620109e+00,2.879258702350891985e-01,1.599203035765044856e+00
2.834999999999999964e+00,1.625000000000000000e+03,1.500000000000000000e+03,-1.080211266151620109e+00,2.879258702350891985e-01,1.599203035765044856e+00
2.853000000000000203e+00,1.625000000000000000e+03,1.500000000000000000e+03,-1.080211266151620109e+00,2.879258702350891985e-01,1.599203035765044856e+00
2.869000000000000217e+00,1.625000000000000000e+03,1.500000000000000000e+03,-1.080211266151620109e+00,2.879258702350891985e-01,1.599203035765044856e+00
2.886000000000000121e+00,1.625000000000000000e+03,1.500000000000000000e+03,-1.080211266151620109e+00,2.879258702350891985e-01,1.599203035765044856e+00
2.907999999999999918e+00,1.625000000000000000e+03,1.500000000000000000e+03,-1.080211266151620109e+00,2.879258702350891985e-01,1.599203035765044856e+00
2.927999999999999936e+00,1.625000000000000000e+03,1.500000000000000000e+03,-1.081846883715488650e+00,2.874883139154068568e-01,1.603246054971533274e+00
2.944999999999999840e+00,1.625000000000000000e+03,1.500000000000000000e+03,-1.085415172661754024e+00,2.880541168704886523e-01,1.592898216339946771e+00
2.967000000000000082e+00,1.625000000000000000e+03,1.500000000000000000e+03,-1.085415172661754024e+00,2.880541168704886523e-01,1.592898216339946771e+00
2.984999999999999876e+00,1.625000000000000000e+03,1.500000000000000000e+03,-1.086530060470984882e+00,2.880815042375441948e-01,1.593490823721197991e+00
3.000999999999999890e+00,1.625000000000000000e+03,1.500000000000000000e+03,-1.088388029959708181e+00,2.881270771844051115e-01,1.594083890963230443e+00
3.017999999999999794e+00,1.625000000000000000e+03,1.500000000000000000e+03,-1.088388029959708181e+00,2.881270771844051115e-01,1.594083890963230443e+00
3.036999999999999922e+00,1.625000000000000000e+03,1.500000000000000000e+03,-1.093960669667991326e+00,2.882632595833295452e-01,1.596460713666395081e+00
3.055000000000000160e+00,1.625000000000000000e+03,1.500000000000000000e+03,-1.093960669667991326e+00,2.882632595833295452e-01,1.596460713666395081e+00
3.072000000000000064e+00,1.625000000000000000e+03,1.500000000000000000e+03,-1.095446400596267189e+00,2.882994412295791786e-01,1.597056046654038663e+00
3.088999999999999968e+00,1.625000000000000000e+03,1.500000000000000000e+03,-1.095446400596267189e+00,2.882994412295791786e-01,1.597056046654038663e+00
3.105999999999999872e+00,1.625000000000000000e+03,1.500000000000000000e+03,-1.096560617932031079e+00,2.883265410937220219e-01,1.588980941613626241e+00
3.124000000000000110e+00,1.625000000000000000e+03,1.500000000000000000e+03,-1.096932008568303196e+00,2.883355674926660894e-01,1.597651826155392030e+00
3.141000000000000014e+00,1.625000000000000000e+03,1.500000000000000000e+03,-1.098046135728927286e+00,2.883626261231934107e-01,1.589577681955012256e+00
3.157999999999999918e+00,1.625000000000000000e+03,1.500000000000000000e+03,-1.098788850362326652e+00,2.883806481435569058e-01,1.598248049983424846e+00
3.174999999999999822e+00,1.625000000000000000e+03,1.500000000000000000e+03,-1.098788850362326652e+00,2.883806481435569058e-01,1.598248049983424846e+00
3.192000000000000171e+00,1.625000000000000000e+03,1.500000000000000000e+03,-1.098788850362326652e+00,2.883806481435569058e-01,1.598248049983424846e+00
3.209000000000000075e+00,1.625000000000000000e+03,1.500000000000000000e+03,-1.099386234129299034e+00,2.888734699911259529e-01,1.586981994160616249e+00
3.226999999999999869e+00,1.625000000000000000e+03,1.500000000000000000e+03,-1.101016821820928193e+00,2.884346329152120969e-01,1.590772480068287642e+00
3.244000000000000217e+00,1.625000000000000000e+03,1.500000000000000000e+03,-1.102439070839676516e+00,2.899047460576495983e-01,1.583034679784452115e+00
3.261000000000000121e+00,1.625000000000000000e+03,1.500000000000000000e+03,-1.104069467620948153e+00,2.894654001983488767e-01,1.583634218099660762e+00
3.278000000000000025e+00,1.625000000000000000e+03,1.500000000000000000e+03,-1.104440851205899410e+00,2.894743714316455607e-01,1.583634218099660762e+00
3.294999999999999929e+00,1.625000000000000000e+03,1.500000000000000000e+03,-1.104440851205899410e+00,2.894743714316455607e-01,1.583634218099660762e+00
3.311999999999999833e+00,1.625000000000000000e+03,1.500000000000000000e+03,-1.105926321154031555e+00,2.895102238089692914e-01,1.584234182513232225e+00
3.329000000000000181e+00,1.625000000000000000e+03,1.500000000000000000e+03,-1.107040357313035184e+00,2.895370791033976543e-01,1.587998549403688564e+00
3.346000000000000085e+00,1.625000000000000000e+03,1.500000000000000000e+03,-1.107783017211947829e+00,2.895549665521616189e-01,1.576763519719297513e+00
3.362999999999999989e+00,1.625000000000000000e+03,1.500000000000000000e+03,-1.107783017211947829e+00,2.895549665521616189e-01,1.576763519719297513e+00
3.379999999999999893e+00,1.625000000000000000e+03,1.500000000000000000e+03,-1.109040503737397598e+00,2.891065692465306647e-01,1.588599049991228362e+00
3.396999999999999797e+00,1.625000000000000000e+03,1.500000000000000000e+03,-1.110525399725396323e+00,2.891422362405448032e-01,1.589199972424064855e+00
3.414000000000000146e+00,1.625000000000000000e+03,1.500000000000000000e+03,-1.110610164539634681e+00,2.901018238494554868e-01,1.577967078326339090e+00
3.431000000000000050e+00,1.625000000000000000e+03,1.500000000000000000e+03,-1.110610164539634681e+00,2.901018238494554868e-01,1.577967078326339090e+00
3.447999999999999954e+00,1.625000000000000000e+03,1.500000000000000000e+03,-1.113494918813580314e+00,2.892134188902573122e-01,1.590403074910451853e+00
3.464999999999999858e+00,1.625000000000000000e+03,1.500000000000000000e+03,-1.114094683752261616e+00,2.897064986119060048e-01,1.579172294428078382e+00
3.482000000000000206e+00,1.625000000000000000e+03,1.500000000000000000e+03,-1.114694646629269537e+00,2.901997891666155960e-01,1.587842806884725677e+00
3.499000000000000110e+00,1.625000000000000000e+03,1.500000000000000000e+03,-1.120033674969306947e+00,2.898483022433872014e-01,1.581587639498338138e+00
3.516999999999999904e+00,1.625000000000000000e+03,1.500000000000000000e+03,-1.121518232628432976e+00,2.898836330157473773e-01,1.582192488512265793e+00
3.533999999999999808e+00,1.625000000000000000e+03,1.500000000000000000e+03,-1.122631604511978853e+00,2.899101000937117645e-01,1.590861353870121508e+00
3.551000000000000156e+00,1.625000000000000000e+03,1.500000000000000000e+03,-1.122861783257949497e+00,2.903946177657965588e-01,1.582797738962725687e+00
3.568000000000000060e+00,1.625000000000000000e+03,1.500000000000000000e+03,-1.122861783257949497e+00,2.903946177657965588e-01,1.582797738962725687e+00
3.584999999999999964e+00,1.625000000000000000e+03,1.500000000000000000e+03,-1.124577002744202137e+00,2.909146318623582195e-01,1.578064601378437404e+00
3.601999999999999869e+00,1.625000000000000000e+03,1.500000000000000000e+03,-1.126804331329420705e+00,2.909674827411850018e-01,1.587430843172444428e+00
3.619000000000000217e+00,1.625000000000000000e+03,1.500000000000000000e+03,-1.126804331329420705e+00,2.909674827411850018e-01,1.587430843172444428e+00
3.637000000000000011e+00,1.625000000000000000e+03,1.500000000000000000e+03,-1.126804331329420705e+00,2.909674827411850018e-01,1.587430843172444428e+00
3.653000000000000025e+00,1.625000000000000000e+03,1.500000000000000000e+03,-1.128057957850562731e+00,2.905178607446246009e-01,1.579278262174574676e+00
3.669999999999999929e+00,1.625000000000000000e+03,1.500000000000000000e+03,-1.129031525032169636e+00,2.910202316284525859e-01,1.579885680390900271e+00
3.686999999999999833e+00,1.625000000000000000e+03,1.500000000000000000e+03,-1.130516250451618410e+00,2.910553415772706431e-01,1.580493488162784566e+00
3.704000000000000181e+00,1.625000000000000000e+03,1.500000000000000000e+03,-1.130887423397434199e+00,2.910641121261152708e-01,1.580493488162784566e+00
3.721999999999999975e+00,1.625000000000000000e+03,1.500000000000000000e+03,-1.132372082809732561e+00,2.910991667591055210e-01,1.581101683755820053e+00
3.738999999999999879e+00,1.625000000000000000e+03,1.500000000000000000e+03,-1.134460172175646431e+00,2.916280202018106671e-01,1.570681487049178093e+00
3.755999999999999783e+00,1.625000000000000000e+03,1.500000000000000000e+03,-1.136316192244547718e+00,2.916717387851683885e-01,1.579960048089194435e+00
3.773000000000000131e+00,1.625000000000000000e+03,1.500000000000000000e+03,-1.137800960326261102e+00,2.917066657585890566e-01,1.580569989786881901e+00
3.790999999999999925e+00,1.625000000000000000e+03,1.500000000000000000e+03,-1.139381043626438883e+00,2.927037908350133000e-01,1.567002084017647290e+00
3.807999999999999829e+00,1.625000000000000000e+03,1.500000000000000000e+03,-1.139381043626438883e+00,2.927037908350133000e-01,1.567002084017647290e+00
3.825000000000000178e+00,1.625000000000000000e+03,1.500000000000000000e+03,-1.140494981430242305e+00,2.927299715662020629e-01,1.575761342301152945e+00
3.842000000000000082e+00,1.625000000000000000e+03,1.500000000000000000e+03,-1.140494981430242305e+00,2.927299715662020629e-01,1.575761342301152945e+00
3.859999999999999876e+00,1.625000000000000000e+03,1.500000000000000000e+03,-1.141980201848794785e+00,2.927648433143822393e-01,1.576372541683153994e+00
3.876999999999999780e+00,1.625000000000000000e+03,1.500000000000000000e+03,-1.142997352380151543e+00,2.918285809099530059e-01,1.579918413918225628e+00
3.894000000000000128e+00,1.625000000000000000e+03,1.500000000000000000e+03,-1.142997352380151543e+00,2.918285809099530059e-01,1.579918413918225628e+00
3.911000000000000032e+00,1.625000000000000000e+03,1.500000000000000000e+03,-1.143739660816075698e+00,2.918459562072307500e-01,1.574345406553547821e+00
3.927999999999999936e+00,1.625000000000000000e+03,1.500000000000000000e+03,-1.145224255942963509e+00,2.918806764265996501e-01,1.574957366572822703e+00
3.944999999999999840e+00,1.625000000000000000e+03,1.500000000000000000e+03,-1.148057108415294181e+00,2.924268657875020994e-01,1.570675379667696436e+00
3.962000000000000188e+00,1.625000000000000000e+03,1.500000000000000000e+03,-1.148057108415294181e+00,2.924268657875020994e-01,1.570675379667696436e+00
3.979000000000000092e+00,1.625000000000000000e+03,1.500000000000000000e+03,-1.155986924222470513e+00,2.921312204781957300e-01,1.571194804757270802e+00
3.995999999999999996e+00,1.625000000000000000e+03,1.500000000000000000e+03,-1.155986924222470513e+00,2.921312204781957300e-01,1.571194804757270802e+00
4.012999999999999901e+00,1.625000000000000000e+03,1.500000000000000000e+03,-1.157100261316380774e+00,2.921570241414922497e-01,1.571810086504357384e+00
4.030000000000000249e+00,1.625000000000000000e+03,1.500000000000000000e+03,-1.158347891456745549e+00,2.917058869412516575e-01,1.563751002237973031e+00
4.046999999999999709e+00,1.625000000000000000e+03,1.500000000000000000e+03,-1.161316203913667966e+00,2.917744667291805039e-01,1.564983277013655361e+00
4.064000000000000057e+00,1.625000000000000000e+03,1.500000000000000000e+03,-1.161316203913667966e+00,2.917744667291805039e-01,1.564983277013655361e+00
4.081000000000000405e+00,1.625000000000000000e+03,1.500000000000000000e+03,-1.162800358383647925e+00,2.918087020712911706e-01,1.565599940054590800e+00
4.097999999999999865e+00,1.625000000000000000e+03,1.500000000000000000e+03,-1.162800358383647925e+00,2.918087020712911706e-01,1.565599940054590800e+00
4.115000000000000213e+00,1.625000000000000000e+03,1.500000000000000000e+03,-1.164284514867229170e+00,2.918429015383471326e-01,1.566216951636719479e+00
4.131999999999999673e+00,1.625000000000000000e+03,1.500000000000000000e+03,-1.164284514867229170e+00,2.918429015383471326e-01,1.566216951636719479e+00
4.149000000000000021e+00,1.625000000000000000e+03,1.500000000000000000e+03,-1.166510758553809035e+00,2.918941342767921165e-01,1.558774476166195910e+00
4.166999999999999815e+00,1.625000000000000000e+03,1.500000000000000000e+03,-1.166510758553809035e+00,2.918941342767921165e-01,1.558774476166195910e+00
4.184000000000000163e+00,1.625000000000000000e+03,1.500000000000000000e+03,-1.167994930420535038e+00,2.919282456606938636e-01,1.559392411206630191e+00
4.200999999999999623e+00,1.625000000000000000e+03,1.500000000000000000e+03,-1.169479112544678401e+00,2.919623224488349100e-01,1.560010689034402320e+00
4.217999999999999972e+00,1.625000000000000000e+03,1.500000000000000000e+03,-1.170963307251380314e+00,2.919963650030755753e-01,1.560629308302994511e+00
4.235999999999999766e+00,1.625000000000000000e+03,1.500000000000000000e+03,-1.172447516852513250e+00,2.920303736836754593e-01,1.561248267669055556e+00
4.253000000000000114e+00,1.625000000000000000e+03,1.500000000000000000e+03,-1.172447516852513250e+00,2.920303736836754593e-01,1.561248267669055556e+00
4.269999999999999574e+00,1.625000000000000000e+03,1.500000000000000000e+03,-1.172447516852513250e+00,2.920303736836754593e-01,1.561248267669055556e+00
4.286999999999999922e+00,1.625000000000000000e+03,1.500000000000000000e+03,-1.174063017363221384e+00,2.915872307139870667e-01,1.564454452449313804e+00
4.304000000000000270e+00,1.625000000000000000e+03,1.500000000000000000e+03,-1.175044926400871992e+00,2.920898084442072884e-01,1.553807121552690074e+00
4.320999999999999730e+00,1.625000000000000000e+03,1.500000000000000000e+03,-1.177642400819623347e+00,2.921491424750027877e-01,1.563107172964778302e+00
4.339000000000000412e+00,1.625000000000000000e+03,1.500000000000000000e+03,-1.177642400819623347e+00,2.921491424750027877e-01,1.563107172964778302e+00
4.355999999999999872e+00,1.625000000000000000e+03,1.500000000000000000e+03,-1.179126705703831934e+00,2.921830031401532191e-01,1.563727479348521854e+00
4.373000000000000220e+00,1.625000000000000000e+03,1.500000000000000000e+03,-1.180239952210785148e+00,2.922083776721676740e-01,1.564348119158539330e+00
4.391000000000000014e+00,1.625000000000000000e+03,1.500000000000000000e+03,-1.181965626802112590e+00,2.927281513673180013e-01,1.559199383360848179e+00
4.408000000000000362e+00,1.625000000000000000e+03,1.500000000000000000e+03,-1.183450303750333443e+00,2.927619560986679526e-01,1.559820902657135688e+00
4.424999999999999822e+00,1.625000000000000000e+03,1.500000000000000000e+03,-1.187033313765064602e+00,2.933241865424848216e-01,1.558575851757795006e+00
4.442000000000000171e+00,1.625000000000000000e+03,1.500000000000000000e+03,-1.188518403203531193e+00,2.933579244496248295e-01,1.559198393404298333e+00
4.461000000000000298e+00,1.625000000000000000e+03,1.500000000000000000e+03,-1.188518403203531193e+00,2.933579244496248295e-01,1.559198393404298333e+00
4.479000000000000092e+00,1.625000000000000000e+03,1.500000000000000000e+03,-1.197293588924341012e+00,2.954826368315427443e-01,1.557088537475530110e+00
4.496999999999999886e+00,1.625000000000000000e+03,1.500000000000000000e+03,-1.197293588924341012e+00,2.954826368315427443e-01,1.557088537475530110e+00
4.514000000000000234e+00,1.625000000000000000e+03,1.500000000000000000e+03,-1.198408517358521053e+00,2.955079094514195814e-01,1.565854102908021961e+00
4.530999999999999694e+00,1.625000000000000000e+03,1.500000000000000000e+03,-1.200266802900789020e+00,2.955499973367768929e-01,1.566479280339853508e+00
4.548000000000000043e+00,1.625000000000000000e+03,1.500000000000000000e+03,-1.203486115572733439e+00,2.961049379723509345e-01,1.561840597536174879e+00
4.565000000000000391e+00,1.625000000000000000e+03,1.500000000000000000e+03,-1.203486115572733439e+00,2.961049379723509345e-01,1.561840597536174879e+00
4.583000000000000185e+00,1.625000000000000000e+03,1.500000000000000000e+03,-1.205219492527576541e+00,2.966264955374117163e-01,1.551889980790658985e+00
4.599999999999999645e+00,1.625000000000000000e+03,1.500000000000000000e+03,-1.205219492527576541e+00,2.966264955374117163e-01,1.551889980790658985e+00
4.616999999999999993e+00,1.625000000000000000e+03,1.500000000000000000e+03,-1.206706982233938241e+00,2.966601296028678059e-01,1.552516544039368673e+00
4.634000000000000341e+00,1.625000000000000000e+03,1.500000000000000000e+03,-1.207697555586534133e+00,2.971651378264329457e-01,1.561278052151833018e+00
4.650999999999999801e+00,1.625000000000000000e+03,1.500000000000000000e+03,-1.209185452472984590e+00,2.971987706866828782e-01,1.561905260651615945e+00
4.668000000000000149e+00,1.625000000000000000e+03,1.500000000000000000e+03,-1.210797939319726346e+00,2.967524980877856988e-01,1.562532774178998718e+00
4.684999999999999609e+00,1.625000000000000000e+03,1.500000000000000000e+03,-1.213029604360841729e+00,2.968028052752454959e-01,1.555025857933693079e+00
4.703000000000000291e+00,1.625000000000000000e+03,1.500000000000000000e+03,-1.214641941577232043e+00,2.978048767593227675e-01,1.549587744813943235e+00
4.719999999999999751e+00,1.625000000000000000e+03,1.500000000000000000e+03,-1.214641941577232043e+00,2.978048767593227675e-01,1.549587744813943235e+00
4.738000000000000433e+00,1.625000000000000000e+03,1.500000000000000000e+03,-1.215881911753167621e+00,2.973498287222625658e-01,1.556282335637823477e+00
4.754999999999999893e+00,1.625000000000000000e+03,1.500000000000000000e+03,-1.217619111283655409e+00,2.978719839429541105e-01,1.550844849013100157e+00
4.772000000000000242e+00,1.625000000000000000e+03,1.500000000000000000e+03,-1.219357104781745083e+00,2.983944064168654320e-01,1.551473850025608003e+00
4.788999999999999702e+00,1.625000000000000000e+03,1.500000000000000000e+03,-1.220968827879386875e+00,2.979473750715749825e-01,1.558169302843190662e+00
4.806000000000000050e+00,1.625000000000000000e+03,1.500000000000000000e+03,-1.222457732444953482e+00,2.979808476148292362e-01,1.558798887598928706e+00
4.823000000000000398e+00,1.625000000000000000e+03,1.500000000000000000e+03,-1.223696536321337902e+00,2.975254923177373945e-01,1.559428768332349557e+00
4.839999999999999858e+00,1.625000000000000000e+03,1.500000000000000000e+03,-1.223696536321337902e+00,2.975254923177373945e-01,1.559428768332349557e+00
4.857000000000000206e+00,1.625000000000000000e+03,1.500000000000000000e+03,-1.225307041098578020e+00,2.970785931115379475e-01,1.560058943925425323e+00
4.873999999999999666e+00,1.625000000000000000e+03,1.500000000000000000e+03,-1.227046414499113780e+00,2.976005989556428366e-01,1.552552530262043096e+00
4.891000000000000014e+00,1.625000000000000000e+03,1.500000000000000000e+03,-1.230024488790371517e+00,2.976672749667509388e-01,1.553814109615065275e+00
4.908000000000000362e+00,1.625000000000000000e+03,1.500000000000000000e+03,-1.231513673675118881e+00,2.977005836055869326e-01,1.554445336260119159e+00
4.924999999999999822e+00,1.625000000000000000e+03,1.500000000000000000e+03,-1.231513673675118881e+00,2.977005836055869326e-01,1.554445336260119159e+00
4.942000000000000171e+00,1.625000000000000000e+03,1.500000000000000000e+03,-1.231513673675118881e+00,2.977005836055869326e-01,1.554445336260119159e+00
4.958999999999999631e+00,1.625000000000000000e+03,1.500000000000000000e+03,-1.234612284275959926e+00,2.972865816863875521e-01,1.555708658162113123e+00
4.977000000000000313e+00,1.625000000000000000e+03,1.500000000000000000e+03,-1.234612284275959926e+00,2.972865816863875521e-01,1.555708658162113123e+00
4.993999999999999773e+00,1.625000000000000000e+03,1.500000000000000000e+03,-1.234612284275959926e+00,2.972865816863875521e-01,1.555708658162113123e+00
5.011000000000000121e+00,1.625000000000000000e+03,1.500000000000000000e+03,-1.245039022153445973e+00,2.975186651036852981e-01,1.543224948671673147e+00
5.027999999999999581e+00,1.625000000000000000e+03,1.500000000000000000e+03,-1.246529009788060804e+00,2.975517509608821554e-01,1.543858258524988258e+00
5.044999999999999929e+00,1.625000000000000000e+03,1.500000000000000000e+03,-1.249392281033514074e+00,2.980988756775885262e-01,1.543117319392590003e+00
5.062999999999999723e+00,1.625000000000000000e+03,1.500000000000000000e+03,-1.250882917774691183e+00,2.981319578957654093e-01,1.543751406242966917e+00
5.080000000000000071e+00,1.625000000000000000e+03,1.500000000000000000e+03,-1.253235447492570653e+00,2.977004390028469283e-01,1.555171361874571057e+00
5.097000000000000419e+00,1.625000000000000000e+03,1.500000000000000000e+03,-1.255098794355641756e+00,2.977416859509290914e-01,1.547664012460461480e+00
5.113999999999999879e+00,1.625000000000000000e+03,1.500000000000000000e+03,-1.255098794355641756e+00,2.977416859509290914e-01,1.547664012460461480e+00
5.131000000000000227e+00,1.625000000000000000e+03,1.500000000000000000e+03,-1.256589616215344929e+00,2.977746669191402296e-01,1.548299278222595277e+00
5.147999999999999687e+00,1.625000000000000000e+03,1.500000000000000000e+03,-1.258453326746392875e+00,2.978158728526026922e-01,1.548934819530025875e+00
5.165000000000000036e+00,1.625000000000000000e+03,1.500000000000000000e+03,-1.262181370811316761e+00,2.978982192041933486e-01,1.540149199077076148e+00
5.182000000000000384e+00,1.625000000000000000e+03,1.500000000000000000e+03,-1.262181370811316761e+00,2.978982192041933486e-01,1.540149199077076148e+00
5.198999999999999844e+00,1.625000000000000000e+03,1.500000000000000000e+03,-1.263558502974213127e+00,2.984125636115749769e-01,1.540785115472875999e+00
5.216000000000000192e+00,1.625000000000000000e+03,1.500000000000000000e+03,-1.265537338255668942e+00,2.979722592005032977e-01,1.552116625367691238e+00
5.232999999999999652e+00,1.625000000000000000e+03,1.500000000000000000e+03,-1.267288469294040709e+00,2.984949080592115278e-01,1.550744591777250214e+00
5.250000000000000000e+00,1.625000000000000000e+03,1.500000000000000000e+03,-1.267288469294040709e+00,2.984949080592115278e-01,1.550744591777250214e+00
5.267000000000000348e+00,1.625000000000000000e+03,1.500000000000000000e+03,-1.268780703081764605e+00,2.985278240140950556e-01,1.551381968347607554e+00
5.283999999999999808e+00,1.625000000000000000e+03,1.500000000000000000e+03,-1.268780703081764605e+00,2.985278240140950556e-01,1.551381968347607554e+00
5.301000000000000156e+00,1.625000000000000000e+03,1.500000000000000000e+03,-1.271279606106006765e+00,2.990672655169842598e-01,1.537593569441044528e+00
5.318999999999999950e+00,1.625000000000000000e+03,1.500000000000000000e+03,-1.271279606106006765e+00,2.990672655169842598e-01,1.537593569441044528e+00
5.336000000000000298e+00,1.625000000000000000e+03,1.500000000000000000e+03,-1.271279606106006765e+00,2.990672655169842598e-01,1.537593569441044528e+00
5.354000000000000092e+00,1.625000000000000000e+03,1.500000000000000000e+03,-1.272772528347009269e+00,2.991001951067061571e-01,1.538230825001506208e+00
5.371000000000000441e+00,1.625000000000000000e+03,1.500000000000000000e+03,-1.277140448711587606e+00,2.996811681077472533e-01,1.548284982546238808e+00
5.389000000000000234e+00,1.625000000000000000e+03,1.500000000000000000e+03,-1.277140448711587606e+00,2.996811681077472533e-01,1.548284982546238808e+00
5.405999999999999694e+00,1.625000000000000000e+03,1.500000000000000000e+03,-1.278896314540240109e+00,3.002048394201898285e-01,1.540782523799994808e+00
5.423000000000000043e+00,1.625000000000000000e+03,1.500000000000000000e+03,-1.278896314540240109e+00,3.002048394201898285e-01,1.540782523799994808e+00
5.440999999999999837e+00,1.625000000000000000e+03,1.500000000000000000e+03,-1.280279429672829483e+00,3.007205582843820446e-01,1.539604380675590800e+00
5.458000000000000185e+00,1.625000000000000000e+03,1.500000000000000000e+03,-1.280279429672829483e+00,3.007205582843820446e-01,1.539604380675590800e+00
5.475999999999999979e+00,1.625000000000000000e+03,1.500000000000000000e+03,-1.285665217329733379e+00,3.018107299103652830e-01,1.543836625231626458e+00
5.493000000000000327e+00,1.625000000000000000e+03,1.500000000000000000e+03,-1.300791910144301067e+00,3.031175318976598865e-01,1.551962385027421565e+00
5.509999999999999787e+00,1.625000000000000000e+03,1.500000000000000000e+03,-1.302932477386529397e+00,3.036516536588244053e-01,1.544373643622314551e+00
5.527000000000000135e+00,1.625000000000000000e+03,1.500000000000000000e+03,-1.302932477386529397e+00,3.036516536588244053e-01,1.544373643622314551e+00
5.543999999999999595e+00,1.625000000000000000e+03,1.500000000000000000e+03,-1.304806035665851072e+00,3.036930683131101594e-01,1.543258389835528543e+00
5.560999999999999943e+00,1.625000000000000000e+03,1.500000000000000000e+03,-1.304806035665851072e+00,3.036930683131101594e-01,1.543258389835528543e+00
5.578999999999999737e+00,1.625000000000000000e+03,1.500000000000000000e+03,-1.306198807472984003e+00,3.042109903515640701e-01,1.543900985111375190e+00
5.596000000000000085e+00,1.625000000000000000e+03,1.500000000000000000e+03,-1.307910261272145380e+00,3.032746715807345117e-01,1.555178242198893557e+00
5.613999999999999879e+00,1.625000000000000000e+03,1.500000000000000000e+03,-1.312468001064520662e+00,3.048371418478977857e-01,1.539870680804307002e+00
5.631000000000000227e+00,1.625000000000000000e+03,1.500000000000000000e+03,-1.312468001064520662e+00,3.048371418478977857e-01,1.539870680804307002e+00
5.647999999999999687e+00,1.625000000000000000e+03,1.500000000000000000e+03,-1.313907879868365214e+00,3.034069214845670492e-01,1.547117698553524434e+00
5.666000000000000369e+00,1.625000000000000000e+03,1.500000000000000000e+03,-1.317074610160339665e+00,3.044513911203928780e-01,1.543498334530681637e+00
5.682999999999999829e+00,1.625000000000000000e+03,1.500000000000000000e+03,-1.318950759105719461e+00,3.044928225103676889e-01,1.542445926966929282e+00
5.700000000000000178e+00,1.625000000000000000e+03,1.500000000000000000e+03,-1.322225430061565454e+00,3.050529162432967789e-01,1.535504560185539047e+00
5.716999999999999638e+00,1.625000000000000000e+03,1.500000000000000000e+03,-1.322225430061565454e+00,3.050529162432967789e-01,1.535504560185539047e+00
5.733999999999999986e+00,1.625000000000000000e+03,1.500000000000000000e+03,-1.322225430061565454e+00,3.050529162432967789e-01,1.535504560185539047e+00
5.751000000000000334e+00,1.625000000000000000e+03,1.500000000000000000e+03,-1.324205601722096670e+00,3.046088116987942795e-01,1.546722224040987470e+00
5.767999999999999794e+00,1.625000000000000000e+03,1.500000000000000000e+03,-1.324205601722096670e+00,3.046088116987942795e-01,1.546722224040987470e+00
5.785000000000000142e+00,1.625000000000000000e+03,1.500000000000000000e+03,-1.328234128964551619e+00,3.051856583387216881e-01,1.538083171281367179e+00
5.801999999999999602e+00,1.625000000000000000e+03,1.500000000000000000e+03,-1.332742778074093692e+00,3.052852048939683760e-01,1.540019687766845724e+00
5.820000000000000284e+00,1.625000000000000000e+03,1.500000000000000000e+03,-1.332742778074093692e+00,3.052852048939683760e-01,1.540019687766845724e+00
5.836999999999999744e+00,1.625000000000000000e+03,1.500000000000000000e+03,-1.334823350264563890e+00,3.043550014374679646e-01,1.532430631827174539e+00
5.854000000000000092e+00,1.625000000000000000e+03,1.500000000000000000e+03,-1.336225919760159142e+00,3.048738721577192168e-01,1.533076162870673720e+00
5.871000000000000441e+00,1.625000000000000000e+03,1.500000000000000000e+03,-1.338581152351108194e+00,3.044377029923205358e-01,1.542605079574865812e+00
5.887999999999999901e+00,1.625000000000000000e+03,1.500000000000000000e+03,-1.341112963749496068e+00,3.049815508264032138e-01,1.535014208150820458e+00
5.905000000000000249e+00,1.625000000000000000e+03,1.500000000000000000e+03,-1.341112963749496068e+00,3.049815508264032138e-01,1.535014208150820458e+00
5.921999999999999709e+00,1.625000000000000000e+03,1.500000000000000000e+03,-1.342993193624875570e+00,3.050229680428052648e-01,1.535660704727756620e+00
5.939000000000000057e+00,1.625000000000000000e+03,1.500000000000000000e+03,-1.346378454755758014e+00,3.050975243100800816e-01,1.537601628086717742e+00
5.956000000000000405e+00,1.625000000000000000e+03,1.500000000000000000e+03,-1.346378454755758014e+00,3.050975243100800816e-01,1.537601628086717742e+00
5.972999999999999865e+00,1.625000000000000000e+03,1.500000000000000000e+03,-1.346378454755758014e+00,3.050975243100800816e-01,1.537601628086717742e+00
5.990000000000000213e+00,1.625000000000000000e+03,1.500000000000000000e+03,-1.359458107570366447e+00,3.058743593776381831e-01,1.533173757806877591e+00
6.009000000000000341e+00,1.625000000000000000e+03,1.500000000000000000e+03,-1.359458107570366447e+00,3.058743593776381831e-01,1.533173757806877591e+00
6.025999999999999801e+00,1.625000000000000000e+03,1.500000000000000000e+03,-1.361342097923396999e+00,3.059158795655986252e-01,1.533822221960813748e+00
6.043000000000000149e+00,1.625000000000000000e+03,1.500000000000000000e+03,-1.363226446423524418e+00,3.059574060662931805e-01,1.526322857140122613e+00
6.060999999999999943e+00,1.625000000000000000e+03,1.500000000000000000e+03,-1.365488140462656208e+00,3.060072467909932259e-01,1.526970966018901033e+00
6.078000000000000291e+00,1.625000000000000000e+03,1.500000000000000000e+03,-1.365488140462656208e+00,3.060072467909932259e-01,1.526970966018901033e+00
6.094999999999999751e+00,1.625000000000000000e+03,1.500000000000000000e+03,-1.365488140462656208e+00,3.060072467909932259e-01,1.526970966018901033e+00
6.113000000000000433e+00,1.625000000000000000e+03,1.500000000000000000e+03,-1.369164848719723881e+00,3.065776650550157134e-01,1.528916707333275671e+00
6.131000000000000227e+00,1.625000000000000000e+03,1.500000000000000000e+03,-1.371428392394572926e+00,3.066276138825593245e-01,1.538367983721700361e+00
6.147999999999999687e+00,1.625000000000000000e+03,1.500000000000000000e+03,-1.371428392394572926e+00,3.066276138825593245e-01,1.538367983721700361e+00
6.166000000000000369e+00,1.625000000000000000e+03,1.500000000000000000e+03,-1.377467123487126299e+00,3.067608737626538185e-01,1.540970612256645111e+00
6.182999999999999829e+00,1.625000000000000000e+03,1.500000000000000000e+03,-1.380304408300996322e+00,3.078035940131701453e-01,1.525223903983508267e+00
6.200000000000000178e+00,1.625000000000000000e+03,1.500000000000000000e+03,-1.380304408300996322e+00,3.078035940131701453e-01,1.525223903983508267e+00
6.216999999999999638e+00,1.625000000000000000e+03,1.500000000000000000e+03,-1.382754174951984938e+00,3.068775595514404708e-01,1.535944432730608433e+00
6.233999999999999986e+00,1.625000000000000000e+03,1.500000000000000000e+03,-1.384552213529895104e+00,3.074073247931338182e-01,1.528346687565222295e+00
6.251000000000000334e+00,1.625000000000000000e+03,1.500000000000000000e+03,-1.386729412955943097e+00,3.079458070808133163e-01,1.527824623601595544e+00
6.267999999999999794e+00,1.625000000000000000e+03,1.500000000000000000e+03,-1.386729412955943097e+00,3.079458070808133163e-01,1.527824623601595544e+00
6.285000000000000142e+00,1.625000000000000000e+03,1.500000000000000000e+03,-1.386729412955943097e+00,3.079458070808133163e-01,1.527824623601595544e+00
6.302999999999999936e+00,1.625000000000000000e+03,1.500000000000000000e+03,-1.390889149330932995e+00,3.080379015561930389e-01,1.529777576352413737e+00
6.320999999999999730e+00,1.625000000000000000e+03,1.500000000000000000e+03,-1.390889149330932995e+00,3.080379015561930389e-01,1.529777576352413737e+00
6.338000000000000078e+00,1.625000000000000000e+03,1.500000000000000000e+03,-1.393826484832117796e+00,3.085937309546061824e-01,1.533366756065672742e+00
6.355000000000000426e+00,1.625000000000000000e+03,1.500000000000000000e+03,-1.396008735853536020e+00,3.091331941791960469e-01,1.524573986093217481e+00
6.371999999999999886e+00,1.625000000000000000e+03,1.500000000000000000e+03,-1.397902010231142134e+00,3.091752495943821399e-01,1.535323905223975327e+00
6.389000000000000234e+00,1.625000000000000000e+03,1.500000000000000000e+03,-1.400553265693787575e+00,3.092341520886404682e-01,1.526528710242547549e+00
6.405999999999999694e+00,1.625000000000000000e+03,1.500000000000000000e+03,-1.401981089428978144e+00,3.097573409688588741e-01,1.527180739123171982e+00
6.423000000000000043e+00,1.625000000000000000e+03,1.500000000000000000e+03,-1.404634113848002075e+00,3.098163861904393857e-01,1.528485473934987571e+00
6.440000000000000391e+00,1.625000000000000000e+03,1.500000000000000000e+03,-1.406822181270888761e+00,3.103569197014378611e-01,1.521814859598990433e+00
6.456999999999999851e+00,1.625000000000000000e+03,1.500000000000000000e+03,-1.408804763246817027e+00,3.099092363299028596e-01,1.538698435656190799e+00
6.474999999999999645e+00,1.625000000000000000e+03,1.500000000000000000e+03,-1.408804763246817027e+00,3.099092363299028596e-01,1.538698435656190799e+00
6.493000000000000327e+00,1.625000000000000000e+03,1.500000000000000000e+03,-1.411202700607548266e+00,3.114391654419589317e-01,1.522773635986386154e+00
6.509999999999999787e+00,1.625000000000000000e+03,1.500000000000000000e+03,-1.424712359711658882e+00,3.127278656536806034e-01,1.520584574177270776e+00
6.549000000000000377e+00,1.625000000000000000e+03,1.500000000000000000e+03,-1.427375154590999173e+00,3.127877086369769133e-01,1.521891895328091771e+00
6.567999999999999616e+00,1.625000000000000000e+03,1.500000000000000000e+03,-1.427375154590999173e+00,3.127877086369769133e-01,1.521891895328091771e+00
6.605999999999999872e+00,1.625000000000000000e+03,1.500000000000000000e+03,-1.429195458997144064e+00,3.133222303841548539e-01,1.521647810390778011e+00
6.631999999999999673e+00,1.625000000000000000e+03,1.500000000000000000e+03,-1.429195458997144064e+00,3.133222303841548539e-01,1.521647810390778011e+00
6.649000000000000021e+00,1.625000000000000000e+03,1.500000000000000000e+03,-1.433301940464494439e+00,3.139086667020806187e-01,1.523610806708224796e+00
6.674999999999999822e+00,1.625000000000000000e+03,1.500000000000000000e+03,-1.433301940464494439e+00,3.139086667020806187e-01,1.523610806708224796e+00
6.692000000000000171e+00,1.625000000000000000e+03,1.500000000000000000e+03,-1.443131510163423448e+00,3.146251054764385158e-01,1.520031574608148306e+00
6.708999999999999631e+00,1.625000000000000000e+03,1.500000000000000000e+03,-1.447709850605698012e+00,3.147287667023178637e-01,1.521997680118981844e+00
6.727000000000000313e+00,1.625000000000000000e+03,1.500000000000000000e+03,-1.447709850605698012e+00,3.147287667023178637e-01,1.521997680118981844e+00
6.743999999999999773e+00,1.625000000000000000e+03,1.500000000000000000e+03,-1.447709850605698012e+00,3.147287667023178637e-01,1.521997680118981844e+00
6.761000000000000121e+00,1.625000000000000000e+03,1.500000000000000000e+03,-1.451908925131953021e+00,3.148239175140280510e-01,1.532319209617371225e+00
6.777000000000000135e+00,1.625000000000000000e+03,1.500000000000000000e+03,-1.451908925131953021e+00,3.148239175140280510e-01,1.532319209617371225e+00
6.794999999999999929e+00,1.625000000000000000e+03,1.500000000000000000e+03,-1.459244333495419710e+00,3.169724929350724585e-01,1.518189865244611747e+00
6.812000000000000277e+00,1.625000000000000000e+03,1.500000000000000000e+03,-1.459244333495419710e+00,3.169724929350724585e-01,1.518189865244611747e+00
6.828999999999999737e+00,1.625000000000000000e+03,1.500000000000000000e+03,-1.464676378443795723e+00,3.166005600488895899e-01,1.511810820150482293e+00
6.846000000000000085e+00,1.625000000000000000e+03,1.500000000000000000e+03,-1.464676378443795723e+00,3.166005600488895899e-01,1.511810820150482293e+00
6.863000000000000433e+00,1.625000000000000000e+03,1.500000000000000000e+03,-1.466590031848808318e+00,3.166442534794297048e-01,1.521473222332892616e+00
6.881000000000000227e+00,1.625000000000000000e+03,1.500000000000000000e+03,-1.466590031848808318e+00,3.166442534794297048e-01,1.521473222332892616e+00
6.897999999999999687e+00,1.625000000000000000e+03,1.500000000000000000e+03,-1.469269924523278537e+00,3.167054729423349757e-01,1.513778623192821637e+00
6.915000000000000036e+00,1.625000000000000000e+03,1.500000000000000000e+03,-1.471110823129687661e+00,3.172438057091185870e-01,1.523445828968638782e+00
6.932000000000000384e+00,1.625000000000000000e+03,1.500000000000000000e+03,-1.471110823129687661e+00,3.172438057091185870e-01,1.523445828968638782e+00
6.948999999999999844e+00,1.625000000000000000e+03,1.500000000000000000e+03,-1.473866148084131744e+00,3.168105550297101169e-01,1.515748409290805565e+00
6.966000000000000192e+00,1.625000000000000000e+03,1.500000000000000000e+03,-1.476548522699248522e+00,3.168719328164538718e-01,1.517062693177998689e+00
6.982999999999999652e+00,1.625000000000000000e+03,1.500000000000000000e+03,-1.478009249739188791e+00,3.174018625752647038e-01,1.517720161129842316e+00
7.000000000000000000e+00,1.625000000000000000e+03,1.500000000000000000e+03,-1.481149025115505502e+00,3.169772918577898890e-01,1.519035745795521253e+00
7.017000000000000348e+00,1.625000000000000000e+03,1.500000000000000000e+03,-1.495735359135239584e+00,3.173121406414992629e-01,1.516597630387887863e+00
7.033999999999999808e+00,1.625000000000000000e+03,1.500000000000000000e+03,-1.501116278544404548e+00,3.174359895064226000e-01,1.510205523895866264e+00
7.051000000000000156e+00,1.625000000000000000e+03,1.500000000000000000e+03,-1.501116278544404548e+00,3.174359895064226000e-01,1.510205523895866264e+00
7.067999999999999616e+00,1.625000000000000000e+03,1.500000000000000000e+03,-1.502971553473983812e+00,3.179760660738452094e-01,1.510465745772634483e+00
7.084999999999999964e+00,1.625000000000000000e+03,1.500000000000000000e+03,-1.502971553473983812e+00,3.179760660738452094e-01,1.510465745772634483e+00
7.102999999999999758e+00,1.625000000000000000e+03,1.500000000000000000e+03,-1.508358755029703069e+00,3.181004904196474969e-01,1.504171786526653287e+00
7.120000000000000107e+00,1.625000000000000000e+03,1.500000000000000000e+03,-1.510988012094978572e+00,3.186591061776226086e-01,1.505487578590896769e+00
7.136999999999999567e+00,1.625000000000000000e+03,1.500000000000000000e+03,-1.513429896177111100e+00,3.177201002080550785e-01,1.515477743837215785e+00
7.153999999999999915e+00,1.625000000000000000e+03,1.500000000000000000e+03,-1.513429896177111100e+00,3.177201002080550785e-01,1.515477743837215785e+00
7.171999999999999709e+00,1.625000000000000000e+03,1.500000000000000000e+03,-1.524031572002960466e+00,3.194603297387773599e-01,1.502669476333514442e+00
7.189000000000000057e+00,1.625000000000000000e+03,1.500000000000000000e+03,-1.524031572002960466e+00,3.194603297387773599e-01,1.502669476333514442e+00
7.206000000000000405e+00,1.625000000000000000e+03,1.500000000000000000e+03,-1.526733427668821808e+00,3.195232819266135005e-01,1.512361491774493638e+00
7.222999999999999865e+00,1.625000000000000000e+03,1.500000000000000000e+03,-1.529050088499287474e+00,3.195773012445272121e-01,1.504646190187845844e+00
7.240000000000000213e+00,1.625000000000000000e+03,1.500000000000000000e+03,-1.531753777393385141e+00,3.196403948128229144e-01,1.505965099062166246e+00
7.256999999999999673e+00,1.625000000000000000e+03,1.500000000000000000e+03,-1.534010902196181192e+00,3.201921496356877617e-01,1.506427504163358355e+00
7.274000000000000021e+00,1.625000000000000000e+03,1.500000000000000000e+03,-1.534010902196181192e+00,3.201921496356877617e-01,1.506427504163358355e+00
7.291000000000000369e+00,1.625000000000000000e+03,1.500000000000000000e+03,-1.538917045565060482e+00,3.213060987036752136e-01,1.500225138808754188e+00
7.307999999999999829e+00,1.625000000000000000e+03,1.500000000000000000e+03,-1.538917045565060482e+00,3.213060987036752136e-01,1.500225138808754188e+00
7.325000000000000178e+00,1.625000000000000000e+03,1.500000000000000000e+03,-1.541953664111463507e+00,3.218774683873527609e-01,1.501543915314530464e+00
7.342999999999999972e+00,1.625000000000000000e+03,1.500000000000000000e+03,-1.544277106119888776e+00,3.219322332949275944e-01,1.511240792004946210e+00
7.358999999999999986e+00,1.625000000000000000e+03,1.500000000000000000e+03,-1.546988723209180350e+00,3.219962012160494380e-01,1.503523732932769974e+00
7.376999999999999780e+00,1.625000000000000000e+03,1.500000000000000000e+03,-1.549585415468373917e+00,3.230586170929160561e-01,1.504942785711614883e+00
7.394000000000000128e+00,1.625000000000000000e+03,1.500000000000000000e+03,-1.551854761090922574e+00,3.236133573502405492e-01,1.497134169244167534e+00
7.410999999999999588e+00,1.625000000000000000e+03,1.500000000000000000e+03,-1.551854761090922574e+00,3.236133573502405492e-01,1.497134169244167534e+00
7.427999999999999936e+00,1.625000000000000000e+03,1.500000000000000000e+03,-1.551854761090922574e+00,3.236133573502405492e-01,1.497134169244167534e+00
7.445999999999999730e+00,1.625000000000000000e+03,1.500000000000000000e+03,-1.556843401935617655e+00,3.242332568007179061e-01,1.499116654111577462e+00
7.463000000000000078e+00,1.625000000000000000e+03,1.500000000000000000e+03,-1.556843401935617655e+00,3.242332568007179061e-01,1.499116654111577462e+00
7.480000000000000426e+00,1.625000000000000000e+03,1.500000000000000000e+03,-1.559894605250388588e+00,3.248076447939193256e-01,1.500437439946405993e+00
7.496999999999999886e+00,1.625000000000000000e+03,1.500000000000000000e+03,-1.572072006859885462e+00,3.276128156212249065e-01,1.505736016145047484e+00
7.514000000000000234e+00,1.625000000000000000e+03,1.500000000000000000e+03,-1.574852777115717473e+00,3.271767470366665487e-01,1.515539728183731061e+00
7.532000000000000028e+00,1.625000000000000000e+03,1.500000000000000000e+03,-1.577814259682543296e+00,3.287591174924108239e-01,1.499262833198327982e+00
7.549000000000000377e+00,1.625000000000000000e+03,1.500000000000000000e+03,-1.580597224973936399e+00,3.283228000429149196e-01,1.500477692309049482e+00
7.565999999999999837e+00,1.625000000000000000e+03,1.500000000000000000e+03,-1.582836194650556472e+00,3.293853822981890334e-01,1.501248513494825687e+00
7.583000000000000185e+00,1.625000000000000000e+03,1.500000000000000000e+03,-1.582836194650556472e+00,3.293853822981890334e-01,1.501248513494825687e+00
7.599999999999999645e+00,1.625000000000000000e+03,1.500000000000000000e+03,-1.588645520004430933e+00,3.300316953396434938e-01,1.503804829987537062e+00
7.618000000000000327e+00,1.625000000000000000e+03,1.500000000000000000e+03,-1.588645520004430933e+00,3.300316953396434938e-01,1.503804829987537062e+00
7.634999999999999787e+00,1.625000000000000000e+03,1.500000000000000000e+03,-1.591332617059040944e+00,3.306023815937114696e-01,1.505131390471799779e+00
7.652999999999999581e+00,1.625000000000000000e+03,1.500000000000000000e+03,-1.591332617059040944e+00,3.306023815937114696e-01,1.505131390471799779e+00
7.669999999999999929e+00,1.625000000000000000e+03,1.500000000000000000e+03,-1.591332617059040944e+00,3.306023815937114696e-01,1.505131390471799779e+00
7.687000000000000277e+00,1.625000000000000000e+03,1.500000000000000000e+03,-1.595978813030147547e+00,3.312216945799039136e-01,1.498096479811010795e+00
7.703999999999999737e+00,1.625000000000000000e+03,1.500000000000000000e+03,-1.599111019714423598e+00,3.312987523482072705e-01,1.499421891880175606e+00
7.721000000000000085e+00,1.625000000000000000e+03,1.500000000000000000e+03,-1.599111019714423598e+00,3.312987523482072705e-01,1.499421891880175606e+00
7.738000000000000433e+00,1.625000000000000000e+03,1.500000000000000000e+03,-1.601852839101423287e+00,3.313662818891885964e-01,1.509225006874931996e+00
7.756000000000000227e+00,1.625000000000000000e+03,1.500000000000000000e+03,-1.610431383332021404e+00,3.320841045252883594e-01,1.495299536044776723e+00
7.774000000000000021e+00,1.625000000000000000e+03,1.500000000000000000e+03,-1.613223169789941069e+00,3.316470947974107242e-01,1.496299577189333263e+00
7.791999999999999815e+00,1.625000000000000000e+03,1.500000000000000000e+03,-1.616318731726558156e+00,3.322300462136481558e-01,1.497952859180842200e+00
7.809000000000000163e+00,1.625000000000000000e+03,1.500000000000000000e+03,-1.619067849687610305e+00,3.322983106809535014e-01,1.490038625849184006e+00
7.825999999999999623e+00,1.625000000000000000e+03,1.500000000000000000e+03,-1.619067849687610305e+00,3.322983106809535014e-01,1.490038625849184006e+00
7.842999999999999972e+00,1.625000000000000000e+03,1.500000000000000000e+03,-1.624176213565131421e+00,3.324253574761574237e-01,1.492026889031165648e+00
7.860000000000000320e+00,1.625000000000000000e+03,1.500000000000000000e+03,-1.624176213565131421e+00,3.324253574761574237e-01,1.492026889031165648e+00
7.876999999999999780e+00,1.625000000000000000e+03,1.500000000000000000e+03,-1.627321673558919546e+00,3.325037158561091610e-01,1.493353508286604958e+00
7.894000000000000128e+00,1.625000000000000000e+03,1.500000000000000000e+03,-1.630427171286992660e+00,3.330881817363392505e-01,1.494681010159688350e+00
7.910999999999999588e+00,1.625000000000000000e+03,1.500000000000000000e+03,-1.633264006260889412e+00,3.321451353982382004e-01,1.504571292605115129e+00
7.929000000000000270e+00,1.625000000000000000e+03,1.500000000000000000e+03,-1.635625527184879857e+00,3.322040885349756278e-01,1.497061093305400492e+00
7.945999999999999730e+00,1.625000000000000000e+03,1.500000000000000000e+03,-1.638696190887894755e+00,3.332952091735540412e-01,1.498390927329209754e+00
7.963000000000000078e+00,1.625000000000000000e+03,1.500000000000000000e+03,-1.641493774626932911e+00,3.328580104155666186e-01,1.499721625454696783e+00
7.980000000000000426e+00,1.625000000000000000e+03,1.500000000000000000e+03,-1.656017589262140488e+00,3.342393119119674294e-01,1.488094090086415244e+00
7.996999999999999886e+00,1.625000000000000000e+03,1.500000000000000000e+03,-1.658388364588085917e+00,3.342993129453611933e-01,1.480268430859126072e+00
8.013999999999999346e+00,1.625000000000000000e+03,1.500000000000000000e+03,-1.661980814724691280e+00,3.338819961888949139e-01,1.490116831179140178e+00
8.031000000000000583e+00,1.625000000000000000e+03,1.500000000000000000e+03,-1.664714388445058368e+00,3.344597102640641806e-01,1.482921300472983317e+00
8.048000000000000043e+00,1.625000000000000000e+03,1.500000000000000000e+03,-1.667517441267687639e+00,3.340223711225948078e-01,1.492112748018626478e+00
8.064999999999999503e+00,1.625000000000000000e+03,1.500000000000000000e+03,-1.669858528784956109e+00,3.345904589227691739e-01,1.484913346842552828e+00
8.082000000000000739e+00,1.625000000000000000e+03,1.500000000000000000e+03,-1.669858528784956109e+00,3.345904589227691739e-01,1.484913346842552828e+00
8.099000000000000199e+00,1.625000000000000000e+03,1.500000000000000000e+03,-1.673026049657180936e+00,3.346711109085637181e-01,1.486242508530260853e+00
8.115999999999999659e+00,1.625000000000000000e+03,1.500000000000000000e+03,-1.676163235713874933e+00,3.352601776891229735e-01,1.487572568977922227e+00
8.134000000000000341e+00,1.625000000000000000e+03,1.500000000000000000e+03,-1.678572693873890742e+00,3.348126051234546763e-01,1.497414541124652443e+00
8.150999999999999801e+00,1.625000000000000000e+03,1.500000000000000000e+03,-1.681682965098371341e+00,3.359108703293128828e-01,1.490294891804613053e+00
8.169000000000000483e+00,1.625000000000000000e+03,1.500000000000000000e+03,-1.684827297803346502e+00,3.365013978656402616e-01,1.482460231918063531e+00
8.185999999999999943e+00,1.625000000000000000e+03,1.500000000000000000e+03,-1.687635965174715258e+00,3.360637390309663131e-01,1.491552976148762255e+00
8.202999999999999403e+00,1.625000000000000000e+03,1.500000000000000000e+03,-1.690358194563792660e+00,3.371540584043549726e-01,1.484455413568975368e+00
8.221000000000000085e+00,1.625000000000000000e+03,1.500000000000000000e+03,-1.690358194563792660e+00,3.371540584043549726e-01,1.484455413568975368e+00
8.237999999999999545e+00,1.625000000000000000e+03,1.500000000000000000e+03,-1.693140306238547721e+00,3.372259204500162033e-01,1.485786662781900747e+00
8.255000000000000782e+00,1.625000000000000000e+03,1.500000000000000000e+03,-1.693140306238547721e+00,3.372259204500162033e-01,1.485786662781900747e+00
8.272000000000000242e+00,1.625000000000000000e+03,1.500000000000000000e+03,-1.699051812526728433e+00,3.384006993868106106e-01,1.479352986163100070e+00
8.288999999999999702e+00,1.625000000000000000e+03,1.500000000000000000e+03,-1.701413965358559821e+00,3.389734256628677000e-01,1.480683129654550623e+00
8.305999999999999162e+00,1.625000000000000000e+03,1.500000000000000000e+03,-1.701413965358559821e+00,3.389734256628677000e-01,1.480683129654550623e+00
8.323000000000000398e+00,1.625000000000000000e+03,1.500000000000000000e+03,-1.704973488858160247e+00,3.395778785280830769e-01,1.490520883368814165e+00
8.339999999999999858e+00,1.625000000000000000e+03,1.500000000000000000e+03,-1.708137555866420687e+00,3.401725945779600080e-01,1.482469620454424764e+00
8.356999999999999318e+00,1.625000000000000000e+03,1.500000000000000000e+03,-1.710929837996571834e+00,3.402457834241788825e-01,1.474534789627709674e+00
8.375000000000000000e+00,1.625000000000000000e+03,1.500000000000000000e+03,-1.710929837996571834e+00,3.402457834241788825e-01,1.474534789627709674e+00
8.391999999999999460e+00,1.625000000000000000e+03,1.500000000000000000e+03,-1.713300156393632756e+00,3.408203947767788344e-01,1.484468709074364901e+00
8.409000000000000696e+00,1.625000000000000000e+03,1.500000000000000000e+03,-1.716447905258574824e+00,3.419289290343140442e-01,1.476197698945175274e+00
8.426000000000000156e+00,1.625000000000000000e+03,1.500000000000000000e+03,-1.721999693799775688e+00,3.431026827305688753e-01,1.479275774878116456e+00
8.442999999999999616e+00,1.625000000000000000e+03,1.500000000000000000e+03,-1.721999693799775688e+00,3.431026827305688753e-01,1.479275774878116456e+00
8.460000000000000853e+00,1.625000000000000000e+03,1.500000000000000000e+03,-1.724800603686489353e+00,3.431770493662048560e-01,1.489217270661592707e+00
8.477000000000000313e+00,1.625000000000000000e+03,1.500000000000000000e+03,-1.724800603686489353e+00,3.431770493662048560e-01,1.489217270661592707e+00
8.493999999999999773e+00,1.625000000000000000e+03,1.500000000000000000e+03,-1.743129122398587194e+00,3.467569566181319951e-01,1.487039754572932582e+00
8.510999999999999233e+00,1.625000000000000000e+03,1.500000000000000000e+03,-1.746310304931728119e+00,3.478752695649985904e-01,1.470391065012384146e+00
8.528999999999999915e+00,1.625000000000000000e+03,1.500000000000000000e+03,-1.746310304931728119e+00,3.478752695649985904e-01,1.470391065012384146e+00
8.545999999999999375e+00,1.625000000000000000e+03,1.500000000000000000e+03,-1.751942728598658627e+00,3.480281418676999250e-01,1.481759261909742165e+00
8.564000000000000057e+00,1.625000000000000000e+03,1.500000000000000000e+03,-1.751942728598658627e+00,3.480281418676999250e-01,1.481759261909742165e+00
8.580000000000000071e+00,1.625000000000000000e+03,1.500000000000000000e+03,-1.754745504923785893e+00,3.486211800563111529e-01,1.473721634539772785e+00
8.596999999999999531e+00,1.625000000000000000e+03,1.500000000000000000e+03,-1.754745504923785893e+00,3.486211800563111529e-01,1.473721634539772785e+00
8.614000000000000767e+00,1.625000000000000000e+03,1.500000000000000000e+03,-1.757953623980697655e+00,3.492258126699662180e-01,1.475055488825665062e+00
8.631000000000000227e+00,1.625000000000000000e+03,1.500000000000000000e+03,-1.761595289438802059e+00,3.488080791681967829e-01,1.467686015138851996e+00
8.647999999999999687e+00,1.625000000000000000e+03,1.500000000000000000e+03,-1.764404676100442826e+00,3.494022969749664975e-01,1.477725956476084290e+00
8.664999999999999147e+00,1.625000000000000000e+03,1.500000000000000000e+03,-1.767607667590253451e+00,3.505258187877352549e-01,1.461099891002021645e+00
8.682000000000000384e+00,1.625000000000000000e+03,1.500000000000000000e+03,-1.770422629614910148e+00,3.511215937980139978e-01,1.462429522338061672e+00
8.699999999999999289e+00,1.625000000000000000e+03,1.500000000000000000e+03,-1.770422629614910148e+00,3.511215937980139978e-01,1.462429522338061672e+00
8.717000000000000526e+00,1.625000000000000000e+03,1.500000000000000000e+03,-1.773251142225231947e+00,3.511996428767966139e-01,1.472460112404055277e+00
8.733000000000000540e+00,1.625000000000000000e+03,1.500000000000000000e+03,-1.773251142225231947e+00,3.511996428767966139e-01,1.472460112404055277e+00
8.750999999999999446e+00,1.625000000000000000e+03,1.500000000000000000e+03,-1.776485138549883214e+00,3.512889991829387659e-01,1.473795423838624163e+00
8.768000000000000682e+00,1.625000000000000000e+03,1.500000000000000000e+03,-1.786204550430859017e+00,3.510394478145263397e-01,1.468424710219209395e+00
8.785999999999999588e+00,1.625000000000000000e+03,1.500000000000000000e+03,-1.789436182755007820e+00,3.516481115729755969e-01,1.469759575089244041e+00
8.803000000000000824e+00,1.625000000000000000e+03,1.500000000000000000e+03,-1.792279514601379020e+00,3.512081431761459038e-01,1.471095374002464373e+00
8.820000000000000284e+00,1.625000000000000000e+03,1.500000000000000000e+03,-1.792279514601379020e+00,3.512081431761459038e-01,1.471095374002464373e+00
8.837999999999999190e+00,1.625000000000000000e+03,1.500000000000000000e+03,-1.795508909667557162e+00,3.523366287998744850e-01,1.472432101452605391e+00
8.855000000000000426e+00,1.625000000000000000e+03,1.500000000000000000e+03,-1.798753969431179822e+00,3.524272865297229940e-01,1.473769751886468971e+00
8.871999999999999886e+00,1.625000000000000000e+03,1.500000000000000000e+03,-1.798753969431179822e+00,3.524272865297229940e-01,1.473769751886468971e+00
8.888999999999999346e+00,1.625000000000000000e+03,1.500000000000000000e+03,-1.801589573302292635e+00,3.530264833911219702e-01,1.467340271002560703e+00
8.907000000000000028e+00,1.625000000000000000e+03,1.500000000000000000e+03,-1.804838168510767948e+00,3.531175986103040065e-01,1.468676291168814263e+00
8.923999999999999488e+00,1.625000000000000000e+03,1.500000000000000000e+03,-1.808084620131205966e+00,3.537291169040771566e-01,1.468513719661434402e+00
8.941000000000000725e+00,1.625000000000000000e+03,1.500000000000000000e+03,-1.811336944516329428e+00,3.538207129288791775e-01,1.469850938641758864e+00
8.958000000000000185e+00,1.625000000000000000e+03,1.500000000000000000e+03,-1.814183969792323881e+00,3.539010012196081023e-01,1.471189085998555912e+00
8.974999999999999645e+00,1.625000000000000000e+03,1.500000000000000000e+03,-1.817439132148538361e+00,3.539929216076121987e-01,1.472528156050766146e+00
8.993000000000000327e+00,1.625000000000000000e+03,1.500000000000000000e+03,-1.817439132148538361e+00,3.539929216076121987e-01,1.472528156050766146e+00
9.010999999999999233e+00,1.625000000000000000e+03,1.500000000000000000e+03,-1.817439132148538361e+00,3.539929216076121987e-01,1.472528156050766146e+00
9.028999999999999915e+00,1.625000000000000000e+03,1.500000000000000000e+03,-1.836193068546565277e+00,3.560904448210390205e-01,1.469526202227883216e+00
9.045999999999999375e+00,1.625000000000000000e+03,1.500000000000000000e+03,-1.839055148586022481e+00,3.566947029804140579e-01,1.463242789720389458e+00
9.063000000000000611e+00,1.625000000000000000e+03,1.500000000000000000e+03,-1.848884081182388783e+00,3.585465945647022812e-01,1.458010452518766709e+00
9.080000000000000071e+00,1.625000000000000000e+03,1.500000000000000000e+03,-1.848884081182388783e+00,3.585465945647022812e-01,1.458010452518766709e+00
9.096999999999999531e+00,1.625000000000000000e+03,1.500000000000000000e+03,-1.855444810190673088e+00,3.592603175134346793e-01,1.460684598963293945e+00
9.114000000000000767e+00,1.625000000000000000e+03,1.500000000000000000e+03,-1.858322051308827438e+00,3.598680495700220527e-01,1.463970397265698109e+00
9.131000000000000227e+00,1.625000000000000000e+03,1.500000000000000000e+03,-1.858322051308827438e+00,3.598680495700220527e-01,1.463970397265698109e+00
9.147999999999999687e+00,1.625000000000000000e+03,1.500000000000000000e+03,-1.861596122863277136e+00,3.594390333258113968e-01,1.463362538742132068e+00
9.164999999999999147e+00,1.625000000000000000e+03,1.500000000000000000e+03,-1.865315960862824252e+00,3.611213678755819112e-01,1.456130204256498306e+00
9.182000000000000384e+00,1.625000000000000000e+03,1.500000000000000000e+03,-1.871891014776937867e+00,3.613139219889046627e-01,1.456703840109491610e+00
9.198999999999999844e+00,1.625000000000000000e+03,1.500000000000000000e+03,-1.874769520290985758e+00,3.613983893360986910e-01,1.466881278689994073e+00
9.215999999999999304e+00,1.625000000000000000e+03,1.500000000000000000e+03,-1.874769520290985758e+00,3.613983893360986910e-01,1.466881278689994073e+00
9.233000000000000540e+00,1.625000000000000000e+03,1.500000000000000000e+03,-1.878072303206225646e+00,3.620210283820003427e-01,1.460815447723900373e+00
9.250000000000000000e+00,1.625000000000000000e+03,1.500000000000000000e+03,-1.878072303206225646e+00,3.620210283820003427e-01,1.460815447723900373e+00
9.266999999999999460e+00,1.625000000000000000e+03,1.500000000000000000e+03,-1.884699906024155380e+00,3.637952913592900073e-01,1.454929903545162606e+00
9.284000000000000696e+00,1.625000000000000000e+03,1.500000000000000000e+03,-1.884699906024155380e+00,3.637952913592900073e-01,1.454929903545162606e+00
9.301999999999999602e+00,1.625000000000000000e+03,1.500000000000000000e+03,-1.887998536632052637e+00,3.638930900978160077e-01,1.456268659812803401e+00
9.319000000000000838e+00,1.625000000000000000e+03,1.500000000000000000e+03,-1.891313252930673983e+00,3.645184951383925176e-01,1.466338782108911998e+00
9.336000000000000298e+00,1.625000000000000000e+03,1.500000000000000000e+03,-1.891313252930673983e+00,3.645184951383925176e-01,1.466338782108911998e+00
9.352999999999999758e+00,1.625000000000000000e+03,1.500000000000000000e+03,-1.897554345614455906e+00,3.662874219685613442e-01,1.451064275329381870e+00
9.369999999999999218e+00,1.625000000000000000e+03,1.500000000000000000e+03,-1.897554345614455906e+00,3.662874219685613442e-01,1.451064275329381870e+00
9.387000000000000455e+00,1.625000000000000000e+03,1.500000000000000000e+03,-1.897554345614455906e+00,3.662874219685613442e-01,1.451064275329381870e+00
9.403000000000000469e+00,1.625000000000000000e+03,1.500000000000000000e+03,-1.900861818397303393e+00,3.663864807344331398e-01,1.452402388251864851e+00
9.420999999999999375e+00,1.625000000000000000e+03,1.500000000000000000e+03,-1.903757114172150988e+00,3.664733056287062807e-01,1.462467174308432982e+00
9.438000000000000611e+00,1.625000000000000000e+03,1.500000000000000000e+03,-1.907931761045704722e+00,3.676559426975530842e-01,1.452929588650524906e+00
9.455000000000000071e+00,1.625000000000000000e+03,1.500000000000000000e+03,-1.911264469381231290e+00,3.682855225889493100e-01,1.454269545955280352e+00
9.471999999999999531e+00,1.625000000000000000e+03,1.500000000000000000e+03,-1.914185512351248120e+00,3.689032449735648589e-01,1.448546640525228746e+00
9.489000000000000767e+00,1.625000000000000000e+03,1.500000000000000000e+03,-1.917938917163747092e+00,3.695467793704302339e-01,1.438825697267520853e+00
9.506000000000000227e+00,1.625000000000000000e+03,1.500000000000000000e+03,-1.940900861090894214e+00,3.723719415212248807e-01,1.438886905041644626e+00
9.522999999999999687e+00,1.625000000000000000e+03,1.500000000000000000e+03,-1.943870574664283035e+00,3.735274433654004467e-01,1.437708988429825085e+00
9.539999999999999147e+00,1.625000000000000000e+03,1.500000000000000000e+03,-1.943870574664283035e+00,3.735274433654004467e-01,1.437708988429825085e+00
9.557000000000000384e+00,1.625000000000000000e+03,1.500000000000000000e+03,-1.950963302523057274e+00,3.737468409766716571e-01,1.440381424064069771e+00
9.573999999999999844e+00,1.625000000000000000e+03,1.500000000000000000e+03,-1.950963302523057274e+00,3.737468409766716571e-01,1.440381424064069771e+00
9.590999999999999304e+00,1.625000000000000000e+03,1.500000000000000000e+03,-1.950963302523057274e+00,3.737468409766716571e-01,1.440381424064069771e+00
9.608000000000000540e+00,1.625000000000000000e+03,1.500000000000000000e+03,-1.953942866390194544e+00,3.749048790543619836e-01,1.434954122621834083e+00
9.624000000000000554e+00,1.625000000000000000e+03,1.500000000000000000e+03,-1.957256611335276952e+00,3.744748665668705678e-01,1.436289233750583261e+00
9.641000000000000014e+00,1.625000000000000000e+03,1.500000000000000000e+03,-1.963558147405655374e+00,3.752043105900896292e-01,1.438962408143802163e+00
9.659000000000000696e+00,1.625000000000000000e+03,1.500000000000000000e+03,-1.963558147405655374e+00,3.752043105900896292e-01,1.438962408143802163e+00
9.676000000000000156e+00,1.625000000000000000e+03,1.500000000000000000e+03,-1.967418684983269106e+00,3.769265838813465885e-01,1.431699042081003626e+00
9.692999999999999616e+00,1.625000000000000000e+03,1.500000000000000000e+03,-1.971189134473201765e+00,3.770448817799857411e-01,1.433033676804017054e+00
9.710000000000000853e+00,1.625000000000000000e+03,1.500000000000000000e+03,-1.974575429366095758e+00,3.776859109544620230e-01,1.431647474397255593e+00
9.727000000000000313e+00,1.625000000000000000e+03,1.500000000000000000e+03,-1.977896983757340577e+00,3.772557627245253231e-01,1.435705902963966496e+00
9.743999999999999773e+00,1.625000000000000000e+03,1.500000000000000000e+03,-1.981742356260077109e+00,3.784469182040776092e-01,1.434318819736052797e+00
9.762000000000000455e+00,1.625000000000000000e+03,1.500000000000000000e+03,-1.981742356260077109e+00,3.784469182040776092e-01,1.434318819736052797e+00
9.778999999999999915e+00,1.625000000000000000e+03,1.500000000000000000e+03,-1.981742356260077109e+00,3.784469182040776092e-01,1.434318819736052797e+00
9.795999999999999375e+00,1.625000000000000000e+03,1.500000000000000000e+03,-1.988462871736411453e+00,3.786595227935593000e-01,1.436994070853928163e+00
9.813000000000000611e+00,1.625000000000000000e+03,1.500000000000000000e+03,-1.988462871736411453e+00,3.786595227935593000e-01,1.436994070853928163e+00
9.830000000000000071e+00,1.625000000000000000e+03,1.500000000000000000e+03,-2.002040401431890437e+00,3.806996538175720923e-01,1.426992883807645329e+00
9.846999999999999531e+00,1.625000000000000000e+03,1.500000000000000000e+03,-2.002040401431890437e+00,3.806996538175720923e-01,1.426992883807645329e+00
9.864000000000000767e+00,1.625000000000000000e+03,1.500000000000000000e+03,-2.006254441165126412e+00,3.808343651179720846e-01,1.437813124524616404e+00
9.881000000000000227e+00,1.625000000000000000e+03,1.500000000000000000e+03,-2.006254441165126412e+00,3.808343651179720846e-01,1.437813124524616404e+00
9.897999999999999687e+00,1.625000000000000000e+03,1.500000000000000000e+03,-2.009205710136347189e+00,3.809288336512880457e-01,1.429663534955033288e+00
9.914999999999999147e+00,1.625000000000000000e+03,1.500000000000000000e+03,-2.012663492554582323e+00,3.821142272947840590e-01,1.437660285086451717e+00
9.932999999999999829e+00,1.625000000000000000e+03,1.500000000000000000e+03,-2.016463178945191892e+00,3.822364265746532874e-01,1.439001591632498966e+00
9.949999999999999289e+00,1.625000000000000000e+03,1.800000000000000000e+03,-2.016463178945191892e+00,3.822364265746532874e-01,1.439001591632498966e+00
9.967000000000000526e+00,1.625000000000000000e+03,1.800000000000000000e+03,-2.019040573889580248e+00,3.828572856824473680e-01,1.433903847555974442e+00
9.983999999999999986e+00,1.625000000000000000e+03,1.800000000000000000e+03,-2.022421647999416372e+00,3.829663853386954253e-01,1.435243640296320011e+00
1.000000000000000000e+01,1.625000000000000000e+03,1.800000000000000000e+03,-2.022421647999416372e+00,3.829663853386954253e-01,1.435243640296320011e+00
1.001699999999999946e+01,1.625000000000000000e+03,1.800000000000000000e+03,-2.040389794837404569e+00,3.857052941435267224e-01,1.433353025625415222e+00
1.003400000000000070e+01,1.625000000000000000e+03,1.800000000000000000e+03,-2.050727189266420947e+00,3.876645546419658084e-01,1.434331810516492389e+00
1.005100000000000016e+01,1.625000000000000000e+03,1.800000000000000000e+03,-2.050727189266420947e+00,3.876645546419658084e-01,1.434331810516492389e+00
1.006799999999999962e+01,1.625000000000000000e+03,1.800000000000000000e+03,-2.054179230941417522e+00,3.883190834352462373e-01,1.429460750674189651e+00
1.008600000000000030e+01,1.625000000000000000e+03,1.800000000000000000e+03,-2.057686418503216430e+00,3.895176806055481444e-01,1.418740250241560252e+00
1.010200000000000031e+01,1.625000000000000000e+03,1.800000000000000000e+03,-2.061571507588509711e+00,3.901881563221437643e-01,1.420074368545581667e+00
1.011899999999999977e+01,1.625000000000000000e+03,1.800000000000000000e+03,-2.061571507588509711e+00,3.901881563221437643e-01,1.420074368545581667e+00
1.013700000000000045e+01,1.625000000000000000e+03,1.800000000000000000e+03,-2.065034033646477418e+00,3.908452873438580388e-01,1.424909264293838129e+00
1.015399999999999991e+01,1.625000000000000000e+03,1.800000000000000000e+03,-2.068445192122049470e+00,3.909585983643036888e-01,1.426247229157393326e+00
1.016999999999999993e+01,1.625000000000000000e+03,1.800000000000000000e+03,-2.068445192122049470e+00,3.909585983643036888e-01,1.426247229157393326e+00
1.018699999999999939e+01,1.625000000000000000e+03,1.800000000000000000e+03,-2.071913202174891389e+00,3.916167844404462306e-01,1.427586117375168273e+00
1.020400000000000063e+01,1.625000000000000000e+03,1.800000000000000000e+03,-2.075811450200510500e+00,3.922899549122410567e-01,1.425674320303118803e+00
1.022100000000000009e+01,1.625000000000000000e+03,1.800000000000000000e+03,-2.075811450200510500e+00,3.922899549122410567e-01,1.425674320303118803e+00
1.023799999999999955e+01,1.625000000000000000e+03,1.800000000000000000e+03,-2.075811450200510500e+00,3.922899549122410567e-01,1.425674320303118803e+00
1.025500000000000078e+01,1.625000000000000000e+03,1.800000000000000000e+03,-2.079229065682698607e+00,3.924041326367949667e-01,1.427013291942397455e+00
1.027200000000000024e+01,1.625000000000000000e+03,1.800000000000000000e+03,-2.083191509395240892e+00,3.936243821306638635e-01,1.415996853294775537e+00
1.028899999999999970e+01,1.625000000000000000e+03,1.800000000000000000e+03,-2.096706448491924224e+00,3.962589275790154852e-01,1.415723435032767208e+00
1.030599999999999916e+01,1.625000000000000000e+03,1.800000000000000000e+03,-2.101058416053311451e+00,3.969520785114449835e-01,1.404525227144090449e+00
1.032300000000000040e+01,1.625000000000000000e+03,1.800000000000000000e+03,-2.104126273456630170e+00,3.976023387105164231e-01,1.405853315209630638e+00
1.034099999999999930e+01,1.625000000000000000e+03,1.800000000000000000e+03,-2.104126273456630170e+00,3.976023387105164231e-01,1.405853315209630638e+00
1.035800000000000054e+01,1.625000000000000000e+03,1.800000000000000000e+03,-2.108056311905521785e+00,3.982825219351687762e-01,1.407182343616580678e+00
1.037500000000000000e+01,1.625000000000000000e+03,1.800000000000000000e+03,-2.111560038628763625e+00,3.989488397004746778e-01,1.404785109126168718e+00
1.039199999999999946e+01,1.625000000000000000e+03,1.800000000000000000e+03,-2.111560038628763625e+00,3.989488397004746778e-01,1.404785109126168718e+00
1.040900000000000070e+01,1.625000000000000000e+03,1.800000000000000000e+03,-2.115066956813805632e+00,3.996158889467070763e-01,1.410123941738723907e+00
1.042600000000000016e+01,1.625000000000000000e+03,1.800000000000000000e+03,-2.115066956813805632e+00,3.996158889467070763e-01,1.410123941738723907e+00
1.044299999999999962e+01,1.625000000000000000e+03,1.800000000000000000e+03,-2.119372211680377038e+00,3.997632519945503171e-01,1.402458826875056630e+00
1.046000000000000085e+01,1.625000000000000000e+03,1.800000000000000000e+03,-2.122454365712924673e+00,4.004166576086726215e-01,1.394142784527095280e+00
1.047700000000000031e+01,1.625000000000000000e+03,1.800000000000000000e+03,-2.125902541841740323e+00,4.005350603938805376e-01,1.395465243439663938e+00
1.049399999999999977e+01,1.625000000000000000e+03,1.800000000000000000e+03,-2.144031267278871056e+00,4.044560328317213793e-01,1.384091620596514360e+00
1.051099999999999923e+01,1.625000000000000000e+03,1.800000000000000000e+03,-2.144031267278871056e+00,4.044560328317213793e-01,1.384091620596514360e+00
1.052899999999999991e+01,1.625000000000000000e+03,1.800000000000000000e+03,-2.147493999689772171e+00,4.045764497437170926e-01,1.381268731819816908e+00
1.054499999999999993e+01,1.625000000000000000e+03,1.800000000000000000e+03,-2.150958338318577301e+00,4.046970459755142580e-01,1.382583559303292242e+00
1.056199999999999939e+01,1.625000000000000000e+03,1.800000000000000000e+03,-2.158834452975363138e+00,4.055224596473744336e-01,1.376162923120037407e+00
1.057900000000000063e+01,1.625000000000000000e+03,1.800000000000000000e+03,-2.158834452975363138e+00,4.055224596473744336e-01,1.376162923120037407e+00
1.059699999999999953e+01,1.625000000000000000e+03,1.800000000000000000e+03,-2.158834452975363138e+00,4.055224596473744336e-01,1.376162923120037407e+00
1.061800000000000033e+01,1.625000000000000000e+03,1.800000000000000000e+03,-2.162457471374019669e+00,4.067516890865797707e-01,1.377796599393880994e+00
1.063799999999999990e+01,1.625000000000000000e+03,1.800000000000000000e+03,-2.173317800850339765e+00,4.071329543071030566e-01,1.363018532927975146e+00
1.065600000000000058e+01,1.625000000000000000e+03,1.800000000000000000e+03,-2.173317800850339765e+00,4.071329543071030566e-01,1.363018532927975146e+00
1.069599999999999973e+01,1.625000000000000000e+03,1.800000000000000000e+03,-2.173317800850339765e+00,4.071329543071030566e-01,1.363018532927975146e+00
1.072700000000000031e+01,1.625000000000000000e+03,1.800000000000000000e+03,-2.176955860803709619e+00,4.083655052328726276e-01,1.364657756052471527e+00
1.074399999999999977e+01,1.625000000000000000e+03,1.800000000000000000e+03,-2.176955860803709619e+00,4.083655052328726276e-01,1.364657756052471527e+00
1.076099999999999923e+01,1.625000000000000000e+03,1.800000000000000000e+03,-2.176955860803709619e+00,4.083655052328726276e-01,1.364657756052471527e+00
1.077800000000000047e+01,1.625000000000000000e+03,1.800000000000000000e+03,-2.176955860803709619e+00,4.083655052328726276e-01,1.364657756052471527e+00
1.079499999999999993e+01,1.625000000000000000e+03,1.800000000000000000e+03,-2.192201101738984637e+00,4.089043125791315125e-01,1.360860337905003936e+00
1.081199999999999939e+01,1.625000000000000000e+03,1.800000000000000000e+03,-2.199872349633504420e+00,4.108374280433063630e-01,1.345196770869452996e+00
1.082900000000000063e+01,1.625000000000000000e+03,1.800000000000000000e+03,-2.199872349633504420e+00,4.108374280433063630e-01,1.345196770869452996e+00
1.084600000000000009e+01,1.625000000000000000e+03,1.800000000000000000e+03,-2.203453207823225402e+00,4.115192929501670926e-01,1.346485841486311230e+00
1.086299999999999955e+01,1.625000000000000000e+03,1.800000000000000000e+03,-2.207301020297388838e+00,4.111021362582448768e-01,1.347775820370466171e+00
1.088000000000000078e+01,1.625000000000000000e+03,1.800000000000000000e+03,-2.207301020297388838e+00,4.111021362582448768e-01,1.347775820370466171e+00
1.089799999999999969e+01,1.625000000000000000e+03,1.800000000000000000e+03,-2.214565050959702130e+00,4.130264094794774410e-01,1.350718350839182236e+00
1.091499999999999915e+01,1.625000000000000000e+03,1.800000000000000000e+03,-2.218945506716002214e+00,4.131835128882156427e-01,1.343045767008609781e+00
1.093299999999999983e+01,1.625000000000000000e+03,1.800000000000000000e+03,-2.218945506716002214e+00,4.131835128882156427e-01,1.343045767008609781e+00
1.094999999999999929e+01,1.625000000000000000e+03,1.800000000000000000e+03,-2.226142164291310621e+00,4.145540184341288681e-01,1.336403315045072926e+00
1.096700000000000053e+01,1.625000000000000000e+03,1.800000000000000000e+03,-2.226142164291310621e+00,4.145540184341288681e-01,1.336403315045072926e+00
1.098399999999999999e+01,1.625000000000000000e+03,1.800000000000000000e+03,-2.234044672679721177e+00,4.148389808183431393e-01,1.330042795712293557e+00
1.100099999999999945e+01,1.625000000000000000e+03,1.800000000000000000e+03,-2.256189925083684766e+00,4.189889758928971863e-01,1.320026199222694707e+00
1.101800000000000068e+01,1.625000000000000000e+03,1.800000000000000000e+03,-2.260702437344312088e+00,4.197129186801201728e-01,1.306981158056140790e+00
1.103500000000000014e+01,1.625000000000000000e+03,1.800000000000000000e+03,-2.264135232809019627e+00,4.192793314570003593e-01,1.308236614394848285e+00
1.105199999999999960e+01,1.625000000000000000e+03,1.800000000000000000e+03,-2.267871629646764475e+00,4.205350378687015001e-01,1.309492884676966451e+00
1.106900000000000084e+01,1.625000000000000000e+03,1.800000000000000000e+03,-2.275596698730327105e+00,4.219392019936242244e-01,1.312414777521390796e+00
1.108600000000000030e+01,1.625000000000000000e+03,1.800000000000000000e+03,-2.275596698730327105e+00,4.219392019936242244e-01,1.312414777521390796e+00
1.110299999999999976e+01,1.625000000000000000e+03,1.800000000000000000e+03,-2.279686391215860475e+00,4.226506478147172841e-01,1.299042445702627280e+00
1.111999999999999922e+01,1.625000000000000000e+03,1.800000000000000000e+03,-2.279686391215860475e+00,4.226506478147172841e-01,1.299042445702627280e+00
1.113799999999999990e+01,1.625000000000000000e+03,1.800000000000000000e+03,-2.283336778281948476e+00,4.233465433232482811e-01,1.296844768200499098e+00
1.115499999999999936e+01,1.625000000000000000e+03,1.800000000000000000e+03,-2.283336778281948476e+00,4.233465433232482811e-01,1.296844768200499098e+00
1.117200000000000060e+01,1.625000000000000000e+03,1.800000000000000000e+03,-2.283336778281948476e+00,4.233465433232482811e-01,1.296844768200499098e+00
1.118900000000000006e+01,1.625000000000000000e+03,1.800000000000000000e+03,-2.287202400207225761e+00,4.251749031694266323e-01,1.292319301068433512e+00
1.120700000000000074e+01,1.625000000000000000e+03,1.800000000000000000e+03,-2.294523963060256300e+00,4.265721592748782376e-01,1.285623697456814707e+00
1.122400000000000020e+01,1.625000000000000000e+03,1.800000000000000000e+03,-2.294523963060256300e+00,4.265721592748782376e-01,1.285623697456814707e+00
1.124200000000000088e+01,1.625000000000000000e+03,1.800000000000000000e+03,-2.298526160557546660e+00,4.267212404984274121e-01,1.277906931941575897e+00
1.125900000000000034e+01,1.625000000000000000e+03,1.800000000000000000e+03,-2.298526160557546660e+00,4.267212404984274121e-01,1.277906931941575897e+00
1.127599999999999980e+01,1.625000000000000000e+03,1.800000000000000000e+03,-2.298526160557546660e+00,4.267212404984274121e-01,1.277906931941575897e+00
1.129299999999999926e+01,1.625000000000000000e+03,1.800000000000000000e+03,-2.302195052216071236e+00,4.274213784585171316e-01,1.273043809105024016e+00
1.131000000000000050e+01,1.625000000000000000e+03,1.800000000000000000e+03,-2.305086821592281066e+00,4.286570483871096071e-01,1.271264298457436270e+00
1.132699999999999996e+01,1.625000000000000000e+03,1.800000000000000000e+03,-2.309097524649398547e+00,4.288072296979611453e-01,1.266304605324176435e+00
1.134399999999999942e+01,1.625000000000000000e+03,1.800000000000000000e+03,-2.312776566847138504e+00,4.295096029969412976e-01,1.267518430123536044e+00
1.136100000000000065e+01,1.625000000000000000e+03,1.800000000000000000e+03,-2.316905541370293697e+00,4.302295203130502843e-01,1.275367122532780950e+00
1.137899999999999956e+01,1.625000000000000000e+03,1.800000000000000000e+03,-2.320705987436518569e+00,4.315032959368981791e-01,1.270395961174013655e+00
1.139600000000000080e+01,1.625000000000000000e+03,1.800000000000000000e+03,-2.324511812483995854e+00,4.327789562746108265e-01,1.259871287426111541e+00
1.141300000000000026e+01,1.625000000000000000e+03,1.800000000000000000e+03,-2.335608232275182772e+00,4.349002201872903539e-01,1.250597010568996081e+00
1.143099999999999916e+01,1.625000000000000000e+03,1.800000000000000000e+03,-2.335608232275182772e+00,4.349002201872903539e-01,1.250597010568996081e+00
1.144699999999999918e+01,1.625000000000000000e+03,1.800000000000000000e+03,-2.339432833603914297e+00,4.361813630066181391e-01,1.242645653236505332e+00
1.146499999999999986e+01,1.625000000000000000e+03,1.800000000000000000e+03,-2.343472630708821391e+00,4.363353507339809978e-01,1.243831968121337894e+00
1.148199999999999932e+01,1.625000000000000000e+03,1.800000000000000000e+03,-2.370498879122356684e+00,4.436461747728833727e-01,1.218445154873077030e+00
1.149900000000000055e+01,1.625000000000000000e+03,1.800000000000000000e+03,-2.374566430613801238e+00,4.438038170502890400e-01,1.219600819721143203e+00
1.151600000000000001e+01,1.625000000000000000e+03,1.800000000000000000e+03,-2.374566430613801238e+00,4.438038170502890400e-01,1.219600819721143203e+00
1.153400000000000070e+01,1.625000000000000000e+03,1.800000000000000000e+03,-2.382644052071660745e+00,4.458360111728553177e-01,1.203930006919340157e+00
1.155100000000000016e+01,1.625000000000000000e+03,1.800000000000000000e+03,-2.386398581987617007e+00,4.465558482705817012e-01,1.197720442098594074e+00
1.156900000000000084e+01,1.625000000000000000e+03,1.800000000000000000e+03,-2.386398581987617007e+00,4.465558482705817012e-01,1.197720442098594074e+00
1.158600000000000030e+01,1.625000000000000000e+03,1.800000000000000000e+03,-2.386398581987617007e+00,4.465558482705817012e-01,1.197720442098594074e+00
1.160299999999999976e+01,1.625000000000000000e+03,1.800000000000000000e+03,-2.394183307822991935e+00,4.491577777981291542e-01,1.190955040976124479e+00
1.161999999999999922e+01,1.625000000000000000e+03,1.800000000000000000e+03,-2.394183307822991935e+00,4.491577777981291542e-01,1.190955040976124479e+00
1.163700000000000045e+01,1.625000000000000000e+03,1.800000000000000000e+03,-2.397950850586906490e+00,4.498808570554827524e-01,1.184479335880633588e+00
1.165399999999999991e+01,1.625000000000000000e+03,1.800000000000000000e+03,-2.397950850586906490e+00,4.498808570554827524e-01,1.184479335880633588e+00
1.167099999999999937e+01,1.625000000000000000e+03,1.800000000000000000e+03,-2.401722132763211448e+00,4.506047243821004189e-01,1.185591246938758392e+00
1.168900000000000006e+01,1.625000000000000000e+03,1.800000000000000000e+03,-2.401722132763211448e+00,4.506047243821004189e-01,1.185591246938758392e+00
1.170599999999999952e+01,1.625000000000000000e+03,1.800000000000000000e+03,-2.405497165599816078e+00,4.513293809543462709e-01,1.194829775371287539e+00
1.172300000000000075e+01,1.625000000000000000e+03,1.800000000000000000e+03,-2.408956414572480220e+00,4.526189725170522982e-01,1.186962704444552985e+00
1.174000000000000021e+01,1.625000000000000000e+03,1.800000000000000000e+03,-2.413058528965213778e+00,4.527810666263784034e-01,1.188074982315817874e+00
1.175699999999999967e+01,1.625000000000000000e+03,1.800000000000000000e+03,-2.416664480808493387e+00,4.546563467271113046e-01,1.171963111685343950e+00
1.177500000000000036e+01,1.625000000000000000e+03,1.800000000000000000e+03,-2.416664480808493387e+00,4.546563467271113046e-01,1.171963111685343950e+00
1.179199999999999982e+01,1.625000000000000000e+03,1.800000000000000000e+03,-2.420456168776847328e+00,4.553850289267548090e-01,1.181353269391824501e+00
1.180899999999999928e+01,1.625000000000000000e+03,1.800000000000000000e+03,-2.424708872914335345e+00,4.561327027118705635e-01,1.174675830573623569e+00
1.182600000000000051e+01,1.625000000000000000e+03,1.800000000000000000e+03,-2.428966151616317681e+00,4.568812641123310980e-01,1.158803388708189885e+00
1.184299999999999997e+01,1.625000000000000000e+03,1.800000000000000000e+03,-2.428966151616317681e+00,4.568812641123310980e-01,1.158803388708189885e+00
1.185999999999999943e+01,1.625000000000000000e+03,1.800000000000000000e+03,-2.437322427487782939e+00,4.595347852011896217e-01,1.161486297189024519e+00
1.187800000000000011e+01,1.625000000000000000e+03,1.800000000000000000e+03,-2.440992155609152725e+00,4.596818812448050240e-01,1.153047426308587475e+00
1.189499999999999957e+01,1.625000000000000000e+03,1.800000000000000000e+03,-2.440992155609152725e+00,4.596818812448050240e-01,1.153047426308587475e+00
1.191200000000000081e+01,1.625000000000000000e+03,1.800000000000000000e+03,-2.448775711057929794e+00,4.617383624723893076e-01,1.155715189899945816e+00
1.192900000000000027e+01,1.625000000000000000e+03,1.800000000000000000e+03,-2.448775711057929794e+00,4.617383624723893076e-01,1.155715189899945816e+00
1.194599999999999973e+01,1.625000000000000000e+03,1.800000000000000000e+03,-2.455970339624695242e+00,4.631928584582399866e-01,1.148904957539285565e+00
1.196299999999999919e+01,1.625000000000000000e+03,1.800000000000000000e+03,-2.459640326435364344e+00,4.650905034914191161e-01,1.141087150591284294e+00
1.198000000000000043e+01,1.625000000000000000e+03,1.800000000000000000e+03,-2.491395403829100630e+00,4.728288564771011560e-01,1.123686305027034926e+00
1.199699999999999989e+01,1.625000000000000000e+03,1.800000000000000000e+03,-2.496357299015849129e+00,4.742093886565724725e-01,1.106985071755818506e+00
1.201500000000000057e+01,1.625000000000000000e+03,1.800000000000000000e+03,-2.496357299015849129e+00,4.742093886565724725e-01,1.106985071755818506e+00
1.203200000000000003e+01,1.625000000000000000e+03,1.800000000000000000e+03,-2.496357299015849129e+00,4.742093886565724725e-01,1.106985071755818506e+00
1.204800000000000004e+01,1.625000000000000000e+03,1.800000000000000000e+03,-2.503815702202638604e+00,4.762845772749918494e-01,1.109034414332802143e+00
1.206499999999999950e+01,1.625000000000000000e+03,1.800000000000000000e+03,-2.503815702202638604e+00,4.762845772749918494e-01,1.109034414332802143e+00
1.208399999999999963e+01,1.625000000000000000e+03,1.800000000000000000e+03,-2.507238231038920961e+00,4.770161521011316852e-01,1.110182786073460104e+00
1.210100000000000087e+01,1.625000000000000000e+03,1.800000000000000000e+03,-2.507238231038920961e+00,4.770161521011316852e-01,1.110182786073460104e+00
1.211800000000000033e+01,1.625000000000000000e+03,1.800000000000000000e+03,-2.511455195621835834e+00,4.789625385046228923e-01,1.102219870923546452e+00
1.213400000000000034e+01,1.625000000000000000e+03,1.800000000000000000e+03,-2.514886638860138746e+00,4.796965590240963584e-01,1.094479530154228941e+00
1.215199999999999925e+01,1.625000000000000000e+03,1.800000000000000000e+03,-2.514886638860138746e+00,4.796965590240963584e-01,1.094479530154228941e+00
1.216900000000000048e+01,1.625000000000000000e+03,1.800000000000000000e+03,-2.522558045328816334e+00,4.823850049467593992e-01,1.087751336385375911e+00
1.218599999999999994e+01,1.625000000000000000e+03,1.800000000000000000e+03,-2.526938966598790692e+00,4.831615634912475032e-01,1.079441339418723222e+00
1.220299999999999940e+01,1.625000000000000000e+03,1.800000000000000000e+03,-2.526938966598790692e+00,4.831615634912475032e-01,1.079441339418723222e+00
1.222000000000000064e+01,1.625000000000000000e+03,1.800000000000000000e+03,-2.530085327144951268e+00,4.844805986743424553e-01,1.089202628388885374e+00
1.223700000000000010e+01,1.625000000000000000e+03,1.800000000000000000e+03,-2.534175083420933117e+00,4.858410529492772634e-01,1.081431378783344721e+00
1.225600000000000023e+01,1.625000000000000000e+03,1.800000000000000000e+03,-2.534175083420933117e+00,4.858410529492772634e-01,1.081431378783344721e+00
1.227299999999999969e+01,1.625000000000000000e+03,1.800000000000000000e+03,-2.537801172450090181e+00,4.871837463461160533e-01,1.072895868001916053e+00
1.229100000000000037e+01,1.625000000000000000e+03,1.800000000000000000e+03,-2.537801172450090181e+00,4.871837463461160533e-01,1.072895868001916053e+00
1.230799999999999983e+01,1.625000000000000000e+03,1.800000000000000000e+03,-2.541732784968528058e+00,4.879454173044640575e-01,1.074648269078508189e+00
1.232499999999999929e+01,1.625000000000000000e+03,1.800000000000000000e+03,-2.545540524684103634e+00,4.898950642098279795e-01,1.066036581873519129e+00
1.234200000000000053e+01,1.625000000000000000e+03,1.800000000000000000e+03,-2.549654850641427384e+00,4.912638416716955669e-01,1.058317926277833054e+00
1.235899999999999999e+01,1.625000000000000000e+03,1.800000000000000000e+03,-2.549654850641427384e+00,4.912638416716955669e-01,1.058317926277833054e+00
1.237599999999999945e+01,1.625000000000000000e+03,1.800000000000000000e+03,-2.556783285099380798e+00,4.933613934513888521e-01,1.060258301564685812e+00
1.239400000000000013e+01,1.625000000000000000e+03,1.800000000000000000e+03,-2.556783285099380798e+00,4.933613934513888521e-01,1.060258301564685812e+00
1.241000000000000014e+01,1.625000000000000000e+03,1.800000000000000000e+03,-2.560617396555890934e+00,4.953221112228750611e-01,1.051354327075173067e+00
1.242699999999999960e+01,1.625000000000000000e+03,1.800000000000000000e+03,-2.564282555649394446e+00,4.966788751892615705e-01,1.034506648899383485e+00
1.244400000000000084e+01,1.625000000000000000e+03,1.800000000000000000e+03,-2.569079220748181847e+00,4.986870993778261818e-01,1.034447385969967659e+00
1.246199999999999974e+01,1.625000000000000000e+03,1.800000000000000000e+03,-2.572757464317201315e+00,5.000488006503273075e-01,1.036821412573502466e+00
1.247899999999999920e+01,1.625000000000000000e+03,1.800000000000000000e+03,-2.575311250981909161e+00,5.007612712317762726e-01,1.027151677797353280e+00
1.249600000000000044e+01,1.625000000000000000e+03,1.800000000000000000e+03,-2.602280800600324628e+00,5.122266452203735332e-01,9.953426370206918117e-01
1.251299999999999990e+01,1.625000000000000000e+03,1.800000000000000000e+03,-2.606011503264236584e+00,5.136083026395691364e-01,9.983516496190324441e-01
1.252999999999999936e+01,1.625000000000000000e+03,1.800000000000000000e+03,-2.606011503264236584e+00,5.136083026395691364e-01,9.983516496190324441e-01
1.254700000000000060e+01,1.625000000000000000e+03,1.800000000000000000e+03,-2.617719590101102334e+00,5.177872992142212860e-01,9.793548861848525577e-01
1.256400000000000006e+01,1.625000000000000000e+03,1.800000000000000000e+03,-2.621474059710475757e+00,5.191774233680220840e-01,9.826343641698795928e-01
1.258099999999999952e+01,1.625000000000000000e+03,1.800000000000000000e+03,-2.625716768367950760e+00,5.205912910074613764e-01,9.724627013966113953e-01
1.259800000000000075e+01,1.625000000000000000e+03,1.800000000000000000e+03,-2.625716768367950760e+00,5.205912910074613764e-01,9.724627013966113953e-01
1.261599999999999966e+01,1.625000000000000000e+03,1.800000000000000000e+03,-2.629678183636734445e+00,5.226076536159033337e-01,9.648931248062366794e-01
1.263299999999999912e+01,1.625000000000000000e+03,1.800000000000000000e+03,-2.633451933163612146e+00,5.240050148713645273e-01,9.541030556813948627e-01
1.265000000000000036e+01,1.625000000000000000e+03,1.800000000000000000e+03,-2.637231629605314431e+00,5.254045140787407808e-01,9.554161399435926461e-01
1.266699999999999982e+01,1.625000000000000000e+03,1.800000000000000000e+03,-2.637231629605314431e+00,5.254045140787407808e-01,9.554161399435926461e-01
1.268399999999999928e+01,1.625000000000000000e+03,1.800000000000000000e+03,-2.644808962309541656e+00,5.282099546920607791e-01,9.398003332312407920e-01
1.270100000000000051e+01,1.625000000000000000e+03,1.800000000000000000e+03,-2.644808962309541656e+00,5.282099546920607791e-01,9.398003332312407920e-01
1.271899999999999942e+01,1.625000000000000000e+03,1.800000000000000000e+03,-2.644808962309541656e+00,5.282099546920607791e-01,9.398003332312407920e-01
1.273600000000000065e+01,1.625000000000000000e+03,1.800000000000000000e+03,-2.652611514275090343e+00,5.316510620610926940e-01,9.299930683572035228e-01
1.275300000000000011e+01,1.625000000000000000e+03,1.800000000000000000e+03,-2.652611514275090343e+00,5.316510620610926940e-01,9.299930683572035228e-01
1.277100000000000080e+01,1.625000000000000000e+03,1.800000000000000000e+03,-2.657396604840525978e+00,5.331068057585807152e-01,9.427046512500701914e-01
1.278800000000000026e+01,1.625000000000000000e+03,1.800000000000000000e+03,-2.660239383694449788e+00,5.344754535613024382e-01,9.199365611666509013e-01
1.280499999999999972e+01,1.625000000000000000e+03,1.800000000000000000e+03,-2.665243698482069767e+00,5.365657199703023350e-01,9.328474175443244309e-01
1.282300000000000040e+01,1.625000000000000000e+03,1.800000000000000000e+03,-2.668380551547436141e+00,5.373311719625796234e-01,9.130915108996062735e-01
1.283900000000000041e+01,1.625000000000000000e+03,1.800000000000000000e+03,-2.672912887512375324e+00,5.394052415974371906e-01,9.227388421878470748e-01
1.285699999999999932e+01,1.625000000000000000e+03,1.800000000000000000e+03,-2.672912887512375324e+00,5.394052415974371906e-01,9.227388421878470748e-01
1.287500000000000000e+01,1.625000000000000000e+03,1.800000000000000000e+03,-2.676058811657986425e+00,5.401733184613252137e-01,9.146269666965709533e-01
1.289300000000000068e+01,1.625000000000000000e+03,1.800000000000000000e+03,-2.676058811657986425e+00,5.401733184613252137e-01,9.146269666965709533e-01
1.291000000000000014e+01,1.625000000000000000e+03,1.800000000000000000e+03,-2.684463374437821681e+00,5.436811728274560940e-01,9.084115793015729023e-01
1.292699999999999960e+01,1.625000000000000000e+03,1.800000000000000000e+03,-2.688045533000098075e+00,5.457229703007125954e-01,8.967716180013228788e-01
1.294400000000000084e+01,1.625000000000000000e+03,1.800000000000000000e+03,-2.691490421133691413e+00,5.458843434735819455e-01,8.887886524921873033e-01
1.296100000000000030e+01,1.625000000000000000e+03,1.800000000000000000e+03,-2.696284209894747708e+00,5.486139903554801966e-01,8.899588070843896803e-01
1.297799999999999976e+01,1.625000000000000000e+03,1.800000000000000000e+03,-2.723048594573321157e+00,5.599621713246086818e-01,8.538273592703546910e-01
1.299499999999999922e+01,1.625000000000000000e+03,1.800000000000000000e+03,-2.723048594573321157e+00,5.599621713246086818e-01,8.538273592703546910e-01
1.301200000000000045e+01,1.625000000000000000e+03,1.800000000000000000e+03,-2.727699239103972495e+00,5.620855428325793879e-01,8.673507704477865232e-01
1.302899999999999991e+01,1.625000000000000000e+03,1.800000000000000000e+03,-2.727699239103972495e+00,5.620855428325793879e-01,8.673507704477865232e-01
1.304700000000000060e+01,1.625000000000000000e+03,1.800000000000000000e+03,-2.731138182818831694e+00,5.635197501433247824e-01,8.551563052556998556e-01
1.306300000000000061e+01,1.625000000000000000e+03,1.800000000000000000e+03,-2.734807634846426527e+00,5.656024769068866975e-01,8.479198693414489174e-01
1.308000000000000007e+01,1.625000000000000000e+03,1.800000000000000000e+03,-2.742898224136454122e+00,5.704538852843273888e-01,8.498161412504585677e-01
1.309800000000000075e+01,1.625000000000000000e+03,1.800000000000000000e+03,-2.742898224136454122e+00,5.704538852843273888e-01,8.498161412504585677e-01
1.311500000000000021e+01,1.625000000000000000e+03,1.800000000000000000e+03,-2.746408424305955442e+00,5.706254155677242812e-01,8.420382629871345781e-01
1.313199999999999967e+01,1.625000000000000000e+03,1.800000000000000000e+03,-2.753311993505312305e+00,5.747996371764000356e-01,8.304089986533218504e-01
1.314899999999999913e+01,1.625000000000000000e+03,1.800000000000000000e+03,-2.753311993505312305e+00,5.747996371764000356e-01,8.304089986533218504e-01
1.316600000000000037e+01,1.625000000000000000e+03,1.800000000000000000e+03,-2.757530091217762269e+00,5.769302361971041515e-01,8.314279096844127137e-01
1.318299999999999983e+01,1.625000000000000000e+03,1.800000000000000000e+03,-2.757530091217762269e+00,5.769302361971041515e-01,8.314279096844127137e-01
1.319999999999999929e+01,1.625000000000000000e+03,1.800000000000000000e+03,-2.761524293227996640e+00,5.784114209607235102e-01,8.187536272797772963e-01
1.321799999999999997e+01,1.625000000000000000e+03,1.800000000000000000e+03,-2.765254661098643041e+00,5.805247303003956416e-01,8.245062278778416687e-01
1.323499999999999943e+01,1.625000000000000000e+03,1.800000000000000000e+03,-2.771996052272172051e+00,5.840817635188549906e-01,8.047790154001298601e-01
1.325099999999999945e+01,1.625000000000000000e+03,1.800000000000000000e+03,-2.776255667853400055e+00,5.862321179323216613e-01,8.135736940273987639e-01
1.326900000000000013e+01,1.625000000000000000e+03,1.800000000000000000e+03,-2.776255667853400055e+00,5.862321179323216613e-01,8.135736940273987639e-01
1.328599999999999959e+01,1.625000000000000000e+03,1.800000000000000000e+03,-2.783277282355787641e+00,5.904694752227165333e-01,7.856996290824914686e-01
1.330300000000000082e+01,1.625000000000000000e+03,1.800000000000000000e+03,-2.783277282355787641e+00,5.904694752227165333e-01,7.856996290824914686e-01
1.332000000000000028e+01,1.625000000000000000e+03,1.800000000000000000e+03,-2.786785587058453917e+00,5.932434171464532335e-01,7.943377684177600484e-01
1.333699999999999974e+01,1.625000000000000000e+03,1.800000000000000000e+03,-2.786785587058453917e+00,5.932434171464532335e-01,7.943377684177600484e-01
1.335500000000000043e+01,1.625000000000000000e+03,1.800000000000000000e+03,-2.790328397887052336e+00,5.947237869537770338e-01,7.950855740250002412e-01
1.337299999999999933e+01,1.625000000000000000e+03,1.800000000000000000e+03,-2.794120569738817395e+00,5.968703911398872686e-01,7.742433019145560369e-01
1.339000000000000057e+01,1.625000000000000000e+03,1.800000000000000000e+03,-2.797920969193627538e+00,5.990214161171679708e-01,7.749618950813470519e-01
1.340700000000000003e+01,1.625000000000000000e+03,1.800000000000000000e+03,-2.801483746057882751e+00,6.005105529065598580e-01,7.910004087056642375e-01
1.342399999999999949e+01,1.625000000000000000e+03,1.800000000000000000e+03,-2.805793851503240788e+00,6.040046863333200511e-01,7.624995337609504764e-01
1.344100000000000072e+01,1.625000000000000000e+03,1.800000000000000000e+03,-2.805793851503240788e+00,6.040046863333200511e-01,7.624995337609504764e-01
1.345800000000000018e+01,1.625000000000000000e+03,1.800000000000000000e+03,-2.808592145448548738e+00,6.061169730894088170e-01,7.631977436980038609e-01
1.347600000000000087e+01,1.625000000000000000e+03,1.800000000000000000e+03,-2.831719601185093360e+00,6.192041946625811422e-01,7.235720483303824668e-01
1.349300000000000033e+01,1.625000000000000000e+03,1.800000000000000000e+03,-2.831719601185093360e+00,6.192041946625811422e-01,7.235720483303824668e-01
1.350999999999999979e+01,1.625000000000000000e+03,1.800000000000000000e+03,-2.834564991037048287e+00,6.213461504408864799e-01,7.242059969970895406e-01
1.352699999999999925e+01,1.625000000000000000e+03,1.800000000000000000e+03,-2.842356911788572305e+00,6.257539765738572290e-01,7.036206822973455344e-01
1.354400000000000048e+01,1.625000000000000000e+03,1.800000000000000000e+03,-2.842356911788572305e+00,6.257539765738572290e-01,7.036206822973455344e-01
1.356099999999999994e+01,1.625000000000000000e+03,1.800000000000000000e+03,-2.846787990435131199e+00,6.279929709211341526e-01,7.116217328809535392e-01
1.357900000000000063e+01,1.625000000000000000e+03,1.800000000000000000e+03,-2.853584614513586359e+00,6.310332413590956646e-01,7.049787159884716159e-01
1.359600000000000009e+01,1.625000000000000000e+03,1.800000000000000000e+03,-2.853584614513586359e+00,6.310332413590956646e-01,7.049787159884716159e-01
1.361299999999999955e+01,1.625000000000000000e+03,1.800000000000000000e+03,-2.857257556964733602e+00,6.339121531076415961e-01,7.055749052339854721e-01
1.363000000000000078e+01,1.625000000000000000e+03,1.800000000000000000e+03,-2.857257556964733602e+00,6.339121531076415961e-01,7.055749052339854721e-01
1.364700000000000024e+01,1.625000000000000000e+03,1.800000000000000000e+03,-2.861459578494118805e+00,6.354830026068708504e-01,6.842867461186784572e-01
1.366399999999999970e+01,1.625000000000000000e+03,1.800000000000000000e+03,-2.865151342962170666e+00,6.383736966142127267e-01,6.848488840836763902e-01
1.368099999999999916e+01,1.625000000000000000e+03,1.800000000000000000e+03,-2.868843752886908405e+00,6.399229349425411550e-01,6.854101190119086251e-01
1.369800000000000040e+01,1.625000000000000000e+03,1.800000000000000000e+03,-2.871757040536948580e+00,6.421062959187705532e-01,6.711608291572801477e-01
1.371499999999999986e+01,1.625000000000000000e+03,1.800000000000000000e+03,-2.871757040536948580e+00,6.421062959187705532e-01,6.711608291572801477e-01
1.373199999999999932e+01,1.625000000000000000e+03,1.800000000000000000e+03,-2.871757040536948580e+00,6.421062959187705532e-01,6.711608291572801477e-01
1.375000000000000000e+01,1.625000000000000000e+03,1.800000000000000000e+03,-2.880503739826552501e+00,6.459696325030593878e-01,6.866340354365895182e-01
1.376699999999999946e+01,1.625000000000000000e+03,1.800000000000000000e+03,-2.884498014317131265e+00,6.482243720027017764e-01,6.652607667469712105e-01
1.378500000000000014e+01,1.625000000000000000e+03,1.800000000000000000e+03,-2.888501534679967619e+00,6.504840091638116606e-01,6.657817324667925085e-01
1.380199999999999960e+01,1.625000000000000000e+03,1.800000000000000000e+03,-2.895194748500421689e+00,6.542610170051382790e-01,6.518592438361828778e-01
1.382099999999999973e+01,1.625000000000000000e+03,1.800000000000000000e+03,-2.895194748500421689e+00,6.542610170051382790e-01,6.518592438361828778e-01
1.383799999999999919e+01,1.625000000000000000e+03,1.800000000000000000e+03,-2.895194748500421689e+00,6.542610170051382790e-01,6.518592438361828778e-01
1.385500000000000043e+01,1.625000000000000000e+03,1.800000000000000000e+03,-2.898967981505686353e+00,6.572020966343260495e-01,6.523545049208963054e-01
1.387199999999999989e+01,1.625000000000000000e+03,1.800000000000000000e+03,-2.903006297345561038e+00,6.594810536776573029e-01,6.459283619774135454e-01
1.388899999999999935e+01,1.625000000000000000e+03,1.800000000000000000e+03,-2.906519085644985623e+00,6.617345543647429329e-01,6.313739254490686736e-01
1.390600000000000058e+01,1.625000000000000000e+03,1.800000000000000000e+03,-2.906519085644985623e+00,6.617345543647429329e-01,6.313739254490686736e-01
1.392300000000000004e+01,1.625000000000000000e+03,1.800000000000000000e+03,-2.910575508313474558e+00,6.640233848245177262e-01,6.318314111217356865e-01
1.393999999999999950e+01,1.625000000000000000e+03,1.800000000000000000e+03,-2.910575508313474558e+00,6.640233848245177262e-01,6.318314111217356865e-01
1.395700000000000074e+01,1.625000000000000000e+03,1.800000000000000000e+03,-2.913285107711410582e+00,6.655520793492554210e-01,6.468968157818177911e-01
1.397400000000000020e+01,1.625000000000000000e+03,1.800000000000000000e+03,-2.916820166725687002e+00,6.678184362229259152e-01,6.322841742512438357e-01
1.399099999999999966e+01,1.625000000000000000e+03,1.800000000000000000e+03,-2.916820166725687002e+00,6.678184362229259152e-01,6.322841742512438357e-01
1.400799999999999912e+01,1.625000000000000000e+03,1.800000000000000000e+03,-2.942918873384336997e+00,6.852782884757812054e-01,5.980168478360033957e-01
1.402500000000000036e+01,1.625000000000000000e+03,1.800000000000000000e+03,-2.945977142339534005e+00,6.875537979793687748e-01,5.984000520627459352e-01
1.404199999999999982e+01,1.625000000000000000e+03,1.800000000000000000e+03,-2.950132719843034934e+00,6.898989660013162828e-01,5.987812677324046984e-01
1.406000000000000050e+01,1.625000000000000000e+03,1.800000000000000000e+03,-2.952659511290192995e+00,6.921513088260672353e-01,5.772991443324466676e-01
1.407699999999999996e+01,1.625000000000000000e+03,1.800000000000000000e+03,-2.957130940647513029e+00,6.952269754349941211e-01,5.840502631489833396e-01
1.409399999999999942e+01,1.625000000000000000e+03,1.800000000000000000e+03,-2.960219169999594335e+00,6.975228007609374226e-01,5.779872398990147930e-01
1.411100000000000065e+01,1.625000000000000000e+03,1.800000000000000000e+03,-2.964164145987069787e+00,7.005800611814755330e-01,5.783279906890851363e-01
1.412800000000000011e+01,1.625000000000000000e+03,1.800000000000000000e+03,-2.964164145987069787e+00,7.005800611814755330e-01,5.783279906890851363e-01
1.414499999999999957e+01,1.625000000000000000e+03,1.800000000000000000e+03,-2.967267744176550259e+00,7.028867600448885922e-01,5.631635814095188319e-01
1.416200000000000081e+01,1.625000000000000000e+03,1.800000000000000000e+03,-2.970928966496459989e+00,7.052318639301834446e-01,5.634764803676264311e-01
1.417999999999999972e+01,1.625000000000000000e+03,1.800000000000000000e+03,-2.974903756885293404e+00,7.083100438991646319e-01,5.637869946753655270e-01
1.419599999999999973e+01,1.625000000000000000e+03,1.800000000000000000e+03,-2.974903756885293404e+00,7.083100438991646319e-01,5.637869946753655270e-01
1.421400000000000041e+01,1.625000000000000000e+03,1.800000000000000000e+03,-2.978889948209229921e+00,7.113965292307827815e-01,5.640950850688598583e-01
1.423099999999999987e+01,1.625000000000000000e+03,1.800000000000000000e+03,-2.985168122915286215e+00,7.160591852111538591e-01,5.429119521473273480e-01
1.424799999999999933e+01,1.625000000000000000e+03,1.800000000000000000e+03,-2.985168122915286215e+00,7.160591852111538591e-01,5.429119521473273480e-01
1.426500000000000057e+01,1.625000000000000000e+03,1.800000000000000000e+03,-2.988873231331813152e+00,7.184324541751020421e-01,5.431807417606338007e-01
1.428200000000000003e+01,1.625000000000000000e+03,1.800000000000000000e+03,-2.988873231331813152e+00,7.184324541751020421e-01,5.431807417606338007e-01
1.429899999999999949e+01,1.625000000000000000e+03,1.800000000000000000e+03,-2.992342106450151640e+00,7.215116971752938424e-01,5.434468739235245316e-01
1.431600000000000072e+01,1.625000000000000000e+03,1.800000000000000000e+03,-2.992342106450151640e+00,7.215116971752938424e-01,5.434468739235245316e-01
1.433300000000000018e+01,1.625000000000000000e+03,1.800000000000000000e+03,-2.996378318343429825e+00,7.246341472321932153e-01,5.437103065008405123e-01
1.434999999999999964e+01,1.625000000000000000e+03,1.800000000000000000e+03,-3.002978336229093159e+00,7.286469103272278369e-01,5.285178220220374534e-01
1.436700000000000088e+01,1.625000000000000000e+03,1.800000000000000000e+03,-3.006240113614432996e+00,7.324598098668962942e-01,5.288642410271556793e-01
1.438400000000000034e+01,1.625000000000000000e+03,1.800000000000000000e+03,-3.009119004241646245e+00,7.340888517672480296e-01,5.133071939775752934e-01
1.440199999999999925e+01,1.625000000000000000e+03,1.800000000000000000e+03,-3.012322006068894442e+00,7.364649168479205921e-01,5.135120589336855668e-01
1.441900000000000048e+01,1.625000000000000000e+03,1.800000000000000000e+03,-3.016979467645920732e+00,7.396650596492156948e-01,5.137138813786440439e-01
1.443500000000000050e+01,1.625000000000000000e+03,1.800000000000000000e+03,-3.020522281251384111e+00,7.428011241785273944e-01,5.139126152032019723e-01
1.445199999999999996e+01,1.625000000000000000e+03,1.800000000000000000e+03,-3.024640630884554149e+00,7.459824111569804961e-01,4.985074437319938490e-01
1.447000000000000064e+01,1.625000000000000000e+03,1.800000000000000000e+03,-3.024640630884554149e+00,7.459824111569804961e-01,4.985074437319938490e-01
1.448600000000000065e+01,1.625000000000000000e+03,1.800000000000000000e+03,-3.048704014443289534e+00,7.644577102967998750e-01,4.777813469192473406e-01
1.450300000000000011e+01,1.625000000000000000e+03,1.800000000000000000e+03,-3.054823274169149006e+00,7.707948751686769517e-01,4.464364651425768438e-01
1.452200000000000024e+01,1.625000000000000000e+03,1.800000000000000000e+03,-3.058371493850747136e+00,7.725212961278048462e-01,4.622754189501029343e-01
1.455000000000000071e+01,1.625000000000000000e+03,1.800000000000000000e+03,-3.058371493850747136e+00,7.725212961278048462e-01,4.622754189501029343e-01
1.458999999999999986e+01,1.625000000000000000e+03,1.800000000000000000e+03,-3.058371493850747136e+00,7.725212961278048462e-01,4.622754189501029343e-01
1.462899999999999956e+01,1.625000000000000000e+03,1.800000000000000000e+03,-3.062027794012568194e+00,7.757465172275354037e-01,4.623614600147859521e-01
1.464600000000000080e+01,1.625000000000000000e+03,1.800000000000000000e+03,-3.062027794012568194e+00,7.757465172275354037e-01,4.623614600147859521e-01
1.466699999999999982e+01,1.625000000000000000e+03,1.800000000000000000e+03,-3.062027794012568194e+00,7.757465172275354037e-01,4.623614600147859521e-01
1.468500000000000050e+01,1.625000000000000000e+03,1.800000000000000000e+03,-3.068688703037206533e+00,7.806805284051002713e-01,4.411978971330539068e-01
1.470199999999999996e+01,1.625000000000000000e+03,1.800000000000000000e+03,-3.072716934136467515e+00,7.847013244158961287e-01,4.308071497414262541e-01
1.471899999999999942e+01,1.625000000000000000e+03,1.800000000000000000e+03,-3.085704956630277884e+00,7.961452639669365228e-01,4.149158123049909164e-01
1.473600000000000065e+01,1.625000000000000000e+03,1.800000000000000000e+03,-3.090025368409197171e+00,7.994767249700837075e-01,4.149071508343299963e-01
1.475399999999999956e+01,1.625000000000000000e+03,1.800000000000000000e+03,-3.090025368409197171e+00,7.994767249700837075e-01,4.149071508343299963e-01
1.477100000000000080e+01,1.625000000000000000e+03,1.800000000000000000e+03,-3.096003686472034389e+00,8.052144318952633162e-01,4.150934706526209772e-01
1.478800000000000026e+01,1.625000000000000000e+03,1.800000000000000000e+03,-3.099648696318945351e+00,8.069974375919285459e-01,4.148768520823731820e-01
1.480599999999999916e+01,1.625000000000000000e+03,1.800000000000000000e+03,-3.099648696318945351e+00,8.069974375919285459e-01,4.148768520823731820e-01
1.482300000000000040e+01,1.625000000000000000e+03,1.800000000000000000e+03,-3.103067811748475791e+00,8.095294276591779026e-01,4.148550964651118167e-01
1.484099999999999930e+01,1.625000000000000000e+03,1.800000000000000000e+03,-3.103067811748475791e+00,8.095294276591779026e-01,4.148550964651118167e-01
1.485800000000000054e+01,1.625000000000000000e+03,1.800000000000000000e+03,-3.107209780728075188e+00,8.136476775859687871e-01,4.039057855356160687e-01
1.487500000000000000e+01,1.625000000000000000e+03,1.800000000000000000e+03,-3.112550354789463292e+00,8.178661617942423190e-01,3.938426434749230931e-01
1.489199999999999946e+01,1.625000000000000000e+03,1.800000000000000000e+03,-3.116131268104993524e+00,8.219691521230326758e-01,3.827346265660379609e-01
1.491000000000000014e+01,1.625000000000000000e+03,1.800000000000000000e+03,-3.119593069069631852e+00,8.245337264079742878e-01,3.988037586555966962e-01
1.492600000000000016e+01,1.625000000000000000e+03,1.800000000000000000e+03,-3.119593069069631852e+00,8.245337264079742878e-01,3.988037586555966962e-01
1.494400000000000084e+01,1.625000000000000000e+03,1.800000000000000000e+03,-3.119593069069631852e+00,8.245337264079742878e-01,3.988037586555966962e-01
1.496100000000000030e+01,1.625000000000000000e+03,1.800000000000000000e+03,-3.123063310882822741e+00,8.271041071860379956e-01,3.987391198840895545e-01
1.497799999999999976e+01,1.625000000000000000e+03,1.800000000000000000e+03,-3.123063310882822741e+00,8.271041071860379956e-01,3.987391198840895545e-01
1.499499999999999922e+01,1.625000000000000000e+03,1.800000000000000000e+03,-3.124984107264217492e+00,8.287914125719849645e-01,3.825642379919697578e-01
1.501200000000000045e+01,1.625000000000000000e+03,1.800000000000000000e+03,-3.148180163366971485e+00,8.515732089345348088e-01,3.498861340102205064e-01
1.502899999999999991e+01,1.625000000000000000e+03,1.800000000000000000e+03,-3.154448525250462598e+00,8.575625535474719063e-01,3.334565657481674550e-01
1.504599999999999937e+01,1.625000000000000000e+03,1.800000000000000000e+03,-3.154448525250462598e+00,8.575625535474719063e-01,3.334565657481674550e-01
1.506300000000000061e+01,1.625000000000000000e+03,1.800000000000000000e+03,-3.158392245909811269e+00,8.610251923259585327e-01,3.332692591115777314e-01
1.508000000000000007e+01,1.625000000000000000e+03,1.800000000000000000e+03,-3.161966612772856067e+00,8.636763204369602986e-01,3.493892009118613196e-01
1.509699999999999953e+01,1.625000000000000000e+03,1.800000000000000000e+03,-3.168078584176488466e+00,8.705026253825350890e-01,3.168629277424672153e-01
1.511400000000000077e+01,1.625000000000000000e+03,1.800000000000000000e+03,-3.168078584176488466e+00,8.705026253825350890e-01,3.168629277424672153e-01
1.513100000000000023e+01,1.625000000000000000e+03,1.800000000000000000e+03,-3.177455792623974151e+00,8.792218611734686773e-01,3.164712469784903837e-01
1.514799999999999969e+01,1.625000000000000000e+03,1.800000000000000000e+03,-3.177455792623974151e+00,8.792218611734686773e-01,3.164712469784903837e-01
1.516499999999999915e+01,1.625000000000000000e+03,1.800000000000000000e+03,-3.180857517002516843e+00,8.826973111651436055e-01,3.207268219899400696e-01
1.518200000000000038e+01,1.625000000000000000e+03,1.800000000000000000e+03,-3.183877664039503230e+00,8.853475114004615287e-01,2.999086226142123612e-01
1.519899999999999984e+01,1.625000000000000000e+03,1.800000000000000000e+03,-3.186680365463871567e+00,8.887900111590202323e-01,3.039740159996816571e-01
1.521599999999999930e+01,1.625000000000000000e+03,1.800000000000000000e+03,-3.190504165568823769e+00,8.931310807284386089e-01,3.161002146568084314e-01
1.523300000000000054e+01,1.625000000000000000e+03,1.800000000000000000e+03,-3.190504165568823769e+00,8.931310807284386089e-01,3.161002146568084314e-01
1.525000000000000000e+01,1.625000000000000000e+03,1.800000000000000000e+03,-3.194168993793875977e+00,8.958544270683040933e-01,3.037499192639927514e-01
1.526699999999999946e+01,1.625000000000000000e+03,1.800000000000000000e+03,-3.194168993793875977e+00,8.958544270683040933e-01,3.037499192639927514e-01
1.528500000000000014e+01,1.625000000000000000e+03,1.800000000000000000e+03,-3.196998545159352112e+00,8.993251348620813213e-01,2.994395983800020589e-01
1.530300000000000082e+01,1.625000000000000000e+03,1.800000000000000000e+03,-3.202503939627668217e+00,9.046517089717241999e-01,2.827922464418780590e-01
1.532000000000000028e+01,1.625000000000000000e+03,1.800000000000000000e+03,-3.205355634628815231e+00,9.081460739717325259e-01,2.866750866867041614e-01
1.533699999999999974e+01,1.625000000000000000e+03,1.800000000000000000e+03,-3.209466690633256736e+00,9.117545014180034046e-01,2.824932208451953475e-01
1.535399999999999920e+01,1.625000000000000000e+03,1.800000000000000000e+03,-3.211931849458332877e+00,9.144151977752826843e-01,2.661511615041545764e-01
1.537100000000000044e+01,1.625000000000000000e+03,1.800000000000000000e+03,-3.217693488596749418e+00,9.214662464911956841e-01,2.658011849738597387e-01
1.538799999999999990e+01,1.625000000000000000e+03,1.800000000000000000e+03,-3.217693488596749418e+00,9.214662464911956841e-01,2.658011849738597387e-01
1.540499999999999936e+01,1.625000000000000000e+03,1.800000000000000000e+03,-3.217693488596749418e+00,9.214662464911956841e-01,2.658011849738597387e-01
1.542399999999999949e+01,1.625000000000000000e+03,1.800000000000000000e+03,-3.221216868248061083e+00,9.250596644251475320e-01,2.694970926603708072e-01
1.544100000000000072e+01,1.625000000000000000e+03,1.800000000000000000e+03,-3.224339994143825550e+00,9.278019861064191742e-01,2.654397873478613334e-01
1.545800000000000018e+01,1.625000000000000000e+03,1.800000000000000000e+03,-3.227883164226533985e+00,9.314136151303510358e-01,2.691392015997235432e-01
1.547499999999999964e+01,1.625000000000000000e+03,1.800000000000000000e+03,-3.227883164226533985e+00,9.314136151303510358e-01,2.691392015997235432e-01
1.549200000000000088e+01,1.625000000000000000e+03,1.800000000000000000e+03,-3.244467929706400966e+00,9.520281874335777550e-01,2.389666082931006796e-01
1.550900000000000034e+01,1.625000000000000000e+03,1.800000000000000000e+03,-3.247654070185784114e+00,9.548296779041486326e-01,2.187285566501593059e-01
1.552599999999999980e+01,1.625000000000000000e+03,1.800000000000000000e+03,-3.250848137103485413e+00,9.576376410423591556e-01,2.219213427200669442e-01
1.554400000000000048e+01,1.625000000000000000e+03,1.800000000000000000e+03,-3.253189676989943102e+00,9.612188162772644651e-01,2.218336314242523588e-01
1.556099999999999994e+01,1.625000000000000000e+03,1.800000000000000000e+03,-3.253189676989943102e+00,9.612188162772644651e-01,2.218336314242523588e-01
1.557799999999999940e+01,1.625000000000000000e+03,1.800000000000000000e+03,-3.256398912570386717e+00,9.640409818011036469e-01,2.018388642443999792e-01
1.559500000000000064e+01,1.625000000000000000e+03,1.800000000000000000e+03,-3.258754057819726047e+00,9.676391054340830467e-01,2.048334054371365731e-01
1.561299999999999955e+01,1.625000000000000000e+03,1.800000000000000000e+03,-3.261978601652461229e+00,9.704756009129674732e-01,2.047215966094003969e-01
1.563000000000000078e+01,1.625000000000000000e+03,1.800000000000000000e+03,-3.261978601652461229e+00,9.704756009129674732e-01,2.047215966094003969e-01
1.564700000000000024e+01,1.625000000000000000e+03,1.800000000000000000e+03,-3.268453440274571076e+00,9.787270634360930588e-01,2.041552124119236922e-01
1.566399999999999970e+01,1.625000000000000000e+03,1.800000000000000000e+03,-3.270404414111380831e+00,9.814688541304231739e-01,1.876419316368312384e-01
1.568099999999999916e+01,1.625000000000000000e+03,1.800000000000000000e+03,-3.270404414111380831e+00,9.814688541304231739e-01,1.876419316368312384e-01
1.569800000000000040e+01,1.625000000000000000e+03,1.800000000000000000e+03,-3.276497080363755643e+00,9.888877632692046893e-01,1.903734740453077168e-01
1.571499999999999986e+01,1.625000000000000000e+03,1.800000000000000000e+03,-3.276497080363755643e+00,9.888877632692046893e-01,1.903734740453077168e-01
1.573300000000000054e+01,1.625000000000000000e+03,1.800000000000000000e+03,-3.279332560042455214e+00,9.908705753374874581e-01,1.706059467341228542e-01
1.575000000000000000e+01,1.625000000000000000e+03,1.800000000000000000e+03,-3.279332560042455214e+00,9.908705753374874581e-01,1.706059467341228542e-01
1.576699999999999946e+01,1.625000000000000000e+03,1.800000000000000000e+03,-3.279332560042455214e+00,9.908705753374874581e-01,1.706059467341228542e-01
1.578400000000000070e+01,1.625000000000000000e+03,1.800000000000000000e+03,-3.282840131452083199e+00,9.955051440420857878e-01,1.897538052403958397e-01
1.580100000000000016e+01,1.625000000000000000e+03,1.800000000000000000e+03,-3.282840131452083199e+00,9.955051440420857878e-01,1.897538052403958397e-01
1.581900000000000084e+01,1.625000000000000000e+03,1.800000000000000000e+03,-3.287246341807163574e+00,1.001970389472644829e+00,1.729511132405844032e-01
1.583500000000000085e+01,1.625000000000000000e+03,1.800000000000000000e+03,-3.290996592077661376e+00,1.005794270969215365e+00,1.696113724854042271e-01
1.585299999999999976e+01,1.625000000000000000e+03,1.800000000000000000e+03,-3.293652266683933405e+00,1.008653971836939611e+00,1.722781689666294247e-01
1.586999999999999922e+01,1.625000000000000000e+03,1.800000000000000000e+03,-3.296762249327791494e+00,1.012434506451424632e+00,1.721126680314106205e-01
1.588700000000000045e+01,1.625000000000000000e+03,1.800000000000000000e+03,-3.302558846077391141e+00,1.019108089233976333e+00,1.549999310756567106e-01
1.590499999999999936e+01,1.625000000000000000e+03,1.800000000000000000e+03,-3.305030716468095431e+00,1.022853776726904140e+00,1.548102207863719104e-01
1.592200000000000060e+01,1.625000000000000000e+03,1.800000000000000000e+03,-3.305030716468095431e+00,1.022853776726904140e+00,1.548102207863719104e-01
1.593900000000000006e+01,1.625000000000000000e+03,1.800000000000000000e+03,-3.307055530624036788e+00,1.025685750887399106e+00,1.383493938148033231e-01
1.595599999999999952e+01,1.625000000000000000e+03,1.800000000000000000e+03,-3.310873395622063953e+00,1.029579346295828035e+00,1.571479494463352000e-01
1.597300000000000075e+01,1.625000000000000000e+03,1.800000000000000000e+03,-3.327500180067438418e+00,1.051638444922827542e+00,1.390344548937782754e-01
1.599000000000000021e+01,1.625000000000000000e+03,1.800000000000000000e+03,-3.328897161362934121e+00,1.054461921491311127e+00,1.224210194561260595e-01
1.600700000000000145e+01,1.625000000000000000e+03,1.800000000000000000e+03,-3.328897161362934121e+00,1.054461921491311127e+00,1.224210194561260595e-01
1.602400000000000091e+01,1.625000000000000000e+03,1.800000000000000000e+03,-3.332793518195059868e+00,1.058440330677660857e+00,1.245988764822134470e-01
1.604200000000000159e+01,1.625000000000000000e+03,1.800000000000000000e+03,-3.334668706990493892e+00,1.062224023270851081e+00,1.243605559154641049e-01
1.605900000000000105e+01,1.625000000000000000e+03,1.800000000000000000e+03,-3.337227855734898885e+00,1.066086666335360533e+00,1.241207990958667629e-01
1.607700000000000173e+01,1.625000000000000000e+03,1.800000000000000000e+03,-3.337227855734898885e+00,1.066086666335360533e+00,1.241207990958667629e-01
1.609400000000000119e+01,1.625000000000000000e+03,1.800000000000000000e+03,-3.340002079583755723e+00,1.069077669149383514e+00,1.048460684104981638e-01
1.611100000000000065e+01,1.625000000000000000e+03,1.800000000000000000e+03,-3.342101870832633992e+00,1.072005366987927921e+00,1.045818998154048746e-01
1.612800000000000011e+01,1.625000000000000000e+03,1.800000000000000000e+03,-3.346046455774055239e+00,1.076036097201745978e+00,1.065533453543187764e-01
1.614499999999999957e+01,1.625000000000000000e+03,1.800000000000000000e+03,-3.351232928354369811e+00,1.083848895744350838e+00,1.060210586835100971e-01
1.616199999999999903e+01,1.625000000000000000e+03,1.800000000000000000e+03,-3.351232928354369811e+00,1.083848895744350838e+00,1.060210586835100971e-01
1.617899999999999849e+01,1.625000000000000000e+03,1.800000000000000000e+03,-3.352671053063884354e+00,1.086735836091445861e+00,8.945153716471881955e-02
1.619600000000000151e+01,1.625000000000000000e+03,1.800000000000000000e+03,-3.352671053063884354e+00,1.086735836091445861e+00,8.945153716471881955e-02
1.621300000000000097e+01,1.625000000000000000e+03,1.800000000000000000e+03,-3.354799059286219798e+00,1.089700479267491584e+00,8.916432109603318612e-02
1.623000000000000043e+01,1.625000000000000000e+03,1.800000000000000000e+03,-3.354799059286219798e+00,1.089700479267491584e+00,8.916432109603318612e-02
1.624699999999999989e+01,1.625000000000000000e+03,1.800000000000000000e+03,-3.360037333184759500e+00,1.097588002588024469e+00,7.246033411256813661e-02
1.626399999999999935e+01,1.625000000000000000e+03,1.800000000000000000e+03,-3.360037333184759500e+00,1.097588002588024469e+00,7.246033411256813661e-02
1.628099999999999881e+01,1.625000000000000000e+03,1.800000000000000000e+03,-3.365998564637025403e+00,1.105593066384538137e+00,7.376699112315006357e-02
1.629799999999999827e+01,1.625000000000000000e+03,1.800000000000000000e+03,-3.367463472762720400e+00,1.108523053400017666e+00,7.345648839497764815e-02
1.631500000000000128e+01,1.625000000000000000e+03,1.800000000000000000e+03,-3.367463472762720400e+00,1.108523053400017666e+00,7.345648839497764815e-02
1.633200000000000074e+01,1.625000000000000000e+03,1.800000000000000000e+03,-3.372775865480060808e+00,1.116514793022703511e+00,7.283049167295174708e-02
1.634900000000000020e+01,1.625000000000000000e+03,1.800000000000000000e+03,-3.372775865480060808e+00,1.116514793022703511e+00,7.283049167295174708e-02
1.636700000000000088e+01,1.625000000000000000e+03,1.800000000000000000e+03,-3.374950294981817311e+00,1.119542062101578583e+00,5.634298414640302732e-02
1.638400000000000034e+01,1.625000000000000000e+03,1.800000000000000000e+03,-3.374950294981817311e+00,1.119542062101578583e+00,5.634298414640302732e-02
1.640099999999999980e+01,1.625000000000000000e+03,1.800000000000000000e+03,-3.380306681502374566e+00,1.127595304805240062e+00,5.746419817231597504e-02
1.641900000000000048e+01,1.625000000000000000e+03,1.800000000000000000e+03,-3.380306681502374566e+00,1.127595304805240062e+00,5.746419817231597504e-02
1.643599999999999994e+01,1.625000000000000000e+03,1.800000000000000000e+03,-3.380306681502374566e+00,1.127595304805240062e+00,5.746419817231597504e-02
1.645299999999999940e+01,1.625000000000000000e+03,1.800000000000000000e+03,-3.384493432587398765e+00,1.134620711240827973e+00,4.061633719422490241e-02
1.647100000000000009e+01,1.625000000000000000e+03,1.800000000000000000e+03,-3.387899632779860060e+00,1.138761673050201040e+00,4.026136518039204887e-02
1.648799999999999955e+01,1.625000000000000000e+03,1.800000000000000000e+03,-3.403187406611759336e+00,1.165170392682592926e+00,2.350515976777243360e-02
1.650499999999999901e+01,1.625000000000000000e+03,1.800000000000000000e+03,-3.403187406611759336e+00,1.165170392682592926e+00,2.350515976777243360e-02
1.652199999999999847e+01,1.625000000000000000e+03,1.800000000000000000e+03,-3.405948745844680658e+00,1.169318943877204475e+00,2.312312814826722115e-02
1.653900000000000148e+01,1.625000000000000000e+03,1.800000000000000000e+03,-3.405948745844680658e+00,1.169318943877204475e+00,2.312312814826722115e-02
1.655699999999999861e+01,1.625000000000000000e+03,1.800000000000000000e+03,-3.405948745844680658e+00,1.169318943877204475e+00,2.312312814826722115e-02
1.657400000000000162e+01,1.625000000000000000e+03,1.800000000000000000e+03,-3.410781330182847348e+00,1.177568862230402136e+00,2.235339196319242189e-02
1.659100000000000108e+01,1.625000000000000000e+03,1.800000000000000000e+03,-3.412332339191187280e+00,1.180643192713138667e+00,5.933384882808204891e-03
1.660800000000000054e+01,1.625000000000000000e+03,1.800000000000000000e+03,-3.414924734672632134e+00,1.185780784357592488e+00,5.529167766318084272e-03
1.662600000000000122e+01,1.625000000000000000e+03,1.800000000000000000e+03,-3.417921902027425851e+00,1.189039636472303929e+00,5.123007963633146103e-03
1.664300000000000068e+01,1.625000000000000000e+03,1.800000000000000000e+03,-3.419289409025495274e+00,1.193086827190908306e+00,6.391706343685832001e-03
1.666100000000000136e+01,1.625000000000000000e+03,1.800000000000000000e+03,-3.419289409025495274e+00,1.193086827190908306e+00,6.391706343685832001e-03
1.667800000000000082e+01,1.625000000000000000e+03,1.800000000000000000e+03,-3.423676832202016129e+00,1.200428630956481335e+00,-1.045106393686798946e-02
1.669500000000000028e+01,1.625000000000000000e+03,1.800000000000000000e+03,-3.423676832202016129e+00,1.200428630956481335e+00,-1.045106393686798946e-02
1.671199999999999974e+01,1.625000000000000000e+03,1.800000000000000000e+03,-3.423676832202016129e+00,1.200428630956481335e+00,-1.045106393686798946e-02
1.673000000000000043e+01,1.625000000000000000e+03,1.800000000000000000e+03,-3.425780827239226944e+00,1.204591018392259016e+00,-1.087668990189365539e-02
1.674800000000000111e+01,1.625000000000000000e+03,1.800000000000000000e+03,-3.428615590937292623e+00,1.208851075510910977e+00,-1.012961773646941892e-02
1.676500000000000057e+01,1.625000000000000000e+03,1.800000000000000000e+03,-3.429673516357535590e+00,1.210942370339938901e+00,-2.619047492540209354e-02
1.678200000000000003e+01,1.625000000000000000e+03,1.800000000000000000e+03,-3.431793956295345005e+00,1.215133456773749732e+00,-2.663334268393218254e-02
1.679899999999999949e+01,1.625000000000000000e+03,1.800000000000000000e+03,-3.437511955198806035e+00,1.223726339606400426e+00,-2.650347740875583571e-02
1.681599999999999895e+01,1.625000000000000000e+03,1.800000000000000000e+03,-3.437511955198806035e+00,1.223726339606400426e+00,-2.650347740875583571e-02
1.683299999999999841e+01,1.625000000000000000e+03,1.800000000000000000e+03,-3.439653389398041661e+00,1.227952706358581114e+00,-2.695227101323912147e-02
1.685000000000000142e+01,1.625000000000000000e+03,1.800000000000000000e+03,-3.439653389398041661e+00,1.227952706358581114e+00,-2.695227101323912147e-02
1.686899999999999977e+01,1.625000000000000000e+03,1.800000000000000000e+03,-3.441263557591951461e+00,1.231130044767641873e+00,-4.333545421777471041e-02
1.688599999999999923e+01,1.625000000000000000e+03,1.800000000000000000e+03,-3.443610024571543526e+00,1.234403537781436633e+00,-4.260731849860754233e-02
1.690299999999999869e+01,1.625000000000000000e+03,1.800000000000000000e+03,-3.445768364523448923e+00,1.238659341388798740e+00,-4.307328406850927799e-02
1.692000000000000171e+01,1.625000000000000000e+03,1.800000000000000000e+03,-3.447933021603493131e+00,1.242926806829125486e+00,-4.354135465988640680e-02
1.693700000000000117e+01,1.625000000000000000e+03,1.800000000000000000e+03,-3.448281806213031597e+00,1.244973983233147230e+00,-4.440705460758235384e-02
1.695400000000000063e+01,1.625000000000000000e+03,1.800000000000000000e+03,-3.455751792503336084e+00,1.256969709098616494e+00,-4.582417113711362983e-02
1.697100000000000009e+01,1.625000000000000000e+03,1.800000000000000000e+03,-3.455751792503336084e+00,1.256969709098616494e+00,-4.582417113711362983e-02
1.698799999999999955e+01,1.625000000000000000e+03,1.800000000000000000e+03,-3.466227088330710693e+00,1.277587738935907158e+00,-6.195603013222374111e-02
1.700499999999999901e+01,1.625000000000000000e+03,1.800000000000000000e+03,-3.466227088330710693e+00,1.277587738935907158e+00,-6.195603013222374111e-02
1.702199999999999847e+01,1.625000000000000000e+03,1.800000000000000000e+03,-3.469565843278543227e+00,1.284155362675333478e+00,-7.882889728779014782e-02
1.703900000000000148e+01,1.625000000000000000e+03,1.800000000000000000e+03,-3.471610166212886206e+00,1.289552838792049183e+00,-7.847798690109961117e-02
1.705600000000000094e+01,1.625000000000000000e+03,1.800000000000000000e+03,-3.473851331896805839e+00,1.293961340332791643e+00,-7.899070628221274704e-02
1.707300000000000040e+01,1.625000000000000000e+03,1.800000000000000000e+03,-3.476288314914858013e+00,1.297373363375195598e+00,-6.289134545776857432e-02
1.708999999999999986e+01,1.625000000000000000e+03,1.800000000000000000e+03,-3.476288314914858013e+00,1.297373363375195598e+00,-6.289134545776857432e-02
1.710800000000000054e+01,1.625000000000000000e+03,1.800000000000000000e+03,-3.477978378938928472e+00,1.300695242355033532e+00,-7.950566231092409675e-02
1.712500000000000000e+01,1.625000000000000000e+03,1.800000000000000000e+03,-3.480993339694980815e+00,1.309389726935303422e+00,-8.021827108977583332e-02
1.714199999999999946e+01,1.625000000000000000e+03,1.800000000000000000e+03,-3.480993339694980815e+00,1.309389726935303422e+00,-8.021827108977583332e-02
1.715899999999999892e+01,1.625000000000000000e+03,1.800000000000000000e+03,-3.480993339694980815e+00,1.309389726935303422e+00,-8.021827108977583332e-02
1.717599999999999838e+01,1.625000000000000000e+03,1.800000000000000000e+03,-3.483263619363518693e+00,1.313853697504220985e+00,-8.073823813634620206e-02
1.719300000000000139e+01,1.625000000000000000e+03,1.800000000000000000e+03,-3.487440414788007814e+00,1.320673797067139610e+00,-9.763743255089650519e-02
1.721000000000000085e+01,1.625000000000000000e+03,1.800000000000000000e+03,-3.487440414788007814e+00,1.320673797067139610e+00,-9.763743255089650519e-02
1.722700000000000031e+01,1.625000000000000000e+03,1.800000000000000000e+03,-3.487440414788007814e+00,1.320673797067139610e+00,-9.763743255089650519e-02
1.724399999999999977e+01,1.625000000000000000e+03,1.800000000000000000e+03,-3.491263791458489862e+00,1.329577278593684575e+00,-9.802009418321380729e-02
1.726099999999999923e+01,1.625000000000000000e+03,1.800000000000000000e+03,-3.491263791458489862e+00,1.329577278593684575e+00,-9.802009418321380729e-02
1.727899999999999991e+01,1.625000000000000000e+03,1.800000000000000000e+03,-3.491263791458489862e+00,1.329577278593684575e+00,-9.802009418321380729e-02
1.729599999999999937e+01,1.625000000000000000e+03,1.800000000000000000e+03,-3.493175535438862056e+00,1.331938215175613394e+00,-1.143019363063659394e-01
1.731299999999999883e+01,1.625000000000000000e+03,1.800000000000000000e+03,-3.495501787289467366e+00,1.340698320728669568e+00,-1.151090233520153661e-01
1.732999999999999829e+01,1.625000000000000000e+03,1.800000000000000000e+03,-3.495501787289467366e+00,1.340698320728669568e+00,-1.151090233520153661e-01
1.734799999999999898e+01,1.625000000000000000e+03,1.800000000000000000e+03,-3.497052663250045157e+00,1.345147083256203580e+00,-1.151488713054818896e-01
1.736499999999999844e+01,1.625000000000000000e+03,1.800000000000000000e+03,-3.498793415720489186e+00,1.348569376057160429e+00,-1.313512891568942853e-01
1.738400000000000034e+01,1.625000000000000000e+03,1.800000000000000000e+03,-3.501120635092945133e+00,1.353143866086162994e+00,-1.319198827637233229e-01
1.740099999999999980e+01,1.625000000000000000e+03,1.800000000000000000e+03,-3.504440505554855534e+00,1.361075272265893421e+00,-1.327744047009785655e-01
1.741799999999999926e+01,1.625000000000000000e+03,1.800000000000000000e+03,-3.505244050169920023e+00,1.365473261081998402e+00,-1.330122298748532550e-01
1.743599999999999994e+01,1.625000000000000000e+03,1.800000000000000000e+03,-3.507005815382826075e+00,1.368938628607871522e+00,-1.491330348920413829e-01
1.745499999999999829e+01,1.625000000000000000e+03,1.800000000000000000e+03,-3.508588089912890950e+00,1.373463761253240101e+00,-1.497190727250945486e-01
1.747100000000000009e+01,1.625000000000000000e+03,1.800000000000000000e+03,-3.508588089912890950e+00,1.373463761253240101e+00,-1.497190727250945486e-01
1.748799999999999955e+01,1.625000000000000000e+03,1.800000000000000000e+03,-3.516985292616334746e+00,1.398516874568186186e+00,-1.519667315860189494e-01
1.750600000000000023e+01,1.625000000000000000e+03,1.800000000000000000e+03,-3.518961110316140672e+00,1.400983394613236399e+00,-1.680283145030127823e-01
1.752299999999999969e+01,1.625000000000000000e+03,1.800000000000000000e+03,-3.519796487742975266e+00,1.405484867810950611e+00,-1.683711473764697431e-01
1.753999999999999915e+01,1.625000000000000000e+03,1.800000000000000000e+03,-3.521597989683253882e+00,1.409035466081720589e+00,-1.689782082249554340e-01
1.755799999999999983e+01,1.625000000000000000e+03,1.800000000000000000e+03,-3.523042110575787866e+00,1.414746331442589433e+00,-1.696181049316249356e-01
1.757499999999999929e+01,1.625000000000000000e+03,1.800000000000000000e+03,-3.523042110575787866e+00,1.414746331442589433e+00,-1.696181049316249356e-01
1.759299999999999997e+01,1.625000000000000000e+03,1.800000000000000000e+03,-3.523283768947660377e+00,1.418092021436792916e+00,-1.857763019729604670e-01
1.760999999999999943e+01,1.625000000000000000e+03,1.800000000000000000e+03,-3.524491743579268643e+00,1.420476039794410283e+00,-1.699327926046518555e-01
1.762699999999999889e+01,1.625000000000000000e+03,1.800000000000000000e+03,-3.524491743579268643e+00,1.420476039794410283e+00,-1.699327926046518555e-01
1.764399999999999835e+01,1.625000000000000000e+03,1.800000000000000000e+03,-3.526307263827146432e+00,1.424058638409928967e+00,-1.705753529466688678e-01
1.766100000000000136e+01,1.625000000000000000e+03,1.800000000000000000e+03,-3.528127068525748200e+00,1.427649147770499116e+00,-1.865513335668071149e-01
1.767899999999999849e+01,1.625000000000000000e+03,1.800000000000000000e+03,-3.529771650853336773e+00,1.432334597555067202e+00,-1.873919258199992222e-01
1.769600000000000151e+01,1.625000000000000000e+03,1.800000000000000000e+03,-3.530631720820291086e+00,1.436918229024456206e+00,-1.875491747731261039e-01
1.771300000000000097e+01,1.625000000000000000e+03,1.800000000000000000e+03,-3.532539128400594919e+00,1.445026047649504264e+00,-2.046380386456297384e-01
1.773000000000000043e+01,1.625000000000000000e+03,1.800000000000000000e+03,-3.532539128400594919e+00,1.445026047649504264e+00,-2.046380386456297384e-01
1.774699999999999989e+01,1.625000000000000000e+03,1.800000000000000000e+03,-3.532539128400594919e+00,1.445026047649504264e+00,-2.046380386456297384e-01
1.776500000000000057e+01,1.625000000000000000e+03,1.800000000000000000e+03,-3.534992229824276855e+00,1.449875182138215202e+00,-2.052744451281730276e-01
1.778099999999999881e+01,1.625000000000000000e+03,1.800000000000000000e+03,-3.535428399182141579e+00,1.452188560599104061e+00,-1.893988170598250587e-01
1.779899999999999949e+01,1.625000000000000000e+03,1.800000000000000000e+03,-3.538153219152375240e+00,1.460485433933488952e+00,-2.063183000987947324e-01
1.781599999999999895e+01,1.625000000000000000e+03,1.800000000000000000e+03,-3.538153219152375240e+00,1.460485433933488952e+00,-2.063183000987947324e-01
1.783299999999999841e+01,1.625000000000000000e+03,1.800000000000000000e+03,-3.539830568293610646e+00,1.465261376241397961e+00,-2.073779413612046596e-01
1.785000000000000142e+01,1.625000000000000000e+03,1.800000000000000000e+03,-3.540715376102444800e+00,1.469931921407763298e+00,-2.073672867702731071e-01
1.786700000000000088e+01,1.625000000000000000e+03,1.800000000000000000e+03,-3.541158862295426868e+00,1.472271790980655304e+00,-2.236845812380078014e-01
1.788400000000000034e+01,1.625000000000000000e+03,1.800000000000000000e+03,-3.543023914527273277e+00,1.475966446145273725e+00,-2.084305519786776584e-01
1.790099999999999980e+01,1.625000000000000000e+03,1.800000000000000000e+03,-3.543023914527273277e+00,1.475966446145273725e+00,-2.084305519786776584e-01
1.792000000000000171e+01,1.625000000000000000e+03,1.800000000000000000e+03,-3.545517628560479029e+00,1.480905589058742144e+00,-2.090781774671126858e-01
1.793700000000000117e+01,1.625000000000000000e+03,1.800000000000000000e+03,-3.545789969784545637e+00,1.484378470674163619e+00,-2.256021799744007406e-01
1.795400000000000063e+01,1.625000000000000000e+03,1.800000000000000000e+03,-3.547491897828209950e+00,1.489221039876073238e+00,-2.254283389928662673e-01
1.797100000000000009e+01,1.625000000000000000e+03,1.800000000000000000e+03,-3.547491897828209950e+00,1.489221039876073238e+00,-2.254283389928662673e-01
1.798900000000000077e+01,1.625000000000000000e+03,1.800000000000000000e+03,-3.549199064879008603e+00,1.494077237576786121e+00,-2.266972973074897202e-01
1.800600000000000023e+01,1.625000000000000000e+03,1.800000000000000000e+03,-3.559152993136244447e+00,1.531644227630319488e+00,-2.481577851046711525e-01
1.802299999999999969e+01,1.625000000000000000e+03,1.800000000000000000e+03,-3.559152993136244447e+00,1.531644227630319488e+00,-2.481577851046711525e-01
1.804100000000000037e+01,1.625000000000000000e+03,1.800000000000000000e+03,-3.559152993136244447e+00,1.531644227630319488e+00,-2.481577851046711525e-01
1.805799999999999983e+01,1.625000000000000000e+03,1.800000000000000000e+03,-3.561074260824091287e+00,1.535469502148362864e+00,-2.488372861732467134e-01
1.809600000000000009e+01,1.625000000000000000e+03,1.800000000000000000e+03,-3.561074260824091287e+00,1.535469502148362864e+00,-2.488372861732467134e-01
1.812399999999999878e+01,1.625000000000000000e+03,1.800000000000000000e+03,-3.561543036312585286e+00,1.537897416135924455e+00,-2.478026321093871609e-01
1.814399999999999835e+01,1.625000000000000000e+03,1.800000000000000000e+03,-3.561543036312585286e+00,1.537897416135924455e+00,-2.478026321093871609e-01
1.817099999999999937e+01,1.625000000000000000e+03,1.800000000000000000e+03,-3.561543036312585286e+00,1.537897416135924455e+00,-2.478026321093871609e-01
1.818700000000000117e+01,1.625000000000000000e+03,1.800000000000000000e+03,-3.562482908573191942e+00,1.542763034629473395e+00,-2.493119378975618694e-01
1.821399999999999864e+01,1.625000000000000000e+03,1.800000000000000000e+03,-3.567913861115182605e+00,1.562617071670064028e+00,-2.516374887800124638e-01
1.823100000000000165e+01,1.625000000000000000e+03,1.800000000000000000e+03,-3.567913861115182605e+00,1.562617071670064028e+00,-2.516374887800124638e-01
1.824899999999999878e+01,1.625000000000000000e+03,1.800000000000000000e+03,-3.568221245225708493e+00,1.566250188054086223e+00,-2.685399419968437784e-01
1.826599999999999824e+01,1.625000000000000000e+03,1.800000000000000000e+03,-3.568358741652202681e+00,1.571061780025949872e+00,-2.690458934253794898e-01
1.828300000000000125e+01,1.625000000000000000e+03,1.800000000000000000e+03,-3.569491044439802252e+00,1.574842793530418561e+00,-2.859263691420573239e-01
1.830000000000000071e+01,1.625000000000000000e+03,1.800000000000000000e+03,-3.569631823853383512e+00,1.579676699255977201e+00,-2.852333099606194633e-01
1.831700000000000017e+01,1.625000000000000000e+03,1.800000000000000000e+03,-3.571593536270622149e+00,1.583608118942806620e+00,-2.871615339890499774e-01
1.833399999999999963e+01,1.625000000000000000e+03,1.800000000000000000e+03,-3.572224463017214191e+00,1.590964726031796506e+00,-2.876962761887684183e-01
1.835099999999999909e+01,1.625000000000000000e+03,1.800000000000000000e+03,-3.572224463017214191e+00,1.590964726031796506e+00,-2.876962761887684183e-01
1.836799999999999855e+01,1.625000000000000000e+03,1.800000000000000000e+03,-3.575326792645112661e+00,1.604842064101100974e+00,-2.909103871259065555e-01
1.838500000000000156e+01,1.625000000000000000e+03,1.800000000000000000e+03,-3.575326792645112661e+00,1.604842064101100974e+00,-2.909103871259065555e-01
1.840200000000000102e+01,1.625000000000000000e+03,1.800000000000000000e+03,-3.576635318402139774e+00,1.613617137137461466e+00,-3.085823561433986839e-01
1.841900000000000048e+01,1.625000000000000000e+03,1.800000000000000000e+03,-3.576635318402139774e+00,1.613617137137461466e+00,-3.085823561433986839e-01
1.843700000000000117e+01,1.625000000000000000e+03,1.800000000000000000e+03,-3.575466517275816436e+00,1.615879260976514242e+00,-3.069709703338087126e-01
1.845400000000000063e+01,1.625000000000000000e+03,1.800000000000000000e+03,-3.580777924697730263e+00,1.638978985095596919e+00,-3.264773245735885787e-01
1.846999999999999886e+01,1.625000000000000000e+03,1.800000000000000000e+03,-3.580777924697730263e+00,1.638978985095596919e+00,-3.264773245735885787e-01
1.848699999999999832e+01,1.625000000000000000e+03,1.800000000000000000e+03,-3.580945127510928749e+00,1.643981683587862452e+00,-3.270714966106198496e-01
1.850400000000000134e+01,1.625000000000000000e+03,1.800000000000000000e+03,-3.580945127510928749e+00,1.643981683587862452e+00,-3.270714966106198496e-01
1.852100000000000080e+01,1.625000000000000000e+03,1.800000000000000000e+03,-3.581952134181433323e+00,1.649137410362117695e+00,-3.294631839026465059e-01
1.853800000000000026e+01,1.625000000000000000e+03,1.800000000000000000e+03,-3.581952134181433323e+00,1.649137410362117695e+00,-3.294631839026465059e-01
1.855499999999999972e+01,1.625000000000000000e+03,1.800000000000000000e+03,-3.583302303000472033e+00,1.658124084886173133e+00,-3.471527402204263590e-01
1.857199999999999918e+01,1.625000000000000000e+03,1.800000000000000000e+03,-3.582968890335198608e+00,1.660578655262152203e+00,-3.306621187919092653e-01
1.858899999999999864e+01,1.625000000000000000e+03,1.800000000000000000e+03,-3.582968890335198608e+00,1.660578655262152203e+00,-3.306621187919092653e-01
1.860600000000000165e+01,1.625000000000000000e+03,1.800000000000000000e+03,-3.582968890335198608e+00,1.660578655262152203e+00,-3.306621187919092653e-01
1.862300000000000111e+01,1.625000000000000000e+03,1.800000000000000000e+03,-3.583985228487588159e+00,1.665780392445805003e+00,-3.331053006447829978e-01
1.864000000000000057e+01,1.625000000000000000e+03,1.800000000000000000e+03,-3.583985228487588159e+00,1.665780392445805003e+00,-3.331053006447829978e-01
1.865700000000000003e+01,1.625000000000000000e+03,1.800000000000000000e+03,-3.586194083293150925e+00,1.674989974806681658e+00,-3.491366889951139640e-01
1.867399999999999949e+01,1.625000000000000000e+03,1.800000000000000000e+03,-3.586194083293150925e+00,1.674989974806681658e+00,-3.491366889951139640e-01
1.869099999999999895e+01,1.625000000000000000e+03,1.800000000000000000e+03,-3.586194083293150925e+00,1.674989974806681658e+00,-3.491366889951139640e-01
1.870799999999999841e+01,1.625000000000000000e+03,1.800000000000000000e+03,-3.586028210900680691e+00,1.676227663741630902e+00,-3.491366889951139640e-01
1.872500000000000142e+01,1.625000000000000000e+03,1.800000000000000000e+03,-3.586209636488278729e+00,1.681329773530878757e+00,-3.497641248520866886e-01
1.874200000000000088e+01,1.625000000000000000e+03,1.800000000000000000e+03,-3.587238611928279752e+00,1.686589578180940574e+00,-3.524156444890116924e-01
1.875900000000000034e+01,1.625000000000000000e+03,1.800000000000000000e+03,-3.586907677830168062e+00,1.689080648630473913e+00,-3.674742333522836857e-01
1.877599999999999980e+01,1.625000000000000000e+03,1.800000000000000000e+03,-3.587258422076302633e+00,1.692967944848271955e+00,-3.703239133361213020e-01
1.879299999999999926e+01,1.625000000000000000e+03,1.800000000000000000e+03,-3.587610319218848431e+00,1.696863181205091831e+00,-3.536818875075684043e-01
1.880999999999999872e+01,1.625000000000000000e+03,1.800000000000000000e+03,-3.587963372169088672e+00,1.700766383612061894e+00,-3.709806743739697543e-01
1.882700000000000173e+01,1.625000000000000000e+03,1.800000000000000000e+03,-3.589002524709786979e+00,1.706080560024783921e+00,-3.716386141361569528e-01
1.884400000000000119e+01,1.625000000000000000e+03,1.800000000000000000e+03,-3.589194145003194336e+00,1.711262984980098878e+00,-3.745502441326697962e-01
1.886100000000000065e+01,1.625000000000000000e+03,1.800000000000000000e+03,-3.589029495300034789e+00,1.712524047951723638e+00,-3.722977428569880232e-01
1.887800000000000011e+01,1.625000000000000000e+03,1.800000000000000000e+03,-3.588535505784447466e+00,1.716312128657612845e+00,-3.729580707695915320e-01
1.889499999999999957e+01,1.625000000000000000e+03,1.800000000000000000e+03,-3.588729082180280194e+00,1.721522010952019510e+00,-3.758781173115943175e-01
1.891300000000000026e+01,1.625000000000000000e+03,1.800000000000000000e+03,-3.588729082180280194e+00,1.721522010952019510e+00,-3.758781173115943175e-01
1.892999999999999972e+01,1.625000000000000000e+03,1.800000000000000000e+03,-3.589613373469894064e+00,1.728165506085799663e+00,-3.765438765229971452e-01
1.894900000000000162e+01,1.625000000000000000e+03,1.800000000000000000e+03,-3.589613373469894064e+00,1.728165506085799663e+00,-3.765438765229971452e-01
1.896600000000000108e+01,1.625000000000000000e+03,1.800000000000000000e+03,-3.589613373469894064e+00,1.728165506085799663e+00,-3.765438765229971452e-01
1.898400000000000176e+01,1.625000000000000000e+03,1.800000000000000000e+03,-3.593609015198445000e+00,1.765618322302475729e+00,-4.007214824332706038e-01
1.900100000000000122e+01,1.625000000000000000e+03,1.800000000000000000e+03,-3.593609015198445000e+00,1.765618322302475729e+00,-4.007214824332706038e-01
1.901800000000000068e+01,1.625000000000000000e+03,1.800000000000000000e+03,-3.592258762091400826e+00,1.769357651305232704e+00,-4.014217660536187893e-01
1.903500000000000014e+01,1.625000000000000000e+03,1.800000000000000000e+03,-3.592258762091400826e+00,1.769357651305232704e+00,-4.014217660536187893e-01
1.905199999999999960e+01,1.625000000000000000e+03,1.800000000000000000e+03,-3.592631699995342487e+00,1.773410575214333207e+00,-4.190379450962273822e-01
1.907000000000000028e+01,1.625000000000000000e+03,1.800000000000000000e+03,-3.592631699995342487e+00,1.773410575214333207e+00,-4.190379450962273822e-01
1.908699999999999974e+01,1.625000000000000000e+03,1.800000000000000000e+03,-3.593005848595391960e+00,1.777471985367729435e+00,-4.197608697386203125e-01
1.910399999999999920e+01,1.625000000000000000e+03,1.800000000000000000e+03,-3.594245230807757707e+00,1.781696227509516284e+00,-4.053897629268534142e-01
1.912099999999999866e+01,1.625000000000000000e+03,1.800000000000000000e+03,-3.594245230807757707e+00,1.781696227509516284e+00,-4.053897629268534142e-01
1.913800000000000168e+01,1.625000000000000000e+03,1.800000000000000000e+03,-3.593757791314017069e+00,1.785620377883751608e+00,-4.204851034468253812e-01
1.915500000000000114e+01,1.625000000000000000e+03,1.800000000000000000e+03,-3.594352398141152705e+00,1.795118265474725749e+00,-4.246810712107737529e-01
1.917200000000000060e+01,1.625000000000000000e+03,1.800000000000000000e+03,-3.594628539901293163e+00,1.807308218757968543e+00,-4.402226078269848020e-01
1.918900000000000006e+01,1.625000000000000000e+03,1.800000000000000000e+03,-3.594628539901293163e+00,1.807308218757968543e+00,-4.402226078269848020e-01
1.920599999999999952e+01,1.625000000000000000e+03,1.800000000000000000e+03,-3.594628539901293163e+00,1.807308218757968543e+00,-4.402226078269848020e-01
1.922200000000000131e+01,1.625000000000000000e+03,1.800000000000000000e+03,-3.594304564507039057e+00,1.809957476296987000e+00,-4.438906007845579427e-01
1.923900000000000077e+01,1.625000000000000000e+03,1.800000000000000000e+03,-3.595558035996658575e+00,1.814253382809436488e+00,-4.268796241989818441e-01
1.925600000000000023e+01,1.625000000000000000e+03,1.800000000000000000e+03,-3.595072937838664551e+00,1.818242528684482995e+00,-4.446451040752064099e-01
1.927299999999999969e+01,1.625000000000000000e+03,1.800000000000000000e+03,-3.594425970991826258e+00,1.823573818745374719e+00,-4.454009691705279050e-01
1.928999999999999915e+01,1.625000000000000000e+03,1.800000000000000000e+03,-3.594425970991826258e+00,1.823573818745374719e+00,-4.454009691705279050e-01
1.930799999999999983e+01,1.625000000000000000e+03,1.800000000000000000e+03,-3.594974206061673172e+00,1.826403733646634553e+00,-4.283521466575471726e-01
1.932600000000000051e+01,1.625000000000000000e+03,1.800000000000000000e+03,-3.594974206061673172e+00,1.826403733646634553e+00,-4.283521466575471726e-01
1.934299999999999997e+01,1.625000000000000000e+03,1.800000000000000000e+03,-3.594489310140278171e+00,1.830417264015064660e+00,-4.461582061603420191e-01
1.935999999999999943e+01,1.625000000000000000e+03,1.800000000000000000e+03,-3.593842599027505358e+00,1.835781187279458049e+00,-4.499030969618618148e-01
1.937699999999999889e+01,1.625000000000000000e+03,1.800000000000000000e+03,-3.593842599027505358e+00,1.835781187279458049e+00,-4.499030969618618148e-01
1.939399999999999835e+01,1.625000000000000000e+03,1.800000000000000000e+03,-3.591448389935041341e+00,1.840839226476098656e+00,-4.476649573095672352e-01
1.941100000000000136e+01,1.625000000000000000e+03,1.800000000000000000e+03,-3.592548514631070056e+00,1.846552288596791325e+00,-4.514308146483127504e-01
1.942899999999999849e+01,1.625000000000000000e+03,1.800000000000000000e+03,-3.592548514631070056e+00,1.846552288596791325e+00,-4.514308146483127504e-01
1.944600000000000151e+01,1.625000000000000000e+03,1.800000000000000000e+03,-3.593329435272626604e+00,1.854991854961687281e+00,-4.521967855366918476e-01
1.946300000000000097e+01,1.625000000000000000e+03,1.800000000000000000e+03,-3.593329435272626604e+00,1.854991854961687281e+00,-4.521967855366918476e-01
1.948100000000000165e+01,1.625000000000000000e+03,1.800000000000000000e+03,-3.592129764976102813e+00,1.857543220413030216e+00,-4.669101185501026707e-01
1.949699999999999989e+01,1.625000000000000000e+03,1.800000000000000000e+03,-3.590095480225727886e+00,1.882290026154425977e+00,-4.732536184402182933e-01
1.951399999999999935e+01,1.625000000000000000e+03,1.800000000000000000e+03,-3.591371709176385707e+00,1.886745963910351431e+00,-4.773083060790270227e-01
1.953200000000000003e+01,1.625000000000000000e+03,1.800000000000000000e+03,-3.591371709176385707e+00,1.886745963910351431e+00,-4.773083060790270227e-01
1.954899999999999949e+01,1.625000000000000000e+03,1.800000000000000000e+03,-3.588405012258153004e+00,1.889007938621750426e+00,-4.953100879772423526e-01
1.956599999999999895e+01,1.625000000000000000e+03,1.800000000000000000e+03,-3.587756264134975837e+00,1.894530383502304183e+00,-4.961247422260027240e-01
1.958399999999999963e+01,1.625000000000000000e+03,1.800000000000000000e+03,-3.588475906881580357e+00,1.896078614348843949e+00,-4.961247422260027240e-01
1.960200000000000031e+01,1.625000000000000000e+03,1.800000000000000000e+03,-3.587827549458541654e+00,1.901620407463351370e+00,-4.969408516833092593e-01
1.961899999999999977e+01,1.625000000000000000e+03,1.800000000000000000e+03,-3.588224600235104589e+00,1.905952960597322665e+00,-5.012708224344782915e-01
1.963599999999999923e+01,1.625000000000000000e+03,1.800000000000000000e+03,-3.588062598162861772e+00,1.907343747773328158e+00,-4.977584260558967078e-01
1.965299999999999869e+01,1.625000000000000000e+03,1.800000000000000000e+03,-3.586928018126837259e+00,1.917105962503181438e+00,-5.164006150817869178e-01
1.967099999999999937e+01,1.625000000000000000e+03,1.800000000000000000e+03,-3.586928018126837259e+00,1.917105962503181438e+00,-5.164006150817869178e-01
1.968799999999999883e+01,1.625000000000000000e+03,1.800000000000000000e+03,-3.585718168720063659e+00,1.919736265733568370e+00,-5.029653492996818409e-01
1.970599999999999952e+01,1.625000000000000000e+03,1.800000000000000000e+03,-3.586116980381084396e+00,1.924107719080824008e+00,-5.037905956277314301e-01
1.972400000000000020e+01,1.625000000000000000e+03,1.800000000000000000e+03,-3.585630100305394308e+00,1.928320333697441935e+00,-5.218282856290995531e-01
1.974099999999999966e+01,1.625000000000000000e+03,1.800000000000000000e+03,-3.585630100305394308e+00,1.928320333697441935e+00,-5.218282856290995531e-01
1.975799999999999912e+01,1.625000000000000000e+03,1.800000000000000000e+03,-3.585630100305394308e+00,1.928320333697441935e+00,-5.218282856290995531e-01
1.977499999999999858e+01,1.625000000000000000e+03,1.800000000000000000e+03,-3.585143022744756713e+00,1.932541653275833493e+00,-5.226715303690636638e-01
1.979299999999999926e+01,1.625000000000000000e+03,1.800000000000000000e+03,-3.585543929932207163e+00,1.936940877250676429e+00,-5.090554019607258507e-01
1.980999999999999872e+01,1.625000000000000000e+03,1.800000000000000000e+03,-3.585057054451714631e+00,1.941180076590193870e+00,-5.235162636106922562e-01
1.982799999999999940e+01,1.625000000000000000e+03,1.800000000000000000e+03,-3.583680569185364373e+00,1.945258125772154845e+00,-5.282126487823827210e-01
1.984499999999999886e+01,1.625000000000000000e+03,1.800000000000000000e+03,-3.583680569185364373e+00,1.945258125772154845e+00,-5.282126487823827210e-01
1.986199999999999832e+01,1.625000000000000000e+03,1.800000000000000000e+03,-3.584245136587171032e+00,1.948264960419191283e+00,-5.462244933948016135e-01
1.987999999999999901e+01,1.625000000000000000e+03,1.800000000000000000e+03,-3.584648414079415701e+00,1.952698390624902469e+00,-5.252102333964033809e-01
1.989600000000000080e+01,1.625000000000000000e+03,1.800000000000000000e+03,-3.583998993416609657e+00,1.958396323084422797e+00,-5.337816083118070987e-01
1.991300000000000026e+01,1.625000000000000000e+03,1.800000000000000000e+03,-3.583674138779932683e+00,1.961251224325300413e+00,-5.299159964512865084e-01
1.992999999999999972e+01,1.625000000000000000e+03,1.800000000000000000e+03,-3.583674138779932683e+00,1.961251224325300413e+00,-5.299159964512865084e-01
1.994699999999999918e+01,1.625000000000000000e+03,1.800000000000000000e+03,-3.582456825262753775e+00,1.963938327270152495e+00,-5.307699478271179494e-01
1.996399999999999864e+01,1.625000000000000000e+03,1.800000000000000000e+03,-3.580183459126985213e+00,1.967889775330654789e+00,-5.489282185095314404e-01
1.998100000000000165e+01,1.625000000000000000e+03,1.800000000000000000e+03,-3.579693738541521952e+00,1.972193328787589461e+00,-5.317025324212736326e-01
1.999899999999999878e+01,1.625000000000000000e+03,1.800000000000000000e+03,-3.576422710504319369e+00,2.001115182297660500e+00,-5.616943331379105064e-01
2.001599999999999824e+01,1.625000000000000000e+03,1.800000000000000000e+03,-3.575197535672670845e+00,2.003854610550316551e+00,-5.625785466700552462e-01
2.003300000000000125e+01,1.625000000000000000e+03,1.800000000000000000e+03,-3.575197535672670845e+00,2.003854610550316551e+00,-5.625785466700552462e-01
2.005000000000000071e+01,1.625000000000000000e+03,1.800000000000000000e+03,-3.573971657262971391e+00,2.006597727964686051e+00,-5.584341015518876628e-01
2.006700000000000017e+01,1.625000000000000000e+03,1.800000000000000000e+03,-3.573149369631122063e+00,2.013910931888575728e+00,-5.635768570899248875e-01
2.008399999999999963e+01,1.625000000000000000e+03,1.800000000000000000e+03,-3.573149369631122063e+00,2.013910931888575728e+00,-5.635768570899248875e-01
2.010099999999999909e+01,1.625000000000000000e+03,1.800000000000000000e+03,-3.573149369631122063e+00,2.013910931888575728e+00,-5.635768570899248875e-01
2.011799999999999855e+01,1.625000000000000000e+03,1.800000000000000000e+03,-3.570124512178437293e+00,2.016315640829505540e+00,-5.775472402765017277e-01
2.013500000000000156e+01,1.625000000000000000e+03,1.800000000000000000e+03,-3.569463249689039941e+00,2.022191413064036603e+00,-5.828851336808689165e-01
2.015200000000000102e+01,1.625000000000000000e+03,1.800000000000000000e+03,-3.568233083588946641e+00,2.024959038262375888e+00,-5.785757973885138350e-01
2.016900000000000048e+01,1.625000000000000000e+03,1.800000000000000000e+03,-3.567002179061534051e+00,2.027730407845057314e+00,-5.883334116212246556e-01
2.018599999999999994e+01,1.625000000000000000e+03,1.800000000000000000e+03,-3.566504170079979996e+00,2.032159818619658775e+00,-5.707320003265297093e-01
2.020299999999999940e+01,1.625000000000000000e+03,1.800000000000000000e+03,-3.565271652470872965e+00,2.034940797307003724e+00,-5.848276940636690790e-01
2.021999999999999886e+01,1.625000000000000000e+03,1.800000000000000000e+03,-3.565507236557544424e+00,2.041046925728208894e+00,-5.948062264592010040e-01
2.023699999999999832e+01,1.625000000000000000e+03,1.800000000000000000e+03,-3.565507236557544424e+00,2.041046925728208894e+00,-5.948062264592010040e-01
2.025400000000000134e+01,1.625000000000000000e+03,1.800000000000000000e+03,-3.563705037989123525e+00,2.040691557077617624e+00,-5.902910049098660794e-01
2.027100000000000080e+01,1.625000000000000000e+03,1.800000000000000000e+03,-3.563037929651460267e+00,2.046636224148987271e+00,-5.912005798487807162e-01
2.028800000000000026e+01,1.625000000000000000e+03,1.800000000000000000e+03,-3.562537224634493516e+00,2.051105827274989135e+00,-5.735405777398582261e-01
2.030600000000000094e+01,1.625000000000000000e+03,1.800000000000000000e+03,-3.562537224634493516e+00,2.051105827274989135e+00,-5.735405777398582261e-01
2.032499999999999929e+01,1.625000000000000000e+03,1.800000000000000000e+03,-3.559160421175793676e+00,2.056543461176978838e+00,-6.105291197260075409e-01
2.034299999999999997e+01,1.625000000000000000e+03,1.800000000000000000e+03,-3.559160421175793676e+00,2.056543461176978838e+00,-6.105291197260075409e-01
2.036100000000000065e+01,1.625000000000000000e+03,1.800000000000000000e+03,-3.558824780992219772e+00,2.059536167013148233e+00,-5.931676601217721334e-01
2.037800000000000011e+01,1.625000000000000000e+03,1.800000000000000000e+03,-3.558824780992219772e+00,2.059536167013148233e+00,-5.931676601217721334e-01
2.039499999999999957e+01,1.625000000000000000e+03,1.800000000000000000e+03,-3.555780014176451065e+00,2.061995945201004599e+00,-6.116206242287809403e-01
2.041199999999999903e+01,1.625000000000000000e+03,1.800000000000000000e+03,-3.556177389424214574e+00,2.066677516399021641e+00,-6.172262332713813748e-01
2.042999999999999972e+01,1.625000000000000000e+03,1.800000000000000000e+03,-3.556576063288614087e+00,2.071369743425643062e+00,-5.996830592422285333e-01
2.044699999999999918e+01,1.625000000000000000e+03,1.800000000000000000e+03,-3.552452088143520204e+00,2.075171546888442187e+00,-6.136412517019887991e-01
2.046399999999999864e+01,1.625000000000000000e+03,1.800000000000000000e+03,-3.552452088143520204e+00,2.075171546888442187e+00,-6.136412517019887991e-01
2.048199999999999932e+01,1.625000000000000000e+03,1.800000000000000000e+03,-3.552679195337987039e+00,2.081394809123944700e+00,-6.192615707186848173e-01
2.049899999999999878e+01,1.625000000000000000e+03,1.800000000000000000e+03,-3.543828270740107200e+00,2.110774611196883033e+00,-6.467544011302682749e-01
2.051699999999999946e+01,1.625000000000000000e+03,1.800000000000000000e+03,-3.540241905464195593e+00,2.117908968745077836e+00,-6.479105946311761732e-01
2.053399999999999892e+01,1.625000000000000000e+03,1.800000000000000000e+03,-3.540241905464195593e+00,2.117908968745077836e+00,-6.479105946311761732e-01
2.055099999999999838e+01,1.625000000000000000e+03,1.800000000000000000e+03,-3.538814550701562034e+00,2.122348045693170704e+00,-6.541405406474175566e-01
2.056800000000000139e+01,1.625000000000000000e+03,1.800000000000000000e+03,-3.538814550701562034e+00,2.122348045693170704e+00,-6.541405406474175566e-01
2.058599999999999852e+01,1.625000000000000000e+03,1.800000000000000000e+03,-3.538468526775762513e+00,2.125435020473517511e+00,-6.541405406474175566e-01
2.060300000000000153e+01,1.625000000000000000e+03,1.800000000000000000e+03,-3.538468526775762513e+00,2.125435020473517511e+00,-6.541405406474175566e-01
2.062000000000000099e+01,1.625000000000000000e+03,1.800000000000000000e+03,-3.535218919185461495e+00,2.129522094789545683e+00,-6.553092767902118920e-01
2.063700000000000045e+01,1.625000000000000000e+03,1.800000000000000000e+03,-3.535955014757413473e+00,2.131254129539432274e+00,-6.553092767902118920e-01
2.065399999999999991e+01,1.625000000000000000e+03,1.800000000000000000e+03,-3.535259682977114792e+00,2.137458344740140070e+00,-6.562679560900228637e-01
2.067099999999999937e+01,1.625000000000000000e+03,1.800000000000000000e+03,-3.534174460485055125e+00,2.138827516224112379e+00,-6.511848903830569357e-01
2.068799999999999883e+01,1.625000000000000000e+03,1.800000000000000000e+03,-3.531828355010896203e+00,2.143125568120226809e+00,-6.574401614032430174e-01
2.070599999999999952e+01,1.625000000000000000e+03,1.800000000000000000e+03,-3.530216304454216747e+00,2.149178846254828468e+00,-6.691384131729527507e-01
2.072299999999999898e+01,1.625000000000000000e+03,1.800000000000000000e+03,-3.530216304454216747e+00,2.149178846254828468e+00,-6.691384131729527507e-01
2.073999999999999844e+01,1.625000000000000000e+03,1.800000000000000000e+03,-3.530778263611384027e+00,2.152490378528810755e+00,-6.584020667419838713e-01
2.075600000000000023e+01,1.625000000000000000e+03,1.800000000000000000e+03,-3.527865058677636334e+00,2.153498085989200117e+00,-6.769470598264866190e-01
2.077400000000000091e+01,1.625000000000000000e+03,1.800000000000000000e+03,-3.528250091096067464e+00,2.158383981103385363e+00,-6.647871577188702030e-01
2.079100000000000037e+01,1.625000000000000000e+03,1.800000000000000000e+03,-3.526808348866937948e+00,2.162908160071546071e+00,-6.713016637017201749e-01
2.080799999999999983e+01,1.625000000000000000e+03,1.800000000000000000e+03,-3.526808348866937948e+00,2.162908160071546071e+00,-6.713016637017201749e-01
2.082499999999999929e+01,1.625000000000000000e+03,1.800000000000000000e+03,-3.524804540377123985e+00,2.164107649150565749e+00,-6.659737186369222295e-01
2.084299999999999997e+01,1.625000000000000000e+03,1.800000000000000000e+03,-3.519371644451100956e+00,2.179141479205148002e+00,-6.736984577787540340e-01
2.085999999999999943e+01,1.625000000000000000e+03,1.800000000000000000e+03,-3.516269551627697609e+00,2.181748695523644699e+00,-6.926228092266761838e-01
2.087699999999999889e+01,1.625000000000000000e+03,1.800000000000000000e+03,-3.514816223079094470e+00,2.186322702500035131e+00,-6.994507145824704342e-01
2.089399999999999835e+01,1.625000000000000000e+03,1.800000000000000000e+03,-3.514816223079094470e+00,2.186322702500035131e+00,-6.994507145824704342e-01
2.091100000000000136e+01,1.625000000000000000e+03,1.800000000000000000e+03,-3.513721205152281701e+00,2.187724434802967188e+00,-6.938544673559083886e-01
2.092899999999999849e+01,1.625000000000000000e+03,1.800000000000000000e+03,-3.513000777725651780e+00,2.194093142425205478e+00,-7.064149668370628410e-01
2.094600000000000151e+01,1.625000000000000000e+03,1.800000000000000000e+03,-3.513000777725651780e+00,2.194093142425205478e+00,-7.064149668370628410e-01
2.096300000000000097e+01,1.625000000000000000e+03,1.800000000000000000e+03,-3.511168890708621149e+00,2.193716942727071295e+00,-7.006930515069217380e-01
2.098000000000000043e+01,1.625000000000000000e+03,1.800000000000000000e+03,-3.511168890708621149e+00,2.193716942727071295e+00,-7.006930515069217380e-01
2.099699999999999989e+01,1.625000000000000000e+03,1.800000000000000000e+03,-3.502570636801896065e+00,2.211606752139630316e+00,-7.160485435710797208e-01
2.101399999999999935e+01,1.625000000000000000e+03,1.800000000000000000e+03,-3.500369484053106106e+00,2.214445495396320851e+00,-7.101797677311313395e-01
2.103099999999999881e+01,1.625000000000000000e+03,1.800000000000000000e+03,-3.498899808861049010e+00,2.219089598088572757e+00,-7.173160904417617001e-01
2.104799999999999827e+01,1.625000000000000000e+03,1.800000000000000000e+03,-3.496880364144568709e+00,2.220324241964686696e+00,-7.114385222939517694e-01
2.106500000000000128e+01,1.625000000000000000e+03,1.800000000000000000e+03,-3.494675249519517912e+00,2.223175132471159721e+00,-7.303985829873305136e-01
2.108299999999999841e+01,1.625000000000000000e+03,1.800000000000000000e+03,-3.493386220293241529e+00,2.226219500319437383e+00,-7.126992243723043741e-01
2.110000000000000142e+01,1.625000000000000000e+03,1.800000000000000000e+03,-3.490991731684952359e+00,2.230699243401455423e+00,-7.376880305787600900e-01
2.111700000000000088e+01,1.625000000000000000e+03,1.800000000000000000e+03,-3.490618141408088793e+00,2.233944270177677272e+00,-7.198569616965490026e-01
2.113400000000000034e+01,1.625000000000000000e+03,1.800000000000000000e+03,-3.490618141408088793e+00,2.233944270177677272e+00,-7.198569616965490026e-01
2.115200000000000102e+01,1.625000000000000000e+03,1.800000000000000000e+03,-3.486194462579416786e+00,2.239687114088999120e+00,-7.211303299409655976e-01
2.116799999999999926e+01,1.625000000000000000e+03,1.800000000000000000e+03,-3.483062211220612880e+00,2.242374479952236044e+00,-7.402869517392249854e-01
2.118499999999999872e+01,1.625000000000000000e+03,1.800000000000000000e+03,-3.483062211220612880e+00,2.242374479952236044e+00,-7.402869517392249854e-01
2.120299999999999940e+01,1.625000000000000000e+03,1.800000000000000000e+03,-3.481954705698641739e+00,2.243814749951012377e+00,-7.342688389032738794e-01
2.121999999999999886e+01,1.625000000000000000e+03,1.800000000000000000e+03,-3.480277119608656378e+00,2.250157480707835056e+00,-7.415892797962667649e-01
2.123699999999999832e+01,1.625000000000000000e+03,1.800000000000000000e+03,-3.480087066758449144e+00,2.251793741609174226e+00,-7.297284198555318291e-01
2.125400000000000134e+01,1.625000000000000000e+03,1.800000000000000000e+03,-3.477676768732451684e+00,2.256327491406489472e+00,-7.490520335692819609e-01
2.127199999999999847e+01,1.625000000000000000e+03,1.800000000000000000e+03,-3.477676768732451684e+00,2.256327491406489472e+00,-7.490520335692819609e-01
2.128900000000000148e+01,1.625000000000000000e+03,1.800000000000000000e+03,-3.470814610777716691e+00,2.266688285151830851e+00,-7.692810074426295053e-01
2.130600000000000094e+01,1.625000000000000000e+03,1.800000000000000000e+03,-3.470814610777716691e+00,2.266688285151830851e+00,-7.692810074426295053e-01
2.132199999999999918e+01,1.625000000000000000e+03,1.800000000000000000e+03,-3.470814610777716691e+00,2.266688285151830851e+00,-7.692810074426295053e-01
2.133899999999999864e+01,1.625000000000000000e+03,1.800000000000000000e+03,-3.471349178625295018e+00,2.270178362889764934e+00,-7.579853837599584976e-01
2.135600000000000165e+01,1.625000000000000000e+03,1.800000000000000000e+03,-3.467279948067723438e+00,2.272713956765376242e+00,-7.770233634273486789e-01
2.137399999999999878e+01,1.625000000000000000e+03,1.800000000000000000e+03,-3.467279948067723438e+00,2.272713956765376242e+00,-7.770233634273486789e-01
2.139099999999999824e+01,1.625000000000000000e+03,1.800000000000000000e+03,-3.466891610496862342e+00,2.276021131393690222e+00,-7.593121409528598154e-01
2.140800000000000125e+01,1.625000000000000000e+03,1.800000000000000000e+03,-3.464465594023132589e+00,2.280606383944258297e+00,-7.783739635944567636e-01
2.142500000000000071e+01,1.625000000000000000e+03,1.800000000000000000e+03,-3.463349160644765057e+00,2.282072847942886451e+00,-7.606408557719926966e-01
2.144200000000000017e+01,1.625000000000000000e+03,1.800000000000000000e+03,-3.460919032953215790e+00,2.286671040891309126e+00,-7.797264481033675532e-01
2.145899999999999963e+01,1.625000000000000000e+03,1.800000000000000000e+03,-3.458682785901938672e+00,2.289613471007961198e+00,-7.733091637320997913e-01
2.147700000000000031e+01,1.625000000000000000e+03,1.800000000000000000e+03,-3.458682785901938672e+00,2.289613471007961198e+00,-7.733091637320997913e-01
2.149399999999999977e+01,1.625000000000000000e+03,1.800000000000000000e+03,-3.447999768374249818e+00,2.307936563638388616e+00,-7.837954076903582701e-01
2.151099999999999923e+01,1.625000000000000000e+03,1.800000000000000000e+03,-3.447999768374249818e+00,2.307936563638388616e+00,-7.837954076903582701e-01
2.152799999999999869e+01,1.625000000000000000e+03,1.800000000000000000e+03,-3.444628601763871423e+00,2.312396504276831077e+00,-8.024948421453134140e-01
2.154500000000000171e+01,1.625000000000000000e+03,1.800000000000000000e+03,-3.444628601763871423e+00,2.312396504276831077e+00,-8.024948421453134140e-01
2.156200000000000117e+01,1.625000000000000000e+03,1.800000000000000000e+03,-3.443504074087610611e+00,2.313885277249807082e+00,-7.851556288488779067e-01
2.157900000000000063e+01,1.625000000000000000e+03,1.800000000000000000e+03,-3.440128056786796229e+00,2.318357986664867809e+00,-8.109050720712547289e-01
2.159600000000000009e+01,1.625000000000000000e+03,1.800000000000000000e+03,-3.440128056786796229e+00,2.318357986664867809e+00,-8.109050720712547289e-01
2.161299999999999955e+01,1.625000000000000000e+03,1.800000000000000000e+03,-3.436544313556538555e+00,2.324530645875756196e+00,-8.191030500047481455e-01
2.162999999999999901e+01,1.625000000000000000e+03,1.800000000000000000e+03,-3.436544313556538555e+00,2.324530645875756196e+00,-8.191030500047481455e-01
2.164699999999999847e+01,1.625000000000000000e+03,1.800000000000000000e+03,-3.434083503001499338e+00,2.329220308643705994e+00,-7.948219104426428316e-01
2.166400000000000148e+01,1.625000000000000000e+03,1.800000000000000000e+03,-3.430489277922935898e+00,2.335423939819502248e+00,-8.029372983767290028e-01
2.168100000000000094e+01,1.625000000000000000e+03,1.800000000000000000e+03,-3.428020740380605780e+00,2.340137057424961586e+00,-8.186034051143922241e-01
2.169800000000000040e+01,1.625000000000000000e+03,1.800000000000000000e+03,-3.425964371878812642e+00,2.341450318666627783e+00,-8.115700224128518103e-01
2.171499999999999986e+01,1.625000000000000000e+03,1.800000000000000000e+03,-3.422774949609539874e+00,2.344275020557455846e+00,-8.306562038567704143e-01
2.173199999999999932e+01,1.625000000000000000e+03,1.800000000000000000e+03,-3.422774949609539874e+00,2.344275020557455846e+00,-8.306562038567704143e-01
2.175000000000000000e+01,1.625000000000000000e+03,1.800000000000000000e+03,-3.419879388749996529e+00,2.352428966345816885e+00,-8.320690302752244971e-01
2.179700000000000060e+01,1.625000000000000000e+03,1.800000000000000000e+03,-3.415044810694878308e+00,2.353164623723552840e+00,-8.399722212687003031e-01
2.181500000000000128e+01,1.625000000000000000e+03,1.800000000000000000e+03,-3.415044810694878308e+00,2.353164623723552840e+00,-8.399722212687003031e-01
2.183999999999999986e+01,1.625000000000000000e+03,1.800000000000000000e+03,-3.415044810694878308e+00,2.353164623723552840e+00,-8.399722212687003031e-01
2.186700000000000088e+01,1.625000000000000000e+03,1.800000000000000000e+03,-3.412060558540547017e+00,2.354292487313619731e+00,-8.297433915607711485e-01
2.188400000000000034e+01,1.625000000000000000e+03,1.800000000000000000e+03,-3.412060558540547017e+00,2.354292487313619731e+00,-8.297433915607711485e-01
2.190099999999999980e+01,1.625000000000000000e+03,1.800000000000000000e+03,-3.412060558540547017e+00,2.354292487313619731e+00,-8.297433915607711485e-01
2.192000000000000171e+01,1.625000000000000000e+03,1.800000000000000000e+03,-3.412060558540547017e+00,2.354292487313619731e+00,-8.297433915607711485e-01
2.193799999999999883e+01,1.625000000000000000e+03,1.800000000000000000e+03,-3.405450027602943130e+00,2.361702634685473257e+00,-8.573331515847215645e-01
2.195499999999999829e+01,1.625000000000000000e+03,1.800000000000000000e+03,-3.404806298994401015e+00,2.366864807701974271e+00,-8.583590782753359738e-01
2.197200000000000131e+01,1.625000000000000000e+03,1.800000000000000000e+03,-3.398611285715788632e+00,2.370864670873123803e+00,-8.597985097858699133e-01
2.198900000000000077e+01,1.625000000000000000e+03,1.800000000000000000e+03,-3.381219661954178779e+00,2.395686971710290880e+00,-8.808146418995624893e-01
2.200600000000000023e+01,1.625000000000000000e+03,1.800000000000000000e+03,-3.381219661954178779e+00,2.395686971710290880e+00,-8.808146418995624893e-01
2.202299999999999969e+01,1.625000000000000000e+03,1.800000000000000000e+03,-3.379145349136043919e+00,2.397039226079326291e+00,-8.916347227594304536e-01
2.203999999999999915e+01,1.625000000000000000e+03,1.800000000000000000e+03,-3.376621936649558009e+00,2.401888110963624090e+00,-8.822744884209693383e-01
2.205799999999999983e+01,1.625000000000000000e+03,1.800000000000000000e+03,-3.374545442040748355e+00,2.403244595638224457e+00,-8.849767966667937413e-01
2.207499999999999929e+01,1.625000000000000000e+03,1.800000000000000000e+03,-3.370617771067741408e+00,2.404209504254801288e+00,-8.935450084009188831e-01
2.209199999999999875e+01,1.625000000000000000e+03,1.800000000000000000e+03,-3.369011934251491702e+00,2.409271155275770848e+00,-8.945724802268986142e-01
2.210900000000000176e+01,1.625000000000000000e+03,1.800000000000000000e+03,-3.369011934251491702e+00,2.409271155275770848e+00,-8.945724802268986142e-01
2.212600000000000122e+01,1.625000000000000000e+03,1.800000000000000000e+03,-3.366007399198983840e+00,2.410436534409475140e+00,-8.950150822256143224e-01
2.214300000000000068e+01,1.625000000000000000e+03,1.800000000000000000e+03,-3.366007399198983840e+00,2.410436534409475140e+00,-8.950150822256143224e-01
2.216000000000000014e+01,1.625000000000000000e+03,1.800000000000000000e+03,-3.364625021456347120e+00,2.413753437693499926e+00,-8.856314476291191617e-01
2.217800000000000082e+01,1.625000000000000000e+03,1.800000000000000000e+03,-3.364625021456347120e+00,2.413753437693499926e+00,-8.856314476291191617e-01
2.219500000000000028e+01,1.625000000000000000e+03,1.800000000000000000e+03,-3.360003256404229255e+00,2.420007694981901381e+00,-8.870971342534601511e-01
2.221199999999999974e+01,1.625000000000000000e+03,1.800000000000000000e+03,-3.360003256404229255e+00,2.420007694981901381e+00,-8.870971342534601511e-01
2.222899999999999920e+01,1.625000000000000000e+03,1.800000000000000000e+03,-3.352362334063222260e+00,2.427456615819458374e+00,-9.165118317268158288e-01
2.224599999999999866e+01,1.625000000000000000e+03,1.800000000000000000e+03,-3.352362334063222260e+00,2.427456615819458374e+00,-9.165118317268158288e-01
2.226399999999999935e+01,1.625000000000000000e+03,1.800000000000000000e+03,-3.352362334063222260e+00,2.427456615819458374e+00,-9.165118317268158288e-01
2.228200000000000003e+01,1.625000000000000000e+03,1.800000000000000000e+03,-3.347030662521858879e+00,2.431781550053275787e+00,-9.167085693721578332e-01
2.229899999999999949e+01,1.625000000000000000e+03,1.800000000000000000e+03,-3.347030662521858879e+00,2.431781550053275787e+00,-9.167085693721578332e-01
2.231599999999999895e+01,1.625000000000000000e+03,1.800000000000000000e+03,-3.347030662521858879e+00,2.431781550053275787e+00,-9.167085693721578332e-01
2.233200000000000074e+01,1.625000000000000000e+03,1.800000000000000000e+03,-3.345398920223722428e+00,2.436905174961939924e+00,-9.268389646589677566e-01
2.234900000000000020e+01,1.625000000000000000e+03,1.800000000000000000e+03,-3.342383694727429688e+00,2.438089166044034695e+00,-9.181966703879663738e-01
2.236599999999999966e+01,1.625000000000000000e+03,1.800000000000000000e+03,-3.342383694727429688e+00,2.438089166044034695e+00,-9.181966703879663738e-01
2.238299999999999912e+01,1.625000000000000000e+03,1.800000000000000000e+03,-3.337728583600781285e+00,2.444415032711923619e+00,-9.196865306892031411e-01
2.239999999999999858e+01,1.625000000000000000e+03,1.800000000000000000e+03,-3.333098435541631321e+00,2.443428887822402640e+00,-9.288373897778386956e-01
2.241700000000000159e+01,1.625000000000000000e+03,1.800000000000000000e+03,-3.332378639529042452e+00,2.448776231605577447e+00,-9.303008397860375034e-01
2.243400000000000105e+01,1.625000000000000000e+03,1.800000000000000000e+03,-3.328433367501475004e+00,2.449771713371373671e+00,-9.303341279745214187e-01
2.245100000000000051e+01,1.625000000000000000e+03,1.800000000000000000e+03,-3.328433367501475004e+00,2.449771713371373671e+00,-9.303341279745214187e-01
2.246799999999999997e+01,1.625000000000000000e+03,1.800000000000000000e+03,-3.324003099899192293e+00,2.454343525069431209e+00,-9.490896840237066368e-01
2.248499999999999943e+01,1.625000000000000000e+03,1.800000000000000000e+03,-3.302952307550707900e+00,2.475746040681796156e+00,-9.635258152046050073e-01
2.250300000000000011e+01,1.625000000000000000e+03,1.800000000000000000e+03,-3.302952307550707900e+00,2.475746040681796156e+00,-9.635258152046050073e-01
2.251999999999999957e+01,1.625000000000000000e+03,1.800000000000000000e+03,-3.302952307550707900e+00,2.475746040681796156e+00,-9.635258152046050073e-01
2.253800000000000026e+01,1.625000000000000000e+03,1.800000000000000000e+03,-3.299671168767047469e+00,2.478765016002022925e+00,-9.552696646505357547e-01
2.255499999999999972e+01,1.625000000000000000e+03,1.800000000000000000e+03,-3.295715015547381554e+00,2.479782124152322353e+00,-9.650325606416692015e-01
2.257199999999999918e+01,1.625000000000000000e+03,1.800000000000000000e+03,-3.294281978065767724e+00,2.483203002086949773e+00,-9.655424239443012313e-01
2.258899999999999864e+01,1.625000000000000000e+03,1.800000000000000000e+03,-3.291921017310817099e+00,2.486431018532605286e+00,-9.665509951445052650e-01
2.260699999999999932e+01,1.625000000000000000e+03,1.800000000000000000e+03,-3.291921017310817099e+00,2.486431018532605286e+00,-9.665509951445052650e-01
2.262399999999999878e+01,1.625000000000000000e+03,1.800000000000000000e+03,-3.288217760420510061e+00,2.485640346828758229e+00,-9.670506886118549472e-01
2.264000000000000057e+01,1.625000000000000000e+03,1.800000000000000000e+03,-3.285596766337715913e+00,2.490687974532513671e+00,-9.766840435460012460e-01
2.265700000000000003e+01,1.625000000000000000e+03,1.800000000000000000e+03,-3.285596766337715913e+00,2.490687974532513671e+00,-9.766840435460012460e-01
2.267399999999999949e+01,1.625000000000000000e+03,1.800000000000000000e+03,-3.283487573298302653e+00,2.492109228963114376e+00,-9.859817196379501159e-01
2.269200000000000017e+01,1.625000000000000000e+03,1.800000000000000000e+03,-3.278082235037929060e+00,2.496577494908693851e+00,-9.875086970128034158e-01
2.270899999999999963e+01,1.625000000000000000e+03,1.800000000000000000e+03,-3.278082235037929060e+00,2.496577494908693851e+00,-9.875086970128034158e-01
2.272599999999999909e+01,1.625000000000000000e+03,1.800000000000000000e+03,-3.275045169702722525e+00,2.497805591988674578e+00,-9.880264285766093835e-01
2.274399999999999977e+01,1.625000000000000000e+03,1.800000000000000000e+03,-3.275045169702722525e+00,2.497805591988674578e+00,-9.880264285766093835e-01
2.276099999999999923e+01,1.625000000000000000e+03,1.800000000000000000e+03,-3.270295344026952655e+00,2.504310890389000122e+00,-9.895552921124256551e-01
2.277799999999999869e+01,1.625000000000000000e+03,1.800000000000000000e+03,-3.270295344026952655e+00,2.504310890389000122e+00,-9.895552921124256551e-01
2.279500000000000171e+01,1.625000000000000000e+03,1.800000000000000000e+03,-3.270295344026952655e+00,2.504310890389000122e+00,-9.895552921124256551e-01
2.281200000000000117e+01,1.625000000000000000e+03,1.800000000000000000e+03,-3.267917020496294178e+00,2.507570633015775652e+00,-9.912831294255749492e-01
2.282900000000000063e+01,1.625000000000000000e+03,1.800000000000000000e+03,-3.263289271540982472e+00,2.506581638838059067e+00,-9.918020784286948333e-01
2.284600000000000009e+01,1.625000000000000000e+03,1.800000000000000000e+03,-3.261832940141950132e+00,2.510043059412664146e+00,-1.010249927357069977e+00
2.286400000000000077e+01,1.625000000000000000e+03,1.800000000000000000e+03,-3.256940638909452623e+00,2.510886157339798253e+00,-9.933339663539207942e-01
2.288100000000000023e+01,1.625000000000000000e+03,1.800000000000000000e+03,-3.255479916873443180e+00,2.514354124124479561e+00,-9.938532938933779537e-01
2.289799999999999969e+01,1.625000000000000000e+03,1.800000000000000000e+03,-3.254674659881582777e+00,2.519863107185554174e+00,-1.012322415731163217e+00
2.291499999999999915e+01,1.625000000000000000e+03,1.800000000000000000e+03,-3.248467389887600643e+00,2.516641411352178892e+00,-1.013395294449007444e+00
2.293299999999999983e+01,1.625000000000000000e+03,1.800000000000000000e+03,-3.248467389887600643e+00,2.516641411352178892e+00,-1.013395294449007444e+00
2.294999999999999929e+01,1.625000000000000000e+03,1.800000000000000000e+03,-3.243409651199681498e+00,2.525046102948242055e+00,-1.014933817884699163e+00
2.296799999999999997e+01,1.625000000000000000e+03,1.800000000000000000e+03,-3.243409651199681498e+00,2.525046102948242055e+00,-1.014933817884699163e+00
2.298600000000000065e+01,1.625000000000000000e+03,1.800000000000000000e+03,-3.240634963443352667e+00,2.524453077766888320e+00,-1.024819237418289841e+00
2.300300000000000011e+01,1.625000000000000000e+03,1.800000000000000000e+03,-3.216962566703125415e+00,2.542289988435324055e+00,-1.040632232446712768e+00
2.301999999999999957e+01,1.625000000000000000e+03,1.800000000000000000e+03,-3.216962566703125415e+00,2.542289988435324055e+00,-1.040632232446712768e+00
2.303699999999999903e+01,1.625000000000000000e+03,1.800000000000000000e+03,-3.214548076982953972e+00,2.545607939564292987e+00,-1.041187728917977395e+00
2.305399999999999849e+01,1.625000000000000000e+03,1.800000000000000000e+03,-3.211491434874753192e+00,2.546873504129267385e+00,-1.049448754010142926e+00
2.307100000000000151e+01,1.625000000000000000e+03,1.800000000000000000e+03,-3.205090154646532241e+00,2.551269780012840105e+00,-1.053587933499144036e+00
2.308800000000000097e+01,1.625000000000000000e+03,1.800000000000000000e+03,-3.205090154646532241e+00,2.551269780012840105e+00,-1.053587933499144036e+00
2.310600000000000165e+01,1.625000000000000000e+03,1.800000000000000000e+03,-3.201396302389463155e+00,2.550480808675584132e+00,-1.054152629989300038e+00
2.312300000000000111e+01,1.625000000000000000e+03,1.800000000000000000e+03,-3.199606556895705722e+00,2.555873788887905729e+00,-1.062200663813659185e+00
2.314099999999999824e+01,1.625000000000000000e+03,1.800000000000000000e+03,-3.196255269498515350e+00,2.559014703246015099e+00,-1.055701980177371269e+00
2.315700000000000003e+01,1.625000000000000000e+03,1.800000000000000000e+03,-3.194116632077848017e+00,2.560488094226911482e+00,-1.056267014377396452e+00
2.317399999999999949e+01,1.625000000000000000e+03,1.800000000000000000e+03,-3.194116632077848017e+00,2.560488094226911482e+00,-1.056267014377396452e+00
2.319099999999999895e+01,1.625000000000000000e+03,1.800000000000000000e+03,-3.185515504545899823e+00,2.560582284499017369e+00,-1.075166970648014031e+00
2.320899999999999963e+01,1.625000000000000000e+03,1.800000000000000000e+03,-3.185515504545899823e+00,2.560582284499017369e+00,-1.075166970648014031e+00
2.322599999999999909e+01,1.625000000000000000e+03,1.800000000000000000e+03,-3.182453604509571043e+00,2.561861288377227819e+00,-1.068896210783206735e+00
2.324299999999999855e+01,1.625000000000000000e+03,1.800000000000000000e+03,-3.179720422276758107e+00,2.567083016727393030e+00,-1.076717649278172262e+00
2.326000000000000156e+01,1.625000000000000000e+03,1.800000000000000000e+03,-3.176655205692469508e+00,2.568366289054874851e+00,-1.077297926705659936e+00
2.327700000000000102e+01,1.625000000000000000e+03,1.800000000000000000e+03,-3.172966527573239048e+00,2.567579198206072277e+00,-1.077878235334852164e+00
2.329400000000000048e+01,1.625000000000000000e+03,1.800000000000000000e+03,-3.172966527573239048e+00,2.567579198206072277e+00,-1.077878235334852164e+00
2.331099999999999994e+01,1.625000000000000000e+03,1.800000000000000000e+03,-3.167457064819259926e+00,2.572223696314737573e+00,-1.079430762165062951e+00
2.332799999999999940e+01,1.625000000000000000e+03,1.800000000000000000e+03,-3.167457064819259926e+00,2.572223696314737573e+00,-1.079430762165062951e+00
2.334499999999999886e+01,1.625000000000000000e+03,1.800000000000000000e+03,-3.167457064819259926e+00,2.572223696314737573e+00,-1.079430762165062951e+00
2.336199999999999832e+01,1.625000000000000000e+03,1.800000000000000000e+03,-3.157950310010819273e+00,2.577973629046098392e+00,-1.085038506239791367e+00
2.337999999999999901e+01,1.625000000000000000e+03,1.800000000000000000e+03,-3.151811109504186081e+00,2.580560946476687434e+00,-1.093219536502492373e+00
2.339699999999999847e+01,1.625000000000000000e+03,1.800000000000000000e+03,-3.151811109504186081e+00,2.580560946476687434e+00,-1.093219536502492373e+00
2.341400000000000148e+01,1.625000000000000000e+03,1.800000000000000000e+03,-3.148432429305008995e+00,2.583741995527951918e+00,-1.098114782260332767e+00
2.343100000000000094e+01,1.625000000000000000e+03,1.800000000000000000e+03,-3.146893447536193822e+00,2.587320866153411725e+00,-1.094773850890390143e+00
2.344800000000000040e+01,1.625000000000000000e+03,1.800000000000000000e+03,-3.142288132605160378e+00,2.586338702272383827e+00,-1.106043213993111562e+00
2.346499999999999986e+01,1.625000000000000000e+03,1.800000000000000000e+03,-3.128125917629271058e+00,2.597033452423529898e+00,-1.119669802828568317e+00
2.348300000000000054e+01,1.625000000000000000e+03,1.800000000000000000e+03,-3.128125917629271058e+00,2.597033452423529898e+00,-1.119669802828568317e+00
2.349899999999999878e+01,1.625000000000000000e+03,1.800000000000000000e+03,-3.126254532496243854e+00,2.602532594086823359e+00,-1.114508389868068106e+00
2.351699999999999946e+01,1.625000000000000000e+03,1.800000000000000000e+03,-3.126254532496243854e+00,2.602532594086823359e+00,-1.114508389868068106e+00
2.353399999999999892e+01,1.625000000000000000e+03,1.800000000000000000e+03,-3.121650357162096157e+00,2.601549996605160064e+00,-1.132279240355046346e+00
2.355000000000000071e+01,1.625000000000000000e+03,1.800000000000000000e+03,-3.117970227890860535e+00,2.600765681867212464e+00,-1.132894353628459916e+00
2.356700000000000017e+01,1.625000000000000000e+03,1.800000000000000000e+03,-3.115167823797759361e+00,2.606076862159035112e+00,-1.121441226415196502e+00
2.358599999999999852e+01,1.625000000000000000e+03,1.800000000000000000e+03,-3.115167823797759361e+00,2.606076862159035112e+00,-1.121441226415196502e+00
2.360300000000000153e+01,1.625000000000000000e+03,1.800000000000000000e+03,-3.113603667886515325e+00,2.609689808732222449e+00,-1.128611750889921383e+00
2.361899999999999977e+01,1.625000000000000000e+03,1.800000000000000000e+03,-3.109598519000036365e+00,2.610810397873734701e+00,-1.140771523618558270e+00
2.363700000000000045e+01,1.625000000000000000e+03,1.800000000000000000e+03,-3.107109068970569599e+00,2.614233934794343739e+00,-1.135469989170642791e+00
2.365399999999999991e+01,1.625000000000000000e+03,1.800000000000000000e+03,-3.102508033589312930e+00,2.613252195636092789e+00,-1.136084975866098024e+00
2.367099999999999937e+01,1.625000000000000000e+03,1.800000000000000000e+03,-3.099094439024769443e+00,2.616483481317191551e+00,-1.142940789797920464e+00
2.368799999999999883e+01,1.625000000000000000e+03,1.800000000000000000e+03,-3.096926514398977037e+00,2.618002771921501992e+00,-1.143560444796388964e+00
2.370599999999999952e+01,1.625000000000000000e+03,1.800000000000000000e+03,-3.096926514398977037e+00,2.618002771921501992e+00,-1.143560444796388964e+00
2.372299999999999898e+01,1.625000000000000000e+03,1.800000000000000000e+03,-3.093248497043497913e+00,2.617218657785034264e+00,-1.144180118173179883e+00
2.373999999999999844e+01,1.625000000000000000e+03,1.800000000000000000e+03,-3.091337769729768148e+00,2.622763838097269318e+00,-1.145111580381854788e+00
2.375600000000000023e+01,1.625000000000000000e+03,1.800000000000000000e+03,-3.088246758457056540e+00,2.624091444713032573e+00,-1.145731493435579784e+00
2.377400000000000091e+01,1.625000000000000000e+03,1.800000000000000000e+03,-3.083650203554594071e+00,2.623111387813630735e+00,-1.158122767434722755e+00
2.379100000000000037e+01,1.625000000000000000e+03,1.800000000000000000e+03,-3.079976078203765510e+00,2.622329047486676945e+00,-1.158751022197770819e+00
2.380799999999999983e+01,1.625000000000000000e+03,1.800000000000000000e+03,-3.076549988878264141e+00,2.625575592601602448e+00,-1.159379290105462479e+00
2.382499999999999929e+01,1.625000000000000000e+03,1.800000000000000000e+03,-3.070945598857276249e+00,2.630356459310879025e+00,-1.160927288386735867e+00
2.384299999999999997e+01,1.625000000000000000e+03,1.800000000000000000e+03,-3.070945598857276249e+00,2.630356459310879025e+00,-1.160927288386735867e+00
2.385999999999999943e+01,1.625000000000000000e+03,1.800000000000000000e+03,-3.070945598857276249e+00,2.630356459310879025e+00,-1.160927288386735867e+00
2.387699999999999889e+01,1.625000000000000000e+03,1.800000000000000000e+03,-3.066933223276598675e+00,2.631496089192045584e+00,-1.173544932887342185e+00
2.389399999999999835e+01,1.625000000000000000e+03,1.800000000000000000e+03,-3.058334420857538927e+00,2.631661916020305636e+00,-1.174818324481195164e+00
2.391100000000000136e+01,1.625000000000000000e+03,1.800000000000000000e+03,-3.058334420857538927e+00,2.631661916020305636e+00,-1.174818324481195164e+00
2.392800000000000082e+01,1.625000000000000000e+03,1.800000000000000000e+03,-3.055240250658131984e+00,2.633000049656259556e+00,-1.180657179666645629e+00
2.394600000000000151e+01,1.625000000000000000e+03,1.800000000000000000e+03,-3.053633546681019606e+00,2.636654060309898018e+00,-1.176361982757325286e+00
2.396399999999999864e+01,1.625000000000000000e+03,1.800000000000000000e+03,-3.048133771999005148e+00,2.635485407242964762e+00,-1.189204940237345465e+00
2.398100000000000165e+01,1.625000000000000000e+03,1.800000000000000000e+03,-3.028278347087548728e+00,2.645291793000749792e+00,-1.214212922567203812e+00
2.399800000000000111e+01,1.625000000000000000e+03,1.800000000000000000e+03,-3.028278347087548728e+00,2.645291793000749792e+00,-1.214212922567203812e+00
2.401599999999999824e+01,1.625000000000000000e+03,1.800000000000000000e+03,-3.025177355739022911e+00,2.646641926346137375e+00,-1.210886955255781494e+00
2.403300000000000125e+01,1.625000000000000000e+03,1.800000000000000000e+03,-3.022990616194904057e+00,2.648187333235045404e+00,-1.211542801322123442e+00
2.405000000000000071e+01,1.625000000000000000e+03,1.800000000000000000e+03,-3.018973295082703956e+00,2.649345795271806914e+00,-1.212198638297664166e+00
2.406700000000000017e+01,1.625000000000000000e+03,1.800000000000000000e+03,-3.018973295082703956e+00,2.649345795271806914e+00,-1.212198638297664166e+00
2.408399999999999963e+01,1.625000000000000000e+03,1.800000000000000000e+03,-3.015870215980839042e+00,2.650699528549963713e+00,-1.217055812510140056e+00
2.410099999999999909e+01,1.625000000000000000e+03,1.800000000000000000e+03,-3.012766431206683748e+00,2.652054459527323438e+00,-1.228961343407017015e+00
2.411799999999999855e+01,1.625000000000000000e+03,1.800000000000000000e+03,-3.012766431206683748e+00,2.652054459527323438e+00,-1.228961343407017015e+00
2.413500000000000156e+01,1.625000000000000000e+03,1.800000000000000000e+03,-3.008385079028123688e+00,2.655155468405598906e+00,-1.226646707174537720e+00
2.415200000000000102e+01,1.625000000000000000e+03,1.800000000000000000e+03,-3.004729024503935086e+00,2.654380703934618335e+00,-1.227310017899069017e+00
2.416900000000000048e+01,1.625000000000000000e+03,1.800000000000000000e+03,-3.001988694931716939e+00,2.653800552862888296e+00,-1.227973311903381104e+00
2.418700000000000117e+01,1.625000000000000000e+03,1.800000000000000000e+03,-3.001988694931716939e+00,2.653800552862888296e+00,-1.227973311903381104e+00
2.420499999999999829e+01,1.625000000000000000e+03,1.800000000000000000e+03,-2.999064117072703262e+00,2.659234212560961375e+00,-1.232476607392712475e+00
2.422200000000000131e+01,1.625000000000000000e+03,1.800000000000000000e+03,-2.996323315350331473e+00,2.658653586736824170e+00,-1.244566354159336585e+00
2.423900000000000077e+01,1.625000000000000000e+03,1.800000000000000000e+03,-2.992302243498832226e+00,2.659822438555115909e+00,-1.230158697946718949e+00
2.425600000000000023e+01,1.625000000000000000e+03,1.800000000000000000e+03,-2.989193706734449840e+00,2.661185846506108010e+00,-1.230822102924606032e+00
2.427299999999999969e+01,1.625000000000000000e+03,1.800000000000000000e+03,-2.984799822343287445e+00,2.664302555414812090e+00,-1.247421432435962707e+00
2.428999999999999915e+01,1.625000000000000000e+03,1.800000000000000000e+03,-2.982061915559127918e+00,2.663723188188580782e+00,-1.259686103417691161e+00
2.430799999999999983e+01,1.625000000000000000e+03,1.800000000000000000e+03,-2.982061915559127918e+00,2.663723188188580782e+00,-1.259686103417691161e+00
2.432499999999999929e+01,1.625000000000000000e+03,1.800000000000000000e+03,-2.978039126023992900e+00,2.664897324065154560e+00,-1.245472274207885865e+00
2.434199999999999875e+01,1.625000000000000000e+03,1.800000000000000000e+03,-2.975464233474596654e+00,2.668406659949733584e+00,-1.258118290932027650e+00
2.435999999999999943e+01,1.625000000000000000e+03,1.800000000000000000e+03,-2.970904197273693370e+00,2.667442354771736301e+00,-1.246813456784217289e+00
2.437699999999999889e+01,1.625000000000000000e+03,1.800000000000000000e+03,-2.970904197273693370e+00,2.667442354771736301e+00,-1.246813456784217289e+00
2.439499999999999957e+01,1.625000000000000000e+03,1.800000000000000000e+03,-2.964298170671879618e+00,2.672135784785856671e+00,-1.275667709181771858e+00
2.441300000000000026e+01,1.625000000000000000e+03,1.800000000000000000e+03,-2.960652924447018108e+00,2.671365523486333160e+00,-1.276353298007568471e+00
2.442899999999999849e+01,1.625000000000000000e+03,1.800000000000000000e+03,-2.960652924447018108e+00,2.671365523486333160e+00,-1.276353298007568471e+00
2.444600000000000151e+01,1.625000000000000000e+03,1.800000000000000000e+03,-2.957920647637759970e+00,2.670788712991219782e+00,-1.277038839196901643e+00
2.446399999999999864e+01,1.625000000000000000e+03,1.800000000000000000e+03,-2.954806279410253644e+00,2.672163154462485313e+00,-1.277724333318527083e+00
2.448000000000000043e+01,1.625000000000000000e+03,1.800000000000000000e+03,-2.948575155716111951e+00,2.674915559396840781e+00,-1.276543905904446996e+00
2.449800000000000111e+01,1.625000000000000000e+03,1.800000000000000000e+03,-2.945845618510824604e+00,2.674339975629155486e+00,-1.289580450658706079e+00
2.451599999999999824e+01,1.625000000000000000e+03,1.800000000000000000e+03,-2.921288968664168539e+00,2.683437490217918775e+00,-1.309572355029321011e+00
2.453399999999999892e+01,1.625000000000000000e+03,1.800000000000000000e+03,-2.918167286793281523e+00,2.684823913246989324e+00,-1.308517797679332073e+00
2.455099999999999838e+01,1.625000000000000000e+03,1.800000000000000000e+03,-2.918167286793281523e+00,2.684823913246989324e+00,-1.308517797679332073e+00
2.456800000000000139e+01,1.625000000000000000e+03,1.800000000000000000e+03,-2.915044761698891485e+00,2.686211498764547567e+00,-1.309214355489164872e+00
2.458500000000000085e+01,1.625000000000000000e+03,1.800000000000000000e+03,-2.905570843992774765e+00,2.686265080196974075e+00,-1.311303643083118198e+00
2.460200000000000031e+01,1.625000000000000000e+03,1.800000000000000000e+03,-2.905570843992774765e+00,2.686265080196974075e+00,-1.311303643083118198e+00
2.461899999999999977e+01,1.625000000000000000e+03,1.800000000000000000e+03,-2.904260965931708682e+00,2.688036277298366361e+00,-1.326099280213681730e+00
2.463599999999999923e+01,1.625000000000000000e+03,1.800000000000000000e+03,-2.899728557569518195e+00,2.687084396927262642e+00,-1.326802124413250406e+00
2.465299999999999869e+01,1.625000000000000000e+03,1.800000000000000000e+03,-2.899728557569518195e+00,2.687084396927262642e+00,-1.326802124413250406e+00
2.467099999999999937e+01,1.625000000000000000e+03,1.800000000000000000e+03,-2.897605196091078028e+00,2.692785299354801154e+00,-1.326169522019977620e+00
2.468799999999999883e+01,1.625000000000000000e+03,1.800000000000000000e+03,-2.897605196091078028e+00,2.692785299354801154e+00,-1.326169522019977620e+00
2.470499999999999829e+01,1.625000000000000000e+03,1.800000000000000000e+03,-2.893978715734393248e+00,2.692023171316498154e+00,-1.326871687329718830e+00
2.472400000000000020e+01,1.625000000000000000e+03,1.800000000000000000e+03,-2.888543511783775219e+00,2.690882352449251336e+00,-1.328275791322557575e+00
2.474099999999999966e+01,1.625000000000000000e+03,1.800000000000000000e+03,-2.884923042208880517e+00,2.690123379924764802e+00,-1.328977730855874118e+00
2.475900000000000034e+01,1.625000000000000000e+03,1.800000000000000000e+03,-2.879162461014310725e+00,2.695070862754104457e+00,-1.344206511402147752e+00
2.477499999999999858e+01,1.625000000000000000e+03,1.800000000000000000e+03,-2.879162461014310725e+00,2.695070862754104457e+00,-1.344206511402147752e+00
2.479400000000000048e+01,1.625000000000000000e+03,1.800000000000000000e+03,-2.872488073691623622e+00,2.699839106237515551e+00,-1.344715239173338794e+00
2.481099999999999994e+01,1.625000000000000000e+03,1.800000000000000000e+03,-2.872488073691623622e+00,2.699839106237515551e+00,-1.344715239173338794e+00
2.482900000000000063e+01,1.625000000000000000e+03,1.800000000000000000e+03,-2.863444318847957248e+00,2.697943849445398445e+00,-1.346836848018198918e+00
2.484700000000000131e+01,1.625000000000000000e+03,1.800000000000000000e+03,-2.861217261866577211e+00,2.699535146488253101e+00,-1.361064553570202618e+00
2.486299999999999955e+01,1.625000000000000000e+03,1.800000000000000000e+03,-2.861217261866577211e+00,2.699535146488253101e+00,-1.361064553570202618e+00
2.488100000000000023e+01,1.625000000000000000e+03,1.800000000000000000e+03,-2.854472574794649553e+00,2.700182416458931645e+00,-1.362489409906869620e+00
2.489799999999999969e+01,1.625000000000000000e+03,1.800000000000000000e+03,-2.854472574794649553e+00,2.700182416458931645e+00,-1.362489409906869620e+00
2.491499999999999915e+01,1.625000000000000000e+03,1.800000000000000000e+03,-2.851340449720833004e+00,2.701586949361892032e+00,-1.363201687110597415e+00
2.493199999999999861e+01,1.625000000000000000e+03,1.800000000000000000e+03,-2.847304749002904423e+00,2.702803877516190667e+00,-1.350396169794538581e+00
2.494900000000000162e+01,1.625000000000000000e+03,1.800000000000000000e+03,-2.847304749002904423e+00,2.702803877516190667e+00,-1.350396169794538581e+00
2.496600000000000108e+01,1.625000000000000000e+03,1.800000000000000000e+03,-2.815875005687120236e+00,2.708629797544158002e+00,-1.383789037575072545e+00
2.498300000000000054e+01,1.625000000000000000e+03,1.800000000000000000e+03,-2.815875005687120236e+00,2.708629797544158002e+00,-1.383789037575072545e+00
2.501599999999999824e+01,1.625000000000000000e+03,1.800000000000000000e+03,-2.815875005687120236e+00,2.708629797544158002e+00,-1.383789037575072545e+00
2.503399999999999892e+01,1.625000000000000000e+03,1.800000000000000000e+03,-2.815875005687120236e+00,2.708629797544158002e+00,-1.383789037575072545e+00
2.505600000000000094e+01,1.625000000000000000e+03,1.800000000000000000e+03,-2.815875005687120236e+00,2.708629797544158002e+00,-1.383789037575072545e+00
2.507499999999999929e+01,1.625000000000000000e+03,1.800000000000000000e+03,-2.812276575094534881e+00,2.707880386512436122e+00,-1.384505001705427674e+00
2.509600000000000009e+01,1.625000000000000000e+03,1.800000000000000000e+03,-2.812276575094534881e+00,2.707880386512436122e+00,-1.384505001705427674e+00
2.511299999999999955e+01,1.625000000000000000e+03,1.800000000000000000e+03,-2.811397715640802097e+00,2.711834036681072924e+00,-1.398100042534466958e+00
2.515099999999999980e+01,1.625000000000000000e+03,1.800000000000000000e+03,-2.797469481377302003e+00,2.711004624875402058e+00,-1.400980090471255712e+00
2.516799999999999926e+01,1.625000000000000000e+03,1.800000000000000000e+03,-2.795673443075278541e+00,2.710631362035770042e+00,-1.414749394056398879e+00
2.518499999999999872e+01,1.625000000000000000e+03,1.800000000000000000e+03,-2.791636080761864314e+00,2.711862536370039045e+00,-1.402869493077531171e+00
2.520200000000000173e+01,1.625000000000000000e+03,1.800000000000000000e+03,-2.788944880116670966e+00,2.715447580738267419e+00,-1.417119578089843346e+00
2.521900000000000119e+01,1.625000000000000000e+03,1.800000000000000000e+03,-2.784906518961355992e+00,2.712536138402342090e+00,-1.404308696383238964e+00
2.523600000000000065e+01,1.625000000000000000e+03,1.800000000000000000e+03,-2.779527178233296425e+00,2.711420445449658878e+00,-1.419290211791460310e+00
2.525300000000000011e+01,1.625000000000000000e+03,1.800000000000000000e+03,-2.775490664837996668e+00,2.712654889764407606e+00,-1.420013476166012589e+00
2.527100000000000080e+01,1.625000000000000000e+03,1.800000000000000000e+03,-2.775490664837996668e+00,2.712654889764407606e+00,-1.420013476166012589e+00
2.528800000000000026e+01,1.625000000000000000e+03,1.800000000000000000e+03,-2.773245095706355912e+00,2.714261817104659968e+00,-1.419731828133506513e+00
2.530499999999999972e+01,1.625000000000000000e+03,1.800000000000000000e+03,-2.770557886697933014e+00,2.713705029885351117e+00,-1.433638438452135011e+00
2.532199999999999918e+01,1.625000000000000000e+03,1.800000000000000000e+03,-2.766081973288353701e+00,2.712778453041725601e+00,-1.434364752755644012e+00
2.533899999999999864e+01,1.625000000000000000e+03,1.800000000000000000e+03,-2.762940191175024651e+00,2.714200942850190312e+00,-1.435090913595425732e+00
2.535600000000000165e+01,1.625000000000000000e+03,1.800000000000000000e+03,-2.755325867329278644e+00,2.714699861065735131e+00,-1.450595598199228231e+00
2.537300000000000111e+01,1.625000000000000000e+03,1.800000000000000000e+03,-2.755325867329278644e+00,2.714699861065735131e+00,-1.450595598199228231e+00
2.539000000000000057e+01,1.625000000000000000e+03,1.800000000000000000e+03,-2.751751110588020133e+00,2.713961357364436111e+00,-1.451324440357651069e+00
2.540700000000000003e+01,1.625000000000000000e+03,1.800000000000000000e+03,-2.747714872998149094e+00,2.715201756065797056e+00,-1.440127301831111151e+00
2.542399999999999949e+01,1.625000000000000000e+03,1.800000000000000000e+03,-2.747714872998149094e+00,2.715201756065797056e+00,-1.440127301831111151e+00
2.544099999999999895e+01,1.625000000000000000e+03,1.800000000000000000e+03,-2.743677927745247658e+00,2.716443356503259743e+00,-1.439338667504442393e+00
2.545799999999999841e+01,1.625000000000000000e+03,1.800000000000000000e+03,-2.741852807708456741e+00,2.720220985948325954e+00,-1.453376738425642190e+00
2.547500000000000142e+01,1.625000000000000000e+03,1.800000000000000000e+03,-2.737387187988937765e+00,2.719298623391085190e+00,-1.454105062588627817e+00
2.549200000000000088e+01,1.625000000000000000e+03,1.800000000000000000e+03,-2.702042841316401933e+00,2.722418786417779124e+00,-1.477974719424262950e+00
2.551099999999999923e+01,1.625000000000000000e+03,1.800000000000000000e+03,-2.702042841316401933e+00,2.722418786417779124e+00,-1.477974719424262950e+00
2.552799999999999869e+01,1.625000000000000000e+03,1.800000000000000000e+03,-2.694043490554467901e+00,2.720776339521337128e+00,-1.494259119558295934e+00
2.554400000000000048e+01,1.625000000000000000e+03,1.800000000000000000e+03,-2.694043490554467901e+00,2.720776339521337128e+00,-1.494259119558295934e+00
2.556200000000000117e+01,1.625000000000000000e+03,1.800000000000000000e+03,-2.691296498996262443e+00,2.724376792707470241e+00,-1.491894420672253752e+00
2.557900000000000063e+01,1.625000000000000000e+03,1.800000000000000000e+03,-2.691296498996262443e+00,2.724376792707470241e+00,-1.491894420672253752e+00
2.559600000000000009e+01,1.625000000000000000e+03,1.800000000000000000e+03,-2.688631315039024638e+00,2.723829730681207373e+00,-1.492625304418109700e+00
2.561199999999999832e+01,1.625000000000000000e+03,1.800000000000000000e+03,-2.685079577405416806e+00,2.723101222746450389e+00,-1.493355990733552741e+00
2.562999999999999901e+01,1.625000000000000000e+03,1.800000000000000000e+03,-2.680948735241105663e+00,2.728509304965792026e+00,-1.496992246889120137e+00
2.564699999999999847e+01,1.625000000000000000e+03,1.800000000000000000e+03,-2.677000649121485942e+00,2.725612934396731912e+00,-1.497723054753972383e+00
2.566400000000000148e+01,1.625000000000000000e+03,1.800000000000000000e+03,-2.672565994378412579e+00,2.724704421431728640e+00,-1.513382393121216918e+00
2.568100000000000094e+01,1.625000000000000000e+03,1.800000000000000000e+03,-2.665372159100613647e+00,2.727402881414959790e+00,-1.514846505068017990e+00
2.569800000000000040e+01,1.625000000000000000e+03,1.800000000000000000e+03,-2.665372159100613647e+00,2.727402881414959790e+00,-1.514846505068017990e+00
2.571499999999999986e+01,1.625000000000000000e+03,1.800000000000000000e+03,-2.662324727330024121e+00,2.724693565887772895e+00,-1.515578235850564948e+00
2.573300000000000054e+01,1.625000000000000000e+03,1.800000000000000000e+03,-2.662324727330024121e+00,2.724693565887772895e+00,-1.515578235850564948e+00
2.575100000000000122e+01,1.625000000000000000e+03,1.800000000000000000e+03,-2.658285689224845871e+00,2.725953099884485198e+00,-1.516309749904446891e+00
2.576800000000000068e+01,1.625000000000000000e+03,1.800000000000000000e+03,-2.653860843943870229e+00,2.725049037270099284e+00,-1.532089633602251144e+00
2.578500000000000014e+01,1.625000000000000000e+03,1.800000000000000000e+03,-2.649439215725554853e+00,2.724146542419640937e+00,-1.532822000782686711e+00
2.580099999999999838e+01,1.625000000000000000e+03,1.800000000000000000e+03,-2.646285215219282616e+00,2.725588157368199926e+00,-1.529371803674284269e+00
2.581899999999999906e+01,1.625000000000000000e+03,1.800000000000000000e+03,-2.644014035786308447e+00,2.727211234692628494e+00,-1.530103458674011874e+00
2.583599999999999852e+01,1.625000000000000000e+03,1.800000000000000000e+03,-2.638584264679678437e+00,2.730280340825242291e+00,-1.534771075613026170e+00
2.585200000000000031e+01,1.625000000000000000e+03,1.800000000000000000e+03,-2.638584264679678437e+00,2.730280340825242291e+00,-1.534771075613026170e+00
2.586899999999999977e+01,1.625000000000000000e+03,1.800000000000000000e+03,-2.636439723753798425e+00,2.727753745360817828e+00,-1.535502690375346813e+00
2.588599999999999923e+01,1.625000000000000000e+03,1.800000000000000000e+03,-2.631891038750992173e+00,2.731004888883456161e+00,-1.536234072177200094e+00
2.590299999999999869e+01,1.625000000000000000e+03,1.800000000000000000e+03,-2.629241395564940298e+00,2.730464474783644402e+00,-1.536965221043411933e+00
2.592000000000000171e+01,1.625000000000000000e+03,1.800000000000000000e+03,-2.629241395564940298e+00,2.730464474783644402e+00,-1.536965221043411933e+00
2.593700000000000117e+01,1.625000000000000000e+03,1.800000000000000000e+03,-2.620786698038583218e+00,2.730832306907879481e+00,-1.568057193219739132e+00
2.595400000000000063e+01,1.625000000000000000e+03,1.800000000000000000e+03,-2.616891475828366787e+00,2.727949832310991862e+00,-1.554291176535281371e+00
2.597100000000000009e+01,1.625000000000000000e+03,1.800000000000000000e+03,-2.594733727613621976e+00,2.727628924802901977e+00,-1.568621134961078356e+00
2.598799999999999955e+01,1.625000000000000000e+03,1.800000000000000000e+03,-2.594733727613621976e+00,2.727628924802901977e+00,-1.568621134961078356e+00
2.600499999999999901e+01,1.625000000000000000e+03,1.800000000000000000e+03,-2.592453132571792551e+00,2.729256083994899829e+00,-1.583380111009078828e+00
2.602199999999999847e+01,1.625000000000000000e+03,1.800000000000000000e+03,-2.592453132571792551e+00,2.729256083994899829e+00,-1.583380111009078828e+00
2.603900000000000148e+01,1.625000000000000000e+03,1.800000000000000000e+03,-2.588938364428428507e+00,2.728543790236169109e+00,-1.584109790815220853e+00
2.605699999999999861e+01,1.625000000000000000e+03,1.800000000000000000e+03,-2.588938364428428507e+00,2.728543790236169109e+00,-1.584109790815220853e+00
2.607400000000000162e+01,1.625000000000000000e+03,1.800000000000000000e+03,-2.579981911629520397e+00,2.730911308082506483e+00,-1.576521053433091346e+00
2.609100000000000108e+01,1.625000000000000000e+03,1.800000000000000000e+03,-2.575775594791843481e+00,2.725881073436905222e+00,-1.587025756583385849e+00
2.610800000000000054e+01,1.625000000000000000e+03,1.800000000000000000e+03,-2.571554174703226892e+00,2.731297696872889258e+00,-1.593266905735024608e+00
2.612500000000000000e+01,1.625000000000000000e+03,1.800000000000000000e+03,-2.571554174703226892e+00,2.731297696872889258e+00,-1.593266905735024608e+00
2.614199999999999946e+01,1.625000000000000000e+03,1.800000000000000000e+03,-2.564540823735194319e+00,2.729879911807227888e+00,-1.594722686323111649e+00
2.616000000000000014e+01,1.625000000000000000e+03,1.800000000000000000e+03,-2.561037082734725523e+00,2.729172408034553854e+00,-1.595450154269273613e+00
2.617699999999999960e+01,1.625000000000000000e+03,1.800000000000000000e+03,-2.561037082734725523e+00,2.729172408034553854e+00,-1.595450154269273613e+00
2.619399999999999906e+01,1.625000000000000000e+03,1.800000000000000000e+03,-2.552824205038764394e+00,2.725427532894267646e+00,-1.606221966254320899e+00
2.621099999999999852e+01,1.625000000000000000e+03,1.800000000000000000e+03,-2.552824205038764394e+00,2.725427532894267646e+00,-1.606221966254320899e+00
2.622899999999999920e+01,1.625000000000000000e+03,1.800000000000000000e+03,-2.545627362804219640e+00,2.728156260670876243e+00,-1.613718331350641799e+00
2.624599999999999866e+01,1.625000000000000000e+03,1.800000000000000000e+03,-2.545627362804219640e+00,2.728156260670876243e+00,-1.613718331350641799e+00
2.626300000000000168e+01,1.625000000000000000e+03,1.800000000000000000e+03,-2.542132573618231639e+00,2.727452822103511032e+00,-1.614443601620554780e+00
2.628000000000000114e+01,1.625000000000000000e+03,1.800000000000000000e+03,-2.530241620674780201e+00,2.727151934712756187e+00,-1.632041829129802890e+00
2.629700000000000060e+01,1.625000000000000000e+03,1.800000000000000000e+03,-2.530241620674780201e+00,2.727151934712756187e+00,-1.632041829129802890e+00
2.631400000000000006e+01,1.625000000000000000e+03,1.800000000000000000e+03,-2.526753761644035201e+00,2.726451587194288262e+00,-1.632764640435834247e+00
2.633099999999999952e+01,1.625000000000000000e+03,1.800000000000000000e+03,-2.523267812854477654e+00,2.725752130425594721e+00,-1.633487138615640433e+00
2.634799999999999898e+01,1.625000000000000000e+03,1.800000000000000000e+03,-2.523267812854477654e+00,2.725752130425594721e+00,-1.633487138615640433e+00
2.636499999999999844e+01,1.625000000000000000e+03,1.800000000000000000e+03,-2.515431390070148598e+00,2.724181592355091386e+00,-1.634931195421946315e+00
2.638299999999999912e+01,1.625000000000000000e+03,1.800000000000000000e+03,-2.515431390070148598e+00,2.724181592355091386e+00,-1.634931195421946315e+00
2.639999999999999858e+01,1.625000000000000000e+03,1.800000000000000000e+03,-2.511951619870126606e+00,2.723485007732922014e+00,-1.635652753962907324e+00
2.641600000000000037e+01,1.625000000000000000e+03,1.800000000000000000e+03,-2.506180620088887423e+00,2.724417598941821339e+00,-1.651847140493397426e+00
2.643400000000000105e+01,1.625000000000000000e+03,1.800000000000000000e+03,-2.506180620088887423e+00,2.724417598941821339e+00,-1.651847140493397426e+00
2.645100000000000051e+01,1.625000000000000000e+03,1.800000000000000000e+03,-2.499540923361530886e+00,2.725177926792750949e+00,-1.653285119713779450e+00
2.646799999999999997e+01,1.625000000000000000e+03,1.800000000000000000e+03,-2.499540923361530886e+00,2.725177926792750949e+00,-1.653285119713779450e+00
2.648600000000000065e+01,1.625000000000000000e+03,1.800000000000000000e+03,-2.480154276839730887e+00,2.719225271956542844e+00,-1.657591171130300411e+00
2.650300000000000011e+01,1.625000000000000000e+03,1.800000000000000000e+03,-2.476992021016586776e+00,2.720680250783775289e+00,-1.673095899383056029e+00
2.651999999999999957e+01,1.625000000000000000e+03,1.800000000000000000e+03,-2.473529940322858778e+00,2.719991504086099798e+00,-1.673810110972828058e+00
2.653699999999999903e+01,1.625000000000000000e+03,1.800000000000000000e+03,-2.465747017736358071e+00,2.718444911383290474e+00,-1.690772881488227242e+00
2.655399999999999849e+01,1.625000000000000000e+03,1.800000000000000000e+03,-2.465747017736358071e+00,2.718444911383290474e+00,-1.690772881488227242e+00
2.657199999999999918e+01,1.625000000000000000e+03,1.800000000000000000e+03,-2.461427202716500062e+00,2.717587530611435209e+00,-1.691483293013157807e+00
2.658899999999999864e+01,1.625000000000000000e+03,1.800000000000000000e+03,-2.461427202716500062e+00,2.717587530611435209e+00,-1.691483293013157807e+00
2.660800000000000054e+01,1.625000000000000000e+03,1.800000000000000000e+03,-2.459128183440080218e+00,2.719214600442112495e+00,-1.692193346684573552e+00
2.662500000000000000e+01,1.625000000000000000e+03,1.800000000000000000e+03,-2.450208526745272231e+00,2.721615012186953120e+00,-1.687001076257097498e+00
2.664199999999999946e+01,1.625000000000000000e+03,1.800000000000000000e+03,-2.450208526745272231e+00,2.721615012186953120e+00,-1.687001076257097498e+00
2.665899999999999892e+01,1.625000000000000000e+03,1.800000000000000000e+03,-2.450208526745272231e+00,2.721615012186953120e+00,-1.687001076257097498e+00
2.667599999999999838e+01,1.625000000000000000e+03,1.800000000000000000e+03,-2.442737580628993932e+00,2.715967027238800124e+00,-1.695738245505014063e+00
2.669300000000000139e+01,1.625000000000000000e+03,1.800000000000000000e+03,-2.439010250293131676e+00,2.713150062452719613e+00,-1.705679190018315916e+00
2.671000000000000085e+01,1.625000000000000000e+03,1.800000000000000000e+03,-2.435848565234948637e+00,2.714605189978097410e+00,-1.697153698394900490e+00
2.672800000000000153e+01,1.625000000000000000e+03,1.800000000000000000e+03,-2.431242928506641920e+00,2.717858830340670995e+00,-1.732580080297104308e+00
2.674500000000000099e+01,1.625000000000000000e+03,1.800000000000000000e+03,-2.424635227196647591e+00,2.718636780725464774e+00,-1.723418292020507669e+00
2.676200000000000045e+01,1.625000000000000000e+03,1.800000000000000000e+03,-2.424635227196647591e+00,2.718636780725464774e+00,-1.723418292020507669e+00
2.677899999999999991e+01,1.625000000000000000e+03,1.800000000000000000e+03,-2.424635227196647591e+00,2.718636780725464774e+00,-1.723418292020507669e+00
2.679500000000000171e+01,1.625000000000000000e+03,1.800000000000000000e+03,-2.424635227196647591e+00,2.718636780725464774e+00,-1.723418292020507669e+00
2.681200000000000117e+01,1.625000000000000000e+03,1.800000000000000000e+03,-2.421194782958886016e+00,2.717957223816129808e+00,-1.724119404402072231e+00
2.682900000000000063e+01,1.625000000000000000e+03,1.800000000000000000e+03,-2.414048961489739575e+00,2.714465535207151170e+00,-1.747636400046701288e+00
2.684600000000000009e+01,1.625000000000000000e+03,1.800000000000000000e+03,-2.414048961489739575e+00,2.714465535207151170e+00,-1.747636400046701288e+00
2.686299999999999955e+01,1.625000000000000000e+03,1.800000000000000000e+03,-2.409167372968988197e+00,2.715585127781432018e+00,-1.748330487981177628e+00
2.688100000000000023e+01,1.625000000000000000e+03,1.800000000000000000e+03,-2.402896907513665692e+00,2.712270664007704113e+00,-1.754869105493810144e+00
2.689799999999999969e+01,1.625000000000000000e+03,1.800000000000000000e+03,-2.402896907513665692e+00,2.712270664007704113e+00,-1.754869105493810144e+00
2.691600000000000037e+01,1.625000000000000000e+03,1.800000000000000000e+03,-2.398612663839323922e+00,2.711428718875755983e+00,-1.734533301700205143e+00
2.693199999999999861e+01,1.625000000000000000e+03,1.800000000000000000e+03,-2.398612663839323922e+00,2.711428718875755983e+00,-1.734533301700205143e+00
2.694999999999999929e+01,1.625000000000000000e+03,1.800000000000000000e+03,-2.395187264673010130e+00,2.710756051881437312e+00,-1.735230017977025474e+00
2.696799999999999997e+01,1.625000000000000000e+03,1.800000000000000000e+03,-2.395187264673010130e+00,2.710756051881437312e+00,-1.735230017977025474e+00
2.698499999999999943e+01,1.625000000000000000e+03,1.800000000000000000e+03,-2.368203618073419836e+00,2.701328876314707195e+00,-1.771632169854831629e+00
2.700300000000000011e+01,1.625000000000000000e+03,1.800000000000000000e+03,-2.364796830020871266e+00,2.700664755402936379e+00,-1.772316449258198201e+00
2.701999999999999957e+01,1.625000000000000000e+03,1.800000000000000000e+03,-2.364796830020871266e+00,2.700664755402936379e+00,-1.772316449258198201e+00
2.703699999999999903e+01,1.625000000000000000e+03,1.800000000000000000e+03,-2.357988459064590536e+00,2.699338799166933089e+00,-1.773683779426642682e+00
2.705399999999999849e+01,1.625000000000000000e+03,1.800000000000000000e+03,-2.357988459064590536e+00,2.699338799166933089e+00,-1.773683779426642682e+00
2.707100000000000151e+01,1.625000000000000000e+03,1.800000000000000000e+03,-2.354586869470431498e+00,2.698676959159434396e+00,-1.774366830156366648e+00
2.708800000000000097e+01,1.625000000000000000e+03,1.800000000000000000e+03,-2.354586869470431498e+00,2.698676959159434396e+00,-1.774366830156366648e+00
2.710500000000000043e+01,1.625000000000000000e+03,1.800000000000000000e+03,-2.350337309498725880e+00,2.697850721512715211e+00,-1.775049471297553971e+00
2.712199999999999989e+01,1.625000000000000000e+03,1.800000000000000000e+03,-2.346939599114772790e+00,2.697190578491435176e+00,-1.775731702839569826e+00
2.714000000000000057e+01,1.625000000000000000e+03,1.800000000000000000e+03,-2.342694877740889581e+00,2.696366454858019068e+00,-1.791883312084420643e+00
2.715700000000000003e+01,1.625000000000000000e+03,1.800000000000000000e+03,-2.339301029948164246e+00,2.695707997322575711e+00,-1.792559564689572893e+00
2.717399999999999949e+01,1.625000000000000000e+03,1.800000000000000000e+03,-2.335908893576602363e+00,2.695050285255449207e+00,-1.793235396680273652e+00
2.719099999999999895e+01,1.625000000000000000e+03,1.800000000000000000e+03,-2.331285013840010301e+00,2.698286683610948256e+00,-1.801802201009218951e+00
2.720899999999999963e+01,1.625000000000000000e+03,1.800000000000000000e+03,-2.328282827418072021e+00,2.693573147295638126e+00,-1.794585798808180810e+00
2.722599999999999909e+01,1.625000000000000000e+03,1.800000000000000000e+03,-2.324896230938021446e+00,2.692917842819123386e+00,-1.795260368947974916e+00
2.724299999999999855e+01,1.625000000000000000e+03,1.800000000000000000e+03,-2.324896230938021446e+00,2.692917842819123386e+00,-1.795260368947974916e+00
2.726000000000000156e+01,1.625000000000000000e+03,1.800000000000000000e+03,-2.321511332259047489e+00,2.692263274536032203e+00,-1.795934518478518038e+00
2.727700000000000102e+01,1.625000000000000000e+03,1.800000000000000000e+03,-2.314523961890937453e+00,2.688852561864647495e+00,-1.809298355216865106e+00
2.729400000000000048e+01,1.625000000000000000e+03,1.800000000000000000e+03,-2.310742982921343280e+00,2.692245697045935415e+00,-1.825249838170218464e+00
2.731200000000000117e+01,1.625000000000000000e+03,1.800000000000000000e+03,-2.310742982921343280e+00,2.692245697045935415e+00,-1.825249838170218464e+00
2.732900000000000063e+01,1.625000000000000000e+03,1.800000000000000000e+03,-2.305019784998770582e+00,2.684963110459128277e+00,-1.814607161574906868e+00
2.734700000000000131e+01,1.625000000000000000e+03,1.800000000000000000e+03,-2.302297873083118507e+00,2.690616300304970121e+00,-1.842473154303734706e+00
2.736400000000000077e+01,1.625000000000000000e+03,1.800000000000000000e+03,-2.302297873083118507e+00,2.690616300304970121e+00,-1.842473154303734706e+00
2.737999999999999901e+01,1.625000000000000000e+03,1.800000000000000000e+03,-2.298492309670213896e+00,2.685764238517701408e+00,-1.815938817697579921e+00
2.739799999999999969e+01,1.625000000000000000e+03,1.800000000000000000e+03,-2.295750721363722491e+00,2.683180902812082103e+00,-1.816603999764308419e+00
2.741499999999999915e+01,1.625000000000000000e+03,1.800000000000000000e+03,-2.290492333065582642e+00,2.688342737266252502e+00,-1.829217957410506523e+00
2.743100000000000094e+01,1.625000000000000000e+03,1.800000000000000000e+03,-2.287123079954149762e+00,2.687694764245345702e+00,-1.829877775920009331e+00
2.744800000000000040e+01,1.625000000000000000e+03,1.800000000000000000e+03,-2.287123079954149762e+00,2.687694764245345702e+00,-1.829877775920009331e+00
2.746499999999999986e+01,1.625000000000000000e+03,1.800000000000000000e+03,-2.279770193412379520e+00,2.680115264091784244e+00,-1.847673303973051295e+00
2.748199999999999932e+01,1.625000000000000000e+03,1.800000000000000000e+03,-2.256874360411706970e+00,2.681894943535322540e+00,-1.864937713498192373e+00
2.749899999999999878e+01,1.625000000000000000e+03,1.800000000000000000e+03,-2.255002875408363305e+00,2.679483353230843967e+00,-1.882444510518383796e+00
2.751699999999999946e+01,1.625000000000000000e+03,1.800000000000000000e+03,-2.255002875408363305e+00,2.679483353230843967e+00,-1.882444510518383796e+00
2.753300000000000125e+01,1.625000000000000000e+03,1.800000000000000000e+03,-2.250170518315955714e+00,2.680613818942142679e+00,-1.866223605911657923e+00
2.755099999999999838e+01,1.625000000000000000e+03,1.800000000000000000e+03,-2.245793306553608204e+00,2.677725714787020816e+00,-1.898767032366548646e+00
2.756899999999999906e+01,1.625000000000000000e+03,1.800000000000000000e+03,-2.243551713950437954e+00,2.671153226261449021e+00,-1.884449891332914406e+00
2.758599999999999852e+01,1.625000000000000000e+03,1.800000000000000000e+03,-2.236038052161651191e+00,2.669725257020864273e+00,-1.885716227735283246e+00
2.760300000000000153e+01,1.625000000000000000e+03,1.800000000000000000e+03,-2.231867329227731567e+00,2.668933432415662832e+00,-1.902554655878346823e+00
2.762000000000000099e+01,1.625000000000000000e+03,1.800000000000000000e+03,-2.229548832752613841e+00,2.670537974829436667e+00,-1.902554655878346823e+00
2.763700000000000045e+01,1.625000000000000000e+03,1.800000000000000000e+03,-2.229548832752613841e+00,2.670537974829436667e+00,-1.902554655878346823e+00
2.765399999999999991e+01,1.625000000000000000e+03,1.800000000000000000e+03,-2.221867853613451071e+00,2.667037377367179829e+00,-1.919908491151151253e+00
2.767200000000000060e+01,1.625000000000000000e+03,1.800000000000000000e+03,-2.221867853613451071e+00,2.667037377367179829e+00,-1.919908491151151253e+00
2.768900000000000006e+01,1.625000000000000000e+03,1.800000000000000000e+03,-2.219548349616746297e+00,2.668641049340796378e+00,-1.904425672194237640e+00
2.770599999999999952e+01,1.625000000000000000e+03,1.800000000000000000e+03,-2.219548349616746297e+00,2.668641049340796378e+00,-1.904425672194237640e+00
2.772500000000000142e+01,1.625000000000000000e+03,1.800000000000000000e+03,-2.214377716576903410e+00,2.665619321229261374e+00,-1.921138046161210866e+00
2.774200000000000088e+01,1.625000000000000000e+03,1.800000000000000000e+03,-2.206551452572716343e+00,2.660062935508526127e+00,-1.923059396896109829e+00
2.775900000000000034e+01,1.625000000000000000e+03,1.800000000000000000e+03,-2.206551452572716343e+00,2.660062935508526127e+00,-1.923059396896109829e+00
2.777599999999999980e+01,1.625000000000000000e+03,1.800000000000000000e+03,-2.206551452572716343e+00,2.660062935508526127e+00,-1.923059396896109829e+00
2.779299999999999926e+01,1.625000000000000000e+03,1.800000000000000000e+03,-2.202402057141139569e+00,2.659280440045820537e+00,-1.939662127482331799e+00
2.780999999999999872e+01,1.625000000000000000e+03,1.800000000000000000e+03,-2.200251706331479706e+00,2.662950020900666459e+00,-1.940235606696326442e+00
2.782700000000000173e+01,1.625000000000000000e+03,1.800000000000000000e+03,-2.191625197593173979e+00,2.657250787868790542e+00,-1.941471645425443704e+00
2.784400000000000119e+01,1.625000000000000000e+03,1.800000000000000000e+03,-2.191625197593173979e+00,2.657250787868790542e+00,-1.941471645425443704e+00
2.786100000000000065e+01,1.625000000000000000e+03,1.800000000000000000e+03,-2.190133097079418611e+00,2.659005131657639076e+00,-1.941471645425443704e+00
2.787800000000000011e+01,1.625000000000000000e+03,1.800000000000000000e+03,-2.190133097079418611e+00,2.659005131657639076e+00,-1.941471645425443704e+00
2.789499999999999957e+01,1.625000000000000000e+03,1.800000000000000000e+03,-2.184335786842109162e+00,2.657914333834272114e+00,-1.942675598491844013e+00
2.791400000000000148e+01,1.625000000000000000e+03,1.800000000000000000e+03,-2.177557471474918849e+00,2.654607098610910043e+00,-1.961012469989067863e+00
2.793199999999999861e+01,1.625000000000000000e+03,1.800000000000000000e+03,-2.174251531222069822e+00,2.653986768035986543e+00,-1.961603261673886101e+00
2.794900000000000162e+01,1.625000000000000000e+03,1.800000000000000000e+03,-2.174251531222069822e+00,2.653986768035986543e+00,-1.961603261673886101e+00
2.796699999999999875e+01,1.625000000000000000e+03,1.800000000000000000e+03,-2.170791620192147331e+00,2.651307481781050246e+00,-1.961020172934076378e+00
2.798400000000000176e+01,1.625000000000000000e+03,1.800000000000000000e+03,-2.170791620192147331e+00,2.651307481781050246e+00,-1.961020172934076378e+00
2.800000000000000000e+01,1.625000000000000000e+03,1.800000000000000000e+03,-2.147136391540989564e+00,2.638795176927233754e+00,-1.996528137816214965e+00
2.801699999999999946e+01,1.625000000000000000e+03,1.800000000000000000e+03,-2.143031004249426275e+00,2.638031844278297289e+00,-1.982117625329591126e+00
2.803399999999999892e+01,1.625000000000000000e+03,1.800000000000000000e+03,-2.143031004249426275e+00,2.638031844278297289e+00,-1.982117625329591126e+00
2.805099999999999838e+01,1.625000000000000000e+03,1.800000000000000000e+03,-2.139748416272897025e+00,2.637421887898837358e+00,-1.982694686509831605e+00
2.806899999999999906e+01,1.625000000000000000e+03,1.800000000000000000e+03,-2.132368175759200124e+00,2.636051785996733177e+00,-1.983847358259836602e+00
2.808699999999999974e+01,1.625000000000000000e+03,1.800000000000000000e+03,-2.128271373958749990e+00,2.635291990371050108e+00,-1.969375614823934084e+00
2.810399999999999920e+01,1.625000000000000000e+03,1.800000000000000000e+03,-2.128271373958749990e+00,2.635291990371050108e+00,-1.969375614823934084e+00
2.812099999999999866e+01,1.625000000000000000e+03,1.800000000000000000e+03,-2.124861370473169142e+00,2.632645161455208438e+00,-1.987486260690183748e+00
2.813800000000000168e+01,1.625000000000000000e+03,1.800000000000000000e+03,-2.124861370473169142e+00,2.632645161455208438e+00,-1.987486260690183748e+00
2.815500000000000114e+01,1.625000000000000000e+03,1.800000000000000000e+03,-2.122958133003102876e+00,2.628269198498267123e+00,-2.016077798170718527e+00
2.817200000000000060e+01,1.625000000000000000e+03,1.800000000000000000e+03,-2.118872093440015369e+00,2.627514331364895650e+00,-2.001810562259465076e+00
2.818900000000000006e+01,1.625000000000000000e+03,1.800000000000000000e+03,-2.115604958707813843e+00,2.626911133115455765e+00,-2.002374879290953480e+00
2.820599999999999952e+01,1.625000000000000000e+03,1.800000000000000000e+03,-2.111523157485353686e+00,2.626158002798535396e+00,-1.988023146185606160e+00
2.822299999999999898e+01,1.625000000000000000e+03,1.800000000000000000e+03,-2.106502310850322246e+00,2.623225516191190376e+00,-2.022509374958942008e+00
2.823999999999999844e+01,1.625000000000000000e+03,1.800000000000000000e+03,-2.103242279423971794e+00,2.622625358831436326e+00,-2.023060336802915415e+00
2.825700000000000145e+01,1.625000000000000000e+03,1.800000000000000000e+03,-2.103242279423971794e+00,2.622625358831436326e+00,-2.023060336802915415e+00
2.827400000000000091e+01,1.625000000000000000e+03,1.800000000000000000e+03,-2.100675139430757898e+00,2.620148790639452496e+00,-2.023610812726818864e+00
2.829100000000000037e+01,1.625000000000000000e+03,1.800000000000000000e+03,-2.100675139430757898e+00,2.620148790639452496e+00,-2.023610812726818864e+00
2.830799999999999983e+01,1.625000000000000000e+03,1.800000000000000000e+03,-2.097419188488951036e+00,2.619550432200254075e+00,-2.024160802870629716e+00
2.832499999999999929e+01,1.625000000000000000e+03,1.800000000000000000e+03,-2.095670985191999236e+00,2.617227585236592269e+00,-2.036465922000568973e+00
2.834199999999999875e+01,1.625000000000000000e+03,1.800000000000000000e+03,-2.090793158906941951e+00,2.616332732386019266e+00,-2.022368741690939942e+00
2.835900000000000176e+01,1.625000000000000000e+03,1.800000000000000000e+03,-2.084294582119435191e+00,2.615141712335214308e+00,-2.023469023151499790e+00
2.837600000000000122e+01,1.625000000000000000e+03,1.800000000000000000e+03,-2.080122227751883379e+00,2.612379946015645160e+00,-2.042838967469958522e+00
2.839300000000000068e+01,1.625000000000000000e+03,1.800000000000000000e+03,-2.080122227751883379e+00,2.612379946015645160e+00,-2.042838967469958522e+00
2.841100000000000136e+01,1.625000000000000000e+03,1.800000000000000000e+03,-2.076067745935559650e+00,2.611638622698729151e+00,-2.058938089124549009e+00
2.842800000000000082e+01,1.625000000000000000e+03,1.800000000000000000e+03,-2.069258879352560143e+00,2.604416708629103905e+00,-2.041549480263947114e+00
2.844500000000000028e+01,1.625000000000000000e+03,1.800000000000000000e+03,-2.069258879352560143e+00,2.604416708629103905e+00,-2.041549480263947114e+00
2.846199999999999974e+01,1.625000000000000000e+03,1.800000000000000000e+03,-2.069258879352560143e+00,2.604416708629103905e+00,-2.041549480263947114e+00
2.847899999999999920e+01,1.625000000000000000e+03,1.800000000000000000e+03,-2.066131504477157321e+00,2.605837684262740428e+00,-2.065594054938042490e+00
2.849599999999999866e+01,1.625000000000000000e+03,1.800000000000000000e+03,-2.043228295315563159e+00,2.595716166145006110e+00,-2.100606706985395089e+00
2.851399999999999935e+01,1.625000000000000000e+03,1.800000000000000000e+03,-2.043228295315563159e+00,2.595716166145006110e+00,-2.100606706985395089e+00
2.853099999999999881e+01,1.625000000000000000e+03,1.800000000000000000e+03,-2.038209103260920418e+00,2.590846695477022177e+00,-2.096202087242653000e+00
2.856700000000000017e+01,1.625000000000000000e+03,1.800000000000000000e+03,-2.031688474185022297e+00,2.587692407869880196e+00,-2.118407938791528888e+00
2.858500000000000085e+01,1.625000000000000000e+03,1.800000000000000000e+03,-2.031688474185022297e+00,2.587692407869880196e+00,-2.118407938791528888e+00
2.861599999999999966e+01,1.625000000000000000e+03,1.800000000000000000e+03,-2.031688474185022297e+00,2.587692407869880196e+00,-2.118407938791528888e+00
2.865500000000000114e+01,1.625000000000000000e+03,1.800000000000000000e+03,-2.031688474185022297e+00,2.587692407869880196e+00,-2.118407938791528888e+00
2.867399999999999949e+01,1.625000000000000000e+03,1.800000000000000000e+03,-2.022862038484384950e+00,2.586102042161869008e+00,-2.104375146486213932e+00
2.869800000000000040e+01,1.625000000000000000e+03,1.800000000000000000e+03,-2.009714839312384260e+00,2.575859043446600882e+00,-2.122585176720712230e+00
2.871600000000000108e+01,1.625000000000000000e+03,1.800000000000000000e+03,-2.005880845103171328e+00,2.579107314192744305e+00,-2.137839637010114924e+00
2.873300000000000054e+01,1.625000000000000000e+03,1.800000000000000000e+03,-2.004202844200602573e+00,2.576838524539085462e+00,-2.123064840078915605e+00
2.875000000000000000e+01,1.625000000000000000e+03,1.800000000000000000e+03,-2.004202844200602573e+00,2.576838524539085462e+00,-2.123064840078915605e+00
2.876699999999999946e+01,1.625000000000000000e+03,1.800000000000000000e+03,-2.000132205269682384e+00,2.574144092182933274e+00,-2.161648031141869986e+00
2.878399999999999892e+01,1.625000000000000000e+03,1.800000000000000000e+03,-1.996940805776969974e+00,2.573573575040260852e+00,-2.162099021709544822e+00
2.880099999999999838e+01,1.625000000000000000e+03,1.800000000000000000e+03,-1.992082257020749703e+00,2.570742690957566357e+00,-2.147446057810561193e+00
2.881800000000000139e+01,1.625000000000000000e+03,1.800000000000000000e+03,-1.988099353755254262e+00,2.570032237191448132e+00,-2.147907144086885545e+00
2.883599999999999852e+01,1.625000000000000000e+03,1.800000000000000000e+03,-1.985639445330852348e+00,2.567633344840550169e+00,-2.141450532078236435e+00
2.885300000000000153e+01,1.625000000000000000e+03,1.800000000000000000e+03,-1.983977665836530901e+00,2.565379028961018992e+00,-2.141915782470830809e+00
2.887000000000000099e+01,1.625000000000000000e+03,1.800000000000000000e+03,-1.979933962748889886e+00,2.562703683899655083e+00,-2.165163102972445408e+00
2.888700000000000045e+01,1.625000000000000000e+03,1.800000000000000000e+03,-1.979933962748889886e+00,2.562703683899655083e+00,-2.165163102972445408e+00
2.890399999999999991e+01,1.625000000000000000e+03,1.800000000000000000e+03,-1.978277356712849766e+00,2.560455241641343083e+00,-2.172510180036486993e+00
2.892299999999999827e+01,1.625000000000000000e+03,1.800000000000000000e+03,-1.975102344771364038e+00,2.559891849527354157e+00,-2.172952362578338459e+00
2.894000000000000128e+01,1.625000000000000000e+03,1.800000000000000000e+03,-1.975102344771364038e+00,2.559891849527354157e+00,-2.172952362578338459e+00
2.895700000000000074e+01,1.625000000000000000e+03,1.800000000000000000e+03,-1.970342417325055662e+00,2.559047803345656291e+00,-2.159073927517796587e+00
2.897400000000000020e+01,1.625000000000000000e+03,1.800000000000000000e+03,-1.970342417325055662e+00,2.559047803345656291e+00,-2.159073927517796587e+00
2.899099999999999966e+01,1.625000000000000000e+03,1.800000000000000000e+03,-1.967107887557492774e+00,2.556523674227921816e+00,-2.159525725163429222e+00
2.900799999999999912e+01,1.625000000000000000e+03,1.800000000000000000e+03,-1.943848375042777521e+00,2.540762964124775536e+00,-2.193024717198468032e+00
2.902499999999999858e+01,1.625000000000000000e+03,1.800000000000000000e+03,-1.941433652613702820e+00,2.538403577455615068e+00,-2.193450206664379731e+00
2.904299999999999926e+01,1.625000000000000000e+03,1.800000000000000000e+03,-1.941433652613702820e+00,2.538403577455615068e+00,-2.193450206664379731e+00
2.905999999999999872e+01,1.625000000000000000e+03,1.800000000000000000e+03,-1.937448663875159793e+00,2.535771713917843506e+00,-2.203076126239507548e+00
2.907799999999999940e+01,1.625000000000000000e+03,1.800000000000000000e+03,-1.924002698638494602e+00,2.529561951709728085e+00,-2.219850006895968342e+00
2.909499999999999886e+01,1.625000000000000000e+03,1.800000000000000000e+03,-1.920823292536392390e+00,2.527081373390790198e+00,-2.220254365414899844e+00
2.911199999999999832e+01,1.625000000000000000e+03,1.800000000000000000e+03,-1.920823292536392390e+00,2.527081373390790198e+00,-2.220254365414899844e+00
2.912999999999999901e+01,1.625000000000000000e+03,1.800000000000000000e+03,-1.919172348722777199e+00,2.522947050093251153e+00,-2.211831018919127256e+00
2.914600000000000080e+01,1.625000000000000000e+03,1.800000000000000000e+03,-1.916041587340165941e+00,2.522402728539219652e+00,-2.212241340988950977e+00
2.916300000000000026e+01,1.625000000000000000e+03,1.800000000000000000e+03,-1.913694387812912012e+00,2.521994836643232318e+00,-2.212651214095775920e+00
2.918100000000000094e+01,1.625000000000000000e+03,1.800000000000000000e+03,-1.913694387812912012e+00,2.521994836643232318e+00,-2.212651214095775920e+00
2.919800000000000040e+01,1.625000000000000000e+03,1.800000000000000000e+03,-1.913694387812912012e+00,2.521994836643232318e+00,-2.212651214095775920e+00
2.921499999999999986e+01,1.625000000000000000e+03,1.800000000000000000e+03,-1.909002226113827305e+00,2.521179950486442500e+00,-2.213060638379923173e+00
2.923199999999999932e+01,1.625000000000000000e+03,1.800000000000000000e+03,-1.902646543319919337e+00,2.514326000791141436e+00,-2.223483432188514186e+00
2.924899999999999878e+01,1.625000000000000000e+03,1.800000000000000000e+03,-1.902646543319919337e+00,2.514326000791141436e+00,-2.223483432188514186e+00
2.926599999999999824e+01,1.625000000000000000e+03,1.800000000000000000e+03,-1.897155485541949016e+00,2.511463321267428217e+00,-2.229043627149343454e+00
2.928300000000000125e+01,1.625000000000000000e+03,1.800000000000000000e+03,-1.897155485541949016e+00,2.511463321267428217e+00,-2.229043627149343454e+00
2.930000000000000071e+01,1.625000000000000000e+03,1.800000000000000000e+03,-1.893229906771207505e+00,2.508874609961520008e+00,-2.239481986765875288e+00
2.931700000000000017e+01,1.625000000000000000e+03,1.800000000000000000e+03,-1.893229906771207505e+00,2.508874609961520008e+00,-2.239481986765875288e+00
2.933399999999999963e+01,1.625000000000000000e+03,1.800000000000000000e+03,-1.889338638306069962e+00,2.508203612255923254e+00,-2.225891803528264656e+00
2.935099999999999909e+01,1.625000000000000000e+03,1.800000000000000000e+03,-1.885449409639370355e+00,2.507533434302104070e+00,-2.226290175216970812e+00
2.936799999999999855e+01,1.625000000000000000e+03,1.800000000000000000e+03,-1.880709366652632664e+00,2.500999440225252002e+00,-2.269481631491718776e+00
2.938500000000000156e+01,1.625000000000000000e+03,1.800000000000000000e+03,-1.880709366652632664e+00,2.500999440225252002e+00,-2.269481631491718776e+00
2.940200000000000102e+01,1.625000000000000000e+03,1.800000000000000000e+03,-1.872908135949785891e+00,2.495858955366121457e+00,-2.281836305940703191e+00
2.941900000000000048e+01,1.625000000000000000e+03,1.800000000000000000e+03,-1.872908135949785891e+00,2.495858955366121457e+00,-2.281836305940703191e+00
2.943700000000000117e+01,1.625000000000000000e+03,1.800000000000000000e+03,-1.872864502823242239e+00,2.492056590540349781e+00,-2.284670436630407142e+00
2.945400000000000063e+01,1.625000000000000000e+03,1.800000000000000000e+03,-1.867448290565245639e+00,2.491130762034232671e+00,-2.271747235864508330e+00
2.947100000000000009e+01,1.625000000000000000e+03,1.800000000000000000e+03,-1.867448290565245639e+00,2.491130762034232671e+00,-2.271747235864508330e+00
2.948799999999999955e+01,1.625000000000000000e+03,1.800000000000000000e+03,-1.848080449579930340e+00,2.478384297991727436e+00,-2.299905031586484849e+00
2.950499999999999901e+01,1.625000000000000000e+03,1.800000000000000000e+03,-1.848080449579930340e+00,2.478384297991727436e+00,-2.299905031586484849e+00
2.952299999999999969e+01,1.625000000000000000e+03,1.800000000000000000e+03,-1.844232286308409519e+00,2.477731667454503572e+00,-2.300244152967275468e+00
2.953999999999999915e+01,1.625000000000000000e+03,1.800000000000000000e+03,-1.844232286308409519e+00,2.477731667454503572e+00,-2.300244152967275468e+00
2.955699999999999861e+01,1.625000000000000000e+03,1.800000000000000000e+03,-1.838826241830720853e+00,2.471172827502546188e+00,-2.301725879025628974e+00
2.957400000000000162e+01,1.625000000000000000e+03,1.800000000000000000e+03,-1.831913878920216732e+00,2.468128480614195652e+00,-2.302400234284719183e+00
2.959199999999999875e+01,1.625000000000000000e+03,1.800000000000000000e+03,-1.831913878920216732e+00,2.468128480614195652e+00,-2.302400234284719183e+00
2.960800000000000054e+01,1.625000000000000000e+03,1.800000000000000000e+03,-1.831913878920216732e+00,2.468128480614195652e+00,-2.302400234284719183e+00
2.962500000000000000e+01,1.625000000000000000e+03,1.800000000000000000e+03,-1.831134876307322523e+00,2.462376775893449832e+00,-2.329995496991769333e+00
2.964199999999999946e+01,1.625000000000000000e+03,1.800000000000000000e+03,-1.823480498796543170e+00,2.461089429726089683e+00,-2.317530280934921194e+00
2.965899999999999892e+01,1.625000000000000000e+03,1.800000000000000000e+03,-1.823480498796543170e+00,2.461089429726089683e+00,-2.317530280934921194e+00
2.967699999999999960e+01,1.625000000000000000e+03,1.800000000000000000e+03,-1.816600282670239874e+00,2.458065387199632301e+00,-2.331345427108478585e+00
2.969399999999999906e+01,1.625000000000000000e+03,1.800000000000000000e+03,-1.813551490935278343e+00,2.453822829894666491e+00,-2.332363431541042420e+00
2.971099999999999852e+01,1.625000000000000000e+03,1.800000000000000000e+03,-1.813551490935278343e+00,2.453822829894666491e+00,-2.332363431541042420e+00
2.972800000000000153e+01,1.625000000000000000e+03,1.800000000000000000e+03,-1.808984946402593330e+00,2.449334947705249288e+00,-2.346509477713382807e+00
2.974500000000000099e+01,1.625000000000000000e+03,1.800000000000000000e+03,-1.804428819175270426e+00,2.444858061543149663e+00,-2.347201464526703862e+00
2.976300000000000168e+01,1.625000000000000000e+03,1.800000000000000000e+03,-1.804428819175270426e+00,2.444858061543149663e+00,-2.347201464526703862e+00
2.977899999999999991e+01,1.625000000000000000e+03,1.800000000000000000e+03,-1.796844567186887121e+00,2.439887017888564991e+00,-2.361643320420402148e+00
2.979599999999999937e+01,1.625000000000000000e+03,1.800000000000000000e+03,-1.796844567186887121e+00,2.439887017888564991e+00,-2.361643320420402148e+00
2.981400000000000006e+01,1.625000000000000000e+03,1.800000000000000000e+03,-1.796844567186887121e+00,2.439887017888564991e+00,-2.361643320420402148e+00
2.982999999999999829e+01,1.625000000000000000e+03,1.800000000000000000e+03,-1.796844567186887121e+00,2.439887017888564991e+00,-2.361643320420402148e+00
2.984700000000000131e+01,1.625000000000000000e+03,1.800000000000000000e+03,-1.793048154280590056e+00,2.439256328028192033e+00,-2.348800180750316269e+00
2.986499999999999844e+01,1.625000000000000000e+03,1.800000000000000000e+03,-1.792313521090829198e+00,2.435433840281787887e+00,-2.349189418418240027e+00
2.988200000000000145e+01,1.625000000000000000e+03,1.800000000000000000e+03,-1.789294056861405524e+00,2.433085817412200758e+00,-2.376160192458143250e+00
2.989900000000000091e+01,1.625000000000000000e+03,1.800000000000000000e+03,-1.784748845702705644e+00,2.432333425264954663e+00,-2.363580751081742815e+00
2.991499999999999915e+01,1.625000000000000000e+03,1.800000000000000000e+03,-1.781736818205205797e+00,2.429990164040007450e+00,-2.363867123891001398e+00
2.993299999999999983e+01,1.625000000000000000e+03,1.800000000000000000e+03,-1.778746330568884870e+00,2.425811548650345095e+00,-2.377770564341199044e+00
2.994999999999999929e+01,1.625000000000000000e+03,1.800000000000000000e+03,-1.778746330568884870e+00,2.425811548650345095e+00,-2.377770564341199044e+00
2.996799999999999997e+01,1.625000000000000000e+03,1.800000000000000000e+03,-1.776498142399645985e+00,2.423601198338431129e+00,-2.378045594128991080e+00
2.998600000000000065e+01,1.625000000000000000e+03,1.800000000000000000e+03,-1.759303139422285556e+00,2.409780292569656535e+00,-2.393758615559812064e+00
3.000300000000000011e+01,1.625000000000000000e+03,1.800000000000000000e+03,-1.759303139422285556e+00,2.409780292569656535e+00,-2.393758615559812064e+00
3.001999999999999957e+01,1.625000000000000000e+03,1.800000000000000000e+03,-1.755655138517512093e+00,2.401888715140307440e+00,-2.419336908797888874e+00
3.003699999999999903e+01,1.625000000000000000e+03,1.800000000000000000e+03,-1.755655138517512093e+00,2.401888715140307440e+00,-2.419336908797888874e+00
3.005399999999999849e+01,1.625000000000000000e+03,1.800000000000000000e+03,-1.751905965038449420e+00,2.401277949643894960e+00,-2.407562074055592305e+00
3.007100000000000151e+01,1.625000000000000000e+03,1.800000000000000000e+03,-1.751905965038449420e+00,2.401277949643894960e+00,-2.407562074055592305e+00
3.008800000000000097e+01,1.625000000000000000e+03,1.800000000000000000e+03,-1.747440026074352115e+00,2.398732041318285546e+00,-2.423439533952202130e+00
3.010500000000000043e+01,1.625000000000000000e+03,1.800000000000000000e+03,-1.745256703628993877e+00,2.394744380790936766e+00,-2.420820563600056374e+00
3.012199999999999989e+01,1.625000000000000000e+03,1.800000000000000000e+03,-1.743792817853028865e+00,2.392692960456841877e+00,-2.396597514026583831e+00
3.013899999999999935e+01,1.625000000000000000e+03,1.800000000000000000e+03,-1.740055677934684297e+00,2.392087226682686918e+00,-2.396856549862896202e+00
3.015599999999999881e+01,1.625000000000000000e+03,1.800000000000000000e+03,-1.738629738332106767e+00,2.388234313478296400e+00,-2.422057619945037210e+00
3.017299999999999827e+01,1.625000000000000000e+03,1.800000000000000000e+03,-1.734188125619270604e+00,2.385708027690155220e+00,-2.410333436937201590e+00
3.019099999999999895e+01,1.625000000000000000e+03,1.800000000000000000e+03,-1.733478685207598291e+00,2.383786957862914946e+00,-2.410581388241354261e+00
3.020799999999999841e+01,1.625000000000000000e+03,1.800000000000000000e+03,-1.729045863318778853e+00,2.381267467252876191e+00,-2.426371305267228884e+00
3.022500000000000142e+01,1.625000000000000000e+03,1.800000000000000000e+03,-1.726851257756589098e+00,2.379111271151433726e+00,-2.423764926132485620e+00
3.024200000000000088e+01,1.625000000000000000e+03,1.800000000000000000e+03,-1.726851257756589098e+00,2.379111271151433726e+00,-2.423764926132485620e+00
3.025900000000000034e+01,1.625000000000000000e+03,1.800000000000000000e+03,-1.721024654746844407e+00,2.372777225027011827e+00,-2.440020654301498393e+00
3.027599999999999980e+01,1.625000000000000000e+03,1.800000000000000000e+03,-1.721024654746844407e+00,2.372777225027011827e+00,-2.440020654301498393e+00
3.029299999999999926e+01,1.625000000000000000e+03,1.800000000000000000e+03,-1.718839271059660279e+00,2.370631076134883664e+00,-2.436896298276072681e+00
3.031099999999999994e+01,1.625000000000000000e+03,1.800000000000000000e+03,-1.713734743867600274e+00,2.366227958653504881e+00,-2.509342220316797878e+00
3.032799999999999940e+01,1.625000000000000000e+03,1.800000000000000000e+03,-1.713734743867600274e+00,2.366227958653504881e+00,-2.509342220316797878e+00
3.034499999999999886e+01,1.625000000000000000e+03,1.800000000000000000e+03,-1.711602146707631222e+00,2.362308149490873976e+00,-2.449732140250920676e+00
3.036199999999999832e+01,1.625000000000000000e+03,1.800000000000000000e+03,-1.711602146707631222e+00,2.362308149490873976e+00,-2.449732140250920676e+00
3.037999999999999901e+01,1.625000000000000000e+03,1.800000000000000000e+03,-1.707902154217847190e+00,2.361717914095525561e+00,-2.499678970611364459e+00
3.039699999999999847e+01,1.625000000000000000e+03,1.800000000000000000e+03,-1.706422653230847075e+00,2.361482024840618088e+00,-2.510563453509274900e+00
3.041400000000000148e+01,1.625000000000000000e+03,1.800000000000000000e+03,-1.706422653230847075e+00,2.361482024840618088e+00,-2.510563453509274900e+00
3.043199999999999861e+01,1.625000000000000000e+03,1.800000000000000000e+03,-1.699967285353790158e+00,2.353319038967050414e+00,-2.511609511877165524e+00
3.044900000000000162e+01,1.625000000000000000e+03,1.800000000000000000e+03,-1.699967285353790158e+00,2.353319038967050414e+00,-2.511609511877165524e+00
3.046699999999999875e+01,1.625000000000000000e+03,1.800000000000000000e+03,-1.697016480310769904e+00,2.352850665916527362e+00,-2.511778064281632084e+00
3.048400000000000176e+01,1.625000000000000000e+03,1.800000000000000000e+03,-1.676981563710958634e+00,2.331972089073395704e+00,-2.553138028876695831e+00
3.050100000000000122e+01,1.625000000000000000e+03,1.800000000000000000e+03,-1.676981563710958634e+00,2.331972089073395704e+00,-2.553138028876695831e+00
3.051800000000000068e+01,1.625000000000000000e+03,1.800000000000000000e+03,-1.671244647441207487e+00,2.327550170407864272e+00,-2.543794556913352434e+00
3.053500000000000014e+01,1.625000000000000000e+03,1.800000000000000000e+03,-1.671244647441207487e+00,2.327550170407864272e+00,-2.543794556913352434e+00
3.055300000000000082e+01,1.625000000000000000e+03,1.800000000000000000e+03,-1.666314579356206194e+00,2.321508458250759688e+00,-2.593764626680445051e+00
3.057000000000000028e+01,1.625000000000000000e+03,1.800000000000000000e+03,-1.665584481437124342e+00,2.321394509747206847e+00,-2.593764626680445051e+00
3.058800000000000097e+01,1.625000000000000000e+03,1.800000000000000000e+03,-1.665584481437124342e+00,2.321394509747206847e+00,-2.593764626680445051e+00
3.060500000000000043e+01,1.625000000000000000e+03,1.800000000000000000e+03,-1.665584481437124342e+00,2.321394509747206847e+00,-2.593764626680445051e+00
3.062199999999999989e+01,1.625000000000000000e+03,1.800000000000000000e+03,-1.662793232385505249e+00,2.317453694848046197e+00,-2.584597155871083185e+00
3.063899999999999935e+01,1.625000000000000000e+03,1.800000000000000000e+03,-1.652204858749141581e+00,2.307074333709864700e+00,-2.585583172052106082e+00
3.065599999999999881e+01,1.625000000000000000e+03,1.800000000000000000e+03,-1.650751536724190283e+00,2.306849265574520302e+00,-2.595575505999474508e+00
3.067299999999999827e+01,1.625000000000000000e+03,1.800000000000000000e+03,-1.650751536724190283e+00,2.306849265574520302e+00,-2.595575505999474508e+00
3.069000000000000128e+01,1.625000000000000000e+03,1.800000000000000000e+03,-1.646604661825754379e+00,2.300987641478187129e+00,-2.596421649696747824e+00
3.070799999999999841e+01,1.625000000000000000e+03,1.800000000000000000e+03,-1.646604661825754379e+00,2.300987641478187129e+00,-2.596421649696747824e+00
3.072500000000000142e+01,1.625000000000000000e+03,1.800000000000000000e+03,-1.643775447450667615e+00,2.298814249130731291e+00,-2.606152982377633265e+00
3.074200000000000088e+01,1.625000000000000000e+03,1.800000000000000000e+03,-1.643775447450667615e+00,2.298814249130731291e+00,-2.606152982377633265e+00
3.075900000000000034e+01,1.625000000000000000e+03,1.800000000000000000e+03,-1.641601463244915182e+00,2.298479112276237135e+00,-2.615652163416586795e+00
3.077599999999999980e+01,1.625000000000000000e+03,1.800000000000000000e+03,-1.641601463244915182e+00,2.298479112276237135e+00,-2.615652163416586795e+00
3.079299999999999926e+01,1.625000000000000000e+03,1.800000000000000000e+03,-1.635382448849728387e+00,2.290592435122021708e+00,-2.607070774019944803e+00
3.080999999999999872e+01,1.625000000000000000e+03,1.800000000000000000e+03,-1.635382448849728387e+00,2.290592435122021708e+00,-2.607070774019944803e+00
3.082700000000000173e+01,1.625000000000000000e+03,1.800000000000000000e+03,-1.631921389788998589e+00,2.286606359760303242e+00,-2.598206075731803733e+00
3.084400000000000119e+01,1.625000000000000000e+03,1.800000000000000000e+03,-1.631921389788998589e+00,2.286606359760303242e+00,-2.598206075731803733e+00
3.086199999999999832e+01,1.625000000000000000e+03,1.800000000000000000e+03,-1.631997362996746359e+00,2.284892668153775563e+00,-2.637766582694794248e+00
3.087900000000000134e+01,1.625000000000000000e+03,1.800000000000000000e+03,-1.629986286141162477e+00,2.281138960233517921e+00,-2.647030946446395472e+00
3.089600000000000080e+01,1.625000000000000000e+03,1.800000000000000000e+03,-1.627181222935010663e+00,2.278989931130690483e+00,-2.608603678338739407e+00
3.091300000000000026e+01,1.625000000000000000e+03,1.800000000000000000e+03,-1.623738788536730482e+00,2.275028753373222301e+00,-2.647755643225825128e+00
3.092899999999999849e+01,1.625000000000000000e+03,1.800000000000000000e+03,-1.617511381860540221e+00,2.268939625317371700e+00,-2.657470755212749225e+00
3.094600000000000151e+01,1.625000000000000000e+03,1.800000000000000000e+03,-1.617511381860540221e+00,2.268939625317371700e+00,-2.657470755212749225e+00
3.096399999999999864e+01,1.625000000000000000e+03,1.800000000000000000e+03,-1.612653925274589950e+00,2.264783289379490139e+00,-2.610313784857735797e+00
3.098100000000000165e+01,1.625000000000000000e+03,1.800000000000000000e+03,-1.602691487508362211e+00,2.247968265151102152e+00,-2.659492612526054955e+00
3.099800000000000111e+01,1.625000000000000000e+03,1.800000000000000000e+03,-1.601264771378842156e+00,2.247754025928276889e+00,-2.668210585967973447e+00
3.101500000000000057e+01,1.625000000000000000e+03,1.800000000000000000e+03,-1.597341684323528188e+00,2.240400455610846553e+00,-2.660181162659454035e+00
3.103200000000000003e+01,1.625000000000000000e+03,1.800000000000000000e+03,-1.597341684323528188e+00,2.240400455610846553e+00,-2.660181162659454035e+00
3.104899999999999949e+01,1.625000000000000000e+03,1.800000000000000000e+03,-1.594584835489813779e+00,2.238300704711696731e+00,-2.677364007864253548e+00
3.106599999999999895e+01,1.625000000000000000e+03,1.800000000000000000e+03,-1.594584835489813779e+00,2.238300704711696731e+00,-2.677364007864253548e+00
3.108299999999999841e+01,1.625000000000000000e+03,1.800000000000000000e+03,-1.594584835489813779e+00,2.238300704711696731e+00,-2.677364007864253548e+00
3.110000000000000142e+01,1.625000000000000000e+03,1.800000000000000000e+03,-1.591302471848262456e+00,2.232757508282861458e+00,-2.660866549174595530e+00
3.111799999999999855e+01,1.625000000000000000e+03,1.800000000000000000e+03,-1.585809792411139174e+00,2.228578978993958515e+00,-2.652736576996793882e+00
3.113500000000000156e+01,1.625000000000000000e+03,1.800000000000000000e+03,-1.585809792411139174e+00,2.228578978993958515e+00,-2.652736576996793882e+00
3.115299999999999869e+01,1.625000000000000000e+03,1.800000000000000000e+03,-1.583870420692664371e+00,2.224936146778988988e+00,-2.670207449681089695e+00
3.117099999999999937e+01,1.625000000000000000e+03,1.800000000000000000e+03,-1.582548113849957527e+00,2.223064873538495245e+00,-2.708280420164512758e+00
3.118799999999999883e+01,1.625000000000000000e+03,1.800000000000000000e+03,-1.580614452900664268e+00,2.219432608415022212e+00,-2.670866935430334266e+00
3.120499999999999829e+01,1.625000000000000000e+03,1.800000000000000000e+03,-1.577977948801273289e+00,2.215702938910549147e+00,-2.700662071416511711e+00
3.122200000000000131e+01,1.625000000000000000e+03,1.800000000000000000e+03,-1.576565355703016369e+00,2.215494371343193603e+00,-2.708853360734906346e+00
3.123999999999999844e+01,1.625000000000000000e+03,1.800000000000000000e+03,-1.576565355703016369e+00,2.215494371343193603e+00,-2.708853360734906346e+00
3.125600000000000023e+01,1.625000000000000000e+03,1.800000000000000000e+03,-1.571310739432859593e+00,2.208058807822413705e+00,-2.709423607385899491e+00
3.127400000000000091e+01,1.625000000000000000e+03,1.800000000000000000e+03,-1.571310739432859593e+00,2.208058807822413705e+00,-2.709423607385899491e+00
3.129100000000000037e+01,1.625000000000000000e+03,1.800000000000000000e+03,-1.565373250035786201e+00,2.200550104275750929e+00,-2.664246490753712671e+00
3.130799999999999983e+01,1.625000000000000000e+03,1.800000000000000000e+03,-1.564670289671206582e+00,2.200447155040629710e+00,-2.717938899866512603e+00
3.132499999999999929e+01,1.625000000000000000e+03,1.800000000000000000e+03,-1.564670289671206582e+00,2.200447155040629710e+00,-2.717938899866512603e+00
3.134199999999999875e+01,1.625000000000000000e+03,1.800000000000000000e+03,-1.563466554945524223e+00,2.196961345586708525e+00,-2.710527374859446503e+00
3.135900000000000176e+01,1.625000000000000000e+03,1.800000000000000000e+03,-1.563466554945524223e+00,2.196961345586708525e+00,-2.710527374859446503e+00
3.137699999999999889e+01,1.625000000000000000e+03,1.800000000000000000e+03,-1.560759956633032797e+00,2.194913266213539771e+00,-2.718461906698859565e+00
3.139399999999999835e+01,1.625000000000000000e+03,1.800000000000000000e+03,-1.558757683640923597e+00,2.192970031952238941e+00,-2.755970622904493350e+00
3.141100000000000136e+01,1.625000000000000000e+03,1.800000000000000000e+03,-1.558757683640923597e+00,2.192970031952238941e+00,-2.755970622904493350e+00
3.142800000000000082e+01,1.625000000000000000e+03,1.800000000000000000e+03,-1.554863455576979137e+00,2.187458714838730778e+00,-2.719006484096074150e+00
3.144500000000000028e+01,1.625000000000000000e+03,1.800000000000000000e+03,-1.553567855538492415e+00,2.185625276117721061e+00,-2.756429942416739109e+00
3.146199999999999974e+01,1.625000000000000000e+03,1.800000000000000000e+03,-1.551679326244010282e+00,2.182065244982835051e+00,-2.719548480016151792e+00
3.147899999999999920e+01,1.625000000000000000e+03,1.800000000000000000e+03,-1.535920874039743644e+00,2.165077992112918626e+00,-2.765002292005527718e+00
3.149599999999999866e+01,1.625000000000000000e+03,1.800000000000000000e+03,-1.535920874039743644e+00,2.165077992112918626e+00,-2.765002292005527718e+00
3.151300000000000168e+01,1.625000000000000000e+03,1.800000000000000000e+03,-1.535920874039743644e+00,2.165077992112918626e+00,-2.765002292005527718e+00
3.153099999999999881e+01,1.625000000000000000e+03,1.800000000000000000e+03,-1.532893302348057762e+00,2.158142855060347198e+00,-2.758244998194667286e+00
3.154799999999999827e+01,1.625000000000000000e+03,1.800000000000000000e+03,-1.532893302348057762e+00,2.158142855060347198e+00,-2.758244998194667286e+00
3.156400000000000006e+01,1.625000000000000000e+03,1.800000000000000000e+03,-1.530924634482975444e+00,2.156239488404897209e+00,-2.788528127856106931e+00
3.158099999999999952e+01,1.625000000000000000e+03,1.800000000000000000e+03,-1.528491603311620484e+00,2.151035375396947114e+00,-2.758692937403206535e+00
3.159900000000000020e+01,1.625000000000000000e+03,1.800000000000000000e+03,-1.526528831395348007e+00,2.149139548454498172e+00,-2.788908324083036128e+00
3.161599999999999966e+01,1.625000000000000000e+03,1.800000000000000000e+03,-1.522033831198000842e+00,2.143660751322557179e+00,-2.796169712659641871e+00
3.163299999999999912e+01,1.625000000000000000e+03,1.800000000000000000e+03,-1.522033831198000842e+00,2.143660751322557179e+00,-2.796169712659641871e+00
3.164999999999999858e+01,1.625000000000000000e+03,1.800000000000000000e+03,-1.521458809442965965e+00,2.141968809316445732e+00,-2.802856307925553736e+00
3.166700000000000159e+01,1.625000000000000000e+03,1.800000000000000000e+03,-1.516862450660171557e+00,2.138101147605679930e+00,-2.766730307106325615e+00
3.168400000000000105e+01,1.625000000000000000e+03,1.800000000000000000e+03,-1.515719023573049551e+00,2.134728888919089407e+00,-2.803202446615713939e+00
3.170100000000000051e+01,1.625000000000000000e+03,1.800000000000000000e+03,-1.514577531679880629e+00,2.131362548553414449e+00,-2.833467402704461957e+00
3.171799999999999997e+01,1.625000000000000000e+03,1.800000000000000000e+03,-1.510688464961309041e+00,2.127614907269450129e+00,-2.767584924437706206e+00
3.173600000000000065e+01,1.625000000000000000e+03,1.800000000000000000e+03,-1.510688464961309041e+00,2.127614907269450129e+00,-2.767584924437706206e+00
3.175300000000000011e+01,1.625000000000000000e+03,1.800000000000000000e+03,-1.506927889080682093e+00,2.122297687696658386e+00,-2.803913236659589359e+00
3.176999999999999957e+01,1.625000000000000000e+03,1.800000000000000000e+03,-1.506927889080682093e+00,2.122297687696658386e+00,-2.803913236659589359e+00
3.178699999999999903e+01,1.625000000000000000e+03,1.800000000000000000e+03,-1.507168690381907705e+00,2.119145806078147398e+00,-2.834058589060407751e+00
3.180399999999999849e+01,1.625000000000000000e+03,1.800000000000000000e+03,-1.503299547064981256e+00,2.115423782530984731e+00,-2.797624098077921229e+00
3.182100000000000151e+01,1.625000000000000000e+03,1.800000000000000000e+03,-1.499438270638855819e+00,2.111709908089399068e+00,-2.840473758817334105e+00
3.183800000000000097e+01,1.625000000000000000e+03,1.800000000000000000e+03,-1.499438270638855819e+00,2.111709908089399068e+00,-2.840473758817334105e+00
3.185500000000000043e+01,1.625000000000000000e+03,1.800000000000000000e+03,-1.499438270638855819e+00,2.111709908089399068e+00,-2.840473758817334105e+00
3.187199999999999989e+01,1.625000000000000000e+03,1.800000000000000000e+03,-1.497757727781938719e+00,2.106724325029970313e+00,-2.840774507985926345e+00
3.188899999999999935e+01,1.625000000000000000e+03,1.800000000000000000e+03,-1.497757727781938719e+00,2.106724325029970313e+00,-2.840774507985926345e+00
3.190599999999999881e+01,1.625000000000000000e+03,1.800000000000000000e+03,-1.496515880576730906e+00,2.104970409360694017e+00,-2.840774507985926345e+00
3.192299999999999827e+01,1.625000000000000000e+03,1.800000000000000000e+03,-1.494035645256951206e+00,2.101467690962449897e+00,-2.804955659516656929e+00
3.194000000000000128e+01,1.625000000000000000e+03,1.800000000000000000e+03,-1.492115812720317125e+00,2.099624392852051269e+00,-2.841032713849506397e+00
3.195700000000000074e+01,1.625000000000000000e+03,1.800000000000000000e+03,-1.490197922361975014e+00,2.097783104247156860e+00,-2.846987184924800296e+00
3.197400000000000020e+01,1.625000000000000000e+03,1.800000000000000000e+03,-1.489215258100687445e+00,2.092928513156401493e+00,-2.841331012065513750e+00
3.199099999999999966e+01,1.625000000000000000e+03,1.800000000000000000e+03,-1.474882105466576387e+00,2.067546485320826744e+00,-2.848371091701693558e+00
3.200800000000000267e+01,1.625000000000000000e+03,1.800000000000000000e+03,-1.474882105466576387e+00,2.067546485320826744e+00,-2.848371091701693558e+00
3.202499999999999858e+01,1.625000000000000000e+03,1.800000000000000000e+03,-1.472857437774856670e+00,2.067270538175721928e+00,-2.854116980398749170e+00
3.204299999999999926e+01,1.625000000000000000e+03,1.800000000000000000e+03,-1.469881895529433491e+00,2.062218904246258866e+00,-2.848608814117276289e+00
3.205899999999999750e+01,1.625000000000000000e+03,1.800000000000000000e+03,-1.470146561444898525e+00,2.059163368170870090e+00,-2.888998808540047758e+00
3.207600000000000051e+01,1.625000000000000000e+03,1.800000000000000000e+03,-1.470146561444898525e+00,2.059163368170870090e+00,-2.888998808540047758e+00
3.209400000000000119e+01,1.625000000000000000e+03,1.800000000000000000e+03,-1.466508568248747757e+00,2.054042734429058381e+00,-2.860237832326966601e+00
3.210999999999999943e+01,1.625000000000000000e+03,1.800000000000000000e+03,-1.466508568248747757e+00,2.054042734429058381e+00,-2.860237832326966601e+00
3.212800000000000011e+01,1.625000000000000000e+03,1.800000000000000000e+03,-1.463820126548033063e+00,2.045992643278677026e+00,-2.889420546905501208e+00
3.214500000000000313e+01,1.625000000000000000e+03,1.800000000000000000e+03,-1.463820126548033063e+00,2.045992643278677026e+00,-2.889420546905501208e+00
3.216199999999999903e+01,1.625000000000000000e+03,1.800000000000000000e+03,-1.461272865415847999e+00,2.044115994867671482e+00,-2.855152134702177324e+00
3.221200000000000330e+01,1.625000000000000000e+03,1.800000000000000000e+03,-1.461272865415847999e+00,2.044115994867671482e+00,-2.855152134702177324e+00
3.222899999999999920e+01,1.625000000000000000e+03,1.800000000000000000e+03,-1.461272865415847999e+00,2.044115994867671482e+00,-2.855152134702177324e+00
3.224600000000000222e+01,1.625000000000000000e+03,1.800000000000000000e+03,-1.461272865415847999e+00,2.044115994867671482e+00,-2.855152134702177324e+00
3.227000000000000313e+01,1.625000000000000000e+03,1.800000000000000000e+03,-1.461272865415847999e+00,2.044115994867671482e+00,-2.855152134702177324e+00
3.228799999999999670e+01,1.625000000000000000e+03,1.800000000000000000e+03,-1.456868941224177538e+00,2.032825914378175725e+00,-2.889777705131407526e+00
3.230400000000000205e+01,1.625000000000000000e+03,1.800000000000000000e+03,-1.452353227667034563e+00,2.023101508920881031e+00,-2.890192221074614043e+00
3.232500000000000284e+01,1.625000000000000000e+03,1.800000000000000000e+03,-1.452353227667034563e+00,2.023101508920881031e+00,-2.890192221074614043e+00
3.234300000000000352e+01,1.625000000000000000e+03,1.800000000000000000e+03,-1.452353227667034563e+00,2.023101508920881031e+00,-2.890192221074614043e+00
3.235999999999999943e+01,1.625000000000000000e+03,1.800000000000000000e+03,-1.449827459299966703e+00,2.021249621649260586e+00,-2.895261770645193078e+00
3.237700000000000244e+01,1.625000000000000000e+03,1.800000000000000000e+03,-1.445343551526785397e+00,2.011586750527468492e+00,-2.895655388003860686e+00
3.239399999999999835e+01,1.625000000000000000e+03,1.800000000000000000e+03,-1.441544324694456813e+00,2.002061681923231973e+00,-2.919872462065769003e+00
3.241100000000000136e+01,1.625000000000000000e+03,1.800000000000000000e+03,-1.441544324694456813e+00,2.002061681923231973e+00,-2.919872462065769003e+00
3.242799999999999727e+01,1.625000000000000000e+03,1.800000000000000000e+03,-1.441544324694456813e+00,2.002061681923231973e+00,-2.919872462065769003e+00
3.244500000000000028e+01,1.625000000000000000e+03,1.800000000000000000e+03,-1.441023239339391138e+00,2.000493441375346126e+00,-2.929233077165513066e+00
3.246200000000000330e+01,1.625000000000000000e+03,1.800000000000000000e+03,-1.426320675000133598e+00,1.973267717931209031e+00,-2.958383325452862422e+00
3.247899999999999920e+01,1.625000000000000000e+03,1.800000000000000000e+03,-1.426320675000133598e+00,1.973267717931209031e+00,-2.958383325452862422e+00
3.249600000000000222e+01,1.625000000000000000e+03,1.800000000000000000e+03,-1.424352080478216376e+00,1.973012750880168031e+00,-2.962471507359424105e+00
3.251299999999999812e+01,1.625000000000000000e+03,1.800000000000000000e+03,-1.424352080478216376e+00,1.973012750880168031e+00,-2.962471507359424105e+00
3.253000000000000114e+01,1.625000000000000000e+03,1.800000000000000000e+03,-1.422969267282954586e+00,1.966931054517770505e+00,-2.958470230710749771e+00
3.254699999999999704e+01,1.625000000000000000e+03,1.800000000000000000e+03,-1.422606715801848498e+00,1.963939790591346046e+00,-2.991354659275443861e+00
3.256400000000000006e+01,1.625000000000000000e+03,1.800000000000000000e+03,-1.419629226517788112e+00,1.960616667038681094e+00,-2.962631176681030709e+00
3.258100000000000307e+01,1.625000000000000000e+03,1.800000000000000000e+03,-1.418469263088474097e+00,1.958999547329348445e+00,-2.995003355713066640e+00
3.259799999999999898e+01,1.625000000000000000e+03,1.800000000000000000e+03,-1.416300492020724944e+00,1.954324433752218315e+00,-2.987615669503091098e+00
3.261599999999999966e+01,1.625000000000000000e+03,1.800000000000000000e+03,-1.416300492020724944e+00,1.954324433752218315e+00,-2.987615669503091098e+00
3.263300000000000267e+01,1.625000000000000000e+03,1.800000000000000000e+03,-1.415143967456530705e+00,1.952713062766290086e+00,-2.991325569702504961e+00
3.264999999999999858e+01,1.625000000000000000e+03,1.800000000000000000e+03,-1.412480875224478405e+00,1.946531650765810362e+00,-2.991356577373355474e+00
3.266599999999999682e+01,1.625000000000000000e+03,1.800000000000000000e+03,-1.412480875224478405e+00,1.946531650765810362e+00,-2.991356577373355474e+00
3.268299999999999983e+01,1.625000000000000000e+03,1.800000000000000000e+03,-1.409026676184589322e+00,1.941723228889098873e+00,-2.987599057801183289e+00
3.270000000000000284e+01,1.625000000000000000e+03,1.800000000000000000e+03,-1.409026676184589322e+00,1.941723228889098873e+00,-2.987599057801183289e+00
3.271800000000000352e+01,1.625000000000000000e+03,1.800000000000000000e+03,-1.409176743506053597e+00,1.940288597795428061e+00,-2.994985589095614742e+00
3.273499999999999943e+01,1.625000000000000000e+03,1.800000000000000000e+03,-1.407030370234678696e+00,1.935661747234496577e+00,-2.987635714277816490e+00
3.275200000000000244e+01,1.625000000000000000e+03,1.800000000000000000e+03,-1.406532288659317675e+00,1.934149501689196082e+00,-3.023605409793613141e+00
3.276899999999999835e+01,1.625000000000000000e+03,1.800000000000000000e+03,-1.404392706646829136e+00,1.929538349805103969e+00,-2.995034275606689445e+00
3.278600000000000136e+01,1.625000000000000000e+03,1.800000000000000000e+03,-1.401611640742696174e+00,1.924857455774505066e+00,-2.995058191820831883e+00
3.280299999999999727e+01,1.625000000000000000e+03,1.800000000000000000e+03,-1.401611640742696174e+00,1.924857455774505066e+00,-2.995058191820831883e+00
3.282000000000000028e+01,1.625000000000000000e+03,1.800000000000000000e+03,-1.401915572718071212e+00,1.922014894754923375e+00,-3.023559947870315678e+00
3.283700000000000330e+01,1.625000000000000000e+03,1.800000000000000000e+03,-1.399295792120297088e+00,1.915937379152305997e+00,-3.023537031317117041e+00
3.285399999999999920e+01,1.625000000000000000e+03,1.800000000000000000e+03,-1.399295792120297088e+00,1.915937379152305997e+00,-3.023537031317117041e+00
3.287100000000000222e+01,1.625000000000000000e+03,1.800000000000000000e+03,-1.397328527744934767e+00,1.909960867666292028e+00,-3.023513990109745642e+00
3.288900000000000290e+01,1.625000000000000000e+03,1.800000000000000000e+03,-1.397328527744934767e+00,1.909960867666292028e+00,-3.023513990109745642e+00
3.290500000000000114e+01,1.625000000000000000e+03,1.800000000000000000e+03,-1.395703799592544758e+00,1.906899589513045612e+00,-3.057810417450930629e+00
3.292300000000000182e+01,1.625000000000000000e+03,1.800000000000000000e+03,-1.392616718724706271e+00,1.899389214911421320e+00,-3.023467531239272255e+00
3.293999999999999773e+01,1.625000000000000000e+03,1.800000000000000000e+03,-1.392616718724706271e+00,1.899389214911421320e+00,-3.023467531239272255e+00
3.295600000000000307e+01,1.625000000000000000e+03,1.800000000000000000e+03,-1.392770858818004776e+00,1.897986588063123037e+00,-3.054980109237998231e+00
3.297500000000000142e+01,1.625000000000000000e+03,1.800000000000000000e+03,-1.392770858818004776e+00,1.897986588063123037e+00,-3.054980109237998231e+00
3.299199999999999733e+01,1.625000000000000000e+03,1.800000000000000000e+03,-1.391309588686916232e+00,1.893546423320795036e+00,-3.026648927794162613e+00
3.300900000000000034e+01,1.625000000000000000e+03,1.800000000000000000e+03,-1.385343134460817360e+00,1.877279812938640102e+00,-3.026562499914050353e+00
3.302600000000000335e+01,1.625000000000000000e+03,1.800000000000000000e+03,-1.385017123749474610e+00,1.874430389332975011e+00,-3.057444121040258977e+00
3.304299999999999926e+01,1.625000000000000000e+03,1.800000000000000000e+03,-1.385017123749474610e+00,1.874430389332975011e+00,-3.057444121040258977e+00
3.306000000000000227e+01,1.625000000000000000e+03,1.800000000000000000e+03,-1.383730157928866999e+00,1.868666797013160519e+00,-3.060050767716351761e+00
3.307800000000000296e+01,1.625000000000000000e+03,1.800000000000000000e+03,-1.383730157928866999e+00,1.868666797013160519e+00,-3.060050767716351761e+00
3.309400000000000119e+01,1.625000000000000000e+03,1.800000000000000000e+03,-1.381019908229485615e+00,1.864142708153317507e+00,-3.059968607701166743e+00
3.311099999999999710e+01,1.625000000000000000e+03,1.800000000000000000e+03,-1.379422301398761208e+00,1.855591496266357332e+00,-3.087457051256544904e+00
3.312899999999999778e+01,1.625000000000000000e+03,1.800000000000000000e+03,-1.377202477165231587e+00,1.852545128399466279e+00,-3.059804478163802965e+00
3.314500000000000313e+01,1.625000000000000000e+03,1.800000000000000000e+03,-1.377202477165231587e+00,1.852545128399466279e+00,-3.059804478163802965e+00
3.316299999999999670e+01,1.625000000000000000e+03,1.800000000000000000e+03,-1.375934881061414261e+00,1.846850688729530621e+00,-3.057155060114426171e+00
3.317999999999999972e+01,1.625000000000000000e+03,1.800000000000000000e+03,-1.374671092068097789e+00,1.841174027999565421e+00,-3.059741018795060885e+00
3.319800000000000040e+01,1.625000000000000000e+03,1.800000000000000000e+03,-1.374671092068097789e+00,1.841174027999565421e+00,-3.059741018795060885e+00
3.321500000000000341e+01,1.625000000000000000e+03,1.800000000000000000e+03,-1.374355979383379722e+00,1.838380292396739613e+00,-3.089339004092663377e+00
3.323100000000000165e+01,1.625000000000000000e+03,1.800000000000000000e+03,-1.374355979383379722e+00,1.838380292396739613e+00,-3.089339004092663377e+00
3.325000000000000000e+01,1.625000000000000000e+03,1.800000000000000000e+03,-1.370578868016897323e+00,1.832427864378849858e+00,-3.089211469249441677e+00
3.326700000000000301e+01,1.625000000000000000e+03,1.800000000000000000e+03,-1.370426417914133665e+00,1.828296729610982663e+00,-3.091276490939079302e+00
3.328399999999999892e+01,1.625000000000000000e+03,1.800000000000000000e+03,-1.370426417914133665e+00,1.828296729610982663e+00,-3.091276490939079302e+00
3.330100000000000193e+01,1.625000000000000000e+03,1.800000000000000000e+03,-1.368858886916721751e+00,1.825372603579092257e+00,-3.116324541340304233e+00
3.331799999999999784e+01,1.625000000000000000e+03,1.800000000000000000e+03,-1.368858886916721751e+00,1.825372603579092257e+00,-3.116324541340304233e+00
3.333500000000000085e+01,1.625000000000000000e+03,1.800000000000000000e+03,-1.368858886916721751e+00,1.825372603579092257e+00,-3.116324541340304233e+00
3.335199999999999676e+01,1.625000000000000000e+03,1.800000000000000000e+03,-1.367772373919338813e+00,1.818419448704836849e+00,-3.118004115946151344e+00
3.336899999999999977e+01,1.625000000000000000e+03,1.800000000000000000e+03,-1.365584738030316769e+00,1.815437175371101830e+00,-3.091015784173559044e+00
3.338600000000000279e+01,1.625000000000000000e+03,1.800000000000000000e+03,-1.365438273939166614e+00,1.811344361688689730e+00,-3.088805880102039048e+00
3.340299999999999869e+01,1.625000000000000000e+03,1.800000000000000000e+03,-1.363881973676337456e+00,1.808448192527323251e+00,-3.117663626312838332e+00
3.342099999999999937e+01,1.625000000000000000e+03,1.800000000000000000e+03,-1.363881973676337456e+00,1.808448192527323251e+00,-3.117663626312838332e+00
3.343800000000000239e+01,1.625000000000000000e+03,1.800000000000000000e+03,-1.361864399172906248e+00,1.804149878658379613e+00,-3.115758563682665461e+00
3.345600000000000307e+01,1.625000000000000000e+03,1.800000000000000000e+03,-1.361864399172906248e+00,1.804149878658379613e+00,-3.115758563682665461e+00
3.347299999999999898e+01,1.625000000000000000e+03,1.800000000000000000e+03,-1.361400962528909186e+00,1.802743994214019096e+00,-3.117493875439400597e+00
3.348899999999999721e+01,1.625000000000000000e+03,1.800000000000000000e+03,-1.360012783419599858e+00,1.798533011449392927e+00,-3.115591697366234758e+00
3.350600000000000023e+01,1.625000000000000000e+03,1.800000000000000000e+03,-1.353414120989594238e+00,1.780328065598189902e+00,-3.118601346681710407e+00
3.352300000000000324e+01,1.625000000000000000e+03,1.800000000000000000e+03,-1.353414120989594238e+00,1.780328065598189902e+00,-3.118601346681710407e+00
3.353999999999999915e+01,1.625000000000000000e+03,1.800000000000000000e+03,-1.351620003258546365e+00,1.769476475758717360e+00,3.139916185421812056e+00
3.355700000000000216e+01,1.625000000000000000e+03,1.800000000000000000e+03,-1.350709978266171341e+00,1.766720263612103992e+00,3.113087420690239249e+00
3.357500000000000284e+01,1.625000000000000000e+03,1.800000000000000000e+03,-1.349184403139044308e+00,1.763897188042067299e+00,-3.118192832077415488e+00
3.359199999999999875e+01,1.625000000000000000e+03,1.800000000000000000e+03,-1.348894066746574971e+00,1.761220765944541800e+00,3.112233978310867233e+00
3.360900000000000176e+01,1.625000000000000000e+03,1.800000000000000000e+03,-1.348894066746574971e+00,1.761220765944541800e+00,3.112233978310867233e+00
3.362599999999999767e+01,1.625000000000000000e+03,1.800000000000000000e+03,-1.346592567089940573e+00,1.759635886488987833e+00,-3.118022890445116602e+00
3.364300000000000068e+01,1.625000000000000000e+03,1.800000000000000000e+03,-1.344950727654700362e+00,1.752862721788411182e+00,3.139097694823048457e+00
3.366100000000000136e+01,1.625000000000000000e+03,1.800000000000000000e+03,-1.344950727654700362e+00,1.752862721788411182e+00,3.139097694823048457e+00
3.367799999999999727e+01,1.625000000000000000e+03,1.800000000000000000e+03,-1.344049945659776313e+00,1.750132568780004227e+00,-3.089669693811341933e+00
3.369500000000000028e+01,1.625000000000000000e+03,1.800000000000000000e+03,-1.344049945659776313e+00,1.750132568780004227e+00,-3.089669693811341933e+00
3.371200000000000330e+01,1.625000000000000000e+03,1.800000000000000000e+03,-1.342417035830922867e+00,1.743395628381943840e+00,-3.117616723398004108e+00
3.372999999999999687e+01,1.625000000000000000e+03,1.800000000000000000e+03,-1.342417035830922867e+00,1.743395628381943840e+00,-3.117616723398004108e+00
3.374600000000000222e+01,1.625000000000000000e+03,1.800000000000000000e+03,-1.342417035830922867e+00,1.743395628381943840e+00,-3.117616723398004108e+00
3.376299999999999812e+01,1.625000000000000000e+03,1.800000000000000000e+03,-1.342461869449930179e+00,1.738177584768630712e+00,3.111106236833638850e+00
3.378000000000000114e+01,1.625000000000000000e+03,1.800000000000000000e+03,-1.341237453959848613e+00,1.738038410670888378e+00,-3.119167131173678165e+00
3.379800000000000182e+01,1.625000000000000000e+03,1.800000000000000000e+03,-1.340226041003644397e+00,1.731416495150115864e+00,3.138428399321696372e+00
3.381499999999999773e+01,1.625000000000000000e+03,1.800000000000000000e+03,-1.339498848107068651e+00,1.727441338281599403e+00,3.086531302465412629e+00
3.383200000000000074e+01,1.625000000000000000e+03,1.800000000000000000e+03,-1.339498848107068651e+00,1.727441338281599403e+00,3.086531302465412629e+00
3.384899999999999665e+01,1.625000000000000000e+03,1.800000000000000000e+03,-1.338493371327133863e+00,1.720858680257129958e+00,3.060398980387073919e+00
3.386699999999999733e+01,1.625000000000000000e+03,1.800000000000000000e+03,-1.338213910094206760e+00,1.718246116951234637e+00,3.060775242006912311e+00
3.388499999999999801e+01,1.625000000000000000e+03,1.800000000000000000e+03,-1.336718438417941801e+00,1.715500834756732651e+00,3.113158358798599146e+00
3.390200000000000102e+01,1.625000000000000000e+03,1.800000000000000000e+03,-1.336718438417941801e+00,1.715500834756732651e+00,3.113158358798599146e+00
3.391899999999999693e+01,1.625000000000000000e+03,1.800000000000000000e+03,-1.336770504613270516e+00,1.710363327185199900e+00,3.060925274868421475e+00
3.393800000000000239e+01,1.625000000000000000e+03,1.800000000000000000e+03,-1.335886195685376254e+00,1.707698313595555462e+00,3.061300351782444640e+00
3.395400000000000063e+01,1.625000000000000000e+03,1.800000000000000000e+03,-1.335886195685376254e+00,1.707698313595555462e+00,3.061300351782444640e+00
3.397099999999999653e+01,1.625000000000000000e+03,1.800000000000000000e+03,-1.335003205250558489e+00,1.705037393658772160e+00,3.061235376547209786e+00
3.398799999999999955e+01,1.625000000000000000e+03,1.800000000000000000e+03,-1.335003205250558489e+00,1.705037393658772160e+00,3.061235376547209786e+00
3.400500000000000256e+01,1.625000000000000000e+03,1.800000000000000000e+03,-1.334892425959971485e+00,1.701188521713347335e+00,3.061449605730988566e+00
3.402199999999999847e+01,1.625000000000000000e+03,1.800000000000000000e+03,-1.330892849108808118e+00,1.680424266148206502e+00,3.061867487300941715e+00
3.403900000000000148e+01,1.625000000000000000e+03,1.800000000000000000e+03,-1.330904895625133255e+00,1.666589096176879448e+00,3.037815856540663884e+00
3.405700000000000216e+01,1.625000000000000000e+03,1.800000000000000000e+03,-1.328837151552791029e+00,1.663859303621345376e+00,3.037904866195195730e+00
3.407399999999999807e+01,1.625000000000000000e+03,1.800000000000000000e+03,-1.328837151552791029e+00,1.663859303621345376e+00,3.037904866195195730e+00
3.409100000000000108e+01,1.625000000000000000e+03,1.800000000000000000e+03,-1.328898579201615471e+00,1.658868705223733642e+00,3.038151339337805901e+00
3.410799999999999699e+01,1.625000000000000000e+03,1.800000000000000000e+03,-1.327764964306183515e+00,1.653762474894449941e+00,3.038444825202612165e+00
3.412599999999999767e+01,1.625000000000000000e+03,1.800000000000000000e+03,-1.327827537844549433e+00,1.648800260803310547e+00,3.038731737917102382e+00
3.414300000000000068e+01,1.625000000000000000e+03,1.800000000000000000e+03,-1.327827537844549433e+00,1.648800260803310547e+00,3.038731737917102382e+00
3.415899999999999892e+01,1.625000000000000000e+03,1.800000000000000000e+03,-1.327827537844549433e+00,1.648800260803310547e+00,3.038731737917102382e+00
3.417699999999999960e+01,1.625000000000000000e+03,1.800000000000000000e+03,-1.326267943990414810e+00,1.642440454621308721e+00,3.014406385177585967e+00
3.419400000000000261e+01,1.625000000000000000e+03,1.800000000000000000e+03,-1.326267943990414810e+00,1.642440454621308721e+00,3.014406385177585967e+00
3.421200000000000330e+01,1.625000000000000000e+03,1.800000000000000000e+03,-1.326332203986748004e+00,1.637509997327303957e+00,3.014684508442783351e+00
3.422899999999999920e+01,1.625000000000000000e+03,1.800000000000000000e+03,-1.326332203986748004e+00,1.637509997327303957e+00,3.014684508442783351e+00
3.424600000000000222e+01,1.625000000000000000e+03,1.800000000000000000e+03,-1.324878993486275025e+00,1.634890530279025977e+00,3.039601139474235048e+00
3.426299999999999812e+01,1.625000000000000000e+03,1.800000000000000000e+03,-1.325274187607517584e+00,1.627563373608953867e+00,3.015322296574374228e+00
3.428000000000000114e+01,1.625000000000000000e+03,1.800000000000000000e+03,-1.325274187607517584e+00,1.627563373608953867e+00,3.015322296574374228e+00
3.429800000000000182e+01,1.625000000000000000e+03,1.800000000000000000e+03,-1.323233513710780684e+00,1.624895952690582401e+00,3.040175988042162381e+00
3.431499999999999773e+01,1.625000000000000000e+03,1.800000000000000000e+03,-1.323233513710780684e+00,1.624895952690582401e+00,3.040175988042162381e+00
3.433200000000000074e+01,1.625000000000000000e+03,1.800000000000000000e+03,-1.322022700454533961e+00,1.616221277655418564e+00,3.016301553928037560e+00
3.434899999999999665e+01,1.625000000000000000e+03,1.800000000000000000e+03,-1.322022700454533961e+00,1.616221277655418564e+00,3.016301553928037560e+00
3.436699999999999733e+01,1.625000000000000000e+03,1.800000000000000000e+03,-1.322022700454533961e+00,1.616221277655418564e+00,3.016301553928037560e+00
3.438300000000000267e+01,1.625000000000000000e+03,1.800000000000000000e+03,-1.322022700454533961e+00,1.616221277655418564e+00,3.016301553928037560e+00
3.439999999999999858e+01,1.625000000000000000e+03,1.800000000000000000e+03,-1.322091896207522765e+00,1.611364020466655056e+00,2.992462135906876597e+00
3.441700000000000159e+01,1.625000000000000000e+03,1.800000000000000000e+03,-1.322091896207522765e+00,1.611364020466655056e+00,2.992462135906876597e+00
3.443500000000000227e+01,1.625000000000000000e+03,1.800000000000000000e+03,-1.321571680192542342e+00,1.606457956939807641e+00,2.992768867107927999e+00
3.445199999999999818e+01,1.625000000000000000e+03,1.800000000000000000e+03,-1.320817646410222146e+00,1.607589820119730728e+00,3.017187406250708026e+00
3.446900000000000119e+01,1.625000000000000000e+03,1.800000000000000000e+03,-1.321217392676217628e+00,1.600375757452713987e+00,2.969979035973149717e+00
3.448599999999999710e+01,1.625000000000000000e+03,1.800000000000000000e+03,-1.318479238370335205e+00,1.577310037092392037e+00,2.947914577125494429e+00
3.450399999999999778e+01,1.625000000000000000e+03,1.800000000000000000e+03,-1.317804396440087178e+00,1.573670715506635176e+00,2.948277730646742256e+00
3.452199999999999847e+01,1.625000000000000000e+03,1.800000000000000000e+03,-1.317713772342723910e+00,1.570099371901790608e+00,2.948640388279352820e+00
3.453900000000000148e+01,1.625000000000000000e+03,1.800000000000000000e+03,-1.316623138601971998e+00,1.565249042864733653e+00,2.949064748048519924e+00
3.455599999999999739e+01,1.625000000000000000e+03,1.800000000000000000e+03,-1.316369737664642381e+00,1.562858993637156857e+00,2.949064748048519924e+00
3.457300000000000040e+01,1.625000000000000000e+03,1.800000000000000000e+03,-1.316861736101655245e+00,1.559369637231523331e+00,2.926082973551218824e+00
3.459000000000000341e+01,1.625000000000000000e+03,1.800000000000000000e+03,-1.316861736101655245e+00,1.559369637231523331e+00,2.926082973551218824e+00
3.460699999999999932e+01,1.625000000000000000e+03,1.800000000000000000e+03,-1.315195392201006008e+00,1.554490271071155671e+00,2.950941616440168502e+00
3.462400000000000233e+01,1.625000000000000000e+03,1.800000000000000000e+03,-1.316178113866144139e+00,1.547552002595403042e+00,2.905379981104060150e+00
3.464099999999999824e+01,1.625000000000000000e+03,1.800000000000000000e+03,-1.316178113866144139e+00,1.547552002595403042e+00,2.905379981104060150e+00
3.465800000000000125e+01,1.625000000000000000e+03,1.800000000000000000e+03,-1.314769065379718160e+00,1.545068582529126378e+00,2.903734504681696471e+00
3.467600000000000193e+01,1.625000000000000000e+03,1.800000000000000000e+03,-1.315096404262458440e+00,1.542765291115410164e+00,2.904150902875635598e+00
3.469299999999999784e+01,1.625000000000000000e+03,1.800000000000000000e+03,-1.314594992410370589e+00,1.538050689198779075e+00,2.906255151495524380e+00
3.471000000000000085e+01,1.625000000000000000e+03,1.800000000000000000e+03,-1.314508162640108502e+00,1.534552454738408400e+00,2.883524586750569885e+00
3.472800000000000153e+01,1.625000000000000000e+03,1.800000000000000000e+03,-1.313845329675042528e+00,1.531003156662781528e+00,2.882053965044178767e+00
3.474499999999999744e+01,1.625000000000000000e+03,1.800000000000000000e+03,-1.314171831432181525e+00,1.528718501411571840e+00,2.905441883665569769e+00
3.476200000000000045e+01,1.625000000000000000e+03,1.800000000000000000e+03,-1.314085563468799567e+00,1.525239238983642220e+00,2.882495313078710986e+00
3.478000000000000114e+01,1.625000000000000000e+03,1.800000000000000000e+03,-1.314085563468799567e+00,1.525239238983642220e+00,2.882495313078710986e+00
3.479699999999999704e+01,1.625000000000000000e+03,1.800000000000000000e+03,-1.312687074975012136e+00,1.522788907997959296e+00,2.907538094927757832e+00
3.481400000000000006e+01,1.625000000000000000e+03,1.800000000000000000e+03,-1.313176525641081449e+00,1.519379354593265674e+00,2.907948766718202016e+00
3.483100000000000307e+01,1.625000000000000000e+03,1.800000000000000000e+03,-1.313176525641081449e+00,1.519379354593265674e+00,2.907948766718202016e+00
3.484799999999999898e+01,1.625000000000000000e+03,1.800000000000000000e+03,-1.313502272969345075e+00,1.517110030819333932e+00,2.885317718085853134e+00
3.486500000000000199e+01,1.625000000000000000e+03,1.800000000000000000e+03,-1.313006406315688324e+00,1.512465795109811939e+00,2.885754537764161576e+00
3.488199999999999790e+01,1.625000000000000000e+03,1.800000000000000000e+03,-1.312921548338548350e+00,1.509019480170672445e+00,2.886190668763608080e+00
3.489900000000000091e+01,1.625000000000000000e+03,1.800000000000000000e+03,-1.312921548338548350e+00,1.509019480170672445e+00,2.886190668763608080e+00
3.491599999999999682e+01,1.625000000000000000e+03,1.800000000000000000e+03,-1.313323498767968944e+00,1.502204375422788729e+00,2.862056710044974306e+00
3.493399999999999750e+01,1.625000000000000000e+03,1.800000000000000000e+03,-1.313323498767968944e+00,1.502204375422788729e+00,2.862056710044974306e+00
3.495100000000000051e+01,1.625000000000000000e+03,1.800000000000000000e+03,-1.312343373827498105e+00,1.500967301995174807e+00,2.909629956700219733e+00
3.496800000000000352e+01,1.625000000000000000e+03,1.800000000000000000e+03,-1.313459193577938278e+00,1.477315394060062292e+00,2.889259428984761957e+00
3.498499999999999943e+01,1.625000000000000000e+03,1.800000000000000000e+03,-1.313459193577938278e+00,1.477315394060062292e+00,2.889259428984761957e+00
3.500200000000000244e+01,1.625000000000000000e+03,1.800000000000000000e+03,-1.314581837290442534e+00,1.469577185609780567e+00,2.847723990945006278e+00
3.501899999999999835e+01,1.625000000000000000e+03,1.800000000000000000e+03,-1.314581837290442534e+00,1.469577185609780567e+00,2.847723990945006278e+00
3.503600000000000136e+01,1.625000000000000000e+03,1.800000000000000000e+03,-1.313930723200764206e+00,1.466161552250083933e+00,2.870002953089312303e+00
3.505299999999999727e+01,1.625000000000000000e+03,1.800000000000000000e+03,-1.314410358225052589e+00,1.462862488277997475e+00,2.870455032164433984e+00
3.507000000000000028e+01,1.625000000000000000e+03,1.800000000000000000e+03,-1.314729584551167285e+00,1.460666635472307462e+00,2.848677529783760320e+00
3.508800000000000097e+01,1.625000000000000000e+03,1.800000000000000000e+03,-1.314729584551167285e+00,1.460666635472307462e+00,2.848677529783760320e+00
3.510499999999999687e+01,1.625000000000000000e+03,1.800000000000000000e+03,-1.314729584551167285e+00,1.460666635472307462e+00,2.848677529783760320e+00
3.512199999999999989e+01,1.625000000000000000e+03,1.800000000000000000e+03,-1.315366768534566688e+00,1.456283359695234481e+00,2.849153123919919928e+00
3.513900000000000290e+01,1.625000000000000000e+03,1.800000000000000000e+03,-1.315280387488738212e+00,1.452948934610537535e+00,2.849627936793448946e+00
3.515599999999999881e+01,1.625000000000000000e+03,1.800000000000000000e+03,-1.315035288793580781e+00,1.450711584824059042e+00,2.849627936793448946e+00
3.517300000000000182e+01,1.625000000000000000e+03,1.800000000000000000e+03,-1.315670086589484367e+00,1.446353851023089554e+00,2.828565313564085137e+00
3.518999999999999773e+01,1.625000000000000000e+03,1.800000000000000000e+03,-1.316145086884887849e+00,1.443092836710651028e+00,2.850575225480884267e+00
3.520799999999999841e+01,1.625000000000000000e+03,1.800000000000000000e+03,-1.316058148113564918e+00,1.439784356338731364e+00,2.851047704638143721e+00
3.522500000000000142e+01,1.625000000000000000e+03,1.800000000000000000e+03,-1.316058148113564918e+00,1.439784356338731364e+00,2.851047704638143721e+00
3.524199999999999733e+01,1.625000000000000000e+03,1.800000000000000000e+03,-1.316444583801214208e+00,1.433240295143335619e+00,2.856035137874413099e+00
3.525900000000000034e+01,1.625000000000000000e+03,1.800000000000000000e+03,-1.316585007375151495e+00,1.424518877814445972e+00,2.854747032838638621e+00
3.527700000000000102e+01,1.625000000000000000e+03,1.800000000000000000e+03,-1.316340920902674405e+00,1.422319172773936380e+00,2.836009139756291653e+00
3.529299999999999926e+01,1.625000000000000000e+03,1.800000000000000000e+03,-1.316340920902674405e+00,1.422319172773936380e+00,2.836009139756291653e+00
3.531000000000000227e+01,1.625000000000000000e+03,1.800000000000000000e+03,-1.317682262004616245e+00,1.417016704124622439e+00,2.810315082859111691e+00
3.532800000000000296e+01,1.625000000000000000e+03,1.800000000000000000e+03,-1.317682262004616245e+00,1.417016704124622439e+00,2.810315082859111691e+00
3.534499999999999886e+01,1.625000000000000000e+03,1.800000000000000000e+03,-1.317506384374776740e+00,1.410508016351570415e+00,2.811341613464506839e+00
3.536299999999999955e+01,1.625000000000000000e+03,1.800000000000000000e+03,-1.317506384374776740e+00,1.410508016351570415e+00,2.811341613464506839e+00
3.538000000000000256e+01,1.625000000000000000e+03,1.800000000000000000e+03,-1.316950235045703188e+00,1.410455745447570575e+00,2.792793698595025020e+00
3.539699999999999847e+01,1.625000000000000000e+03,1.800000000000000000e+03,-1.318596768813928399e+00,1.403067760388577945e+00,2.772778905976610808e+00
3.541400000000000148e+01,1.625000000000000000e+03,1.800000000000000000e+03,-1.318596768813928399e+00,1.403067760388577945e+00,2.772778905976610808e+00
3.543099999999999739e+01,1.625000000000000000e+03,1.800000000000000000e+03,-1.317953694141640097e+00,1.399785529105800563e+00,2.791429937310585974e+00
3.544800000000000040e+01,1.625000000000000000e+03,1.800000000000000000e+03,-1.318264397250178854e+00,1.397669927749135343e+00,2.773329271472190882e+00
3.546500000000000341e+01,1.625000000000000000e+03,1.800000000000000000e+03,-1.318729698706701647e+00,1.394501495072468789e+00,2.773878707969458457e+00
3.548299999999999699e+01,1.625000000000000000e+03,1.800000000000000000e+03,-1.319235775940299282e+00,1.379641338122652439e+00,2.776067209057238028e+00
3.549900000000000233e+01,1.625000000000000000e+03,1.800000000000000000e+03,-1.319300807519713903e+00,1.375412646694856189e+00,2.776612034270842244e+00
3.551599999999999824e+01,1.625000000000000000e+03,1.800000000000000000e+03,-1.319761857972143959e+00,1.372286047934033526e+00,2.756418608919828817e+00
3.553300000000000125e+01,1.625000000000000000e+03,1.800000000000000000e+03,-1.319761857972143959e+00,1.372286047934033526e+00,2.756418608919828817e+00
3.555199999999999960e+01,1.625000000000000000e+03,1.800000000000000000e+03,-1.319825996373129584e+00,1.368076038362661784e+00,2.756981500534594343e+00
3.557000000000000028e+01,1.625000000000000000e+03,1.800000000000000000e+03,-1.319583565169199169e+00,1.365949971781837302e+00,2.737031506317823215e+00
3.558700000000000330e+01,1.625000000000000000e+03,1.800000000000000000e+03,-1.319583565169199169e+00,1.365949971781837302e+00,2.737031506317823215e+00
3.560399999999999920e+01,1.625000000000000000e+03,1.800000000000000000e+03,-1.320285482696123891e+00,1.364963144394542915e+00,2.737031506317823215e+00
3.562100000000000222e+01,1.625000000000000000e+03,1.800000000000000000e+03,-1.320195897687317377e+00,1.361806062305076281e+00,2.697851397715627986e+00
3.563799999999999812e+01,1.625000000000000000e+03,1.800000000000000000e+03,-1.320806669558800994e+00,1.357672404986670411e+00,2.738190529125437589e+00
3.565599999999999881e+01,1.625000000000000000e+03,1.800000000000000000e+03,-1.321021274536442025e+00,1.352470151904461737e+00,2.719106262563526499e+00
3.567300000000000182e+01,1.625000000000000000e+03,1.800000000000000000e+03,-1.320474633307372025e+00,1.352420627490857008e+00,2.699077069271011098e+00
3.570900000000000318e+01,1.625000000000000000e+03,1.800000000000000000e+03,-1.320474633307372025e+00,1.352420627490857008e+00,2.699077069271011098e+00
3.575300000000000011e+01,1.625000000000000000e+03,1.800000000000000000e+03,-1.320474633307372025e+00,1.352420627490857008e+00,2.699077069271011098e+00
3.578199999999999648e+01,1.625000000000000000e+03,1.800000000000000000e+03,-1.321386948987080423e+00,1.346258880681135750e+00,2.700298686802517167e+00
3.579899999999999949e+01,1.625000000000000000e+03,1.800000000000000000e+03,-1.321386948987080423e+00,1.346258880681135750e+00,2.700298686802517167e+00
3.582399999999999807e+01,1.625000000000000000e+03,1.800000000000000000e+03,-1.323385191060015398e+00,1.340217811717530960e+00,2.724558008918394503e+00
3.584100000000000108e+01,1.625000000000000000e+03,1.800000000000000000e+03,-1.324103198221848521e+00,1.327909493906677785e+00,2.683721321140851490e+00
3.585799999999999699e+01,1.625000000000000000e+03,1.800000000000000000e+03,-1.325692824120433544e+00,1.320876202461053861e+00,2.688985056399718410e+00
3.587599999999999767e+01,1.625000000000000000e+03,1.800000000000000000e+03,-1.325692824120433544e+00,1.320876202461053861e+00,2.688985056399718410e+00
3.589300000000000068e+01,1.625000000000000000e+03,1.800000000000000000e+03,-1.327371004939990939e+00,1.316938950258403906e+00,2.685659108853118315e+00
3.590999999999999659e+01,1.625000000000000000e+03,1.800000000000000000e+03,-1.326194653998081119e+00,1.313776919459512360e+00,2.666895261312402621e+00
3.592600000000000193e+01,1.625000000000000000e+03,1.800000000000000000e+03,-1.326640440805253229e+00,1.310764176534872316e+00,2.690214576583878969e+00
3.594400000000000261e+01,1.625000000000000000e+03,1.800000000000000000e+03,-1.327476844964801117e+00,1.308806285570176975e+00,2.667526830998913745e+00
3.596099999999999852e+01,1.625000000000000000e+03,1.800000000000000000e+03,-1.327381564501738387e+00,1.305755139128814246e+00,2.668157379886729963e+00
3.597800000000000153e+01,1.625000000000000000e+03,1.800000000000000000e+03,-1.333729357132361404e+00,1.281167949715066978e+00,2.691339879986211159e+00
3.599699999999999989e+01,1.625000000000000000e+03,1.800000000000000000e+03,-1.333729357132361404e+00,1.281167949715066978e+00,2.691339879986211159e+00
3.601299999999999812e+01,1.625000000000000000e+03,1.800000000000000000e+03,-1.335708050859561347e+00,1.271388454300981241e+00,2.674060492367992925e+00
3.603099999999999881e+01,1.625000000000000000e+03,1.800000000000000000e+03,-1.335708050859561347e+00,1.271388454300981241e+00,2.674060492367992925e+00
3.604800000000000182e+01,1.625000000000000000e+03,1.800000000000000000e+03,-1.335318201985452147e+00,1.270363237991696259e+00,2.697139035145734720e+00
3.606499999999999773e+01,1.625000000000000000e+03,1.800000000000000000e+03,-1.336816137339668975e+00,1.267520357396499264e+00,2.678826937975433253e+00
3.608200000000000074e+01,1.625000000000000000e+03,1.800000000000000000e+03,-1.337921603844184570e+00,1.263661292153031468e+00,2.679443232630358107e+00
3.609899999999999665e+01,1.625000000000000000e+03,1.800000000000000000e+03,-1.337921603844184570e+00,1.263661292153031468e+00,2.679443232630358107e+00
3.611800000000000210e+01,1.625000000000000000e+03,1.800000000000000000e+03,-1.338882052233422826e+00,1.260784268394799401e+00,2.676010498222314737e+00
3.613499999999999801e+01,1.625000000000000000e+03,1.800000000000000000e+03,-1.338882052233422826e+00,1.260784268394799401e+00,2.676010498222314737e+00
3.615200000000000102e+01,1.625000000000000000e+03,1.800000000000000000e+03,-1.339166781919095106e+00,1.258838762553525559e+00,2.662041305767488097e+00
3.616899999999999693e+01,1.625000000000000000e+03,1.800000000000000000e+03,-1.340797909715530256e+00,1.255045166736436624e+00,2.658473331137079398e+00
3.618599999999999994e+01,1.625000000000000000e+03,1.800000000000000000e+03,-1.340585223396994596e+00,1.249145997034398103e+00,2.677951699903027727e+00
3.620300000000000296e+01,1.625000000000000000e+03,1.800000000000000000e+03,-1.342880247771211843e+00,1.244455488658151143e+00,2.660461726342357558e+00
3.621999999999999886e+01,1.625000000000000000e+03,1.800000000000000000e+03,-1.342880247771211843e+00,1.244455488658151143e+00,2.660461726342357558e+00
3.623700000000000188e+01,1.625000000000000000e+03,1.800000000000000000e+03,-1.344499953636326017e+00,1.240694686386162537e+00,2.665369490741321012e+00
3.625300000000000011e+01,1.625000000000000000e+03,1.800000000000000000e+03,-1.346005135677767361e+00,1.234022826715893917e+00,2.643911507893677015e+00
3.627000000000000313e+01,1.625000000000000000e+03,1.800000000000000000e+03,-1.346005135677767361e+00,1.234022826715893917e+00,2.643911507893677015e+00
3.628699999999999903e+01,1.625000000000000000e+03,1.800000000000000000e+03,-1.346005135677767361e+00,1.234022826715893917e+00,2.643911507893677015e+00
3.630400000000000205e+01,1.625000000000000000e+03,1.800000000000000000e+03,-1.346144224301485393e+00,1.233065601578524184e+00,2.666714098563354618e+00
3.632200000000000273e+01,1.625000000000000000e+03,1.800000000000000000e+03,-1.347227141039709863e+00,1.229286483302085120e+00,2.667334334926855455e+00
3.633899999999999864e+01,1.625000000000000000e+03,1.800000000000000000e+03,-1.347227141039709863e+00,1.229286483302085120e+00,2.667334334926855455e+00
3.635600000000000165e+01,1.625000000000000000e+03,1.800000000000000000e+03,-1.348056990545993150e+00,1.223568293010395269e+00,2.645932219007444353e+00
3.637299999999999756e+01,1.625000000000000000e+03,1.800000000000000000e+03,-1.348056990545993150e+00,1.223568293010395269e+00,2.645932219007444353e+00
3.639000000000000057e+01,1.625000000000000000e+03,1.800000000000000000e+03,-1.350871755149746667e+00,1.215159384563504918e+00,2.629746023542268940e+00
3.640699999999999648e+01,1.625000000000000000e+03,1.800000000000000000e+03,-1.351281969230601065e+00,1.212322570639640773e+00,2.647943797058062376e+00
3.642399999999999949e+01,1.625000000000000000e+03,1.800000000000000000e+03,-1.352604096628793329e+00,1.210520779329799623e+00,2.630514365470932425e+00
3.644200000000000017e+01,1.625000000000000000e+03,1.800000000000000000e+03,-1.352604096628793329e+00,1.210520779329799623e+00,2.630514365470932425e+00
3.645900000000000318e+01,1.625000000000000000e+03,1.800000000000000000e+03,-1.353148049190345148e+00,1.206750227256071728e+00,2.631155753506206452e+00
3.647699999999999676e+01,1.625000000000000000e+03,1.800000000000000000e+03,-1.353148049190345148e+00,1.206750227256071728e+00,2.631155753506206452e+00
3.649399999999999977e+01,1.625000000000000000e+03,1.800000000000000000e+03,-1.358987024297299007e+00,1.184522323174779679e+00,2.595707910033727028e+00
3.651100000000000279e+01,1.625000000000000000e+03,1.800000000000000000e+03,-1.358987024297299007e+00,1.184522323174779679e+00,2.595707910033727028e+00
3.652799999999999869e+01,1.625000000000000000e+03,1.800000000000000000e+03,-1.358987024297299007e+00,1.184522323174779679e+00,2.595707910033727028e+00
3.654500000000000171e+01,1.625000000000000000e+03,1.800000000000000000e+03,-1.358866049324951142e+00,1.181696793472498896e+00,2.618045726037499410e+00
3.656199999999999761e+01,1.625000000000000000e+03,1.800000000000000000e+03,-1.359397703300761817e+00,1.177993241123834078e+00,2.618690406479380783e+00
3.657900000000000063e+01,1.625000000000000000e+03,1.800000000000000000e+03,-1.360182276398293588e+00,1.176186525464321342e+00,2.601918771767727012e+00
3.659700000000000131e+01,1.625000000000000000e+03,1.800000000000000000e+03,-1.361880629502100870e+00,1.171657606933812712e+00,2.581074460093649492e+00
3.661399999999999721e+01,1.625000000000000000e+03,1.800000000000000000e+03,-1.362801118692050117e+00,1.165222347549359938e+00,2.570402229668480309e+00
3.663199999999999790e+01,1.625000000000000000e+03,1.800000000000000000e+03,-1.362801118692050117e+00,1.165222347549359938e+00,2.570402229668480309e+00
3.664900000000000091e+01,1.625000000000000000e+03,1.800000000000000000e+03,-1.362546185218871608e+00,1.163347200711478457e+00,2.587414732304005760e+00
3.666599999999999682e+01,1.625000000000000000e+03,1.800000000000000000e+03,-1.362546185218871608e+00,1.163347200711478457e+00,2.587414732304005760e+00
3.668299999999999983e+01,1.625000000000000000e+03,1.800000000000000000e+03,-1.364750940505933929e+00,1.158895270322827908e+00,2.571906468880421404e+00
3.670000000000000284e+01,1.625000000000000000e+03,1.800000000000000000e+03,-1.365914253563098146e+00,1.158063837501779769e+00,2.571906468880421404e+00
3.671699999999999875e+01,1.625000000000000000e+03,1.800000000000000000e+03,-1.366949719390380347e+00,1.154455389295212075e+00,2.567616768399099136e+00
3.673499999999999943e+01,1.625000000000000000e+03,1.800000000000000000e+03,-1.366949719390380347e+00,1.154455389295212075e+00,2.567616768399099136e+00
3.675099999999999767e+01,1.625000000000000000e+03,1.800000000000000000e+03,-1.368884913161378947e+00,1.148170208724241359e+00,2.569122802408598805e+00
3.676800000000000068e+01,1.625000000000000000e+03,1.800000000000000000e+03,-1.369399376803861923e+00,1.144543378293124469e+00,2.569788151118386654e+00
3.678600000000000136e+01,1.625000000000000000e+03,1.800000000000000000e+03,-1.373118680977953643e+00,1.136614216701565372e+00,2.538874847053025796e+00
3.680199999999999960e+01,1.625000000000000000e+03,1.800000000000000000e+03,-1.374525408246678904e+00,1.133993078443315650e+00,2.534323129916219219e+00
3.682000000000000028e+01,1.625000000000000000e+03,1.800000000000000000e+03,-1.375543499250519996e+00,1.130438164751675245e+00,2.540421317783923882e+00
3.683700000000000330e+01,1.625000000000000000e+03,1.800000000000000000e+03,-1.375543499250519996e+00,1.130438164751675245e+00,2.540421317783923882e+00
3.685399999999999920e+01,1.625000000000000000e+03,1.800000000000000000e+03,-1.375543499250519996e+00,1.130438164751675245e+00,2.540421317783923882e+00
3.687199999999999989e+01,1.625000000000000000e+03,1.800000000000000000e+03,-1.375921581192474319e+00,1.127747295283907825e+00,2.535875428140098808e+00
3.688900000000000290e+01,1.625000000000000000e+03,1.800000000000000000e+03,-1.376424671139469424e+00,1.124166627230369198e+00,2.557558894610393985e+00
3.690599999999999881e+01,1.625000000000000000e+03,1.800000000000000000e+03,-1.378845410567061114e+00,1.121644719952501923e+00,2.558407582834469896e+00
3.692300000000000182e+01,1.625000000000000000e+03,1.800000000000000000e+03,-1.380241049526524266e+00,1.119047609464292048e+00,2.542829311289182659e+00
3.694100000000000250e+01,1.625000000000000000e+03,1.800000000000000000e+03,-1.380241049526524266e+00,1.119047609464292048e+00,2.542829311289182659e+00
3.695799999999999841e+01,1.625000000000000000e+03,1.800000000000000000e+03,-1.381371932169790373e+00,1.114636557042547604e+00,2.522714377715018941e+00
3.697500000000000142e+01,1.625000000000000000e+03,1.800000000000000000e+03,-1.388787878312690571e+00,1.098225077719662046e+00,2.521345638304858028e+00
3.699199999999999733e+01,1.625000000000000000e+03,1.800000000000000000e+03,-1.390672958288178052e+00,1.095703745575476340e+00,2.506232526575811193e+00
3.700900000000000034e+01,1.625000000000000000e+03,1.800000000000000000e+03,-1.390672958288178052e+00,1.095703745575476340e+00,2.506232526575811193e+00
3.702600000000000335e+01,1.625000000000000000e+03,1.800000000000000000e+03,-1.393034080366404970e+00,1.089682299846040259e+00,2.528476448923485442e+00
3.704299999999999926e+01,1.625000000000000000e+03,1.800000000000000000e+03,-1.394017862183343004e+00,1.086224376758356591e+00,2.529353840278607546e+00
3.706000000000000227e+01,1.625000000000000000e+03,1.800000000000000000e+03,-1.394017862183343004e+00,1.086224376758356591e+00,2.529353840278607546e+00
3.707800000000000296e+01,1.625000000000000000e+03,1.800000000000000000e+03,-1.396752637902376248e+00,1.081146503414193383e+00,2.515044767082480703e+00
3.709599999999999653e+01,1.625000000000000000e+03,1.800000000000000000e+03,-1.396752637902376248e+00,1.081146503414193383e+00,2.515044767082480703e+00
3.711200000000000188e+01,1.625000000000000000e+03,1.800000000000000000e+03,-1.398739356928279554e+00,1.077782686927867495e+00,2.515935305714876336e+00
3.713000000000000256e+01,1.625000000000000000e+03,1.800000000000000000e+03,-1.398739356928279554e+00,1.077782686927867495e+00,2.515935305714876336e+00
3.714699999999999847e+01,1.625000000000000000e+03,1.800000000000000000e+03,-1.399596109441356706e+00,1.075217234869189742e+00,2.511179947310002269e+00
3.716400000000000148e+01,1.625000000000000000e+03,1.800000000000000000e+03,-1.401459700013719889e+00,1.072731164547568117e+00,2.496432019664018398e+00
3.718099999999999739e+01,1.625000000000000000e+03,1.800000000000000000e+03,-1.402932778851304407e+00,1.069347240210806405e+00,2.497340475413864169e+00
3.719800000000000040e+01,1.625000000000000000e+03,1.800000000000000000e+03,-1.404287196278781513e+00,1.066832684013625965e+00,2.498017565242684590e+00
3.721500000000000341e+01,1.625000000000000000e+03,1.800000000000000000e+03,-1.406257436377847281e+00,1.063498445001385573e+00,2.483579748602214199e+00
3.723199999999999932e+01,1.625000000000000000e+03,1.800000000000000000e+03,-1.406257436377847281e+00,1.063498445001385573e+00,2.483579748602214199e+00
3.725000000000000000e+01,1.625000000000000000e+03,1.800000000000000000e+03,-1.406257436377847281e+00,1.063498445001385573e+00,2.483579748602214199e+00
3.726700000000000301e+01,1.625000000000000000e+03,1.800000000000000000e+03,-1.407104341917654544e+00,1.060955809892399238e+00,2.494012924549728005e+00
3.728399999999999892e+01,1.625000000000000000e+03,1.800000000000000000e+03,-1.408452004346044451e+00,1.058454318973051311e+00,2.479522726742930061e+00
3.730100000000000193e+01,1.625000000000000000e+03,1.800000000000000000e+03,-1.409181986463782899e+00,1.056776483807180256e+00,2.490975526340926116e+00
3.731799999999999784e+01,1.625000000000000000e+03,1.800000000000000000e+03,-1.410979331687360894e+00,1.050862823090170650e+00,2.481123985562934120e+00
3.733500000000000085e+01,1.625000000000000000e+03,1.800000000000000000e+03,-1.410979331687360894e+00,1.050862823090170650e+00,2.481123985562934120e+00
3.735199999999999676e+01,1.625000000000000000e+03,1.800000000000000000e+03,-1.413045352070001037e+00,1.046709856872405364e+00,2.482044566754441739e+00
3.736899999999999977e+01,1.625000000000000000e+03,1.800000000000000000e+03,-1.414494338475823954e+00,1.043380651975448714e+00,2.488601835687866082e+00
3.738600000000000279e+01,1.625000000000000000e+03,1.800000000000000000e+03,-1.415828890941582152e+00,1.040906491337201700e+00,2.483638994212478135e+00
3.740299999999999869e+01,1.625000000000000000e+03,1.800000000000000000e+03,-1.415828890941582152e+00,1.040906491337201700e+00,2.483638994212478135e+00
3.742000000000000171e+01,1.625000000000000000e+03,1.800000000000000000e+03,-1.418990803993718464e+00,1.036005741807322966e+00,2.470418644114802831e+00
3.743699999999999761e+01,1.625000000000000000e+03,1.800000000000000000e+03,-1.419930321597893119e+00,1.032662735582376534e+00,2.471094882285763017e+00
3.745400000000000063e+01,1.625000000000000000e+03,1.800000000000000000e+03,-1.419930321597893119e+00,1.032662735582376534e+00,2.471094882285763017e+00
3.747299999999999898e+01,1.625000000000000000e+03,1.800000000000000000e+03,-1.421475263123871180e+00,1.028520932580094360e+00,2.472022382649563976e+00
3.749000000000000199e+01,1.625000000000000000e+03,1.800000000000000000e+03,-1.423295810454855870e+00,1.026105430101063032e+00,2.466912664909607589e+00
3.750699999999999790e+01,1.625000000000000000e+03,1.800000000000000000e+03,-1.431083474647140363e+00,1.012308515311979296e+00,2.442007907999908856e+00
3.752400000000000091e+01,1.625000000000000000e+03,1.800000000000000000e+03,-1.431012898434807612e+00,1.008945283406714299e+00,2.442683916737773409e+00
3.754099999999999682e+01,1.625000000000000000e+03,1.800000000000000000e+03,-1.433310194132056736e+00,1.006593927070170924e+00,2.437659162191014861e+00
3.755899999999999750e+01,1.625000000000000000e+03,1.800000000000000000e+03,-1.434330918610144723e+00,1.002485024708961170e+00,2.430357024007388400e+00
3.757600000000000051e+01,1.625000000000000000e+03,1.800000000000000000e+03,-1.438932934319142820e+00,9.936492449136066218e-01,2.399899532250502343e+00
3.759300000000000352e+01,1.625000000000000000e+03,1.800000000000000000e+03,-1.438932934319142820e+00,9.936492449136066218e-01,2.399899532250502343e+00
3.760999999999999943e+01,1.625000000000000000e+03,1.800000000000000000e+03,-1.440515110609780436e+00,9.929298229168949108e-01,2.413625013756421911e+00
3.762700000000000244e+01,1.625000000000000000e+03,1.800000000000000000e+03,-1.444187798749407170e+00,9.873878096469307364e-01,2.401861960535871088e+00
3.764399999999999835e+01,1.625000000000000000e+03,1.800000000000000000e+03,-1.444594801706037268e+00,9.841125947541881080e-01,2.396352851190706179e+00
3.766199999999999903e+01,1.625000000000000000e+03,1.800000000000000000e+03,-1.446865004753511652e+00,9.817968276071847855e-01,2.397335672412475915e+00
3.767900000000000205e+01,1.625000000000000000e+03,1.800000000000000000e+03,-1.446865004753511652e+00,9.817968276071847855e-01,2.397335672412475915e+00
3.769599999999999795e+01,1.625000000000000000e+03,1.800000000000000000e+03,-1.446865004753511652e+00,9.817968276071847855e-01,2.397335672412475915e+00
3.771300000000000097e+01,1.625000000000000000e+03,1.800000000000000000e+03,-1.450123336132150165e+00,9.754458606545503008e-01,2.392718576345514325e+00
3.773100000000000165e+01,1.625000000000000000e+03,1.800000000000000000e+03,-1.451992681751387293e+00,9.722967664403828758e-01,2.380218355712800271e+00
3.774799999999999756e+01,1.625000000000000000e+03,1.800000000000000000e+03,-1.451992681751387293e+00,9.722967664403828758e-01,2.380218355712800271e+00
3.776400000000000290e+01,1.625000000000000000e+03,1.800000000000000000e+03,-1.451992681751387293e+00,9.722967664403828758e-01,2.380218355712800271e+00
3.778099999999999881e+01,1.625000000000000000e+03,1.800000000000000000e+03,-1.453170947110027367e+00,9.707413441269606702e-01,2.381210881174115279e+00
3.779899999999999949e+01,1.625000000000000000e+03,1.800000000000000000e+03,-1.456894550689799006e+00,9.644679119880744667e-01,2.376482961226967117e+00
3.781600000000000250e+01,1.625000000000000000e+03,1.800000000000000000e+03,-1.456894550689799006e+00,9.644679119880744667e-01,2.376482961226967117e+00
3.783400000000000318e+01,1.625000000000000000e+03,1.800000000000000000e+03,-1.458650748139211029e+00,9.580869012189267009e-01,2.352304497744732270e+00
3.785099999999999909e+01,1.625000000000000000e+03,1.800000000000000000e+03,-1.458650748139211029e+00,9.580869012189267009e-01,2.352304497744732270e+00
3.786800000000000210e+01,1.625000000000000000e+03,1.800000000000000000e+03,-1.462252761705394200e+00,9.526649266494980894e-01,2.347455515177480301e+00
3.788499999999999801e+01,1.625000000000000000e+03,1.800000000000000000e+03,-1.462252761705394200e+00,9.526649266494980894e-01,2.347455515177480301e+00
3.790200000000000102e+01,1.625000000000000000e+03,1.800000000000000000e+03,-1.464393454387224125e+00,9.511941526675108394e-01,2.360758582300613639e+00
3.792000000000000171e+01,1.625000000000000000e+03,1.800000000000000000e+03,-1.464393454387224125e+00,9.511941526675108394e-01,2.360758582300613639e+00
3.793699999999999761e+01,1.625000000000000000e+03,1.800000000000000000e+03,-1.466140020572411551e+00,9.488921523901293620e-01,2.342201398488922948e+00
3.795499999999999829e+01,1.625000000000000000e+03,1.800000000000000000e+03,-1.466140020572411551e+00,9.488921523901293620e-01,2.342201398488922948e+00
3.797099999999999653e+01,1.625000000000000000e+03,1.800000000000000000e+03,-1.469719429798856281e+00,9.435010744773714153e-01,2.331179920554915519e+00
3.798799999999999955e+01,1.625000000000000000e+03,1.800000000000000000e+03,-1.479145682901677805e+00,9.297399711179602511e-01,2.336260752634523374e+00
3.800500000000000256e+01,1.625000000000000000e+03,1.800000000000000000e+03,-1.479145682901677805e+00,9.297399711179602511e-01,2.336260752634523374e+00
3.802199999999999847e+01,1.625000000000000000e+03,1.800000000000000000e+03,-1.480960520385630641e+00,9.266803410606202496e-01,2.337272914839166660e+00
3.803999999999999915e+01,1.625000000000000000e+03,1.800000000000000000e+03,-1.482018760460185325e+00,9.259561720342514013e-01,2.311367909220269024e+00
3.805700000000000216e+01,1.625000000000000000e+03,1.800000000000000000e+03,-1.483828719380820838e+00,9.229038222710982398e-01,2.312393686718527963e+00
3.807399999999999807e+01,1.625000000000000000e+03,1.800000000000000000e+03,-1.485635196813732239e+00,9.198573952772225448e-01,2.313418151870869632e+00
3.809100000000000108e+01,1.625000000000000000e+03,1.800000000000000000e+03,-1.485635196813732239e+00,9.198573952772225448e-01,2.313418151870869632e+00
3.810799999999999699e+01,1.625000000000000000e+03,1.800000000000000000e+03,-1.488799111377326900e+00,9.176947029406302692e-01,2.314441303536255212e+00
3.812500000000000000e+01,1.625000000000000000e+03,1.800000000000000000e+03,-1.491824316913787918e+00,9.123767594268586967e-01,2.304367850876762436e+00
3.814200000000000301e+01,1.625000000000000000e+03,1.800000000000000000e+03,-1.494099261260997791e+00,9.093817237628153416e-01,2.305393830657326948e+00
3.815899999999999892e+01,1.625000000000000000e+03,1.800000000000000000e+03,-1.494099261260997791e+00,9.093817237628153416e-01,2.305393830657326948e+00
3.817600000000000193e+01,1.625000000000000000e+03,1.800000000000000000e+03,-1.497192942347064459e+00,9.033154979534526730e-01,2.307441878222282305e+00
3.819400000000000261e+01,1.625000000000000000e+03,1.800000000000000000e+03,-1.497192942347064459e+00,9.033154979534526730e-01,2.307441878222282305e+00
3.821099999999999852e+01,1.625000000000000000e+03,1.800000000000000000e+03,-1.499852769201223124e+00,9.011433424665368230e-01,2.308463943836092991e+00
3.822800000000000153e+01,1.625000000000000000e+03,1.800000000000000000e+03,-1.499852769201223124e+00,9.011433424665368230e-01,2.308463943836092991e+00
3.824499999999999744e+01,1.625000000000000000e+03,1.800000000000000000e+03,-1.501547875438693946e+00,8.989123420860408720e-01,2.297654935769571694e+00
3.826200000000000045e+01,1.625000000000000000e+03,1.800000000000000000e+03,-1.503721048874988142e+00,8.967152064215980767e-01,2.302996054521883273e+00
3.827900000000000347e+01,1.625000000000000000e+03,1.800000000000000000e+03,-1.505096945175627976e+00,8.929170601426478227e-01,2.299705300590952017e+00
3.829699999999999704e+01,1.625000000000000000e+03,1.800000000000000000e+03,-1.505096945175627976e+00,8.929170601426478227e-01,2.299705300590952017e+00
3.831300000000000239e+01,1.625000000000000000e+03,1.800000000000000000e+03,-1.507661135255280449e+00,8.915287276808799843e-01,2.305039695030576485e+00
3.832999999999999829e+01,1.625000000000000000e+03,1.800000000000000000e+03,-1.509345873837339758e+00,8.893111197555222391e-01,2.286906976216388276e+00
3.834799999999999898e+01,1.625000000000000000e+03,1.800000000000000000e+03,-1.516699267682440011e+00,8.789729629496482177e-01,2.279478033368170120e+00
3.836500000000000199e+01,1.625000000000000000e+03,1.800000000000000000e+03,-1.516699267682440011e+00,8.789729629496482177e-01,2.279478033368170120e+00
3.838199999999999790e+01,1.625000000000000000e+03,1.800000000000000000e+03,-1.516699267682440011e+00,8.789729629496482177e-01,2.279478033368170120e+00
3.839900000000000091e+01,1.625000000000000000e+03,1.800000000000000000e+03,-1.519327145958002001e+00,8.768328484859443384e-01,2.280507040639521588e+00
3.841599999999999682e+01,1.625000000000000000e+03,1.800000000000000000e+03,-1.520996287918850332e+00,8.746356309292394604e-01,2.270256832260553193e+00
3.843399999999999750e+01,1.625000000000000000e+03,1.800000000000000000e+03,-1.523695636123420183e+00,8.717405503273077949e-01,2.267785704758144227e+00
3.845100000000000051e+01,1.625000000000000000e+03,1.800000000000000000e+03,-1.523695636123420183e+00,8.717405503273077949e-01,2.267785704758144227e+00
3.846800000000000352e+01,1.625000000000000000e+03,1.800000000000000000e+03,-1.523695636123420183e+00,8.717405503273077949e-01,2.267785704758144227e+00
3.848499999999999943e+01,1.625000000000000000e+03,1.800000000000000000e+03,-1.536941022270635226e+00,8.543033098304159134e-01,2.245199210281060509e+00
3.850300000000000011e+01,1.625000000000000000e+03,1.800000000000000000e+03,-1.538586611693529393e+00,8.521371412867303485e-01,2.235518865105578179e+00
3.852000000000000313e+01,1.625000000000000000e+03,1.800000000000000000e+03,-1.538586611693529393e+00,8.521371412867303485e-01,2.235518865105578179e+00
3.853699999999999903e+01,1.625000000000000000e+03,1.800000000000000000e+03,-1.540302684585661996e+00,8.492245841614166624e-01,2.236557455353255897e+00
3.855400000000000205e+01,1.625000000000000000e+03,1.800000000000000000e+03,-1.542015558582343626e+00,8.463175220913151664e-01,2.237594858224126959e+00
3.857099999999999795e+01,1.625000000000000000e+03,1.800000000000000000e+03,-1.542015558582343626e+00,8.463175220913151664e-01,2.237594858224126959e+00
3.858800000000000097e+01,1.625000000000000000e+03,1.800000000000000000e+03,-1.544672904191895624e+00,8.434734076480071563e-01,2.231389992495737218e+00
3.860499999999999687e+01,1.625000000000000000e+03,1.800000000000000000e+03,-1.548413624640032404e+00,8.392023706176469089e-01,2.223025115163694831e+00
3.862199999999999989e+01,1.625000000000000000e+03,1.800000000000000000e+03,-1.550113648662221566e+00,8.363139072635564775e-01,2.224063632689849523e+00
3.863900000000000290e+01,1.625000000000000000e+03,1.800000000000000000e+03,-1.550113648662221566e+00,8.363139072635564775e-01,2.224063632689849523e+00
3.865599999999999881e+01,1.625000000000000000e+03,1.800000000000000000e+03,-1.552283130365943453e+00,8.334592264734316247e-01,2.225100990312977700e+00
3.867300000000000182e+01,1.625000000000000000e+03,1.800000000000000000e+03,-1.552283130365943453e+00,8.334592264734316247e-01,2.225100990312977700e+00
3.868999999999999773e+01,1.625000000000000000e+03,1.800000000000000000e+03,-1.553907696443870279e+00,8.313216215165167844e-01,2.218245414293871232e+00
3.870700000000000074e+01,1.625000000000000000e+03,1.800000000000000000e+03,-1.558161659509354813e+00,8.263732852919348781e-01,2.220319737237338220e+00
3.872399999999999665e+01,1.625000000000000000e+03,1.800000000000000000e+03,-1.561059772818615743e+00,8.258040385004871142e-01,2.203845258068823920e+00
3.874099999999999966e+01,1.625000000000000000e+03,1.800000000000000000e+03,-1.562741191399220186e+00,8.229401105680996809e-01,2.204884456012752292e+00
3.875800000000000267e+01,1.625000000000000000e+03,1.800000000000000000e+03,-1.565361745507704905e+00,8.201372838209833871e-01,2.205922536401053513e+00
3.877499999999999858e+01,1.625000000000000000e+03,1.800000000000000000e+03,-1.567912880532266628e+00,8.180731433117177653e-01,2.189663659478590318e+00
3.879200000000000159e+01,1.625000000000000000e+03,1.800000000000000000e+03,-1.567912880532266628e+00,8.180731433117177653e-01,2.189663659478590318e+00
3.880899999999999750e+01,1.625000000000000000e+03,1.800000000000000000e+03,-1.569519511175743620e+00,8.159561087325141182e-01,2.190703707593363525e+00
3.882699999999999818e+01,1.625000000000000000e+03,1.800000000000000000e+03,-1.569519511175743620e+00,8.159561087325141182e-01,2.190703707593363525e+00
3.884400000000000119e+01,1.625000000000000000e+03,1.800000000000000000e+03,-1.571188034170252212e+00,8.131102351717548471e-01,2.191742670563180173e+00
3.886099999999999710e+01,1.625000000000000000e+03,1.800000000000000000e+03,-1.571188034170252212e+00,8.131102351717548471e-01,2.191742670563180173e+00
3.887800000000000011e+01,1.625000000000000000e+03,1.800000000000000000e+03,-1.576676526354424679e+00,8.097596851446161592e-01,2.193706635950872119e+00
3.889500000000000313e+01,1.625000000000000000e+03,1.800000000000000000e+03,-1.576676526354424679e+00,8.097596851446161592e-01,2.193706635950872119e+00
3.891299999999999670e+01,1.625000000000000000e+03,1.800000000000000000e+03,-1.580929977245592255e+00,8.041500016286512453e-01,2.178727179070171882e+00
3.892999999999999972e+01,1.625000000000000000e+03,1.800000000000000000e+03,-1.582582058688003501e+00,8.013255304139271784e-01,2.179764420818684378e+00
3.894700000000000273e+01,1.625000000000000000e+03,1.800000000000000000e+03,-1.582582058688003501e+00,8.013255304139271784e-01,2.179764420818684378e+00
3.896399999999999864e+01,1.625000000000000000e+03,1.800000000000000000e+03,-1.587981088574132116e+00,7.987230772518781885e-01,2.166137473001716884e+00
3.898199999999999932e+01,1.625000000000000000e+03,1.800000000000000000e+03,-1.600838032548684842e+00,7.849665180999446656e-01,2.147163441842151688e+00
3.899900000000000233e+01,1.625000000000000000e+03,1.800000000000000000e+03,-1.603396409829984215e+00,7.822294716169043705e-01,2.156420965836129966e+00
3.901599999999999824e+01,1.625000000000000000e+03,1.800000000000000000e+03,-1.606362680090371420e+00,7.802392833797052729e-01,2.149723829658648722e+00
3.903300000000000125e+01,1.625000000000000000e+03,1.800000000000000000e+03,-1.606362680090371420e+00,7.802392833797052729e-01,2.149723829658648722e+00
3.904999999999999716e+01,1.625000000000000000e+03,1.800000000000000000e+03,-1.608446312636758302e+00,7.774839269662724428e-01,2.141831164492101092e+00
3.906700000000000017e+01,1.625000000000000000e+03,1.800000000000000000e+03,-1.610060159897945598e+00,7.747072374416202889e-01,2.142863312205712578e+00
3.908500000000000085e+01,1.625000000000000000e+03,1.800000000000000000e+03,-1.610060159897945598e+00,7.747072374416202889e-01,2.142863312205712578e+00
3.910199999999999676e+01,1.625000000000000000e+03,1.800000000000000000e+03,-1.612496990479806769e+00,7.734124701447563366e-01,2.135598771772370785e+00
3.911899999999999977e+01,1.625000000000000000e+03,1.800000000000000000e+03,-1.615864199225610642e+00,7.721709735646585804e-01,2.137130648972624503e+00
3.913600000000000279e+01,1.625000000000000000e+03,1.800000000000000000e+03,-1.617883124490277602e+00,7.701405551979166875e-01,2.138160387417245012e+00
3.915400000000000347e+01,1.625000000000000000e+03,1.800000000000000000e+03,-1.619899544997318808e+00,7.681127258568313243e-01,2.130540865432109854e+00
3.917099999999999937e+01,1.625000000000000000e+03,1.800000000000000000e+03,-1.622429120153137116e+00,7.654043314214208360e-01,2.131850266201093191e+00
3.918800000000000239e+01,1.625000000000000000e+03,1.800000000000000000e+03,-1.624024560276728257e+00,7.626489473918353079e-01,2.132877996344435090e+00
3.920499999999999829e+01,1.625000000000000000e+03,1.800000000000000000e+03,-1.627328759207853803e+00,7.621221382222526097e-01,2.117448854835862981e+00
3.922299999999999898e+01,1.625000000000000000e+03,1.800000000000000000e+03,-1.628869761544837758e+00,7.600786574409706953e-01,2.110151528226688722e+00
3.924000000000000199e+01,1.625000000000000000e+03,1.800000000000000000e+03,-1.631337857832343863e+00,7.580892149514258938e-01,2.111036826279401257e+00
3.925600000000000023e+01,1.625000000000000000e+03,1.800000000000000000e+03,-1.633386071211310409e+00,7.553721968919279162e-01,2.096244177697292432e+00
3.927400000000000091e+01,1.625000000000000000e+03,1.800000000000000000e+03,-1.633386071211310409e+00,7.553721968919279162e-01,2.096244177697292432e+00
3.929099999999999682e+01,1.625000000000000000e+03,1.800000000000000000e+03,-1.638353031747826982e+00,7.507051374031586954e-01,2.106372554862463442e+00
3.930799999999999983e+01,1.625000000000000000e+03,1.800000000000000000e+03,-1.638353031747826982e+00,7.507051374031586954e-01,2.106372554862463442e+00
3.932600000000000051e+01,1.625000000000000000e+03,1.800000000000000000e+03,-1.640763103437727466e+00,7.494285279028011226e-01,2.099340801895773989e+00
3.934300000000000352e+01,1.625000000000000000e+03,1.800000000000000000e+03,-1.640763103437727466e+00,7.494285279028011226e-01,2.099340801895773989e+00
3.935999999999999943e+01,1.625000000000000000e+03,1.800000000000000000e+03,-1.645710972810370709e+00,7.447785950343909223e-01,2.101492137964711571e+00
3.937700000000000244e+01,1.625000000000000000e+03,1.800000000000000000e+03,-1.647651298013363297e+00,7.434812730710397277e-01,2.086015795510740567e+00
3.939399999999999835e+01,1.625000000000000000e+03,1.800000000000000000e+03,-1.647651298013363297e+00,7.434812730710397277e-01,2.086015795510740567e+00
3.941199999999999903e+01,1.625000000000000000e+03,1.800000000000000000e+03,-1.647651298013363297e+00,7.434812730710397277e-01,2.086015795510740567e+00
3.943299999999999983e+01,1.625000000000000000e+03,1.800000000000000000e+03,-1.647651298013363297e+00,7.434812730710397277e-01,2.086015795510740567e+00
3.945000000000000284e+01,1.625000000000000000e+03,1.800000000000000000e+03,-1.647651298013363297e+00,7.434812730710397277e-01,2.086015795510740567e+00
3.946800000000000352e+01,1.625000000000000000e+03,1.800000000000000000e+03,-1.651064843299977047e+00,7.408645634392257984e-01,2.087565985216639053e+00
3.948899999999999721e+01,1.625000000000000000e+03,1.800000000000000000e+03,-1.651064843299977047e+00,7.408645634392257984e-01,2.087565985216639053e+00
3.950600000000000023e+01,1.625000000000000000e+03,1.800000000000000000e+03,-1.651064843299977047e+00,7.408645634392257984e-01,2.087565985216639053e+00
3.952799999999999869e+01,1.625000000000000000e+03,1.800000000000000000e+03,-1.654598755870015925e+00,7.361646224618648704e-01,2.081876003282345344e+00
3.954500000000000171e+01,1.625000000000000000e+03,1.800000000000000000e+03,-1.657496197008025751e+00,7.342292394093380414e-01,2.074891818067037264e+00
3.956199999999999761e+01,1.625000000000000000e+03,1.800000000000000000e+03,-1.657496197008025751e+00,7.342292394093380414e-01,2.074891818067037264e+00
3.957900000000000063e+01,1.625000000000000000e+03,1.800000000000000000e+03,-1.680207423867145833e+00,7.167409460904855534e-01,2.037201780295143649e+00
3.959599999999999653e+01,1.625000000000000000e+03,1.800000000000000000e+03,-1.681763475862228407e+00,7.133853189405577888e-01,2.038202415878405116e+00
3.961299999999999955e+01,1.625000000000000000e+03,1.800000000000000000e+03,-1.685086421254840428e+00,7.115006139522214168e-01,2.039761763621724899e+00
3.963000000000000256e+01,1.625000000000000000e+03,1.800000000000000000e+03,-1.685086421254840428e+00,7.115006139522214168e-01,2.039761763621724899e+00
3.964699999999999847e+01,1.625000000000000000e+03,1.800000000000000000e+03,-1.690310717751988934e+00,7.083480542548329373e-01,2.033084265874446128e+00
3.966499999999999915e+01,1.625000000000000000e+03,1.800000000000000000e+03,-1.693197207060358034e+00,7.057634114326719610e-01,2.034642832981382377e+00
3.968299999999999983e+01,1.625000000000000000e+03,1.800000000000000000e+03,-1.693197207060358034e+00,7.057634114326719610e-01,2.034642832981382377e+00
3.970100000000000051e+01,1.625000000000000000e+03,1.800000000000000000e+03,-1.696631601002880796e+00,7.011674822711549959e-01,2.029908645652378052e+00
3.971800000000000352e+01,1.625000000000000000e+03,1.800000000000000000e+03,-1.696631601002880796e+00,7.011674822711549959e-01,2.029908645652378052e+00
3.973499999999999943e+01,1.625000000000000000e+03,1.800000000000000000e+03,-1.702746773527960222e+00,6.980818348610843271e-01,2.023804341717494459e+00
3.975200000000000244e+01,1.625000000000000000e+03,1.800000000000000000e+03,-1.702746773527960222e+00,6.980818348610843271e-01,2.023804341717494459e+00
3.976899999999999835e+01,1.625000000000000000e+03,1.800000000000000000e+03,-1.704726987324792775e+00,6.947902416904702116e-01,2.016489992696263389e+00
3.978699999999999903e+01,1.625000000000000000e+03,1.800000000000000000e+03,-1.704726987324792775e+00,6.947902416904702116e-01,2.016489992696263389e+00
3.980400000000000205e+01,1.625000000000000000e+03,1.800000000000000000e+03,-1.710338467300296816e+00,6.923680182377552894e-01,2.018619817249350135e+00
3.982099999999999795e+01,1.625000000000000000e+03,1.800000000000000000e+03,-1.713168687032158521e+00,6.904834291060587548e-01,2.004930501662364417e+00
3.983800000000000097e+01,1.625000000000000000e+03,1.800000000000000000e+03,-1.713168687032158521e+00,6.904834291060587548e-01,2.004930501662364417e+00
3.985499999999999687e+01,1.625000000000000000e+03,1.800000000000000000e+03,-1.717421256587987832e+00,6.873239654617456784e-01,1.998127451929609721e+00
3.987199999999999989e+01,1.625000000000000000e+03,1.800000000000000000e+03,-1.717421256587987832e+00,6.873239654617456784e-01,1.998127451929609721e+00
3.988900000000000290e+01,1.625000000000000000e+03,1.800000000000000000e+03,-1.722629984984034746e+00,6.828740821891429169e-01,1.994611368137913399e+00
3.990599999999999881e+01,1.625000000000000000e+03,1.800000000000000000e+03,-1.722629984984034746e+00,6.828740821891429169e-01,1.994611368137913399e+00
3.992300000000000182e+01,1.625000000000000000e+03,1.800000000000000000e+03,-1.722629984984034746e+00,6.828740821891429169e-01,1.994611368137913399e+00
3.993999999999999773e+01,1.625000000000000000e+03,1.800000000000000000e+03,-1.725807682334859816e+00,6.837071667002342368e-01,1.986851848039481672e+00
3.995700000000000074e+01,1.625000000000000000e+03,1.800000000000000000e+03,-1.725807682334859816e+00,6.837071667002342368e-01,1.986851848039481672e+00
3.997399999999999665e+01,1.625000000000000000e+03,1.800000000000000000e+03,-1.730588642995313009e+00,6.779052253118441618e-01,1.989381931395461489e+00
3.999099999999999966e+01,1.625000000000000000e+03,1.800000000000000000e+03,-1.733374250939734296e+00,6.767053667672474626e-01,1.973072335086520468e+00
4.000800000000000267e+01,1.625000000000000000e+03,1.800000000000000000e+03,-1.733374250939734296e+00,6.767053667672474626e-01,1.973072335086520468e+00
4.002700000000000102e+01,1.625000000000000000e+03,1.800000000000000000e+03,-1.749212847475736243e+00,6.668185525096222976e-01,1.956695392147192125e+00
4.004399999999999693e+01,1.625000000000000000e+03,1.800000000000000000e+03,-1.760791242696116532e+00,6.600915946627169406e-01,1.956070440228132146e+00
4.006199999999999761e+01,1.625000000000000000e+03,1.800000000000000000e+03,-1.760791242696116532e+00,6.600915946627169406e-01,1.956070440228132146e+00
4.007900000000000063e+01,1.625000000000000000e+03,1.800000000000000000e+03,-1.766343563753666634e+00,6.563972119135327299e-01,1.949733230012613117e+00
4.009599999999999653e+01,1.625000000000000000e+03,1.800000000000000000e+03,-1.766343563753666634e+00,6.563972119135327299e-01,1.949733230012613117e+00
4.011299999999999955e+01,1.625000000000000000e+03,1.800000000000000000e+03,-1.768646934287181116e+00,6.551898131360541777e-01,1.937159880099501574e+00
4.013000000000000256e+01,1.625000000000000000e+03,1.800000000000000000e+03,-1.768646934287181116e+00,6.551898131360541777e-01,1.937159880099501574e+00
4.014800000000000324e+01,1.625000000000000000e+03,1.800000000000000000e+03,-1.768646934287181116e+00,6.551898131360541777e-01,1.937159880099501574e+00
4.016499999999999915e+01,1.625000000000000000e+03,1.800000000000000000e+03,-1.772314448396324904e+00,6.540498169850480492e-01,1.948416334144189355e+00
4.018200000000000216e+01,1.625000000000000000e+03,1.800000000000000000e+03,-1.772314448396324904e+00,6.540498169850480492e-01,1.948416334144189355e+00
4.019899999999999807e+01,1.625000000000000000e+03,1.800000000000000000e+03,-1.774638174148893466e+00,6.515284877013348686e-01,1.944274540939050500e+00
4.021600000000000108e+01,1.625000000000000000e+03,1.800000000000000000e+03,-1.780606779349639179e+00,6.485312209919281701e-01,1.929120401122172757e+00
4.023299999999999699e+01,1.625000000000000000e+03,1.800000000000000000e+03,-1.780606779349639179e+00,6.485312209919281701e-01,1.929120401122172757e+00
4.025000000000000000e+01,1.625000000000000000e+03,1.800000000000000000e+03,-1.782445934292126166e+00,6.473073924268947232e-01,1.925302431812182968e+00
4.026700000000000301e+01,1.625000000000000000e+03,1.800000000000000000e+03,-1.782445934292126166e+00,6.473073924268947232e-01,1.925302431812182968e+00
4.028399999999999892e+01,1.625000000000000000e+03,1.800000000000000000e+03,-1.788864442312579461e+00,6.436851281503362943e-01,1.918813767712072016e+00
4.030199999999999960e+01,1.625000000000000000e+03,1.800000000000000000e+03,-1.788864442312579461e+00,6.436851281503362943e-01,1.918813767712072016e+00
4.031900000000000261e+01,1.625000000000000000e+03,1.800000000000000000e+03,-1.790698199071081520e+00,6.424648830453189019e-01,1.915213602119907543e+00
4.033599999999999852e+01,1.625000000000000000e+03,1.800000000000000000e+03,-1.794354860228131621e+00,6.406797732516408272e-01,1.912264623929386786e+00
4.035300000000000153e+01,1.625000000000000000e+03,1.800000000000000000e+03,-1.796632932602998611e+00,6.401359252895314489e-01,1.908766620753981291e+00
4.036999999999999744e+01,1.625000000000000000e+03,1.800000000000000000e+03,-1.799841937038972661e+00,6.370283809954871979e-01,1.910307008677041507e+00
4.038700000000000045e+01,1.625000000000000000e+03,1.800000000000000000e+03,-1.799841937038972661e+00,6.370283809954871979e-01,1.910307008677041507e+00
4.040400000000000347e+01,1.625000000000000000e+03,1.800000000000000000e+03,-1.802122247760721274e+00,6.358346941673168606e-01,1.906568723135363186e+00
4.042099999999999937e+01,1.625000000000000000e+03,1.800000000000000000e+03,-1.804405632267106707e+00,6.339918045486429010e-01,1.894436986953473179e+00
4.043800000000000239e+01,1.625000000000000000e+03,1.800000000000000000e+03,-1.808043486628967633e+00,6.328648986830035517e-01,1.899893037449489119e+00
4.045499999999999829e+01,1.625000000000000000e+03,1.800000000000000000e+03,-1.809868237852100492e+00,6.310038432250099083e-01,1.896602490111790384e+00
4.047200000000000131e+01,1.625000000000000000e+03,1.800000000000000000e+03,-1.813504239796247974e+00,6.292307456227043128e-01,1.898137383980510018e+00
4.048899999999999721e+01,1.625000000000000000e+03,1.800000000000000000e+03,-1.813504239796247974e+00,6.292307456227043128e-01,1.898137383980510018e+00
4.050699999999999790e+01,1.625000000000000000e+03,1.800000000000000000e+03,-1.833891106393102488e+00,6.185669068641016510e-01,1.866336851852042233e+00
4.052499999999999858e+01,1.625000000000000000e+03,1.800000000000000000e+03,-1.836145977392877882e+00,6.167434519850786279e-01,1.863672341049396941e+00
4.054099999999999682e+01,1.625000000000000000e+03,1.800000000000000000e+03,-1.839303184044490225e+00,6.149641313737802539e-01,1.865193669325788672e+00
4.055799999999999983e+01,1.625000000000000000e+03,1.800000000000000000e+03,-1.842013946049549711e+00,6.144484281352468047e-01,1.857026578166388386e+00
4.057600000000000051e+01,1.625000000000000000e+03,1.800000000000000000e+03,-1.842013946049549711e+00,6.144484281352468047e-01,1.857026578166388386e+00
4.059300000000000352e+01,1.625000000000000000e+03,1.800000000000000000e+03,-1.844709002445642732e+00,6.120097968315304504e-01,1.858544537527893725e+00
4.060999999999999943e+01,1.625000000000000000e+03,1.800000000000000000e+03,-1.851010209827191222e+00,6.091023536951648554e-01,1.851839742142783463e+00
4.062700000000000244e+01,1.625000000000000000e+03,1.800000000000000000e+03,-1.851010209827191222e+00,6.091023536951648554e-01,1.851839742142783463e+00
4.064399999999999835e+01,1.625000000000000000e+03,1.800000000000000000e+03,-1.856849995336249837e+00,6.061790270374541878e-01,1.845079366582171421e+00
4.066100000000000136e+01,1.625000000000000000e+03,1.800000000000000000e+03,-1.856849995336249837e+00,6.061790270374541878e-01,1.845079366582171421e+00
4.067900000000000205e+01,1.625000000000000000e+03,1.800000000000000000e+03,-1.865371746590209323e+00,6.021113326964769863e-01,1.827209319624297112e+00
4.069800000000000040e+01,1.625000000000000000e+03,1.800000000000000000e+03,-1.865371746590209323e+00,6.021113326964769863e-01,1.827209319624297112e+00
4.071500000000000341e+01,1.625000000000000000e+03,1.800000000000000000e+03,-1.868502194476068912e+00,6.003474507221063794e-01,1.831392325011035993e+00
4.073199999999999932e+01,1.625000000000000000e+03,1.800000000000000000e+03,-1.872104390557411957e+00,5.998765737278092258e-01,1.817718207020921684e+00
4.074900000000000233e+01,1.625000000000000000e+03,1.800000000000000000e+03,-1.874326833744174525e+00,5.980738275218336897e-01,1.828065616322695375e+00
4.076599999999999824e+01,1.625000000000000000e+03,1.800000000000000000e+03,-1.874326833744174525e+00,5.980738275218336897e-01,1.828065616322695375e+00
4.078300000000000125e+01,1.625000000000000000e+03,1.800000000000000000e+03,-1.876998190877707584e+00,5.962936630885767864e-01,1.810975714422589755e+00
4.079999999999999716e+01,1.625000000000000000e+03,1.800000000000000000e+03,-1.876998190877707584e+00,5.962936630885767864e-01,1.810975714422589755e+00
4.081700000000000017e+01,1.625000000000000000e+03,1.800000000000000000e+03,-1.883714742090031979e+00,5.940661673143982080e-01,1.804181739016743169e+00
4.083400000000000318e+01,1.625000000000000000e+03,1.800000000000000000e+03,-1.885942191513359845e+00,5.929024039288718351e-01,1.795852742692983783e+00
4.085099999999999909e+01,1.625000000000000000e+03,1.800000000000000000e+03,-1.885942191513359845e+00,5.929024039288718351e-01,1.795852742692983783e+00
4.086800000000000210e+01,1.625000000000000000e+03,1.800000000000000000e+03,-1.892197778329384850e+00,5.906586870470701411e-01,1.788961302195778869e+00
4.088600000000000279e+01,1.625000000000000000e+03,1.800000000000000000e+03,-1.895340350490288372e+00,5.901693924275973613e-01,1.792482640323708631e+00
4.090299999999999869e+01,1.625000000000000000e+03,1.800000000000000000e+03,-1.895340350490288372e+00,5.901693924275973613e-01,1.792482640323708631e+00
4.092000000000000171e+01,1.625000000000000000e+03,1.800000000000000000e+03,-1.895340350490288372e+00,5.901693924275973613e-01,1.792482640323708631e+00
4.093699999999999761e+01,1.625000000000000000e+03,1.800000000000000000e+03,-1.901569154889456215e+00,5.872983070727083588e-01,1.783355047296314888e+00
4.095400000000000063e+01,1.625000000000000000e+03,1.800000000000000000e+03,-1.901569154889456215e+00,5.872983070727083588e-01,1.783355047296314888e+00
4.097099999999999653e+01,1.625000000000000000e+03,1.800000000000000000e+03,-1.904650980125393689e+00,5.849200470956655851e-01,1.784828637682624120e+00
4.098799999999999955e+01,1.625000000000000000e+03,1.800000000000000000e+03,-1.922477556131297671e+00,5.794414544574219006e-01,1.771165652208587904e+00
4.100500000000000256e+01,1.625000000000000000e+03,1.800000000000000000e+03,-1.922477556131297671e+00,5.794414544574219006e-01,1.771165652208587904e+00
4.102300000000000324e+01,1.625000000000000000e+03,1.800000000000000000e+03,-1.925611333155250682e+00,5.789547182221254085e-01,1.754999063199640164e+00
4.103999999999999915e+01,1.625000000000000000e+03,1.800000000000000000e+03,-1.928744992419332727e+00,5.784681046804559523e-01,1.756348995598656426e+00
4.105700000000000216e+01,1.625000000000000000e+03,1.800000000000000000e+03,-1.931852708545209740e+00,5.773547640478077225e-01,1.746451245634268012e+00
4.107399999999999807e+01,1.625000000000000000e+03,1.800000000000000000e+03,-1.934905754395576993e+00,5.749901831811295994e-01,1.749174418232854356e+00
4.109100000000000108e+01,1.625000000000000000e+03,1.800000000000000000e+03,-1.937612180339373102e+00,5.751101483537887082e-01,1.739356210306602479e+00
4.110900000000000176e+01,1.625000000000000000e+03,1.800000000000000000e+03,-1.940687229391961699e+00,5.733736784274402476e-01,1.741951109939223974e+00
4.112599999999999767e+01,1.625000000000000000e+03,1.800000000000000000e+03,-1.940687229391961699e+00,5.733736784274402476e-01,1.741951109939223974e+00
4.114399999999999835e+01,1.625000000000000000e+03,1.800000000000000000e+03,-1.944689922835702856e+00,5.723034216646559758e-01,1.742152342136163101e+00
4.116100000000000136e+01,1.625000000000000000e+03,1.800000000000000000e+03,-1.946916229409288768e+00,5.717784826193187397e-01,1.733574228630768932e+00
4.117799999999999727e+01,1.625000000000000000e+03,1.800000000000000000e+03,-1.946916229409288768e+00,5.717784826193187397e-01,1.733574228630768932e+00
4.119500000000000028e+01,1.625000000000000000e+03,1.800000000000000000e+03,-1.953080142712861900e+00,5.689373227716668646e-01,1.726388796870203413e+00
4.121200000000000330e+01,1.625000000000000000e+03,1.800000000000000000e+03,-1.953080142712861900e+00,5.689373227716668646e-01,1.726388796870203413e+00
4.122899999999999920e+01,1.625000000000000000e+03,1.800000000000000000e+03,-1.956625329322191131e+00,5.678497869028352740e-01,1.726869746287789997e+00
4.124600000000000222e+01,1.625000000000000000e+03,1.800000000000000000e+03,-1.956625329322191131e+00,5.678497869028352740e-01,1.726869746287789997e+00
4.126299999999999812e+01,1.625000000000000000e+03,1.800000000000000000e+03,-1.959299298765522668e+00,5.673459101288792494e-01,1.718343709490503857e+00
4.128000000000000114e+01,1.625000000000000000e+03,1.800000000000000000e+03,-1.965932260543779009e+00,5.651535355140760997e-01,1.721129272388361109e+00
4.129800000000000182e+01,1.625000000000000000e+03,1.800000000000000000e+03,-1.965932260543779009e+00,5.651535355140760997e-01,1.721129272388361109e+00
4.131400000000000006e+01,1.625000000000000000e+03,1.800000000000000000e+03,-1.965932260543779009e+00,5.651535355140760997e-01,1.721129272388361109e+00
4.133200000000000074e+01,1.625000000000000000e+03,1.800000000000000000e+03,-1.969020836181978762e+00,5.640484652964236068e-01,1.712567817418608529e+00
4.135000000000000142e+01,1.625000000000000000e+03,1.800000000000000000e+03,-1.972072552622292418e+00,5.623231473483033538e-01,1.713981122780892097e+00
4.136699999999999733e+01,1.625000000000000000e+03,1.800000000000000000e+03,-1.974742282597442333e+00,5.618206813524281307e-01,1.705382070780113501e+00
4.138400000000000034e+01,1.625000000000000000e+03,1.800000000000000000e+03,-1.978240299043845463e+00,5.601173036845760178e-01,1.706788677026429557e+00
4.140100000000000335e+01,1.625000000000000000e+03,1.800000000000000000e+03,-1.982223423208808732e+00,5.590546902985052968e-01,1.698839293645074244e+00
4.141799999999999926e+01,1.625000000000000000e+03,1.800000000000000000e+03,-1.984439833635773587e+00,5.585334263542666156e-01,1.690175303856279010e+00
4.143500000000000227e+01,1.625000000000000000e+03,1.800000000000000000e+03,-1.987969729467434776e+00,5.574520915579176394e-01,1.691300323354201218e+00
4.145199999999999818e+01,1.625000000000000000e+03,1.800000000000000000e+03,-1.994122968329910650e+00,5.552522081751555261e-01,1.684119943390899543e+00
4.146999999999999886e+01,1.625000000000000000e+03,1.800000000000000000e+03,-2.016105508534828950e+00,5.482089019229426929e-01,1.654359299357745394e+00
4.148700000000000188e+01,1.625000000000000000e+03,1.800000000000000000e+03,-2.019169320980961579e+00,5.471143352923039105e-01,1.665366055212997853e+00
4.150399999999999778e+01,1.625000000000000000e+03,1.800000000000000000e+03,-2.022278540985093631e+00,5.466351862686521512e-01,1.647530125232505638e+00
4.152100000000000080e+01,1.625000000000000000e+03,1.800000000000000000e+03,-2.022278540985093631e+00,5.466351862686521512e-01,1.647530125232505638e+00
4.153699999999999903e+01,1.625000000000000000e+03,1.800000000000000000e+03,-2.025742949394412573e+00,5.449466089571967098e-01,1.648877542789286998e+00
4.155400000000000205e+01,1.625000000000000000e+03,1.800000000000000000e+03,-2.028850504495245843e+00,5.444679775990545201e-01,1.650263405251899407e+00
4.157200000000000273e+01,1.625000000000000000e+03,1.500000000000000000e+03,-2.028850504495245843e+00,5.444679775990545201e-01,1.650263405251899407e+00
4.158899999999999864e+01,1.625000000000000000e+03,1.500000000000000000e+03,-2.031957917796856972e+00,5.439894735619584809e-01,1.641651608483297942e+00
4.160600000000000165e+01,1.625000000000000000e+03,1.500000000000000000e+03,-2.034965233612195057e+00,5.422841038733011709e-01,1.643642589375776231e+00
4.162299999999999756e+01,1.625000000000000000e+03,1.500000000000000000e+03,-2.041627408341023298e+00,5.413475693163755098e-01,1.635738687267541014e+00
4.164000000000000057e+01,1.625000000000000000e+03,1.500000000000000000e+03,-2.041627408341023298e+00,5.413475693163755098e-01,1.635738687267541014e+00
4.165800000000000125e+01,1.625000000000000000e+03,1.500000000000000000e+03,-2.044680619952623069e+00,5.402571532450434200e-01,1.637854109127689917e+00
4.167399999999999949e+01,1.625000000000000000e+03,1.500000000000000000e+03,-2.048236282970701705e+00,5.397989698969735128e-01,1.638458976946185475e+00
4.169200000000000017e+01,1.625000000000000000e+03,1.500000000000000000e+03,-2.048236282970701705e+00,5.397989698969735128e-01,1.638458976946185475e+00
4.170900000000000318e+01,1.625000000000000000e+03,1.500000000000000000e+03,-2.051791995900273058e+00,5.393409165195558463e-01,1.621459257235283946e+00
4.172599999999999909e+01,1.625000000000000000e+03,1.500000000000000000e+03,-2.055293015716729954e+00,5.382709263807833322e-01,1.621800369987619783e+00
4.174300000000000210e+01,1.625000000000000000e+03,1.500000000000000000e+03,-2.058792430146856312e+00,5.372015758741813807e-01,1.623115317277143088e+00
4.175999999999999801e+01,1.625000000000000000e+03,1.500000000000000000e+03,-2.061444016953447811e+00,5.367056294560755836e-01,1.615585556131866163e+00
4.177700000000000102e+01,1.625000000000000000e+03,1.500000000000000000e+03,-2.064998020153078429e+00,5.362483098644049706e-01,1.615793460457524811e+00
4.179399999999999693e+01,1.625000000000000000e+03,1.500000000000000000e+03,-2.068552069727371379e+00,5.357911208024402905e-01,1.617184529646793045e+00
4.181099999999999994e+01,1.625000000000000000e+03,1.500000000000000000e+03,-2.071713168248665582e+00,5.359259701776203366e-01,1.609771868931810124e+00
4.182800000000000296e+01,1.625000000000000000e+03,1.500000000000000000e+03,-2.071713168248665582e+00,5.359259701776203366e-01,1.609771868931810124e+00
4.184499999999999886e+01,1.625000000000000000e+03,1.500000000000000000e+03,-2.074756938541175266e+00,5.348386240381511891e-01,1.611070847282947804e+00
4.186200000000000188e+01,1.625000000000000000e+03,1.500000000000000000e+03,-2.077347509261949110e+00,5.337327334096187981e-01,1.602450581249250661e+00
4.188100000000000023e+01,1.625000000000000000e+03,1.500000000000000000e+03,-2.077347509261949110e+00,5.337327334096187981e-01,1.602450581249250661e+00
4.189800000000000324e+01,1.625000000000000000e+03,1.500000000000000000e+03,-2.084843614002663159e+00,5.322288623370449168e-01,1.594317660817737181e+00
4.191400000000000148e+01,1.625000000000000000e+03,1.500000000000000000e+03,-2.088458431434257356e+00,5.323826582399796559e-01,1.595709789756028396e+00
4.193200000000000216e+01,1.625000000000000000e+03,1.500000000000000000e+03,-2.091559560975655874e+00,5.319072477940903765e-01,1.588526358871302779e+00
4.194899999999999807e+01,1.625000000000000000e+03,1.500000000000000000e+03,-2.095048600103889935e+00,5.308414548184446913e-01,1.589918580810884663e+00
4.196699999999999875e+01,1.625000000000000000e+03,1.500000000000000000e+03,-2.095048600103889935e+00,5.308414548184446913e-01,1.589918580810884663e+00
4.198400000000000176e+01,1.625000000000000000e+03,1.500000000000000000e+03,-2.115388932767032770e+00,5.274613836970879488e-01,1.576695934648383979e+00
4.200099999999999767e+01,1.625000000000000000e+03,1.500000000000000000e+03,-2.118418244388267535e+00,5.263789272674616049e-01,1.569835425094021630e+00
4.201800000000000068e+01,1.625000000000000000e+03,1.500000000000000000e+03,-2.121516234453842742e+00,5.259050702361832696e-01,1.571227760636131343e+00
4.203499999999999659e+01,1.625000000000000000e+03,1.500000000000000000e+03,-2.128236390576197401e+00,5.255848924887313034e-01,1.563892579245460546e+00
4.205199999999999960e+01,1.625000000000000000e+03,1.500000000000000000e+03,-2.128236390576197401e+00,5.255848924887313034e-01,1.563892579245460546e+00
4.206900000000000261e+01,1.625000000000000000e+03,1.500000000000000000e+03,-2.128236390576197401e+00,5.255848924887313034e-01,1.563892579245460546e+00
4.208599999999999852e+01,1.625000000000000000e+03,1.500000000000000000e+03,-2.131787730997505736e+00,5.251304984494317152e-01,1.555850905579282850e+00
4.210300000000000153e+01,1.625000000000000000e+03,1.500000000000000000e+03,-2.138363056868517020e+00,5.235952741593609128e-01,1.567913503303634437e+00
4.211999999999999744e+01,1.625000000000000000e+03,1.500000000000000000e+03,-2.138363056868517020e+00,5.235952741593609128e-01,1.567913503303634437e+00
4.213700000000000045e+01,1.625000000000000000e+03,1.500000000000000000e+03,-2.141988668396269446e+00,5.237488893642453514e-01,1.552184468534261841e+00
4.215400000000000347e+01,1.625000000000000000e+03,1.500000000000000000e+03,-2.145917448780301218e+00,5.227068154466610883e-01,1.551100622929693529e+00
4.217199999999999704e+01,1.625000000000000000e+03,1.500000000000000000e+03,-2.149391305892866200e+00,5.216461634545653814e-01,1.554794108366015060e+00
4.218900000000000006e+01,1.625000000000000000e+03,1.500000000000000000e+03,-2.152410239535294423e+00,5.205669919211023400e-01,1.553708012802594407e+00
4.220600000000000307e+01,1.625000000000000000e+03,1.500000000000000000e+03,-2.155662401688335006e+00,5.213079204266647393e-01,1.547539445984137174e+00
4.222299999999999898e+01,1.625000000000000000e+03,1.500000000000000000e+03,-2.159213009508563541e+00,5.208546814841780170e-01,1.548930507066917484e+00
4.224000000000000199e+01,1.625000000000000000e+03,1.500000000000000000e+03,-2.162763659212771916e+00,5.204015738737414187e-01,1.547710903165451679e+00
4.225699999999999790e+01,1.625000000000000000e+03,1.500000000000000000e+03,-2.162763659212771916e+00,5.204015738737414187e-01,1.547710903165451679e+00
4.227400000000000091e+01,1.625000000000000000e+03,1.500000000000000000e+03,-2.169411046201489057e+00,5.194765425923949520e-01,1.552924176634880471e+00
4.229099999999999682e+01,1.625000000000000000e+03,1.500000000000000000e+03,-2.173044134887821777e+00,5.196303097211442124e-01,1.534885400995103844e+00
4.230799999999999983e+01,1.625000000000000000e+03,1.500000000000000000e+03,-2.176595684785231466e+00,5.191776153142849681e-01,1.536274605319640552e+00
4.232500000000000284e+01,1.625000000000000000e+03,1.500000000000000000e+03,-2.179692826364920677e+00,5.187058144341386567e-01,1.537664345188287651e+00
4.234199999999999875e+01,1.625000000000000000e+03,1.500000000000000000e+03,-2.179692826364920677e+00,5.187058144341386567e-01,1.537664345188287651e+00
4.235900000000000176e+01,1.625000000000000000e+03,1.500000000000000000e+03,-2.183613984931660923e+00,5.176664618107359450e-01,1.536174301175993406e+00
4.237700000000000244e+01,1.625000000000000000e+03,1.500000000000000000e+03,-2.186881634034512523e+00,5.184073898771418554e-01,1.530369330117253401e+00
4.239399999999999835e+01,1.625000000000000000e+03,1.500000000000000000e+03,-2.193444355155233172e+00,5.168776131306754840e-01,1.532937639613712211e+00
4.241100000000000136e+01,1.625000000000000000e+03,1.500000000000000000e+03,-2.197084070276490664e+00,5.170316646698175367e-01,1.534327344275566496e+00
4.242799999999999727e+01,1.625000000000000000e+03,1.500000000000000000e+03,-2.201180863466966287e+00,5.172052136753727547e-01,1.526316312475034520e+00
4.244500000000000028e+01,1.625000000000000000e+03,1.500000000000000000e+03,-2.204824338755042579e+00,5.173596937554741926e-01,1.527704618860158847e+00
4.246200000000000330e+01,1.625000000000000000e+03,1.500000000000000000e+03,-2.208287906232682563e+00,5.163016067369229356e-01,1.525942335706553799e+00
4.247899999999999920e+01,1.625000000000000000e+03,1.500000000000000000e+03,-2.212024865778687843e+00,5.170625502805089591e-01,1.520378949934378054e+00
4.249600000000000222e+01,1.625000000000000000e+03,1.500000000000000000e+03,-2.218586228695525353e+00,5.155337548882369392e-01,1.519868758282371557e+00
4.251400000000000290e+01,1.625000000000000000e+03,1.500000000000000000e+03,-2.222785296877088701e+00,5.163142376813690815e-01,1.511707086158018187e+00
4.253099999999999881e+01,1.625000000000000000e+03,1.500000000000000000e+03,-2.226341640250610876e+00,5.158628234296179782e-01,1.513091762597641665e+00
4.254800000000000182e+01,1.625000000000000000e+03,1.500000000000000000e+03,-2.226341640250610876e+00,5.158628234296179782e-01,1.513091762597641665e+00
4.256600000000000250e+01,1.625000000000000000e+03,1.500000000000000000e+03,-2.237206423095072338e+00,5.157221230458185479e-01,1.506997454427600580e+00
4.258400000000000318e+01,1.625000000000000000e+03,1.500000000000000000e+03,-2.240209152772357104e+00,5.146451750424380078e-01,1.511686940452206196e+00
4.260099999999999909e+01,1.625000000000000000e+03,1.500000000000000000e+03,-2.243965160172707307e+00,5.154071613124909801e-01,1.509764925757673959e+00
4.261899999999999977e+01,1.625000000000000000e+03,1.500000000000000000e+03,-2.247524295464551347e+00,5.149561943868160574e-01,1.514457560023123150e+00
4.263600000000000279e+01,1.625000000000000000e+03,1.500000000000000000e+03,-2.251541050098624819e+00,5.145248240104652870e-01,1.502706364026072716e+00
4.265200000000000102e+01,1.625000000000000000e+03,1.500000000000000000e+03,-2.254744684230380436e+00,5.146611877837038440e-01,1.504088492781328723e+00
4.266899999999999693e+01,1.625000000000000000e+03,1.500000000000000000e+03,-2.254744684230380436e+00,5.146611877837038440e-01,1.504088492781328723e+00
4.268599999999999994e+01,1.625000000000000000e+03,1.500000000000000000e+03,-2.257949700974513974e+00,5.147977055646032474e-01,1.499021203072686825e+00
4.270400000000000063e+01,1.625000000000000000e+03,1.500000000000000000e+03,-2.257949700974513974e+00,5.147977055646032474e-01,1.499021203072686825e+00
4.272200000000000131e+01,1.625000000000000000e+03,1.500000000000000000e+03,-2.261968784323972415e+00,5.143665507731981501e-01,1.500402111747691558e+00
