timestamp,u_propeller_pwm,u_rudder_pwm,x,y,yaw
0.000000000000000000e+00,1.500000000000000000e+03,1.500000000000000000e+03,-9.757014320112382677e-01,3.083261260839572637e-01,1.582683111566754341e+00
1.899999999999999953e-02,1.500000000000000000e+03,1.500000000000000000e+03,-9.762516305698886177e-01,3.078547498522709036e-01,1.591486485100206183e+00
3.599999999999999728e-02,1.500000000000000000e+03,1.500000000000000000e+03,-9.762516305698886177e-01,3.078547498522709036e-01,1.591486485100206183e+00
5.299999999999999850e-02,1.500000000000000000e+03,1.500000000000000000e+03,-9.760811319245031870e-01,3.083367557314088403e-01,1.591486485100206183e+00
7.000000000000000666e-02,1.500000000000000000e+03,1.500000000000000000e+03,-9.760811319245031870e-01,3.083367557314088403e-01,1.591486485100206183e+00
8.699999999999999400e-02,1.500000000000000000e+03,1.500000000000000000e+03,-9.761197229068784287e-01,3.093119812211125863e-01,1.595053726896227930e+00
1.039999999999999952e-01,1.500000000000000000e+03,1.500000000000000000e+03,-9.761197229068784287e-01,3.093119812211125863e-01,1.595053726896227930e+00
1.209999999999999964e-01,1.500000000000000000e+03,1.500000000000000000e+03,-9.766700213715344692e-01,3.088402065070242619e-01,1.595053726896227930e+00
1.380000000000000115e-01,1.500000000000000000e+03,1.500000000000000000e+03,-9.768792791528144726e-01,3.093332297254917096e-01,1.603937275071466884e+00
1.549999999999999989e-01,1.500000000000000000e+03,1.500000000000000000e+03,-9.770885787114085286e-01,3.098264498227089048e-01,1.599252784217244372e+00
1.719999999999999862e-01,1.500000000000000000e+03,1.500000000000000000e+03,-9.772979201899127943e-01,3.103198670122117031e-01,1.599252784217244372e+00
1.890000000000000013e-01,1.500000000000000000e+03,1.500000000000000000e+03,-9.772979201899127943e-01,3.103198670122117031e-01,1.599252784217244372e+00
2.059999999999999887e-01,1.500000000000000000e+03,1.500000000000000000e+03,-9.769568044610542623e-01,3.112860545468493223e-01,1.595276486435766694e+00
2.230000000000000038e-01,1.500000000000000000e+03,1.500000000000000000e+03,-9.767861317172360502e-01,3.117694401311917884e-01,1.598920209083952271e+00
2.399999999999999911e-01,1.500000000000000000e+03,1.500000000000000000e+03,-9.767861317172360502e-01,3.117694401311917884e-01,1.598920209083952271e+00
2.580000000000000071e-01,1.500000000000000000e+03,1.500000000000000000e+03,-9.766153823245137255e-01,3.122530204356274153e-01,1.598920209083952271e+00
2.740000000000000213e-01,1.500000000000000000e+03,1.500000000000000000e+03,-9.766153823245137255e-01,3.122530204356274153e-01,1.598920209083952271e+00
2.909999999999999809e-01,1.500000000000000000e+03,1.500000000000000000e+03,-9.766153823245137255e-01,3.122530204356274153e-01,1.598920209083952271e+00
3.079999999999999960e-01,1.500000000000000000e+03,1.500000000000000000e+03,-9.769955029446517614e-01,3.122636509138182470e-01,1.598920209083952271e+00
3.260000000000000120e-01,1.500000000000000000e+03,1.500000000000000000e+03,-9.773755974018537573e-01,3.122742761545643786e-01,1.598920209083952271e+00
3.430000000000000271e-01,1.500000000000000000e+03,1.500000000000000000e+03,-9.773755974018537573e-01,3.122742761545643786e-01,1.616290039647684251e+00
3.599999999999999867e-01,1.500000000000000000e+03,1.500000000000000000e+03,-9.773755974018537573e-01,3.122742761545643786e-01,1.616290039647684251e+00
3.770000000000000018e-01,1.500000000000000000e+03,1.500000000000000000e+03,-9.775850574114236524e-01,3.127686839427065157e-01,1.611703221155659005e+00
3.950000000000000178e-01,1.500000000000000000e+03,1.500000000000000000e+03,-9.775850574114236524e-01,3.127686839427065157e-01,1.611703221155659005e+00
4.109999999999999765e-01,1.500000000000000000e+03,1.500000000000000000e+03,-9.775850574114236524e-01,3.127686839427065157e-01,1.611703221155659005e+00
4.289999999999999925e-01,1.500000000000000000e+03,1.500000000000000000e+03,-9.775850574114236524e-01,3.127686839427065157e-01,1.611703221155659005e+00
4.460000000000000075e-01,1.500000000000000000e+03,1.500000000000000000e+03,-9.775850574114236524e-01,3.127686839427065157e-01,1.611703221155659005e+00
4.630000000000000226e-01,1.500000000000000000e+03,1.500000000000000000e+03,-9.775850574114236524e-01,3.127686839427065157e-01,1.611703221155659005e+00
4.799999999999999822e-01,1.500000000000000000e+03,1.500000000000000000e+03,-9.775850574114236524e-01,3.127686839427065157e-01,1.611703221155659005e+00
4.979999999999999982e-01,1.500000000000000000e+03,1.500000000000000000e+03,-9.769955029446517614e-01,3.122636509138182470e-01,1.607334660180975927e+00
5.150000000000000133e-01,1.500000000000000000e+03,1.500000000000000000e+03,-9.773755974018537573e-01,3.122742761545643786e-01,1.598920209083952271e+00
5.320000000000000284e-01,1.500000000000000000e+03,1.500000000000000000e+03,-9.763675155767828073e-01,3.107816117435663328e-01,1.603600395604912299e+00
5.490000000000000435e-01,1.500000000000000000e+03,1.500000000000000000e+03,-9.763675155767828073e-01,3.107816117435663328e-01,1.603600395604912299e+00
5.659999999999999476e-01,1.500000000000000000e+03,1.500000000000000000e+03,-9.763675155767828073e-01,3.107816117435663328e-01,1.603600395604912299e+00
5.829999999999999627e-01,1.500000000000000000e+03,1.500000000000000000e+03,-9.765381800094316000e-01,3.102986234722658887e-01,1.586392579153615978e+00
5.999999999999999778e-01,1.500000000000000000e+03,1.500000000000000000e+03,-9.763289306108579035e-01,3.098052038506061701e-01,1.591159823955016872e+00
6.169999999999999929e-01,1.500000000000000000e+03,1.500000000000000000e+03,-9.763289306108579035e-01,3.098052038506061701e-01,1.591159823955016872e+00
6.350000000000000089e-01,1.500000000000000000e+03,1.500000000000000000e+03,-9.768404519937844421e-01,3.083579987615444606e-01,1.586714820011501326e+00
6.520000000000000240e-01,1.500000000000000000e+03,1.500000000000000000e+03,-9.768015816078527980e-01,3.073835537580938970e-01,1.591486485100206183e+00
6.700000000000000400e-01,1.500000000000000000e+03,1.500000000000000000e+03,-9.768015816078527980e-01,3.073835537580938970e-01,1.591486485100206183e+00
6.870000000000000551e-01,1.500000000000000000e+03,1.500000000000000000e+03,-9.768015816078527980e-01,3.073835537580938970e-01,1.591486485100206183e+00
7.049999999999999600e-01,1.500000000000000000e+03,1.500000000000000000e+03,-9.771420524296667853e-01,3.064205015874282845e-01,1.591813314072807017e+00
7.229999999999999760e-01,1.500000000000000000e+03,1.500000000000000000e+03,-9.771420524296667853e-01,3.064205015874282845e-01,1.591813314072807017e+00
7.409999999999999920e-01,1.675000000000000000e+03,1.500000000000000000e+03,-9.773121733717021753e-01,3.059392654348728202e-01,1.591813314072807017e+00
7.580000000000000071e-01,1.675000000000000000e+03,1.500000000000000000e+03,-9.773121733717021753e-01,3.059392654348728202e-01,1.591813314072807017e+00
7.750000000000000222e-01,1.675000000000000000e+03,1.500000000000000000e+03,-9.773121733717021753e-01,3.059392654348728202e-01,1.591813314072807017e+00
7.920000000000000373e-01,1.675000000000000000e+03,1.500000000000000000e+03,-9.774822180632286583e-01,3.054582223968530519e-01,1.588320758876560213e+00
8.090000000000000524e-01,1.675000000000000000e+03,1.500000000000000000e+03,-9.774822180632286583e-01,3.054582223968530519e-01,1.588320758876560213e+00
8.269999999999999574e-01,1.675000000000000000e+03,1.500000000000000000e+03,-9.774822180632286583e-01,3.054582223968530519e-01,1.588320758876560213e+00
8.439999999999999725e-01,1.675000000000000000e+03,1.500000000000000000e+03,-9.774822180632286583e-01,3.054582223968530519e-01,1.588320758876560213e+00
8.609999999999999876e-01,1.675000000000000000e+03,1.500000000000000000e+03,-9.769328608415369652e-01,3.059286613152435441e-01,1.575952402870814728e+00
8.780000000000000027e-01,1.675000000000000000e+03,1.500000000000000000e+03,-9.780313285577778570e-01,3.049879629554780314e-01,1.580151869487615546e+00
8.950000000000000178e-01,1.675000000000000000e+03,1.500000000000000000e+03,-9.776521865507358244e-01,3.049773723430136974e-01,1.588320758876560213e+00
9.120000000000000329e-01,1.675000000000000000e+03,1.500000000000000000e+03,-9.778614320573307817e-01,3.054688170121501178e-01,1.580151869487615546e+00
9.290000000000000480e-01,1.675000000000000000e+03,1.500000000000000000e+03,-9.774822180632286583e-01,3.054582223968530519e-01,1.588320758876560213e+00
9.459999999999999520e-01,1.675000000000000000e+03,1.500000000000000000e+03,-9.776914593934138420e-01,3.059498640613708131e-01,1.583556523324630261e+00
9.629999999999999671e-01,1.675000000000000000e+03,1.500000000000000000e+03,-9.780707189879350727e-01,3.059604572052813110e-01,1.583556523324630261e+00
9.799999999999999822e-01,1.675000000000000000e+03,1.500000000000000000e+03,-9.775214105195643155e-01,3.064311042334878499e-01,1.583556523324630261e+00
9.979999999999999982e-01,1.675000000000000000e+03,1.500000000000000000e+03,-9.775214105195643155e-01,3.064311042334878499e-01,1.583556523324630261e+00
1.014999999999999902e+00,1.675000000000000000e+03,1.500000000000000000e+03,-9.775214105195643155e-01,3.064311042334878499e-01,1.583556523324630261e+00
1.032000000000000028e+00,1.675000000000000000e+03,1.500000000000000000e+03,-9.771420524296667853e-01,3.064205015874282845e-01,1.591813314072807017e+00
1.050000000000000044e+00,1.675000000000000000e+03,1.500000000000000000e+03,-9.779792339251897060e-01,3.083898228014062548e-01,1.600281712384812316e+00
1.066999999999999948e+00,1.675000000000000000e+03,1.500000000000000000e+03,-9.781886337983244362e-01,3.088826442021980201e-01,1.595605915013300846e+00
1.084000000000000075e+00,1.675000000000000000e+03,1.500000000000000000e+03,-9.783980757561130392e-01,3.093756624683582368e-01,1.587268997872613552e+00
1.100999999999999979e+00,1.675000000000000000e+03,1.500000000000000000e+03,-9.778481216056186254e-01,3.098476744493897650e-01,1.599252784217244372e+00
1.118000000000000105e+00,1.675000000000000000e+03,1.500000000000000000e+03,-9.782278538027268100e-01,3.098582787839870845e-01,1.608224902340877893e+00
1.135000000000000009e+00,1.675000000000000000e+03,1.500000000000000000e+03,-9.782278538027268100e-01,3.098582787839870845e-01,1.608224902340877893e+00
1.151999999999999913e+00,1.675000000000000000e+03,1.500000000000000000e+03,-9.780575554695134510e-01,3.103410893106689494e-01,1.608224902340877893e+00
1.169999999999999929e+00,1.675000000000000000e+03,1.500000000000000000e+03,-9.784765502002819026e-01,3.113285114635152562e-01,1.599472798440838783e+00
1.185999999999999943e+00,1.675000000000000000e+03,1.500000000000000000e+03,-9.781357081505092088e-01,3.122955109644239835e-01,1.599472798440838783e+00
1.203999999999999959e+00,1.675000000000000000e+03,1.500000000000000000e+03,-9.788957152151177565e-01,3.123167249464314787e-01,1.603198638714592894e+00
1.221000000000000085e+00,1.675000000000000000e+03,1.500000000000000000e+03,-9.791053619336299585e-01,3.128111289703693343e-01,1.612253706956324084e+00
1.237999999999999989e+00,1.675000000000000000e+03,1.500000000000000000e+03,-9.791053619336299585e-01,3.128111289703693343e-01,1.612253706956324084e+00
1.254999999999999893e+00,1.675000000000000000e+03,1.500000000000000000e+03,-9.791446531817193932e-01,3.137899308171200330e-01,1.607561901143943484e+00
1.272999999999999909e+00,1.675000000000000000e+03,1.500000000000000000e+03,-9.793543821879436839e-01,3.142849316547703387e-01,1.603416284870769370e+00
1.290000000000000036e+00,1.675000000000000000e+03,1.500000000000000000e+03,-9.802849706160395860e-01,3.138217209982764322e-01,1.616708781287715446e+00
1.306999999999999940e+00,1.675000000000000000e+03,1.500000000000000000e+03,-9.802849706160395860e-01,3.138217209982764322e-01,1.616708781287715446e+00
1.324000000000000066e+00,1.675000000000000000e+03,1.500000000000000000e+03,-9.801147136179028108e-01,3.143061287295035866e-01,1.612462621490946990e+00
1.340999999999999970e+00,1.675000000000000000e+03,1.500000000000000000e+03,-9.810849052408321391e-01,3.148225027417209665e-01,1.607776603871201582e+00
1.358000000000000096e+00,1.675000000000000000e+03,1.500000000000000000e+03,-9.810849052408321391e-01,3.148225027417209665e-01,1.607776603871201582e+00
1.375999999999999890e+00,1.675000000000000000e+03,1.500000000000000000e+03,-9.812550206139153408e-01,3.143378863075415586e-01,1.603969911151694516e+00
1.393000000000000016e+00,1.675000000000000000e+03,1.500000000000000000e+03,-9.812550206139153408e-01,3.143378863075415586e-01,1.603969911151694516e+00
1.409999999999999920e+00,1.675000000000000000e+03,1.500000000000000000e+03,-9.820150994368458397e-01,3.143590327857485045e-01,1.613014779475236304e+00
1.427000000000000046e+00,1.675000000000000000e+03,1.500000000000000000e+03,-9.823951013329443871e-01,3.143695984823188239e-01,1.613014779475236304e+00
1.445000000000000062e+00,1.675000000000000000e+03,1.500000000000000000e+03,-9.831550304878964308e-01,3.143907148395767015e-01,1.613567610702910882e+00
1.461999999999999966e+00,1.675000000000000000e+03,1.500000000000000000e+03,-9.839148606495008442e-01,3.144118112143726718e-01,1.605079155747475506e+00
1.479000000000000092e+00,1.675000000000000000e+03,1.500000000000000000e+03,-9.842947388033805867e-01,3.144223519328021021e-01,1.601028263484213232e+00
1.495999999999999996e+00,1.675000000000000000e+03,1.500000000000000000e+03,-9.842947388033805867e-01,3.144223519328021021e-01,1.601028263484213232e+00
1.512999999999999901e+00,1.675000000000000000e+03,1.500000000000000000e+03,-9.854342264927162809e-01,3.144539443291999303e-01,1.605634766317611151e+00
1.530000000000000027e+00,1.675000000000000000e+03,1.500000000000000000e+03,-9.918814737682100091e-01,3.102365800117613537e-01,1.595836852375456694e+00
1.546999999999999931e+00,1.675000000000000000e+03,1.500000000000000000e+03,-9.918814737682100091e-01,3.102365800117613537e-01,1.595836852375456694e+00
1.564000000000000057e+00,1.675000000000000000e+03,1.500000000000000000e+03,-9.918814737682100091e-01,3.102365800117613537e-01,1.595836852375456694e+00
1.580999999999999961e+00,1.675000000000000000e+03,1.500000000000000000e+03,-9.938983898000508521e-01,3.088304070430224479e-01,1.592846571201296246e+00
1.598000000000000087e+00,1.675000000000000000e+03,1.500000000000000000e+03,-9.938983898000508521e-01,3.088304070430224479e-01,1.592846571201296246e+00
1.614999999999999991e+00,1.675000000000000000e+03,1.500000000000000000e+03,-9.942769017158140654e-01,3.088407877734967721e-01,1.584523622598939419e+00
1.631999999999999895e+00,1.675000000000000000e+03,1.500000000000000000e+03,-9.942769017158140654e-01,3.088407877734967721e-01,1.584523622598939419e+00
1.649000000000000021e+00,1.675000000000000000e+03,1.500000000000000000e+03,-9.961241432295854237e-01,3.079179830324639822e-01,1.581704424872345749e+00
1.667000000000000037e+00,1.675000000000000000e+03,1.500000000000000000e+03,-9.974252223737536394e-01,3.074671450021736474e-01,1.573469148205873136e+00
1.683999999999999941e+00,1.675000000000000000e+03,1.500000000000000000e+03,-9.979695749860331144e-01,3.069957981980518946e-01,1.585961245428858080e+00
1.699999999999999956e+00,1.675000000000000000e+03,1.500000000000000000e+03,-9.991035715796230399e-01,3.070267347514509249e-01,1.570815264042437320e+00
1.717999999999999972e+00,1.675000000000000000e+03,1.500000000000000000e+03,-1.000190993406284035e+00,3.060845195389446660e-01,1.574901340975098929e+00
1.735000000000000098e+00,1.675000000000000000e+03,1.500000000000000000e+03,-1.000190993406284035e+00,3.060845195389446660e-01,1.574901340975098929e+00
1.752000000000000002e+00,1.675000000000000000e+03,1.500000000000000000e+03,-1.001324229691323620e+00,3.061153531889148072e-01,1.575467942191444815e+00
1.768999999999999906e+00,1.675000000000000000e+03,1.500000000000000000e+03,-1.003920067421026463e+00,3.052147586909911281e-01,1.572813763394396602e+00
1.784999999999999920e+00,1.675000000000000000e+03,1.500000000000000000e+03,-1.003920067421026463e+00,3.052147586909911281e-01,1.572813763394396602e+00
1.802999999999999936e+00,1.675000000000000000e+03,1.500000000000000000e+03,-1.004345245170688017e+00,3.061973623343482442e-01,1.564373931884136315e+00
1.820000000000000062e+00,1.675000000000000000e+03,1.500000000000000000e+03,-1.007480402198138059e+00,3.048258253018697461e-01,1.565803003592606046e+00
1.836999999999999966e+00,1.675000000000000000e+03,1.500000000000000000e+03,-1.007480402198138059e+00,3.048258253018697461e-01,1.565803003592606046e+00
1.854000000000000092e+00,1.675000000000000000e+03,1.500000000000000000e+03,-1.007529204593081928e+00,3.057978512370497226e-01,1.562453001307618550e+00
1.870999999999999996e+00,1.675000000000000000e+03,1.500000000000000000e+03,-1.007529204593081928e+00,3.057978512370497226e-01,1.562453001307618550e+00
1.887999999999999901e+00,1.675000000000000000e+03,1.500000000000000000e+03,-1.008874249088884900e+00,3.063198012771389811e-01,1.566085223965176576e+00
1.905000000000000027e+00,1.675000000000000000e+03,1.500000000000000000e+03,-1.010546983537357058e+00,3.058792086481635364e-01,1.570076450226749243e+00
1.923000000000000043e+00,1.675000000000000000e+03,1.500000000000000000e+03,-1.014368415202554496e+00,3.069534093923661500e-01,1.571792821864220091e+00
1.939999999999999947e+00,1.675000000000000000e+03,1.500000000000000000e+03,-1.016682215874653572e+00,3.079877497065629521e-01,1.563853688101449535e+00
1.957999999999999963e+00,1.675000000000000000e+03,1.500000000000000000e+03,-1.017865453097176687e+00,3.089925724148369079e-01,1.561111382862431229e+00
1.975000000000000089e+00,1.675000000000000000e+03,1.500000000000000000e+03,-1.017865453097176687e+00,3.089925724148369079e-01,1.561111382862431229e+00
1.993000000000000105e+00,1.675000000000000000e+03,1.500000000000000000e+03,-1.018834458917737384e+00,3.095053617076987118e-01,1.564723341213909436e+00
2.008999999999999897e+00,1.675000000000000000e+03,1.500000000000000000e+03,-1.018834458917737384e+00,3.095053617076987118e-01,1.564723341213909436e+00
2.027000000000000135e+00,1.675000000000000000e+03,1.500000000000000000e+03,-1.026106905384643664e+00,3.116486919681299428e-01,1.579010778512616398e+00
2.044000000000000039e+00,1.675000000000000000e+03,1.500000000000000000e+03,-1.028208335593577605e+00,3.121923762662063284e-01,1.583431242629459224e+00
2.060999999999999943e+00,1.675000000000000000e+03,1.500000000000000000e+03,-1.028208335593577605e+00,3.121923762662063284e-01,1.583431242629459224e+00
2.077999999999999847e+00,1.675000000000000000e+03,1.500000000000000000e+03,-1.029716430239995706e+00,3.122323145207218653e-01,1.584009802988616489e+00
2.095000000000000195e+00,1.675000000000000000e+03,1.500000000000000000e+03,-1.031120370670894903e+00,3.137345620871204721e-01,1.575921373665038594e+00
2.112999999999999989e+00,1.675000000000000000e+03,1.500000000000000000e+03,-1.032628749873543361e+00,3.137744313293010512e-01,1.576502560059020341e+00
2.129999999999999893e+00,1.675000000000000000e+03,1.500000000000000000e+03,-1.032628749873543361e+00,3.137744313293010512e-01,1.576502560059020341e+00
2.148000000000000131e+00,1.675000000000000000e+03,1.500000000000000000e+03,-1.034513870978227779e+00,3.138241799859150527e-01,1.585456610845668246e+00
2.165000000000000036e+00,1.675000000000000000e+03,1.500000000000000000e+03,-1.036239203983682078e+00,3.143584510539881860e-01,1.580907137516569971e+00
2.181999999999999940e+00,1.675000000000000000e+03,1.500000000000000000e+03,-1.036239203983682078e+00,3.143584510539881860e-01,1.580907137516569971e+00
2.198999999999999844e+00,1.675000000000000000e+03,1.500000000000000000e+03,-1.036239203983682078e+00,3.143584510539881860e-01,1.580907137516569971e+00
2.216000000000000192e+00,1.675000000000000000e+03,1.500000000000000000e+03,-1.037587824208248577e+00,3.148829707830450575e-01,1.581489576714520950e+00
2.233000000000000096e+00,1.675000000000000000e+03,1.500000000000000000e+03,-1.039313713338754663e+00,3.154175867672063260e-01,1.582072521857969427e+00
2.250999999999999890e+00,1.675000000000000000e+03,1.500000000000000000e+03,-1.039313713338754663e+00,3.154175867672063260e-01,1.582072521857969427e+00
2.267999999999999794e+00,1.675000000000000000e+03,1.500000000000000000e+03,-1.041575407900148686e+00,3.154769577489949794e-01,1.591699208966284251e+00
2.285000000000000142e+00,1.675000000000000000e+03,1.500000000000000000e+03,-1.043143350982436157e+00,3.164972099995023713e-01,1.587138486646200386e+00
2.302999999999999936e+00,1.675000000000000000e+03,1.500000000000000000e+03,-1.044493140571517209e+00,3.170224595127860701e-01,1.584123878238326011e+00
2.319999999999999840e+00,1.675000000000000000e+03,1.500000000000000000e+03,-1.046377959504091182e+00,3.170717732310240899e-01,1.584709545264991304e+00
2.338000000000000078e+00,1.675000000000000000e+03,1.500000000000000000e+03,-1.048262444658528025e+00,3.171209986786601709e-01,1.585295701763052234e+00
2.354999999999999982e+00,1.675000000000000000e+03,1.500000000000000000e+03,-1.050366461422934883e+00,3.176660227917279533e-01,1.572096836954665733e+00
2.371999999999999886e+00,1.675000000000000000e+03,1.500000000000000000e+03,-1.052627389331235896e+00,3.177248960748607631e-01,1.581823400124881873e+00
2.388999999999999790e+00,1.675000000000000000e+03,1.500000000000000000e+03,-1.054134426491049048e+00,3.177640769731798764e-01,1.582412433592683909e+00
2.406000000000000139e+00,1.675000000000000000e+03,1.500000000000000000e+03,-1.056771276323513309e+00,3.178325143127195274e-01,1.574456545517215922e+00
2.423000000000000043e+00,1.675000000000000000e+03,1.500000000000000000e+03,-1.056771276323513309e+00,3.178325143127195274e-01,1.574456545517215922e+00
2.439999999999999947e+00,1.675000000000000000e+03,1.500000000000000000e+03,-1.060537211101546973e+00,3.179300009034627950e-01,1.576231199840014030e+00
2.456999999999999851e+00,1.675000000000000000e+03,1.500000000000000000e+03,-1.061976237292944880e+00,3.169868135730872227e-01,1.582152131490837332e+00
2.474000000000000199e+00,1.675000000000000000e+03,1.500000000000000000e+03,-1.064456288547281249e+00,3.175408278315957622e-01,1.577416590151661913e+00
2.491000000000000103e+00,1.675000000000000000e+03,1.500000000000000000e+03,-1.065961624956889509e+00,3.175795737700209953e-01,1.574893718273029153e+00
2.508000000000000007e+00,1.675000000000000000e+03,1.500000000000000000e+03,-1.065961624956889509e+00,3.175795737700209953e-01,1.574893718273029153e+00
2.524999999999999911e+00,1.675000000000000000e+03,1.500000000000000000e+03,-1.068372789522308297e+00,3.171513857319591123e-01,1.567042215667994398e+00
2.541999999999999815e+00,1.675000000000000000e+03,1.500000000000000000e+03,-1.070253561061454306e+00,3.171996158604525329e-01,1.580061975097882154e+00
2.560000000000000053e+00,1.675000000000000000e+03,1.500000000000000000e+03,-1.089718295906004997e+00,3.142674068894178996e-01,1.555416609677930273e+00
2.576999999999999957e+00,1.675000000000000000e+03,1.500000000000000000e+03,-1.091969396737671794e+00,3.143239849764093430e-01,1.553317970832894135e+00
2.593999999999999861e+00,1.675000000000000000e+03,1.500000000000000000e+03,-1.094516551998458986e+00,3.134103584818891397e-01,1.554523766122705597e+00
2.611000000000000210e+00,1.675000000000000000e+03,1.500000000000000000e+03,-1.097368608079779984e+00,3.139703941678974042e-01,1.546869097988355035e+00
2.628000000000000114e+00,1.675000000000000000e+03,1.500000000000000000e+03,-1.099537819853720233e+00,3.130473087356219208e-01,1.550915500394382640e+00
2.645999999999999908e+00,1.675000000000000000e+03,1.500000000000000000e+03,-1.099537819853720233e+00,3.130473087356219208e-01,1.550915500394382640e+00
2.664000000000000146e+00,1.675000000000000000e+03,1.500000000000000000e+03,-1.101558549051772973e+00,3.126092886509145297e-01,1.554299494950515337e+00
2.681000000000000050e+00,1.675000000000000000e+03,1.500000000000000000e+03,-1.101558549051772973e+00,3.126092886509145297e-01,1.554299494950515337e+00
2.697999999999999954e+00,1.675000000000000000e+03,1.500000000000000000e+03,-1.104181441523067075e+00,3.126744796495403156e-01,1.538574748536107206e+00
2.716000000000000192e+00,1.675000000000000000e+03,1.500000000000000000e+03,-1.106429416978568003e+00,3.127302543068822827e-01,1.547951792322235676e+00
2.733000000000000096e+00,1.675000000000000000e+03,1.500000000000000000e+03,-1.108677201635374310e+00,3.127859349954184021e-01,1.540394877688727293e+00
2.750000000000000000e+00,1.675000000000000000e+03,1.500000000000000000e+03,-1.111673968091974718e+00,3.128600320507556320e-01,1.541610200376289042e+00
2.766999999999999904e+00,1.675000000000000000e+03,1.500000000000000000e+03,-1.113172237942002152e+00,3.128970198077255516e-01,1.542218428313858913e+00
2.783999999999999808e+00,1.675000000000000000e+03,1.500000000000000000e+03,-1.116168565224318510e+00,3.129708757306272071e-01,1.543436010125224911e+00
2.801000000000000156e+00,1.675000000000000000e+03,1.500000000000000000e+03,-1.118790134013761595e+00,3.130353708702627857e-01,1.535884465023454437e+00
2.818000000000000060e+00,1.675000000000000000e+03,1.500000000000000000e+03,-1.121411515512061641e+00,3.130997479579965548e-01,1.537104776006769091e+00
2.835999999999999854e+00,1.675000000000000000e+03,1.500000000000000000e+03,-1.123141295679593643e+00,3.136308688955070645e-01,1.537715480265972490e+00
2.853000000000000203e+00,1.675000000000000000e+03,1.500000000000000000e+03,-1.123141295679593643e+00,3.136308688955070645e-01,1.537715480265972490e+00
2.870000000000000107e+00,1.675000000000000000e+03,1.500000000000000000e+03,-1.123141295679593643e+00,3.136308688955070645e-01,1.537715480265972490e+00
2.887000000000000011e+00,1.675000000000000000e+03,1.500000000000000000e+03,-1.128758828055745678e+00,3.137683936132066309e-01,1.542529540895076545e+00
2.903999999999999915e+00,1.675000000000000000e+03,1.500000000000000000e+03,-1.130723447259318615e+00,3.147946519989887060e-01,1.540568151464859925e+00
2.920999999999999819e+00,1.675000000000000000e+03,1.500000000000000000e+03,-1.133579625735938290e+00,3.153538989940628534e-01,1.541794549897003819e+00
2.938000000000000167e+00,1.675000000000000000e+03,1.500000000000000000e+03,-1.133579625735938290e+00,3.153538989940628534e-01,1.541794549897003819e+00
2.955000000000000071e+00,1.675000000000000000e+03,1.500000000000000000e+03,-1.136436764760924811e+00,3.159133560643528904e-01,1.528292886854751620e+00
2.972999999999999865e+00,1.675000000000000000e+03,1.500000000000000000e+03,-1.138685058217689949e+00,3.159681625474238809e-01,1.537761653649231786e+00
2.990000000000000213e+00,1.675000000000000000e+03,1.500000000000000000e+03,-1.140793996235200281e+00,3.165095464681991766e-01,1.547232778207719761e+00
3.008000000000000007e+00,1.675000000000000000e+03,1.500000000000000000e+03,-1.140793996235200281e+00,3.165095464681991766e-01,1.547232778207719761e+00
3.024000000000000021e+00,1.675000000000000000e+03,1.500000000000000000e+03,-1.144028212210949746e+00,3.170785314461442850e-01,1.542550589952191409e+00
3.040999999999999925e+00,1.675000000000000000e+03,1.500000000000000000e+03,-1.146138884819087655e+00,3.176203927648043601e-01,1.532409315984740950e+00
3.057999999999999829e+00,1.675000000000000000e+03,1.500000000000000000e+03,-1.156192351047903522e+00,3.208130097593498986e-01,1.538774498939753155e+00
3.075000000000000178e+00,1.675000000000000000e+03,1.500000000000000000e+03,-1.158819728280302108e+00,3.208768213277403136e-01,1.548330633164598957e+00
3.092000000000000082e+00,1.675000000000000000e+03,1.500000000000000000e+03,-1.164795787695091178e+00,3.224994141919400592e-01,1.553190339072728632e+00
3.108999999999999986e+00,1.675000000000000000e+03,1.500000000000000000e+03,-1.164795787695091178e+00,3.224994141919400592e-01,1.553190339072728632e+00
3.125999999999999890e+00,1.675000000000000000e+03,1.500000000000000000e+03,-1.170027502180569057e+00,3.241061703188069520e-01,1.538047249267747052e+00
3.142999999999999794e+00,1.675000000000000000e+03,1.500000000000000000e+03,-1.172766931271821633e+00,3.251604252588341515e-01,1.541529187208812379e+00
3.160000000000000142e+00,1.675000000000000000e+03,1.500000000000000000e+03,-1.176017851546697912e+00,3.257336095363571049e-01,1.542776177222230372e+00
3.177999999999999936e+00,1.675000000000000000e+03,1.500000000000000000e+03,-1.179026566301105916e+00,3.258065994173863222e-01,1.544024411011490461e+00
3.196000000000000174e+00,1.675000000000000000e+03,1.500000000000000000e+03,-1.182279741106023740e+00,3.263800584752057921e-01,1.538962855540330299e+00
3.233999999999999986e+00,1.675000000000000000e+03,1.500000000000000000e+03,-1.182279741106023740e+00,3.263800584752057921e-01,1.538962855540330299e+00
3.250999999999999890e+00,1.675000000000000000e+03,1.500000000000000000e+03,-1.182279741106023740e+00,3.263800584752057921e-01,1.538962855540330299e+00
3.267999999999999794e+00,1.675000000000000000e+03,1.500000000000000000e+03,-1.182279741106023740e+00,3.263800584752057921e-01,1.538962855540330299e+00
3.291999999999999815e+00,1.675000000000000000e+03,1.500000000000000000e+03,-1.182279741106023740e+00,3.263800584752057921e-01,1.538962855540330299e+00
3.310000000000000053e+00,1.675000000000000000e+03,1.500000000000000000e+03,-1.182279741106023740e+00,3.263800584752057921e-01,1.538962855540330299e+00
3.326999999999999957e+00,1.675000000000000000e+03,1.500000000000000000e+03,-1.185026757504227479e+00,3.274366297680203486e-01,1.537845148513889981e+00
3.343999999999999861e+00,1.675000000000000000e+03,1.500000000000000000e+03,-1.185026757504227479e+00,3.274366297680203486e-01,1.537845148513889981e+00
3.365000000000000213e+00,1.675000000000000000e+03,1.500000000000000000e+03,-1.188168637852578424e+00,3.270176028592005624e-01,1.541465549152781778e+00
3.382000000000000117e+00,1.675000000000000000e+03,1.500000000000000000e+03,-1.193178031388021365e+00,3.281295699273224509e-01,1.550098586771043285e+00
3.399000000000000021e+00,1.675000000000000000e+03,1.500000000000000000e+03,-1.193178031388021365e+00,3.281295699273224509e-01,1.550098586771043285e+00
3.415999999999999925e+00,1.675000000000000000e+03,1.500000000000000000e+03,-1.196943536944315767e+00,3.282206654280962477e-01,1.545049459051298424e+00
3.432999999999999829e+00,1.675000000000000000e+03,1.500000000000000000e+03,-1.199956260999953450e+00,3.282934663017936794e-01,1.546306393593418926e+00
3.450000000000000178e+00,1.675000000000000000e+03,1.500000000000000000e+03,-1.205855264132474236e+00,3.289318358615308524e-01,1.548823758765585978e+00
3.467000000000000082e+00,1.675000000000000000e+03,1.500000000000000000e+03,-1.205855264132474236e+00,3.289318358615308524e-01,1.548823758765585978e+00
3.484999999999999876e+00,1.675000000000000000e+03,1.500000000000000000e+03,-1.209246339653853086e+00,3.290136234382453617e-01,1.541488794248627725e+00
3.501999999999999780e+00,1.675000000000000000e+03,1.500000000000000000e+03,-1.212387116429146428e+00,3.285931110660148535e-01,1.533524054137525017e+00
3.519000000000000128e+00,1.675000000000000000e+03,1.500000000000000000e+03,-1.212387116429146428e+00,3.285931110660148535e-01,1.533524054137525017e+00
3.535000000000000142e+00,1.675000000000000000e+03,1.500000000000000000e+03,-1.215401557240169739e+00,3.286656041632903813e-01,1.534785194949090714e+00
3.552999999999999936e+00,1.675000000000000000e+03,1.500000000000000000e+03,-1.247436800213088226e+00,3.279425206696356954e-01,1.526706109091801045e+00
3.568999999999999950e+00,1.675000000000000000e+03,1.500000000000000000e+03,-1.250950481183066287e+00,3.275296876960921422e-01,1.527976871153244876e+00
3.585999999999999854e+00,1.675000000000000000e+03,1.500000000000000000e+03,-1.250950481183066287e+00,3.275296876960921422e-01,1.527976871153244876e+00
3.603000000000000203e+00,1.675000000000000000e+03,1.500000000000000000e+03,-1.257741743106484789e+00,3.276907222140706955e-01,1.522116972714753436e+00
3.620000000000000107e+00,1.675000000000000000e+03,1.500000000000000000e+03,-1.261254848427579844e+00,3.272775507548556506e-01,1.514986772286999406e+00
3.637000000000000011e+00,1.675000000000000000e+03,1.500000000000000000e+03,-1.263896743156717406e+00,3.273400285791391306e-01,1.523044092343710076e+00
3.653999999999999915e+00,1.675000000000000000e+03,1.500000000000000000e+03,-1.267409292237509533e+00,3.269267036362356604e-01,1.514398061931978789e+00
3.670999999999999819e+00,1.675000000000000000e+03,1.500000000000000000e+03,-1.271561925124559789e+00,3.270246812533231795e-01,1.526232283104621112e+00
3.688000000000000167e+00,1.675000000000000000e+03,1.500000000000000000e+03,-1.271561925124559789e+00,3.270246812533231795e-01,1.526232283104621112e+00
3.705000000000000071e+00,1.675000000000000000e+03,1.500000000000000000e+03,-1.278359755779049811e+00,3.271849356579802359e-01,1.520472907599278223e+00
3.721999999999999975e+00,1.675000000000000000e+03,1.500000000000000000e+03,-1.278359755779049811e+00,3.271849356579802359e-01,1.520472907599278223e+00
3.738999999999999879e+00,1.675000000000000000e+03,1.500000000000000000e+03,-1.289853706232755970e+00,3.284497338481154882e-01,1.508213713208835349e+00
3.755999999999999783e+00,1.675000000000000000e+03,1.500000000000000000e+03,-1.292611804496041294e+00,3.280175080392569997e-01,1.516401571036728679e+00
3.774000000000000021e+00,1.675000000000000000e+03,1.500000000000000000e+03,-1.292611804496041294e+00,3.280175080392569997e-01,1.516401571036728679e+00
3.790000000000000036e+00,1.675000000000000000e+03,1.500000000000000000e+03,-1.296663715065306643e+00,3.286103022249241556e-01,1.502466922171320718e+00
3.807999999999999829e+00,1.675000000000000000e+03,1.500000000000000000e+03,-1.299961366786542616e+00,3.291857149263036630e-01,1.512692194334601226e+00
3.825000000000000178e+00,1.675000000000000000e+03,1.500000000000000000e+03,-1.303477462121707120e+00,3.287708606391023247e-01,1.513974034649438138e+00
3.842000000000000082e+00,1.675000000000000000e+03,1.500000000000000000e+03,-1.307049852454764238e+00,3.298510271622300261e-01,1.505638042783730590e+00
3.858999999999999986e+00,1.675000000000000000e+03,1.500000000000000000e+03,-1.307049852454764238e+00,3.298510271622300261e-01,1.505638042783730590e+00
3.875999999999999890e+00,1.675000000000000000e+03,1.500000000000000000e+03,-1.314798144922828982e+00,3.310312650581742622e-01,1.510055727442873863e+00
3.892999999999999794e+00,1.675000000000000000e+03,1.500000000000000000e+03,-1.318107378328758017e+00,3.316086471136333591e-01,1.503035120929747226e+00
3.910000000000000142e+00,1.675000000000000000e+03,1.500000000000000000e+03,-1.318107378328758017e+00,3.316086471136333591e-01,1.503035120929747226e+00
3.927000000000000046e+00,1.675000000000000000e+03,1.500000000000000000e+03,-1.321903214265628179e+00,3.316985556873769392e-01,1.513269101332982647e+00
3.943999999999999950e+00,1.675000000000000000e+03,1.500000000000000000e+03,-1.325492753705937776e+00,3.327828400341731330e-01,1.506157041650728834e+00
3.963000000000000078e+00,1.675000000000000000e+03,1.500000000000000000e+03,-1.325492753705937776e+00,3.327828400341731330e-01,1.506157041650728834e+00
3.979999999999999982e+00,1.675000000000000000e+03,1.500000000000000000e+03,-1.329292728217904784e+00,3.328730645734264693e-01,1.517729814802556421e+00
3.998000000000000220e+00,1.675000000000000000e+03,1.500000000000000000e+03,-1.329292728217904784e+00,3.328730645734264693e-01,1.517729814802556421e+00
4.014999999999999680e+00,1.675000000000000000e+03,1.500000000000000000e+03,-1.332889302441823576e+00,3.339590411540279691e-01,1.510518954962871252e+00
4.032000000000000028e+00,1.675000000000000000e+03,1.500000000000000000e+03,-1.336109469391834947e+00,3.350373415510171649e-01,1.511807936165372457e+00
4.049000000000000377e+00,1.675000000000000000e+03,1.500000000000000000e+03,-1.356097046884930712e+00,3.385284090996386608e-01,1.513889111008329014e+00
4.065999999999999837e+00,1.675000000000000000e+03,1.500000000000000000e+03,-1.359721954175218794e+00,3.396222859365537472e-01,1.505506800345426610e+00
4.083999999999999631e+00,1.675000000000000000e+03,1.500000000000000000e+03,-1.362968813949816838e+00,3.407083673257652601e-01,1.499207350351334789e+00
4.099999999999999645e+00,1.675000000000000000e+03,1.500000000000000000e+03,-1.362968813949816838e+00,3.407083673257652601e-01,1.499207350351334789e+00
4.116999999999999993e+00,1.675000000000000000e+03,1.500000000000000000e+03,-1.369952461952296474e+00,3.423913532937540305e-01,1.502372965288435891e+00
4.134999999999999787e+00,1.675000000000000000e+03,1.500000000000000000e+03,-1.374454931529876633e+00,3.430060986790907096e-01,1.512908885136216908e+00
4.152000000000000135e+00,1.675000000000000000e+03,1.500000000000000000e+03,-1.374454931529876633e+00,3.430060986790907096e-01,1.512908885136216908e+00
4.168999999999999595e+00,1.675000000000000000e+03,1.500000000000000000e+03,-1.386159075246585326e+00,3.443033239464144968e-01,1.508789174076811568e+00
4.185999999999999943e+00,1.675000000000000000e+03,1.500000000000000000e+03,-1.390200369167072569e+00,3.454151965426756066e-01,1.502965007931048591e+00
4.203000000000000291e+00,1.675000000000000000e+03,1.500000000000000000e+03,-1.394337463069779570e+00,3.460237297787399635e-01,1.504263584153481714e+00
4.219999999999999751e+00,1.675000000000000000e+03,1.500000000000000000e+03,-1.398567928929596249e+00,3.461278096731675857e-01,1.506213162298650987e+00
4.237000000000000099e+00,1.675000000000000000e+03,1.500000000000000000e+03,-1.402415579263893264e+00,3.462225293645168067e-01,1.516869612405316925e+00
4.253999999999999559e+00,1.675000000000000000e+03,1.500000000000000000e+03,-1.402415579263893264e+00,3.462225293645168067e-01,1.516869612405316925e+00
4.270999999999999908e+00,1.675000000000000000e+03,1.500000000000000000e+03,-1.406771032016013390e+00,3.478532375471600213e-01,1.500713735979506858e+00
4.288999999999999702e+00,1.675000000000000000e+03,1.500000000000000000e+03,-1.411010270000451206e+00,3.479581657588047827e-01,1.502665020102592841e+00
4.306000000000000050e+00,1.675000000000000000e+03,1.500000000000000000e+03,-1.415551031395361203e+00,3.485791875144966800e-01,1.513320449607706619e+00
4.323000000000000398e+00,1.675000000000000000e+03,1.500000000000000000e+03,-1.419409602800373982e+00,3.486749689599878410e-01,1.505921682650297244e+00
4.339999999999999858e+00,1.675000000000000000e+03,1.500000000000000000e+03,-1.423873053061996963e+00,3.498041715554810471e-01,1.499805539049958059e+00
4.357999999999999652e+00,1.675000000000000000e+03,1.500000000000000000e+03,-1.427653264175838377e+00,3.504080352770401197e-01,1.491743202966411719e+00
4.375000000000000000e+00,1.675000000000000000e+03,1.500000000000000000e+03,-1.432293471020351205e+00,3.505239719849316815e-01,1.493695182725730763e+00
4.392000000000000348e+00,1.675000000000000000e+03,1.500000000000000000e+03,-1.436936300151007151e+00,3.506400851270409236e-01,1.495649219456692158e+00
4.410000000000000142e+00,1.675000000000000000e+03,1.500000000000000000e+03,-1.436936300151007151e+00,3.506400851270409236e-01,1.495649219456692158e+00
4.426000000000000156e+00,1.675000000000000000e+03,1.500000000000000000e+03,-1.436936300151007151e+00,3.506400851270409236e-01,1.495649219456692158e+00
4.443999999999999950e+00,1.675000000000000000e+03,1.500000000000000000e+03,-1.436936300151007151e+00,3.506400851270409236e-01,1.495649219456692158e+00
4.461000000000000298e+00,1.675000000000000000e+03,1.500000000000000000e+03,-1.440807343958111053e+00,3.507369838922748118e-01,1.488255821825021252e+00
4.479000000000000092e+00,1.675000000000000000e+03,1.500000000000000000e+03,-1.440807343958111053e+00,3.507369838922748118e-01,1.488255821825021252e+00
4.496000000000000441e+00,1.675000000000000000e+03,1.500000000000000000e+03,-1.445455039280207021e+00,3.508534313973813434e-01,1.490208879401340836e+00
4.512999999999999901e+00,1.675000000000000000e+03,1.500000000000000000e+03,-1.449330169225825138e+00,3.509506146137389981e-01,1.500869930139702602e+00
4.530000000000000249e+00,1.675000000000000000e+03,1.500000000000000000e+03,-1.453594981037590550e+00,3.510576699739481610e-01,1.493468555993511915e+00
4.546999999999999709e+00,1.675000000000000000e+03,1.500000000000000000e+03,-1.480715965407024548e+00,3.522527476807187918e-01,1.477673986242473703e+00
4.562999999999999723e+00,1.675000000000000000e+03,1.500000000000000000e+03,-1.484609416452072672e+00,3.523513825283456358e-01,1.488235335967956541e+00
4.580000000000000071e+00,1.675000000000000000e+03,1.500000000000000000e+03,-1.489284175743016192e+00,3.524699479746350450e-01,1.490197569555337775e+00
4.597999999999999865e+00,1.675000000000000000e+03,1.500000000000000000e+03,-1.493501526282362990e+00,3.530894051920768772e-01,1.482788767436659549e+00
4.615000000000000213e+00,1.675000000000000000e+03,1.500000000000000000e+03,-1.497862042769861901e+00,3.526879067840048565e-01,1.484853827854747621e+00
4.631000000000000227e+00,1.675000000000000000e+03,1.500000000000000000e+03,-1.497862042769861901e+00,3.526879067840048565e-01,1.484853827854747621e+00
4.649000000000000021e+00,1.675000000000000000e+03,1.500000000000000000e+03,-1.502544988431144146e+00,3.528071212741826779e-01,1.486816806003274261e+00
4.666000000000000369e+00,1.675000000000000000e+03,1.500000000000000000e+03,-1.502544988431144146e+00,3.528071212741826779e-01,1.486816806003274261e+00
4.682999999999999829e+00,1.675000000000000000e+03,1.500000000000000000e+03,-1.506449674852012199e+00,3.529066468819609392e-01,1.497409719839043918e+00
4.700000000000000178e+00,1.675000000000000000e+03,1.500000000000000000e+03,-1.506449674852012199e+00,3.529066468819609392e-01,1.497409719839043918e+00
4.716999999999999638e+00,1.675000000000000000e+03,1.500000000000000000e+03,-1.520785375033561593e+00,3.542999265196234981e-01,1.485405144431772184e+00
4.733999999999999986e+00,1.675000000000000000e+03,1.500000000000000000e+03,-1.524965301870311984e+00,3.554354471858843789e-01,1.478207054227457018e+00
4.751000000000000334e+00,1.675000000000000000e+03,1.500000000000000000e+03,-1.529935829779685230e+00,3.565930855213953476e-01,1.471464251581046989e+00
4.767999999999999794e+00,1.675000000000000000e+03,1.500000000000000000e+03,-1.533860088399965127e+00,3.566947938014214392e-01,1.482040602660291917e+00
4.785000000000000142e+00,1.675000000000000000e+03,1.500000000000000000e+03,-1.538510867675151772e+00,3.573308199039205713e-01,1.484008922990839752e+00
4.801999999999999602e+00,1.675000000000000000e+03,1.500000000000000000e+03,-1.544013082619984489e+00,3.574740533684225285e-01,1.485979289363946521e+00
4.818999999999999950e+00,1.675000000000000000e+03,1.500000000000000000e+03,-1.548161835917028828e+00,3.591305984281151220e-01,1.470075463627629864e+00
4.836999999999999744e+00,1.675000000000000000e+03,1.500000000000000000e+03,-1.548161835917028828e+00,3.591305984281151220e-01,1.470075463627629864e+00
4.852999999999999758e+00,1.675000000000000000e+03,1.500000000000000000e+03,-1.552887130074566135e+00,3.592544954292672399e-01,1.472038997210008748e+00
4.870000000000000107e+00,1.675000000000000000e+03,1.500000000000000000e+03,-1.557615523239473276e+00,3.593786693996606774e-01,1.474004648667353701e+00
4.887999999999999901e+00,1.675000000000000000e+03,1.500000000000000000e+03,-1.557615523239473276e+00,3.593786693996606774e-01,1.474004648667353701e+00
4.905000000000000249e+00,1.675000000000000000e+03,1.500000000000000000e+03,-1.563023830562075167e+00,3.605554055392360402e-01,1.466946531496623685e+00
4.921999999999999709e+00,1.675000000000000000e+03,1.500000000000000000e+03,-1.577032174285908805e+00,3.629998674437150408e-01,1.464065008472151153e+00
4.937999999999999723e+00,1.675000000000000000e+03,1.500000000000000000e+03,-1.577032174285908805e+00,3.629998674437150408e-01,1.464065008472151153e+00
4.956000000000000405e+00,1.675000000000000000e+03,1.500000000000000000e+03,-1.577032174285908805e+00,3.629998674437150408e-01,1.464065008472151153e+00
4.972999999999999865e+00,1.675000000000000000e+03,1.800000000000000000e+03,-1.582126694258435995e+00,3.636550811040274445e-01,1.474855036791164808e+00
4.990000000000000213e+00,1.675000000000000000e+03,1.800000000000000000e+03,-1.587176041820157479e+00,3.648297545753497184e-01,1.467574442510691801e+00
5.006999999999999673e+00,1.675000000000000000e+03,1.800000000000000000e+03,-1.591836385136877530e+00,3.659958245432631818e-01,1.461404353280153057e+00
5.024000000000000021e+00,1.675000000000000000e+03,1.800000000000000000e+03,-1.591836385136877530e+00,3.659958245432631818e-01,1.461404353280153057e+00
5.041000000000000369e+00,1.675000000000000000e+03,1.800000000000000000e+03,-1.596553011038162495e+00,3.666441452898273612e-01,1.462758708734562374e+00
5.057999999999999829e+00,1.675000000000000000e+03,1.800000000000000000e+03,-1.596553011038162495e+00,3.666441452898273612e-01,1.462758708734562374e+00
5.075999999999999623e+00,1.675000000000000000e+03,1.800000000000000000e+03,-1.625675981827802818e+00,3.716208622726567823e-01,1.474021290760733738e+00
5.092999999999999972e+00,1.675000000000000000e+03,1.800000000000000000e+03,-1.625675981827802818e+00,3.716208622726567823e-01,1.474021290760733738e+00
5.110000000000000320e+00,1.675000000000000000e+03,1.800000000000000000e+03,-1.630390175480632919e+00,3.728000223914463840e-01,1.457744725391856955e+00
5.126000000000000334e+00,1.675000000000000000e+03,1.800000000000000000e+03,-1.650200164899978894e+00,3.765084511481394669e-01,1.455917774284313682e+00
5.144000000000000128e+00,1.675000000000000000e+03,1.800000000000000000e+03,-1.650200164899978894e+00,3.765084511481394669e-01,1.455917774284313682e+00
5.160999999999999588e+00,1.675000000000000000e+03,1.800000000000000000e+03,-1.655425926644350065e+00,3.766560900601293449e-01,1.457889310370424685e+00
5.177999999999999936e+00,1.675000000000000000e+03,1.800000000000000000e+03,-1.660146025439135586e+00,3.783718506175749452e-01,1.458873782934640984e+00
5.195000000000000284e+00,1.675000000000000000e+03,1.800000000000000000e+03,-1.660146025439135586e+00,3.783718506175749452e-01,1.458873782934640984e+00
5.213000000000000078e+00,1.675000000000000000e+03,1.800000000000000000e+03,-1.665348110071046106e+00,3.790480046197070019e-01,1.452332234816292367e+00
5.230000000000000426e+00,1.675000000000000000e+03,1.800000000000000000e+03,-1.670556395298055108e+00,3.797252519514172642e-01,1.453862425014413651e+00
5.246999999999999886e+00,1.675000000000000000e+03,1.800000000000000000e+03,-1.675367059818694715e+00,3.803919978757696052e-01,1.455835819845771262e+00
5.264000000000000234e+00,1.675000000000000000e+03,1.800000000000000000e+03,-1.675367059818694715e+00,3.803919978757696052e-01,1.455835819845771262e+00
5.280999999999999694e+00,1.675000000000000000e+03,1.800000000000000000e+03,-1.680929010121769318e+00,3.821406090142710488e-01,1.439185686331921454e+00
5.298000000000000043e+00,1.675000000000000000e+03,1.800000000000000000e+03,-1.685348652542152159e+00,3.827986177354530950e-01,1.450177617479633474e+00
5.315000000000000391e+00,1.675000000000000000e+03,1.800000000000000000e+03,-1.691364628139459203e+00,3.840347213603975129e-01,1.434209289590979930e+00
5.331999999999999851e+00,1.675000000000000000e+03,1.800000000000000000e+03,-1.696229880288883107e+00,3.841765349970592824e-01,1.445190036596656125e+00
5.349000000000000199e+00,1.675000000000000000e+03,1.800000000000000000e+03,-1.701044569170211851e+00,3.853803670662464542e-01,1.436673922150331073e+00
5.365999999999999659e+00,1.675000000000000000e+03,1.800000000000000000e+03,-1.701044569170211851e+00,3.853803670662464542e-01,1.436673922150331073e+00
5.383000000000000007e+00,1.675000000000000000e+03,1.800000000000000000e+03,-1.701044569170211851e+00,3.853803670662464542e-01,1.436673922150331073e+00
5.400000000000000355e+00,1.675000000000000000e+03,1.800000000000000000e+03,-1.711942477141949359e+00,3.872982371174619187e-01,1.431595191140145884e+00
5.416999999999999815e+00,1.675000000000000000e+03,1.800000000000000000e+03,-1.711942477141949359e+00,3.872982371174619187e-01,1.431595191140145884e+00
5.434000000000000163e+00,1.675000000000000000e+03,1.800000000000000000e+03,-1.717234883662307476e+00,3.874547311284061157e-01,1.433558240495474978e+00
5.450999999999999623e+00,1.675000000000000000e+03,1.800000000000000000e+03,-1.722486603968184093e+00,3.886775435336070617e-01,1.424672644921155529e+00
5.469000000000000306e+00,1.675000000000000000e+03,1.800000000000000000e+03,-1.727768204406968211e+00,3.893689054724617238e-01,1.428490583332310715e+00
5.485999999999999766e+00,1.675000000000000000e+03,1.800000000000000000e+03,-1.727768204406968211e+00,3.893689054724617238e-01,1.428490583332310715e+00
5.503000000000000114e+00,1.675000000000000000e+03,1.800000000000000000e+03,-1.738350540196830885e+00,3.907550648212533284e-01,1.413690512097865337e+00
5.519999999999999574e+00,1.675000000000000000e+03,1.800000000000000000e+03,-1.738350540196830885e+00,3.907550648212533284e-01,1.413690512097865337e+00
5.536999999999999922e+00,1.675000000000000000e+03,1.800000000000000000e+03,-1.775590836538239348e+00,3.956430536455729507e-01,1.379194298955208842e+00
5.554000000000000270e+00,1.675000000000000000e+03,1.800000000000000000e+03,-1.775590836538239348e+00,3.956430536455729507e-01,1.379194298955208842e+00
5.570999999999999730e+00,1.675000000000000000e+03,1.800000000000000000e+03,-1.780122134780073750e+00,3.957823931525258354e-01,1.374169708749085839e+00
5.588000000000000078e+00,1.675000000000000000e+03,1.800000000000000000e+03,-1.796192647281817045e+00,3.978965701126898624e-01,1.362171344564550468e+00
5.605000000000000426e+00,1.675000000000000000e+03,1.800000000000000000e+03,-1.796192647281817045e+00,3.978965701126898624e-01,1.362171344564550468e+00
5.621999999999999886e+00,1.675000000000000000e+03,1.800000000000000000e+03,-1.807356799211148779e+00,3.987845197630656147e-01,1.354097534802291003e+00
5.639999999999999680e+00,1.675000000000000000e+03,1.800000000000000000e+03,-1.812327179919650533e+00,3.989399778168863930e-01,1.356002219771690998e+00
5.657000000000000028e+00,1.675000000000000000e+03,1.800000000000000000e+03,-1.817299476153299898e+00,3.996366520018020951e-01,1.348446057928081698e+00
5.674000000000000377e+00,1.675000000000000000e+03,1.800000000000000000e+03,-1.817299476153299898e+00,3.996366520018020951e-01,1.348446057928081698e+00
5.690999999999999837e+00,1.675000000000000000e+03,1.800000000000000000e+03,-1.823107800862886929e+00,4.003605697721485113e-01,1.341320190748464647e+00
5.706999999999999851e+00,1.675000000000000000e+03,1.800000000000000000e+03,-1.828507929278214483e+00,4.010726586078640077e-01,1.346598211222890473e+00
5.724999999999999645e+00,1.675000000000000000e+03,1.800000000000000000e+03,-1.833914614520289144e+00,4.017859460590947895e-01,1.336333492329893291e+00
5.741999999999999993e+00,1.675000000000000000e+03,1.800000000000000000e+03,-1.838911471909880468e+00,4.024871889677069658e-01,1.332213916807461374e+00
5.759000000000000341e+00,1.675000000000000000e+03,1.800000000000000000e+03,-1.844747689325426876e+00,4.032161266272408229e-01,1.321781614869664834e+00
5.777000000000000135e+00,1.675000000000000000e+03,1.800000000000000000e+03,-1.850168418208977261e+00,4.033893004074945443e-01,1.323654982790416268e+00
5.793999999999999595e+00,1.675000000000000000e+03,1.800000000000000000e+03,-1.856017768959243419e+00,4.041203184647367275e-01,1.320415958723115457e+00
5.810999999999999943e+00,1.675000000000000000e+03,1.800000000000000000e+03,-1.861882857430250171e+00,4.053973922541976860e-01,1.318719072472376075e+00
5.826999999999999957e+00,1.675000000000000000e+03,1.800000000000000000e+03,-1.867738825009340742e+00,4.055863297695220249e-01,1.311667567415556235e+00
5.844999999999999751e+00,1.675000000000000000e+03,1.800000000000000000e+03,-1.867738825009340742e+00,4.055863297695220249e-01,1.311667567415556235e+00
5.862000000000000099e+00,1.675000000000000000e+03,1.800000000000000000e+03,-1.872794265442629502e+00,4.073858395235870899e-01,1.295435592108908462e+00
5.878999999999999559e+00,1.675000000000000000e+03,1.800000000000000000e+03,-1.872794265442629502e+00,4.073858395235870899e-01,1.295435592108908462e+00
5.895999999999999908e+00,1.675000000000000000e+03,1.800000000000000000e+03,-1.878675219094112503e+00,4.081230647444388238e-01,1.302898907781763649e+00
5.913000000000000256e+00,1.675000000000000000e+03,1.800000000000000000e+03,-1.884143759942470631e+00,4.088479024847558874e-01,1.290577396544082989e+00
5.929999999999999716e+00,1.675000000000000000e+03,1.800000000000000000e+03,-1.890053870679719861e+00,4.101354421896191704e-01,1.279450505877249844e+00
5.947000000000000064e+00,1.675000000000000000e+03,1.800000000000000000e+03,-1.895148041078516421e+00,4.119465046179421330e-01,1.281575515121124775e+00
5.964000000000000412e+00,1.675000000000000000e+03,1.800000000000000000e+03,-1.906139110542426129e+00,4.134077054705634913e-01,1.267203860170493579e+00
5.982000000000000206e+00,1.675000000000000000e+03,1.800000000000000000e+03,-1.906139110542426129e+00,4.134077054705634913e-01,1.267203860170493579e+00
5.998999999999999666e+00,1.675000000000000000e+03,1.800000000000000000e+03,-1.912066936240584436e+00,4.141542154893232963e-01,1.278477849496034713e+00
6.016000000000000014e+00,1.675000000000000000e+03,1.800000000000000000e+03,-1.912066936240584436e+00,4.141542154893232963e-01,1.278477849496034713e+00
6.033000000000000362e+00,1.675000000000000000e+03,1.800000000000000000e+03,-1.917600431278922546e+00,4.154388609801676902e-01,1.262325236535910111e+00
6.049999999999999822e+00,1.675000000000000000e+03,1.800000000000000000e+03,-1.939401804331272849e+00,4.205878109734343395e-01,1.247270289099552620e+00
6.067000000000000171e+00,1.675000000000000000e+03,1.800000000000000000e+03,-1.956593691207342278e+00,4.245009957865414352e-01,1.225078318494578600e+00
6.083999999999999631e+00,1.675000000000000000e+03,1.800000000000000000e+03,-1.956593691207342278e+00,4.245009957865414352e-01,1.225078318494578600e+00
6.100999999999999979e+00,1.675000000000000000e+03,1.800000000000000000e+03,-1.961805373034267275e+00,4.263479885363462563e-01,1.217670214241181048e+00
6.118999999999999773e+00,1.675000000000000000e+03,1.800000000000000000e+03,-1.966600204838520494e+00,4.281842185832726022e-01,1.210307430087576908e+00
6.134999999999999787e+00,1.675000000000000000e+03,1.800000000000000000e+03,-1.972655729949538417e+00,4.295100816960185641e-01,1.197605103115429337e+00
6.152000000000000135e+00,1.675000000000000000e+03,1.800000000000000000e+03,-1.978327843076775450e+00,4.313835316673492182e-01,1.199697636687005797e+00
6.169999999999999929e+00,1.675000000000000000e+03,1.800000000000000000e+03,-1.978327843076775450e+00,4.313835316673492182e-01,1.199697636687005797e+00
6.187000000000000277e+00,1.675000000000000000e+03,1.800000000000000000e+03,-1.983153309913299411e+00,4.332310406729046326e-01,1.192324109981378832e+00
6.203999999999999737e+00,1.675000000000000000e+03,1.800000000000000000e+03,-1.988811060225032845e+00,4.345510257120278608e-01,1.188210395725265656e+00
6.221000000000000085e+00,1.675000000000000000e+03,1.800000000000000000e+03,-1.999332895680123290e+00,4.377313509736208141e-01,1.173970761588061018e+00
6.238000000000000433e+00,1.675000000000000000e+03,1.800000000000000000e+03,-1.999332895680123290e+00,4.377313509736208141e-01,1.173970761588061018e+00
6.256000000000000227e+00,1.675000000000000000e+03,1.800000000000000000e+03,-2.005060381233512601e+00,4.396240647509269683e-01,1.169502940020797688e+00
6.272999999999999687e+00,1.675000000000000000e+03,1.800000000000000000e+03,-2.005060381233512601e+00,4.396240647509269683e-01,1.169502940020797688e+00
6.290000000000000036e+00,1.675000000000000000e+03,1.800000000000000000e+03,-2.010800066529659258e+00,4.415211514264986148e-01,1.153194091644716979e+00
6.307000000000000384e+00,1.675000000000000000e+03,1.800000000000000000e+03,-2.010800066529659258e+00,4.415211514264986148e-01,1.153194091644716979e+00
6.325000000000000178e+00,1.675000000000000000e+03,1.800000000000000000e+03,-2.016075532279275162e+00,4.428404505614244036e-01,1.145874546394075377e+00
6.341999999999999638e+00,1.675000000000000000e+03,1.800000000000000000e+03,-2.016075532279275162e+00,4.428404505614244036e-01,1.145874546394075377e+00
6.358999999999999986e+00,1.675000000000000000e+03,1.800000000000000000e+03,-2.021404404062696170e+00,4.447294367695261430e-01,1.147925460283640176e+00
6.376999999999999780e+00,1.675000000000000000e+03,1.800000000000000000e+03,-2.027178264831850818e+00,4.466384737789085291e-01,1.143003039889841865e+00
6.394000000000000128e+00,1.675000000000000000e+03,1.800000000000000000e+03,-2.027178264831850818e+00,4.466384737789085291e-01,1.143003039889841865e+00
6.411999999999999922e+00,1.675000000000000000e+03,1.800000000000000000e+03,-2.032916845136474748e+00,4.479825777789377961e-01,1.126823426558764218e+00
6.429000000000000270e+00,1.675000000000000000e+03,1.800000000000000000e+03,-2.044087864947210509e+00,4.518045718302280411e-01,1.123571991306081763e+00
6.445999999999999730e+00,1.675000000000000000e+03,1.800000000000000000e+03,-2.049857601287247366e+00,4.531579784477389738e-01,1.107429113845213031e+00
6.463000000000000078e+00,1.675000000000000000e+03,1.800000000000000000e+03,-2.055743066948735098e+00,4.556602880775441067e-01,1.109441340876573090e+00
6.480000000000000426e+00,1.675000000000000000e+03,1.800000000000000000e+03,-2.061480581995904338e+00,4.564464462243816856e-01,1.103792068785103941e+00
6.496999999999999886e+00,1.675000000000000000e+03,1.800000000000000000e+03,-2.066954285516364287e+00,4.589420135112575183e-01,1.087700720618591577e+00
6.514000000000000234e+00,1.675000000000000000e+03,1.800000000000000000e+03,-2.107666799692680559e+00,4.708696371260184810e-01,1.049221480385131189e+00
6.530999999999999694e+00,1.675000000000000000e+03,1.800000000000000000e+03,-2.113043619884847235e+00,4.716578004840906724e-01,1.050157039472684017e+00
6.548000000000000043e+00,1.675000000000000000e+03,1.800000000000000000e+03,-2.113043619884847235e+00,4.716578004840906724e-01,1.050157039472684017e+00
6.565000000000000391e+00,1.675000000000000000e+03,1.800000000000000000e+03,-2.118562952145694567e+00,4.736136773860216698e-01,1.043513850312395075e+00
6.581999999999999851e+00,1.675000000000000000e+03,1.800000000000000000e+03,-2.124468344352844706e+00,4.750068620529154240e-01,1.045449492095064770e+00
6.599000000000000199e+00,1.675000000000000000e+03,1.800000000000000000e+03,-2.124468344352844706e+00,4.750068620529154240e-01,1.045449492095064770e+00
6.616999999999999993e+00,1.675000000000000000e+03,1.800000000000000000e+03,-2.129565620896295641e+00,4.769530961403541935e-01,1.038327542662481839e+00
6.634000000000000341e+00,1.675000000000000000e+03,1.800000000000000000e+03,-2.136381685075010584e+00,4.783874439896910191e-01,1.022824490117399288e+00
6.652000000000000135e+00,1.675000000000000000e+03,1.800000000000000000e+03,-2.136381685075010584e+00,4.783874439896910191e-01,1.022824490117399288e+00
6.668999999999999595e+00,1.675000000000000000e+03,1.800000000000000000e+03,-2.141946795268035331e+00,4.803591161024046707e-01,1.024729199773036115e+00
6.685999999999999943e+00,1.675000000000000000e+03,1.800000000000000000e+03,-2.147894792486830795e+00,4.817646866057704313e-01,1.009215672136003272e+00
6.703000000000000291e+00,1.675000000000000000e+03,1.800000000000000000e+03,-2.153559347141213998e+00,4.843336494267270753e-01,1.002269591480008382e+00
6.719999999999999751e+00,1.675000000000000000e+03,1.800000000000000000e+03,-2.159530004841248019e+00,4.857462494030354572e-01,1.003725473503692456e+00
6.737000000000000099e+00,1.675000000000000000e+03,1.800000000000000000e+03,-2.159530004841248019e+00,4.857462494030354572e-01,1.003725473503692456e+00
6.753999999999999559e+00,1.675000000000000000e+03,1.800000000000000000e+03,-2.176769421664117132e+00,4.911503133794233866e-01,9.746167324352241756e-01
6.770999999999999908e+00,1.675000000000000000e+03,1.800000000000000000e+03,-2.176769421664117132e+00,4.911503133794233866e-01,9.746167324352241756e-01
6.788000000000000256e+00,1.675000000000000000e+03,1.800000000000000000e+03,-2.176769421664117132e+00,4.911503133794233866e-01,9.746167324352241756e-01
6.804999999999999716e+00,1.675000000000000000e+03,1.800000000000000000e+03,-2.183316970824503045e+00,4.931881044449407669e-01,9.754862683269563961e-01
6.822000000000000064e+00,1.675000000000000000e+03,1.800000000000000000e+03,-2.189062939547267383e+00,4.957897193095958110e-01,9.685834552970872258e-01
6.839999999999999858e+00,1.675000000000000000e+03,1.800000000000000000e+03,-2.189062939547267383e+00,4.957897193095958110e-01,9.685834552970872258e-01
6.857999999999999652e+00,1.675000000000000000e+03,1.800000000000000000e+03,-2.195188532310003104e+00,4.978197838146253273e-01,9.703990047101525018e-01
6.875000000000000000e+00,1.675000000000000000e+03,1.800000000000000000e+03,-2.200511331468084197e+00,5.004155364743138046e-01,9.635486006554628835e-01
6.892000000000000348e+00,1.675000000000000000e+03,1.800000000000000000e+03,-2.218194008897182101e+00,5.071154609919924505e-01,9.518236755750427713e-01
6.908000000000000362e+00,1.675000000000000000e+03,1.800000000000000000e+03,-2.229418779719961385e+00,5.123835891443616619e-01,9.373369344247215462e-01
6.924999999999999822e+00,1.675000000000000000e+03,1.800000000000000000e+03,-2.235086975489284811e+00,5.138259561216834692e-01,9.287756406736451531e-01
6.942999999999999616e+00,1.675000000000000000e+03,1.800000000000000000e+03,-2.235086975489284811e+00,5.138259561216834692e-01,9.287756406736451531e-01
6.959999999999999964e+00,1.675000000000000000e+03,1.800000000000000000e+03,-2.240961952635061927e+00,5.164847145506409332e-01,9.220640998530115207e-01
6.977000000000000313e+00,1.675000000000000000e+03,1.800000000000000000e+03,-2.240961952635061927e+00,5.164847145506409332e-01,9.220640998530115207e-01
6.993999999999999773e+00,1.675000000000000000e+03,1.800000000000000000e+03,-2.246952615840460687e+00,5.197594472024503753e-01,9.053651957998726241e-01
7.011000000000000121e+00,1.675000000000000000e+03,1.800000000000000000e+03,-2.252860115986194511e+00,5.224341829667219494e-01,9.070584958016810750e-01
7.027999999999999581e+00,1.675000000000000000e+03,1.800000000000000000e+03,-2.280427476557314037e+00,5.364337838502856171e-01,8.771879308266260500e-01
7.044999999999999929e+00,1.675000000000000000e+03,1.800000000000000000e+03,-2.280427476557314037e+00,5.364337838502856171e-01,8.771879308266260500e-01
7.062000000000000277e+00,1.675000000000000000e+03,1.800000000000000000e+03,-2.285963441537154583e+00,5.391331282771246736e-01,8.706097166587067893e-01
7.078999999999999737e+00,1.675000000000000000e+03,1.800000000000000000e+03,-2.297657649438196170e+00,5.451966779001119479e-01,8.358213495973583207e-01
7.097000000000000419e+00,1.675000000000000000e+03,1.800000000000000000e+03,-2.303354526362173971e+00,5.485434877754992167e-01,8.370231992923229392e-01
7.115000000000000213e+00,1.675000000000000000e+03,1.800000000000000000e+03,-2.303354526362173971e+00,5.485434877754992167e-01,8.370231992923229392e-01
7.131999999999999673e+00,1.675000000000000000e+03,1.800000000000000000e+03,-2.308485256861023682e+00,5.512539085156763496e-01,8.193702719969264692e-01
7.149000000000000021e+00,1.675000000000000000e+03,1.800000000000000000e+03,-2.313279155922636221e+00,5.545774231141243904e-01,8.091004241125701046e-01
7.166000000000000369e+00,1.675000000000000000e+03,1.800000000000000000e+03,-2.313279155922636221e+00,5.545774231141243904e-01,8.091004241125701046e-01
7.184000000000000163e+00,1.675000000000000000e+03,1.800000000000000000e+03,-2.319962832603331915e+00,5.579967568268066058e-01,8.027214328784716413e-01
7.200999999999999623e+00,1.675000000000000000e+03,1.800000000000000000e+03,-2.319962832603331915e+00,5.579967568268066058e-01,8.027214328784716413e-01
7.219000000000000306e+00,1.675000000000000000e+03,1.800000000000000000e+03,-2.336246497257608468e+00,5.675133170759566470e-01,7.878234455087631538e-01
7.235999999999999766e+00,1.675000000000000000e+03,1.800000000000000000e+03,-2.336246497257608468e+00,5.675133170759566470e-01,7.878234455087631538e-01
7.253999999999999559e+00,1.675000000000000000e+03,1.800000000000000000e+03,-2.336246497257608468e+00,5.675133170759566470e-01,7.878234455087631538e-01
7.270999999999999908e+00,1.675000000000000000e+03,1.800000000000000000e+03,-2.336246497257608468e+00,5.675133170759566470e-01,7.878234455087631538e-01
7.288000000000000256e+00,1.675000000000000000e+03,1.800000000000000000e+03,-2.342063087941426147e+00,5.709311632410131176e-01,7.889461492113342134e-01
7.304999999999999716e+00,1.675000000000000000e+03,1.800000000000000000e+03,-2.347297382282174549e+00,5.736999398007233131e-01,7.826688719487565615e-01
7.322000000000000064e+00,1.675000000000000000e+03,1.800000000000000000e+03,-2.352673976071190332e+00,5.771153424700957713e-01,7.718477096460297782e-01
7.357999999999999652e+00,1.675000000000000000e+03,1.800000000000000000e+03,-2.352673976071190332e+00,5.771153424700957713e-01,7.718477096460297782e-01
7.400999999999999801e+00,1.675000000000000000e+03,1.800000000000000000e+03,-2.358067206211225564e+00,5.805414498100237575e-01,7.535116868489326603e-01
7.426000000000000156e+00,1.675000000000000000e+03,1.800000000000000000e+03,-2.358067206211225564e+00,5.805414498100237575e-01,7.535116868489326603e-01
7.442999999999999616e+00,1.675000000000000000e+03,1.800000000000000000e+03,-2.358067206211225564e+00,5.805414498100237575e-01,7.535116868489326603e-01
7.461000000000000298e+00,1.675000000000000000e+03,1.800000000000000000e+03,-2.380286979530485958e+00,5.943771630407935769e-01,7.256095849287371724e-01
7.480999999999999872e+00,1.675000000000000000e+03,1.800000000000000000e+03,-2.380286979530485958e+00,5.943771630407935769e-01,7.256095849287371724e-01
7.498000000000000220e+00,1.675000000000000000e+03,1.800000000000000000e+03,-2.386107199074338325e+00,5.972307197742553475e-01,7.068114290573286329e-01
7.514999999999999680e+00,1.675000000000000000e+03,1.800000000000000000e+03,-2.386107199074338325e+00,5.972307197742553475e-01,7.068114290573286329e-01
7.533000000000000362e+00,1.675000000000000000e+03,1.800000000000000000e+03,-2.386107199074338325e+00,5.972307197742553475e-01,7.068114290573286329e-01
7.549999999999999822e+00,1.675000000000000000e+03,1.800000000000000000e+03,-2.453719350852487491e+00,6.378859583854220583e-01,6.381620508235856803e-01
7.567000000000000171e+00,1.675000000000000000e+03,1.800000000000000000e+03,-2.453719350852487491e+00,6.378859583854220583e-01,6.381620508235856803e-01
7.584999999999999964e+00,1.675000000000000000e+03,1.800000000000000000e+03,-2.458933220996258662e+00,6.414815569118083038e-01,6.252754370623773150e-01
7.602000000000000313e+00,1.675000000000000000e+03,1.800000000000000000e+03,-2.464002882397702265e+00,6.444124810253065716e-01,6.260804374213058132e-01
7.618999999999999773e+00,1.675000000000000000e+03,1.800000000000000000e+03,-2.470560629682280407e+00,6.494372842727397233e-01,6.340944384500930564e-01
7.636000000000000121e+00,1.675000000000000000e+03,1.800000000000000000e+03,-2.476158356294645202e+00,6.524152926614102954e-01,6.216811256118249807e-01
7.652999999999999581e+00,1.675000000000000000e+03,1.800000000000000000e+03,-2.476158356294645202e+00,6.524152926614102954e-01,6.216811256118249807e-01
7.669999999999999929e+00,1.675000000000000000e+03,1.800000000000000000e+03,-2.476158356294645202e+00,6.524152926614102954e-01,6.216811256118249807e-01
7.687000000000000277e+00,1.675000000000000000e+03,1.800000000000000000e+03,-2.481275778871208981e+00,6.553753227153417127e-01,6.224760901781113409e-01
7.703999999999999737e+00,1.675000000000000000e+03,1.800000000000000000e+03,-2.486574277980240666e+00,6.590271037005422938e-01,6.093121634503182449e-01
7.721000000000000085e+00,1.675000000000000000e+03,1.800000000000000000e+03,-2.486574277980240666e+00,6.590271037005422938e-01,6.093121634503182449e-01
7.738000000000000433e+00,1.675000000000000000e+03,1.800000000000000000e+03,-2.492218310049380658e+00,6.620314394583334261e-01,6.100798927788879666e-01
7.754999999999999893e+00,1.675000000000000000e+03,1.800000000000000000e+03,-2.504070967740268383e+00,6.701339858585507736e-01,6.056998791808324567e-01
7.772999999999999687e+00,1.675000000000000000e+03,1.800000000000000000e+03,-2.515329891046024890e+00,6.775724762067268925e-01,5.930188793168839068e-01
7.788999999999999702e+00,1.675000000000000000e+03,1.800000000000000000e+03,-2.521416408238685403e+00,6.820202854765177181e-01,5.793696602296877218e-01
7.807000000000000384e+00,1.675000000000000000e+03,1.800000000000000000e+03,-2.521416408238685403e+00,6.820202854765177181e-01,5.793696602296877218e-01
7.823999999999999844e+00,1.675000000000000000e+03,1.800000000000000000e+03,-2.526158862135676308e+00,6.850320540844913042e-01,5.737763808860449899e-01
7.841999999999999638e+00,1.675000000000000000e+03,1.800000000000000000e+03,-2.532972671493446626e+00,6.902377156364908339e-01,5.812054099319509115e-01
7.858999999999999986e+00,1.675000000000000000e+03,1.800000000000000000e+03,-2.537241366466975734e+00,6.932429351773049531e-01,5.755825804652472399e-01
7.876999999999999780e+00,1.675000000000000000e+03,1.800000000000000000e+03,-2.543411611701624331e+00,6.977511756680022659e-01,5.617088066407378566e-01
7.894000000000000128e+00,1.675000000000000000e+03,1.800000000000000000e+03,-2.543411611701624331e+00,6.977511756680022659e-01,5.617088066407378566e-01
7.910999999999999588e+00,1.675000000000000000e+03,1.800000000000000000e+03,-2.548910663099983154e+00,7.015405067020635821e-01,5.476314228540150042e-01
7.927999999999999936e+00,1.675000000000000000e+03,1.800000000000000000e+03,-2.553597187851668782e+00,7.059941615294172967e-01,5.422075271116898465e-01
7.945000000000000284e+00,1.675000000000000000e+03,1.800000000000000000e+03,-2.558942372211916005e+00,7.090983867827039822e-01,5.338515446719392932e-01
7.961999999999999744e+00,1.675000000000000000e+03,1.800000000000000000e+03,-2.565069040800697753e+00,7.150678953741106403e-01,5.348483944320115979e-01
7.979000000000000092e+00,1.675000000000000000e+03,1.800000000000000000e+03,-2.575724297250103323e+00,7.227421378492157045e-01,5.149929257829991558e-01
7.996999999999999886e+00,1.675000000000000000e+03,1.800000000000000000e+03,-2.580184219729646511e+00,7.279663246843820490e-01,5.158483341361137509e-01
8.013999999999999346e+00,1.675000000000000000e+03,1.800000000000000000e+03,-2.610908260940069336e+00,7.541814588191201318e-01,4.673238740737079011e-01
8.029999999999999361e+00,1.675000000000000000e+03,1.800000000000000000e+03,-2.610908260940069336e+00,7.541814588191201318e-01,4.673238740737079011e-01
8.048000000000000043e+00,1.675000000000000000e+03,1.800000000000000000e+03,-2.615291712998776497e+00,7.587993159797955522e-01,4.520755680407219090e-01
8.064999999999999503e+00,1.675000000000000000e+03,1.800000000000000000e+03,-2.620215838347661919e+00,7.634661680299360542e-01,4.739532771463502714e-01
8.082000000000000739e+00,1.675000000000000000e+03,1.800000000000000000e+03,-2.625158643661436475e+00,7.681505504312063914e-01,4.531763231008325010e-01
8.099000000000000199e+00,1.675000000000000000e+03,1.800000000000000000e+03,-2.625158643661436475e+00,7.681505504312063914e-01,4.531763231008325010e-01
8.115999999999999659e+00,1.675000000000000000e+03,1.800000000000000000e+03,-2.630334097697644591e+00,7.735998644736469254e-01,4.538732954638081685e-01
8.132999999999999119e+00,1.675000000000000000e+03,1.800000000000000000e+03,-2.638512530869126849e+00,7.822105410237799594e-01,4.335614496264646456e-01
8.150000000000000355e+00,1.675000000000000000e+03,1.800000000000000000e+03,-2.638512530869126849e+00,7.822105410237799594e-01,4.335614496264646456e-01
8.166999999999999815e+00,1.675000000000000000e+03,1.800000000000000000e+03,-2.638512530869126849e+00,7.822105410237799594e-01,4.335614496264646456e-01
8.183999999999999275e+00,1.675000000000000000e+03,1.800000000000000000e+03,-2.643527592248078317e+00,7.869653321170547722e-01,4.230547430414104970e-01
8.201999999999999957e+00,1.675000000000000000e+03,1.800000000000000000e+03,-2.647810116149737159e+00,7.909470731261246668e-01,4.072396112579139138e-01
8.218999999999999417e+00,1.675000000000000000e+03,1.800000000000000000e+03,-2.653082787212053706e+00,7.964953142893208549e-01,4.029051315291432567e-01
8.237000000000000099e+00,1.675000000000000000e+03,1.800000000000000000e+03,-2.657397120629780840e+00,8.005073237308771850e-01,4.031887858618614096e-01
8.253999999999999559e+00,1.675000000000000000e+03,1.800000000000000000e+03,-2.657397120629780840e+00,8.005073237308771850e-01,4.031887858618614096e-01
8.271000000000000796e+00,1.675000000000000000e+03,1.800000000000000000e+03,-2.662175835981073213e+00,8.060629139028060441e-01,3.873136968739009922e-01
8.288000000000000256e+00,1.675000000000000000e+03,1.800000000000000000e+03,-2.667512017353169007e+00,8.116771660856799686e-01,3.926271616716791590e-01
8.305999999999999162e+00,1.675000000000000000e+03,1.800000000000000000e+03,-2.671875875749853524e+00,8.157375052487890743e-01,3.717879503317272349e-01
8.323000000000000398e+00,1.675000000000000000e+03,1.800000000000000000e+03,-2.671875875749853524e+00,8.157375052487890743e-01,3.717879503317272349e-01
8.339999999999999858e+00,1.675000000000000000e+03,1.800000000000000000e+03,-2.676254015393227270e+00,8.198109695408041242e-01,3.720191919052159291e-01
8.356999999999999318e+00,1.675000000000000000e+03,1.800000000000000000e+03,-2.690181018015785686e+00,8.344548500803264934e-01,3.564802857544609460e-01
8.374000000000000554e+00,1.675000000000000000e+03,1.800000000000000000e+03,-2.695640623558425375e+00,8.401948537092666092e-01,3.401075579701758889e-01
8.391000000000000014e+00,1.675000000000000000e+03,1.800000000000000000e+03,-2.699794557356304026e+00,8.450983577579925798e-01,3.404913577157679949e-01
8.407999999999999474e+00,1.675000000000000000e+03,1.800000000000000000e+03,-2.699794557356304026e+00,8.450983577579925798e-01,3.404913577157679949e-01
8.425000000000000711e+00,1.675000000000000000e+03,1.800000000000000000e+03,-2.709245450988083892e+00,8.550353053335658648e-01,3.410486518164634884e-01
8.442000000000000171e+00,1.675000000000000000e+03,1.800000000000000000e+03,-2.709245450988083892e+00,8.550353053335658648e-01,3.410486518164634884e-01
8.458999999999999631e+00,1.675000000000000000e+03,1.800000000000000000e+03,-2.714547795717127787e+00,8.600702163154519964e-01,3.244927062449118882e-01
8.476000000000000867e+00,1.675000000000000000e+03,1.800000000000000000e+03,-2.719074394895764968e+00,8.642875221262033003e-01,3.288814671332478401e-01
8.493000000000000327e+00,1.675000000000000000e+03,1.800000000000000000e+03,-2.723864357248751755e+00,8.693207299032205126e-01,3.120547266036213241e-01
8.510999999999999233e+00,1.675000000000000000e+03,1.800000000000000000e+03,-2.728923277145477222e+00,8.751787437021828486e-01,3.250737748777825509e-01
8.528000000000000469e+00,1.675000000000000000e+03,1.800000000000000000e+03,-2.728923277145477222e+00,8.751787437021828486e-01,3.250737748777825509e-01
8.544999999999999929e+00,1.675000000000000000e+03,1.800000000000000000e+03,-2.751325830906028003e+00,8.998132958326646724e-01,2.748980608215655375e-01
8.561999999999999389e+00,1.675000000000000000e+03,1.800000000000000000e+03,-2.756246484721678325e+00,9.049847989028615425e-01,2.749576151327444151e-01
8.577999999999999403e+00,1.675000000000000000e+03,1.800000000000000000e+03,-2.761186908756505076e+00,9.101767267318444654e-01,2.579366805428427445e-01
8.596000000000000085e+00,1.675000000000000000e+03,1.800000000000000000e+03,-2.765019949686909673e+00,9.153065554849558749e-01,2.617578833118254789e-01
8.612999999999999545e+00,1.675000000000000000e+03,1.800000000000000000e+03,-2.769166547834913228e+00,9.196655174721574122e-01,2.617932174382432420e-01
8.630000000000000782e+00,1.675000000000000000e+03,1.800000000000000000e+03,-2.774130665237674265e+00,9.265437389312373151e-01,2.444891116050028623e-01
8.647000000000000242e+00,1.675000000000000000e+03,1.800000000000000000e+03,-2.778310288449528542e+00,9.309395445270748359e-01,2.445836170146354072e-01
8.663999999999999702e+00,1.675000000000000000e+03,1.800000000000000000e+03,-2.778310288449528542e+00,9.309395445270748359e-01,2.445836170146354072e-01
8.680999999999999162e+00,1.675000000000000000e+03,1.800000000000000000e+03,-2.783344575769341134e+00,9.362338666194064407e-01,2.445882881252167962e-01
8.698000000000000398e+00,1.675000000000000000e+03,1.800000000000000000e+03,-2.786118104937013840e+00,9.413772001217483032e-01,2.272690087896466204e-01
8.714999999999999858e+00,1.675000000000000000e+03,1.800000000000000000e+03,-2.786118104937013840e+00,9.413772001217483032e-01,2.272690087896466204e-01
8.731999999999999318e+00,1.675000000000000000e+03,1.800000000000000000e+03,-2.789770161880190003e+00,9.457786082177500608e-01,2.130966306748259542e-01
8.749000000000000554e+00,1.675000000000000000e+03,1.800000000000000000e+03,-2.795132590039899778e+00,9.519821603458570314e-01,2.272865043226313386e-01
8.766000000000000014e+00,1.675000000000000000e+03,1.800000000000000000e+03,-2.798796740981767783e+00,9.580818368926925510e-01,2.307744319959614265e-01
8.782999999999999474e+00,1.675000000000000000e+03,1.800000000000000000e+03,-2.804204900754386109e+00,9.643415622623120464e-01,2.130513777991535906e-01
8.800000000000000711e+00,1.675000000000000000e+03,1.800000000000000000e+03,-2.811066452777046365e+00,9.732634596755321832e-01,1.922562835472684528e-01
8.817000000000000171e+00,1.675000000000000000e+03,1.800000000000000000e+03,-2.811066452777046365e+00,9.732634596755321832e-01,1.922562835472684528e-01
8.833999999999999631e+00,1.675000000000000000e+03,1.800000000000000000e+03,-2.815668967478136775e+00,9.786808490427093554e-01,2.097466569932765756e-01
8.851000000000000867e+00,1.675000000000000000e+03,1.800000000000000000e+03,-2.827253808726266637e+00,9.948764522280363343e-01,1.597044874284114235e-01
8.868000000000000327e+00,1.675000000000000000e+03,1.800000000000000000e+03,-2.827253808726266637e+00,9.948764522280363343e-01,1.597044874284114235e-01
8.884999999999999787e+00,1.675000000000000000e+03,1.800000000000000000e+03,-2.827253808726266637e+00,9.948764522280363343e-01,1.597044874284114235e-01
8.901999999999999247e+00,1.675000000000000000e+03,1.800000000000000000e+03,-2.827253808726266637e+00,9.948764522280363343e-01,1.597044874284114235e-01
8.919000000000000483e+00,1.675000000000000000e+03,1.800000000000000000e+03,-2.840157317031701378e+00,1.013082895144526319e+00,1.593559317366559092e-01
8.935999999999999943e+00,1.675000000000000000e+03,1.800000000000000000e+03,-2.840157317031701378e+00,1.013082895144526319e+00,1.593559317366559092e-01
8.952999999999999403e+00,1.675000000000000000e+03,1.800000000000000000e+03,-2.840157317031701378e+00,1.013082895144526319e+00,1.593559317366559092e-01
8.971000000000000085e+00,1.675000000000000000e+03,1.800000000000000000e+03,-2.843409977183822157e+00,1.017671485454664904e+00,1.565764403545852057e-01
8.987999999999999545e+00,1.675000000000000000e+03,1.800000000000000000e+03,-2.847563839497078586e+00,1.023217007574467541e+00,1.414282409715755806e-01
9.006000000000000227e+00,1.675000000000000000e+03,1.800000000000000000e+03,-2.855037938660550889e+00,1.035175810150569031e+00,1.411568825571481167e-01
9.023999999999999133e+00,1.675000000000000000e+03,1.800000000000000000e+03,-2.855037938660550889e+00,1.035175810150569031e+00,1.411568825571481167e-01
9.041000000000000369e+00,1.675000000000000000e+03,1.800000000000000000e+03,-2.877533444025791809e+00,1.070734876043963446e+00,9.101045010947267366e-02
9.060000000000000497e+00,1.675000000000000000e+03,1.800000000000000000e+03,-2.877533444025791809e+00,1.070734876043963446e+00,9.101045010947267366e-02
9.076999999999999957e+00,1.675000000000000000e+03,1.800000000000000000e+03,-2.881837016592981193e+00,1.076490877108233324e+00,1.065765543822630723e-01
9.093999999999999417e+00,1.675000000000000000e+03,1.800000000000000000e+03,-2.889316100398044540e+00,1.089780813555643046e+00,7.237698879332157831e-02
9.112000000000000099e+00,1.675000000000000000e+03,1.800000000000000000e+03,-2.889316100398044540e+00,1.089780813555643046e+00,7.237698879332157831e-02
9.128999999999999559e+00,1.675000000000000000e+03,1.800000000000000000e+03,-2.889316100398044540e+00,1.089780813555643046e+00,7.237698879332157831e-02
9.146000000000000796e+00,1.675000000000000000e+03,1.800000000000000000e+03,-2.892742880355702262e+00,1.094621691017737319e+00,9.002154170017306889e-02
9.163000000000000256e+00,1.675000000000000000e+03,1.800000000000000000e+03,-2.895284762196938644e+00,1.100311175477928227e+00,7.180976870866076500e-02
9.179999999999999716e+00,1.675000000000000000e+03,1.800000000000000000e+03,-2.899058950011021096e+00,1.106131440475232264e+00,5.370301157149798971e-02
9.196999999999999176e+00,1.675000000000000000e+03,1.800000000000000000e+03,-2.901623178606143938e+00,1.111864725164074308e+00,5.353358360550744544e-02
9.214999999999999858e+00,1.675000000000000000e+03,1.800000000000000000e+03,-2.901623178606143938e+00,1.111864725164074308e+00,5.353358360550744544e-02
9.231999999999999318e+00,1.675000000000000000e+03,1.800000000000000000e+03,-2.912174397000247161e+00,1.130380276523402561e+00,3.480810106239749097e-02
9.249000000000000554e+00,1.675000000000000000e+03,1.800000000000000000e+03,-2.912174397000247161e+00,1.130380276523402561e+00,3.480810106239749097e-02
9.266000000000000014e+00,1.675000000000000000e+03,1.800000000000000000e+03,-2.915118795184708844e+00,1.137170119551340175e+00,3.441589975999320011e-02
9.282999999999999474e+00,1.675000000000000000e+03,1.800000000000000000e+03,-2.917741840479608939e+00,1.143022181739851817e+00,1.905734120387752792e-02
9.300000000000000711e+00,1.675000000000000000e+03,1.800000000000000000e+03,-2.920660362689501355e+00,1.147983434154546956e+00,1.744162934685758448e-02
9.317000000000000171e+00,1.675000000000000000e+03,1.800000000000000000e+03,-2.920660362689501355e+00,1.147983434154546956e+00,1.744162934685758448e-02
9.333999999999999631e+00,1.675000000000000000e+03,1.800000000000000000e+03,-2.923926660393407317e+00,1.153935443931025429e+00,-6.267134082643762870e-04
9.351000000000000867e+00,1.675000000000000000e+03,1.800000000000000000e+03,-2.926636927314986814e+00,1.161751231264516626e+00,9.150938375328070661e-05
9.368000000000000327e+00,1.675000000000000000e+03,1.800000000000000000e+03,-2.926636927314986814e+00,1.161751231264516626e+00,9.150938375328070661e-05
9.384999999999999787e+00,1.675000000000000000e+03,1.800000000000000000e+03,-2.931297829407602862e+00,1.171695058651193833e+00,-1.832743786914266607e-02
9.401999999999999247e+00,1.675000000000000000e+03,1.800000000000000000e+03,-2.931297829407602862e+00,1.171695058651193833e+00,-1.832743786914266607e-02
9.419000000000000483e+00,1.675000000000000000e+03,1.800000000000000000e+03,-2.935240158098399554e+00,1.177800406005449219e+00,-1.872285469281827555e-02
9.435999999999999943e+00,1.675000000000000000e+03,1.800000000000000000e+03,-2.937655563344193865e+00,1.184742988243400408e+00,-1.822754700836285574e-02
9.452999999999999403e+00,1.675000000000000000e+03,1.800000000000000000e+03,-2.940997210127616057e+00,1.190840195405757473e+00,-3.649788839199948759e-02
9.470000000000000639e+00,1.675000000000000000e+03,1.800000000000000000e+03,-2.942738229770512248e+00,1.195837522196331548e+00,-3.678509814791773580e-02
9.487000000000000099e+00,1.675000000000000000e+03,1.800000000000000000e+03,-2.946102727163940393e+00,1.201978945625976625e+00,-5.489226830504703031e-02
9.503999999999999559e+00,1.675000000000000000e+03,1.800000000000000000e+03,-2.948845741050794445e+00,1.208082766917310202e+00,-3.765388921136741257e-02
9.521000000000000796e+00,1.675000000000000000e+03,1.800000000000000000e+03,-2.951599846161023777e+00,1.214210558789181160e+00,-5.582281847042346729e-02
9.538000000000000256e+00,1.675000000000000000e+03,1.800000000000000000e+03,-2.951599846161023777e+00,1.214210558789181160e+00,-5.582281847042346729e-02
9.555999999999999162e+00,1.675000000000000000e+03,1.800000000000000000e+03,-2.953726891022219192e+00,1.220299154776605555e+00,-7.335183021601214548e-02
9.573000000000000398e+00,1.675000000000000000e+03,1.800000000000000000e+03,-2.965539299346529489e+00,1.245214386870935552e+00,-9.259416093676861581e-02
9.589999999999999858e+00,1.675000000000000000e+03,1.800000000000000000e+03,-2.968725352578056143e+00,1.252526463263197165e+00,-7.537290130484414208e-02
9.606999999999999318e+00,1.675000000000000000e+03,1.800000000000000000e+03,-2.979396735641179905e+00,1.275787468127062230e+00,-9.512191213666794376e-02
9.624000000000000554e+00,1.675000000000000000e+03,1.800000000000000000e+03,-2.979396735641179905e+00,1.275787468127062230e+00,-9.512191213666794376e-02
9.641000000000000014e+00,1.675000000000000000e+03,1.800000000000000000e+03,-2.979396735641179905e+00,1.275787468127062230e+00,-9.512191213666794376e-02
9.657999999999999474e+00,1.675000000000000000e+03,1.800000000000000000e+03,-2.981995185812201132e+00,1.283173962629376774e+00,-1.132579398033274481e-01
9.675000000000000711e+00,1.675000000000000000e+03,1.800000000000000000e+03,-2.985915486315799505e+00,1.290732175517239178e+00,-1.140314035287109951e-01
9.692999999999999616e+00,1.675000000000000000e+03,1.800000000000000000e+03,-2.988166042676882572e+00,1.297120538596302719e+00,-1.144203278137724128e-01
9.710000000000000853e+00,1.675000000000000000e+03,1.800000000000000000e+03,-2.991461350468259006e+00,1.304675568631098681e+00,-1.327721330583191972e-01
9.727000000000000313e+00,1.675000000000000000e+03,1.800000000000000000e+03,-2.994013385791482129e+00,1.310114059841076983e+00,-1.155959656899655796e-01
9.744999999999999218e+00,1.675000000000000000e+03,1.800000000000000000e+03,-2.994013385791482129e+00,1.310114059841076983e+00,-1.155959656899655796e-01
9.760999999999999233e+00,1.675000000000000000e+03,1.800000000000000000e+03,-2.996294623155087766e+00,1.316579479812942211e+00,-1.341419450127113722e-01
9.778999999999999915e+00,1.675000000000000000e+03,1.800000000000000000e+03,-2.998202823438409936e+00,1.321986928617634671e+00,-1.345557481935779620e-01
9.795999999999999375e+00,1.675000000000000000e+03,1.800000000000000000e+03,-2.998202823438409936e+00,1.321986928617634671e+00,-1.345557481935779620e-01
9.813000000000000611e+00,1.675000000000000000e+03,1.800000000000000000e+03,-3.001549173775622581e+00,1.329659645273444823e+00,-1.353879667648502372e-01
9.830000000000000071e+00,1.675000000000000000e+03,1.800000000000000000e+03,-3.001549173775622581e+00,1.329659645273444823e+00,-1.353879667648502372e-01
9.848000000000000753e+00,1.675000000000000000e+03,1.800000000000000000e+03,-3.001549173775622581e+00,1.329659645273444823e+00,-1.353879667648502372e-01
9.865000000000000213e+00,1.675000000000000000e+03,1.800000000000000000e+03,-3.006847824284034409e+00,1.342845950309400127e+00,-1.545691997132928319e-01
9.881999999999999673e+00,1.675000000000000000e+03,1.800000000000000000e+03,-3.009069302287914915e+00,1.347314322329667302e+00,-1.550077432694739743e-01
9.900000000000000355e+00,1.675000000000000000e+03,1.800000000000000000e+03,-3.009069302287914915e+00,1.347314322329667302e+00,-1.550077432694739743e-01
9.916999999999999815e+00,1.675000000000000000e+03,1.800000000000000000e+03,-3.014429762901964516e+00,1.360645050994530258e+00,-1.563329730059940248e-01
9.935000000000000497e+00,1.675000000000000000e+03,1.800000000000000000e+03,-3.014429762901964516e+00,1.360645050994530258e+00,-1.563329730059940248e-01
9.951999999999999957e+00,1.675000000000000000e+03,1.800000000000000000e+03,-3.014429762901964516e+00,1.360645050994530258e+00,-1.563329730059940248e-01
9.968999999999999417e+00,1.675000000000000000e+03,1.800000000000000000e+03,-3.016512194754556120e+00,1.368352273761962667e+00,-1.752953965123508762e-01
9.986000000000000654e+00,1.675000000000000000e+03,1.800000000000000000e+03,-3.018487283345440808e+00,1.373933329692440086e+00,-1.757584435631960595e-01
1.000300000000000011e+01,1.675000000000000000e+03,1.800000000000000000e+03,-3.019793929766599661e+00,1.379456870886655917e+00,-1.939849923261058318e-01
1.002100000000000080e+01,1.675000000000000000e+03,1.800000000000000000e+03,-3.021901585853433048e+00,1.387250913965826893e+00,-1.770497162663284829e-01
1.003700000000000081e+01,1.675000000000000000e+03,1.800000000000000000e+03,-3.021901585853433048e+00,1.387250913965826893e+00,-1.770497162663284829e-01
1.005400000000000027e+01,1.675000000000000000e+03,1.800000000000000000e+03,-3.037356809373381594e+00,1.443999628909913735e+00,-2.370018422515690615e-01
1.007099999999999973e+01,1.675000000000000000e+03,1.800000000000000000e+03,-3.038859162374492051e+00,1.452013081343765499e+00,-2.392684773478765126e-01
1.008799999999999919e+01,1.675000000000000000e+03,1.800000000000000000e+03,-3.038859162374492051e+00,1.452013081343765499e+00,-2.392684773478765126e-01
1.010599999999999987e+01,1.675000000000000000e+03,1.800000000000000000e+03,-3.038859162374492051e+00,1.452013081343765499e+00,-2.392684773478765126e-01
1.012299999999999933e+01,1.675000000000000000e+03,1.800000000000000000e+03,-3.040640452549989270e+00,1.464608997192517581e+00,-2.593088869467841118e-01
1.014100000000000001e+01,1.675000000000000000e+03,1.800000000000000000e+03,-3.042023278600391123e+00,1.470432858557793931e+00,-2.583631772566514773e-01
1.015799999999999947e+01,1.675000000000000000e+03,1.800000000000000000e+03,-3.042023278600391123e+00,1.470432858557793931e+00,-2.583631772566514773e-01
1.017500000000000071e+01,1.675000000000000000e+03,1.800000000000000000e+03,-3.044944289004706928e+00,1.490158920355135752e+00,-2.810894382239654821e-01
1.019299999999999962e+01,1.675000000000000000e+03,1.800000000000000000e+03,-3.047050569125468122e+00,1.501911588236394479e+00,-2.821736093108718202e-01
1.021000000000000085e+01,1.675000000000000000e+03,1.800000000000000000e+03,-3.048181042271718155e+00,1.508983462147753141e+00,-3.000348450885633733e-01
1.022700000000000031e+01,1.675000000000000000e+03,1.800000000000000000e+03,-3.048181042271718155e+00,1.508983462147753141e+00,-3.000348450885633733e-01
1.024399999999999977e+01,1.675000000000000000e+03,1.800000000000000000e+03,-3.048892187015059818e+00,1.514869099138707931e+00,-3.024876173838249582e-01
1.026200000000000045e+01,1.675000000000000000e+03,1.800000000000000000e+03,-3.049751079097168027e+00,1.523123957132295203e+00,-3.201745086671806129e-01
1.027899999999999991e+01,1.675000000000000000e+03,1.800000000000000000e+03,-3.050042038340802453e+00,1.527832781768246662e+00,-3.228577828150728801e-01
1.029599999999999937e+01,1.675000000000000000e+03,1.800000000000000000e+03,-3.050042038340802453e+00,1.527832781768246662e+00,-3.228577828150728801e-01
1.031300000000000061e+01,1.675000000000000000e+03,1.800000000000000000e+03,-3.051896237906686515e+00,1.535097137368580889e+00,-3.047591236111323321e-01
1.033000000000000007e+01,1.675000000000000000e+03,1.800000000000000000e+03,-3.053048895606820690e+00,1.542301882489475862e+00,-3.246388894617018295e-01
1.034699999999999953e+01,1.675000000000000000e+03,1.800000000000000000e+03,-3.053065641554555398e+00,1.548207772385298941e+00,-3.252124139453999585e-01
1.036400000000000077e+01,1.675000000000000000e+03,1.800000000000000000e+03,-3.053065641554555398e+00,1.548207772385298941e+00,-3.252124139453999585e-01
1.038100000000000023e+01,1.675000000000000000e+03,1.800000000000000000e+03,-3.054526322137586014e+00,1.560258910831054724e+00,-3.457002278929059980e-01
1.039899999999999913e+01,1.675000000000000000e+03,1.800000000000000000e+03,-3.054526322137586014e+00,1.560258910831054724e+00,-3.457002278929059980e-01
1.041699999999999982e+01,1.675000000000000000e+03,1.800000000000000000e+03,-3.056866465548421452e+00,1.574900724254939544e+00,-3.475536129273672503e-01
1.043399999999999928e+01,1.675000000000000000e+03,1.800000000000000000e+03,-3.056866465548421452e+00,1.574900724254939544e+00,-3.475536129273672503e-01
1.045100000000000051e+01,1.675000000000000000e+03,1.800000000000000000e+03,-3.057608525502503838e+00,1.581005716383127258e+00,-3.481599204552454085e-01
1.046799999999999997e+01,1.675000000000000000e+03,1.800000000000000000e+03,-3.057608525502503838e+00,1.581005716383127258e+00,-3.481599204552454085e-01
1.048499999999999943e+01,1.675000000000000000e+03,1.800000000000000000e+03,-3.058071414352178330e+00,1.588302700953406532e+00,-3.681076318428844751e-01
1.050300000000000011e+01,1.675000000000000000e+03,1.800000000000000000e+03,-3.058818901872675244e+00,1.594452686708611289e+00,-3.687404806822337511e-01
1.051999999999999957e+01,1.675000000000000000e+03,1.800000000000000000e+03,-3.064981152082154381e+00,1.634484453707927276e+00,-3.954143347390506325e-01
1.053700000000000081e+01,1.675000000000000000e+03,1.800000000000000000e+03,-3.065632131158293916e+00,1.644507763181342952e+00,-3.967499613453955298e-01
1.055400000000000027e+01,1.675000000000000000e+03,1.800000000000000000e+03,-3.065959264327375866e+00,1.649539680760327975e+00,-4.002887580529184697e-01
1.057099999999999973e+01,1.675000000000000000e+03,1.800000000000000000e+03,-3.066735952639390916e+00,1.655898331719133587e+00,-4.009680470070284830e-01
1.058799999999999919e+01,1.675000000000000000e+03,1.800000000000000000e+03,-3.067515636829734937e+00,1.662278864380163146e+00,-4.016385091357742021e-01
1.060500000000000043e+01,1.675000000000000000e+03,1.800000000000000000e+03,-3.067515636829734937e+00,1.662278864380163146e+00,-4.016385091357742021e-01
1.062299999999999933e+01,1.675000000000000000e+03,1.800000000000000000e+03,-3.067515636829734937e+00,1.662278864380163146e+00,-4.016385091357742021e-01
1.064000000000000057e+01,1.675000000000000000e+03,1.800000000000000000e+03,-3.068298334526745386e+00,1.668681397178778170e+00,-4.023210084237844320e-01
1.065700000000000003e+01,1.675000000000000000e+03,1.800000000000000000e+03,-3.068298334526745386e+00,1.668681397178778170e+00,-4.023210084237844320e-01
1.067399999999999949e+01,1.675000000000000000e+03,1.800000000000000000e+03,-3.068347758769744082e+00,1.675005098173900198e+00,-4.259283498292550374e-01
1.069100000000000072e+01,1.675000000000000000e+03,1.800000000000000000e+03,-3.069640781458819134e+00,1.689155240185500784e+00,-4.080016445015384741e-01
1.070800000000000018e+01,1.675000000000000000e+03,1.800000000000000000e+03,-3.069640781458819134e+00,1.689155240185500784e+00,-4.080016445015384741e-01
1.072499999999999964e+01,1.675000000000000000e+03,1.800000000000000000e+03,-3.069640781458819134e+00,1.689155240185500784e+00,-4.080016445015384741e-01
1.074399999999999977e+01,1.675000000000000000e+03,1.800000000000000000e+03,-3.069461743483051563e+00,1.703206115484545702e+00,-4.326898795309878087e-01
1.076099999999999923e+01,1.675000000000000000e+03,1.800000000000000000e+03,-3.069461743483051563e+00,1.703206115484545702e+00,-4.326898795309878087e-01
1.077899999999999991e+01,1.675000000000000000e+03,1.800000000000000000e+03,-3.069059275707309631e+00,1.708294075944395196e+00,-4.334132962264008460e-01
1.079599999999999937e+01,1.675000000000000000e+03,1.800000000000000000e+03,-3.071344726712712081e+00,1.715063962692682242e+00,-4.341068354260825268e-01
1.081300000000000061e+01,1.675000000000000000e+03,1.800000000000000000e+03,-3.071344726712712081e+00,1.715063962692682242e+00,-4.341068354260825268e-01
1.083000000000000007e+01,1.675000000000000000e+03,1.800000000000000000e+03,-3.070427430734732788e+00,1.729202262133772372e+00,-4.557706446124286659e-01
1.084699999999999953e+01,1.675000000000000000e+03,1.800000000000000000e+03,-3.070427430734732788e+00,1.729202262133772372e+00,-4.557706446124286659e-01
1.086400000000000077e+01,1.675000000000000000e+03,1.800000000000000000e+03,-3.070772416425817664e+00,1.734465434460485955e+00,-4.600213386851342845e-01
1.088100000000000023e+01,1.675000000000000000e+03,1.800000000000000000e+03,-3.071579815066174390e+00,1.741118175821190661e+00,-4.607785948779644647e-01
1.089899999999999913e+01,1.675000000000000000e+03,1.800000000000000000e+03,-3.070546346724355224e+00,1.759395396545181178e+00,-4.594988918327025940e-01
1.091600000000000037e+01,1.675000000000000000e+03,1.800000000000000000e+03,-3.070546346724355224e+00,1.759395396545181178e+00,-4.594988918327025940e-01
1.093299999999999983e+01,1.675000000000000000e+03,1.800000000000000000e+03,-3.071070737123327454e+00,1.767421014298339088e+00,-4.681323031752593899e-01
1.097000000000000064e+01,1.675000000000000000e+03,1.800000000000000000e+03,-3.070377196063814207e+00,1.773970805751791335e+00,-4.689037029584373628e-01
1.102399999999999913e+01,1.675000000000000000e+03,1.800000000000000000e+03,-3.070377196063814207e+00,1.773970805751791335e+00,-4.689037029584373628e-01
1.106199999999999939e+01,1.675000000000000000e+03,1.800000000000000000e+03,-3.069681887466452430e+00,1.780542443279745424e+00,-4.696768985903911897e-01
1.107900000000000063e+01,1.675000000000000000e+03,1.800000000000000000e+03,-3.069681887466452430e+00,1.780542443279745424e+00,-4.696768985903911897e-01
1.109999999999999964e+01,1.675000000000000000e+03,1.800000000000000000e+03,-3.069681887466452430e+00,1.780542443279745424e+00,-4.696768985903911897e-01
1.112199999999999989e+01,1.675000000000000000e+03,1.800000000000000000e+03,-3.069275771615630255e+00,1.785837600481278820e+00,-4.704518983705308077e-01
1.113899999999999935e+01,1.675000000000000000e+03,1.800000000000000000e+03,-3.064644754329179044e+00,1.831258426226964886e+00,-5.213410910899682893e-01
1.115600000000000058e+01,1.675000000000000000e+03,1.800000000000000000e+03,-3.063222030588000244e+00,1.844810456559306644e+00,-5.230102481200162856e-01
1.117300000000000004e+01,1.675000000000000000e+03,1.800000000000000000e+03,-3.061022233908119006e+00,1.858338821807318020e+00,-5.497670475621941888e-01
1.118999999999999950e+01,1.675000000000000000e+03,1.800000000000000000e+03,-3.061022233908119006e+00,1.858338821807318020e+00,-5.497670475621941888e-01
1.120700000000000074e+01,1.675000000000000000e+03,1.800000000000000000e+03,-3.061022233908119006e+00,1.858338821807318020e+00,-5.497670475621941888e-01
1.122499999999999964e+01,1.675000000000000000e+03,1.800000000000000000e+03,-3.059830740753249678e+00,1.863729063115846518e+00,-5.506301470862383640e-01
1.124200000000000088e+01,1.675000000000000000e+03,1.800000000000000000e+03,-3.059407893547911872e+00,1.869250498941126715e+00,-5.514951427794556604e-01
1.125999999999999979e+01,1.675000000000000000e+03,1.800000000000000000e+03,-3.057912505192024177e+00,1.876026927604361294e+00,-5.523620424389534822e-01
1.127699999999999925e+01,1.675000000000000000e+03,1.800000000000000000e+03,-3.056713171697123421e+00,1.881464321068746504e+00,-5.532308538639975071e-01
1.129400000000000048e+01,1.675000000000000000e+03,1.800000000000000000e+03,-3.056713171697123421e+00,1.881464321068746504e+00,-5.532308538639975071e-01
1.131099999999999994e+01,1.675000000000000000e+03,1.800000000000000000e+03,-3.055210206519098470e+00,1.888281474711908547e+00,-5.587225501442224518e-01
1.132799999999999940e+01,1.675000000000000000e+03,1.800000000000000000e+03,-3.054306392564832606e+00,1.892382698575268307e+00,-5.748446594519796005e-01
1.134500000000000064e+01,1.675000000000000000e+03,1.800000000000000000e+03,-3.049728408805088442e+00,1.905873682035749805e+00,-5.971568361534046465e-01
1.136200000000000010e+01,1.675000000000000000e+03,1.800000000000000000e+03,-3.048512322133727359e+00,1.911390782970165958e+00,-5.980657977273962089e-01
1.137899999999999956e+01,1.675000000000000000e+03,1.800000000000000000e+03,-3.048546438974455874e+00,1.918549308463691982e+00,-6.038360588785212091e-01
1.139600000000000080e+01,1.675000000000000000e+03,1.800000000000000000e+03,-3.045765970060458905e+00,1.923858624839097864e+00,-6.049178173565739058e-01
1.141399999999999970e+01,1.675000000000000000e+03,1.800000000000000000e+03,-3.044540826387343024e+00,1.929424194331116560e+00,-6.058360190402930501e-01
1.143099999999999916e+01,1.675000000000000000e+03,1.800000000000000000e+03,-3.043312869553241207e+00,1.935004811144239945e+00,-6.211352079393498427e-01
1.144800000000000040e+01,1.675000000000000000e+03,1.800000000000000000e+03,-3.043312869553241207e+00,1.935004811144239945e+00,-6.211352079393498427e-01
1.146499999999999986e+01,1.675000000000000000e+03,1.800000000000000000e+03,-3.041299666946095659e+00,1.940478251561609024e+00,-6.272806793603595832e-01
1.148199999999999932e+01,1.675000000000000000e+03,1.800000000000000000e+03,-3.038827783369264957e+00,1.951714417227180309e+00,-6.291545989492536295e-01
1.149900000000000055e+01,1.675000000000000000e+03,1.800000000000000000e+03,-3.038827783369264957e+00,1.951714417227180309e+00,-6.291545989492536295e-01
1.151600000000000001e+01,1.675000000000000000e+03,1.800000000000000000e+03,-3.037277040297438724e+00,1.958768070464874889e+00,-6.354305293862635429e-01
1.153299999999999947e+01,1.675000000000000000e+03,1.800000000000000000e+03,-3.037277040297438724e+00,1.958768070464874889e+00,-6.354305293862635429e-01
1.154899999999999949e+01,1.675000000000000000e+03,1.800000000000000000e+03,-3.024548504327802867e+00,2.013042715661013560e+00,-6.608019533248745692e-01
1.156600000000000072e+01,1.675000000000000000e+03,1.800000000000000000e+03,-3.018818068259341736e+00,2.024162131590515390e+00,-6.771871152650450476e-01
1.158300000000000018e+01,1.675000000000000000e+03,1.800000000000000000e+03,-3.018818068259341736e+00,2.024162131590515390e+00,-6.771871152650450476e-01
1.159999999999999964e+01,1.675000000000000000e+03,1.800000000000000000e+03,-3.017535470644429285e+00,2.030001737229128800e+00,-6.840715849357066336e-01
1.161700000000000088e+01,1.675000000000000000e+03,1.800000000000000000e+03,-3.017535470644429285e+00,2.030001737229128800e+00,-6.840715849357066336e-01
1.163400000000000034e+01,1.675000000000000000e+03,1.800000000000000000e+03,-3.016725297328908262e+00,2.037453834267362929e+00,-6.850589462583024369e-01
1.165199999999999925e+01,1.675000000000000000e+03,1.800000000000000000e+03,-3.015436739518709608e+00,2.043330518774840510e+00,-6.860482394157663144e-01
1.166900000000000048e+01,1.675000000000000000e+03,1.800000000000000000e+03,-3.011250036298897204e+00,2.054870764016202500e+00,-7.002389750777010535e-01
1.168599999999999994e+01,1.675000000000000000e+03,1.800000000000000000e+03,-3.011250036298897204e+00,2.054870764016202500e+00,-7.002389750777010535e-01
1.170400000000000063e+01,1.675000000000000000e+03,1.800000000000000000e+03,-3.009950269010502222e+00,2.060795854770226310e+00,-7.012394461245161636e-01
1.172100000000000009e+01,1.675000000000000000e+03,1.800000000000000000e+03,-3.009950269010502222e+00,2.060795854770226310e+00,-7.012394461245161636e-01
1.173700000000000010e+01,1.675000000000000000e+03,1.800000000000000000e+03,-3.007043752493134825e+00,2.066473477810360837e+00,-7.085474382594684206e-01
1.175399999999999956e+01,1.675000000000000000e+03,1.800000000000000000e+03,-3.000697216849972815e+00,2.083995836085792419e+00,-7.047456475853676183e-01
1.177100000000000080e+01,1.675000000000000000e+03,1.800000000000000000e+03,-2.999376799185649034e+00,2.090002177436782294e+00,-7.057545863420136012e-01
1.178800000000000026e+01,1.675000000000000000e+03,1.800000000000000000e+03,-2.999376799185649034e+00,2.090002177436782294e+00,-7.057545863420136012e-01
1.180700000000000038e+01,1.675000000000000000e+03,1.800000000000000000e+03,-2.997247110165160766e+00,2.095891234352873944e+00,-7.130934485664158773e-01
1.182300000000000040e+01,1.675000000000000000e+03,1.800000000000000000e+03,-2.995919266370714595e+00,2.101931064946498395e+00,-7.141087991315441252e-01
1.184099999999999930e+01,1.675000000000000000e+03,1.800000000000000000e+03,-2.993446770257247369e+00,2.109369604792813657e+00,-7.215951598464845906e-01
1.185800000000000054e+01,1.675000000000000000e+03,1.800000000000000000e+03,-2.991301641837377900e+00,2.115311765175030612e+00,-7.292280677293319080e-01
1.187500000000000000e+01,1.675000000000000000e+03,1.800000000000000000e+03,-2.991301641837377900e+00,2.115311765175030612e+00,-7.292280677293319080e-01
1.189199999999999946e+01,1.675000000000000000e+03,1.800000000000000000e+03,-2.989961214591835059e+00,2.121406454752226889e+00,-7.302539446450333482e-01
1.190900000000000070e+01,1.675000000000000000e+03,1.800000000000000000e+03,-2.986185436202298149e+00,2.127108503941207651e+00,-7.315500641127897774e-01
1.192600000000000016e+01,1.675000000000000000e+03,1.800000000000000000e+03,-2.979761213309084056e+00,2.137157207403710402e+00,-7.478234396766800796e-01
1.194299999999999962e+01,1.675000000000000000e+03,1.800000000000000000e+03,-2.979761213309084056e+00,2.137157207403710402e+00,-7.478234396766800796e-01
1.196100000000000030e+01,1.675000000000000000e+03,1.800000000000000000e+03,-2.976905667510788334e+00,2.146259915695764686e+00,-7.693533702654213879e-01
1.197700000000000031e+01,1.675000000000000000e+03,1.800000000000000000e+03,-2.976905667510788334e+00,2.146259915695764686e+00,-7.693533702654213879e-01
1.199399999999999977e+01,1.675000000000000000e+03,1.800000000000000000e+03,-2.973782885788806674e+00,2.148934455850966430e+00,-7.569806225143865808e-01
1.201200000000000045e+01,1.675000000000000000e+03,1.800000000000000000e+03,-2.972411255915149209e+00,2.155123727230321862e+00,-7.569806225143865808e-01
1.202999999999999936e+01,1.675000000000000000e+03,1.800000000000000000e+03,-2.952525989006307583e+00,2.187369828260760318e+00,-7.988741117284197113e-01
1.204700000000000060e+01,1.675000000000000000e+03,1.800000000000000000e+03,-2.949479387154124055e+00,2.193385983675788964e+00,-8.073351137340688544e-01
1.206400000000000006e+01,1.675000000000000000e+03,1.800000000000000000e+03,-2.947953408628826377e+00,2.196400187543909865e+00,-7.868770245282381559e-01
1.208099999999999952e+01,1.675000000000000000e+03,1.800000000000000000e+03,-2.944076544882117119e+00,2.202299311747102362e+00,-8.087345464509296811e-01
1.209800000000000075e+01,1.675000000000000000e+03,1.800000000000000000e+03,-2.940191071879415752e+00,2.208214093197717443e+00,-8.101368498678216401e-01
1.211500000000000021e+01,1.675000000000000000e+03,1.800000000000000000e+03,-2.937014589028318134e+00,2.210964284057871598e+00,-8.318539398573857602e-01
1.213199999999999967e+01,1.675000000000000000e+03,1.800000000000000000e+03,-2.931211668774495571e+00,2.221544237628838125e+00,-8.537873770829441655e-01
1.214899999999999913e+01,1.675000000000000000e+03,1.800000000000000000e+03,-2.931211668774495571e+00,2.221544237628838125e+00,-8.537873770829441655e-01
1.216600000000000037e+01,1.675000000000000000e+03,1.800000000000000000e+03,-2.931211668774495571e+00,2.221544237628838125e+00,-8.537873770829441655e-01
1.218299999999999983e+01,1.675000000000000000e+03,1.800000000000000000e+03,-2.931211668774495571e+00,2.221544237628838125e+00,-8.537873770829441655e-01
1.219999999999999929e+01,1.675000000000000000e+03,1.800000000000000000e+03,-2.923739575277148894e+00,2.231887669035480304e+00,-8.513495065883613933e-01
1.221700000000000053e+01,1.675000000000000000e+03,1.800000000000000000e+03,-2.923739575277148894e+00,2.231887669035480304e+00,-8.513495065883613933e-01
1.223499999999999943e+01,1.675000000000000000e+03,1.800000000000000000e+03,-2.919718879774932496e+00,2.234523795155225034e+00,-8.644917197874576464e-01
1.225200000000000067e+01,1.675000000000000000e+03,1.800000000000000000e+03,-2.913031143562509140e+00,2.245071575954192600e+00,-8.622802851966626658e-01
1.226900000000000013e+01,1.675000000000000000e+03,1.800000000000000000e+03,-2.909079794398955698e+00,2.251100528607433926e+00,-8.715497770532032451e-01
1.228599999999999959e+01,1.675000000000000000e+03,1.800000000000000000e+03,-2.903096464115915154e+00,2.258478326627585631e+00,-8.703534223255325886e-01
1.230400000000000027e+01,1.675000000000000000e+03,1.800000000000000000e+03,-2.903096464115915154e+00,2.258478326627585631e+00,-8.703534223255325886e-01
1.232199999999999918e+01,1.675000000000000000e+03,1.800000000000000000e+03,-2.903096464115915154e+00,2.258478326627585631e+00,-8.703534223255325886e-01
1.233900000000000041e+01,1.675000000000000000e+03,1.800000000000000000e+03,-2.897847948766985482e+00,2.262626485873975302e+00,-8.748842689718669963e-01
1.235599999999999987e+01,1.675000000000000000e+03,1.800000000000000000e+03,-2.895069418226110081e+00,2.267218380974081349e+00,-8.879513426237507501e-01
1.237400000000000055e+01,1.675000000000000000e+03,1.800000000000000000e+03,-2.895069418226110081e+00,2.267218380974081349e+00,-8.879513426237507501e-01
1.239100000000000001e+01,1.675000000000000000e+03,1.800000000000000000e+03,-2.891908203178799930e+00,2.273452640226014232e+00,-8.894389762553212009e-01
1.240799999999999947e+01,1.675000000000000000e+03,1.800000000000000000e+03,-2.891908203178799930e+00,2.273452640226014232e+00,-8.894389762553212009e-01
1.242500000000000071e+01,1.675000000000000000e+03,1.800000000000000000e+03,-2.885943598358916340e+00,2.284330929299784874e+00,-9.112396117333321222e-01
1.244200000000000017e+01,1.675000000000000000e+03,1.800000000000000000e+03,-2.882314486427755007e+00,2.288820303031968706e+00,-9.007365622633617397e-01
1.245899999999999963e+01,1.675000000000000000e+03,1.800000000000000000e+03,-2.882314486427755007e+00,2.288820303031968706e+00,-9.007365622633617397e-01
1.247600000000000087e+01,1.675000000000000000e+03,1.800000000000000000e+03,-2.879124652208191026e+00,2.295114446622468662e+00,-9.102984462798837662e-01
1.249399999999999977e+01,1.675000000000000000e+03,1.800000000000000000e+03,-2.875482559889288581e+00,2.299625193300467441e+00,-9.226385142402380168e-01
1.251099999999999923e+01,1.675000000000000000e+03,1.800000000000000000e+03,-2.870949075236906012e+00,2.300540731074921297e+00,-9.122278736643028019e-01
1.252800000000000047e+01,1.675000000000000000e+03,1.800000000000000000e+03,-2.870949075236906012e+00,2.300540731074921297e+00,-9.122278736643028019e-01
1.254499999999999993e+01,1.675000000000000000e+03,1.800000000000000000e+03,-2.850256119207728478e+00,2.333279314021223794e+00,-9.475342419791299431e-01
1.256199999999999939e+01,1.675000000000000000e+03,1.800000000000000000e+03,-2.850256119207728478e+00,2.333279314021223794e+00,-9.475342419791299431e-01
1.257900000000000063e+01,1.675000000000000000e+03,1.800000000000000000e+03,-2.842466982017433530e+00,2.344146870108228864e+00,-9.561548948329663400e-01
1.259600000000000009e+01,1.675000000000000000e+03,1.800000000000000000e+03,-2.838729979919357937e+00,2.345231161981912393e+00,-9.595049510548900873e-01
1.261299999999999955e+01,1.675000000000000000e+03,1.800000000000000000e+03,-2.833352437562794091e+00,2.349541311598735582e+00,-9.494256789901316385e-01
1.263000000000000078e+01,1.675000000000000000e+03,1.800000000000000000e+03,-2.833352437562794091e+00,2.349541311598735582e+00,-9.494256789901316385e-01
1.264700000000000024e+01,1.675000000000000000e+03,1.800000000000000000e+03,-2.833352437562794091e+00,2.349541311598735582e+00,-9.494256789901316385e-01
1.266499999999999915e+01,1.675000000000000000e+03,1.800000000000000000e+03,-2.830901224940860050e+00,2.356155637676012660e+00,-9.597081561801101834e-01
1.268200000000000038e+01,1.675000000000000000e+03,1.800000000000000000e+03,-2.814709603904550050e+00,2.372733611597714898e+00,-9.844896765917869885e-01
1.269899999999999984e+01,1.675000000000000000e+03,1.800000000000000000e+03,-2.814709603904550050e+00,2.372733611597714898e+00,-9.844896765917869885e-01
1.271599999999999930e+01,1.675000000000000000e+03,1.800000000000000000e+03,-2.814709603904550050e+00,2.372733611597714898e+00,-9.844896765917869885e-01
1.273499999999999943e+01,1.675000000000000000e+03,1.800000000000000000e+03,-2.809288596756138290e+00,2.377096172276811359e+00,-9.746773094803010684e-01
1.275200000000000067e+01,1.675000000000000000e+03,1.800000000000000000e+03,-2.805533847425481841e+00,2.381771681184872591e+00,-9.959486291543870884e-01
1.276999999999999957e+01,1.675000000000000000e+03,1.800000000000000000e+03,-2.800935216019964091e+00,2.386304148829508254e+00,-9.955529220330486817e-01
1.278700000000000081e+01,1.675000000000000000e+03,1.800000000000000000e+03,-2.798424484196056827e+00,2.393024128906921177e+00,-9.873811808174071114e-01
1.280400000000000027e+01,1.675000000000000000e+03,1.800000000000000000e+03,-2.798424484196056827e+00,2.393024128906921177e+00,-9.873811808174071114e-01
1.282099999999999973e+01,1.675000000000000000e+03,1.800000000000000000e+03,-2.792554477981801675e+00,2.395549073902588866e+00,-9.995852808342038376e-01
1.283799999999999919e+01,1.675000000000000000e+03,1.800000000000000000e+03,-2.792554477981801675e+00,2.395549073902588866e+00,-9.995852808342038376e-01
1.285500000000000043e+01,1.675000000000000000e+03,1.800000000000000000e+03,-2.790450765614357120e+00,2.400568859283766621e+00,-1.008638588568128602e+00
1.287199999999999989e+01,1.675000000000000000e+03,1.800000000000000000e+03,-2.790450765614357120e+00,2.400568859283766621e+00,-1.008638588568128602e+00
1.289100000000000001e+01,1.675000000000000000e+03,1.800000000000000000e+03,-2.781190932486295786e+00,2.409717031940308729e+00,-1.021623229619604833e+00
1.290900000000000070e+01,1.675000000000000000e+03,1.800000000000000000e+03,-2.781190932486295786e+00,2.409717031940308729e+00,-1.021623229619604833e+00
1.292600000000000016e+01,1.675000000000000000e+03,1.800000000000000000e+03,-2.775710092160782683e+00,2.414150671906164725e+00,-1.022430477073898558e+00
1.294200000000000017e+01,1.675000000000000000e+03,1.800000000000000000e+03,-2.775710092160782683e+00,2.414150671906164725e+00,-1.022430477073898558e+00
1.296000000000000085e+01,1.675000000000000000e+03,1.800000000000000000e+03,-2.775710092160782683e+00,2.414150671906164725e+00,-1.022430477073898558e+00
1.297700000000000031e+01,1.675000000000000000e+03,1.800000000000000000e+03,-2.773582625555389036e+00,2.419210606425272747e+00,-1.033664511647210515e+00
1.299399999999999977e+01,1.675000000000000000e+03,1.800000000000000000e+03,-2.766837757334191572e+00,2.421610934783124947e+00,-1.034849751515592331e+00
1.301099999999999923e+01,1.675000000000000000e+03,1.800000000000000000e+03,-2.762610353318955880e+00,2.424478273484733659e+00,-1.036281106657788831e+00
1.302800000000000047e+01,1.675000000000000000e+03,1.800000000000000000e+03,-2.758379224652312445e+00,2.427349364354352002e+00,-1.037687086516875912e+00
1.304499999999999993e+01,1.675000000000000000e+03,1.800000000000000000e+03,-2.758379224652312445e+00,2.427349364354352002e+00,-1.037687086516875912e+00
1.306199999999999939e+01,1.675000000000000000e+03,1.800000000000000000e+03,-2.719677975647486257e+00,2.455124021111055654e+00,-1.086474825848854797e+00
1.307900000000000063e+01,1.675000000000000000e+03,1.800000000000000000e+03,-2.711063945951631027e+00,2.464648885299646430e+00,-1.079572647456351842e+00
1.309600000000000009e+01,1.675000000000000000e+03,1.800000000000000000e+03,-2.711063945951631027e+00,2.464648885299646430e+00,-1.079572647456351842e+00
1.311299999999999955e+01,1.675000000000000000e+03,1.800000000000000000e+03,-2.711063945951631027e+00,2.464648885299646430e+00,-1.079572647456351842e+00
1.313000000000000078e+01,1.675000000000000000e+03,1.800000000000000000e+03,-2.705939601381148307e+00,2.467415585399041600e+00,-1.090247750874301147e+00
1.314799999999999969e+01,1.675000000000000000e+03,1.800000000000000000e+03,-2.692606915921787358e+00,2.477989302048428044e+00,-1.112328680695535921e+00
1.316600000000000037e+01,1.675000000000000000e+03,1.800000000000000000e+03,-2.692606915921787358e+00,2.477989302048428044e+00,-1.112328680695535921e+00
1.318299999999999983e+01,1.675000000000000000e+03,1.800000000000000000e+03,-2.686999149514105678e+00,2.482558291636312919e+00,-1.105097932895992674e+00
1.319899999999999984e+01,1.675000000000000000e+03,1.800000000000000000e+03,-2.683913499807241809e+00,2.487608096013885550e+00,-1.116841287021580920e+00
1.321700000000000053e+01,1.675000000000000000e+03,1.800000000000000000e+03,-2.677541169095770890e+00,2.488297666739566427e+00,-1.117969150291183711e+00
1.323399999999999999e+01,1.675000000000000000e+03,1.800000000000000000e+03,-2.672384513235413372e+00,2.491094436244954746e+00,-1.127726524127905972e+00
1.325099999999999945e+01,1.675000000000000000e+03,1.800000000000000000e+03,-2.672384513235413372e+00,2.491094436244954746e+00,-1.127726524127905972e+00
1.326800000000000068e+01,1.675000000000000000e+03,1.800000000000000000e+03,-2.668437164209266577e+00,2.496004766702272448e+00,-1.131025303276058214e+00
1.328500000000000014e+01,1.675000000000000000e+03,1.800000000000000000e+03,-2.663270214531458180e+00,2.498811109470932212e+00,-1.129918746582233124e+00
1.330199999999999960e+01,1.675000000000000000e+03,1.800000000000000000e+03,-2.656890008286987293e+00,2.499507069015628247e+00,-1.133792983730514514e+00
1.331900000000000084e+01,1.675000000000000000e+03,1.800000000000000000e+03,-2.653767638970961684e+00,2.504592700949849871e+00,-1.142754697800861585e+00
1.333600000000000030e+01,1.675000000000000000e+03,1.800000000000000000e+03,-2.648950785580423073e+00,2.509373230730310489e+00,-1.146467957801705184e+00
1.335399999999999920e+01,1.675000000000000000e+03,1.800000000000000000e+03,-2.648950785580423073e+00,2.509373230730310489e+00,-1.146467957801705184e+00
1.337100000000000044e+01,1.675000000000000000e+03,1.800000000000000000e+03,-2.644486936688230649e+00,2.516132106179323369e+00,-1.148091508406153594e+00
1.338799999999999990e+01,1.675000000000000000e+03,1.800000000000000000e+03,-2.638089509848464687e+00,2.516834502721827960e+00,-1.149254743040741156e+00
1.340600000000000058e+01,1.675000000000000000e+03,1.800000000000000000e+03,-2.633249803533989297e+00,2.521640147064148074e+00,-1.161520687800335461e+00
1.342300000000000004e+01,1.675000000000000000e+03,1.800000000000000000e+03,-2.628892186416229126e+00,2.524637729808738129e+00,-1.173510573815297553e+00
1.343999999999999950e+01,1.675000000000000000e+03,1.800000000000000000e+03,-2.628892186416229126e+00,2.524637729808738129e+00,-1.173510573815297553e+00
1.345700000000000074e+01,1.675000000000000000e+03,1.800000000000000000e+03,-2.623332958785357771e+00,2.525503411636953022e+00,-1.160771598804712701e+00
1.347400000000000020e+01,1.675000000000000000e+03,1.800000000000000000e+03,-2.617629736222055303e+00,2.530168242202787354e+00,-1.176325207947625406e+00
1.349099999999999966e+01,1.675000000000000000e+03,1.800000000000000000e+03,-2.608386348023202572e+00,2.538016848873973164e+00,-1.178545717211804122e+00
1.350900000000000034e+01,1.675000000000000000e+03,1.800000000000000000e+03,-2.608386348023202572e+00,2.538016848873973164e+00,-1.178545717211804122e+00
1.352500000000000036e+01,1.675000000000000000e+03,1.800000000000000000e+03,-2.608386348023202572e+00,2.538016848873973164e+00,-1.178545717211804122e+00
1.354299999999999926e+01,1.675000000000000000e+03,1.800000000000000000e+03,-2.571565027351646826e+00,2.552280803530123876e+00,-1.228049042968484716e+00
1.356000000000000050e+01,1.675000000000000000e+03,1.800000000000000000e+03,-2.565799508021755049e+00,2.557001080348965338e+00,-1.222981560514871502e+00
1.357699999999999996e+01,1.675000000000000000e+03,1.800000000000000000e+03,-2.559372588249602565e+00,2.557727001011175894e+00,-1.224224053410150725e+00
1.359500000000000064e+01,1.675000000000000000e+03,1.800000000000000000e+03,-2.559372588249602565e+00,2.557727001011175894e+00,-1.224224053410150725e+00
1.361299999999999955e+01,1.675000000000000000e+03,1.800000000000000000e+03,-2.555282146284343359e+00,2.562777644054310411e+00,-1.225216966276988950e+00
1.363100000000000023e+01,1.675000000000000000e+03,1.800000000000000000e+03,-2.549494242120000198e+00,2.567519424214933732e+00,-1.232188194146679461e+00
1.364799999999999969e+01,1.675000000000000000e+03,1.800000000000000000e+03,-2.544747026969844228e+00,2.568569627759759388e+00,-1.239576660869806446e+00
1.366499999999999915e+01,1.675000000000000000e+03,1.800000000000000000e+03,-2.539472770963471682e+00,2.571471418852107504e+00,-1.240834442774083390e+00
1.368200000000000038e+01,1.675000000000000000e+03,1.800000000000000000e+03,-2.533878560439878580e+00,2.572364768758812037e+00,-1.253772505229775902e+00
1.369899999999999984e+01,1.675000000000000000e+03,1.800000000000000000e+03,-2.528910791990527152e+00,2.577286634208903582e+00,-1.255374440904268640e+00
1.371599999999999930e+01,1.675000000000000000e+03,1.800000000000000000e+03,-2.522157378983474363e+00,2.576008792160779048e+00,-1.244963081360672907e+00
1.373399999999999999e+01,1.675000000000000000e+03,1.800000000000000000e+03,-2.518021870758669678e+00,2.581098370847635159e+00,-1.263295715876714409e+00
1.375200000000000067e+01,1.675000000000000000e+03,1.800000000000000000e+03,-2.512114756898322199e+00,2.579980379307218019e+00,-1.276714405852827028e+00
1.376900000000000013e+01,1.675000000000000000e+03,1.800000000000000000e+03,-2.506043367365636154e+00,2.588643365222544901e+00,-1.266929081537889301e+00
1.378599999999999959e+01,1.675000000000000000e+03,1.800000000000000000e+03,-2.503032014787585080e+00,2.595950138199538237e+00,-1.261779453896140213e+00
1.380300000000000082e+01,1.675000000000000000e+03,1.800000000000000000e+03,-2.503032014787585080e+00,2.595950138199538237e+00,-1.261779453896140213e+00
1.382099999999999973e+01,1.675000000000000000e+03,1.800000000000000000e+03,-2.488970431176908527e+00,2.595251705689099353e+00,-1.283480924071923379e+00
1.383900000000000041e+01,1.675000000000000000e+03,1.800000000000000000e+03,-2.485931914545226107e+00,2.602577420021328969e+00,-1.278702722085177657e+00
1.385599999999999987e+01,1.675000000000000000e+03,1.800000000000000000e+03,-2.485931914545226107e+00,2.602577420021328969e+00,-1.278702722085177657e+00
1.387299999999999933e+01,1.675000000000000000e+03,1.800000000000000000e+03,-2.477486512473155322e+00,2.600971974874308312e+00,-1.293594021805358540e+00
1.389100000000000001e+01,1.675000000000000000e+03,1.800000000000000000e+03,-2.471870282206139358e+00,2.601883604836414676e+00,-1.300225586191882110e+00
1.390799999999999947e+01,1.675000000000000000e+03,1.800000000000000000e+03,-2.468228447130501824e+00,2.605152049132424263e+00,-1.295833372222164881e+00
1.392600000000000016e+01,1.675000000000000000e+03,1.800000000000000000e+03,-2.468228447130501824e+00,2.605152049132424263e+00,-1.295833372222164881e+00
1.394200000000000017e+01,1.675000000000000000e+03,1.800000000000000000e+03,-2.462324024515527121e+00,2.604030596962515265e+00,-1.302462797538531225e+00
1.395899999999999963e+01,1.675000000000000000e+03,1.800000000000000000e+03,-2.462324024515527121e+00,2.604030596962515265e+00,-1.302462797538531225e+00
1.397600000000000087e+01,1.675000000000000000e+03,1.800000000000000000e+03,-2.455021983672236452e+00,2.604625967393541686e+00,-1.317156571686034949e+00
1.399300000000000033e+01,1.675000000000000000e+03,1.800000000000000000e+03,-2.452493636301946278e+00,2.616063971964134538e+00,-1.307895015489866086e+00
1.400999999999999979e+01,1.675000000000000000e+03,1.800000000000000000e+03,-2.444066804163568918e+00,2.608496991947789390e+00,-1.332707475720461998e+00
1.402699999999999925e+01,1.675000000000000000e+03,1.800000000000000000e+03,-2.440115884434516769e+00,2.615699243340435132e+00,-1.312565131125952744e+00
1.404400000000000048e+01,1.675000000000000000e+03,1.800000000000000000e+03,-2.399823467365358454e+00,2.628007418170266618e+00,-1.376267566375337426e+00
1.406199999999999939e+01,1.675000000000000000e+03,1.800000000000000000e+03,-2.399823467365358454e+00,2.628007418170266618e+00,-1.376267566375337426e+00
1.407900000000000063e+01,1.675000000000000000e+03,1.800000000000000000e+03,-2.393094027172037119e+00,2.626727966960944016e+00,-1.377625914686580577e+00
1.409600000000000009e+01,1.675000000000000000e+03,1.800000000000000000e+03,-2.393094027172037119e+00,2.626727966960944016e+00,-1.377625914686580577e+00
1.411299999999999955e+01,1.675000000000000000e+03,1.800000000000000000e+03,-2.386623223339345401e+00,2.627501286448049367e+00,-1.378984310671848679e+00
1.413100000000000023e+01,1.675000000000000000e+03,1.800000000000000000e+03,-2.381833057119074226e+00,2.628595060623018842e+00,-1.392847135729310182e+00
1.414799999999999969e+01,1.675000000000000000e+03,1.800000000000000000e+03,-2.375016826676091597e+00,2.633318576457465365e+00,-1.394355813021304513e+00
1.416499999999999915e+01,1.675000000000000000e+03,1.800000000000000000e+03,-2.375016826676091597e+00,2.633318576457465365e+00,-1.394355813021304513e+00
1.418299999999999983e+01,1.675000000000000000e+03,1.800000000000000000e+03,-2.369381823301726531e+00,2.634256308141635028e+00,-1.395722856744745943e+00
1.419999999999999929e+01,1.675000000000000000e+03,1.800000000000000000e+03,-2.364586371317249913e+00,2.635354813852104350e+00,-1.409715538914756872e+00
1.421700000000000053e+01,1.675000000000000000e+03,1.800000000000000000e+03,-2.358111528363189713e+00,2.636135419775030631e+00,-1.411090303528023560e+00
1.423399999999999999e+01,1.675000000000000000e+03,1.800000000000000000e+03,-2.351874064084407578e+00,2.638975497360682709e+00,-1.412582798158470210e+00
1.425000000000000000e+01,1.675000000000000000e+03,1.800000000000000000e+03,-2.346236466216776062e+00,2.639918669627888459e+00,-1.426698586112531641e+00
1.426699999999999946e+01,1.675000000000000000e+03,1.800000000000000000e+03,-2.340598740514710840e+00,2.640863054743412874e+00,-1.428080496410117251e+00
1.428400000000000070e+01,1.675000000000000000e+03,1.800000000000000000e+03,-2.340598740514710840e+00,2.640863054743412874e+00,-1.428080496410117251e+00
1.430100000000000016e+01,1.675000000000000000e+03,1.800000000000000000e+03,-2.334731715918072492e+00,2.639749202292045904e+00,-1.442331248329560278e+00
1.431799999999999962e+01,1.675000000000000000e+03,1.800000000000000000e+03,-2.327873500915773608e+00,2.644498857313470896e+00,-1.430937343749081991e+00
1.433500000000000085e+01,1.675000000000000000e+03,1.800000000000000000e+03,-2.315314908917609493e+00,2.642115990536151759e+00,-1.433700741794401212e+00
1.435299999999999976e+01,1.675000000000000000e+03,1.800000000000000000e+03,-2.315314908917609493e+00,2.642115990536151759e+00,-1.433700741794401212e+00
1.436999999999999922e+01,1.675000000000000000e+03,1.800000000000000000e+03,-2.309679931788742646e+00,2.643066229538013623e+00,-1.447951373142604137e+00
1.438700000000000045e+01,1.675000000000000000e+03,1.800000000000000000e+03,-2.309679931788742646e+00,2.643066229538013623e+00,-1.447951373142604137e+00
1.440399999999999991e+01,1.675000000000000000e+03,1.800000000000000000e+03,-2.298835502343496540e+00,2.649095869382103174e+00,-1.462782503942196444e+00
1.442099999999999937e+01,1.675000000000000000e+03,1.800000000000000000e+03,-2.292359077097154252e+00,2.649892216829738967e+00,-1.464175205233919419e+00
1.443800000000000061e+01,1.675000000000000000e+03,1.800000000000000000e+03,-2.285883208366518815e+00,2.650690013979198234e+00,-1.466545393158475319e+00
1.445500000000000007e+01,1.675000000000000000e+03,1.800000000000000000e+03,-2.285883208366518815e+00,2.650690013979198234e+00,-1.466545393158475319e+00
1.447199999999999953e+01,1.675000000000000000e+03,1.800000000000000000e+03,-2.273767665258557891e+00,2.652448038426744592e+00,-1.482419372579083960e+00
1.448799999999999955e+01,1.675000000000000000e+03,1.800000000000000000e+03,-2.273767665258557891e+00,2.652448038426744592e+00,-1.482419372579083960e+00
1.450500000000000078e+01,1.675000000000000000e+03,1.800000000000000000e+03,-2.261456075932348764e+00,2.652145296828846366e+00,-1.484741122512318823e+00
1.452200000000000024e+01,1.675000000000000000e+03,1.800000000000000000e+03,-2.261456075932348764e+00,2.652145296828846366e+00,-1.484741122512318823e+00
1.453899999999999970e+01,1.675000000000000000e+03,1.800000000000000000e+03,-2.256206195535498615e+00,2.657242306569869150e+00,-1.499807443216802705e+00
1.455700000000000038e+01,1.675000000000000000e+03,1.800000000000000000e+03,-2.213676193570151440e+00,2.657336500225237597e+00,-1.537227425794783331e+00
1.457499999999999929e+01,1.675000000000000000e+03,1.800000000000000000e+03,-2.206551452572716343e+00,2.660062935508526127e+00,-1.525822749474890383e+00
1.459200000000000053e+01,1.675000000000000000e+03,1.800000000000000000e+03,-2.199744802592680681e+00,2.656745041960327125e+00,-1.540035146563230040e+00
1.460899999999999999e+01,1.675000000000000000e+03,1.800000000000000000e+03,-2.199744802592680681e+00,2.656745041960327125e+00,-1.540035146563230040e+00
1.462599999999999945e+01,1.675000000000000000e+03,1.800000000000000000e+03,-2.199744802592680681e+00,2.656745041960327125e+00,-1.540035146563230040e+00
1.464499999999999957e+01,1.675000000000000000e+03,1.800000000000000000e+03,-2.199744802592680681e+00,2.656745041960327125e+00,-1.540035146563230040e+00
1.468200000000000038e+01,1.675000000000000000e+03,1.800000000000000000e+03,-2.189140596057478128e+00,2.656783394683289501e+00,-1.556798618039682669e+00
1.471100000000000030e+01,1.675000000000000000e+03,1.800000000000000000e+03,-2.189140596057478128e+00,2.656783394683289501e+00,-1.556798618039682669e+00
1.473000000000000043e+01,1.675000000000000000e+03,1.800000000000000000e+03,-2.189140596057478128e+00,2.656783394683289501e+00,-1.556798618039682669e+00
1.474699999999999989e+01,1.675000000000000000e+03,1.800000000000000000e+03,-2.182841432777391510e+00,2.659669200642168718e+00,-1.558115611922392896e+00
1.476500000000000057e+01,1.675000000000000000e+03,1.800000000000000000e+03,-2.182841432777391510e+00,2.659669200642168718e+00,-1.558115611922392896e+00
1.478200000000000003e+01,1.675000000000000000e+03,1.800000000000000000e+03,-2.170587658553695842e+00,2.659402018922426780e+00,-1.560922164123085265e+00
1.479899999999999949e+01,1.675000000000000000e+03,1.800000000000000000e+03,-2.170587658553695842e+00,2.659402018922426780e+00,-1.560922164123085265e+00
1.481700000000000017e+01,1.675000000000000000e+03,1.800000000000000000e+03,-2.158344648122916709e+00,2.659140136803560317e+00,-1.577743123930674285e+00
1.483399999999999963e+01,1.675000000000000000e+03,1.800000000000000000e+03,-2.158344648122916709e+00,2.659140136803560317e+00,-1.577743123930674285e+00
1.485100000000000087e+01,1.675000000000000000e+03,1.800000000000000000e+03,-2.146401857421643466e+00,2.663015798453505667e+00,-1.594636856127255919e+00
1.486800000000000033e+01,1.675000000000000000e+03,1.800000000000000000e+03,-2.146401857421643466e+00,2.663015798453505667e+00,-1.594636856127255919e+00
1.488499999999999979e+01,1.675000000000000000e+03,1.800000000000000000e+03,-2.140767848502114212e+00,2.663999970550637642e+00,-1.610194167746057614e+00
1.490199999999999925e+01,1.675000000000000000e+03,1.800000000000000000e+03,-2.134993596047908060e+00,2.662917103661785134e+00,-1.582535264435305233e+00
1.491900000000000048e+01,1.675000000000000000e+03,1.800000000000000000e+03,-2.134993596047908060e+00,2.662917103661785134e+00,-1.582535264435305233e+00
1.493599999999999994e+01,1.675000000000000000e+03,1.800000000000000000e+03,-2.115362758987727965e+00,2.661283093309924297e+00,-1.612701182464151284e+00
1.495299999999999940e+01,1.675000000000000000e+03,1.800000000000000000e+03,-2.115362758987727965e+00,2.661283093309924297e+00,-1.612701182464151284e+00
1.497100000000000009e+01,1.675000000000000000e+03,1.800000000000000000e+03,nan,nan,nan
1.498799999999999955e+01,1.675000000000000000e+03,1.800000000000000000e+03,nan,nan,nan
1.500500000000000078e+01,1.675000000000000000e+03,1.800000000000000000e+03,-2.096834927428470330e+00,2.663946350855083356e+00,-1.633988195619106687e+00
1.502200000000000024e+01,1.675000000000000000e+03,1.800000000000000000e+03,-2.096834927428470330e+00,2.663946350855083356e+00,-1.633988195619106687e+00
1.503999999999999915e+01,1.675000000000000000e+03,1.800000000000000000e+03,nan,nan,nan
1.505799999999999983e+01,1.675000000000000000e+03,1.800000000000000000e+03,-2.042718786963237054e+00,2.651853266926231800e+00,-1.684304724592147195e+00
1.507499999999999929e+01,1.675000000000000000e+03,1.800000000000000000e+03,-2.042718786963237054e+00,2.651853266926231800e+00,-1.684304724592147195e+00
1.509200000000000053e+01,1.675000000000000000e+03,1.800000000000000000e+03,-2.016218252308298098e+00,2.655102190336686707e+00,-1.694709854962197060e+00
1.510899999999999999e+01,1.675000000000000000e+03,1.800000000000000000e+03,-2.010526392462434586e+00,2.654052482916130717e+00,-1.710361280724407296e+00
1.512700000000000067e+01,1.675000000000000000e+03,1.800000000000000000e+03,-2.004026882923917174e+00,2.652855136132668878e+00,-1.711724464023030245e+00
1.514400000000000013e+01,1.675000000000000000e+03,1.800000000000000000e+03,-2.004026882923917174e+00,2.652855136132668878e+00,-1.711724464023030245e+00
1.516099999999999959e+01,1.675000000000000000e+03,1.800000000000000000e+03,-1.998422928785873243e+00,2.653860108526093331e+00,-1.713086564244822751e+00
1.517800000000000082e+01,1.675000000000000000e+03,1.800000000000000000e+03,-1.998422928785873243e+00,2.653860108526093331e+00,-1.713086564244822751e+00
1.519500000000000028e+01,1.675000000000000000e+03,1.800000000000000000e+03,-1.991931404129055450e+00,2.652665959981069577e+00,-1.714447583159950605e+00
1.521199999999999974e+01,1.675000000000000000e+03,1.800000000000000000e+03,-1.986256070819258479e+00,2.651623101134989113e+00,-1.730084109165266115e+00
1.522899999999999920e+01,1.675000000000000000e+03,1.800000000000000000e+03,-1.979775388440719874e+00,2.650433567833029525e+00,-1.731436658715046706e+00
1.524600000000000044e+01,1.675000000000000000e+03,1.800000000000000000e+03,-1.973300462079378814e+00,2.649246489013701300e+00,-1.732788070728116470e+00
1.526299999999999990e+01,1.675000000000000000e+03,1.800000000000000000e+03,-1.967704221413105525e+00,2.650255601903147351e+00,-1.734138347246098499e+00
1.527999999999999936e+01,1.675000000000000000e+03,1.800000000000000000e+03,-1.961237146917523155e+00,2.649071711551768793e+00,-1.735487490353437412e+00
1.529800000000000004e+01,1.675000000000000000e+03,1.800000000000000000e+03,-1.954834670846264277e+00,2.649935158283620584e+00,-1.751087747035310560e+00
1.531400000000000006e+01,1.675000000000000000e+03,1.800000000000000000e+03,-1.948376110760470903e+00,2.648754765555877189e+00,-1.752427371452900395e+00
1.533099999999999952e+01,1.675000000000000000e+03,1.800000000000000000e+03,-1.948376110760470903e+00,2.648754765555877189e+00,-1.752427371452900395e+00
1.534800000000000075e+01,1.675000000000000000e+03,1.800000000000000000e+03,-1.942569215681447581e+00,2.641602736373565463e+00,-1.761812185267843445e+00
1.536500000000000021e+01,1.675000000000000000e+03,1.800000000000000000e+03,-1.937087279219954494e+00,2.646694958853612611e+00,-1.769333580452101096e+00
1.538199999999999967e+01,1.675000000000000000e+03,1.800000000000000000e+03,-1.930596185176310264e+00,2.643481586370084901e+00,-1.778394687063115764e+00
1.539899999999999913e+01,1.675000000000000000e+03,1.800000000000000000e+03,-1.924161684149633622e+00,2.642311716381622766e+00,-1.779716571324331031e+00
1.541600000000000037e+01,1.675000000000000000e+03,1.800000000000000000e+03,-1.917732786673433498e+00,2.641144273382910246e+00,-1.781037191639525785e+00
1.543299999999999983e+01,1.675000000000000000e+03,1.800000000000000000e+03,-1.912112083797442796e+00,2.640124749414113126e+00,-1.797088793014778085e+00
1.545100000000000051e+01,1.675000000000000000e+03,1.800000000000000000e+03,-1.912112083797442796e+00,2.640124749414113126e+00,-1.797088793014778085e+00
1.546799999999999997e+01,1.675000000000000000e+03,1.800000000000000000e+03,-1.900918347114357809e+00,2.640124652019729456e+00,-1.799704483594749549e+00
1.548600000000000065e+01,1.675000000000000000e+03,1.800000000000000000e+03,-1.900918347114357809e+00,2.640124652019729456e+00,-1.799704483594749549e+00
1.550300000000000011e+01,1.675000000000000000e+03,1.800000000000000000e+03,-1.894506767337438058e+00,2.638964636211270420e+00,-1.801010363389190072e+00
1.551999999999999957e+01,1.675000000000000000e+03,1.800000000000000000e+03,-1.888901167511734425e+00,2.637951608261217995e+00,-1.816987486296915311e+00
1.553700000000000081e+01,1.675000000000000000e+03,1.800000000000000000e+03,-1.858511789147415882e+00,2.628437354922509517e+00,-1.853047262355739910e+00
1.555400000000000027e+01,1.675000000000000000e+03,1.800000000000000000e+03,-1.852142096263727167e+00,2.627295971992176238e+00,-1.854309472249377588e+00
1.557199999999999918e+01,1.675000000000000000e+03,1.800000000000000000e+03,-1.846573041949862937e+00,2.626299231730362393e+00,-1.855570244051859774e+00
1.558799999999999919e+01,1.675000000000000000e+03,1.800000000000000000e+03,-1.840221507092546949e+00,2.627181287073153459e+00,-1.856829581595568435e+00
1.560599999999999987e+01,1.675000000000000000e+03,1.800000000000000000e+03,-1.840221507092546949e+00,2.627181287073153459e+00,-1.856829581595568435e+00
1.562299999999999933e+01,1.675000000000000000e+03,1.800000000000000000e+03,-1.827512803438371636e+00,2.624912136801655915e+00,-1.873815102999152993e+00
1.564000000000000057e+01,1.675000000000000000e+03,1.800000000000000000e+03,-1.821959435316083287e+00,2.621907186697017611e+00,-1.875057438702570467e+00
1.565700000000000003e+01,1.675000000000000000e+03,1.800000000000000000e+03,-1.821959435316083287e+00,2.621907186697017611e+00,-1.875057438702570467e+00
1.567399999999999949e+01,1.675000000000000000e+03,1.800000000000000000e+03,-1.816410182686803765e+00,2.622934522010533787e+00,-1.876298309618603000e+00
1.569200000000000017e+01,1.675000000000000000e+03,1.800000000000000000e+03,-1.810083504595796144e+00,2.617783962834761891e+00,-1.888527017430562394e+00
1.570899999999999963e+01,1.675000000000000000e+03,1.800000000000000000e+03,-1.803757274598782434e+00,2.616662153085174580e+00,-1.889754614737714888e+00
1.572499999999999964e+01,1.675000000000000000e+03,1.800000000000000000e+03,-1.803757274598782434e+00,2.616662153085174580e+00,-1.889754614737714888e+00
1.574300000000000033e+01,1.675000000000000000e+03,1.800000000000000000e+03,-1.798236510111552722e+00,2.613675773002185121e+00,-1.894868978795190673e+00
1.575999999999999979e+01,1.675000000000000000e+03,1.800000000000000000e+03,-1.791922880834206921e+00,2.612559715732288623e+00,-1.896089853592866525e+00
1.577699999999999925e+01,1.675000000000000000e+03,1.800000000000000000e+03,-1.786402734382812385e+00,2.611585128302259751e+00,-1.897309241752207054e+00
1.579400000000000048e+01,1.675000000000000000e+03,1.800000000000000000e+03,-1.773842252354263183e+00,2.605366043886907956e+00,-1.914523880578330672e+00
1.581199999999999939e+01,1.675000000000000000e+03,1.800000000000000000e+03,-1.773842252354263183e+00,2.605366043886907956e+00,-1.914523880578330672e+00
1.582900000000000063e+01,1.675000000000000000e+03,1.800000000000000000e+03,-1.767554222695935762e+00,2.604261738780308644e+00,-1.915723945863138100e+00
1.584699999999999953e+01,1.675000000000000000e+03,1.800000000000000000e+03,-1.762056411462947114e+00,2.603297430644202048e+00,-1.931105567793007349e+00
1.586400000000000077e+01,1.675000000000000000e+03,1.800000000000000000e+03,-1.756648016758016295e+00,2.596361243885262127e+00,-1.932826771269798627e+00
1.588100000000000023e+01,1.675000000000000000e+03,1.800000000000000000e+03,-1.749536288776869064e+00,2.599108491340003546e+00,-1.945912565019421780e+00
1.589799999999999969e+01,1.675000000000000000e+03,1.800000000000000000e+03,-1.744087650122031929e+00,2.596162459937847888e+00,-1.949268781594541089e+00
1.591499999999999915e+01,1.675000000000000000e+03,1.800000000000000000e+03,-1.733177519360718621e+00,2.592270723778281827e+00,-1.936950219279886642e+00
1.593299999999999983e+01,1.675000000000000000e+03,1.800000000000000000e+03,-1.733177519360718621e+00,2.592270723778281827e+00,-1.936950219279886642e+00
1.594999999999999929e+01,1.675000000000000000e+03,1.800000000000000000e+03,-1.733177519360718621e+00,2.592270723778281827e+00,-1.936950219279886642e+00
1.596700000000000053e+01,1.675000000000000000e+03,1.800000000000000000e+03,-1.727054584493539213e+00,2.585245327185334396e+00,-1.953303222633428593e+00
1.598399999999999999e+01,1.675000000000000000e+03,1.800000000000000000e+03,-1.721468829008170998e+00,2.590238034403320899e+00,-1.939298111764003130e+00
1.600199999999999889e+01,1.675000000000000000e+03,1.800000000000000000e+03,-1.721468829008170998e+00,2.590238034403320899e+00,-1.939298111764003130e+00
1.601899999999999835e+01,1.675000000000000000e+03,1.800000000000000000e+03,-1.716102877117152259e+00,2.585334516294223839e+00,-1.955037047056111588e+00
1.603600000000000136e+01,1.675000000000000000e+03,1.800000000000000000e+03,-1.709146060115124932e+00,2.582149068903368594e+00,-1.956191008277102572e+00
1.605399999999999849e+01,1.675000000000000000e+03,1.800000000000000000e+03,-1.681440886168942050e+00,2.569481571936350406e+00,-2.003873755144959024e+00
1.607100000000000151e+01,1.675000000000000000e+03,1.800000000000000000e+03,-1.681440886168942050e+00,2.569481571936350406e+00,-2.003873755144959024e+00
1.608899999999999864e+01,1.675000000000000000e+03,1.800000000000000000e+03,-1.669072154093759419e+00,2.567369976155561062e+00,-2.006061672148217845e+00
1.610600000000000165e+01,1.675000000000000000e+03,1.800000000000000000e+03,-1.662963760125803159e+00,2.564360428247752566e+00,-2.007711204207754729e+00
1.612300000000000111e+01,1.675000000000000000e+03,1.800000000000000000e+03,-1.662963760125803159e+00,2.564360428247752566e+00,-2.007711204207754729e+00
1.614000000000000057e+01,1.675000000000000000e+03,1.800000000000000000e+03,-1.658477307599466988e+00,2.559666008390403036e+00,-2.022916260531481214e+00
1.615700000000000003e+01,1.675000000000000000e+03,1.800000000000000000e+03,-1.641011778628915785e+00,2.550830361579274896e+00,-2.040656729057011898e+00
1.617399999999999949e+01,1.675000000000000000e+03,1.800000000000000000e+03,-1.634105315130379710e+00,2.549666759825928164e+00,-2.041702779425053293e+00
1.619099999999999895e+01,1.675000000000000000e+03,1.800000000000000000e+03,-1.634105315130379710e+00,2.549666759825928164e+00,-2.041702779425053293e+00
1.620899999999999963e+01,1.675000000000000000e+03,1.800000000000000000e+03,-1.629587106179315681e+00,2.546952032295672463e+00,-2.042747244516899929e+00
1.622599999999999909e+01,1.675000000000000000e+03,1.800000000000000000e+03,-1.617423712092483479e+00,2.542959900555417541e+00,-2.060255830408749933e+00
1.624299999999999855e+01,1.675000000000000000e+03,1.800000000000000000e+03,-1.617423712092483479e+00,2.542959900555417541e+00,-2.060255830408749933e+00
1.626000000000000156e+01,1.675000000000000000e+03,1.800000000000000000e+03,-1.612926015067340124e+00,2.540258214698666084e+00,-2.073830379116858413e+00
1.627700000000000102e+01,1.675000000000000000e+03,1.800000000000000000e+03,-1.606145177424707082e+00,2.537179472402910640e+00,-2.091052527306659137e+00
1.629400000000000048e+01,1.675000000000000000e+03,1.800000000000000000e+03,-1.606145177424707082e+00,2.537179472402910640e+00,-2.091052527306659137e+00
1.631099999999999994e+01,1.675000000000000000e+03,1.800000000000000000e+03,-1.606145177424707082e+00,2.537179472402910640e+00,-2.091052527306659137e+00
1.632799999999999940e+01,1.675000000000000000e+03,1.800000000000000000e+03,-1.600995014550207429e+00,2.532434564153152934e+00,-2.078054836872327282e+00
1.634499999999999886e+01,1.675000000000000000e+03,1.800000000000000000e+03,-1.594238125287489094e+00,2.529372132025657027e+00,-2.095931836893024425e+00
1.636299999999999955e+01,1.675000000000000000e+03,1.800000000000000000e+03,-1.590533286364928189e+00,2.526820045492537137e+00,-2.108441510773477301e+00
1.637999999999999901e+01,1.675000000000000000e+03,1.800000000000000000e+03,-1.577618507986291885e+00,2.524685525863037849e+00,-2.082171995471767012e+00
1.639799999999999969e+01,1.675000000000000000e+03,1.800000000000000000e+03,-1.573384139600900733e+00,2.518189360680738620e+00,-2.125570247603912222e+00
1.641499999999999915e+01,1.675000000000000000e+03,1.800000000000000000e+03,-1.568190192369588676e+00,2.515407086426238781e+00,-2.112430628034125402e+00
1.643199999999999861e+01,1.675000000000000000e+03,1.800000000000000000e+03,-1.561380797876303239e+00,2.514290501092420804e+00,-2.099645115800407247e+00
1.644900000000000162e+01,1.675000000000000000e+03,1.800000000000000000e+03,-1.561380797876303239e+00,2.514290501092420804e+00,-2.099645115800407247e+00
1.646600000000000108e+01,1.675000000000000000e+03,1.800000000000000000e+03,-1.551145969541491754e+00,2.506846225286288199e+00,-2.115923659824216596e+00
1.648300000000000054e+01,1.675000000000000000e+03,1.800000000000000000e+03,-1.545867017363464768e+00,2.505986238261954213e+00,-2.130396104663866197e+00
1.649899999999999878e+01,1.675000000000000000e+03,1.800000000000000000e+03,-1.545867017363464768e+00,2.505986238261954213e+00,-2.130396104663866197e+00
1.651699999999999946e+01,1.675000000000000000e+03,1.800000000000000000e+03,-1.540830741113774272e+00,2.501331133202737256e+00,-2.145364606495441695e+00
1.653300000000000125e+01,1.675000000000000000e+03,1.800000000000000000e+03,-1.511432227264097872e+00,2.487034808479551273e+00,-2.168612681666726161e+00
1.655099999999999838e+01,1.675000000000000000e+03,1.800000000000000000e+03,-1.508221979081147746e+00,2.478916669203861112e+00,-2.196902070297352960e+00
1.656800000000000139e+01,1.675000000000000000e+03,1.800000000000000000e+03,-1.502248317527378862e+00,2.477962634909162798e+00,-2.184452931044084334e+00
1.658500000000000085e+01,1.675000000000000000e+03,1.800000000000000000e+03,-1.495532913013689402e+00,2.476892244282356881e+00,-2.185285059289772569e+00
1.660200000000000031e+01,1.675000000000000000e+03,1.800000000000000000e+03,-1.492222442587497255e+00,2.470685535370711339e+00,-2.213100035496839979e+00
1.661899999999999977e+01,1.675000000000000000e+03,1.800000000000000000e+03,-1.486409208468523868e+00,2.467874145723031098e+00,-2.187230155366336248e+00
1.663599999999999923e+01,1.675000000000000000e+03,1.800000000000000000e+03,-1.482090955936101961e+00,2.465303532735907410e+00,-2.196060533879783616e+00
1.665399999999999991e+01,1.675000000000000000e+03,1.800000000000000000e+03,-1.475551660891869066e+00,2.462386197164425639e+00,-2.215777642487561483e+00
1.667099999999999937e+01,1.675000000000000000e+03,1.800000000000000000e+03,-1.475551660891869066e+00,2.462386197164425639e+00,-2.215777642487561483e+00
1.668799999999999883e+01,1.675000000000000000e+03,1.800000000000000000e+03,-1.461629922184219721e+00,2.448931090392237220e+00,-2.213215392103275114e+00
1.670499999999999829e+01,1.675000000000000000e+03,1.800000000000000000e+03,-1.461629922184219721e+00,2.448931090392237220e+00,-2.213215392103275114e+00
1.672200000000000131e+01,1.675000000000000000e+03,1.800000000000000000e+03,-1.454980454129043421e+00,2.447892813625864861e+00,-2.239599766093349764e+00
1.673999999999999844e+01,1.675000000000000000e+03,1.800000000000000000e+03,-1.450706016126697140e+00,2.445355901059033332e+00,-2.246405181411319951e+00
1.675700000000000145e+01,1.675000000000000000e+03,1.800000000000000000e+03,-1.443647535735666398e+00,2.440523516890887201e+00,-2.254798756976528207e+00
1.677400000000000091e+01,1.675000000000000000e+03,1.800000000000000000e+03,-1.443647535735666398e+00,2.440523516890887201e+00,-2.254798756976528207e+00
1.679100000000000037e+01,1.675000000000000000e+03,1.800000000000000000e+03,-1.439388936737108438e+00,2.437998937811753475e+00,-2.255515454575032663e+00
1.680900000000000105e+01,1.675000000000000000e+03,1.800000000000000000e+03,-1.435871377444061459e+00,2.435592260416174604e+00,-2.248948745130680660e+00
1.682600000000000051e+01,1.675000000000000000e+03,1.800000000000000000e+03,-1.428520641231589616e+00,2.434458206576491257e+00,-2.237169643640575689e+00
1.684299999999999997e+01,1.675000000000000000e+03,1.800000000000000000e+03,-1.423878085598562215e+00,2.428168924537063678e+00,-2.263430451144095468e+00
1.685999999999999943e+01,1.675000000000000000e+03,1.800000000000000000e+03,-1.419646468925288119e+00,2.425665201463007570e+00,-2.264132486372293140e+00
1.687699999999999889e+01,1.675000000000000000e+03,1.800000000000000000e+03,-1.419646468925288119e+00,2.425665201463007570e+00,-2.264132486372293140e+00
1.689600000000000080e+01,1.675000000000000000e+03,1.800000000000000000e+03,-1.413224347500552147e+00,2.422830135435883658e+00,-2.272859746214142884e+00
1.691300000000000026e+01,1.675000000000000000e+03,1.800000000000000000e+03,-1.409908965229381472e+00,2.418625034368176774e+00,-2.278332984050111421e+00
1.692999999999999972e+01,1.675000000000000000e+03,1.800000000000000000e+03,-1.403680276772907742e+00,2.413985679485915359e+00,-2.287422057522343177e+00
1.694699999999999918e+01,1.675000000000000000e+03,1.800000000000000000e+03,-1.399653155032043461e+00,2.409690636392372909e+00,-2.313141829686605089e+00
1.696399999999999864e+01,1.675000000000000000e+03,1.800000000000000000e+03,-1.399653155032043461e+00,2.409690636392372909e+00,-2.313141829686605089e+00
1.698100000000000165e+01,1.675000000000000000e+03,1.800000000000000000e+03,-1.394001028785748719e+00,2.406996526139247194e+00,-2.301708338399944598e+00
1.699800000000000111e+01,1.675000000000000000e+03,1.800000000000000000e+03,-1.382903787301133836e+00,2.399819740799979062e+00,-2.303387982968618797e+00
1.701599999999999824e+01,1.675000000000000000e+03,1.800000000000000000e+03,-1.382903787301133836e+00,2.399819740799979062e+00,-2.303387982968618797e+00
1.703300000000000125e+01,1.675000000000000000e+03,1.800000000000000000e+03,-1.378730110550893784e+00,2.397362547844934522e+00,-2.291826109326036587e+00
1.705000000000000071e+01,1.675000000000000000e+03,1.800000000000000000e+03,-1.356736151549515768e+00,2.375879305498166172e+00,-2.344213115865371400e+00
1.706700000000000017e+01,1.675000000000000000e+03,1.800000000000000000e+03,-1.356736151549515768e+00,2.375879305498166172e+00,-2.344213115865371400e+00
1.708399999999999963e+01,1.675000000000000000e+03,1.800000000000000000e+03,-1.348088220579900742e+00,2.374605127763929513e+00,-2.321538267257631905e+00
1.710099999999999909e+01,1.675000000000000000e+03,1.800000000000000000e+03,-1.345991718940206860e+00,2.367064244106626081e+00,-2.346062893924460546e+00
1.711899999999999977e+01,1.675000000000000000e+03,1.800000000000000000e+03,-1.339003505289178886e+00,2.364237681433799754e+00,-2.345170331837254096e+00
1.713700000000000045e+01,1.675000000000000000e+03,1.800000000000000000e+03,-1.339003505289178886e+00,2.364237681433799754e+00,-2.345170331837254096e+00
1.715399999999999991e+01,1.675000000000000000e+03,1.800000000000000000e+03,-1.325362525873517994e+00,2.349677977794862649e+00,-2.405835619030663786e+00
1.717099999999999937e+01,1.675000000000000000e+03,1.800000000000000000e+03,-1.325362525873517994e+00,2.349677977794862649e+00,-2.405835619030663786e+00
1.718799999999999883e+01,1.675000000000000000e+03,1.800000000000000000e+03,-1.325362525873517994e+00,2.349677977794862649e+00,-2.405835619030663786e+00
1.720599999999999952e+01,1.675000000000000000e+03,1.800000000000000000e+03,-1.325362525873517994e+00,2.349677977794862649e+00,-2.405835619030663786e+00
1.722299999999999898e+01,1.675000000000000000e+03,1.800000000000000000e+03,-1.315979273551484807e+00,2.342961236971131900e+00,-2.406847306357672078e+00
1.723999999999999844e+01,1.675000000000000000e+03,1.800000000000000000e+03,-1.311195584455670637e+00,2.340490207187838401e+00,-2.373661849974461280e+00
1.725799999999999912e+01,1.675000000000000000e+03,1.800000000000000000e+03,-1.307340504465165365e+00,2.336375325646805834e+00,-2.397325360157682272e+00
1.727499999999999858e+01,1.675000000000000000e+03,1.800000000000000000e+03,-1.307340504465165365e+00,2.336375325646805834e+00,-2.397325360157682272e+00
1.729200000000000159e+01,1.675000000000000000e+03,1.800000000000000000e+03,-1.301572835767985881e+00,2.330220991706352773e+00,-2.398395680312075839e+00
1.730900000000000105e+01,1.675000000000000000e+03,1.800000000000000000e+03,-1.291784161813999132e+00,2.321747870622721699e+00,-2.411420538146756165e+00
1.732600000000000051e+01,1.675000000000000000e+03,1.800000000000000000e+03,-1.291784161813999132e+00,2.321747870622721699e+00,-2.411420538146756165e+00
1.734299999999999997e+01,1.675000000000000000e+03,1.800000000000000000e+03,-1.291784161813999132e+00,2.321747870622721699e+00,-2.411420538146756165e+00
1.735999999999999943e+01,1.675000000000000000e+03,1.800000000000000000e+03,-1.275153400222146072e+00,2.305324725833629795e+00,-2.502379186955408397e+00
1.737699999999999889e+01,1.675000000000000000e+03,1.800000000000000000e+03,-1.270665174556867116e+00,2.301194465342135231e+00,-2.468882129771401424e+00
1.739399999999999835e+01,1.675000000000000000e+03,1.800000000000000000e+03,-1.266186393874362270e+00,2.297074392246533758e+00,-2.513522114810736063e+00
1.741100000000000136e+01,1.675000000000000000e+03,1.800000000000000000e+03,-1.261717017184791345e+00,2.292964472509226859e+00,-2.494429350232352238e+00
1.742800000000000082e+01,1.675000000000000000e+03,1.800000000000000000e+03,-1.261717017184791345e+00,2.292964472509226859e+00,-2.494429350232352238e+00
1.744500000000000028e+01,1.675000000000000000e+03,1.800000000000000000e+03,-1.261717017184791345e+00,2.292964472509226859e+00,-2.494429350232352238e+00
1.746300000000000097e+01,1.675000000000000000e+03,1.800000000000000000e+03,-1.246965410641222238e+00,2.280503898728357459e+00,-2.482515665590404375e+00
1.747899999999999920e+01,1.675000000000000000e+03,1.800000000000000000e+03,-1.246965410641222238e+00,2.280503898728357459e+00,-2.482515665590404375e+00
1.749800000000000111e+01,1.675000000000000000e+03,1.800000000000000000e+03,-1.244631673014894968e+00,2.276720965848248568e+00,-2.516789677493078692e+00
1.751500000000000057e+01,1.675000000000000000e+03,1.800000000000000000e+03,-1.244631673014894968e+00,2.276720965848248568e+00,-2.516789677493078692e+00
1.753200000000000003e+01,1.675000000000000000e+03,1.800000000000000000e+03,-1.221454763116280429e+00,2.254652499498078111e+00,-2.529519973687841539e+00
1.754899999999999949e+01,1.675000000000000000e+03,1.800000000000000000e+03,-1.221454763116280429e+00,2.254652499498078111e+00,-2.529519973687841539e+00
1.756599999999999895e+01,1.675000000000000000e+03,1.800000000000000000e+03,-1.216627967901708685e+00,2.248877383022104048e+00,-2.530436113487538830e+00
1.758299999999999841e+01,1.675000000000000000e+03,1.800000000000000000e+03,-1.215033475082093473e+00,2.245252623692785665e+00,-2.564823787546158584e+00
1.760000000000000142e+01,1.675000000000000000e+03,1.800000000000000000e+03,-1.209088955428623935e+00,2.237657802789795536e+00,-2.556427007133831086e+00
1.761899999999999977e+01,1.675000000000000000e+03,1.800000000000000000e+03,-1.201788346188707335e+00,2.229914066225735514e+00,-2.575691095922539642e+00
1.763599999999999923e+01,1.675000000000000000e+03,1.800000000000000000e+03,-1.201788346188707335e+00,2.229914066225735514e+00,-2.575691095922539642e+00
1.765299999999999869e+01,1.675000000000000000e+03,1.800000000000000000e+03,-1.197019867417681960e+00,2.224219365833326467e+00,-2.567425325853592177e+00
1.767000000000000171e+01,1.675000000000000000e+03,1.800000000000000000e+03,-1.197019867417681960e+00,2.224219365833326467e+00,-2.567425325853592177e+00
1.768700000000000117e+01,1.675000000000000000e+03,1.800000000000000000e+03,-1.193579410811309582e+00,2.223769659854436309e+00,-2.585383588870650229e+00
1.770400000000000063e+01,1.675000000000000000e+03,1.800000000000000000e+03,-1.188394488778478308e+00,2.216357779606124456e+00,-2.577396267218901915e+00
1.772100000000000009e+01,1.675000000000000000e+03,1.800000000000000000e+03,-1.184094800020169647e+00,2.212441276125765022e+00,-2.578203686246545168e+00
1.773799999999999955e+01,1.675000000000000000e+03,1.800000000000000000e+03,-1.184094800020169647e+00,2.212441276125765022e+00,-2.578203686246545168e+00
1.775600000000000023e+01,1.675000000000000000e+03,1.800000000000000000e+03,-1.180488663455481646e+00,2.208622587760198375e+00,-2.595672050655528196e+00
1.777299999999999969e+01,1.675000000000000000e+03,1.800000000000000000e+03,-1.173125858283095679e+00,2.197654623498026094e+00,-2.597202301415977743e+00
1.778999999999999915e+01,1.675000000000000000e+03,1.800000000000000000e+03,-1.173125858283095679e+00,2.197654623498026094e+00,-2.597202301415977743e+00
1.780799999999999983e+01,1.675000000000000000e+03,1.800000000000000000e+03,-1.168179646987300258e+00,2.193694462477037366e+00,-2.622619702024595600e+00
1.782499999999999929e+01,1.675000000000000000e+03,1.800000000000000000e+03,-1.165803408036746980e+00,2.186753037274602907e+00,-2.631559336493686452e+00
1.784199999999999875e+01,1.675000000000000000e+03,1.800000000000000000e+03,-1.160618531861644875e+00,2.184439999242645314e+00,-2.590227129574444564e+00
1.785999999999999943e+01,1.675000000000000000e+03,1.800000000000000000e+03,-1.160618531861644875e+00,2.184439999242645314e+00,-2.590227129574444564e+00
1.787699999999999889e+01,1.675000000000000000e+03,1.800000000000000000e+03,-1.157321266574903307e+00,2.179064929719344512e+00,-2.632277408769877702e+00
1.789499999999999957e+01,1.675000000000000000e+03,1.800000000000000000e+03,-1.154032871495426216e+00,2.173705730105548461e+00,-2.632958139120931573e+00
1.791199999999999903e+01,1.675000000000000000e+03,1.800000000000000000e+03,-1.149399093901579905e+00,2.168193078241330785e+00,-2.625421374059213164e+00
1.792999999999999972e+01,1.675000000000000000e+03,1.800000000000000000e+03,-1.149399093901579905e+00,2.168193078241330785e+00,-2.625421374059213164e+00
1.794699999999999918e+01,1.675000000000000000e+03,1.800000000000000000e+03,-1.142340030032100273e+00,2.160758582480470924e+00,-2.642318816688214334e+00
1.796399999999999864e+01,1.675000000000000000e+03,1.800000000000000000e+03,-1.142340030032100273e+00,2.160758582480470924e+00,-2.642318816688214334e+00
1.798100000000000165e+01,1.675000000000000000e+03,1.800000000000000000e+03,-1.138678715535834218e+00,2.153773120313167144e+00,-2.658395945200494381e+00
1.799800000000000111e+01,1.675000000000000000e+03,1.800000000000000000e+03,-1.134762833670443394e+00,2.148406472444207793e+00,-2.668762829872122211e+00
1.801500000000000057e+01,1.675000000000000000e+03,1.800000000000000000e+03,-1.134762833670443394e+00,2.148406472444207793e+00,-2.668762829872122211e+00
1.803200000000000003e+01,1.675000000000000000e+03,1.800000000000000000e+03,-1.131933954081738136e+00,2.144810334817789599e+00,-2.684453291258535046e+00
1.804899999999999949e+01,1.675000000000000000e+03,1.800000000000000000e+03,-1.127634119163578807e+00,2.137804114367741093e+00,-2.677567589298558648e+00
1.806599999999999895e+01,1.675000000000000000e+03,1.800000000000000000e+03,-1.104981217280919470e+00,2.110977449926813243e+00,-2.687208101560531581e+00
1.808299999999999841e+01,1.675000000000000000e+03,1.800000000000000000e+03,-1.101152680810335127e+00,2.105741796804452726e+00,-2.680400161841533180e+00
1.810099999999999909e+01,1.675000000000000000e+03,1.800000000000000000e+03,-1.097890957632392306e+00,2.097415293578801077e+00,-2.721264034595300529e+00
1.811899999999999977e+01,1.675000000000000000e+03,1.800000000000000000e+03,-1.091052275441065866e+00,2.090284276657814910e+00,-2.728536228668497987e+00
1.813599999999999923e+01,1.675000000000000000e+03,1.800000000000000000e+03,-1.087923435439745790e+00,2.085187541943795075e+00,-2.754921427812969004e+00
1.815299999999999869e+01,1.675000000000000000e+03,1.800000000000000000e+03,-1.087923435439745790e+00,2.085187541943795075e+00,-2.754921427812969004e+00
1.817000000000000171e+01,1.675000000000000000e+03,1.800000000000000000e+03,-1.082821621137085355e+00,2.079875788583329665e+00,-2.755309434779892541e+00
1.819099999999999895e+01,1.675000000000000000e+03,1.800000000000000000e+03,-1.082821621137085355e+00,2.079875788583329665e+00,-2.755309434779892541e+00
1.820799999999999841e+01,1.675000000000000000e+03,1.800000000000000000e+03,-1.082821621137085355e+00,2.079875788583329665e+00,-2.755309434779892541e+00
1.822500000000000142e+01,1.675000000000000000e+03,1.800000000000000000e+03,-1.082821621137085355e+00,2.079875788583329665e+00,-2.755309434779892541e+00
1.824200000000000088e+01,1.675000000000000000e+03,1.800000000000000000e+03,-1.081030462120178726e+00,2.074961787511501843e+00,-2.755755594477430126e+00
1.826000000000000156e+01,1.675000000000000000e+03,1.800000000000000000e+03,-1.081030462120178726e+00,2.074961787511501843e+00,-2.755755594477430126e+00
1.827700000000000102e+01,1.675000000000000000e+03,1.800000000000000000e+03,-1.081030462120178726e+00,2.074961787511501843e+00,-2.755755594477430126e+00
1.829400000000000048e+01,1.675000000000000000e+03,1.800000000000000000e+03,-1.081030462120178726e+00,2.074961787511501843e+00,-2.755755594477430126e+00
1.831099999999999994e+01,1.675000000000000000e+03,1.800000000000000000e+03,-1.081030462120178726e+00,2.074961787511501843e+00,-2.755755594477430126e+00
1.832799999999999940e+01,1.675000000000000000e+03,1.800000000000000000e+03,-1.072858076133683003e+00,2.064645384643088999e+00,-2.730319125361195365e+00
1.834600000000000009e+01,1.675000000000000000e+03,1.800000000000000000e+03,-1.072858076133683003e+00,2.064645384643088999e+00,-2.730319125361195365e+00
1.836299999999999955e+01,1.675000000000000000e+03,1.800000000000000000e+03,-1.070429432153048310e+00,2.059697746074907077e+00,-2.762898805750469311e+00
1.837999999999999901e+01,1.675000000000000000e+03,1.800000000000000000e+03,-1.064567917903211036e+00,2.048181186203049897e+00,-2.769889726410904807e+00
1.839699999999999847e+01,1.675000000000000000e+03,1.800000000000000000e+03,-1.051355226332537196e+00,2.026719730486893578e+00,-2.777412296237025569e+00
1.841400000000000148e+01,1.675000000000000000e+03,1.800000000000000000e+03,-1.051355226332537196e+00,2.026719730486893578e+00,-2.777412296237025569e+00
1.843100000000000094e+01,1.675000000000000000e+03,1.800000000000000000e+03,-1.048976350940357349e+00,2.021876207489614163e+00,-2.814618531484558428e+00
1.844800000000000040e+01,1.675000000000000000e+03,1.800000000000000000e+03,-1.048976350940357349e+00,2.021876207489614163e+00,-2.814618531484558428e+00
1.846499999999999986e+01,1.675000000000000000e+03,1.800000000000000000e+03,-1.046246039710535758e+00,2.015486116542202222e+00,-2.809389647952687863e+00
1.848199999999999932e+01,1.675000000000000000e+03,1.800000000000000000e+03,-1.046246039710535758e+00,2.015486116542202222e+00,-2.809389647952687863e+00
1.849899999999999878e+01,1.675000000000000000e+03,1.800000000000000000e+03,-1.043232354588324640e+00,2.010601908410528438e+00,-2.809740731177948092e+00
1.851599999999999824e+01,1.675000000000000000e+03,1.800000000000000000e+03,-1.039579246914009047e+00,2.005660933243842869e+00,-2.809994595040380627e+00
1.853300000000000125e+01,1.675000000000000000e+03,1.800000000000000000e+03,-1.010455329116571210e+00,1.948931973022573594e+00,-2.858564076558967049e+00
1.855099999999999838e+01,1.675000000000000000e+03,1.800000000000000000e+03,-1.010455329116571210e+00,1.948931973022573594e+00,-2.858564076558967049e+00
1.856800000000000139e+01,1.675000000000000000e+03,1.800000000000000000e+03,-1.007200207784796575e+00,1.942733542582866235e+00,-2.858702336109235631e+00
1.858500000000000085e+01,1.675000000000000000e+03,1.800000000000000000e+03,-1.007200207784796575e+00,1.942733542582866235e+00,-2.858702336109235631e+00
1.860200000000000031e+01,1.675000000000000000e+03,1.800000000000000000e+03,-1.005224999159157306e+00,1.936687803350809034e+00,-2.858965060789228740e+00
1.861899999999999977e+01,1.675000000000000000e+03,1.800000000000000000e+03,-1.001687017992528794e+00,1.931955579626991604e+00,-2.863828115348904912e+00
1.863599999999999923e+01,1.675000000000000000e+03,1.800000000000000000e+03,-9.994239769369881454e-01,1.927366099180739312e+00,-2.889048478795036790e+00
1.865399999999999991e+01,1.675000000000000000e+03,1.800000000000000000e+03,-9.962041426601532246e-01,1.921244204120030830e+00,-2.893491347494160149e+00
1.867099999999999937e+01,1.675000000000000000e+03,1.800000000000000000e+03,-9.933223937230916123e-01,1.916619187738607177e+00,-2.884998442596848900e+00
1.868799999999999883e+01,1.675000000000000000e+03,1.800000000000000000e+03,-9.891210258388531962e-01,1.903259417724702196e+00,-2.919486957225530865e+00
1.870499999999999829e+01,1.675000000000000000e+03,1.800000000000000000e+03,-9.891210258388531962e-01,1.903259417724702196e+00,-2.919486957225530865e+00
1.872299999999999898e+01,1.675000000000000000e+03,1.800000000000000000e+03,-9.868891820319589669e-01,1.898744784279494446e+00,-2.952654335994811863e+00
1.873900000000000077e+01,1.675000000000000000e+03,1.800000000000000000e+03,-9.843395988387043660e-01,1.892785039329766494e+00,-2.952757651801169114e+00
1.875600000000000023e+01,1.675000000000000000e+03,1.800000000000000000e+03,-9.843395988387043660e-01,1.892785039329766494e+00,-2.952757651801169114e+00
1.877400000000000091e+01,1.675000000000000000e+03,1.800000000000000000e+03,-9.808663366169099174e-01,1.888174012457821682e+00,-2.952685273521729936e+00
1.879200000000000159e+01,1.675000000000000000e+03,1.800000000000000000e+03,-9.789583235227887759e-01,1.882312085359415299e+00,-2.952787935101746086e+00
1.880900000000000105e+01,1.675000000000000000e+03,1.800000000000000000e+03,-9.764315439805165697e-01,1.876408469744876850e+00,-2.945734712221058871e+00
1.882600000000000051e+01,1.675000000000000000e+03,1.800000000000000000e+03,-9.739124172601171248e-01,1.870524844791909391e+00,-2.949377674008222705e+00
1.884299999999999997e+01,1.675000000000000000e+03,1.800000000000000000e+03,-9.710940182251970310e-01,1.866034803976773571e+00,-2.952918613351224408e+00
1.885999999999999943e+01,1.675000000000000000e+03,1.800000000000000000e+03,-9.710940182251970310e-01,1.866034803976773571e+00,-2.952918613351224408e+00
1.887699999999999889e+01,1.675000000000000000e+03,1.800000000000000000e+03,-9.664005131816865157e-01,1.852992887095704422e+00,-2.981928221297317716e+00
1.889399999999999835e+01,1.675000000000000000e+03,1.800000000000000000e+03,-9.645310686717448734e-01,1.847247209070858709e+00,-2.978746500424115151e+00
1.891199999999999903e+01,1.675000000000000000e+03,1.800000000000000000e+03,-9.645310686717448734e-01,1.847247209070858709e+00,-2.978746500424115151e+00
1.892899999999999849e+01,1.675000000000000000e+03,1.800000000000000000e+03,-9.620485721269330659e-01,1.841461611769220408e+00,-2.981845321548378891e+00
1.894600000000000151e+01,1.675000000000000000e+03,1.800000000000000000e+03,-9.592648494111675195e-01,1.837047678424583719e+00,-2.981897105280441274e+00
1.896300000000000097e+01,1.675000000000000000e+03,1.800000000000000000e+03,-9.580303974155842672e-01,1.831412381061972017e+00,-2.981948557358268470e+00
1.898000000000000043e+01,1.675000000000000000e+03,1.800000000000000000e+03,-9.580303974155842672e-01,1.831412381061972017e+00,-2.981948557358268470e+00
1.899699999999999989e+01,1.675000000000000000e+03,1.800000000000000000e+03,-9.534177962222611935e-01,1.821364033083668676e+00,-2.981864758159554540e+00
1.901399999999999935e+01,1.675000000000000000e+03,1.800000000000000000e+03,-9.512779533140343080e-01,1.814328296746197999e+00,-3.010223493493140001e+00
1.903200000000000003e+01,1.675000000000000000e+03,1.800000000000000000e+03,-9.512779533140343080e-01,1.814328296746197999e+00,-3.010223493493140001e+00
1.905000000000000071e+01,1.675000000000000000e+03,1.800000000000000000e+03,-9.415647050673252583e-01,1.789044093375999456e+00,-3.040386525299232812e+00
1.906700000000000017e+01,1.675000000000000000e+03,1.800000000000000000e+03,-9.400596337388198442e-01,1.784875226568141571e+00,-3.040340304547853201e+00
1.908399999999999963e+01,1.675000000000000000e+03,1.800000000000000000e+03,-9.400596337388198442e-01,1.784875226568141571e+00,-3.040340304547853201e+00
1.910099999999999909e+01,1.675000000000000000e+03,1.800000000000000000e+03,-9.316833954234574611e-01,1.762775203590503104e+00,-3.039948761717668813e+00
1.911799999999999855e+01,1.675000000000000000e+03,1.800000000000000000e+03,-9.316833954234574611e-01,1.762775203590503104e+00,-3.039948761717668813e+00
1.913500000000000156e+01,1.675000000000000000e+03,1.800000000000000000e+03,-9.316833954234574611e-01,1.762775203590503104e+00,-3.039948761717668813e+00
1.915299999999999869e+01,1.675000000000000000e+03,1.800000000000000000e+03,-9.296141557221792029e-01,1.755973817009050642e+00,-3.066990550115773928e+00
1.917000000000000171e+01,1.675000000000000000e+03,1.800000000000000000e+03,-9.284261840775478447e-01,1.753228991929370206e+00,-3.066990550115773928e+00
1.918700000000000117e+01,1.675000000000000000e+03,1.800000000000000000e+03,-9.269489891518873925e-01,1.749146494962983134e+00,-3.066900845561678413e+00
1.920400000000000063e+01,1.675000000000000000e+03,1.800000000000000000e+03,-9.269489891518873925e-01,1.749146494962983134e+00,-3.066900845561678413e+00
1.922100000000000009e+01,1.675000000000000000e+03,1.800000000000000000e+03,-9.249181151139361790e-01,1.739780328724870095e+00,-3.068719408725230302e+00
1.923799999999999955e+01,1.675000000000000000e+03,1.800000000000000000e+03,-9.237384606040712764e-01,1.737061495056696714e+00,-3.091940092774015714e+00
1.925499999999999901e+01,1.675000000000000000e+03,1.800000000000000000e+03,-9.225847518316008244e-01,1.731740456924309779e+00,-3.091810427933624261e+00
1.927299999999999969e+01,1.675000000000000000e+03,1.800000000000000000e+03,-9.205732753766651122e-01,1.722467805726024093e+00,-3.093252752176617992e+00
1.928999999999999915e+01,1.675000000000000000e+03,1.800000000000000000e+03,-9.205732753766651122e-01,1.722467805726024093e+00,-3.093252752176617992e+00
1.930699999999999861e+01,1.675000000000000000e+03,1.800000000000000000e+03,-9.173767889403517950e-01,1.713143212135550542e+00,-3.068257994158573254e+00
1.932400000000000162e+01,1.675000000000000000e+03,1.800000000000000000e+03,-9.171470674838584358e-01,1.706686754286943941e+00,-3.094513245854419115e+00
1.934100000000000108e+01,1.675000000000000000e+03,1.800000000000000000e+03,-9.171470674838584358e-01,1.706686754286943941e+00,-3.094513245854419115e+00
1.935800000000000054e+01,1.675000000000000000e+03,1.800000000000000000e+03,-9.157276150171472784e-01,1.700153756615506051e+00,-3.120196686386520923e+00
1.937500000000000000e+01,1.675000000000000000e+03,1.800000000000000000e+03,-9.151897162782614004e-01,1.694994997639584611e+00,-3.118917832581191263e+00
1.939300000000000068e+01,1.675000000000000000e+03,1.800000000000000000e+03,-9.131547333491453200e-01,1.690999537267797947e+00,-3.094113412056541002e+00
1.941000000000000014e+01,1.675000000000000000e+03,1.800000000000000000e+03,-9.120591539296288852e-01,1.683283431409622555e+00,3.137885825612120261e+00
1.942599999999999838e+01,1.675000000000000000e+03,1.800000000000000000e+03,-9.103766851833885454e-01,1.675552856262346957e+00,-3.119555472932946216e+00
1.944300000000000139e+01,1.675000000000000000e+03,1.800000000000000000e+03,-9.103766851833885454e-01,1.675552856262346957e+00,-3.119555472932946216e+00
1.946000000000000085e+01,1.675000000000000000e+03,1.800000000000000000e+03,-9.092266973021287946e-01,1.672935129006437371e+00,-3.119555472932946216e+00
1.947700000000000031e+01,1.675000000000000000e+03,1.800000000000000000e+03,-9.064431393639500456e-01,1.660148068182204284e+00,-3.117945916387713012e+00
1.949399999999999977e+01,1.675000000000000000e+03,1.800000000000000000e+03,-9.064431393639500456e-01,1.660148068182204284e+00,-3.117945916387713012e+00
1.951099999999999923e+01,1.675000000000000000e+03,1.800000000000000000e+03,-9.059225629304976657e-01,1.655107736646317829e+00,-3.119090156096625321e+00
1.952799999999999869e+01,1.675000000000000000e+03,1.800000000000000000e+03,-8.996755630055294217e-01,1.621248000360434816e+00,3.114644824855484107e+00
1.954500000000000171e+01,1.675000000000000000e+03,1.800000000000000000e+03,-8.996755630055294217e-01,1.621248000360434816e+00,3.114644824855484107e+00
1.956200000000000117e+01,1.675000000000000000e+03,1.800000000000000000e+03,-8.983152348141948407e-01,1.615034331286895330e+00,3.114889676808508145e+00
1.957999999999999829e+01,1.675000000000000000e+03,1.800000000000000000e+03,-8.963790735699982415e-01,1.608798175699527100e+00,3.139601548907807071e+00
1.959600000000000009e+01,1.675000000000000000e+03,1.800000000000000000e+03,-8.956076610512683223e-01,1.602675574670576530e+00,3.116068525250890175e+00
1.961299999999999955e+01,1.675000000000000000e+03,1.800000000000000000e+03,-8.956076610512683223e-01,1.602675574670576530e+00,3.116068525250890175e+00
1.962999999999999901e+01,1.675000000000000000e+03,1.800000000000000000e+03,-8.931856099748254341e-01,1.591630166895600329e+00,3.115879980221725631e+00
1.964699999999999847e+01,1.675000000000000000e+03,1.800000000000000000e+03,-8.931856099748254341e-01,1.591630166895600329e+00,3.115879980221725631e+00
1.966400000000000148e+01,1.675000000000000000e+03,1.800000000000000000e+03,-8.911694250313176857e-01,1.574723673473596097e+00,3.069227432308746284e+00
1.968100000000000094e+01,1.675000000000000000e+03,1.800000000000000000e+03,-8.911694250313176857e-01,1.574723673473596097e+00,3.069227432308746284e+00
1.969900000000000162e+01,1.675000000000000000e+03,1.800000000000000000e+03,-8.911694250313176857e-01,1.574723673473596097e+00,3.069227432308746284e+00
1.971600000000000108e+01,1.675000000000000000e+03,1.800000000000000000e+03,-8.893500891545782494e-01,1.563904004462482344e+00,3.069736850005948092e+00
1.973300000000000054e+01,1.675000000000000000e+03,1.800000000000000000e+03,-8.893500891545782494e-01,1.563904004462482344e+00,3.069736850005948092e+00
1.975100000000000122e+01,1.675000000000000000e+03,1.800000000000000000e+03,-8.891698389140031411e-01,1.557985377754668832e+00,3.046373543409099049e+00
1.976699999999999946e+01,1.675000000000000000e+03,1.800000000000000000e+03,-8.875407657938454431e-01,1.553154064996354666e+00,3.070308243871255893e+00
1.978399999999999892e+01,1.675000000000000000e+03,1.800000000000000000e+03,-8.860480424997179139e-01,1.541328153073492579e+00,3.024222264796449178e+00
1.980199999999999960e+01,1.675000000000000000e+03,1.800000000000000000e+03,-8.860480424997179139e-01,1.541328153073492579e+00,3.024222264796449178e+00
1.982000000000000028e+01,1.675000000000000000e+03,1.800000000000000000e+03,-8.860480424997179139e-01,1.541328153073492579e+00,3.024222264796449178e+00
1.983800000000000097e+01,1.675000000000000000e+03,1.800000000000000000e+03,-8.861792337423752830e-01,1.534348181062407779e+00,3.025163731148146962e+00
1.985500000000000043e+01,1.675000000000000000e+03,1.800000000000000000e+03,-8.851314071853342291e-01,1.529627310136920659e+00,3.025096902710247448e+00
1.987199999999999989e+01,1.675000000000000000e+03,1.800000000000000000e+03,-8.843916938902788294e-01,1.523786731716859411e+00,3.025894217047780277e+00
1.989000000000000057e+01,1.675000000000000000e+03,1.800000000000000000e+03,-8.842196154041231937e-01,1.518007899719029385e+00,3.002289547206644205e+00
1.990700000000000003e+01,1.675000000000000000e+03,1.800000000000000000e+03,-8.837432953301400662e-01,1.513374524545253230e+00,3.003387694958961518e+00
1.992399999999999949e+01,1.675000000000000000e+03,1.800000000000000000e+03,-8.837432953301400662e-01,1.513374524545253230e+00,3.003387694958961518e+00
1.994200000000000017e+01,1.675000000000000000e+03,1.800000000000000000e+03,-8.817128085914872626e-01,1.501786614167697653e+00,2.982064128713064477e+00
1.995899999999999963e+01,1.675000000000000000e+03,1.800000000000000000e+03,-8.817128085914872626e-01,1.501786614167697653e+00,2.982064128713064477e+00
1.997599999999999909e+01,1.675000000000000000e+03,1.800000000000000000e+03,-8.822414015035022761e-01,1.489329946878605870e+00,2.981929252268683328e+00
1.999399999999999977e+01,1.675000000000000000e+03,1.800000000000000000e+03,-8.815127766342567561e-01,1.483629530711657374e+00,2.983294300739406157e+00
2.001099999999999923e+01,1.675000000000000000e+03,1.800000000000000000e+03,-8.799566267336104142e-01,1.450030183486044955e+00,2.943187600119860026e+00
2.002700000000000102e+01,1.675000000000000000e+03,1.800000000000000000e+03,-8.800459365232523590e-01,1.445622187986537632e+00,2.943646876717147531e+00
2.004400000000000048e+01,1.675000000000000000e+03,1.800000000000000000e+03,-8.801791052687136796e-01,1.439032249040848477e+00,2.942748043949745984e+00
2.006200000000000117e+01,1.675000000000000000e+03,1.800000000000000000e+03,-8.801791052687136796e-01,1.439032249040848477e+00,2.942748043949745984e+00
2.007900000000000063e+01,1.675000000000000000e+03,1.800000000000000000e+03,-8.794616583363633611e-01,1.433503820304913301e+00,2.944604296738837501e+00
2.009700000000000131e+01,1.675000000000000000e+03,1.800000000000000000e+03,-8.806961511675700516e-01,1.427037805292912243e+00,2.922834655731227027e+00
2.011499999999999844e+01,1.675000000000000000e+03,1.800000000000000000e+03,-8.806961511675700516e-01,1.427037805292912243e+00,2.922834655731227027e+00
2.013200000000000145e+01,1.675000000000000000e+03,1.800000000000000000e+03,-8.805296030097830018e-01,1.421587298573752101e+00,2.924924328260658513e+00
2.014999999999999858e+01,1.675000000000000000e+03,1.800000000000000000e+03,-8.803632905184234358e-01,1.416154962718116472e+00,2.901599085821539248e+00
2.016700000000000159e+01,1.675000000000000000e+03,1.800000000000000000e+03,-8.801972126081187842e-01,1.410740703374884220e+00,2.924344755769956006e+00
2.018400000000000105e+01,1.675000000000000000e+03,1.800000000000000000e+03,-8.803264519236674301e-01,1.404289470643645288e+00,2.902708275863380205e+00
2.020100000000000051e+01,1.675000000000000000e+03,1.800000000000000000e+03,-8.809584402726864383e-01,1.400039592065878136e+00,2.905054534479687423e+00
2.021799999999999997e+01,1.675000000000000000e+03,1.800000000000000000e+03,-8.804973463249542442e-01,1.395727399297037596e+00,2.928731790133702884e+00
2.023600000000000065e+01,1.675000000000000000e+03,1.800000000000000000e+03,-8.814622005737188237e-01,1.388327007511317213e+00,2.886290441399375517e+00
2.025300000000000011e+01,1.675000000000000000e+03,1.800000000000000000e+03,-8.814622005737188237e-01,1.388327007511317213e+00,2.886290441399375517e+00
2.026999999999999957e+01,1.675000000000000000e+03,1.800000000000000000e+03,-8.799140651061401197e-01,1.383973463377357049e+00,2.928183687721041206e+00
2.028699999999999903e+01,1.675000000000000000e+03,1.800000000000000000e+03,-8.808343090446674184e-01,1.378737545321079061e+00,2.906940781538348340e+00
2.030399999999999849e+01,1.675000000000000000e+03,1.800000000000000000e+03,-8.818737978852160264e-01,1.367213145773556793e+00,2.867052120565545259e+00
2.032100000000000151e+01,1.675000000000000000e+03,1.800000000000000000e+03,-8.818737978852160264e-01,1.367213145773556793e+00,2.867052120565545259e+00
2.033899999999999864e+01,1.675000000000000000e+03,1.800000000000000000e+03,-8.814553909167897050e-01,1.360897004513856867e+00,2.886901838548695309e+00
2.035600000000000165e+01,1.675000000000000000e+03,1.800000000000000000e+03,-8.814553909167897050e-01,1.360897004513856867e+00,2.886901838548695309e+00
2.037300000000000111e+01,1.675000000000000000e+03,1.800000000000000000e+03,-8.823655981573546025e-01,1.355734856628542762e+00,2.889434306287232079e+00
2.039000000000000057e+01,1.675000000000000000e+03,1.800000000000000000e+03,-8.824850888470298083e-01,1.349498706053483765e+00,2.868623315995827650e+00
2.040700000000000003e+01,1.675000000000000000e+03,1.800000000000000000e+03,-8.833899331898277252e-01,1.344372761667713245e+00,2.847887411453061901e+00
2.042399999999999949e+01,1.675000000000000000e+03,1.800000000000000000e+03,-8.840042485671093520e-01,1.340276714767318911e+00,2.850863018170513019e+00
2.044099999999999895e+01,1.675000000000000000e+03,1.800000000000000000e+03,-8.840042485671093520e-01,1.340276714767318911e+00,2.850863018170513019e+00
2.045899999999999963e+01,1.675000000000000000e+03,1.800000000000000000e+03,-8.838704686197235150e-01,1.333055709253846643e+00,2.849172552338855802e+00
2.047700000000000031e+01,1.675000000000000000e+03,1.800000000000000000e+03,-8.844816020436230275e-01,1.328988358802502656e+00,2.872902923455824986e+00
2.049500000000000099e+01,1.675000000000000000e+03,1.800000000000000000e+03,-8.851282407241659600e-01,1.322889421035406077e+00,2.852505129805464001e+00
2.051099999999999923e+01,1.675000000000000000e+03,1.800000000000000000e+03,-8.854873229451298844e-01,1.317813273453456446e+00,2.832193023937313647e+00
2.052799999999999869e+01,1.675000000000000000e+03,1.800000000000000000e+03,-8.864131509509952656e-01,1.310760804111813727e+00,2.832976321284191190e+00
2.054500000000000171e+01,1.675000000000000000e+03,1.800000000000000000e+03,-8.864131509509952656e-01,1.310760804111813727e+00,2.832976321284191190e+00
2.056200000000000117e+01,1.675000000000000000e+03,1.800000000000000000e+03,-8.903188224995370881e-01,1.283870345281078240e+00,2.794654386031989901e+00
2.057900000000000063e+01,1.675000000000000000e+03,1.800000000000000000e+03,-8.920899642718419509e-01,1.272067070566354818e+00,2.799087511606200174e+00
2.059600000000000009e+01,1.675000000000000000e+03,1.800000000000000000e+03,-8.920899642718419509e-01,1.272067070566354818e+00,2.799087511606200174e+00
2.061299999999999955e+01,1.675000000000000000e+03,1.800000000000000000e+03,-8.919055722986600765e-01,1.267117683548000695e+00,2.799518133736317083e+00
2.062999999999999901e+01,1.675000000000000000e+03,1.800000000000000000e+03,-8.919055722986600765e-01,1.267117683548000695e+00,2.799518133736317083e+00
2.064699999999999847e+01,1.675000000000000000e+03,1.800000000000000000e+03,-8.935699549661920704e-01,1.261315994207068414e+00,2.779968630514837891e+00
2.066400000000000148e+01,1.675000000000000000e+03,1.800000000000000000e+03,-8.944291470507897968e-01,1.256465011442652990e+00,2.763878880815565431e+00
2.068100000000000094e+01,1.675000000000000000e+03,1.800000000000000000e+03,-8.953713070161959386e-01,1.245787278345575011e+00,2.785015021700533833e+00
2.069800000000000040e+01,1.675000000000000000e+03,1.800000000000000000e+03,-8.953713070161959386e-01,1.245787278345575011e+00,2.785015021700533833e+00
2.071699999999999875e+01,1.675000000000000000e+03,1.800000000000000000e+03,-8.957306013038016657e-01,1.239015537429925207e+00,2.782799198306034949e+00
2.073400000000000176e+01,1.675000000000000000e+03,1.800000000000000000e+03,-8.957306013038016657e-01,1.239015537429925207e+00,2.782799198306034949e+00
2.075100000000000122e+01,1.675000000000000000e+03,1.800000000000000000e+03,-8.957306013038016657e-01,1.239015537429925207e+00,2.782799198306034949e+00
2.076800000000000068e+01,1.675000000000000000e+03,1.800000000000000000e+03,-9.004386742959912260e-01,1.217184517152279710e+00,2.749305410122472981e+00
2.078500000000000014e+01,1.675000000000000000e+03,1.800000000000000000e+03,-9.018129116631125042e-01,1.210597509623781765e+00,2.730554136456771364e+00
2.080199999999999960e+01,1.675000000000000000e+03,1.800000000000000000e+03,-9.031582823254373782e-01,1.205931610519063835e+00,2.731058402341176361e+00
2.081899999999999906e+01,1.675000000000000000e+03,1.800000000000000000e+03,-9.031582823254373782e-01,1.205931610519063835e+00,2.731058402341176361e+00
2.083699999999999974e+01,1.675000000000000000e+03,1.800000000000000000e+03,-9.031582823254373782e-01,1.205931610519063835e+00,2.731058402341176361e+00
2.085399999999999920e+01,1.675000000000000000e+03,1.800000000000000000e+03,-9.056112673998281126e-01,1.193803622033643208e+00,2.713530209668232551e+00
2.087099999999999866e+01,1.675000000000000000e+03,1.800000000000000000e+03,-9.075137364264951323e-01,1.183605482015477328e+00,2.715091821253309057e+00
2.088800000000000168e+01,1.675000000000000000e+03,1.800000000000000000e+03,-9.075137364264951323e-01,1.183605482015477328e+00,2.715091821253309057e+00
2.090500000000000114e+01,1.675000000000000000e+03,1.800000000000000000e+03,-9.075137364264951323e-01,1.183605482015477328e+00,2.715091821253309057e+00
2.092299999999999827e+01,1.675000000000000000e+03,1.800000000000000000e+03,-9.080630325453786789e-01,1.179905362001999691e+00,2.715611223011906272e+00
2.094000000000000128e+01,1.675000000000000000e+03,1.800000000000000000e+03,-9.080630325453786789e-01,1.179905362001999691e+00,2.715611223011906272e+00
2.095700000000000074e+01,1.675000000000000000e+03,1.800000000000000000e+03,-9.099120671802926053e-01,1.173504207238805108e+00,2.701249354880684628e+00
2.097400000000000020e+01,1.675000000000000000e+03,1.800000000000000000e+03,-9.122612588345272444e-01,1.167159432642156158e+00,2.660642496520857048e+00
2.099099999999999966e+01,1.675000000000000000e+03,1.800000000000000000e+03,-9.123100570059524683e-01,1.161626244489287085e+00,2.657436196012494367e+00
2.100799999999999912e+01,1.675000000000000000e+03,1.800000000000000000e+03,-9.123100570059524683e-01,1.161626244489287085e+00,2.657436196012494367e+00
2.102499999999999858e+01,1.675000000000000000e+03,1.800000000000000000e+03,-9.123100570059524683e-01,1.161626244489287085e+00,2.657436196012494367e+00
2.104200000000000159e+01,1.675000000000000000e+03,1.800000000000000000e+03,-9.249283554930773921e-01,1.121462609015458245e+00,2.617592673757884292e+00
2.105900000000000105e+01,1.675000000000000000e+03,1.800000000000000000e+03,-9.267048232729195867e-01,1.115299319003064227e+00,2.595911487015293062e+00
2.107600000000000051e+01,1.675000000000000000e+03,1.800000000000000000e+03,-9.267048232729195867e-01,1.115299319003064227e+00,2.595911487015293062e+00
2.109400000000000119e+01,1.675000000000000000e+03,1.800000000000000000e+03,-9.279691121501754125e-01,1.110912141021010768e+00,2.579152262852311583e+00
2.111100000000000065e+01,1.675000000000000000e+03,1.800000000000000000e+03,-9.292295754321285850e-01,1.106537540358896177e+00,2.602600907740705516e+00
2.112800000000000011e+01,1.675000000000000000e+03,1.800000000000000000e+03,-9.319822472971989180e-01,1.100491135342257731e+00,2.581069730887474378e+00
2.114499999999999957e+01,1.675000000000000000e+03,1.800000000000000000e+03,-9.319822472971989180e-01,1.100491135342257731e+00,2.581069730887474378e+00
2.116199999999999903e+01,1.675000000000000000e+03,1.800000000000000000e+03,-9.332321806962088351e-01,1.096146276910160644e+00,2.564578256511599985e+00
2.117899999999999849e+01,1.675000000000000000e+03,1.800000000000000000e+03,-9.357196193546281071e-01,1.089248499661122249e+00,2.582983742664752391e+00
2.119699999999999918e+01,1.675000000000000000e+03,1.800000000000000000e+03,-9.367115145811667487e-01,1.085797210075220676e+00,2.549004839752433860e+00
2.121399999999999864e+01,1.675000000000000000e+03,1.800000000000000000e+03,-9.367115145811667487e-01,1.085797210075220676e+00,2.549004839752433860e+00
2.123100000000000165e+01,1.675000000000000000e+03,1.800000000000000000e+03,-9.384416228806358173e-01,1.079776296902323907e+00,2.589807626062789581e+00
2.124899999999999878e+01,1.675000000000000000e+03,1.800000000000000000e+03,-9.406573244897799002e-01,1.073807143062350811e+00,2.586152272765857685e+00
2.126599999999999824e+01,1.675000000000000000e+03,1.800000000000000000e+03,-9.462806815411789474e-01,1.059423636204497310e+00,2.559476383758089391e+00
2.128300000000000125e+01,1.675000000000000000e+03,1.800000000000000000e+03,-9.462806815411789474e-01,1.059423636204497310e+00,2.559476383758089391e+00
2.130000000000000071e+01,1.675000000000000000e+03,1.800000000000000000e+03,-9.487061706312238663e-01,1.052690695794326725e+00,2.573028720353736087e+00
2.131800000000000139e+01,1.675000000000000000e+03,1.800000000000000000e+03,-9.503995910154117155e-01,1.048508094281654035e+00,2.539820567959866882e+00
2.133500000000000085e+01,1.675000000000000000e+03,1.800000000000000000e+03,-9.503995910154117155e-01,1.048508094281654035e+00,2.539820567959866882e+00
2.135200000000000031e+01,1.675000000000000000e+03,1.800000000000000000e+03,-9.525670561868698760e-01,1.042660991859830411e+00,2.557636534831142949e+00
2.136899999999999977e+01,1.675000000000000000e+03,1.800000000000000000e+03,-9.525670561868698760e-01,1.042660991859830411e+00,2.557636534831142949e+00
2.138700000000000045e+01,1.675000000000000000e+03,1.800000000000000000e+03,-9.547359984489858231e-01,1.038533285775564252e+00,2.541850569670951909e+00
2.140399999999999991e+01,1.675000000000000000e+03,1.800000000000000000e+03,-9.547359984489858231e-01,1.038533285775564252e+00,2.541850569670951909e+00
2.142099999999999937e+01,1.675000000000000000e+03,1.800000000000000000e+03,-9.571243770033981413e-01,1.031892937152976142e+00,2.537872840921001405e+00
2.143900000000000006e+01,1.675000000000000000e+03,1.800000000000000000e+03,-9.571243770033981413e-01,1.031892937152976142e+00,2.537872840921001405e+00
2.145700000000000074e+01,1.675000000000000000e+03,1.800000000000000000e+03,-9.587934689024190105e-01,1.027767699146935776e+00,2.543875953718008898e+00
2.147400000000000020e+01,1.675000000000000000e+03,1.800000000000000000e+03,-9.652053781546126032e-01,1.013868858449402222e+00,2.530435630623881771e+00
2.149099999999999966e+01,1.675000000000000000e+03,1.800000000000000000e+03,-9.708638574048602532e-01,1.002542189536750339e+00,2.505563928449707767e+00
2.150900000000000034e+01,1.675000000000000000e+03,1.800000000000000000e+03,-9.866231564264068554e-01,9.690178622917730022e-01,2.480731131030101011e+00
2.152599999999999980e+01,1.675000000000000000e+03,1.800000000000000000e+03,-9.866231564264068554e-01,9.690178622917730022e-01,2.480731131030101011e+00
2.154400000000000048e+01,1.675000000000000000e+03,1.800000000000000000e+03,-9.866231564264068554e-01,9.690178622917730022e-01,2.480731131030101011e+00
2.156099999999999994e+01,1.675000000000000000e+03,1.800000000000000000e+03,-9.866231564264068554e-01,9.690178622917730022e-01,2.480731131030101011e+00
2.157799999999999940e+01,1.675000000000000000e+03,1.800000000000000000e+03,-9.904979474614376000e-01,9.603510099226074681e-01,2.472768395413347697e+00
2.159499999999999886e+01,1.675000000000000000e+03,1.800000000000000000e+03,-9.904979474614376000e-01,9.603510099226074681e-01,2.472768395413347697e+00
2.161199999999999832e+01,1.675000000000000000e+03,1.800000000000000000e+03,-9.941940512953882925e-01,9.557305407395410013e-01,2.452763963909447398e+00
2.162999999999999901e+01,1.675000000000000000e+03,1.800000000000000000e+03,-9.941940512953882925e-01,9.557305407395410013e-01,2.452763963909447398e+00
2.164699999999999847e+01,1.675000000000000000e+03,1.800000000000000000e+03,-9.975214534711011050e-01,9.455203247421156698e-01,2.470730499158927174e+00
2.166400000000000148e+01,1.675000000000000000e+03,1.800000000000000000e+03,-9.975214534711011050e-01,9.455203247421156698e-01,2.470730499158927174e+00
2.168199999999999861e+01,1.675000000000000000e+03,1.800000000000000000e+03,-1.001186976831678344e+00,9.409457451806845230e-01,2.450636600045631219e+00
2.169900000000000162e+01,1.675000000000000000e+03,1.800000000000000000e+03,-1.003429674817335915e+00,9.363101356015449683e-01,2.436614197317177322e+00
2.171600000000000108e+01,1.675000000000000000e+03,1.800000000000000000e+03,-1.007073771928601147e+00,9.317639186930600781e-01,2.416745550032799450e+00
2.173300000000000054e+01,1.675000000000000000e+03,1.800000000000000000e+03,-1.009044935601697279e+00,9.263574983364443183e-01,2.439034220125424479e+00
2.175000000000000000e+01,1.675000000000000000e+03,1.800000000000000000e+03,-1.009044935601697279e+00,9.263574983364443183e-01,2.439034220125424479e+00
2.176800000000000068e+01,1.675000000000000000e+03,1.800000000000000000e+03,-1.011518226446589619e+00,9.225645324465395758e-01,2.425303358334415460e+00
2.178500000000000014e+01,1.675000000000000000e+03,1.800000000000000000e+03,-1.016656106665970727e+00,9.142394607078353497e-01,2.412717296671424094e+00
2.181899999999999906e+01,1.675000000000000000e+03,1.800000000000000000e+03,-1.016656106665970727e+00,9.142394607078353497e-01,2.412717296671424094e+00
2.185600000000000165e+01,1.675000000000000000e+03,1.800000000000000000e+03,-1.016656106665970727e+00,9.142394607078353497e-01,2.412717296671424094e+00
2.189900000000000091e+01,1.675000000000000000e+03,1.800000000000000000e+03,-1.016656106665970727e+00,9.142394607078353497e-01,2.412717296671424094e+00
2.192399999999999949e+01,1.675000000000000000e+03,1.800000000000000000e+03,-1.016656106665970727e+00,9.142394607078353497e-01,2.412717296671424094e+00
2.194099999999999895e+01,1.675000000000000000e+03,1.800000000000000000e+03,-1.024105434779213564e+00,8.991278372313141753e-01,2.410484372119999996e+00
2.196099999999999852e+01,1.675000000000000000e+03,1.800000000000000000e+03,-1.035986121438455143e+00,8.813553531057815027e-01,2.372728612821380256e+00
2.198100000000000165e+01,1.675000000000000000e+03,1.800000000000000000e+03,-1.035986121438455143e+00,8.813553531057815027e-01,2.372728612821380256e+00
2.199800000000000111e+01,1.675000000000000000e+03,1.800000000000000000e+03,-1.041841776959448351e+00,8.717912221191091993e-01,2.335231912075145466e+00
2.201500000000000057e+01,1.675000000000000000e+03,1.800000000000000000e+03,-1.045143619906454546e+00,8.681838117959789214e-01,2.322917339476960663e+00
2.203200000000000003e+01,1.675000000000000000e+03,1.800000000000000000e+03,-1.047718370829448187e+00,8.637959915297422908e-01,2.317547366029720557e+00
2.204899999999999949e+01,1.675000000000000000e+03,1.800000000000000000e+03,-1.070250627078691119e+00,8.329487026834189178e-01,2.294158828959160790e+00
2.206700000000000017e+01,1.675000000000000000e+03,1.800000000000000000e+03,-1.072491584557060618e+00,8.279188913495335589e-01,2.282646312928191978e+00
2.208399999999999963e+01,1.675000000000000000e+03,1.800000000000000000e+03,-1.075892800463767784e+00,8.236960264764089379e-01,2.271383116331562757e+00
2.210099999999999909e+01,1.675000000000000000e+03,1.800000000000000000e+03,-1.079019744480798071e+00,8.187434143457975599e-01,2.285688139679318276e+00
2.211799999999999855e+01,1.675000000000000000e+03,1.800000000000000000e+03,-1.079019744480798071e+00,8.187434143457975599e-01,2.285688139679318276e+00
2.213500000000000156e+01,1.675000000000000000e+03,1.800000000000000000e+03,-1.085399200451349522e+00,8.117934961931477789e-01,2.250959133956417002e+00
2.215200000000000102e+01,1.675000000000000000e+03,1.800000000000000000e+03,-1.085399200451349522e+00,8.117934961931477789e-01,2.250959133956417002e+00
2.216900000000000048e+01,1.675000000000000000e+03,1.800000000000000000e+03,-1.089130550544313403e+00,8.061903914640754509e-01,2.270582908930827593e+00
2.218599999999999994e+01,1.675000000000000000e+03,1.800000000000000000e+03,-1.092297552868000565e+00,8.027410628134518111e-01,2.247125304074804486e+00
2.220299999999999940e+01,1.675000000000000000e+03,1.800000000000000000e+03,-1.095190311768869051e+00,7.985683575889143127e-01,2.234035303816347628e+00
2.221999999999999886e+01,1.675000000000000000e+03,1.800000000000000000e+03,-1.095190311768869051e+00,7.985683575889143127e-01,2.234035303816347628e+00
2.223699999999999832e+01,1.675000000000000000e+03,1.800000000000000000e+03,-1.106408536306353163e+00,7.848255676210443843e-01,2.239264315012568396e+00
2.225400000000000134e+01,1.675000000000000000e+03,1.800000000000000000e+03,-1.106408536306353163e+00,7.848255676210443843e-01,2.239264315012568396e+00
2.227100000000000080e+01,1.675000000000000000e+03,1.800000000000000000e+03,-1.106408536306353163e+00,7.848255676210443843e-01,2.239264315012568396e+00
2.228800000000000026e+01,1.675000000000000000e+03,1.800000000000000000e+03,-1.112645117527399474e+00,7.780350802111614117e-01,2.203467042797770947e+00
2.230600000000000094e+01,1.675000000000000000e+03,1.800000000000000000e+03,-1.112645117527399474e+00,7.780350802111614117e-01,2.203467042797770947e+00
2.232300000000000040e+01,1.675000000000000000e+03,1.800000000000000000e+03,-1.115927633551185405e+00,7.739543379987766647e-01,2.212831402343243159e+00
2.234100000000000108e+01,1.675000000000000000e+03,1.800000000000000000e+03,-1.115927633551185405e+00,7.739543379987766647e-01,2.212831402343243159e+00
2.235800000000000054e+01,1.675000000000000000e+03,1.800000000000000000e+03,-1.118930624665139817e+00,7.691686148352178121e-01,2.202849660039520430e+00
2.237500000000000000e+01,1.675000000000000000e+03,1.800000000000000000e+03,-1.123351801344401490e+00,7.658699038252637648e-01,2.197076577097940575e+00
2.239099999999999824e+01,1.675000000000000000e+03,1.800000000000000000e+03,-1.129848244050482897e+00,7.577876505012869357e-01,2.192980698962867514e+00
2.240800000000000125e+01,1.675000000000000000e+03,1.800000000000000000e+03,-1.129848244050482897e+00,7.577876505012869357e-01,2.192980698962867514e+00
2.242599999999999838e+01,1.675000000000000000e+03,1.800000000000000000e+03,-1.133966618413520422e+00,7.538055902659269725e-01,2.190950792925391966e+00
2.244300000000000139e+01,1.675000000000000000e+03,1.800000000000000000e+03,-1.136748927383208763e+00,7.497712733436737720e-01,2.184750332886683744e+00
2.246099999999999852e+01,1.675000000000000000e+03,1.800000000000000000e+03,-1.141286859492969041e+00,7.458319311065276791e-01,2.175691643570064837e+00
2.247800000000000153e+01,1.675000000000000000e+03,1.800000000000000000e+03,-1.145205713779546608e+00,7.425641357846911594e-01,2.188361659925821989e+00
2.249500000000000099e+01,1.675000000000000000e+03,1.800000000000000000e+03,-1.145205713779546608e+00,7.425641357846911594e-01,2.188361659925821989e+00
2.251200000000000045e+01,1.675000000000000000e+03,1.800000000000000000e+03,-1.145205713779546608e+00,7.425641357846911594e-01,2.188361659925821989e+00
2.252899999999999991e+01,1.675000000000000000e+03,1.800000000000000000e+03,-1.148126116834581323e+00,7.378809674485647951e-01,2.171593993935390543e+00
2.254599999999999937e+01,1.675000000000000000e+03,1.800000000000000000e+03,-1.152465479823370664e+00,7.346515072596760954e-01,2.165690679334014490e+00
2.256200000000000117e+01,1.675000000000000000e+03,1.800000000000000000e+03,-1.174997648269715089e+00,7.125641799340652893e-01,2.139377138485446750e+00
2.257999999999999829e+01,1.675000000000000000e+03,1.800000000000000000e+03,-1.182814841493195157e+00,7.055167408709578369e-01,2.125178298553968226e+00
2.259799999999999898e+01,1.675000000000000000e+03,1.800000000000000000e+03,-1.190898691959137334e+00,6.971808412389480791e-01,2.128889946181119264e+00
2.261499999999999844e+01,1.675000000000000000e+03,1.800000000000000000e+03,-1.194393147529318577e+00,6.953383966943845751e-01,2.104691217239446743e+00
2.263200000000000145e+01,1.675000000000000000e+03,1.800000000000000000e+03,-1.194393147529318577e+00,6.953383966943845751e-01,2.104691217239446743e+00
2.264900000000000091e+01,1.675000000000000000e+03,1.800000000000000000e+03,-1.198918296127760019e+00,6.908840320874097829e-01,2.106870261091017049e+00
2.266600000000000037e+01,1.675000000000000000e+03,1.800000000000000000e+03,-1.198918296127760019e+00,6.908840320874097829e-01,2.106870261091017049e+00
2.268299999999999983e+01,1.675000000000000000e+03,1.800000000000000000e+03,-1.202847609440850452e+00,6.870795758169011558e-01,2.100739170556330304e+00
2.270100000000000051e+01,1.675000000000000000e+03,1.800000000000000000e+03,-1.206186131507285708e+00,6.839199826095699875e-01,2.100780515085220124e+00
2.271799999999999997e+01,1.675000000000000000e+03,1.800000000000000000e+03,-1.211245546889581526e+00,6.808448391606051198e-01,2.094703828911675725e+00
2.273499999999999943e+01,1.675000000000000000e+03,1.800000000000000000e+03,-1.214427502682705384e+00,6.763762169155144166e-01,2.087314278747414154e+00
2.275199999999999889e+01,1.675000000000000000e+03,1.800000000000000000e+03,-1.219609476223490363e+00,6.726668281264075455e-01,2.090740898445794027e+00
2.276999999999999957e+01,1.675000000000000000e+03,1.800000000000000000e+03,-1.227642053941797595e+00,6.658264817224263110e-01,2.077249572339020300e+00
2.278699999999999903e+01,1.675000000000000000e+03,1.800000000000000000e+03,-1.227642053941797595e+00,6.658264817224263110e-01,2.077249572339020300e+00
2.280399999999999849e+01,1.675000000000000000e+03,1.800000000000000000e+03,-1.231070091817751733e+00,6.620673389766905670e-01,2.077848648039152923e+00
2.282100000000000151e+01,1.675000000000000000e+03,1.800000000000000000e+03,-1.231070091817751733e+00,6.620673389766905670e-01,2.077848648039152923e+00
2.283800000000000097e+01,1.675000000000000000e+03,1.800000000000000000e+03,-1.235207587978908617e+00,6.589987590984153210e-01,2.064003461769733594e+00
2.285500000000000043e+01,1.675000000000000000e+03,1.800000000000000000e+03,-1.239765368527232514e+00,6.559552483607439255e-01,2.057777469725495134e+00
2.287199999999999989e+01,1.675000000000000000e+03,1.800000000000000000e+03,-1.239765368527232514e+00,6.559552483607439255e-01,2.057777469725495134e+00
2.288899999999999935e+01,1.675000000000000000e+03,1.800000000000000000e+03,-1.256034990013824126e+00,6.424769781716347383e-01,2.048541506714809390e+00
2.290599999999999881e+01,1.675000000000000000e+03,1.800000000000000000e+03,-1.256034990013824126e+00,6.424769781716347383e-01,2.048541506714809390e+00
2.292299999999999827e+01,1.675000000000000000e+03,1.800000000000000000e+03,-1.256034990013824126e+00,6.424769781716347383e-01,2.048541506714809390e+00
2.294000000000000128e+01,1.675000000000000000e+03,1.800000000000000000e+03,-1.260546141191666747e+00,6.394666742454068187e-01,2.042248904567462997e+00
2.295899999999999963e+01,1.675000000000000000e+03,1.800000000000000000e+03,-1.260546141191666747e+00,6.394666742454068187e-01,2.042248904567462997e+00
2.297700000000000031e+01,1.675000000000000000e+03,1.800000000000000000e+03,-1.264326991368267983e+00,6.357926384091420191e-01,2.035781885675313152e+00
2.299500000000000099e+01,1.675000000000000000e+03,1.800000000000000000e+03,-1.268819602439857253e+00,6.327956613411430675e-01,2.029486183708032687e+00
2.301200000000000045e+01,1.675000000000000000e+03,1.800000000000000000e+03,-1.272877508302091565e+00,6.297864337519690769e-01,2.023264009162097032e+00
2.302899999999999991e+01,1.675000000000000000e+03,1.800000000000000000e+03,-1.272877508302091565e+00,6.297864337519690769e-01,2.023264009162097032e+00
2.304599999999999937e+01,1.675000000000000000e+03,1.800000000000000000e+03,-1.298748963084906283e+00,6.119272437162847078e-01,1.986348393576591764e+00
2.306299999999999883e+01,1.675000000000000000e+03,1.800000000000000000e+03,-1.303050788351677758e+00,6.095982659838147244e-01,1.979950633977668906e+00
2.307999999999999829e+01,1.675000000000000000e+03,1.800000000000000000e+03,-1.307587221545513323e+00,6.060322547354494160e-01,1.966556605835976246e+00
2.309799999999999898e+01,1.675000000000000000e+03,1.800000000000000000e+03,-1.312112781667301054e+00,6.024747366060579923e-01,1.968753176727078946e+00
2.311499999999999844e+01,1.675000000000000000e+03,1.800000000000000000e+03,-1.316813944336242770e+00,6.001773303488185940e-01,1.962310139170223344e+00
2.313200000000000145e+01,1.675000000000000000e+03,1.800000000000000000e+03,-1.321203041168883319e+00,5.972495347253518050e-01,1.955808901766992181e+00
2.314900000000000091e+01,1.675000000000000000e+03,1.800000000000000000e+03,-1.325467948821215547e+00,5.949424101834742684e-01,1.942209653378230705e+00
2.316600000000000037e+01,1.675000000000000000e+03,1.800000000000000000e+03,-1.325467948821215547e+00,5.949424101834742684e-01,1.942209653378230705e+00
2.318299999999999983e+01,1.675000000000000000e+03,1.800000000000000000e+03,-1.330684982124282989e+00,5.920589315702170508e-01,1.951458240762941054e+00
2.319999999999999929e+01,1.675000000000000000e+03,1.800000000000000000e+03,-1.334628056169311794e+00,5.891293367111981594e-01,1.937888121596840874e+00
2.321699999999999875e+01,1.675000000000000000e+03,1.800000000000000000e+03,-1.349245921584949492e+00,5.811021197640441338e-01,1.920686996892769560e+00
2.323400000000000176e+01,1.675000000000000000e+03,1.800000000000000000e+03,-1.353577871866395776e+00,5.782101907345983394e-01,1.914060381892669804e+00
2.325100000000000122e+01,1.675000000000000000e+03,1.800000000000000000e+03,-1.358321912372425277e+00,5.753404874533455393e-01,1.916288031636887990e+00
2.326800000000000068e+01,1.675000000000000000e+03,1.800000000000000000e+03,-1.362530941526627792e+00,5.730652457351613771e-01,1.903295816717316402e+00
2.328500000000000014e+01,1.675000000000000000e+03,1.800000000000000000e+03,-1.368098774349934210e+00,5.702382546905681027e-01,1.903473429066482980e+00
2.330199999999999960e+01,1.675000000000000000e+03,1.800000000000000000e+03,-1.368098774349934210e+00,5.702382546905681027e-01,1.903473429066482980e+00
2.332000000000000028e+01,1.675000000000000000e+03,1.800000000000000000e+03,-1.372294419230151163e+00,5.679702737360067255e-01,1.893218369333991680e+00
2.333800000000000097e+01,1.675000000000000000e+03,1.800000000000000000e+03,-1.377006559188574286e+00,5.651191816964532544e-01,1.886595300351521454e+00
2.335600000000000165e+01,1.675000000000000000e+03,1.800000000000000000e+03,-1.377006559188574286e+00,5.651191816964532544e-01,1.886595300351521454e+00
2.337199999999999989e+01,1.675000000000000000e+03,1.800000000000000000e+03,-1.382027694526030803e+00,5.628914558744716468e-01,1.888832038396284219e+00
2.338899999999999935e+01,1.675000000000000000e+03,1.800000000000000000e+03,-1.386723852384231570e+00,5.600494950625011237e-01,1.879219486479478896e+00
2.340599999999999881e+01,1.675000000000000000e+03,1.800000000000000000e+03,-1.391411621147927491e+00,5.572127039113180524e-01,1.876043405467750391e+00
2.342299999999999827e+01,1.675000000000000000e+03,1.800000000000000000e+03,-1.396411395422904711e+00,5.549957778058803859e-01,1.863676720064000536e+00
2.344000000000000128e+01,1.675000000000000000e+03,1.800000000000000000e+03,-1.401404833190414756e+00,5.527818046237830130e-01,1.865917601815531901e+00
2.345799999999999841e+01,1.675000000000000000e+03,1.800000000000000000e+03,-1.406069475046297645e+00,5.499579155792241325e-01,1.850768170182352623e+00
2.347500000000000142e+01,1.675000000000000000e+03,1.800000000000000000e+03,-1.411049270023015945e+00,5.477507423935140674e-01,1.853010016989301567e+00
2.349200000000000088e+01,1.675000000000000000e+03,1.800000000000000000e+03,-1.415604929264129952e+00,5.455304505311241448e-01,1.840990466309592621e+00
2.350900000000000034e+01,1.675000000000000000e+03,1.800000000000000000e+03,-1.440885468513738443e+00,5.339783494146072007e-01,1.820792144568327275e+00
2.352599999999999980e+01,1.675000000000000000e+03,1.800000000000000000e+03,-1.440885468513738443e+00,5.339783494146072007e-01,1.820792144568327275e+00
2.354299999999999926e+01,1.675000000000000000e+03,1.800000000000000000e+03,-1.446238099805664756e+00,5.318079904808065139e-01,1.810340494690966917e+00
2.355999999999999872e+01,1.675000000000000000e+03,1.800000000000000000e+03,-1.446238099805664756e+00,5.318079904808065139e-01,1.810340494690966917e+00
2.357799999999999940e+01,1.675000000000000000e+03,1.800000000000000000e+03,-1.452001473142699117e+00,5.296560474373986915e-01,1.812578161747641081e+00
2.359499999999999886e+01,1.675000000000000000e+03,1.800000000000000000e+03,-1.456507756388064401e+00,5.274599126688662709e-01,1.805543296354093608e+00
2.361199999999999832e+01,1.675000000000000000e+03,1.800000000000000000e+03,-1.461425055693901465e+00,5.252822788051617620e-01,1.794739496543779289e+00
2.362900000000000134e+01,1.675000000000000000e+03,1.800000000000000000e+03,-1.466336401081312024e+00,5.231074750248657645e-01,1.787711288525947184e+00
2.364600000000000080e+01,1.675000000000000000e+03,1.800000000000000000e+03,-1.466336401081312024e+00,5.231074750248657645e-01,1.787711288525947184e+00
2.366300000000000026e+01,1.675000000000000000e+03,1.800000000000000000e+03,-1.471578218812228611e+00,5.215362396875632411e-01,1.785151155582219484e+00
2.367999999999999972e+01,1.675000000000000000e+03,1.800000000000000000e+03,-1.481789864965410430e+00,5.172142895631167692e-01,1.767380364953317073e+00
2.369800000000000040e+01,1.675000000000000000e+03,1.800000000000000000e+03,-1.481789864965410430e+00,5.172142895631167692e-01,1.767380364953317073e+00
2.371499999999999986e+01,1.675000000000000000e+03,1.800000000000000000e+03,-1.487171368294725848e+00,5.144823064363982512e-01,1.769604371387840880e+00
2.373100000000000165e+01,1.675000000000000000e+03,1.800000000000000000e+03,-1.487171368294725848e+00,5.144823064363982512e-01,1.769604371387840880e+00
2.374800000000000111e+01,1.675000000000000000e+03,1.800000000000000000e+03,-1.492318629532245033e+00,5.135008577185432577e-01,1.767987753163549058e+00
2.376599999999999824e+01,1.675000000000000000e+03,1.800000000000000000e+03,-1.492318629532245033e+00,5.135008577185432577e-01,1.767987753163549058e+00
2.378200000000000003e+01,1.675000000000000000e+03,1.800000000000000000e+03,-1.497955164736780143e+00,5.119531904380510978e-01,1.765012841941348887e+00
2.380000000000000071e+01,1.675000000000000000e+03,1.800000000000000000e+03,-1.502412038657186644e+00,5.097799452668297926e-01,1.754143784984179666e+00
2.381700000000000017e+01,1.675000000000000000e+03,1.800000000000000000e+03,-1.507695646477421825e+00,5.076399080612356007e-01,1.747617346086871581e+00
2.383399999999999963e+01,1.675000000000000000e+03,1.800000000000000000e+03,-1.513389399809040414e+00,5.055176565030438107e-01,1.744215921943859327e+00
2.385099999999999909e+01,1.675000000000000000e+03,1.800000000000000000e+03,-1.518245069611727560e+00,5.033678359520393775e-01,1.733557085750971449e+00
2.386799999999999855e+01,1.675000000000000000e+03,1.800000000000000000e+03,-1.518245069611727560e+00,5.033678359520393775e-01,1.733557085750971449e+00
2.388500000000000156e+01,1.675000000000000000e+03,1.800000000000000000e+03,-1.518245069611727560e+00,5.033678359520393775e-01,1.733557085750971449e+00
2.390200000000000102e+01,1.675000000000000000e+03,1.800000000000000000e+03,-1.539015804341193894e+00,4.971588436300949931e-01,1.714639236054414262e+00
2.392000000000000171e+01,1.675000000000000000e+03,1.800000000000000000e+03,-1.544136661356835472e+00,4.961857603299587582e-01,1.695613730946393449e+00
2.393700000000000117e+01,1.675000000000000000e+03,1.800000000000000000e+03,-1.549442742127123518e+00,4.934869503002986546e-01,1.697793156080801502e+00
2.395400000000000063e+01,1.675000000000000000e+03,1.800000000000000000e+03,-1.549442742127123518e+00,4.934869503002986546e-01,1.697793156080801502e+00
2.397200000000000131e+01,1.675000000000000000e+03,1.800000000000000000e+03,-1.560148162485062162e+00,4.909852976791838630e-01,1.686397614229458997e+00
2.398900000000000077e+01,1.675000000000000000e+03,1.800000000000000000e+03,-1.560148162485062162e+00,4.909852976791838630e-01,1.686397614229458997e+00
2.400600000000000023e+01,1.675000000000000000e+03,1.800000000000000000e+03,-1.560148162485062162e+00,4.909852976791838630e-01,1.686397614229458997e+00
2.402400000000000091e+01,1.675000000000000000e+03,1.800000000000000000e+03,-1.597887377194584291e+00,4.808339190862577217e-01,1.643274821224309346e+00
2.404100000000000037e+01,1.675000000000000000e+03,1.800000000000000000e+03,-1.602569776599852558e+00,4.798539837256242668e-01,1.643779820632092603e+00
2.405900000000000105e+01,1.675000000000000000e+03,1.800000000000000000e+03,-1.607667675426015297e+00,4.788891746703330954e-01,1.627158081197027206e+00
2.407499999999999929e+01,1.675000000000000000e+03,1.800000000000000000e+03,-1.607667675426015297e+00,4.788891746703330954e-01,1.627158081197027206e+00
2.409299999999999997e+01,1.675000000000000000e+03,1.800000000000000000e+03,-1.614109750163902568e+00,4.768293377382667453e-01,1.629945865712990383e+00
2.410999999999999943e+01,1.675000000000000000e+03,1.800000000000000000e+03,-1.620037429032297638e+00,4.758951881492831104e-01,1.624208988166795598e+00
2.412800000000000011e+01,1.675000000000000000e+03,1.800000000000000000e+03,-1.620037429032297638e+00,4.758951881492831104e-01,1.624208988166795598e+00
2.414499999999999957e+01,1.675000000000000000e+03,1.800000000000000000e+03,-1.630266989493967644e+00,4.734012853824430822e-01,1.608309387892066900e+00
2.416199999999999903e+01,1.675000000000000000e+03,1.800000000000000000e+03,-1.636149272391876686e+00,4.730370033964762522e-01,1.600457432025806037e+00
2.417899999999999849e+01,1.675000000000000000e+03,1.800000000000000000e+03,-1.636149272391876686e+00,4.730370033964762522e-01,1.600457432025806037e+00
2.419600000000000151e+01,1.675000000000000000e+03,1.800000000000000000e+03,-1.636149272391876686e+00,4.730370033964762522e-01,1.600457432025806037e+00
2.421300000000000097e+01,1.675000000000000000e+03,1.800000000000000000e+03,-1.641698633227594684e+00,4.715219995591083402e-01,1.594253085073627840e+00
2.423000000000000043e+01,1.675000000000000000e+03,1.800000000000000000e+03,-1.647284687583924212e+00,4.694409439476526780e-01,1.595586234416514149e+00
2.424800000000000111e+01,1.675000000000000000e+03,1.800000000000000000e+03,-1.652370592483996647e+00,4.684811376064709210e-01,1.589239034745993928e+00
2.426500000000000057e+01,1.675000000000000000e+03,1.800000000000000000e+03,-1.658290577708383173e+00,4.675508131934235090e-01,1.590687026360181999e+00
2.428200000000000003e+01,1.675000000000000000e+03,1.800000000000000000e+03,-1.658290577708383173e+00,4.675508131934235090e-01,1.590687026360181999e+00
2.429799999999999827e+01,1.675000000000000000e+03,1.800000000000000000e+03,-1.663828681665294518e+00,4.660401780597759336e-01,1.584196654796572457e+00
2.431500000000000128e+01,1.675000000000000000e+03,1.800000000000000000e+03,-1.669746542309519244e+00,4.651109859308840688e-01,1.577077487520782029e+00
2.433200000000000074e+01,1.675000000000000000e+03,1.500000000000000000e+03,-1.674861963549096666e+00,4.635877967895040141e-01,1.559988122543085831e+00
2.434900000000000020e+01,1.675000000000000000e+03,1.500000000000000000e+03,-1.686692832021212674e+00,4.617321408644444736e-01,1.545789224736837886e+00
2.436599999999999966e+01,1.675000000000000000e+03,1.500000000000000000e+03,-1.686692832021212674e+00,4.617321408644444736e-01,1.545789224736837886e+00
2.438299999999999912e+01,1.675000000000000000e+03,1.500000000000000000e+03,-1.691353158581929472e+00,4.607616376756468179e-01,1.547925523656814573e+00
2.439999999999999858e+01,1.675000000000000000e+03,1.500000000000000000e+03,-1.691353158581929472e+00,4.607616376756468179e-01,1.547925523656814573e+00
2.441700000000000159e+01,1.675000000000000000e+03,1.500000000000000000e+03,-1.708650159315355799e+00,4.585324912164910893e-01,1.516972312490296959e+00
2.443400000000000105e+01,1.675000000000000000e+03,1.500000000000000000e+03,-1.714120939979472125e+00,4.581564799900262885e-01,1.518987404468155278e+00
2.445100000000000051e+01,1.675000000000000000e+03,1.500000000000000000e+03,-1.714120939979472125e+00,4.581564799900262885e-01,1.518987404468155278e+00
2.446799999999999997e+01,1.675000000000000000e+03,1.500000000000000000e+03,-1.724715847486349318e+00,4.556994044477343797e-01,1.513864586457496220e+00
2.448499999999999943e+01,1.675000000000000000e+03,1.500000000000000000e+03,-1.724715847486349318e+00,4.556994044477343797e-01,1.513864586457496220e+00
2.450300000000000011e+01,1.675000000000000000e+03,1.500000000000000000e+03,-1.724715847486349318e+00,4.556994044477343797e-01,1.513864586457496220e+00
2.452100000000000080e+01,1.675000000000000000e+03,1.500000000000000000e+03,-1.731006159925877474e+00,4.559164629441579963e-01,1.506769923213128193e+00
2.453800000000000026e+01,1.675000000000000000e+03,1.500000000000000000e+03,-1.764758961435370477e+00,4.525712277509962300e-01,1.463487318614135502e+00
2.455600000000000094e+01,1.675000000000000000e+03,1.500000000000000000e+03,-1.770665238091454929e+00,4.522120194878275212e-01,1.454629465481257489e+00
2.457300000000000040e+01,1.675000000000000000e+03,1.500000000000000000e+03,-1.776152525740824162e+00,4.518384745254849788e-01,1.456618257592251942e+00
2.458999999999999986e+01,1.675000000000000000e+03,1.500000000000000000e+03,-1.782063258019055851e+00,4.514797719359356920e-01,1.449388328281625560e+00
2.460699999999999932e+01,1.675000000000000000e+03,1.500000000000000000e+03,-1.788390131960976959e+00,4.516993656926014955e-01,1.442160744124135086e+00
2.462399999999999878e+01,1.675000000000000000e+03,1.500000000000000000e+03,-1.792611247443656186e+00,4.518461216747290399e-01,1.436402595795482018e+00
2.464099999999999824e+01,1.675000000000000000e+03,1.500000000000000000e+03,-1.792611247443656186e+00,4.518461216747290399e-01,1.436402595795482018e+00
2.465899999999999892e+01,1.675000000000000000e+03,1.500000000000000000e+03,-1.799381599055774883e+00,4.509539749165533129e-01,1.436914088945123957e+00
2.467599999999999838e+01,1.675000000000000000e+03,1.500000000000000000e+03,-1.804875731543294171e+00,4.511452758370203542e-01,1.438894269218902844e+00
2.469300000000000139e+01,1.675000000000000000e+03,1.500000000000000000e+03,-1.810377333680009082e+00,4.507731575779351241e-01,1.431664106222789723e+00
2.471000000000000085e+01,1.675000000000000000e+03,1.500000000000000000e+03,-1.815876985703605895e+00,4.515293490344364224e-01,1.417090081492617282e+00
2.472700000000000031e+01,1.675000000000000000e+03,1.500000000000000000e+03,-1.821809036908527801e+00,4.506083393172451990e-01,1.426411094669210344e+00
2.474399999999999977e+01,1.675000000000000000e+03,1.500000000000000000e+03,-1.828590332993980772e+00,4.508456884406665255e-01,1.404754528244590128e+00
2.476099999999999923e+01,1.675000000000000000e+03,1.500000000000000000e+03,-1.833678490919032011e+00,4.504597044605075373e-01,1.409464522915161000e+00
2.477899999999999991e+01,1.675000000000000000e+03,1.500000000000000000e+03,-1.833678490919032011e+00,4.504597044605075373e-01,1.409464522915161000e+00
2.479500000000000171e+01,1.675000000000000000e+03,1.500000000000000000e+03,-1.845142525700205871e+00,4.508623428717585258e-01,1.397741770210954027e+00
2.481299999999999883e+01,1.675000000000000000e+03,1.500000000000000000e+03,-1.845142525700205871e+00,4.508623428717585258e-01,1.397741770210954027e+00
2.482999999999999829e+01,1.675000000000000000e+03,1.500000000000000000e+03,-1.868136621557703547e+00,4.522401545460140726e-01,1.384291973476269977e+00
2.484799999999999898e+01,1.675000000000000000e+03,1.500000000000000000e+03,-1.868136621557703547e+00,4.522401545460140726e-01,1.384291973476269977e+00
2.486499999999999844e+01,1.675000000000000000e+03,1.500000000000000000e+03,-1.874109051294529094e+00,4.524522842120094479e-01,1.376991696900126572e+00
2.488200000000000145e+01,1.675000000000000000e+03,1.500000000000000000e+03,-1.880513668633837288e+00,4.526802108840431993e-01,1.369701515435371109e+00
2.489900000000000091e+01,1.675000000000000000e+03,1.500000000000000000e+03,-1.886083029846565617e+00,4.534454848566423779e-01,1.375056374943886217e+00
2.491600000000000037e+01,1.675000000000000000e+03,1.500000000000000000e+03,-1.898065859998214977e+00,4.538743801128409805e-01,1.379584400967519109e+00
2.493299999999999983e+01,1.675000000000000000e+03,1.500000000000000000e+03,-1.898065859998214977e+00,4.538743801128409805e-01,1.379584400967519109e+00
2.494999999999999929e+01,1.675000000000000000e+03,1.500000000000000000e+03,-1.898065859998214977e+00,4.538743801128409805e-01,1.379584400967519109e+00
2.496699999999999875e+01,1.675000000000000000e+03,1.500000000000000000e+03,-1.904082960608692199e+00,4.546580025313916584e-01,1.369094671320148837e+00
2.498400000000000176e+01,1.675000000000000000e+03,1.500000000000000000e+03,-1.910068839928582785e+00,4.543056135161235298e-01,1.361812006231127858e+00
2.500100000000000122e+01,1.675000000000000000e+03,1.500000000000000000e+03,-1.915669280593209178e+00,4.550754657065675390e-01,1.363740878951520852e+00
2.501800000000000068e+01,1.675000000000000000e+03,1.500000000000000000e+03,-1.940701374489395947e+00,4.576912151363340397e-01,1.353942430202916158e+00
2.503500000000000014e+01,1.675000000000000000e+03,1.500000000000000000e+03,-1.946741522881157982e+00,4.579118205195537028e-01,1.346680277144517879e+00
2.505199999999999960e+01,1.675000000000000000e+03,1.500000000000000000e+03,-1.952816047820675749e+00,4.587046375708693224e-01,1.345376859598857999e+00
2.506899999999999906e+01,1.675000000000000000e+03,1.500000000000000000e+03,-1.958033394219937939e+00,4.594670741964500538e-01,1.341622611429244438e+00
2.508699999999999974e+01,1.675000000000000000e+03,1.500000000000000000e+03,-1.958033394219937939e+00,4.594670741964500538e-01,1.341622611429244438e+00
2.510399999999999920e+01,1.675000000000000000e+03,1.500000000000000000e+03,-1.964555668064392524e+00,4.602785703104069759e-01,1.334387100231661405e+00
2.512099999999999866e+01,1.675000000000000000e+03,1.500000000000000000e+03,-1.971086757110400711e+00,4.610916185480663509e-01,1.332844485206141627e+00
2.513800000000000168e+01,1.675000000000000000e+03,1.500000000000000000e+03,-1.976723943282228335e+00,4.613002452288855748e-01,1.334750200140216281e+00
2.515500000000000114e+01,1.675000000000000000e+03,1.500000000000000000e+03,-1.982799637478360522e+00,4.615254913272829329e-01,1.327401048625777458e+00
2.517299999999999827e+01,1.675000000000000000e+03,1.500000000000000000e+03,-1.982799637478360522e+00,4.615254913272829329e-01,1.327401048625777458e+00
2.519099999999999895e+01,1.675000000000000000e+03,1.500000000000000000e+03,-1.988955795517978631e+00,4.629003224253310789e-01,1.320374001477169434e+00
2.520799999999999841e+01,1.675000000000000000e+03,1.500000000000000000e+03,-2.001219251892859763e+00,4.645061199101750971e-01,1.324796575848619096e+00
2.522599999999999909e+01,1.675000000000000000e+03,1.500000000000000000e+03,-2.001219251892859763e+00,4.645061199101750971e-01,1.324796575848619096e+00
2.524399999999999977e+01,1.675000000000000000e+03,1.500000000000000000e+03,-2.006532510582839102e+00,4.658549210987922296e-01,1.317151908478161770e+00
2.526099999999999923e+01,1.675000000000000000e+03,1.500000000000000000e+03,-2.006532510582839102e+00,4.658549210987922296e-01,1.317151908478161770e+00
2.527799999999999869e+01,1.675000000000000000e+03,1.500000000000000000e+03,-2.013077827887564730e+00,4.661012076472160759e-01,1.319674882589442211e+00
2.529500000000000171e+01,1.675000000000000000e+03,1.500000000000000000e+03,-2.018755151295894112e+00,4.663152080919571452e-01,1.321570559496041630e+00
2.531200000000000117e+01,1.675000000000000000e+03,1.500000000000000000e+03,-2.024528893023145315e+00,4.676852294251362396e-01,1.309594016379988846e+00
2.532900000000000063e+01,1.675000000000000000e+03,1.500000000000000000e+03,-2.031140786852066782e+00,4.685124644619559353e-01,1.307272408037519540e+00
2.534600000000000009e+01,1.675000000000000000e+03,1.500000000000000000e+03,-2.037323211964609193e+00,4.693245774305693230e-01,1.314323797629818769e+00
2.536299999999999955e+01,1.675000000000000000e+03,1.500000000000000000e+03,-2.042686281526278513e+00,4.706844386223049126e-01,1.302202324264140731e+00
2.537999999999999901e+01,1.675000000000000000e+03,1.500000000000000000e+03,-2.049815995489724152e+00,4.721142217164490118e-01,1.299827441385367210e+00
2.539699999999999847e+01,1.675000000000000000e+03,1.500000000000000000e+03,-2.055531987034480146e+00,4.723336493766311373e-01,1.301702798135716321e+00
2.541400000000000148e+01,1.675000000000000000e+03,1.500000000000000000e+03,-2.055531987034480146e+00,4.723336493766311373e-01,1.301702798135716321e+00
2.543199999999999861e+01,1.675000000000000000e+03,1.500000000000000000e+03,-2.061416573808506847e+00,4.742988710229650851e-01,1.294658350426786342e+00
2.544900000000000162e+01,1.675000000000000000e+03,1.500000000000000000e+03,-2.079735709929527054e+00,4.773327288132128698e-01,1.291372416718885363e+00
2.546600000000000108e+01,1.675000000000000000e+03,1.500000000000000000e+03,-2.086490040731943996e+00,4.787606086750088030e-01,1.288622974913183450e+00
2.548300000000000054e+01,1.675000000000000000e+03,1.500000000000000000e+03,-2.092813460018612570e+00,4.801741451813089645e-01,1.286855278279177339e+00
2.550000000000000000e+01,1.675000000000000000e+03,1.500000000000000000e+03,-2.098576964413328749e+00,4.804003705769391841e-01,1.288717901193290993e+00
2.551699999999999946e+01,1.675000000000000000e+03,1.500000000000000000e+03,-2.124528066451313535e+00,4.866951414131385212e-01,1.273525437121758142e+00
2.553399999999999892e+01,1.675000000000000000e+03,1.500000000000000000e+03,-2.131292132546201312e+00,4.875525235704697424e-01,1.270267212547190772e+00
2.555099999999999838e+01,1.675000000000000000e+03,1.500000000000000000e+03,-2.131292132546201312e+00,4.875525235704697424e-01,1.270267212547190772e+00
2.556800000000000139e+01,1.675000000000000000e+03,1.500000000000000000e+03,-2.137691488485014002e+00,4.889846781107133333e-01,1.278225221726129179e+00
2.558500000000000085e+01,1.675000000000000000e+03,1.500000000000000000e+03,-2.137691488485014002e+00,4.889846781107133333e-01,1.278225221726129179e+00
2.560200000000000031e+01,1.675000000000000000e+03,1.500000000000000000e+03,-2.149999878782482110e+00,4.912468429627977473e-01,1.263750990507362504e+00
2.562000000000000099e+01,1.675000000000000000e+03,1.500000000000000000e+03,-2.149999878782482110e+00,4.912468429627977473e-01,1.263750990507362504e+00
2.563700000000000045e+01,1.675000000000000000e+03,1.500000000000000000e+03,-2.163243755090269449e+00,4.935537215486819340e-01,1.262081368129519321e+00
2.565500000000000114e+01,1.675000000000000000e+03,1.500000000000000000e+03,-2.163243755090269449e+00,4.935537215486819340e-01,1.262081368129519321e+00
2.567200000000000060e+01,1.675000000000000000e+03,1.500000000000000000e+03,-2.170065705311173154e+00,4.944222565638863864e-01,1.264525668077472575e+00
2.569000000000000128e+01,1.675000000000000000e+03,1.500000000000000000e+03,-2.175628700200203713e+00,4.958326858368763412e-01,1.256787624426698891e+00
2.570700000000000074e+01,1.675000000000000000e+03,1.500000000000000000e+03,-2.182553415840132072e+00,4.973011506865735454e-01,1.259222245768776505e+00
2.572400000000000020e+01,1.675000000000000000e+03,1.500000000000000000e+03,-2.189942385522400059e+00,4.987913154948778738e-01,1.252118010643825441e+00
2.574099999999999966e+01,1.675000000000000000e+03,1.500000000000000000e+03,-2.189942385522400059e+00,4.987913154948778738e-01,1.252118010643825441e+00
2.575900000000000034e+01,1.675000000000000000e+03,1.500000000000000000e+03,-2.202498732338405762e+00,5.016878554483786834e-01,1.246858241738047157e+00
2.577599999999999980e+01,1.675000000000000000e+03,1.500000000000000000e+03,-2.202498732338405762e+00,5.016878554483786834e-01,1.246858241738047157e+00
2.579299999999999926e+01,1.675000000000000000e+03,1.500000000000000000e+03,-2.209382808861374503e+00,5.025688885487041846e-01,1.249273759066888756e+00
2.580999999999999872e+01,1.675000000000000000e+03,1.500000000000000000e+03,-2.209382808861374503e+00,5.025688885487041846e-01,1.249273759066888756e+00
2.582700000000000173e+01,1.675000000000000000e+03,1.500000000000000000e+03,-2.215276944576139773e+00,5.028137097785957410e-01,1.261051561194086013e+00
2.584499999999999886e+01,1.675000000000000000e+03,1.500000000000000000e+03,-2.235387180340346891e+00,5.072378268357732312e-01,1.248677247728047446e+00
