timestamp,u_propeller_pwm,u_rudder_pwm,x,y,yaw
1.000000000000000021e-02,1.500000000000000000e+03,1.500000000000000000e+03,-5.499352486126847239e-01,1.729840060736418828e+00,2.336451790127902495e+00
2.699999999999999969e-02,1.500000000000000000e+03,1.500000000000000000e+03,-5.482268703813031330e-01,1.731092915713126068e+00,2.298590923813840448e+00
4.499999999999999833e-02,1.500000000000000000e+03,1.500000000000000000e+03,-5.482268703813031330e-01,1.731092915713126068e+00,2.298590923813840448e+00
6.199999999999999956e-02,1.500000000000000000e+03,1.500000000000000000e+03,-5.486860243182440922e-01,1.729803855222179276e+00,2.298590923813840448e+00
7.900000000000000078e-02,1.500000000000000000e+03,1.500000000000000000e+03,-5.493106807072147824e-01,1.729821917559979383e+00,2.288132720476504733e+00
9.600000000000000200e-02,1.500000000000000000e+03,1.500000000000000000e+03,-5.493106807072147824e-01,1.729821917559979383e+00,2.288132720476504733e+00
1.130000000000000032e-01,1.500000000000000000e+03,1.500000000000000000e+03,-5.493106807072147824e-01,1.729821917559979383e+00,2.288132720476504733e+00
1.300000000000000044e-01,1.500000000000000000e+03,1.500000000000000000e+03,-5.480612791900576486e-01,1.729785873840442800e+00,2.272464914258998547e+00
1.469999999999999918e-01,1.500000000000000000e+03,1.500000000000000000e+03,-5.480612791900576486e-01,1.729785873840442800e+00,2.272464914258998547e+00
1.640000000000000069e-01,1.500000000000000000e+03,1.500000000000000000e+03,-5.478957487159679118e-01,1.728479825103676149e+00,2.272464914258998547e+00
1.809999999999999942e-01,1.500000000000000000e+03,1.500000000000000000e+03,-5.478957487159679118e-01,1.728479825103676149e+00,2.272464914258998547e+00
1.990000000000000102e-01,1.500000000000000000e+03,1.500000000000000000e+03,-5.485203168327223988e-01,1.728497757204251695e+00,2.261916946797950967e+00
2.159999999999999976e-01,1.500000000000000000e+03,1.500000000000000000e+03,-5.485203168327223988e-01,1.728497757204251695e+00,2.261916946797950967e+00
2.330000000000000127e-01,1.500000000000000000e+03,1.500000000000000000e+03,-5.472710915013432320e-01,1.728461974034231741e+00,2.251231838180714817e+00
2.510000000000000009e-01,1.500000000000000000e+03,1.500000000000000000e+03,-5.466463449318477164e-01,1.728444204113878335e+00,2.251231838180714817e+00
2.680000000000000160e-01,1.500000000000000000e+03,1.500000000000000000e+03,-5.458565685358387487e-01,1.727121606096948092e+00,2.247127576251849224e+00
2.849999999999999756e-01,1.500000000000000000e+03,1.500000000000000000e+03,-5.458565685358387487e-01,1.727121606096948092e+00,2.247127576251849224e+00
3.019999999999999907e-01,1.500000000000000000e+03,1.500000000000000000e+03,-5.469405652146401842e-01,1.725852949539648407e+00,2.236513567490093113e+00
3.190000000000000058e-01,1.500000000000000000e+03,1.500000000000000000e+03,-5.469405652146401842e-01,1.725852949539648407e+00,2.236513567490093113e+00
3.360000000000000209e-01,1.500000000000000000e+03,1.500000000000000000e+03,-5.469405652146401842e-01,1.725852949539648407e+00,2.236513567490093113e+00
3.539999999999999813e-01,1.500000000000000000e+03,1.500000000000000000e+03,-5.463161715258284534e-01,1.725835277846047067e+00,2.225742959306437285e+00
3.709999999999999964e-01,1.500000000000000000e+03,1.500000000000000000e+03,-5.473995201562431578e-01,1.724567625862058584e+00,2.262823574168241425e+00
3.890000000000000124e-01,1.500000000000000000e+03,1.500000000000000000e+03,-5.473995201562431578e-01,1.724567625862058584e+00,2.262823574168241425e+00
4.069999999999999729e-01,1.500000000000000000e+03,1.500000000000000000e+03,-5.453621055007520368e-01,1.723212816890167254e+00,2.262823574168241425e+00
4.239999999999999880e-01,1.500000000000000000e+03,1.500000000000000000e+03,-5.453621055007520368e-01,1.723212816890167254e+00,2.262823574168241425e+00
4.410000000000000031e-01,1.500000000000000000e+03,1.500000000000000000e+03,-5.453621055007520368e-01,1.723212816890167254e+00,2.262823574168241425e+00
4.590000000000000191e-01,1.500000000000000000e+03,1.500000000000000000e+03,-5.442779811839584259e-01,1.724479918840247539e+00,2.225742959306437285e+00
4.769999999999999796e-01,1.500000000000000000e+03,1.500000000000000000e+03,-5.449024693390729368e-01,1.724497297727790812e+00,2.225742959306437285e+00
4.949999999999999956e-01,1.500000000000000000e+03,1.500000000000000000e+03,-5.466102790930644773e-01,1.723247883165796690e+00,2.262823574168241425e+00
5.130000000000000115e-01,1.500000000000000000e+03,1.500000000000000000e+03,-5.466102790930644773e-01,1.723247883165796690e+00,2.262823574168241425e+00
5.300000000000000266e-01,1.500000000000000000e+03,1.500000000000000000e+03,-5.466102790930644773e-01,1.723247883165796690e+00,2.262823574168241425e+00
5.480000000000000426e-01,1.500000000000000000e+03,1.500000000000000000e+03,-5.466102790930644773e-01,1.723247883165796690e+00,2.262823574168241425e+00
5.649999999999999467e-01,1.500000000000000000e+03,1.500000000000000000e+03,-5.466102790930644773e-01,1.723247883165796690e+00,2.262823574168241425e+00
5.819999999999999618e-01,1.500000000000000000e+03,1.500000000000000000e+03,-5.466102790930644773e-01,1.723247883165796690e+00,2.262823574168241425e+00
5.989999999999999769e-01,1.500000000000000000e+03,1.500000000000000000e+03,-5.455268670549320298e-01,1.724514757992353431e+00,2.262823574168241425e+00
6.159999999999999920e-01,1.500000000000000000e+03,1.500000000000000000e+03,-5.469405652146401842e-01,1.725852949539648407e+00,2.267597353992262921e+00
6.330000000000000071e-01,1.500000000000000000e+03,1.500000000000000000e+03,-5.475648693430801295e-01,1.725870702297275905e+00,2.289053899830898686e+00
6.500000000000000222e-01,1.500000000000000000e+03,1.500000000000000000e+03,-5.475648693430801295e-01,1.725870702297275905e+00,2.289053899830898686e+00
6.670000000000000373e-01,1.500000000000000000e+03,1.500000000000000000e+03,-5.481890841684899929e-01,1.725888536000996787e+00,2.289053899830898686e+00
6.840000000000000524e-01,1.500000000000000000e+03,1.500000000000000000e+03,-5.481890841684899929e-01,1.725888536000996787e+00,2.289053899830898686e+00
7.009999999999999565e-01,1.500000000000000000e+03,1.500000000000000000e+03,-5.481890841684899929e-01,1.725888536000996787e+00,2.289053899830898686e+00
7.179999999999999716e-01,1.500000000000000000e+03,1.500000000000000000e+03,-5.488132099476576986e-01,1.725906450533150061e+00,2.299518929411661361e+00
7.349999999999999867e-01,1.500000000000000000e+03,1.500000000000000000e+03,-5.488132099476576986e-01,1.725906450533150061e+00,2.299518929411661361e+00
7.520000000000000018e-01,1.500000000000000000e+03,1.500000000000000000e+03,-5.488132099476576986e-01,1.725906450533150061e+00,2.299518929411661361e+00
7.690000000000000169e-01,1.500000000000000000e+03,1.500000000000000000e+03,-5.497691867978369284e-01,1.728533864028335643e+00,2.294883616227954448e+00
7.870000000000000329e-01,1.500000000000000000e+03,1.500000000000000000e+03,-5.491447961080502260e-01,1.728515770218276071e+00,2.305657803696115948e+00
8.040000000000000480e-01,1.500000000000000000e+03,1.500000000000000000e+03,-5.503934891574118193e-01,1.728552038517292555e+00,2.316100195237226878e+00
8.209999999999999520e-01,1.500000000000000000e+03,1.500000000000000000e+03,-5.503934891574118193e-01,1.728552038517292555e+00,2.316100195237226878e+00
8.379999999999999671e-01,1.500000000000000000e+03,1.500000000000000000e+03,-5.489789725696139211e-01,1.727210614937281008e+00,2.316100195237226878e+00
8.559999999999999831e-01,1.500000000000000000e+03,1.500000000000000000e+03,-5.489789725696139211e-01,1.727210614937281008e+00,2.316100195237226878e+00
8.729999999999999982e-01,1.500000000000000000e+03,1.500000000000000000e+03,-5.489789725696139211e-01,1.727210614937281008e+00,2.316100195237226878e+00
8.900000000000000133e-01,1.500000000000000000e+03,1.500000000000000000e+03,-5.489789725696139211e-01,1.727210614937281008e+00,2.316100195237226878e+00
9.070000000000000284e-01,1.675000000000000000e+03,1.500000000000000000e+03,-5.489789725696139211e-01,1.727210614937281008e+00,2.316100195237226878e+00
9.240000000000000435e-01,1.675000000000000000e+03,1.500000000000000000e+03,-5.496031862873296259e-01,1.727228659436279123e+00,2.316100195237226878e+00
9.409999999999999476e-01,1.675000000000000000e+03,1.500000000000000000e+03,-5.496031862873296259e-01,1.727228659436279123e+00,2.316100195237226878e+00
9.579999999999999627e-01,1.675000000000000000e+03,1.500000000000000000e+03,-5.496031862873296259e-01,1.727228659436279123e+00,2.316100195237226878e+00
9.749999999999999778e-01,1.675000000000000000e+03,1.500000000000000000e+03,-5.496031862873296259e-01,1.727228659436279123e+00,2.316100195237226878e+00
9.919999999999999929e-01,1.675000000000000000e+03,1.500000000000000000e+03,-5.496031862873296259e-01,1.727228659436279123e+00,2.316100195237226878e+00
1.008999999999999897e+00,1.675000000000000000e+03,1.500000000000000000e+03,-5.496031862873296259e-01,1.727228659436279123e+00,2.316100195237226878e+00
1.026000000000000023e+00,1.675000000000000000e+03,1.500000000000000000e+03,-5.496031862873296259e-01,1.727228659436279123e+00,2.316100195237226878e+00
1.042999999999999927e+00,1.675000000000000000e+03,1.500000000000000000e+03,-5.494372469368087319e-01,1.725924445776347405e+00,2.305657803696115948e+00
1.060999999999999943e+00,1.675000000000000000e+03,1.500000000000000000e+03,-5.500611953916141328e-01,1.725942521613474501e+00,2.294883616227954448e+00
1.078999999999999959e+00,1.675000000000000000e+03,1.500000000000000000e+03,-5.492713686019374819e-01,1.724621221866528664e+00,2.289053899830898686e+00
1.096000000000000085e+00,1.675000000000000000e+03,1.500000000000000000e+03,-5.492713686019374819e-01,1.724621221866528664e+00,2.289053899830898686e+00
1.114000000000000101e+00,1.675000000000000000e+03,1.500000000000000000e+03,-5.492713686019374819e-01,1.724621221866528664e+00,2.289053899830898686e+00
1.131000000000000005e+00,1.675000000000000000e+03,1.500000000000000000e+03,-5.492713686019374819e-01,1.724621221866528664e+00,2.289053899830898686e+00
1.147999999999999909e+00,1.675000000000000000e+03,1.500000000000000000e+03,-5.483162861385084685e-01,1.721999890771772179e+00,2.300339285476713957e+00
1.165999999999999925e+00,1.675000000000000000e+03,1.500000000000000000e+03,-5.497291466614953048e-01,1.723336963933109978e+00,2.295708467457826973e+00
1.183000000000000052e+00,1.675000000000000000e+03,1.500000000000000000e+03,-5.487740982481723595e-01,1.720717476845863292e+00,2.300339285476713957e+00
1.199999999999999956e+00,1.675000000000000000e+03,1.500000000000000000e+03,-5.487740982481723595e-01,1.720717476845863292e+00,2.300339285476713957e+00
1.217000000000000082e+00,1.675000000000000000e+03,1.500000000000000000e+03,-5.487740982481723595e-01,1.720717476845863292e+00,2.300339285476713957e+00
1.233999999999999986e+00,1.675000000000000000e+03,1.500000000000000000e+03,-5.493973418117488183e-01,1.720735356042244479e+00,2.289880901241879929e+00
1.250999999999999890e+00,1.675000000000000000e+03,1.500000000000000000e+03,-5.493973418117488183e-01,1.720735356042244479e+00,2.289880901241879929e+00
1.268000000000000016e+00,1.675000000000000000e+03,1.500000000000000000e+03,-5.487740982481723595e-01,1.720717476845863292e+00,2.279306305284647838e+00
1.286000000000000032e+00,1.675000000000000000e+03,1.500000000000000000e+03,-5.487740982481723595e-01,1.720717476845863292e+00,2.279306305284647838e+00
1.302000000000000046e+00,1.675000000000000000e+03,1.500000000000000000e+03,-5.487740982481723595e-01,1.720717476845863292e+00,2.279306305284647838e+00
1.318999999999999950e+00,1.675000000000000000e+03,1.500000000000000000e+03,-5.479853055378487436e-01,1.719400450362767341e+00,2.274213300473781452e+00
1.336999999999999966e+00,1.675000000000000000e+03,1.500000000000000000e+03,-5.490657796873925633e-01,1.718137688536939933e+00,2.263663437510818444e+00
1.354999999999999982e+00,1.675000000000000000e+03,1.500000000000000000e+03,-5.490657796873925633e-01,1.718137688536939933e+00,2.263663437510818444e+00
1.372999999999999998e+00,1.675000000000000000e+03,1.500000000000000000e+03,-5.490657796873925633e-01,1.718137688536939933e+00,2.263663437510818444e+00
1.391000000000000014e+00,1.675000000000000000e+03,1.500000000000000000e+03,-5.490657796873925633e-01,1.718137688536939933e+00,2.263663437510818444e+00
1.409000000000000030e+00,1.675000000000000000e+03,1.500000000000000000e+03,-5.490657796873925633e-01,1.718137688536939933e+00,2.263663437510818444e+00
1.425999999999999934e+00,1.675000000000000000e+03,1.500000000000000000e+03,-5.490657796873925633e-01,1.718137688536939933e+00,2.252923699172712624e+00
1.445000000000000062e+00,1.675000000000000000e+03,1.500000000000000000e+03,-5.490657796873925633e-01,1.718137688536939933e+00,2.252923699172712624e+00
1.461999999999999966e+00,1.675000000000000000e+03,1.500000000000000000e+03,-5.503112984124922669e-01,1.718173491505518680e+00,2.252923699172712624e+00
1.479000000000000092e+00,1.675000000000000000e+03,1.500000000000000000e+03,-5.507677086648892217e-01,1.716894007007246259e+00,2.252923699172712624e+00
1.497000000000000108e+00,1.675000000000000000e+03,1.500000000000000000e+03,-5.503112984124922669e-01,1.718173491505518680e+00,2.252923699172712624e+00
1.514000000000000012e+00,1.675000000000000000e+03,1.500000000000000000e+03,-5.506015532320889250e-01,1.715597482728290490e+00,2.238217325512591227e+00
1.530999999999999917e+00,1.675000000000000000e+03,1.500000000000000000e+03,-5.506015532320889250e-01,1.715597482728290490e+00,2.238217325512591227e+00
1.548000000000000043e+00,1.675000000000000000e+03,1.500000000000000000e+03,-5.506015532320889250e-01,1.715597482728290490e+00,2.238217325512591227e+00
1.564999999999999947e+00,1.675000000000000000e+03,1.500000000000000000e+03,-5.499792772061176116e-01,1.715579559220368200e+00,2.248773152274303744e+00
1.582999999999999963e+00,1.675000000000000000e+03,1.500000000000000000e+03,-5.499792772061176116e-01,1.715579559220368200e+00,2.248773152274303744e+00
1.600000000000000089e+00,1.675000000000000000e+03,1.500000000000000000e+03,-5.506015532320889250e-01,1.715597482728290490e+00,2.238183337715821786e+00
1.616999999999999993e+00,1.675000000000000000e+03,1.500000000000000000e+03,-5.523012322456894996e-01,1.714356040806438664e+00,2.238183337715821786e+00
1.635000000000000009e+00,1.675000000000000000e+03,1.500000000000000000e+03,-5.547877041306290558e-01,1.714429287624753773e+00,2.238152585917429160e+00
1.651999999999999913e+00,1.675000000000000000e+03,1.500000000000000000e+03,-5.547877041306290558e-01,1.714429287624753773e+00,2.238152585917429160e+00
1.669000000000000039e+00,1.675000000000000000e+03,1.500000000000000000e+03,-5.547877041306290558e-01,1.714429287624753773e+00,2.238152585917429160e+00
1.685999999999999943e+00,1.675000000000000000e+03,1.500000000000000000e+03,-5.564838604991990678e-01,1.713189996766600665e+00,2.274826501074133756e+00
1.701999999999999957e+00,1.675000000000000000e+03,1.500000000000000000e+03,-5.564838604991990678e-01,1.713189996766600665e+00,2.274826501074133756e+00
1.719000000000000083e+00,1.675000000000000000e+03,1.500000000000000000e+03,-5.571048268438358875e-01,1.713208692945349831e+00,2.264323280841724628e+00
1.737000000000000099e+00,1.675000000000000000e+03,1.500000000000000000e+03,-5.572727893390494458e-01,1.714503797579973732e+00,2.264323280841724628e+00
1.754000000000000004e+00,1.675000000000000000e+03,1.500000000000000000e+03,-5.589672122619542272e-01,1.713265251733910421e+00,2.274759851320645065e+00
1.770999999999999908e+00,1.675000000000000000e+03,1.500000000000000000e+03,-5.591357028615948632e-01,1.714560504611020608e+00,2.274759851320645065e+00
1.788999999999999924e+00,1.675000000000000000e+03,1.500000000000000000e+03,-5.608288324607451081e-01,1.713322513541297276e+00,2.274696491706956092e+00
1.806000000000000050e+00,1.675000000000000000e+03,1.500000000000000000e+03,-5.608288324607451081e-01,1.713322513541297276e+00,2.274696491706956092e+00
1.822999999999999954e+00,1.675000000000000000e+03,1.500000000000000000e+03,-5.631401531212465450e-01,1.712105330184963137e+00,2.301499765552147192e+00
1.840999999999999970e+00,1.675000000000000000e+03,1.500000000000000000e+03,-5.643797895296098766e-01,1.712144413856582670e+00,2.301499765552147192e+00
1.858999999999999986e+00,1.675000000000000000e+03,1.500000000000000000e+03,-5.656190942623897655e-01,1.712183805820584048e+00,2.311587927146760091e+00
1.875999999999999890e+00,1.675000000000000000e+03,1.500000000000000000e+03,-5.656190942623897655e-01,1.712183805820584048e+00,2.311587927146760091e+00
1.893000000000000016e+00,1.675000000000000000e+03,1.500000000000000000e+03,-5.693350377438750609e-01,1.712303822721444213e+00,2.301331920996758651e+00
1.911000000000000032e+00,1.675000000000000000e+03,1.500000000000000000e+03,-5.705730350700197739e-01,1.712344439129280804e+00,2.301331920996758651e+00
1.927999999999999936e+00,1.675000000000000000e+03,1.500000000000000000e+03,-5.705730350700197739e-01,1.712344439129280804e+00,2.301331920996758651e+00
1.945000000000000062e+00,1.675000000000000000e+03,1.500000000000000000e+03,-5.725309812100172202e-01,1.708546188928428133e+00,2.328837453618465503e+00
1.961999999999999966e+00,1.675000000000000000e+03,1.500000000000000000e+03,-5.725309812100172202e-01,1.708546188928428133e+00,2.328837453618465503e+00
1.979999999999999982e+00,1.675000000000000000e+03,1.500000000000000000e+03,-5.725309812100172202e-01,1.708546188928428133e+00,2.328837453618465503e+00
1.997000000000000108e+00,1.675000000000000000e+03,1.500000000000000000e+03,-5.737669509802831858e-01,1.708587412835981478e+00,2.318607182148510137e+00
2.013999999999999790e+00,1.675000000000000000e+03,1.500000000000000000e+03,-5.768554901704556759e-01,1.708691787186204625e+00,2.318515243650682400e+00
2.032000000000000028e+00,1.675000000000000000e+03,1.500000000000000000e+03,-5.768554901704556759e-01,1.708691787186204625e+00,2.318515243650682400e+00
2.048999999999999932e+00,1.675000000000000000e+03,1.500000000000000000e+03,-5.768554901704556759e-01,1.708691787186204625e+00,2.318515243650682400e+00
2.065999999999999837e+00,1.675000000000000000e+03,1.500000000000000000e+03,-5.780903566637125568e-01,1.708734060547832279e+00,2.308095151371434728e+00
2.083000000000000185e+00,1.675000000000000000e+03,1.500000000000000000e+03,-5.772993175686387257e-01,1.707420972387799551e+00,2.318426533618688890e+00
2.100000000000000089e+00,1.675000000000000000e+03,1.500000000000000000e+03,-5.783597419356343305e-01,1.706172253722980425e+00,2.301933197292319822e+00
2.116999999999999993e+00,1.675000000000000000e+03,1.500000000000000000e+03,-5.835580623794556221e-01,1.703785842116349425e+00,2.319161047178381452e+00
2.133999999999999897e+00,1.675000000000000000e+03,1.500000000000000000e+03,-5.835580623794556221e-01,1.703785842116349425e+00,2.319161047178381452e+00
2.152000000000000135e+00,1.675000000000000000e+03,1.500000000000000000e+03,-5.896194598616228966e-01,1.698878759007231842e+00,2.309466544318962367e+00
2.169000000000000039e+00,1.675000000000000000e+03,1.500000000000000000e+03,-5.894424764493264579e-01,1.697593502634640927e+00,2.303397973260385090e+00
2.185999999999999943e+00,1.675000000000000000e+03,1.500000000000000000e+03,-5.918985283824660382e-01,1.697683248492557695e+00,2.282686212178713703e+00
2.202999999999999847e+00,1.675000000000000000e+03,1.500000000000000000e+03,-5.918985283824660382e-01,1.697683248492557695e+00,2.282686212178713703e+00
2.220000000000000195e+00,1.675000000000000000e+03,1.500000000000000000e+03,-5.936405251020095974e-01,1.692641144830090205e+00,2.304117440078479628e+00
2.237000000000000099e+00,1.675000000000000000e+03,1.500000000000000000e+03,-5.954787883560859196e-01,1.692709447841077797e+00,2.293889848306901680e+00
2.254999999999999893e+00,1.675000000000000000e+03,1.500000000000000000e+03,-5.963461692537788128e-01,1.690194112247315417e+00,2.278435964857298934e+00
2.271999999999999797e+00,1.675000000000000000e+03,1.500000000000000000e+03,-5.963461692537788128e-01,1.690194112247315417e+00,2.278435964857298934e+00
2.289000000000000146e+00,1.675000000000000000e+03,1.500000000000000000e+03,-6.007007230273366805e-01,1.686543805343258207e+00,2.279257689214080340e+00
2.306000000000000050e+00,1.675000000000000000e+03,1.500000000000000000e+03,-6.007007230273366805e-01,1.686543805343258207e+00,2.279257689214080340e+00
2.323999999999999844e+00,1.675000000000000000e+03,1.500000000000000000e+03,-6.011315957356988537e-01,1.685290407214363739e+00,2.268968843253893919e+00
2.341000000000000192e+00,1.675000000000000000e+03,1.500000000000000000e+03,-6.017423593145561078e-01,1.685313780402277306e+00,2.258492506005016942e+00
2.358000000000000096e+00,1.675000000000000000e+03,1.500000000000000000e+03,-6.042519860016746236e-01,1.681606242643594484e+00,2.280083006465082995e+00
2.375000000000000000e+00,1.675000000000000000e+03,1.500000000000000000e+03,-6.060812218052011868e-01,1.681677350838911345e+00,2.259352814104495177e+00
2.392999999999999794e+00,1.675000000000000000e+03,1.500000000000000000e+03,-6.060812218052011868e-01,1.681677350838911345e+00,2.259352814104495177e+00
2.410000000000000142e+00,1.675000000000000000e+03,1.500000000000000000e+03,-6.073642056935666389e-01,1.677931297423462809e+00,2.244994125582036038e+00
2.427000000000000046e+00,1.675000000000000000e+03,1.500000000000000000e+03,-6.073642056935666389e-01,1.677931297423462809e+00,2.244994125582036038e+00
2.443999999999999950e+00,1.675000000000000000e+03,1.500000000000000000e+03,-6.085818793217714351e-01,1.677979146937497834e+00,2.234498587339007525e+00
2.460999999999999854e+00,1.675000000000000000e+03,1.500000000000000000e+03,-6.100427490905504513e-01,1.675510489125313196e+00,2.245852239397009509e+00
2.478000000000000203e+00,1.675000000000000000e+03,1.500000000000000000e+03,-6.135073068488745562e-01,1.674386907455939433e+00,2.256198364441253101e+00
2.495000000000000107e+00,1.675000000000000000e+03,1.500000000000000000e+03,-6.153299159120799722e-01,1.674460545500529030e+00,2.245911874590193591e+00
2.512000000000000011e+00,1.675000000000000000e+03,1.500000000000000000e+03,-6.143549536905685837e-01,1.671899860894304091e+00,2.232305493312160216e+00
2.528999999999999915e+00,1.675000000000000000e+03,1.500000000000000000e+03,-6.165986876028104469e-01,1.670731477765574180e+00,2.221982878322589006e+00
2.545999999999999819e+00,1.675000000000000000e+03,1.500000000000000000e+03,-6.188400423201649847e-01,1.669564689247108547e+00,2.246804691688073952e+00
2.564000000000000057e+00,1.675000000000000000e+03,1.500000000000000000e+03,-6.194462825527577987e-01,1.669589626363721990e+00,2.246804691688073952e+00
2.580999999999999961e+00,1.675000000000000000e+03,1.500000000000000000e+03,-6.202878300188388039e-01,1.667110055003018232e+00,2.233267153633808011e+00
2.597999999999999865e+00,1.675000000000000000e+03,1.500000000000000000e+03,-6.202878300188388039e-01,1.667110055003018232e+00,2.233267153633808011e+00
2.615000000000000213e+00,1.675000000000000000e+03,1.500000000000000000e+03,-6.225242638539580931e-01,1.665946958117196619e+00,2.222972802112201940e+00
2.633000000000000007e+00,1.675000000000000000e+03,1.500000000000000000e+03,-6.328425137095419206e-01,1.662623189477334229e+00,2.237431899898274956e+00
2.649999999999999911e+00,1.675000000000000000e+03,1.500000000000000000e+03,-6.338605195221909128e-01,1.661414848589942483e+00,2.234360488906859565e+00
2.668000000000000149e+00,1.675000000000000000e+03,1.500000000000000000e+03,-6.338605195221909128e-01,1.661414848589942483e+00,2.234360488906859565e+00
2.685000000000000053e+00,1.675000000000000000e+03,1.500000000000000000e+03,-6.352911502169511504e-01,1.658974711155976056e+00,2.258975698322562842e+00
2.701999999999999957e+00,1.675000000000000000e+03,1.500000000000000000e+03,-6.377019518049797941e-01,1.659080701969073868e+00,2.259016804450652227e+00
2.718999999999999861e+00,1.675000000000000000e+03,1.500000000000000000e+03,-6.395094394809854865e-01,1.659160854110105721e+00,2.248839696194064430e+00
2.736000000000000210e+00,1.675000000000000000e+03,1.500000000000000000e+03,-6.453381762436303237e-01,1.658172949891524084e+00,2.274262928302353437e+00
2.753000000000000114e+00,1.675000000000000000e+03,1.500000000000000000e+03,-6.457472274370090748e-01,1.656942115889017408e+00,2.274297649248770536e+00
2.770000000000000018e+00,1.675000000000000000e+03,1.500000000000000000e+03,-6.457472274370090748e-01,1.656942115889017408e+00,2.274297649248770536e+00
2.787999999999999812e+00,1.675000000000000000e+03,1.500000000000000000e+03,-6.479592735780310697e-01,1.655794640266849971e+00,2.270014657520548873e+00
2.806000000000000050e+00,1.675000000000000000e+03,1.500000000000000000e+03,-6.501690906803019310e-01,1.654648655622006359e+00,2.260064256545519790e+00
2.823999999999999844e+00,1.675000000000000000e+03,1.500000000000000000e+03,-6.547771639668507060e-01,1.653616484990753310e+00,2.285310550586370226e+00
2.841000000000000192e+00,1.675000000000000000e+03,1.500000000000000000e+03,-6.551818833574971634e-01,1.652389311010058481e+00,2.275270403909939176e+00
2.858000000000000096e+00,1.675000000000000000e+03,1.500000000000000000e+03,-6.551818833574971634e-01,1.652389311010058481e+00,2.275270403909939176e+00
2.875000000000000000e+00,1.675000000000000000e+03,1.500000000000000000e+03,-6.575805736677244884e-01,1.652502631172594327e+00,2.275315265147001664e+00
2.891000000000000014e+00,1.675000000000000000e+03,1.500000000000000000e+03,-6.575805736677244884e-01,1.652502631172594327e+00,2.275315265147001664e+00
2.907999999999999918e+00,1.675000000000000000e+03,1.500000000000000000e+03,-6.607831867640074908e-01,1.650165319401662334e+00,2.286229687406067690e+00
2.926000000000000156e+00,1.675000000000000000e+03,1.500000000000000000e+03,-6.651763525910392438e-01,1.647890594528095942e+00,2.312103925852355690e+00
2.942000000000000171e+00,1.675000000000000000e+03,1.500000000000000000e+03,-6.651763525910392438e-01,1.647890594528095942e+00,2.312103925852355690e+00
2.959000000000000075e+00,1.675000000000000000e+03,1.500000000000000000e+03,-6.685650933084095193e-01,1.646813998513108057e+00,2.312122080448850703e+00
2.976999999999999869e+00,1.675000000000000000e+03,1.500000000000000000e+03,-6.721500881928368365e-01,1.646991207873916618e+00,2.302260201684182661e+00
2.994000000000000217e+00,1.675000000000000000e+03,1.500000000000000000e+03,-6.721500881928368365e-01,1.646991207873916618e+00,2.302260201684182661e+00
3.011000000000000121e+00,1.675000000000000000e+03,1.500000000000000000e+03,-6.733402933158907366e-01,1.643328601198897232e+00,2.322685486035584113e+00
3.028000000000000025e+00,1.675000000000000000e+03,1.500000000000000000e+03,-6.763230201415402210e-01,1.643477913491941500e+00,2.313031707503252488e+00
3.044999999999999929e+00,1.675000000000000000e+03,1.500000000000000000e+03,-6.802943392752645035e-01,1.642439883767681685e+00,2.329747324533597563e+00
3.063000000000000167e+00,1.675000000000000000e+03,1.500000000000000000e+03,-6.820685214652570938e-01,1.638818250925445863e+00,2.323573947708377219e+00
3.080000000000000071e+00,1.675000000000000000e+03,1.500000000000000000e+03,-6.844489175518329027e-01,1.638940342916512360e+00,2.304102118041911229e+00
3.096999999999999975e+00,1.675000000000000000e+03,1.500000000000000000e+03,-6.889820327369491348e-01,1.634237096420366964e+00,2.314841304836173119e+00
3.113999999999999879e+00,1.675000000000000000e+03,1.500000000000000000e+03,-6.889820327369491348e-01,1.634237096420366964e+00,2.314841304836173119e+00
3.130999999999999783e+00,1.675000000000000000e+03,1.500000000000000000e+03,-6.929320902572015939e-01,1.633211474868165425e+00,2.331493856296370737e+00
3.148000000000000131e+00,1.675000000000000000e+03,1.500000000000000000e+03,-6.929320902572015939e-01,1.633211474868165425e+00,2.331493856296370737e+00
3.165000000000000036e+00,1.675000000000000000e+03,1.500000000000000000e+03,-7.052726902011123844e-01,1.622815901551904805e+00,2.317579923292997002e+00
3.181999999999999940e+00,1.675000000000000000e+03,1.500000000000000000e+03,-7.052726902011123844e-01,1.622815901551904805e+00,2.317579923292997002e+00
3.198999999999999844e+00,1.675000000000000000e+03,1.500000000000000000e+03,-7.087756270750882326e-01,1.619336412576511730e+00,2.293096247553266132e+00
3.216000000000000192e+00,1.675000000000000000e+03,1.500000000000000000e+03,-7.124813374073297734e-01,1.617097127535806589e+00,2.308812410148247896e+00
3.234999999999999876e+00,1.675000000000000000e+03,1.500000000000000000e+03,-7.124813374073297734e-01,1.617097127535806589e+00,2.308812410148247896e+00
3.251999999999999780e+00,1.675000000000000000e+03,1.500000000000000000e+03,-7.146262441297028811e-01,1.615995538418846245e+00,2.303707481423410641e+00
3.269000000000000128e+00,1.675000000000000000e+03,1.500000000000000000e+03,-7.146262441297028811e-01,1.615995538418846245e+00,2.303707481423410641e+00
3.286000000000000032e+00,1.675000000000000000e+03,1.500000000000000000e+03,-7.169818674409480508e-01,1.616126547399866276e+00,2.294183801471090245e+00
3.302999999999999936e+00,1.675000000000000000e+03,1.500000000000000000e+03,-7.183218976799012889e-01,1.613763296471702802e+00,2.284409715464539747e+00
3.319999999999999840e+00,1.675000000000000000e+03,1.500000000000000000e+03,-7.212095153929682922e-01,1.610274315368192877e+00,2.295117714915319240e+00
3.337000000000000188e+00,1.675000000000000000e+03,1.500000000000000000e+03,-7.237178757774409554e-01,1.607985897908569051e+00,2.271568079623672798e+00
3.354000000000000092e+00,1.675000000000000000e+03,1.500000000000000000e+03,-7.237178757774409554e-01,1.607985897908569051e+00,2.271568079623672798e+00
3.370999999999999996e+00,1.675000000000000000e+03,1.500000000000000000e+03,-7.273951283998523198e-01,1.605767963895669226e+00,2.286405293435830544e+00
3.387999999999999901e+00,1.675000000000000000e+03,1.500000000000000000e+03,-7.273951283998523198e-01,1.605767963895669226e+00,2.286405293435830544e+00
3.404999999999999805e+00,1.675000000000000000e+03,1.500000000000000000e+03,-7.289383070902260009e-01,1.604643917046555845e+00,2.282264604242562278e+00
3.423000000000000043e+00,1.675000000000000000e+03,1.500000000000000000e+03,-7.318040871911266620e-01,1.601176689392887820e+00,2.259607456811246973e+00
3.439000000000000057e+00,1.675000000000000000e+03,1.500000000000000000e+03,-7.318040871911266620e-01,1.601176689392887820e+00,2.259607456811246973e+00
3.455999999999999961e+00,1.675000000000000000e+03,1.500000000000000000e+03,-7.350982297621724282e-01,1.600157807946400723e+00,2.240130343816272074e+00
3.472999999999999865e+00,1.675000000000000000e+03,1.500000000000000000e+03,-7.350982297621724282e-01,1.600157807946400723e+00,2.240130343816272074e+00
3.490000000000000213e+00,1.675000000000000000e+03,1.500000000000000000e+03,-7.394859690087207671e-01,1.595585201337264003e+00,2.251095389002436331e+00
3.508000000000000007e+00,1.675000000000000000e+03,1.500000000000000000e+03,-7.394859690087207671e-01,1.595585201337264003e+00,2.251095389002436331e+00
3.524000000000000021e+00,1.675000000000000000e+03,1.500000000000000000e+03,-7.440799741568062675e-01,1.592242212285104763e+00,2.252100631326006575e+00
3.541999999999999815e+00,1.675000000000000000e+03,1.500000000000000000e+03,-7.456088090106924859e-01,1.591129850046161920e+00,2.242468832998909090e+00
3.557999999999999829e+00,1.675000000000000000e+03,1.500000000000000000e+03,-7.456088090106924859e-01,1.591129850046161920e+00,2.242468832998909090e+00
3.576000000000000068e+00,1.675000000000000000e+03,1.500000000000000000e+03,-7.486627486311976387e-01,1.588908060425050728e+00,2.230429933435104761e+00
3.592999999999999972e+00,1.675000000000000000e+03,1.500000000000000000e+03,-7.486627486311976387e-01,1.588908060425050728e+00,2.230429933435104761e+00
3.611000000000000210e+00,1.675000000000000000e+03,1.500000000000000000e+03,-7.519340039557673716e-01,1.587902924502132773e+00,2.243647796883161405e+00
3.628000000000000114e+00,1.675000000000000000e+03,1.500000000000000000e+03,-7.716390206235763660e-01,1.573570841597898173e+00,2.235290540861937458e+00
3.645000000000000018e+00,1.675000000000000000e+03,1.500000000000000000e+03,-7.716390206235763660e-01,1.573570841597898173e+00,2.235290540861937458e+00
3.661999999999999922e+00,1.675000000000000000e+03,1.500000000000000000e+03,-7.780019592796519889e-01,1.573968121016644073e+00,2.225969372033468563e+00
3.680000000000000160e+00,1.675000000000000000e+03,1.500000000000000000e+03,-7.780019592796519889e-01,1.573968121016644073e+00,2.225969372033468563e+00
3.697000000000000064e+00,1.675000000000000000e+03,1.500000000000000000e+03,-7.796239900730392858e-01,1.570503489816825748e+00,2.236705240787713933e+00
3.713999999999999968e+00,1.675000000000000000e+03,1.500000000000000000e+03,-7.840131015808193826e-01,1.569593590835359986e+00,2.237080376541199733e+00
3.732000000000000206e+00,1.675000000000000000e+03,1.500000000000000000e+03,-7.864348319124752074e-01,1.567375082896699912e+00,2.259780752797179382e+00
3.749000000000000110e+00,1.675000000000000000e+03,1.500000000000000000e+03,-7.904721321299552628e-01,1.567633375306254351e+00,2.250346314261919556e+00
3.766000000000000014e+00,1.675000000000000000e+03,1.500000000000000000e+03,-7.904721321299552628e-01,1.567633375306254351e+00,2.250346314261919556e+00
3.782999999999999918e+00,1.675000000000000000e+03,1.500000000000000000e+03,-7.904721321299552628e-01,1.567633375306254351e+00,2.250346314261919556e+00
3.799999999999999822e+00,1.675000000000000000e+03,1.500000000000000000e+03,-7.964494167934607072e-01,1.563282534701465831e+00,2.251572293390005530e+00
3.817000000000000171e+00,1.675000000000000000e+03,1.500000000000000000e+03,-7.990917491807911777e-01,1.562271951436479345e+00,2.239768082846473884e+00
3.834000000000000075e+00,1.675000000000000000e+03,1.500000000000000000e+03,-8.014953153471214842e-01,1.560066433282489395e+00,2.271933065529402551e+00
3.851999999999999869e+00,1.675000000000000000e+03,1.500000000000000000e+03,-8.055195637081666860e-01,1.560330399240629884e+00,2.262724411206192610e+00
3.870000000000000107e+00,1.675000000000000000e+03,1.500000000000000000e+03,-8.102136574238855138e-01,1.558280955016014158e+00,2.276457117938208263e+00
3.887000000000000011e+00,1.675000000000000000e+03,1.500000000000000000e+03,-8.102136574238855138e-01,1.558280955016014158e+00,2.276457117938208263e+00
3.903999999999999915e+00,1.675000000000000000e+03,1.500000000000000000e+03,-8.120311662726141799e-01,1.556044934283066450e+00,2.263945382116132166e+00
3.920999999999999819e+00,1.675000000000000000e+03,1.500000000000000000e+03,-8.163805017455474378e-01,1.555157868241075381e+00,2.287283928116170539e+00
3.939000000000000057e+00,1.675000000000000000e+03,1.500000000000000000e+03,-8.234355354332171251e-01,1.550930757522916537e+00,2.297892142321442677e+00
3.955999999999999961e+00,1.675000000000000000e+03,1.500000000000000000e+03,-8.234355354332171251e-01,1.550930757522916537e+00,2.297892142321442677e+00
3.972999999999999865e+00,1.675000000000000000e+03,1.500000000000000000e+03,-8.274433272571547482e-01,1.551202837268832013e+00,2.288809068303612637e+00
3.990000000000000213e+00,1.675000000000000000e+03,1.500000000000000000e+03,-8.292434217713443578e-01,1.548978701741507980e+00,2.312539171680997541e+00
4.006999999999999673e+00,1.675000000000000000e+03,1.500000000000000000e+03,-8.327557791510588059e-01,1.546875117395701604e+00,2.290005260142119692e+00
4.025000000000000355e+00,1.675000000000000000e+03,1.500000000000000000e+03,-8.347956730314568530e-01,1.545844351282764872e+00,2.290179667449456336e+00
4.041999999999999815e+00,1.675000000000000000e+03,1.500000000000000000e+03,-8.391184428893668779e-01,1.544972432514990501e+00,2.314002679081923031e+00
4.059000000000000163e+00,1.675000000000000000e+03,1.500000000000000000e+03,-8.391184428893668779e-01,1.544972432514990501e+00,2.314002679081923031e+00
4.075999999999999623e+00,1.675000000000000000e+03,1.500000000000000000e+03,-8.435103320524517390e-01,1.541770967550786242e+00,2.324115147230483736e+00
4.092999999999999972e+00,1.675000000000000000e+03,1.500000000000000000e+03,-8.461125365484020167e-01,1.540785081172534987e+00,2.315164650440955096e+00
4.110000000000000320e+00,1.675000000000000000e+03,1.500000000000000000e+03,-8.492826965695635666e-01,1.539840366685460538e+00,2.292772022934987941e+00
4.126999999999999780e+00,1.675000000000000000e+03,1.500000000000000000e+03,-8.678518259086706044e-01,1.527213914436198472e+00,2.296618179031877816e+00
4.144999999999999574e+00,1.675000000000000000e+03,1.500000000000000000e+03,-8.678518259086706044e-01,1.527213914436198472e+00,2.296618179031877816e+00
4.161999999999999922e+00,1.675000000000000000e+03,1.500000000000000000e+03,-8.724430446384965343e-01,1.525230024235542992e+00,2.310840916801133016e+00
4.179999999999999716e+00,1.675000000000000000e+03,1.500000000000000000e+03,-8.739375064640922952e-01,1.521872509081423352e+00,2.297847343381128837e+00
4.197000000000000064e+00,1.675000000000000000e+03,1.500000000000000000e+03,-8.739375064640922952e-01,1.521872509081423352e+00,2.297847343381128837e+00
4.214000000000000412e+00,1.675000000000000000e+03,1.500000000000000000e+03,-8.739375064640922952e-01,1.521872509081423352e+00,2.297847343381128837e+00
4.232000000000000206e+00,1.675000000000000000e+03,1.500000000000000000e+03,-8.782091568537463422e-01,1.521027642740051977e+00,2.312046788582537982e+00
4.248999999999999666e+00,1.675000000000000000e+03,1.500000000000000000e+03,-8.802610754007635929e-01,1.517719852286862459e+00,2.289849966273236781e+00
4.288000000000000256e+00,1.675000000000000000e+03,1.500000000000000000e+03,-8.802610754007635929e-01,1.517719852286862459e+00,2.289849966273236781e+00
4.310999999999999943e+00,1.675000000000000000e+03,1.500000000000000000e+03,-8.802610754007635929e-01,1.517719852286862459e+00,2.289849966273236781e+00
4.336999999999999744e+00,1.675000000000000000e+03,1.500000000000000000e+03,-8.802610754007635929e-01,1.517719852286862459e+00,2.289849966273236781e+00
4.354000000000000092e+00,1.675000000000000000e+03,1.500000000000000000e+03,-8.836987649781555820e-01,1.515669014849708951e+00,2.300120248258591626e+00
4.371999999999999886e+00,1.675000000000000000e+03,1.500000000000000000e+03,-8.857414188272814126e-01,1.512372261191014644e+00,2.278731972605841705e+00
4.389000000000000234e+00,1.675000000000000000e+03,1.500000000000000000e+03,-8.914650277706257508e-01,1.508206706237908534e+00,2.280013067947935124e+00
4.405999999999999694e+00,1.675000000000000000e+03,1.500000000000000000e+03,-8.974718142452948744e-01,1.502934319393177454e+00,2.272068853507660080e+00
4.424000000000000377e+00,1.675000000000000000e+03,1.500000000000000000e+03,-8.974718142452948744e-01,1.502934319393177454e+00,2.272068853507660080e+00
4.440999999999999837e+00,1.675000000000000000e+03,1.500000000000000000e+03,-9.005834432737338524e-01,1.502023268840801506e+00,2.260697456922920789e+00
4.458000000000000185e+00,1.675000000000000000e+03,1.500000000000000000e+03,-9.005834432737338524e-01,1.502023268840801506e+00,2.260697456922920789e+00
4.474999999999999645e+00,1.675000000000000000e+03,1.500000000000000000e+03,-9.125209433034582318e-01,1.491542353925695341e+00,2.243256014279927157e+00
4.490999999999999659e+00,1.675000000000000000e+03,1.500000000000000000e+03,-9.125209433034582318e-01,1.491542353925695341e+00,2.243256014279927157e+00
4.509000000000000341e+00,1.675000000000000000e+03,1.500000000000000000e+03,-9.125209433034582318e-01,1.491542353925695341e+00,2.243256014279927157e+00
4.525999999999999801e+00,1.675000000000000000e+03,1.500000000000000000e+03,-9.150782540847521851e-01,1.488336991796779252e+00,2.255228148152174761e+00
4.543000000000000149e+00,1.675000000000000000e+03,1.500000000000000000e+03,-9.223954993841620986e-01,1.484366784629541414e+00,2.236506727449488974e+00
4.559999999999999609e+00,1.675000000000000000e+03,1.500000000000000000e+03,-9.223954993841620986e-01,1.484366784629541414e+00,2.236506727449488974e+00
4.576999999999999957e+00,1.675000000000000000e+03,1.500000000000000000e+03,-9.254799310880057472e-01,1.483471093665524432e+00,2.237050862777707483e+00
4.594000000000000306e+00,1.675000000000000000e+03,1.500000000000000000e+03,-9.316659231570263433e-01,1.477185194734407236e+00,2.228279801017240658e+00
4.610999999999999766e+00,1.675000000000000000e+03,1.500000000000000000e+03,-9.358560476133815920e-01,1.476379980422045879e+00,2.249007561158692603e+00
4.628000000000000114e+00,1.675000000000000000e+03,1.500000000000000000e+03,-9.358560476133815920e-01,1.476379980422045879e+00,2.249007561158692603e+00
4.644999999999999574e+00,1.675000000000000000e+03,1.500000000000000000e+03,-9.636779060711428979e-01,1.460637942283121049e+00,2.236736723479274769e+00
4.663000000000000256e+00,1.675000000000000000e+03,1.500000000000000000e+03,-9.667135553663481762e-01,1.457540160256360906e+00,2.236502761367404002e+00
4.679999999999999716e+00,1.675000000000000000e+03,1.500000000000000000e+03,-9.708663937355000995e-01,1.456753970765864992e+00,2.247673873612270334e+00
4.698000000000000398e+00,1.675000000000000000e+03,1.500000000000000000e+03,-9.708663937355000995e-01,1.456753970765864992e+00,2.247673873612270334e+00
4.714999999999999858e+00,1.675000000000000000e+03,1.500000000000000000e+03,-9.708663937355000995e-01,1.456753970765864992e+00,2.247673873612270334e+00
4.732999999999999652e+00,1.675000000000000000e+03,1.500000000000000000e+03,-9.747310008356312450e-01,1.454838138685653259e+00,2.228845601887047945e+00
4.750000000000000000e+00,1.675000000000000000e+03,1.500000000000000000e+03,-9.816264766683054921e-01,1.452057243843190459e+00,2.230586909828531361e+00
4.767000000000000348e+00,1.675000000000000000e+03,1.500000000000000000e+03,-9.816264766683054921e-01,1.452057243843190459e+00,2.230586909828531361e+00
4.783999999999999808e+00,1.675000000000000000e+03,1.500000000000000000e+03,-9.816264766683054921e-01,1.452057243843190459e+00,2.230586909828531361e+00
4.801000000000000156e+00,1.675000000000000000e+03,1.500000000000000000e+03,-9.893259825032173493e-01,1.448244000486078154e+00,2.232332309275635307e+00
4.818999999999999950e+00,1.675000000000000000e+03,1.500000000000000000e+03,-9.934302783154833616e-01,1.445260152861910896e+00,2.252766543155290790e+00
4.834999999999999964e+00,1.675000000000000000e+03,1.500000000000000000e+03,-9.975269209596966391e-01,1.442282338118917373e+00,2.263163941727040385e+00
4.852999999999999758e+00,1.675000000000000000e+03,1.500000000000000000e+03,-1.001651120696191555e+00,1.441511016156213021e+00,2.254472535184528059e+00
4.870000000000000107e+00,1.675000000000000000e+03,1.500000000000000000e+03,-1.004632057906633236e+00,1.438453284292569023e+00,2.264849169421621067e+00
4.887999999999999901e+00,1.675000000000000000e+03,1.500000000000000000e+03,-1.009300986312654302e+00,1.437729570431652615e+00,2.256182413740840165e+00
4.905000000000000249e+00,1.675000000000000000e+03,1.500000000000000000e+03,-1.012822238286723575e+00,1.434723832876981575e+00,2.266538326187175656e+00
4.921999999999999709e+00,1.675000000000000000e+03,1.500000000000000000e+03,-1.012822238286723575e+00,1.434723832876981575e+00,2.266538326187175656e+00
4.939000000000000057e+00,1.675000000000000000e+03,1.500000000000000000e+03,-1.020993339347924689e+00,1.431006041151182462e+00,2.268231219251169328e+00
4.956999999999999851e+00,1.675000000000000000e+03,1.500000000000000000e+03,-1.020993339347924689e+00,1.431006041151182462e+00,2.268231219251169328e+00
4.974000000000000199e+00,1.675000000000000000e+03,1.500000000000000000e+03,-1.029393880642192283e+00,1.426230024709932653e+00,2.281243520448006379e+00
4.990999999999999659e+00,1.675000000000000000e+03,1.500000000000000000e+03,-1.029393880642192283e+00,1.426230024709932653e+00,2.281243520448006379e+00
5.008000000000000007e+00,1.675000000000000000e+03,1.500000000000000000e+03,-1.032884189274662301e+00,1.423247512878419663e+00,2.262156568060810002e+00
5.025000000000000355e+00,1.675000000000000000e+03,1.500000000000000000e+03,-1.036917023693460393e+00,1.420315264423531509e+00,2.273921066364517962e+00
5.041999999999999815e+00,1.675000000000000000e+03,1.500000000000000000e+03,-1.041247454722036503e+00,1.418497552915310767e+00,2.293130674535192703e+00
5.060999999999999943e+00,1.675000000000000000e+03,1.500000000000000000e+03,-1.044170578043114750e+00,1.415485471389801297e+00,2.274150973906932549e+00
5.078000000000000291e+00,1.675000000000000000e+03,1.500000000000000000e+03,-1.049586574739123535e+00,1.413763830483945494e+00,2.295067446585940196e+00
5.096000000000000085e+00,1.675000000000000000e+03,1.500000000000000000e+03,-1.053592956543138559e+00,1.410850576467540307e+00,2.296166028130146142e+00
5.113000000000000433e+00,1.675000000000000000e+03,1.500000000000000000e+03,-1.056735971184586287e+00,1.406795630903706851e+00,2.297263881072043379e+00
5.129999999999999893e+00,1.675000000000000000e+03,1.500000000000000000e+03,-1.079894237654478006e+00,1.392617869557019272e+00,2.294356751976318165e+00
5.147000000000000242e+00,1.675000000000000000e+03,1.500000000000000000e+03,-1.085255246197211587e+00,1.390927088775889331e+00,2.284624380364477236e+00
5.165000000000000036e+00,1.675000000000000000e+03,1.500000000000000000e+03,-1.087796836973235592e+00,1.386876923163923525e+00,2.285735678430357076e+00
5.182000000000000384e+00,1.675000000000000000e+03,1.500000000000000000e+03,-1.093688900829473898e+00,1.385238463191709180e+00,2.297443020732449881e+00
5.198999999999999844e+00,1.675000000000000000e+03,1.500000000000000000e+03,-1.093688900829473898e+00,1.385238463191709180e+00,2.297443020732449881e+00
5.216000000000000192e+00,1.675000000000000000e+03,1.500000000000000000e+03,-1.095768780580722135e+00,1.383286786911799293e+00,2.278743873982021384e+00
5.233999999999999986e+00,1.675000000000000000e+03,1.500000000000000000e+03,-1.100785851656419290e+00,1.380521633930267722e+00,2.288863585484711027e+00
5.251000000000000334e+00,1.675000000000000000e+03,1.500000000000000000e+03,-1.103945003658902468e+00,1.378666092621552153e+00,2.271641239399414758e+00
5.267999999999999794e+00,1.675000000000000000e+03,1.500000000000000000e+03,-1.108186637354719561e+00,1.376903343937777358e+00,2.281909086839114753e+00
5.285999999999999588e+00,1.675000000000000000e+03,1.500000000000000000e+03,-1.111556621660815258e+00,1.374014818486877676e+00,2.263887650394207363e+00
5.302999999999999936e+00,1.675000000000000000e+03,1.500000000000000000e+03,-1.119689616467306692e+00,1.369423207893231798e+00,2.275964938483197031e+00
5.320000000000000284e+00,1.675000000000000000e+03,1.500000000000000000e+03,-1.119689616467306692e+00,1.369423207893231798e+00,2.275964938483197031e+00
5.336999999999999744e+00,1.675000000000000000e+03,1.500000000000000000e+03,-1.122714874465125634e+00,1.365470549254500288e+00,2.286191052892990516e+00
5.354000000000000092e+00,1.675000000000000000e+03,1.500000000000000000e+03,-1.126718189180526686e+00,1.364755281312245661e+00,2.277226052133165535e+00
5.371000000000000441e+00,1.675000000000000000e+03,1.500000000000000000e+03,-1.129519480702421363e+00,1.361843559160253125e+00,2.259893985183703435e+00
5.387999999999999901e+00,1.675000000000000000e+03,1.500000000000000000e+03,-1.134268553258964474e+00,1.360146704386346883e+00,2.261252062973432952e+00
5.405000000000000249e+00,1.675000000000000000e+03,1.500000000000000000e+03,-1.134268553258964474e+00,1.360146704386346883e+00,2.261252062973432952e+00
5.423000000000000043e+00,1.675000000000000000e+03,1.500000000000000000e+03,-1.142006206127565537e+00,1.354526010840825467e+00,2.254196529951740136e+00
5.440000000000000391e+00,1.675000000000000000e+03,1.500000000000000000e+03,-1.142006206127565537e+00,1.354526010840825467e+00,2.254196529951740136e+00
5.458000000000000185e+00,1.675000000000000000e+03,1.500000000000000000e+03,-1.148434982315439390e+00,1.349857246903564789e+00,2.247261041315873342e+00
5.474000000000000199e+00,1.675000000000000000e+03,1.500000000000000000e+03,-1.148434982315439390e+00,1.349857246903564789e+00,2.247261041315873342e+00
5.490999999999999659e+00,1.675000000000000000e+03,1.500000000000000000e+03,-1.153362334798659239e+00,1.347153105311019505e+00,2.257497560867483877e+00
5.508000000000000007e+00,1.675000000000000000e+03,1.500000000000000000e+03,-1.160163876357234169e+00,1.340470112916450240e+00,2.260108925693830706e+00
5.525999999999999801e+00,1.675000000000000000e+03,1.500000000000000000e+03,-1.160163876357234169e+00,1.340470112916450240e+00,2.260108925693830706e+00
5.543000000000000149e+00,1.675000000000000000e+03,1.500000000000000000e+03,-1.163793478702851214e+00,1.338707650254854720e+00,2.243471563155214454e+00
5.559999999999999609e+00,1.675000000000000000e+03,1.500000000000000000e+03,-1.163793478702851214e+00,1.338707650254854720e+00,2.243471563155214454e+00
5.576999999999999957e+00,1.675000000000000000e+03,1.500000000000000000e+03,-1.167815745280968098e+00,1.334917962395837154e+00,2.253545323828127334e+00
5.594000000000000306e+00,1.675000000000000000e+03,1.500000000000000000e+03,-1.171435833134989446e+00,1.333161815254108706e+00,2.236620480272032641e+00
5.610999999999999766e+00,1.675000000000000000e+03,1.500000000000000000e+03,-1.180321242219356304e+00,1.326715734244392042e+00,2.248325779441425087e+00
5.628000000000000114e+00,1.675000000000000000e+03,1.500000000000000000e+03,-1.196360280565953005e+00,1.316818040445635329e+00,2.253173435814797898e+00
5.644999999999999574e+00,1.675000000000000000e+03,1.500000000000000000e+03,-1.201741142137546348e+00,1.314215463539464057e+00,2.263158560164250765e+00
5.663000000000000256e+00,1.675000000000000000e+03,1.500000000000000000e+03,-1.201741142137546348e+00,1.314215463539464057e+00,2.263158560164250765e+00
5.681000000000000050e+00,1.675000000000000000e+03,1.500000000000000000e+03,-1.204974252036964177e+00,1.311437096084871357e+00,2.238743294815635831e+00
5.698000000000000398e+00,1.675000000000000000e+03,1.500000000000000000e+03,-1.204974252036964177e+00,1.311437096084871357e+00,2.238743294815635831e+00
5.714999999999999858e+00,1.675000000000000000e+03,1.500000000000000000e+03,-1.213392639103362924e+00,1.304035809975264026e+00,2.250237663963137180e+00
5.732000000000000206e+00,1.675000000000000000e+03,1.500000000000000000e+03,-1.219449483682237823e+00,1.303534582304301637e+00,2.259504549247357552e+00
5.750000000000000000e+00,1.675000000000000000e+03,1.500000000000000000e+03,-1.226396990908419360e+00,1.298063406222639049e+00,2.245165700308818568e+00
5.767000000000000348e+00,1.675000000000000000e+03,1.500000000000000000e+03,-1.230305870060186990e+00,1.294366112125204804e+00,2.255102650705261613e+00
5.783999999999999808e+00,1.675000000000000000e+03,1.500000000000000000e+03,-1.230305870060186990e+00,1.294366112125204804e+00,2.255102650705261613e+00
5.801000000000000156e+00,1.675000000000000000e+03,1.500000000000000000e+03,-1.237587319318022683e+00,1.292969569104861272e+00,2.264691855953426813e+00
5.818999999999999950e+00,1.675000000000000000e+03,1.500000000000000000e+03,-1.241479129285553817e+00,1.289283649077622940e+00,2.274569679702037828e+00
5.836000000000000298e+00,1.675000000000000000e+03,1.500000000000000000e+03,-1.244658757667047588e+00,1.286546921057076354e+00,2.267303646441745535e+00
5.852999999999999758e+00,1.675000000000000000e+03,1.500000000000000000e+03,-1.250494002315960529e+00,1.284038727481267017e+00,2.277162500069641826e+00
5.870000000000000107e+00,1.675000000000000000e+03,1.500000000000000000e+03,-1.254388748934661457e+00,1.283368147648835222e+00,2.269508447805636209e+00
5.887999999999999901e+00,1.675000000000000000e+03,1.500000000000000000e+03,-1.254388748934661457e+00,1.283368147648835222e+00,2.269508447805636209e+00
5.905000000000000249e+00,1.675000000000000000e+03,1.500000000000000000e+03,-1.258784609730632997e+00,1.279748144084693617e+00,2.270991173528464468e+00
5.923000000000000043e+00,1.675000000000000000e+03,1.500000000000000000e+03,-1.262640123923390645e+00,1.276091176520759429e+00,2.280812274420036090e+00
5.940000000000000391e+00,1.675000000000000000e+03,1.500000000000000000e+03,-1.273023321662058560e+00,1.272000395476381218e+00,2.291894022896056704e+00
5.956999999999999851e+00,1.675000000000000000e+03,1.500000000000000000e+03,-1.273023321662058560e+00,1.272000395476381218e+00,2.291894022896056704e+00
5.974000000000000199e+00,1.675000000000000000e+03,1.500000000000000000e+03,-1.281793218258134193e+00,1.267786615507244807e+00,2.285922839195577705e+00
5.990999999999999659e+00,1.675000000000000000e+03,1.500000000000000000e+03,-1.281793218258134193e+00,1.267786615507244807e+00,2.285922839195577705e+00
6.008000000000000007e+00,1.675000000000000000e+03,1.500000000000000000e+03,-1.287576707295775780e+00,1.265308442005011802e+00,2.295500316237854666e+00
6.025000000000000355e+00,1.675000000000000000e+03,1.500000000000000000e+03,-1.290170749757043822e+00,1.262566013733533943e+00,2.305204069439817705e+00
6.041999999999999815e+00,1.675000000000000000e+03,1.500000000000000000e+03,-1.290170749757043822e+00,1.262566013733533943e+00,2.305204069439817705e+00
6.059000000000000163e+00,1.675000000000000000e+03,1.500000000000000000e+03,-1.301020809186479887e+00,1.258555335467999470e+00,2.316670491792214737e+00
6.075999999999999623e+00,1.675000000000000000e+03,1.500000000000000000e+03,-1.304659438179599729e+00,1.255912942025121382e+00,2.308766133068292703e+00
6.094000000000000306e+00,1.675000000000000000e+03,1.500000000000000000e+03,-1.308973309186253431e+00,1.252351591772268069e+00,2.310202308661644111e+00
6.112000000000000099e+00,1.675000000000000000e+03,1.500000000000000000e+03,-1.331809031459180170e+00,1.239626990032990150e+00,2.308118893900501511e+00
6.128999999999999559e+00,1.675000000000000000e+03,1.500000000000000000e+03,-1.331809031459180170e+00,1.239626990032990150e+00,2.308118893900501511e+00
6.147000000000000242e+00,1.675000000000000000e+03,1.500000000000000000e+03,-1.331809031459180170e+00,1.239626990032990150e+00,2.308118893900501511e+00
6.163999999999999702e+00,1.675000000000000000e+03,1.500000000000000000e+03,-1.335407490011411902e+00,1.237013851601968195e+00,2.317700604149668830e+00
6.181000000000000050e+00,1.675000000000000000e+03,1.500000000000000000e+03,-1.343396349425539649e+00,1.229932565781691078e+00,2.320551054378050537e+00
6.198000000000000398e+00,1.675000000000000000e+03,1.500000000000000000e+03,-1.349085586133197623e+00,1.227510339734175560e+00,2.321973643510267138e+00
6.214999999999999858e+00,1.675000000000000000e+03,1.500000000000000000e+03,-1.353850588244532638e+00,1.224051517668709899e+00,2.323394446783566991e+00
6.232999999999999652e+00,1.675000000000000000e+03,1.500000000000000000e+03,-1.353850588244532638e+00,1.224051517668709899e+00,2.323394446783566991e+00
6.250000000000000000e+00,1.675000000000000000e+03,1.500000000000000000e+03,-1.353850588244532638e+00,1.224051517668709899e+00,2.323394446783566991e+00
6.267999999999999794e+00,1.675000000000000000e+03,1.500000000000000000e+03,-1.358080186458561878e+00,1.220555731454661785e+00,2.324813443172893290e+00
6.285000000000000142e+00,1.675000000000000000e+03,1.500000000000000000e+03,-1.362301649190221564e+00,1.217067025729911212e+00,2.326230611951846772e+00
6.301000000000000156e+00,1.675000000000000000e+03,1.500000000000000000e+03,-1.366515013566910630e+00,1.213585366546314770e+00,2.327645932689570429e+00
6.318999999999999950e+00,1.675000000000000000e+03,1.500000000000000000e+03,-1.374392582976240895e+00,1.206599564070153452e+00,2.297919124906136368e+00
6.336000000000000298e+00,1.675000000000000000e+03,1.500000000000000000e+03,-1.374392582976240895e+00,1.206599564070153452e+00,2.297919124906136368e+00
6.352999999999999758e+00,1.675000000000000000e+03,1.500000000000000000e+03,-1.380028376229214260e+00,1.204209756240633755e+00,2.299371640806424644e+00
6.370000000000000107e+00,1.675000000000000000e+03,1.500000000000000000e+03,-1.384210339222200714e+00,1.200753844739560705e+00,2.292751538273880119e+00
6.386999999999999567e+00,1.675000000000000000e+03,1.500000000000000000e+03,-1.384210339222200714e+00,1.200753844739560705e+00,2.292751538273880119e+00
6.405000000000000249e+00,1.675000000000000000e+03,1.500000000000000000e+03,-1.388384381704196535e+00,1.197304820866479602e+00,2.294210423937558474e+00
6.421999999999999709e+00,1.675000000000000000e+03,1.500000000000000000e+03,-1.393074358107480704e+00,1.193905806917831214e+00,2.295667296547495795e+00
6.439000000000000057e+00,1.675000000000000000e+03,1.500000000000000000e+03,-1.397354689500164948e+00,1.189537273088628666e+00,2.290171524377578205e+00
6.456000000000000405e+00,1.675000000000000000e+03,1.500000000000000000e+03,-1.401503494859370758e+00,1.186110493585452730e+00,2.291632711183966720e+00
6.472999999999999865e+00,1.675000000000000000e+03,1.500000000000000000e+03,-1.406286677356551884e+00,1.181804433947621469e+00,2.293091831857417606e+00
6.490000000000000213e+00,1.675000000000000000e+03,1.500000000000000000e+03,-1.410536421263131057e+00,1.177466444670405732e+00,2.310199755523595133e+00
6.506999999999999673e+00,1.675000000000000000e+03,1.500000000000000000e+03,-1.420107872488484801e+00,1.172640634697465600e+00,2.280938274768244955e+00
6.524000000000000021e+00,1.675000000000000000e+03,1.500000000000000000e+03,-1.420107872488484801e+00,1.172640634697465600e+00,2.280938274768244955e+00
6.541999999999999815e+00,1.675000000000000000e+03,1.500000000000000000e+03,-1.423288203157002219e+00,1.168240605363549012e+00,2.284058834989475706e+00
6.559000000000000163e+00,1.675000000000000000e+03,1.500000000000000000e+03,-1.427909687955779994e+00,1.164897773424775185e+00,2.285525279191258363e+00
6.576999999999999957e+00,1.675000000000000000e+03,1.500000000000000000e+03,-1.436607812130423989e+00,1.158189111056695086e+00,2.280476999456638953e+00
6.594000000000000306e+00,1.675000000000000000e+03,1.500000000000000000e+03,-1.436607812130423989e+00,1.158189111056695086e+00,2.280476999456638953e+00
6.610999999999999766e+00,1.675000000000000000e+03,1.500000000000000000e+03,-1.445274580106257645e+00,1.151506065220604391e+00,2.283413712800213435e+00
6.628000000000000114e+00,1.675000000000000000e+03,1.500000000000000000e+03,-1.445274580106257645e+00,1.151506065220604391e+00,2.283413712800213435e+00
6.645999999999999908e+00,1.675000000000000000e+03,1.500000000000000000e+03,-1.467900498322965985e+00,1.136820326594338404e+00,2.276108272608094119e+00
6.663000000000000256e+00,1.675000000000000000e+03,1.500000000000000000e+03,-1.471827527494662169e+00,1.134398236861427822e+00,2.285863865739484968e+00
6.679999999999999716e+00,1.675000000000000000e+03,1.500000000000000000e+03,-1.471827527494662169e+00,1.134398236861427822e+00,2.285863865739484968e+00
6.697000000000000064e+00,1.675000000000000000e+03,1.500000000000000000e+03,-1.477303806512485496e+00,1.132103251757486273e+00,2.287322936039611232e+00
6.714000000000000412e+00,1.675000000000000000e+03,1.500000000000000000e+03,-1.477303806512485496e+00,1.132103251757486273e+00,2.287322936039611232e+00
6.730999999999999872e+00,1.675000000000000000e+03,1.500000000000000000e+03,-1.481834702820775007e+00,1.128828043279745064e+00,2.288779684610791509e+00
6.748000000000000220e+00,1.675000000000000000e+03,1.500000000000000000e+03,-1.486875280775037833e+00,1.125599956922062272e+00,2.290234099040881599e+00
6.764999999999999680e+00,1.675000000000000000e+03,1.500000000000000000e+03,-1.491390238614568098e+00,1.122336701385944657e+00,2.291686167112037875e+00
6.783000000000000362e+00,1.675000000000000000e+03,1.500000000000000000e+03,-1.491390238614568098e+00,1.122336701385944657e+00,2.291686167112037875e+00
6.799999999999999822e+00,1.675000000000000000e+03,1.500000000000000000e+03,-1.496414400033572845e+00,1.119120308099105010e+00,2.301235785803667167e+00
6.817000000000000171e+00,1.675000000000000000e+03,1.500000000000000000e+03,-1.496414400033572845e+00,1.119120308099105010e+00,2.301235785803667167e+00
6.833999999999999631e+00,1.675000000000000000e+03,1.500000000000000000e+03,-1.501339996190845127e+00,1.116803612073951513e+00,2.294964855201810039e+00
6.850999999999999979e+00,1.675000000000000000e+03,1.500000000000000000e+03,-1.505832498563528743e+00,1.113556333988754421e+00,2.296409264826431595e+00
6.868000000000000327e+00,1.675000000000000000e+03,1.500000000000000000e+03,-1.511350025721059254e+00,1.110396188403822482e+00,2.305916480017859982e+00
6.884999999999999787e+00,1.675000000000000000e+03,1.500000000000000000e+03,-1.520811421469823177e+00,1.103971083174257739e+00,2.301107350356808023e+00
6.902000000000000135e+00,1.675000000000000000e+03,1.500000000000000000e+03,-1.525272504200955170e+00,1.100746997449105979e+00,2.302541524266224826e+00
6.919999999999999929e+00,1.675000000000000000e+03,1.500000000000000000e+03,-1.525272504200955170e+00,1.100746997449105979e+00,2.302541524266224826e+00
6.937000000000000277e+00,1.675000000000000000e+03,1.500000000000000000e+03,-1.531787517363604634e+00,1.097689514323703097e+00,2.304351270849503308e+00
6.953999999999999737e+00,1.675000000000000000e+03,1.500000000000000000e+03,-1.536232375837810915e+00,1.094476598204296547e+00,2.305779952082378514e+00
6.972000000000000419e+00,1.675000000000000000e+03,1.500000000000000000e+03,-1.536232375837810915e+00,1.094476598204296547e+00,2.305779952082378514e+00
6.988999999999999879e+00,1.675000000000000000e+03,1.500000000000000000e+03,-1.547749696915431405e+00,1.087388171071503429e+00,2.315551781235765105e+00
7.006000000000000227e+00,1.675000000000000000e+03,1.500000000000000000e+03,-1.552169427532255064e+00,1.084193585658470571e+00,2.316964181684081581e+00
7.022999999999999687e+00,1.675000000000000000e+03,1.500000000000000000e+03,-1.557610023146472455e+00,1.081083994819750149e+00,2.326449176956145948e+00
7.040000000000000036e+00,1.675000000000000000e+03,1.500000000000000000e+03,-1.563042280315835253e+00,1.077979651002029193e+00,2.320151203358030489e+00
7.057000000000000384e+00,1.675000000000000000e+03,1.500000000000000000e+03,-1.568466230949871587e+00,1.074880529930381634e+00,2.359101745966632357e+00
7.073999999999999844e+00,1.675000000000000000e+03,1.500000000000000000e+03,-1.573368345096445964e+00,1.071747255087042827e+00,2.353058964478981885e+00
7.091999999999999638e+00,1.675000000000000000e+03,1.500000000000000000e+03,-1.573368345096445964e+00,1.071747255087042827e+00,2.353058964478981885e+00
7.108999999999999986e+00,1.675000000000000000e+03,1.500000000000000000e+03,-1.579356692872555756e+00,1.067828426452891222e+00,2.333048590398843825e+00
7.126000000000000334e+00,1.675000000000000000e+03,1.500000000000000000e+03,-1.584754352111455766e+00,1.064746370373233830e+00,2.334795084730056480e+00
7.142999999999999794e+00,1.675000000000000000e+03,1.500000000000000000e+03,-1.614013620864537479e+00,1.044414414744687214e+00,2.365555591054179452e+00
7.160999999999999588e+00,1.675000000000000000e+03,1.500000000000000000e+03,-1.620997170877935378e+00,1.039775329067858411e+00,2.346134451172762425e+00
7.177999999999999936e+00,1.675000000000000000e+03,1.500000000000000000e+03,-1.629602012251502696e+00,1.033557580479676385e+00,2.348852779209941843e+00
7.195000000000000284e+00,1.675000000000000000e+03,1.500000000000000000e+03,-1.629602012251502696e+00,1.033557580479676385e+00,2.348852779209941843e+00
7.211999999999999744e+00,1.675000000000000000e+03,1.500000000000000000e+03,-1.634914448956641397e+00,1.030532498407058739e+00,2.357968114210656552e+00
7.230000000000000426e+00,1.675000000000000000e+03,1.500000000000000000e+03,-1.645151114322882524e+00,1.021919408319504452e+00,2.361641076174949117e+00
7.246999999999999886e+00,1.675000000000000000e+03,1.500000000000000000e+03,-1.649926398776048631e+00,1.018876058127266671e+00,2.362976252344100470e+00
7.264999999999999680e+00,1.675000000000000000e+03,1.500000000000000000e+03,-1.649926398776048631e+00,1.018876058127266671e+00,2.362976252344100470e+00
7.282000000000000028e+00,1.675000000000000000e+03,1.500000000000000000e+03,-1.654739994753673615e+00,1.014995059614743678e+00,2.343750335801130458e+00
7.299000000000000377e+00,1.675000000000000000e+03,1.500000000000000000e+03,-1.659034995148422009e+00,1.011085423970229158e+00,2.358921204460651122e+00
7.315999999999999837e+00,1.675000000000000000e+03,1.500000000000000000e+03,-1.664379959471331993e+00,1.006420207224564933e+00,2.347451358504178742e+00
7.333000000000000185e+00,1.675000000000000000e+03,1.500000000000000000e+03,-1.664379959471331993e+00,1.006420207224564933e+00,2.347451358504178742e+00
7.349999999999999645e+00,1.675000000000000000e+03,1.500000000000000000e+03,-1.669120482908788894e+00,1.003402904648967642e+00,2.348799564685722707e+00
7.366999999999999993e+00,1.675000000000000000e+03,1.500000000000000000e+03,-1.673853718326548279e+00,1.000390562211727730e+00,2.357837063690757962e+00
7.384000000000000341e+00,1.675000000000000000e+03,1.500000000000000000e+03,-1.679164722980894808e+00,9.957533733914979424e-01,2.331621717923101134e+00
7.402000000000000135e+00,1.675000000000000000e+03,1.500000000000000000e+03,-1.687685167806449948e+00,9.871992402204917694e-01,2.329756879878941866e+00
7.418000000000000149e+00,1.675000000000000000e+03,1.500000000000000000e+03,-1.687685167806449948e+00,9.871992402204917694e-01,2.329756879878941866e+00
7.434999999999999609e+00,1.675000000000000000e+03,1.500000000000000000e+03,-1.687685167806449948e+00,9.871992402204917694e-01,2.329756879878941866e+00
7.453999999999999737e+00,1.675000000000000000e+03,1.500000000000000000e+03,-1.697647042551322816e+00,9.796195662647370073e-01,2.333470467166832041e+00
7.471000000000000085e+00,1.675000000000000000e+03,1.500000000000000000e+03,-1.702327912138219101e+00,9.766468392961181744e-01,2.327413399378019943e+00
7.488000000000000433e+00,1.675000000000000000e+03,1.500000000000000000e+03,-1.707063696398052111e+00,9.720364695309048342e-01,2.316756279761960968e+00
7.504999999999999893e+00,1.675000000000000000e+03,1.500000000000000000e+03,-1.711727783970712569e+00,9.690762550389756536e-01,2.318129663050791045e+00
7.520999999999999908e+00,1.675000000000000000e+03,1.500000000000000000e+03,-1.716974070452168544e+00,9.637043986475833934e-01,2.327874493277382051e+00
7.538000000000000256e+00,1.675000000000000000e+03,1.500000000000000000e+03,-1.722123848519543809e+00,9.607931060369699905e-01,2.321855294037463047e+00
7.554999999999999716e+00,1.675000000000000000e+03,1.500000000000000000e+03,-1.731467116511905102e+00,9.524790461022655252e-01,2.313324044429083681e+00
7.572000000000000064e+00,1.675000000000000000e+03,1.500000000000000000e+03,-1.731467116511905102e+00,9.524790461022655252e-01,2.313324044429083681e+00
7.589000000000000412e+00,1.675000000000000000e+03,1.500000000000000000e+03,-1.731467116511905102e+00,9.524790461022655252e-01,2.313324044429083681e+00
7.607000000000000206e+00,1.675000000000000000e+03,2.000000000000000000e+03,-1.741247874941862284e+00,9.450464626417792724e-01,2.317044454906772355e+00
7.625000000000000000e+00,1.675000000000000000e+03,2.000000000000000000e+03,-1.741247874941862284e+00,9.450464626417792724e-01,2.317044454906772355e+00
7.642000000000000348e+00,1.675000000000000000e+03,2.000000000000000000e+03,-1.761726566245354064e+00,9.287429118932041261e-01,2.312589024488801215e+00
7.658999999999999808e+00,1.675000000000000000e+03,2.000000000000000000e+03,-1.768298000446773433e+00,9.259886362194410525e-01,2.306950292096688671e+00
7.676000000000000156e+00,1.675000000000000000e+03,2.000000000000000000e+03,-1.773385308902156066e+00,9.215442859125314579e-01,2.316667053314970470e+00
7.692999999999999616e+00,1.675000000000000000e+03,2.000000000000000000e+03,-1.778436883132290980e+00,9.186996088059576904e-01,2.310654065998382301e+00
7.709999999999999964e+00,1.675000000000000000e+03,2.000000000000000000e+03,-1.783501696994146180e+00,9.142737151260112993e-01,2.312400871849292106e+00
7.727999999999999758e+00,1.675000000000000000e+03,2.000000000000000000e+03,-1.795076234310118757e+00,9.071321921340730343e-01,2.323789425481974646e+00
7.745000000000000107e+00,1.675000000000000000e+03,2.000000000000000000e+03,-1.800598069362247866e+00,9.035553966354773481e-01,2.306973022111129090e+00
7.762999999999999901e+00,1.675000000000000000e+03,2.000000000000000000e+03,-1.805121169671002779e+00,8.983498612694865715e-01,2.320112929216204822e+00
7.780999999999999694e+00,1.675000000000000000e+03,2.000000000000000000e+03,-1.805121169671002779e+00,8.983498612694865715e-01,2.320112929216204822e+00
7.798000000000000043e+00,1.675000000000000000e+03,2.000000000000000000e+03,-1.810619999640611377e+00,8.947908610025315790e-01,2.318323731391152442e+00
7.815000000000000391e+00,1.675000000000000000e+03,2.000000000000000000e+03,-1.816107034110153284e+00,8.920203326301062718e-01,2.312384938257403100e+00
7.833000000000000185e+00,1.675000000000000000e+03,2.000000000000000000e+03,-1.822084441623458284e+00,8.877262978345411559e-01,2.333109127156455020e+00
7.849999999999999645e+00,1.675000000000000000e+03,2.000000000000000000e+03,-1.827552294139141331e+00,8.841881684315632262e-01,2.319788369148614748e+00
7.866999999999999993e+00,1.675000000000000000e+03,2.000000000000000000e+03,-1.838453142934409312e+00,8.763584072483837639e-01,2.331136726031017847e+00
7.884999999999999787e+00,1.675000000000000000e+03,2.000000000000000000e+03,-1.838453142934409312e+00,8.763584072483837639e-01,2.331136726031017847e+00
7.902999999999999581e+00,1.675000000000000000e+03,2.000000000000000000e+03,-1.849811086929781467e+00,8.693657039302028489e-01,2.323842788667939363e+00
7.919999999999999929e+00,1.675000000000000000e+03,2.000000000000000000e+03,-1.855226631613513755e+00,8.658636837667773589e-01,2.317856716903561765e+00
7.937999999999999723e+00,1.675000000000000000e+03,2.000000000000000000e+03,-1.855226631613513755e+00,8.658636837667773589e-01,2.317856716903561765e+00
7.956000000000000405e+00,1.675000000000000000e+03,2.000000000000000000e+03,-1.865532358133452862e+00,8.588488504634991250e-01,2.332452786455249782e+00
7.972999999999999865e+00,1.675000000000000000e+03,2.000000000000000000e+03,-1.871921233683117247e+00,8.561943544052278421e-01,2.326739578200347047e+00
7.990999999999999659e+00,1.675000000000000000e+03,2.000000000000000000e+03,-1.871921233683117247e+00,8.561943544052278421e-01,2.326739578200347047e+00
8.007999999999999119e+00,1.675000000000000000e+03,2.000000000000000000e+03,-1.877283438676321081e+00,8.519549918124652566e-01,2.325235387989403435e+00
8.025999999999999801e+00,1.675000000000000000e+03,2.000000000000000000e+03,-1.888004195901027193e+00,8.450255732890054050e-01,2.332353684699781660e+00
8.042999999999999261e+00,1.675000000000000000e+03,2.000000000000000000e+03,-1.888004195901027193e+00,8.450255732890054050e-01,2.332353684699781660e+00
8.060000000000000497e+00,1.675000000000000000e+03,2.000000000000000000e+03,-1.899179111969846234e+00,8.381536773387837647e-01,2.317384931126123870e+00
8.076999999999999957e+00,1.675000000000000000e+03,2.000000000000000000e+03,-1.904011243769749617e+00,8.346819247437541334e-01,2.319087023213285192e+00
8.095000000000000639e+00,1.675000000000000000e+03,2.000000000000000000e+03,-1.904011243769749617e+00,8.346819247437541334e-01,2.319087023213285192e+00
8.112000000000000099e+00,1.675000000000000000e+03,2.000000000000000000e+03,-1.909843251375610507e+00,8.320309348547209050e-01,2.313251416398610427e+00
8.130000000000000782e+00,1.675000000000000000e+03,2.000000000000000000e+03,-1.909843251375610507e+00,8.320309348547209050e-01,2.313251416398610427e+00
8.147000000000000242e+00,1.675000000000000000e+03,2.000000000000000000e+03,-1.931970012441955431e+00,8.176654392598140531e-01,2.304863031450333555e+00
8.163999999999999702e+00,1.675000000000000000e+03,2.000000000000000000e+03,-1.937206717893276808e+00,8.135188469296709135e-01,2.296534740846953859e+00
8.180999999999999162e+00,1.675000000000000000e+03,2.000000000000000000e+03,-1.937206717893276808e+00,8.135188469296709135e-01,2.296534740846953859e+00
8.198999999999999844e+00,1.675000000000000000e+03,2.000000000000000000e+03,-1.947643229625286798e+00,8.052560085811079071e-01,2.292720777556449985e+00
8.215999999999999304e+00,1.675000000000000000e+03,2.000000000000000000e+03,-1.947643229625286798e+00,8.052560085811079071e-01,2.292720777556449985e+00
8.233000000000000540e+00,1.675000000000000000e+03,2.000000000000000000e+03,-1.947643229625286798e+00,8.052560085811079071e-01,2.292720777556449985e+00
8.250999999999999446e+00,1.675000000000000000e+03,2.000000000000000000e+03,-1.952876823809657436e+00,8.018786970407582038e-01,2.286146241907223153e+00
8.269000000000000128e+00,1.675000000000000000e+03,2.000000000000000000e+03,-1.957085335572914309e+00,7.977122423038017773e-01,2.278225100297254002e+00
8.285999999999999588e+00,1.675000000000000000e+03,2.000000000000000000e+03,-1.962262961817969220e+00,7.936143088678416779e-01,2.262234282567570975e+00
8.303000000000000824e+00,1.675000000000000000e+03,2.000000000000000000e+03,-1.967465802546443321e+00,7.902598431094099984e-01,2.255974376878455256e+00
8.320000000000000284e+00,1.675000000000000000e+03,2.000000000000000000e+03,-1.973070902204952404e+00,7.854769650542435810e-01,2.258258235535356206e+00
8.336999999999999744e+00,1.675000000000000000e+03,2.000000000000000000e+03,-1.977194937717233314e+00,7.806224090788852488e-01,2.242480103929783031e+00
8.353999999999999204e+00,1.675000000000000000e+03,2.000000000000000000e+03,-1.977194937717233314e+00,7.806224090788852488e-01,2.242480103929783031e+00
8.371999999999999886e+00,1.675000000000000000e+03,2.000000000000000000e+03,-1.982852625220030696e+00,7.773219000934002976e-01,2.244287798066168182e+00
8.387999999999999901e+00,1.675000000000000000e+03,2.000000000000000000e+03,-1.986464761375951182e+00,7.724634563556006528e-01,2.228780816292466938e+00
8.406000000000000583e+00,1.675000000000000000e+03,2.000000000000000000e+03,-1.992014004830266360e+00,7.677320569751188151e-01,2.231082764194466161e+00
8.422000000000000597e+00,1.675000000000000000e+03,2.000000000000000000e+03,-1.995645975442433606e+00,7.636237068722216970e-01,2.215838050144036231e+00
8.439999999999999503e+00,1.675000000000000000e+03,2.000000000000000000e+03,-2.005264296298606030e+00,7.548595741661440206e-01,2.194865863883840973e+00
8.457000000000000739e+00,1.675000000000000000e+03,2.000000000000000000e+03,-2.005264296298606030e+00,7.548595741661440206e-01,2.194865863883840973e+00
8.474000000000000199e+00,1.675000000000000000e+03,2.000000000000000000e+03,-2.009835897763974089e+00,7.508389204825826058e-01,2.188462792606681973e+00
8.492000000000000881e+00,1.675000000000000000e+03,2.000000000000000000e+03,-2.009835897763974089e+00,7.508389204825826058e-01,2.188462792606681973e+00
8.509000000000000341e+00,1.675000000000000000e+03,2.000000000000000000e+03,-2.014832529503753022e+00,7.461425369685436015e-01,2.165576913211302301e+00
8.525999999999999801e+00,1.675000000000000000e+03,2.000000000000000000e+03,-2.019815062024813646e+00,7.414598133282207515e-01,2.167916490612707747e+00
8.542999999999999261e+00,1.675000000000000000e+03,2.000000000000000000e+03,-2.024299927528374177e+00,7.367638228793847999e-01,2.153680738661333915e+00
8.560000000000000497e+00,1.675000000000000000e+03,2.000000000000000000e+03,-2.033284172370851017e+00,7.281174455247195754e-01,2.134985301048896833e+00
8.576999999999999957e+00,1.675000000000000000e+03,2.000000000000000000e+03,-2.033284172370851017e+00,7.281174455247195754e-01,2.134985301048896833e+00
8.593999999999999417e+00,1.675000000000000000e+03,2.000000000000000000e+03,-2.037731486948270554e+00,7.234607510237428540e-01,2.130463773419353224e+00
8.612000000000000099e+00,1.675000000000000000e+03,2.000000000000000000e+03,-2.037731486948270554e+00,7.234607510237428540e-01,2.130463773419353224e+00
8.630000000000000782e+00,1.675000000000000000e+03,2.000000000000000000e+03,-2.072105887572223804e+00,6.941726705481400250e-01,2.063694802574829179e+00
8.646000000000000796e+00,1.675000000000000000e+03,2.000000000000000000e+03,-2.072105887572223804e+00,6.941726705481400250e-01,2.063694802574829179e+00
8.663000000000000256e+00,1.675000000000000000e+03,2.000000000000000000e+03,-2.077536845274178923e+00,6.910382864611889220e-01,2.062597207105043129e+00
8.680999999999999162e+00,1.675000000000000000e+03,2.000000000000000000e+03,-2.087826328688658251e+00,6.840777858388166210e-01,2.030107461528226853e+00
8.698000000000000398e+00,1.675000000000000000e+03,2.000000000000000000e+03,-2.093228190192074400e+00,6.809621934474804350e-01,2.032144291920221502e+00
8.714999999999999858e+00,1.675000000000000000e+03,2.000000000000000000e+03,-2.093228190192074400e+00,6.809621934474804350e-01,2.032144291920221502e+00
8.731999999999999318e+00,1.675000000000000000e+03,2.000000000000000000e+03,-2.098552094003771185e+00,6.771714554299560485e-01,2.025462012196431072e+00
8.750000000000000000e+00,1.675000000000000000e+03,2.000000000000000000e+03,-2.104073996734382224e+00,6.754280824166957187e-01,2.004770072770742928e+00
8.766999999999999460e+00,1.675000000000000000e+03,2.000000000000000000e+03,-2.104073996734382224e+00,6.754280824166957187e-01,2.004770072770742928e+00
8.784000000000000696e+00,1.675000000000000000e+03,2.000000000000000000e+03,-2.109378046671012807e+00,6.716498276679968571e-01,2.002759210747630192e+00
8.801000000000000156e+00,1.675000000000000000e+03,2.000000000000000000e+03,-2.114815341632006351e+00,6.692342548285948878e-01,1.996068688146416914e+00
8.817999999999999616e+00,1.675000000000000000e+03,2.000000000000000000e+03,-2.114815341632006351e+00,6.692342548285948878e-01,1.996068688146416914e+00
8.836999999999999744e+00,1.675000000000000000e+03,2.000000000000000000e+03,-2.114815341632006351e+00,6.692342548285948878e-01,1.996068688146416914e+00
8.855999999999999872e+00,1.675000000000000000e+03,2.000000000000000000e+03,-2.120098393500586820e+00,6.654701400407537770e-01,1.989306560645144106e+00
8.875999999999999446e+00,1.675000000000000000e+03,2.000000000000000000e+03,-2.120098393500586820e+00,6.654701400407537770e-01,1.989306560645144106e+00
8.903000000000000469e+00,1.675000000000000000e+03,2.000000000000000000e+03,-2.120098393500586820e+00,6.654701400407537770e-01,1.989306560645144106e+00
8.920999999999999375e+00,1.675000000000000000e+03,2.000000000000000000e+03,-2.125594884115967975e+00,6.637379547198428709e-01,1.969122067518472408e+00
8.939999999999999503e+00,1.675000000000000000e+03,2.000000000000000000e+03,-2.125594884115967975e+00,6.637379547198428709e-01,1.969122067518472408e+00
8.957000000000000739e+00,1.675000000000000000e+03,2.000000000000000000e+03,-2.125594884115967975e+00,6.637379547198428709e-01,1.969122067518472408e+00
8.973000000000000753e+00,1.675000000000000000e+03,2.000000000000000000e+03,-2.137373329980731373e+00,6.589805882545433091e-01,1.958620091646588346e+00
8.990000000000000213e+00,1.675000000000000000e+03,2.000000000000000000e+03,-2.137373329980731373e+00,6.589805882545433091e-01,1.958620091646588346e+00
9.006999999999999673e+00,1.675000000000000000e+03,2.000000000000000000e+03,-2.143331690644790122e+00,6.572787397214804317e-01,1.948103912714191477e+00
9.023999999999999133e+00,1.675000000000000000e+03,2.000000000000000000e+03,-2.149600843554789531e+00,6.542600651309425919e-01,1.941036804596546927e+00
9.041000000000000369e+00,1.675000000000000000e+03,2.000000000000000000e+03,-2.161015777483442424e+00,6.508423590795157088e-01,1.916508381117217441e+00
9.058999999999999275e+00,1.675000000000000000e+03,2.000000000000000000e+03,-2.166394203427208787e+00,6.484550019190108427e-01,1.909161168800440178e+00
9.076000000000000512e+00,1.675000000000000000e+03,2.000000000000000000e+03,-2.172155924885015299e+00,6.454274506973501913e-01,1.911247931697706681e+00
9.092999999999999972e+00,1.675000000000000000e+03,2.000000000000000000e+03,-2.172155924885015299e+00,6.454274506973501913e-01,1.911247931697706681e+00
9.109999999999999432e+00,1.675000000000000000e+03,2.000000000000000000e+03,-2.184393979355069071e+00,6.414080652115302650e-01,1.886549343190929706e+00
9.127000000000000668e+00,1.675000000000000000e+03,2.000000000000000000e+03,-2.184393979355069071e+00,6.414080652115302650e-01,1.886549343190929706e+00
9.144000000000000128e+00,1.675000000000000000e+03,2.000000000000000000e+03,-2.242038171172512584e+00,6.219364171771634142e-01,1.795242358094900403e+00
9.160999999999999588e+00,1.675000000000000000e+03,2.000000000000000000e+03,-2.247807854099521219e+00,6.196112079267740436e-01,1.775539320646228658e+00
9.178000000000000824e+00,1.675000000000000000e+03,2.000000000000000000e+03,-2.254628177430813896e+00,6.179919723532029119e-01,1.778452422254262144e+00
9.195000000000000284e+00,1.675000000000000000e+03,2.000000000000000000e+03,-2.259541759965850716e+00,6.162807803315745181e-01,1.758853731234792050e+00
9.211999999999999744e+00,1.675000000000000000e+03,2.000000000000000000e+03,-2.265661581557982363e+00,6.133316510156087142e-01,1.750419729600144025e+00
9.228999999999999204e+00,1.675000000000000000e+03,2.000000000000000000e+03,-2.271150630893299827e+00,6.123021239937617155e-01,1.730672197255149092e+00
9.246000000000000441e+00,1.675000000000000000e+03,2.000000000000000000e+03,-2.271150630893299827e+00,6.123021239937617155e-01,1.730672197255149092e+00
9.262999999999999901e+00,1.675000000000000000e+03,2.000000000000000000e+03,-2.282150838537928550e+00,6.076568646741776769e-01,1.724962514894813337e+00
9.279999999999999361e+00,1.675000000000000000e+03,2.000000000000000000e+03,-2.287403699721755945e+00,6.053274068297179733e-01,1.705191769422727655e+00
9.297000000000000597e+00,1.675000000000000000e+03,2.000000000000000000e+03,-2.293355764608457914e+00,6.043252153230890267e-01,1.696672716230370304e+00
9.314000000000000057e+00,1.675000000000000000e+03,2.000000000000000000e+03,-2.293355764608457914e+00,6.043252153230890267e-01,1.696672716230370304e+00
9.330999999999999517e+00,1.675000000000000000e+03,2.000000000000000000e+03,-2.293355764608457914e+00,6.043252153230890267e-01,1.696672716230370304e+00
9.349000000000000199e+00,1.675000000000000000e+03,2.000000000000000000e+03,-2.299073922574026874e+00,6.020231237201593144e-01,1.678319287192777454e+00
9.365999999999999659e+00,1.675000000000000000e+03,2.000000000000000000e+03,-2.299073922574026874e+00,6.020231237201593144e-01,1.678319287192777454e+00
9.384000000000000341e+00,1.675000000000000000e+03,2.000000000000000000e+03,-2.304310335350974626e+00,5.997011487613012060e-01,1.669741619516637243e+00
9.400999999999999801e+00,1.675000000000000000e+03,2.000000000000000000e+03,-2.315239779960406086e+00,5.950895420510146083e-01,1.651866317173196652e+00
9.417999999999999261e+00,1.675000000000000000e+03,2.000000000000000000e+03,-2.315239779960406086e+00,5.950895420510146083e-01,1.651866317173196652e+00
9.435000000000000497e+00,1.675000000000000000e+03,2.000000000000000000e+03,-2.321529426966062015e+00,5.934688259804133947e-01,1.645495236036745634e+00
9.452999999999999403e+00,1.675000000000000000e+03,2.000000000000000000e+03,-2.321529426966062015e+00,5.934688259804133947e-01,1.645495236036745634e+00
9.471000000000000085e+00,1.675000000000000000e+03,2.000000000000000000e+03,-2.327094255550631097e+00,5.905357852840694699e-01,1.636899570830649298e+00
9.487999999999999545e+00,1.675000000000000000e+03,2.000000000000000000e+03,-2.332299566630535725e+00,5.882293759891400464e-01,1.619725133032628106e+00
9.505000000000000782e+00,1.675000000000000000e+03,2.000000000000000000e+03,-2.338574107359137066e+00,5.866147819256070095e-01,1.608396996040516891e+00
9.522000000000000242e+00,1.675000000000000000e+03,2.000000000000000000e+03,-2.349906073320136457e+00,5.820605375961441785e-01,1.604688666259201035e+00
9.538999999999999702e+00,1.675000000000000000e+03,2.000000000000000000e+03,-2.349906073320136457e+00,5.820605375961441785e-01,1.604688666259201035e+00
9.557000000000000384e+00,1.675000000000000000e+03,2.000000000000000000e+03,-2.349906073320136457e+00,5.820605375961441785e-01,1.604688666259201035e+00
9.573999999999999844e+00,1.675000000000000000e+03,2.000000000000000000e+03,-2.356037571854849411e+00,5.798104060970731277e-01,1.577742863029134801e+00
9.590999999999999304e+00,1.675000000000000000e+03,2.000000000000000000e+03,-2.361688081519913496e+00,5.775407432284768161e-01,1.579620703526928294e+00
9.608000000000000540e+00,1.675000000000000000e+03,2.000000000000000000e+03,-2.367807153996813518e+00,5.752964429271211211e-01,1.574660861341258267e+00
9.625999999999999446e+00,1.675000000000000000e+03,2.000000000000000000e+03,-2.373579143925041546e+00,5.736709526867339592e-01,1.562669774524092281e+00
9.643000000000000682e+00,1.675000000000000000e+03,2.000000000000000000e+03,-2.373579143925041546e+00,5.736709526867339592e-01,1.562669774524092281e+00
9.660000000000000142e+00,1.675000000000000000e+03,2.000000000000000000e+03,-2.420770913901061583e+00,5.595184641338620812e-01,1.480945674455422578e+00
9.676999999999999602e+00,1.675000000000000000e+03,2.000000000000000000e+03,-2.427132214337462734e+00,5.585616047563356501e-01,1.472724548327178473e+00
9.694000000000000838e+00,1.675000000000000000e+03,2.000000000000000000e+03,-2.427132214337462734e+00,5.585616047563356501e-01,1.472724548327178473e+00
9.711999999999999744e+00,1.675000000000000000e+03,2.000000000000000000e+03,-2.433018048378846387e+00,5.575831972366432909e-01,1.453555861853046194e+00
9.728999999999999204e+00,1.675000000000000000e+03,2.000000000000000000e+03,-2.445740450678745237e+00,5.556720418729396149e-01,1.441490224783438467e+00
9.746000000000000441e+00,1.675000000000000000e+03,2.000000000000000000e+03,-2.451149587872661684e+00,5.546731201104565523e-01,1.443507272447697609e+00
9.762999999999999901e+00,1.675000000000000000e+03,2.000000000000000000e+03,-2.456865041531294924e+00,5.549379679942515464e-01,1.424042953586082794e+00
9.779999999999999361e+00,1.675000000000000000e+03,2.000000000000000000e+03,-2.463384039361229405e+00,5.546154675089493002e-01,1.420116717770497416e+00
9.797000000000000597e+00,1.675000000000000000e+03,2.000000000000000000e+03,-2.463384039361229405e+00,5.546154675089493002e-01,1.420116717770497416e+00
9.814000000000000057e+00,1.675000000000000000e+03,2.000000000000000000e+03,-2.463384039361229405e+00,5.546154675089493002e-01,1.420116717770497416e+00
9.830999999999999517e+00,1.675000000000000000e+03,2.000000000000000000e+03,-2.474364381462883067e+00,5.532508866603845776e-01,1.387229387569717254e+00
9.849000000000000199e+00,1.675000000000000000e+03,2.000000000000000000e+03,-2.474364381462883067e+00,5.532508866603845776e-01,1.387229387569717254e+00
9.865999999999999659e+00,1.675000000000000000e+03,2.000000000000000000e+03,-2.480572292716896499e+00,5.535388039306349262e-01,1.382710341136428323e+00
9.882999999999999119e+00,1.675000000000000000e+03,2.000000000000000000e+03,-2.492680850017019445e+00,5.528517290215829716e-01,1.365046136825790013e+00
9.900000000000000355e+00,1.675000000000000000e+03,2.000000000000000000e+03,-2.498588375092776204e+00,5.537510408990821142e-01,1.348855182096667216e+00
9.916999999999999815e+00,1.675000000000000000e+03,2.000000000000000000e+03,-2.504173246523808238e+00,5.533858430414190233e-01,1.336914787902408142e+00
9.933999999999999275e+00,1.675000000000000000e+03,2.000000000000000000e+03,-2.510093957982807211e+00,5.542868107124859778e-01,1.320416135817793712e+00
9.951000000000000512e+00,1.675000000000000000e+03,2.000000000000000000e+03,-2.510093957982807211e+00,5.542868107124859778e-01,1.320416135817793712e+00
9.967999999999999972e+00,1.675000000000000000e+03,2.000000000000000000e+03,-2.521450568407347603e+00,5.541909001751089692e-01,1.302702546416621532e+00
9.984999999999999432e+00,1.675000000000000000e+03,2.000000000000000000e+03,-2.521450568407347603e+00,5.541909001751089692e-01,1.302702546416621532e+00
1.000200000000000067e+01,1.675000000000000000e+03,2.000000000000000000e+03,-2.528010902272386673e+00,5.538714279623558889e-01,1.296632496472078122e+00
1.001900000000000013e+01,1.675000000000000000e+03,2.000000000000000000e+03,-2.528010902272386673e+00,5.538714279623558889e-01,1.296632496472078122e+00
1.003599999999999959e+01,1.675000000000000000e+03,2.000000000000000000e+03,-2.539083042753444985e+00,5.543888020335722144e-01,1.276505492971955036e+00
1.005300000000000082e+01,1.675000000000000000e+03,2.000000000000000000e+03,-2.544078605671268534e+00,5.552490415829279824e-01,1.259095557534776200e+00
1.007099999999999973e+01,1.675000000000000000e+03,2.000000000000000000e+03,-2.544078605671268534e+00,5.552490415829279824e-01,1.259095557534776200e+00
1.008799999999999919e+01,1.675000000000000000e+03,2.000000000000000000e+03,-2.550352029319062908e+00,5.555431520803236767e-01,1.241274651900508008e+00
1.010500000000000043e+01,1.675000000000000000e+03,2.000000000000000000e+03,-2.555970078600895867e+00,5.551798387478973362e-01,1.232059094837380853e+00
1.012199999999999989e+01,1.675000000000000000e+03,2.000000000000000000e+03,-2.555970078600895867e+00,5.551798387478973362e-01,1.232059094837380853e+00
1.013899999999999935e+01,1.675000000000000000e+03,2.000000000000000000e+03,-2.590559601318413563e+00,5.574358160195754808e-01,1.159157518614943649e+00
1.015600000000000058e+01,1.675000000000000000e+03,2.000000000000000000e+03,-2.595908840736138146e+00,5.576886075198902448e-01,1.139834383242158022e+00
1.017300000000000004e+01,1.675000000000000000e+03,2.000000000000000000e+03,-2.601749997583094220e+00,5.579649094160220590e-01,1.141327505208681981e+00
1.018999999999999950e+01,1.675000000000000000e+03,2.000000000000000000e+03,-2.607405340842172237e+00,5.576035292999838022e-01,1.132130350069892266e+00
1.020700000000000074e+01,1.675000000000000000e+03,2.000000000000000000e+03,-2.607405340842172237e+00,5.576035292999838022e-01,1.132130350069892266e+00
1.022400000000000020e+01,1.675000000000000000e+03,2.000000000000000000e+03,-2.612962141561816942e+00,5.584960415621725849e-01,1.112361326131400707e+00
1.024099999999999966e+01,1.675000000000000000e+03,2.000000000000000000e+03,-2.624000401014239259e+00,5.583900487571696880e-01,1.115447628519233625e+00
1.025900000000000034e+01,1.675000000000000000e+03,2.000000000000000000e+03,-2.624000401014239259e+00,5.583900487571696880e-01,1.115447628519233625e+00
1.027599999999999980e+01,1.675000000000000000e+03,2.000000000000000000e+03,-2.630066711485235853e+00,5.593082418927347588e-01,1.085619814396744820e+00
1.029299999999999926e+01,1.675000000000000000e+03,2.000000000000000000e+03,-2.630066711485235853e+00,5.593082418927347588e-01,1.085619814396744820e+00
1.031000000000000050e+01,1.675000000000000000e+03,2.000000000000000000e+03,-2.634764537182427979e+00,5.589013831167951585e-01,1.086522055452075586e+00
1.032699999999999996e+01,1.675000000000000000e+03,2.000000000000000000e+03,-2.634764537182427979e+00,5.589013831167951585e-01,1.086522055452075586e+00
1.034399999999999942e+01,1.675000000000000000e+03,2.000000000000000000e+03,-2.640845041913795654e+00,5.598212396185181516e-01,1.056438482346369945e+00
1.036100000000000065e+01,1.675000000000000000e+03,2.000000000000000000e+03,-2.646443973875648226e+00,5.607192309739369440e-01,1.069163897497745763e+00
1.037800000000000011e+01,1.675000000000000000e+03,2.000000000000000000e+03,-2.652051166751799194e+00,5.616186523959226795e-01,1.048947653318469397e+00
1.039499999999999957e+01,1.675000000000000000e+03,2.000000000000000000e+03,-2.657749086610833977e+00,5.612592865161422084e-01,1.050201405411256728e+00
1.041200000000000081e+01,1.675000000000000000e+03,2.000000000000000000e+03,-2.657749086610833977e+00,5.612592865161422084e-01,1.050201405411256728e+00
1.042900000000000027e+01,1.675000000000000000e+03,2.000000000000000000e+03,-2.669000509777617935e+00,5.630629517857096422e-01,1.023055108728340379e+00
1.044599999999999973e+01,1.675000000000000000e+03,2.000000000000000000e+03,-2.669000509777617935e+00,5.630629517857096422e-01,1.023055108728340379e+00
1.046299999999999919e+01,1.675000000000000000e+03,2.000000000000000000e+03,-2.675626914694361869e+00,5.640144743895697532e-01,1.012483612841709402e+00
1.048000000000000043e+01,1.675000000000000000e+03,2.000000000000000000e+03,-2.675626914694361869e+00,5.640144743895697532e-01,1.012483612841709402e+00
1.049799999999999933e+01,1.675000000000000000e+03,2.000000000000000000e+03,-2.679864326283863285e+00,5.635848086362572618e-01,1.013249754844094852e+00
1.051500000000000057e+01,1.675000000000000000e+03,2.000000000000000000e+03,-2.691673811836314822e+00,5.654215410792821084e-01,9.963330930965932364e-01
1.053299999999999947e+01,1.675000000000000000e+03,2.000000000000000000e+03,-2.691673811836314822e+00,5.654215410792821084e-01,9.963330930965932364e-01
1.055100000000000016e+01,1.675000000000000000e+03,2.000000000000000000e+03,-2.697344495103516149e+00,5.663302483643651852e-01,9.755225974805696865e-01
1.056799999999999962e+01,1.675000000000000000e+03,2.000000000000000000e+03,-2.697344495103516149e+00,5.663302483643651852e-01,9.755225974805696865e-01
1.058500000000000085e+01,1.675000000000000000e+03,2.000000000000000000e+03,-2.703738208941475207e+00,5.679108326453242706e-01,9.675044981698501800e-01
1.060200000000000031e+01,1.675000000000000000e+03,2.000000000000000000e+03,-2.708712433960362098e+00,5.681521570989159775e-01,9.681819361773739141e-01
1.061999999999999922e+01,1.675000000000000000e+03,2.000000000000000000e+03,-2.715905096910314676e+00,5.691380944633136485e-01,9.474528195209720449e-01
1.063599999999999923e+01,1.675000000000000000e+03,2.000000000000000000e+03,-2.760049831927843478e+00,5.770547325031086805e-01,8.963615682713532706e-01
1.065399999999999991e+01,1.675000000000000000e+03,2.000000000000000000e+03,-2.765832315144948872e+00,5.779825973843298881e-01,8.750270928192470654e-01
1.066999999999999993e+01,1.675000000000000000e+03,2.000000000000000000e+03,-2.771624562169932027e+00,5.789120776492459042e-01,8.892166999250117332e-01
1.068800000000000061e+01,1.675000000000000000e+03,2.000000000000000000e+03,-2.776920367316974225e+00,5.798180191884193535e-01,8.679059880412332006e-01
1.070400000000000063e+01,1.675000000000000000e+03,2.000000000000000000e+03,-2.789034448284278156e+00,5.829984843033643171e-01,8.474872592158320117e-01
1.072100000000000009e+01,1.675000000000000000e+03,2.000000000000000000e+03,-2.789034448284278156e+00,5.829984843033643171e-01,8.474872592158320117e-01
1.073799999999999955e+01,1.675000000000000000e+03,2.000000000000000000e+03,-2.789034448284278156e+00,5.829984843033643171e-01,8.474872592158320117e-01
1.075500000000000078e+01,1.675000000000000000e+03,2.000000000000000000e+03,-2.799673112866768232e+00,5.861155427115792849e-01,8.183049358102885140e-01
1.077299999999999969e+01,1.675000000000000000e+03,2.000000000000000000e+03,-2.799673112866768232e+00,5.861155427115792849e-01,8.183049358102885140e-01
1.078999999999999915e+01,1.675000000000000000e+03,2.000000000000000000e+03,-2.805774913910328294e+00,5.877172853502722338e-01,8.134771263988738177e-01
1.080700000000000038e+01,1.675000000000000000e+03,2.000000000000000000e+03,-2.805774913910328294e+00,5.877172853502722338e-01,8.134771263988738177e-01
1.082399999999999984e+01,1.675000000000000000e+03,2.000000000000000000e+03,-2.815706862057854920e+00,5.914632815089561069e-01,8.120864760765856838e-01
1.084099999999999930e+01,1.675000000000000000e+03,2.000000000000000000e+03,-2.815706862057854920e+00,5.914632815089561069e-01,8.120864760765856838e-01
1.085800000000000054e+01,1.675000000000000000e+03,2.000000000000000000e+03,-2.821334207577319120e+00,5.930496899209262152e-01,7.766506419547544171e-01
1.087500000000000000e+01,1.675000000000000000e+03,2.000000000000000000e+03,-2.826197482917085502e+00,5.952512715005221500e-01,7.693453976779194292e-01
1.089199999999999946e+01,1.675000000000000000e+03,2.000000000000000000e+03,-2.832110793243421298e+00,5.962059250680268319e-01,7.555716534324667943e-01
1.090900000000000070e+01,1.675000000000000000e+03,2.000000000000000000e+03,-2.836481773494944569e+00,5.983889486682111292e-01,7.483764746365638709e-01
1.092600000000000016e+01,1.675000000000000000e+03,2.000000000000000000e+03,-2.842156811408600880e+00,5.999890460273294979e-01,7.564840246036375060e-01
1.094299999999999962e+01,1.675000000000000000e+03,2.000000000000000000e+03,-2.852248904312538080e+00,6.037883076738105315e-01,7.431987473571560754e-01
1.096000000000000085e+01,1.675000000000000000e+03,2.000000000000000000e+03,-2.852248904312538080e+00,6.037883076738105315e-01,7.431987473571560754e-01
1.097799999999999976e+01,1.675000000000000000e+03,2.000000000000000000e+03,-2.852248904312538080e+00,6.037883076738105315e-01,7.431987473571560754e-01
1.099499999999999922e+01,1.675000000000000000e+03,2.000000000000000000e+03,-2.857183302985548679e+00,6.060160732689928720e-01,7.215582269091369572e-01
1.101200000000000045e+01,1.675000000000000000e+03,2.000000000000000000e+03,-2.867089301075462338e+00,6.104872137437843405e-01,6.925085817803108279e-01
1.102999999999999936e+01,1.675000000000000000e+03,2.000000000000000000e+03,-2.871795107495393573e+00,6.120556469514769615e-01,6.856700622694347214e-01
1.104700000000000060e+01,1.675000000000000000e+03,2.000000000000000000e+03,-2.876510504714931304e+00,6.136270449170598829e-01,6.785376140288390534e-01
1.106400000000000006e+01,1.675000000000000000e+03,2.000000000000000000e+03,-2.881249098876146775e+00,6.165278648749562551e-01,6.717314446770955572e-01
1.108099999999999952e+01,1.675000000000000000e+03,2.000000000000000000e+03,-2.886526963252753042e+00,6.194646992079239078e-01,6.503445730759409571e-01
1.109800000000000075e+01,1.675000000000000000e+03,2.000000000000000000e+03,-2.886526963252753042e+00,6.194646992079239078e-01,6.503445730759409571e-01
1.111500000000000021e+01,1.675000000000000000e+03,2.000000000000000000e+03,-2.890224096515403573e+00,6.209925959788008543e-01,6.285910923908513137e-01
1.113199999999999967e+01,1.675000000000000000e+03,2.000000000000000000e+03,-2.895782330538181348e+00,6.232892249301892340e-01,6.290620617042828044e-01
1.114899999999999913e+01,1.675000000000000000e+03,2.000000000000000000e+03,-2.914196514321932163e+00,6.329884770302803831e-01,5.937393084156198375e-01
1.116600000000000037e+01,1.675000000000000000e+03,2.000000000000000000e+03,-2.919010786769399957e+00,6.345967251298320067e-01,5.721649820999863412e-01
1.118299999999999983e+01,1.675000000000000000e+03,2.000000000000000000e+03,-2.919010786769399957e+00,6.345967251298320067e-01,5.721649820999863412e-01
1.120100000000000051e+01,1.675000000000000000e+03,2.000000000000000000e+03,-2.928704804295282571e+00,6.391743607443379771e-01,5.728433627087864410e-01
1.121799999999999997e+01,1.675000000000000000e+03,2.000000000000000000e+03,-2.932232821719497284e+00,6.413970806619612164e-01,5.363724019303369728e-01
1.123499999999999943e+01,1.675000000000000000e+03,2.000000000000000000e+03,-2.937376754217892127e+00,6.437140762989354004e-01,5.366099823574650429e-01
1.125200000000000067e+01,1.675000000000000000e+03,2.000000000000000000e+03,-2.937376754217892127e+00,6.437140762989354004e-01,5.366099823574650429e-01
1.126900000000000013e+01,1.675000000000000000e+03,2.000000000000000000e+03,-2.941997320574443631e+00,6.460067123325149430e-01,5.369045917009365176e-01
1.128700000000000081e+01,1.675000000000000000e+03,2.000000000000000000e+03,-2.947167863659712950e+00,6.483349813427691233e-01,5.156509044856367741e-01
1.130400000000000027e+01,1.675000000000000000e+03,2.000000000000000000e+03,-2.951273865584119527e+00,6.506081494761525308e-01,5.159088920193716232e-01
1.132199999999999918e+01,1.675000000000000000e+03,2.000000000000000000e+03,-2.957304518592815068e+00,6.536776192209906577e-01,5.160836239574099205e-01
1.133900000000000041e+01,1.675000000000000000e+03,2.000000000000000000e+03,-2.957304518592815068e+00,6.536776192209906577e-01,5.160836239574099205e-01
1.135599999999999987e+01,1.675000000000000000e+03,2.000000000000000000e+03,-2.966660255105326272e+00,6.583153280107479910e-01,4.952273555334307242e-01
1.137299999999999933e+01,1.675000000000000000e+03,2.000000000000000000e+03,-2.970514200876352540e+00,6.599077302815111734e-01,4.647417121982331256e-01
1.139000000000000057e+01,1.675000000000000000e+03,2.000000000000000000e+03,-2.970514200876352540e+00,6.599077302815111734e-01,4.647417121982331256e-01
1.140799999999999947e+01,1.675000000000000000e+03,2.000000000000000000e+03,-2.970514200876352540e+00,6.599077302815111734e-01,4.647417121982331256e-01
1.142500000000000071e+01,1.675000000000000000e+03,2.000000000000000000e+03,-2.980239675630743434e+00,6.652819086217852673e-01,4.649618778760105098e-01
1.144200000000000017e+01,1.675000000000000000e+03,2.000000000000000000e+03,-2.984121781105221416e+00,6.668861506465199041e-01,4.443341134666029535e-01
1.145899999999999963e+01,1.675000000000000000e+03,2.000000000000000000e+03,-2.989168447558023800e+00,6.699431104450853658e-01,4.496695339636506139e-01
1.147600000000000087e+01,1.675000000000000000e+03,2.000000000000000000e+03,-2.993924549053761375e+00,6.722980591276223050e-01,4.444635624443259991e-01
1.149300000000000033e+01,1.675000000000000000e+03,2.000000000000000000e+03,-2.998143266554965436e+00,6.746263278624159421e-01,4.290785718281594496e-01
1.150999999999999979e+01,1.675000000000000000e+03,2.000000000000000000e+03,-3.002923685384040198e+00,6.769925770150860833e-01,4.291761058639726456e-01
1.152800000000000047e+01,1.675000000000000000e+03,2.000000000000000000e+03,-3.007475928025315604e+00,6.800470140992279644e-01,4.292706202641873303e-01
1.154499999999999993e+01,1.675000000000000000e+03,2.000000000000000000e+03,-3.007475928025315604e+00,6.800470140992279644e-01,4.292706202641873303e-01
1.156199999999999939e+01,1.675000000000000000e+03,2.000000000000000000e+03,-3.013149379401928840e+00,6.831763242062952601e-01,4.189623542270173306e-01
1.157900000000000063e+01,1.675000000000000000e+03,2.000000000000000000e+03,-3.013149379401928840e+00,6.831763242062952601e-01,4.189623542270173306e-01
1.159600000000000009e+01,1.675000000000000000e+03,2.000000000000000000e+03,-3.021456185861262522e+00,6.885752994727861731e-01,3.936957716875955637e-01
1.161299999999999955e+01,1.675000000000000000e+03,2.000000000000000000e+03,-3.025746253488605042e+00,6.909409225711823366e-01,3.937279163062486487e-01
1.163000000000000078e+01,1.675000000000000000e+03,2.000000000000000000e+03,-3.052558521450253970e+00,7.095728610517656465e-01,3.520477060491598587e-01
1.164700000000000024e+01,1.675000000000000000e+03,2.000000000000000000e+03,-3.057170571782288349e+00,7.112878593269310601e-01,3.320764908977175134e-01
1.166399999999999970e+01,1.675000000000000000e+03,2.000000000000000000e+03,-3.057170571782288349e+00,7.112878593269310601e-01,3.320764908977175134e-01
1.168200000000000038e+01,1.675000000000000000e+03,2.000000000000000000e+03,-3.061889025075012150e+00,7.144418255609296109e-01,3.320019000114438068e-01
1.169899999999999984e+01,1.675000000000000000e+03,2.000000000000000000e+03,-3.069663393122200823e+00,7.206684940731443723e-01,3.012799526879049727e-01
1.171599999999999930e+01,1.675000000000000000e+03,2.000000000000000000e+03,-3.069663393122200823e+00,7.206684940731443723e-01,3.012799526879049727e-01
1.173300000000000054e+01,1.675000000000000000e+03,2.000000000000000000e+03,-3.077951432836992574e+00,7.255170709319754829e-01,3.010362499604507525e-01
1.175099999999999945e+01,1.675000000000000000e+03,2.000000000000000000e+03,-3.077951432836992574e+00,7.255170709319754829e-01,3.010362499604507525e-01
1.176800000000000068e+01,1.675000000000000000e+03,2.000000000000000000e+03,-3.082270264150388961e+00,7.301282562730339043e-01,3.163546260669616306e-01
1.178500000000000014e+01,1.675000000000000000e+03,2.000000000000000000e+03,-3.082270264150388961e+00,7.301282562730339043e-01,3.163546260669616306e-01
1.180300000000000082e+01,1.675000000000000000e+03,2.000000000000000000e+03,-3.082270264150388961e+00,7.301282562730339043e-01,3.163546260669616306e-01
1.182000000000000028e+01,1.675000000000000000e+03,2.000000000000000000e+03,-3.090629282346101903e+00,7.350198374483606356e-01,2.852900391622158471e-01
1.183799999999999919e+01,1.675000000000000000e+03,2.000000000000000000e+03,-3.094072663145692736e+00,7.388798433441222668e-01,2.853376346614365788e-01
1.185500000000000043e+01,1.675000000000000000e+03,2.000000000000000000e+03,-3.094072663145692736e+00,7.388798433441222668e-01,2.853376346614365788e-01
1.187299999999999933e+01,1.675000000000000000e+03,2.000000000000000000e+03,-3.098336912660911047e+00,7.420758323528001688e-01,2.851783446989450410e-01
1.189000000000000057e+01,1.675000000000000000e+03,2.000000000000000000e+03,-3.103193327385058709e+00,7.453194833353856685e-01,2.696633866108527622e-01
1.190700000000000003e+01,1.675000000000000000e+03,2.000000000000000000e+03,-3.106905162046945001e+00,7.484952634145979333e-01,2.694781314143559481e-01
1.192500000000000071e+01,1.675000000000000000e+03,2.000000000000000000e+03,-3.110627900648877731e+00,7.516797036151191547e-01,2.541706117134807652e-01
1.194299999999999962e+01,1.675000000000000000e+03,2.000000000000000000e+03,-3.114591922183624462e+00,7.541524032047540738e-01,2.539640752480474273e-01
1.196000000000000085e+01,1.675000000000000000e+03,2.000000000000000000e+03,-3.118106338724504489e+00,7.580747438717730935e-01,2.419057723489898837e-01
1.197700000000000031e+01,1.675000000000000000e+03,2.000000000000000000e+03,-3.125042999225219553e+00,7.644647165954633339e-01,2.416678812714920521e-01
1.199499999999999922e+01,1.675000000000000000e+03,2.000000000000000000e+03,-3.125042999225219553e+00,7.644647165954633339e-01,2.416678812714920521e-01
1.201200000000000045e+01,1.675000000000000000e+03,2.000000000000000000e+03,-3.129277835730776225e+00,7.662393612720223013e-01,2.230048916246724078e-01
1.202899999999999991e+01,1.675000000000000000e+03,2.000000000000000000e+03,-3.129277835730776225e+00,7.662393612720223013e-01,2.230048916246724078e-01
1.204599999999999937e+01,1.675000000000000000e+03,2.000000000000000000e+03,-3.131660104149618817e+00,7.701197919710914830e-01,2.138739233803974293e-01
1.206300000000000061e+01,1.675000000000000000e+03,2.000000000000000000e+03,-3.139627860010063554e+00,7.773895550249826369e-01,2.103821743573350833e-01
1.208099999999999952e+01,1.675000000000000000e+03,2.000000000000000000e+03,-3.142492702021818296e+00,7.798365728034987177e-01,1.951162377751712307e-01
1.209800000000000075e+01,1.675000000000000000e+03,2.000000000000000000e+03,-3.142492702021818296e+00,7.798365728034987177e-01,1.951162377751712307e-01
1.211500000000000021e+01,1.675000000000000000e+03,2.000000000000000000e+03,-3.142492702021818296e+00,7.798365728034987177e-01,1.951162377751712307e-01
1.213299999999999912e+01,1.675000000000000000e+03,2.000000000000000000e+03,-3.165344872155903211e+00,8.026184743410772482e-01,1.510867991804004939e-01
1.215000000000000036e+01,1.675000000000000000e+03,2.000000000000000000e+03,-3.165344872155903211e+00,8.026184743410772482e-01,1.510867991804004939e-01
1.216799999999999926e+01,1.675000000000000000e+03,2.000000000000000000e+03,-3.170529163567120889e+00,8.098655433354594591e-01,1.208785275886747335e-01
1.218500000000000050e+01,1.675000000000000000e+03,2.000000000000000000e+03,-3.170529163567120889e+00,8.098655433354594591e-01,1.208785275886747335e-01
1.220299999999999940e+01,1.675000000000000000e+03,2.000000000000000000e+03,-3.176348026702567218e+00,8.171976185784072255e-01,1.097077785592511373e-01
1.222100000000000009e+01,1.675000000000000000e+03,2.000000000000000000e+03,-3.176348026702567218e+00,8.171976185784072255e-01,1.097077785592511373e-01
1.223799999999999955e+01,1.675000000000000000e+03,2.000000000000000000e+03,-3.182425959434048490e+00,8.238158970375085710e-01,1.091511002848013362e-01
1.225500000000000078e+01,1.675000000000000000e+03,2.000000000000000000e+03,-3.185173871205573715e+00,8.271151513677067468e-01,9.405663370891627351e-02
1.227200000000000024e+01,1.675000000000000000e+03,2.000000000000000000e+03,-3.191302241429347486e+00,8.337856950372158904e-01,7.869546464642251937e-02
1.228999999999999915e+01,1.675000000000000000e+03,2.000000000000000000e+03,-3.191302241429347486e+00,8.337856950372158904e-01,7.869546464642251937e-02
1.230700000000000038e+01,1.675000000000000000e+03,2.000000000000000000e+03,-3.192851814264067389e+00,8.370170368969419572e-01,6.386863623707679516e-02
1.232399999999999984e+01,1.675000000000000000e+03,2.000000000000000000e+03,-3.192851814264067389e+00,8.370170368969419572e-01,6.386863623707679516e-02
1.234099999999999930e+01,1.675000000000000000e+03,2.000000000000000000e+03,-3.199808763724734995e+00,8.453658646579150782e-01,6.468783738304248465e-02
1.235800000000000054e+01,1.675000000000000000e+03,2.000000000000000000e+03,-3.199808763724734995e+00,8.453658646579150782e-01,6.468783738304248465e-02
1.237599999999999945e+01,1.675000000000000000e+03,2.000000000000000000e+03,-3.203219797768393384e+00,8.487685200439055722e-01,6.446265136737451551e-02
1.239300000000000068e+01,1.675000000000000000e+03,2.000000000000000000e+03,-3.208220658811727244e+00,8.554561197321705057e-01,3.580476711757051705e-02
1.241000000000000014e+01,1.675000000000000000e+03,2.000000000000000000e+03,-3.208220658811727244e+00,8.554561197321705057e-01,3.580476711757051705e-02
1.242800000000000082e+01,1.675000000000000000e+03,2.000000000000000000e+03,-3.211437125904351930e+00,8.596591986382650097e-01,3.554856606057090612e-02
1.244500000000000028e+01,1.675000000000000000e+03,2.000000000000000000e+03,-3.211437125904351930e+00,8.596591986382650097e-01,3.554856606057090612e-02
1.246199999999999974e+01,1.675000000000000000e+03,2.000000000000000000e+03,-3.214265908980686426e+00,8.630510464302899587e-01,3.388899280316965551e-02
1.247899999999999920e+01,1.675000000000000000e+03,2.000000000000000000e+03,-3.214265908980686426e+00,8.630510464302899587e-01,3.388899280316965551e-02
1.249699999999999989e+01,1.675000000000000000e+03,2.000000000000000000e+03,-3.216881857697141633e+00,8.672287809591389118e-01,2.026780059360586486e-02
1.251399999999999935e+01,1.675000000000000000e+03,2.000000000000000000e+03,-3.219726739634297452e+00,8.706401770232864434e-01,5.679950663095277921e-03
1.253200000000000003e+01,1.675000000000000000e+03,2.000000000000000000e+03,-3.221956731755216907e+00,8.740101921411839170e-01,5.392376402408875259e-03
1.254899999999999949e+01,1.675000000000000000e+03,2.000000000000000000e+03,-3.226064614730378644e+00,8.775406455317286136e-01,6.027775583433947829e-03
1.256600000000000072e+01,1.675000000000000000e+03,2.000000000000000000e+03,-3.228715109804149996e+00,8.817638298132909336e-01,-8.860759628473090579e-03
1.258399999999999963e+01,1.675000000000000000e+03,2.000000000000000000e+03,-3.228715109804149996e+00,8.817638298132909336e-01,-8.860759628473090579e-03
1.260100000000000087e+01,1.675000000000000000e+03,2.000000000000000000e+03,-3.231593557198946254e+00,8.852134702789679066e-01,-9.164767279995380059e-03
1.261800000000000033e+01,1.675000000000000000e+03,2.000000000000000000e+03,-3.237785260768407447e+00,8.929825485843868593e-01,-8.985229394760744018e-03
1.263499999999999979e+01,1.675000000000000000e+03,2.000000000000000000e+03,-3.251956035547634905e+00,9.120719678345229342e-01,-3.882757624897631432e-02
1.265199999999999925e+01,1.675000000000000000e+03,2.000000000000000000e+03,-3.254685817073400322e+00,9.164039205159660861e-01,-5.305593824874049041e-02
1.266999999999999993e+01,1.675000000000000000e+03,2.000000000000000000e+03,-3.256786882310855447e+00,9.206945053283478453e-01,-5.340631353495740169e-02
1.268800000000000061e+01,1.675000000000000000e+03,2.000000000000000000e+03,-3.256786882310855447e+00,9.206945053283478453e-01,-5.340631353495740169e-02
1.270500000000000007e+01,1.675000000000000000e+03,2.000000000000000000e+03,-3.259750048346245599e+00,9.242467208032686399e-01,-5.375790196194591558e-02
1.272199999999999953e+01,1.675000000000000000e+03,2.000000000000000000e+03,-3.262081717086646293e+00,9.277529027283363261e-01,-5.411071097152687914e-02
1.273900000000000077e+01,1.675000000000000000e+03,2.000000000000000000e+03,-3.266974689895356665e+00,9.364728143560748785e-01,-6.886400611925916349e-02
1.275699999999999967e+01,1.675000000000000000e+03,2.000000000000000000e+03,-3.266974689895356665e+00,9.364728143560748785e-01,-6.886400611925916349e-02
1.277399999999999913e+01,1.675000000000000000e+03,2.000000000000000000e+03,-3.269326907489140233e+00,9.400099098947397591e-01,-6.923167889580790491e-02
1.279199999999999982e+01,1.675000000000000000e+03,2.000000000000000000e+03,-3.272975033820449742e+00,9.436704615080774294e-01,-8.352302082833316932e-02
1.280899999999999928e+01,1.675000000000000000e+03,2.000000000000000000e+03,-3.272975033820449742e+00,9.436704615080774294e-01,-8.352302082833316932e-02
1.282600000000000051e+01,1.675000000000000000e+03,2.000000000000000000e+03,-3.275127331097342775e+00,9.480447965883990191e-01,-9.813612317642461669e-02
1.284299999999999997e+01,1.675000000000000000e+03,2.000000000000000000e+03,-3.276639389259067059e+00,9.523743433098780242e-01,-9.846725865738376049e-02
1.286100000000000065e+01,1.675000000000000000e+03,2.000000000000000000e+03,-3.279667221020738488e+00,9.560103847685536005e-01,-9.886070717974035360e-02
1.287800000000000011e+01,1.675000000000000000e+03,2.000000000000000000e+03,-3.284020183925717262e+00,9.648477509712621858e-01,-1.138597253185016922e-01
1.289499999999999957e+01,1.675000000000000000e+03,2.000000000000000000e+03,-3.284020183925717262e+00,9.648477509712621858e-01,-1.138597253185016922e-01
1.291200000000000081e+01,1.675000000000000000e+03,2.000000000000000000e+03,-3.285769270615880977e+00,9.683977732684151407e-01,-1.143463317888723935e-01
1.292999999999999972e+01,1.675000000000000000e+03,2.000000000000000000e+03,-3.285769270615880977e+00,9.683977732684151407e-01,-1.143463317888723935e-01
1.294599999999999973e+01,1.675000000000000000e+03,2.000000000000000000e+03,-3.291926971639429489e+00,9.808913174052070749e-01,-1.300524391957144366e-01
1.296299999999999919e+01,1.675000000000000000e+03,2.000000000000000000e+03,-3.291926971639429489e+00,9.808913174052070749e-01,-1.300524391957144366e-01
1.298000000000000043e+01,1.675000000000000000e+03,2.000000000000000000e+03,-3.295452559045596530e+00,9.855017438081689063e-01,-1.304745448932072283e-01
1.299699999999999989e+01,1.675000000000000000e+03,2.000000000000000000e+03,-3.296127979549240195e+00,9.881401742540797395e-01,-1.450274987995486820e-01
1.301399999999999935e+01,1.675000000000000000e+03,2.000000000000000000e+03,-3.298141128576895564e+00,9.934924916605963885e-01,-1.600822045863399268e-01
1.303200000000000003e+01,1.675000000000000000e+03,2.000000000000000000e+03,-3.298141128576895564e+00,9.934924916605963885e-01,-1.600822045863399268e-01
1.305899999999999928e+01,1.675000000000000000e+03,2.000000000000000000e+03,-3.301057468137185147e+00,1.000679417779464231e+00,-1.608706620557222855e-01
1.307699999999999996e+01,1.675000000000000000e+03,2.000000000000000000e+03,-3.301057468137185147e+00,1.000679417779464231e+00,-1.608706620557222855e-01
1.309399999999999942e+01,1.675000000000000000e+03,2.000000000000000000e+03,-3.301057468137185147e+00,1.000679417779464231e+00,-1.608706620557222855e-01
1.311100000000000065e+01,1.675000000000000000e+03,2.000000000000000000e+03,-3.301057468137185147e+00,1.000679417779464231e+00,-1.608706620557222855e-01
1.312899999999999956e+01,1.675000000000000000e+03,2.000000000000000000e+03,-3.301057468137185147e+00,1.000679417779464231e+00,-1.608706620557222855e-01
1.314600000000000080e+01,1.675000000000000000e+03,2.000000000000000000e+03,-3.301057468137185147e+00,1.000679417779464231e+00,-1.608706620557222855e-01
1.317399999999999949e+01,1.675000000000000000e+03,2.000000000000000000e+03,-3.307840660241078812e+00,1.016992734381948260e+00,-1.907602947887951650e-01
1.319100000000000072e+01,1.675000000000000000e+03,2.000000000000000000e+03,-3.307840660241078812e+00,1.016992734381948260e+00,-1.907602947887951650e-01
1.320800000000000018e+01,1.675000000000000000e+03,2.000000000000000000e+03,-3.308535636393534318e+00,1.019685977483833828e+00,-1.921050638270095090e-01
1.322499999999999964e+01,1.675000000000000000e+03,2.000000000000000000e+03,-3.313367140959283752e+00,1.033353402681274513e+00,-2.083004868469238158e-01
1.324300000000000033e+01,1.675000000000000000e+03,2.000000000000000000e+03,-3.314071614792776899e+00,1.036075217029382767e+00,-2.232018270264542192e-01
1.325999999999999979e+01,1.675000000000000000e+03,2.000000000000000000e+03,-3.316864007880609755e+00,1.044335698386262390e+00,-2.241189248478452078e-01
1.327699999999999925e+01,1.675000000000000000e+03,2.000000000000000000e+03,-3.318497073147205434e+00,1.048951469898167232e+00,-2.381508052866640746e-01
1.329400000000000048e+01,1.675000000000000000e+03,2.000000000000000000e+03,-3.319000378392777506e+00,1.052573224818446729e+00,-2.400178534231958705e-01
1.331099999999999994e+01,1.675000000000000000e+03,2.000000000000000000e+03,-3.320851728017037985e+00,1.056338483280635288e+00,-2.534757244061327519e-01
1.332799999999999940e+01,1.675000000000000000e+03,2.000000000000000000e+03,-3.321359517311555543e+00,1.059977143352137219e+00,-2.539479710747296060e-01
1.334500000000000064e+01,1.675000000000000000e+03,2.000000000000000000e+03,-3.323009083371046835e+00,1.064639639944733762e+00,-2.559880840101803057e-01
1.336299999999999955e+01,1.675000000000000000e+03,2.000000000000000000e+03,-3.324873581284761404e+00,1.068434835556448359e+00,-2.564915656152276791e-01
1.338000000000000078e+01,1.675000000000000000e+03,2.000000000000000000e+03,-3.324873581284761404e+00,1.068434835556448359e+00,-2.564915656152276791e-01
1.339700000000000024e+01,1.675000000000000000e+03,2.000000000000000000e+03,-3.324712065714186870e+00,1.072032200401201063e+00,-2.846932100642743380e-01
1.341399999999999970e+01,1.675000000000000000e+03,2.000000000000000000e+03,-3.326893496382933080e+00,1.080416219709241954e+00,-2.857210275922871801e-01
1.343200000000000038e+01,1.675000000000000000e+03,2.000000000000000000e+03,-3.326893496382933080e+00,1.080416219709241954e+00,-2.857210275922871801e-01
1.344899999999999984e+01,1.675000000000000000e+03,2.000000000000000000e+03,-3.329768625427147910e+00,1.088915384071219350e+00,-2.905317545120423284e-01
1.346599999999999930e+01,1.675000000000000000e+03,2.000000000000000000e+03,-3.330294890279539732e+00,1.092628838716300343e+00,-2.891399906161856714e-01
1.348300000000000054e+01,1.675000000000000000e+03,2.000000000000000000e+03,-3.330822785604375724e+00,1.096350771062302609e+00,-3.042314108739890832e-01
1.350000000000000000e+01,1.675000000000000000e+03,2.000000000000000000e+03,-3.330822785604375724e+00,1.096350771062302609e+00,-3.042314108739890832e-01
1.351900000000000013e+01,1.675000000000000000e+03,2.000000000000000000e+03,-3.331352315983525436e+00,1.100081212350285664e+00,-3.047679323405786955e-01
1.353599999999999959e+01,1.675000000000000000e+03,2.000000000000000000e+03,-3.333042070355900499e+00,1.104864236023954227e+00,-3.226309660252463241e-01
1.355300000000000082e+01,1.675000000000000000e+03,2.000000000000000000e+03,-3.334737457178376552e+00,1.109661934705230557e+00,-3.231621411052452153e-01
1.357000000000000028e+01,1.675000000000000000e+03,2.000000000000000000e+03,-3.335274881169952188e+00,1.113423342467351862e+00,-3.237218180140970514e-01
1.358699999999999974e+01,1.675000000000000000e+03,2.000000000000000000e+03,-3.335813968652644235e+00,1.117193404948554125e+00,-3.265481190523719657e-01
1.360399999999999920e+01,1.675000000000000000e+03,2.000000000000000000e+03,-3.338208993011761994e+00,1.122102060247629041e+00,-3.270829093062157522e-01
1.362100000000000044e+01,1.675000000000000000e+03,2.000000000000000000e+03,-3.337585084737530572e+00,1.124833367761165714e+00,-3.400923009757964022e-01
1.363799999999999990e+01,1.675000000000000000e+03,2.000000000000000000e+03,-3.337585084737530572e+00,1.124833367761165714e+00,-3.400923009757964022e-01
1.365499999999999936e+01,1.675000000000000000e+03,2.000000000000000000e+03,-3.345329515290755396e+00,1.159628300697179704e+00,-3.802085099737791407e-01
1.367200000000000060e+01,1.675000000000000000e+03,2.000000000000000000e+03,-3.345329515290755396e+00,1.159628300697179704e+00,-3.802085099737791407e-01
1.368900000000000006e+01,1.675000000000000000e+03,2.000000000000000000e+03,-3.345892671563092335e+00,1.163506409559958321e+00,-3.808341489571538951e-01
1.370599999999999952e+01,1.675000000000000000e+03,2.000000000000000000e+03,-3.346457569384210018e+00,1.167393608619441636e+00,-3.843032659082171731e-01
1.372300000000000075e+01,1.675000000000000000e+03,2.000000000000000000e+03,-3.346326729001476430e+00,1.171212100563557623e+00,-3.849332890956432274e-01
1.374000000000000021e+01,1.675000000000000000e+03,2.000000000000000000e+03,-3.346326729001476430e+00,1.171212100563557623e+00,-3.849332890956432274e-01
1.375699999999999967e+01,1.675000000000000000e+03,2.000000000000000000e+03,-3.348782967124879661e+00,1.176290686095351035e+00,-3.854872848683869035e-01
1.377399999999999913e+01,1.675000000000000000e+03,2.000000000000000000e+03,-3.348782967124879661e+00,1.176290686095351035e+00,-3.854872848683869035e-01
1.379100000000000037e+01,1.675000000000000000e+03,2.000000000000000000e+03,-3.349227977380641263e+00,1.184055892998930215e+00,-4.175177269748316378e-01
1.380799999999999983e+01,1.675000000000000000e+03,2.000000000000000000e+03,-3.349227977380641263e+00,1.184055892998930215e+00,-4.175177269748316378e-01
1.382499999999999929e+01,1.675000000000000000e+03,2.000000000000000000e+03,-3.349595877402170352e+00,1.188937227148650688e+00,-4.181832896077316564e-01
1.384200000000000053e+01,1.675000000000000000e+03,2.000000000000000000e+03,-3.349595877402170352e+00,1.188937227148650688e+00,-4.181832896077316564e-01
1.385899999999999999e+01,1.675000000000000000e+03,2.000000000000000000e+03,-3.349470571475948510e+00,1.192804675694615568e+00,-4.220614701322545903e-01
1.387599999999999945e+01,1.675000000000000000e+03,2.000000000000000000e+03,-3.350047936577717156e+00,1.196760812864688717e+00,-4.227316756405206655e-01
1.389300000000000068e+01,1.675000000000000000e+03,2.000000000000000000e+03,-3.351123823436203075e+00,1.201759401725847720e+00,-4.266878225559085913e-01
1.391000000000000014e+01,1.675000000000000000e+03,2.000000000000000000e+03,-3.350504249190134232e+00,1.204620628320799636e+00,-4.391909092686148153e-01
1.392800000000000082e+01,1.675000000000000000e+03,2.000000000000000000e+03,-3.351086213069066844e+00,1.208604683677427793e+00,-4.433123915367995771e-01
1.394500000000000028e+01,1.675000000000000000e+03,2.000000000000000000e+03,-3.350259865719497299e+00,1.212435711976973973e+00,-4.440038025725239201e-01
1.396199999999999974e+01,1.675000000000000000e+03,2.000000000000000000e+03,-3.350017191588993803e+00,1.220286343028897935e+00,-4.607231032826872297e-01
1.398000000000000043e+01,1.675000000000000000e+03,2.000000000000000000e+03,-3.349896490429502549e+00,1.224225071190576664e+00,-4.650942391467599024e-01
1.399699999999999989e+01,1.675000000000000000e+03,2.000000000000000000e+03,-3.350276825677738657e+00,1.229222980767687101e+00,-4.658059881561714688e-01
1.401399999999999935e+01,1.675000000000000000e+03,2.000000000000000000e+03,-3.350276825677738657e+00,1.229222980767687101e+00,-4.658059881561714688e-01
1.403100000000000058e+01,1.675000000000000000e+03,2.000000000000000000e+03,-3.350276825677738657e+00,1.229222980767687101e+00,-4.658059881561714688e-01
1.404800000000000004e+01,1.675000000000000000e+03,2.000000000000000000e+03,-3.348828508820154148e+00,1.236012352525736269e+00,-4.786813583319618481e-01
1.406600000000000072e+01,1.675000000000000000e+03,2.000000000000000000e+03,-3.348501760512601955e+00,1.240961170421357007e+00,-4.833845252004693727e-01
1.408300000000000018e+01,1.675000000000000000e+03,2.000000000000000000e+03,-3.348501760512601955e+00,1.240961170421357007e+00,-4.833845252004693727e-01
1.409999999999999964e+01,1.675000000000000000e+03,2.000000000000000000e+03,-3.347553436647442648e+00,1.248858278980220060e+00,-4.929008389284243452e-01
1.411800000000000033e+01,1.675000000000000000e+03,2.000000000000000000e+03,-3.346220907269477962e+00,1.251713363429945325e+00,-5.049768255285870255e-01
1.413499999999999979e+01,1.675000000000000000e+03,2.000000000000000000e+03,-3.341018083834953689e+00,1.276395029798259806e+00,-5.448524050613091640e-01
1.415199999999999925e+01,1.675000000000000000e+03,2.000000000000000000e+03,-3.341018083834953689e+00,1.276395029798259806e+00,-5.448524050613091640e-01
1.416900000000000048e+01,1.675000000000000000e+03,2.000000000000000000e+03,-3.340183049081725919e+00,1.280376043683015386e+00,-5.456291497459946349e-01
1.418599999999999994e+01,1.675000000000000000e+03,2.000000000000000000e+03,-3.339347273365036450e+00,1.284365959644659050e+00,-5.557559038527910555e-01
1.420299999999999940e+01,1.675000000000000000e+03,2.000000000000000000e+03,-3.339225275480757205e+00,1.288451128209473939e+00,-5.565406858048993488e-01
1.422100000000000009e+01,1.675000000000000000e+03,2.000000000000000000e+03,-3.337168147240305416e+00,1.291283376806047212e+00,-5.729476004918097054e-01
1.423799999999999955e+01,1.675000000000000000e+03,2.000000000000000000e+03,-3.336539465063048215e+00,1.294293264123951293e+00,-5.737439249647185990e-01
1.425500000000000078e+01,1.675000000000000000e+03,2.000000000000000000e+03,-3.335404979314867013e+00,1.296215952061287258e+00,-5.689963905222249485e-01
1.427100000000000080e+01,1.675000000000000000e+03,2.000000000000000000e+03,-3.335404979314867013e+00,1.296215952061287258e+00,-5.689963905222249485e-01
1.428800000000000026e+01,1.675000000000000000e+03,2.000000000000000000e+03,-3.334440665098475698e+00,1.304362928646734421e+00,-5.804402405926236685e-01
1.430499999999999972e+01,1.675000000000000000e+03,2.000000000000000000e+03,-3.334440665098475698e+00,1.304362928646734421e+00,-5.804402405926236685e-01
1.432199999999999918e+01,1.675000000000000000e+03,2.000000000000000000e+03,-3.333389387350403688e+00,1.309419054807423599e+00,-5.864548312401433039e-01
1.433900000000000041e+01,1.675000000000000000e+03,2.000000000000000000e+03,-3.332040956871472392e+00,1.312371828364312432e+00,-5.976882650350662241e-01
1.435599999999999987e+01,1.675000000000000000e+03,2.000000000000000000e+03,-3.331197904659014775e+00,1.316433627318708499e+00,-6.038606096811903745e-01
1.437299999999999933e+01,1.675000000000000000e+03,2.000000000000000000e+03,-3.331197904659014775e+00,1.316433627318708499e+00,-6.038606096811903745e-01
1.439100000000000001e+01,1.675000000000000000e+03,2.000000000000000000e+03,-3.331790258880947597e+00,1.320681232293878793e+00,-6.098730019332425645e-01
1.440799999999999947e+01,1.675000000000000000e+03,2.000000000000000000e+03,-3.329002305633247172e+00,1.323475514403725128e+00,-6.211196925555366732e-01
1.442500000000000071e+01,1.675000000000000000e+03,2.000000000000000000e+03,-3.328156423081212623e+00,1.327562429964114887e+00,-6.272667498916290052e-01
1.444200000000000017e+01,1.675000000000000000e+03,2.000000000000000000e+03,-3.326885965437734072e+00,1.333710236205291277e+00,-6.227712962775050487e-01
1.445899999999999963e+01,1.675000000000000000e+03,2.000000000000000000e+03,-3.326885965437734072e+00,1.333710236205291277e+00,-6.227712962775050487e-01
1.447700000000000031e+01,1.675000000000000000e+03,2.000000000000000000e+03,-3.327266144904009959e+00,1.339028332752554284e+00,-6.346593809742571146e-01
1.449399999999999977e+01,1.675000000000000000e+03,2.000000000000000000e+03,-3.324847576809271565e+00,1.347192698277160261e+00,-6.421856469517105426e-01
1.451099999999999923e+01,1.675000000000000000e+03,2.000000000000000000e+03,-3.324847576809271565e+00,1.347192698277160261e+00,-6.421856469517105426e-01
1.452800000000000047e+01,1.675000000000000000e+03,2.000000000000000000e+03,-3.324209785204952805e+00,1.350297621440697871e+00,-6.528837352261114280e-01
1.454499999999999993e+01,1.675000000000000000e+03,2.000000000000000000e+03,-3.321914661161732063e+00,1.354265052950723636e+00,-6.597197548566638980e-01
1.456199999999999939e+01,1.675000000000000000e+03,2.000000000000000000e+03,-3.321783889518381550e+00,1.358512854139805714e+00,-6.663559699462203723e-01
1.457900000000000063e+01,1.675000000000000000e+03,2.000000000000000000e+03,-3.321783889518381550e+00,1.358512854139805714e+00,-6.663559699462203723e-01
1.459999999999999964e+01,1.675000000000000000e+03,2.000000000000000000e+03,-3.320930295100632978e+00,1.362679852532162617e+00,-6.734476070916644019e-01
1.461800000000000033e+01,1.675000000000000000e+03,2.000000000000000000e+03,-3.320930295100632978e+00,1.362679852532162617e+00,-6.734476070916644019e-01
1.463499999999999979e+01,1.675000000000000000e+03,2.000000000000000000e+03,-3.320075745979787385e+00,1.366856438668633267e+00,-6.838197489303673438e-01
1.465199999999999925e+01,1.675000000000000000e+03,2.000000000000000000e+03,-3.314981737499407721e+00,1.384530111982107403e+00,-7.067674307413286394e-01
1.466900000000000048e+01,1.675000000000000000e+03,2.000000000000000000e+03,-3.311296111347708848e+00,1.391655772482780495e+00,-7.244036584887179053e-01
1.468599999999999994e+01,1.675000000000000000e+03,2.000000000000000000e+03,-3.311158413044789306e+00,1.395991953938679142e+00,-7.088606040761149529e-01
1.470400000000000063e+01,1.675000000000000000e+03,2.000000000000000000e+03,-3.309056166044170411e+00,1.398995019259694494e+00,-7.256528246246861658e-01
1.472100000000000009e+01,1.675000000000000000e+03,2.000000000000000000e+03,-3.309056166044170411e+00,1.398995019259694494e+00,-7.256528246246861658e-01
1.473799999999999955e+01,1.675000000000000000e+03,2.000000000000000000e+03,-3.306008428882880157e+00,1.402975777228506971e+00,-7.269024537345509795e-01
1.475500000000000078e+01,1.675000000000000000e+03,2.000000000000000000e+03,-3.303249017751062055e+00,1.409196702439135862e+00,-7.489257988438982050e-01
1.477200000000000024e+01,1.675000000000000000e+03,2.000000000000000000e+03,-3.303249017751062055e+00,1.409196702439135862e+00,-7.489257988438982050e-01
1.478899999999999970e+01,1.675000000000000000e+03,2.000000000000000000e+03,-3.303249017751062055e+00,1.409196702439135862e+00,-7.489257988438982050e-01
1.480499999999999972e+01,1.675000000000000000e+03,2.000000000000000000e+03,-3.299537923719778831e+00,1.416418492981258215e+00,-7.666833172756755133e-01
1.482300000000000040e+01,1.675000000000000000e+03,2.000000000000000000e+03,-3.299537923719778831e+00,1.416418492981258215e+00,-7.666833172756755133e-01
1.483999999999999986e+01,1.675000000000000000e+03,2.000000000000000000e+03,-3.295681526549311791e+00,1.417024327531977601e+00,-7.675126343181084554e-01
1.485699999999999932e+01,1.675000000000000000e+03,2.000000000000000000e+03,-3.294802566072284833e+00,1.421325960300512392e+00,-7.683917030886703303e-01
1.487500000000000000e+01,1.675000000000000000e+03,2.000000000000000000e+03,-3.291959017863346659e+00,1.424276969943289561e+00,-7.850255822586539312e-01
1.489199999999999946e+01,1.675000000000000000e+03,2.000000000000000000e+03,-3.291076303498408961e+00,1.428595425823044884e+00,-7.859071302106546142e-01
1.490900000000000070e+01,1.675000000000000000e+03,2.000000000000000000e+03,-3.291076303498408961e+00,1.428595425823044884e+00,-7.859071302106546142e-01
1.492500000000000071e+01,1.675000000000000000e+03,2.000000000000000000e+03,-3.287215787770481512e+00,1.429206233919006586e+00,-7.938930446074988767e-01
1.494299999999999962e+01,1.675000000000000000e+03,2.000000000000000000e+03,-3.286328690580955225e+00,1.433535952883899789e+00,-7.947756838737213281e-01
1.496000000000000085e+01,1.675000000000000000e+03,2.000000000000000000e+03,-3.282972372205745337e+00,1.435327601333362235e+00,-8.029225076756415502e-01
1.497700000000000031e+01,1.675000000000000000e+03,2.000000000000000000e+03,-3.282972372205745337e+00,1.435327601333362235e+00,-8.029225076756415502e-01
1.499399999999999977e+01,1.675000000000000000e+03,2.000000000000000000e+03,-3.282809542752419762e+00,1.439765935694270471e+00,-8.038060713488051068e-01
1.501099999999999923e+01,1.675000000000000000e+03,2.000000000000000000e+03,-3.276089975027852930e+00,1.443363885873468533e+00,-8.210225992085328217e-01
1.502800000000000047e+01,1.675000000000000000e+03,2.000000000000000000e+03,-3.276089975027852930e+00,1.443363885873468533e+00,-8.210225992085328217e-01
1.504499999999999993e+01,1.675000000000000000e+03,2.000000000000000000e+03,-3.274688490101453020e+00,1.446540177480741374e+00,-8.296409045663954984e-01
1.506199999999999939e+01,1.675000000000000000e+03,2.000000000000000000e+03,-3.272557232908472891e+00,1.449627253083777045e+00,-8.305257136524425432e-01
1.508000000000000007e+01,1.675000000000000000e+03,2.000000000000000000e+03,-3.269921676854432135e+00,1.451530449761300634e+00,-8.390938150424923636e-01
1.509800000000000075e+01,1.675000000000000000e+03,2.000000000000000000e+03,-3.269017636499604418e+00,1.455911748902799729e+00,-8.399787680244181765e-01
1.511500000000000021e+01,1.675000000000000000e+03,2.000000000000000000e+03,-3.266880809046069700e+00,1.459014454163797492e+00,-8.563828916543407832e-01
1.513199999999999967e+01,1.675000000000000000e+03,2.000000000000000000e+03,-3.254748420617018745e+00,1.477836009207305068e+00,-8.777068449199145750e-01
1.514899999999999913e+01,1.675000000000000000e+03,2.000000000000000000e+03,-3.251368872058978177e+00,1.479673174756496401e+00,-8.956576795585218242e-01
1.516600000000000037e+01,1.675000000000000000e+03,2.000000000000000000e+03,-3.249715126131985432e+00,1.484024359851749963e+00,-8.965383829585433784e-01
1.518299999999999983e+01,1.675000000000000000e+03,2.000000000000000000e+03,-3.247062081114153287e+00,1.485963884582296224e+00,-9.039928845106964816e-01
1.519999999999999929e+01,1.675000000000000000e+03,2.000000000000000000e+03,-3.244905567715485439e+00,1.489117198536114905e+00,-9.069040386191770109e-01
1.521700000000000053e+01,1.675000000000000000e+03,2.000000000000000000e+03,-3.244905567715485439e+00,1.489117198536114905e+00,-9.069040386191770109e-01
1.523399999999999999e+01,1.675000000000000000e+03,2.000000000000000000e+03,-3.242016785878903740e+00,1.492179757816445296e+00,-9.232501798347103605e-01
1.525099999999999945e+01,1.675000000000000000e+03,2.000000000000000000e+03,-3.240352523635553261e+00,1.496559842360719372e+00,-9.156478520316224667e-01
1.526800000000000068e+01,1.675000000000000000e+03,2.000000000000000000e+03,-3.240352523635553261e+00,1.496559842360719372e+00,-9.156478520316224667e-01
1.528500000000000014e+01,1.675000000000000000e+03,2.000000000000000000e+03,-3.237458383870562173e+00,1.499634642177605226e+00,-9.188515820455733785e-01
1.530199999999999960e+01,1.675000000000000000e+03,2.000000000000000000e+03,-3.236023450433687998e+00,1.502907587474548556e+00,-9.260704717858165846e-01
1.531900000000000084e+01,1.675000000000000000e+03,2.000000000000000000e+03,-3.232629545596347853e+00,1.504770831727135327e+00,-9.295750847032835384e-01
1.533699999999999974e+01,1.675000000000000000e+03,2.000000000000000000e+03,-3.232629545596347853e+00,1.504770831727135327e+00,-9.295750847032835384e-01
1.535299999999999976e+01,1.675000000000000000e+03,2.000000000000000000e+03,-3.230223385554345406e+00,1.509083413553757858e+00,-9.399340819775003908e-01
1.536999999999999922e+01,1.675000000000000000e+03,2.000000000000000000e+03,-3.225382561870797637e+00,1.514245873706367096e+00,-9.510105066655192285e-01
1.538700000000000045e+01,1.675000000000000000e+03,2.000000000000000000e+03,-3.225382561870797637e+00,1.514245873706367096e+00,-9.510105066655192285e-01
1.540499999999999936e+01,1.675000000000000000e+03,2.000000000000000000e+03,-3.223937325887727745e+00,1.517544137663683124e+00,-9.578058027050632139e-01
1.542200000000000060e+01,1.675000000000000000e+03,2.000000000000000000e+03,-3.221027133426441758e+00,1.520653979047295490e+00,-9.622699765055744425e-01
1.543999999999999950e+01,1.675000000000000000e+03,2.000000000000000000e+03,-3.217622870729079487e+00,1.522536081158885501e+00,-9.694726492106270355e-01
1.545700000000000074e+01,1.675000000000000000e+03,2.000000000000000000e+03,-3.217622870729079487e+00,1.522536081158885501e+00,-9.694726492106270355e-01
1.547400000000000020e+01,1.675000000000000000e+03,2.000000000000000000e+03,-3.213727832822394603e+00,1.523187424610864316e+00,-9.798981301834598368e-01
1.549099999999999966e+01,1.675000000000000000e+03,2.000000000000000000e+03,-3.212032646649589651e+00,1.527639393821928149e+00,-9.807595346336397402e-01
1.550799999999999912e+01,1.675000000000000000e+03,2.000000000000000000e+03,-3.211066421978356011e+00,1.532199132485824844e+00,-9.816213582101653845e-01
1.552500000000000036e+01,1.675000000000000000e+03,2.000000000000000000e+03,-3.206435153128476045e+00,1.532757186596750199e+00,-9.922239208073149186e-01
1.554199999999999982e+01,1.675000000000000000e+03,2.000000000000000000e+03,-3.204731148635966420e+00,1.537231500132639539e+00,-9.930816905761498115e-01
1.556000000000000050e+01,1.675000000000000000e+03,2.000000000000000000e+03,-3.202048685078418444e+00,1.539229022824444737e+00,-1.003867057737507729e+00
1.557699999999999996e+01,1.675000000000000000e+03,2.000000000000000000e+03,-3.202048685078418444e+00,1.539229022824444737e+00,-1.003867057737507729e+00
1.559399999999999942e+01,1.675000000000000000e+03,2.000000000000000000e+03,-3.197902373832628431e+00,1.541034229705684488e+00,-1.010332797793604742e+00
1.561100000000000065e+01,1.675000000000000000e+03,2.000000000000000000e+03,-3.196194653062287117e+00,1.541986391242421650e+00,-1.040834970926308278e+00
1.562800000000000011e+01,1.675000000000000000e+03,2.000000000000000000e+03,-3.193016567707377185e+00,1.546287289181271341e+00,-1.021976432985200356e+00
1.564499999999999957e+01,1.675000000000000000e+03,2.000000000000000000e+03,-3.176118087256685207e+00,1.561842613285187031e+00,-1.068827309766422928e+00
1.566200000000000081e+01,1.675000000000000000e+03,2.000000000000000000e+03,-3.174152043637667120e+00,1.563965755171329963e+00,-1.073488277064944318e+00
1.567900000000000027e+01,1.675000000000000000e+03,2.000000000000000000e+03,-3.170469046038717487e+00,1.567057205964700994e+00,-1.070898329978621444e+00
1.569599999999999973e+01,1.675000000000000000e+03,2.000000000000000000e+03,-3.170469046038717487e+00,1.567057205964700994e+00,-1.070898329978621444e+00
1.571400000000000041e+01,1.675000000000000000e+03,2.000000000000000000e+03,-3.167036918069392915e+00,1.568990799747194131e+00,-1.082596802770515954e+00
1.573199999999999932e+01,1.675000000000000000e+03,2.000000000000000000e+03,-3.163858400134333060e+00,1.569763221784511220e+00,-1.097413160968526702e+00
1.574900000000000055e+01,1.675000000000000000e+03,2.000000000000000000e+03,-3.160425036138037491e+00,1.571700462287479727e+00,-1.095290502059327764e+00
1.576600000000000001e+01,1.675000000000000000e+03,2.000000000000000000e+03,-3.160425036138037491e+00,1.571700462287479727e+00,-1.095290502059327764e+00
1.578299999999999947e+01,1.675000000000000000e+03,2.000000000000000000e+03,-3.158195672502744689e+00,1.575001110990763120e+00,-1.099498810850040087e+00
1.580000000000000071e+01,1.675000000000000000e+03,2.000000000000000000e+03,-3.152266382633464481e+00,1.581423615985789066e+00,-1.112769649895563928e+00
1.581700000000000017e+01,1.675000000000000000e+03,2.000000000000000000e+03,-3.148353036898406287e+00,1.582104973151532867e+00,-1.116583438055667621e+00
1.583399999999999963e+01,1.675000000000000000e+03,2.000000000000000000e+03,-3.142199231508479684e+00,1.586107478518688829e+00,-1.137738201730487564e+00
1.585200000000000031e+01,1.675000000000000000e+03,2.000000000000000000e+03,-3.142199231508479684e+00,1.586107478518688829e+00,-1.137738201730487564e+00
1.586800000000000033e+01,1.675000000000000000e+03,2.000000000000000000e+03,-3.140685506813877925e+00,1.589531046693633431e+00,-1.151826018587245759e+00
1.588599999999999923e+01,1.675000000000000000e+03,2.000000000000000000e+03,-3.136508009183703205e+00,1.591392599252578144e+00,-1.139837440569509086e+00
1.590300000000000047e+01,1.675000000000000000e+03,2.000000000000000000e+03,-3.136508009183703205e+00,1.591392599252578144e+00,-1.139837440569509086e+00
1.592099999999999937e+01,1.675000000000000000e+03,2.000000000000000000e+03,-3.133060095787027599e+00,1.593354376828456154e+00,-1.143162805880156840e+00
1.593800000000000061e+01,1.675000000000000000e+03,2.000000000000000000e+03,-3.130077042142408672e+00,1.596594848119008425e+00,-1.157551378574471990e+00
1.595500000000000007e+01,1.675000000000000000e+03,2.000000000000000000e+03,-3.127355934975738272e+00,1.598660333057583038e+00,-1.167619634099242187e+00
1.597199999999999953e+01,1.675000000000000000e+03,2.000000000000000000e+03,-3.124633329938658832e+00,1.600728189550595371e+00,-1.168292755889400736e+00
1.598900000000000077e+01,1.675000000000000000e+03,2.000000000000000000e+03,-3.124633329938658832e+00,1.600728189550595371e+00,-1.168292755889400736e+00
1.600600000000000023e+01,1.675000000000000000e+03,2.000000000000000000e+03,-3.120181350003893961e+00,1.603785473034224474e+00,-1.180792225229075010e+00
1.602199999999999847e+01,1.675000000000000000e+03,2.000000000000000000e+03,-3.117990580768069897e+00,1.603492007404908382e+00,-1.181471173360479687e+00
1.603999999999999915e+01,1.675000000000000000e+03,2.000000000000000000e+03,-3.114534267988504190e+00,1.605467982947727190e+00,-1.194058595509168486e+00
1.605699999999999861e+01,1.675000000000000000e+03,2.000000000000000000e+03,-3.111267228360593329e+00,1.609916030369788142e+00,-1.195481242769726338e+00
1.607400000000000162e+01,1.675000000000000000e+03,2.000000000000000000e+03,-3.108806668241041571e+00,1.610809358773385380e+00,-1.196165673686789610e+00
1.609100000000000108e+01,1.675000000000000000e+03,2.000000000000000000e+03,-3.102339256794849121e+00,1.616067937051120396e+00,-1.209647152888575716e+00
1.610800000000000054e+01,1.675000000000000000e+03,2.000000000000000000e+03,-3.102339256794849121e+00,1.616067937051120396e+00,-1.209647152888575716e+00
1.612500000000000000e+01,1.675000000000000000e+03,2.000000000000000000e+03,-3.082529480222575557e+00,1.626945228430964452e+00,-1.251652368287823114e+00
1.614199999999999946e+01,1.675000000000000000e+03,2.000000000000000000e+03,-3.082529480222575557e+00,1.626945228430964452e+00,-1.251652368287823114e+00
1.615899999999999892e+01,1.675000000000000000e+03,2.000000000000000000e+03,-3.073841483019712495e+00,1.631957786231019725e+00,-1.266416945463446631e+00
1.617699999999999960e+01,1.675000000000000000e+03,2.000000000000000000e+03,-3.073841483019712495e+00,1.631957786231019725e+00,-1.266416945463446631e+00
1.619399999999999906e+01,1.675000000000000000e+03,2.000000000000000000e+03,-3.071654994090734281e+00,1.631664783465684998e+00,-1.267126542256450827e+00
1.621099999999999852e+01,1.675000000000000000e+03,2.000000000000000000e+03,-3.068623902593065722e+00,1.634972467894772130e+00,-1.280316579259912046e+00
1.622899999999999920e+01,1.675000000000000000e+03,2.000000000000000000e+03,-3.063969671823523200e+00,1.635588078602249862e+00,-1.294269946159215756e+00
1.624599999999999866e+01,1.675000000000000000e+03,2.000000000000000000e+03,-3.060488848587216815e+00,1.637602082741984599e+00,-1.282747785804740914e+00
1.626300000000000168e+01,1.675000000000000000e+03,2.000000000000000000e+03,-3.060488848587216815e+00,1.637602082741984599e+00,-1.282747785804740914e+00
1.628000000000000114e+01,1.675000000000000000e+03,2.000000000000000000e+03,-3.053080804091472533e+00,1.640335233762104661e+00,-1.309246532639715133e+00
1.629799999999999827e+01,1.675000000000000000e+03,2.000000000000000000e+03,-3.053080804091472533e+00,1.640335233762104661e+00,-1.309246532639715133e+00
1.631500000000000128e+01,1.675000000000000000e+03,2.000000000000000000e+03,-3.050036346995474545e+00,1.643658361898221454e+00,-1.310886690700169277e+00
1.633200000000000074e+01,1.675000000000000000e+03,2.000000000000000000e+03,-3.046837243189438382e+00,1.644474937684479166e+00,-1.323498668051840799e+00
1.635000000000000142e+01,1.675000000000000000e+03,2.000000000000000000e+03,-3.042621489924132838e+00,1.646402285204150662e+00,-1.312048290241042414e+00
1.636799999999999855e+01,1.675000000000000000e+03,2.000000000000000000e+03,-3.042621489924132838e+00,1.646402285204150662e+00,-1.312048290241042414e+00
1.638500000000000156e+01,1.675000000000000000e+03,2.000000000000000000e+03,-3.038985682415298761e+00,1.645916073042887895e+00,-1.325674299816068658e+00
1.640200000000000102e+01,1.675000000000000000e+03,2.000000000000000000e+03,-3.035204535446866636e+00,1.649151994972913648e+00,-1.341008826582150260e+00
1.641900000000000048e+01,1.675000000000000000e+03,2.000000000000000000e+03,-3.032004963258875030e+00,1.649972698475323796e+00,-1.340043199906866267e+00
1.643799999999999883e+01,1.675000000000000000e+03,2.000000000000000000e+03,-3.024154178488745792e+00,1.651422581135980838e+00,-1.355383981920528447e+00
1.645400000000000063e+01,1.675000000000000000e+03,2.000000000000000000e+03,-3.024154178488745792e+00,1.651422581135980838e+00,-1.355383981920528447e+00
1.647100000000000009e+01,1.675000000000000000e+03,2.000000000000000000e+03,-3.021089960137705255e+00,1.654765639143621847e+00,-1.355975997231091856e+00
1.648799999999999955e+01,1.675000000000000000e+03,2.000000000000000000e+03,-3.013963467176455246e+00,1.656318979263793345e+00,-1.384090654715552926e+00
1.650499999999999901e+01,1.675000000000000000e+03,2.000000000000000000e+03,-3.013963467176455246e+00,1.656318979263793345e+00,-1.384090654715552926e+00
1.652299999999999969e+01,1.675000000000000000e+03,2.000000000000000000e+03,-3.011617177464453565e+00,1.659767590096859369e+00,-1.387422593153361472e+00
1.653999999999999915e+01,1.675000000000000000e+03,2.000000000000000000e+03,-3.006538632882636009e+00,1.659089917008886417e+00,-1.402014771888516309e+00
1.655699999999999861e+01,1.675000000000000000e+03,2.000000000000000000e+03,-3.003037156956816389e+00,1.661133611639816099e+00,-1.386859500514286747e+00
1.657499999999999929e+01,1.675000000000000000e+03,2.000000000000000000e+03,-2.999835870560550788e+00,1.661963080413722871e+00,-1.401087165205774365e+00
1.659100000000000108e+01,1.675000000000000000e+03,2.000000000000000000e+03,-2.996331652622096442e+00,1.664010306644928328e+00,-1.404770959670632591e+00
1.660900000000000176e+01,1.675000000000000000e+03,2.000000000000000000e+03,-2.996331652622096442e+00,1.664010306644928328e+00,-1.404770959670632591e+00
1.662600000000000122e+01,1.675000000000000000e+03,2.000000000000000000e+03,-2.992825504729770714e+00,1.666059891504178214e+00,-1.415954128658792666e+00
1.664300000000000068e+01,1.675000000000000000e+03,2.000000000000000000e+03,-2.974022291520098449e+00,1.672383962263805035e+00,-1.447639883962944962e+00
1.666000000000000014e+01,1.675000000000000000e+03,2.000000000000000000e+03,-2.967714576673176730e+00,1.676602850377153509e+00,-1.462730070425653173e+00
1.667699999999999960e+01,1.675000000000000000e+03,2.000000000000000000e+03,-2.963062102777459295e+00,1.677249914327967328e+00,-1.464216437593635511e+00
1.669399999999999906e+01,1.675000000000000000e+03,2.000000000000000000e+03,-2.963062102777459295e+00,1.677249914327967328e+00,-1.464216437593635511e+00
1.671199999999999974e+01,1.675000000000000000e+03,2.000000000000000000e+03,-2.959133694235219103e+00,1.677994188944658571e+00,-1.492194860313330151e+00
1.673000000000000043e+01,1.675000000000000000e+03,2.000000000000000000e+03,-2.955205816383461137e+00,1.678739353360630737e+00,-1.493682697882749988e+00
1.674699999999999989e+01,1.675000000000000000e+03,2.000000000000000000e+03,-2.951594753927224257e+00,1.678259972401871192e+00,-1.494426336177298698e+00
1.676399999999999935e+01,1.675000000000000000e+03,2.000000000000000000e+03,-2.948073469038071437e+00,1.680328109265306846e+00,-1.509279925432250424e+00
1.678099999999999881e+01,1.675000000000000000e+03,2.000000000000000000e+03,-2.948073469038071437e+00,1.680328109265306846e+00,-1.509279925432250424e+00
1.679799999999999827e+01,1.675000000000000000e+03,2.000000000000000000e+03,-2.939900897840119764e+00,1.683051712769104924e+00,-1.511183393459437418e+00
1.681500000000000128e+01,1.675000000000000000e+03,2.000000000000000000e+03,-2.935974021120209887e+00,1.683801498980243672e+00,-1.526088823825123342e+00
1.683299999999999841e+01,1.675000000000000000e+03,2.000000000000000000e+03,-2.926680767292888952e+00,1.685112980057096532e+00,-1.542541764690411377e+00
1.685000000000000142e+01,1.675000000000000000e+03,2.000000000000000000e+03,-2.926680767292888952e+00,1.685112980057096532e+00,-1.542541764690411377e+00
1.686700000000000088e+01,1.675000000000000000e+03,2.000000000000000000e+03,-2.926680767292888952e+00,1.685112980057096532e+00,-1.542541764690411377e+00
1.688500000000000156e+01,1.675000000000000000e+03,2.000000000000000000e+03,-2.926680767292888952e+00,1.685112980057096532e+00,-1.542541764690411377e+00
1.690299999999999869e+01,1.675000000000000000e+03,2.000000000000000000e+03,-2.918831299617570263e+00,1.686618922708672752e+00,-1.558307598492964408e+00
1.692000000000000171e+01,1.675000000000000000e+03,2.000000000000000000e+03,-2.913795820785028745e+00,1.685954093965363221e+00,-1.559786544441967626e+00
1.693700000000000117e+01,1.675000000000000000e+03,2.000000000000000000e+03,-2.910202023524182113e+00,1.685480289019662958e+00,-1.560525693572421213e+00
1.695400000000000063e+01,1.675000000000000000e+03,2.000000000000000000e+03,-2.910202023524182113e+00,1.685480289019662958e+00,-1.560525693572421213e+00
1.697200000000000131e+01,1.675000000000000000e+03,2.000000000000000000e+03,-2.905233832581344267e+00,1.687370078807529872e+00,-1.575596232218496651e+00
1.698900000000000077e+01,1.675000000000000000e+03,2.000000000000000000e+03,-2.902361397561756817e+00,1.686991856670128520e+00,-1.576333523101249190e+00
1.700700000000000145e+01,1.675000000000000000e+03,2.000000000000000000e+03,-2.898441609950963560e+00,1.687748867629992322e+00,-1.584781579320820644e+00
1.702400000000000091e+01,1.675000000000000000e+03,2.000000000000000000e+03,-2.893804883430279418e+00,1.688412405264811955e+00,-1.600260456641436901e+00
1.707799999999999940e+01,1.675000000000000000e+03,2.000000000000000000e+03,-2.890986375908621842e+00,1.690590112962881975e+00,-1.593234606018949728e+00
1.709700000000000131e+01,1.675000000000000000e+03,2.000000000000000000e+03,-2.890986375908621842e+00,1.690590112962881975e+00,-1.593234606018949728e+00
1.712000000000000099e+01,1.675000000000000000e+03,2.000000000000000000e+03,-2.890986375908621842e+00,1.690590112962881975e+00,-1.593234606018949728e+00
1.713700000000000045e+01,1.675000000000000000e+03,2.000000000000000000e+03,-2.883101712466310751e+00,1.689554562087657530e+00,-1.609089248625704460e+00
1.715399999999999991e+01,1.675000000000000000e+03,2.000000000000000000e+03,-2.883101712466310751e+00,1.689554562087657530e+00,-1.609089248625704460e+00
1.717200000000000060e+01,1.675000000000000000e+03,2.000000000000000000e+03,-2.883101712466310751e+00,1.689554562087657530e+00,-1.609089248625704460e+00
1.718900000000000006e+01,1.675000000000000000e+03,2.000000000000000000e+03,-2.878131340259796112e+00,1.691452073684312829e+00,-1.610553008837912747e+00
1.720599999999999952e+01,1.675000000000000000e+03,2.000000000000000000e+03,-2.847489761624160565e+00,1.695102601878233806e+00,-1.674304715457451298e+00
1.722299999999999898e+01,1.675000000000000000e+03,2.000000000000000000e+03,-2.844289465761827174e+00,1.695962949832384492e+00,-1.675022168272936485e+00
1.723999999999999844e+01,1.675000000000000000e+03,2.000000000000000000e+03,-2.836099345867912902e+00,1.696173722780717430e+00,-1.690873670919595062e+00
1.725700000000000145e+01,1.675000000000000000e+03,2.000000000000000000e+03,-2.836099345867912902e+00,1.696173722780717430e+00,-1.690873670919595062e+00
1.727499999999999858e+01,1.675000000000000000e+03,2.000000000000000000e+03,-2.827915846058652427e+00,1.696387289895179062e+00,-1.721104090729161040e+00
1.729299999999999926e+01,1.675000000000000000e+03,2.000000000000000000e+03,-2.827915846058652427e+00,1.696387289895179062e+00,-1.721104090729161040e+00
1.730999999999999872e+01,1.675000000000000000e+03,2.000000000000000000e+03,-2.823294335054837845e+00,1.697065240051851109e+00,-1.717932747911814273e+00
1.732799999999999940e+01,1.675000000000000000e+03,2.000000000000000000e+03,-2.819741374280535062e+00,1.699162416149353483e+00,-1.733364785832355759e+00
1.734499999999999886e+01,1.675000000000000000e+03,2.000000000000000000e+03,-2.814764180927842752e+00,1.698516050904036678e+00,-1.720045579291592519e+00
1.736199999999999832e+01,1.675000000000000000e+03,2.000000000000000000e+03,-2.811211723940557405e+00,1.698055284501820417e+00,-1.735462222816730238e+00
1.737800000000000011e+01,1.675000000000000000e+03,2.000000000000000000e+03,-2.807303718740842946e+00,1.698828310142237452e+00,-1.750846960789155471e+00
1.739600000000000080e+01,1.675000000000000000e+03,2.000000000000000000e+03,-2.807303718740842946e+00,1.698828310142237452e+00,-1.750846960789155471e+00
1.741199999999999903e+01,1.675000000000000000e+03,2.000000000000000000e+03,-2.802686084609189443e+00,1.699510119396475449e+00,-1.751540086904073812e+00
1.742999999999999972e+01,1.675000000000000000e+03,2.000000000000000000e+03,-2.798429607123797069e+00,1.698959214566465370e+00,-1.752925479157888544e+00
1.744699999999999918e+01,1.675000000000000000e+03,2.000000000000000000e+03,-2.793467713669027574e+00,1.698317854597457099e+00,-1.768253766414015438e+00
1.746499999999999986e+01,1.675000000000000000e+03,2.000000000000000000e+03,-2.790271675107885763e+00,1.699184693965159809e+00,-1.768940261709973427e+00
1.748199999999999932e+01,1.675000000000000000e+03,2.000000000000000000e+03,-2.790271675107885763e+00,1.699184693965159809e+00,-1.768940261709973427e+00
1.749899999999999878e+01,1.675000000000000000e+03,2.000000000000000000e+03,-2.780728170745338623e+00,1.696675294901632824e+00,-1.800040536454381890e+00
1.751800000000000068e+01,1.675000000000000000e+03,2.000000000000000000e+03,-2.780728170745338623e+00,1.696675294901632824e+00,-1.800040536454381890e+00
1.753399999999999892e+01,1.675000000000000000e+03,2.000000000000000000e+03,-2.777194383330451544e+00,1.696220707391951521e+00,-1.800713932143048535e+00
1.755199999999999960e+01,1.675000000000000000e+03,2.000000000000000000e+03,-2.767984785102212353e+00,1.697593671966373563e+00,-1.829511567987597287e+00
1.756899999999999906e+01,1.675000000000000000e+03,2.000000000000000000e+03,-2.767984785102212353e+00,1.697593671966373563e+00,-1.829511567987597287e+00
1.758599999999999852e+01,1.675000000000000000e+03,2.000000000000000000e+03,-2.761264480028569057e+00,1.698009773996554284e+00,-1.845552177777655123e+00
1.760300000000000153e+01,1.675000000000000000e+03,2.000000000000000000e+03,-2.757405869138362942e+00,1.696236883806974571e+00,-1.833611923043396263e+00
1.762000000000000099e+01,1.675000000000000000e+03,2.000000000000000000e+03,-2.752102396136073992e+00,1.696835751238352952e+00,-1.848604675709146550e+00
1.763700000000000045e+01,1.675000000000000000e+03,2.000000000000000000e+03,-2.731335911608051781e+00,1.695461846891056723e+00,-1.894951931168480819e+00
1.765399999999999991e+01,1.675000000000000000e+03,2.000000000000000000e+03,-2.727826884642258420e+00,1.695015087109394081e+00,-1.895579642266983722e+00
1.767200000000000060e+01,1.675000000000000000e+03,2.000000000000000000e+03,-2.723938896881919813e+00,1.695797230644542797e+00,-1.910561917794480369e+00
1.768900000000000006e+01,1.675000000000000000e+03,2.000000000000000000e+03,-2.723938896881919813e+00,1.695797230644542797e+00,-1.910561917794480369e+00
1.770599999999999952e+01,1.675000000000000000e+03,2.000000000000000000e+03,-2.721134024600642576e+00,1.695440508119294254e+00,-1.911181105146086301e+00
1.772400000000000020e+01,1.675000000000000000e+03,2.000000000000000000e+03,-2.717629766741017860e+00,1.694995197909732632e+00,-1.911799995994830192e+00
1.774099999999999966e+01,1.675000000000000000e+03,2.000000000000000000e+03,-2.717629766741017860e+00,1.694995197909732632e+00,-1.911799995994830192e+00
1.775799999999999912e+01,1.675000000000000000e+03,2.000000000000000000e+03,-2.712727214061851910e+00,1.694372863348356795e+00,-1.926636529160507649e+00
1.777499999999999858e+01,1.675000000000000000e+03,2.000000000000000000e+03,-2.712727214061851910e+00,1.694372863348356795e+00,-1.926636529160507649e+00
1.779200000000000159e+01,1.675000000000000000e+03,2.000000000000000000e+03,-2.709927534299567231e+00,1.694017815955040529e+00,-1.927246818162385189e+00
1.780900000000000105e+01,1.675000000000000000e+03,2.000000000000000000e+03,-2.705344264594715220e+00,1.694712918528258783e+00,-1.941958510497328483e+00
1.782600000000000051e+01,1.675000000000000000e+03,2.000000000000000000e+03,-2.698043239157339901e+00,1.692513456579355147e+00,-1.972900443855727382e+00
1.784299999999999997e+01,1.675000000000000000e+03,2.000000000000000000e+03,-2.698043239157339901e+00,1.692513456579355147e+00,-1.972900443855727382e+00
1.785999999999999943e+01,1.675000000000000000e+03,2.000000000000000000e+03,-2.692458614272146278e+00,1.691808065630427738e+00,-1.974066097930326169e+00
1.787800000000000011e+01,1.675000000000000000e+03,2.000000000000000000e+03,-2.684788033718164435e+00,1.690840772394659020e+00,-1.989307867477615899e+00
1.789499999999999957e+01,1.675000000000000000e+03,2.000000000000000000e+03,-2.681608500773252857e+00,1.691713936779459804e+00,-1.989880917707461006e+00
1.791300000000000026e+01,1.675000000000000000e+03,2.000000000000000000e+03,-2.677429317749847382e+00,1.691187697824988678e+00,-1.976975242538340671e+00
1.792999999999999972e+01,1.675000000000000000e+03,2.000000000000000000e+03,-2.677429317749847382e+00,1.691187697824988678e+00,-1.976975242538340671e+00
1.794699999999999918e+01,1.675000000000000000e+03,2.000000000000000000e+03,-2.672952209718200134e+00,1.689351745298213636e+00,-2.008229280038841935e+00
1.796399999999999864e+01,1.675000000000000000e+03,2.000000000000000000e+03,-2.672952209718200134e+00,1.689351745298213636e+00,-2.008229280038841935e+00
1.798000000000000043e+01,1.675000000000000000e+03,2.000000000000000000e+03,-2.672952209718200134e+00,1.689351745298213636e+00,-2.008229280038841935e+00
1.799800000000000111e+01,1.675000000000000000e+03,2.000000000000000000e+03,-2.663916482179311540e+00,1.688217817830212741e+00,-2.007353180571068485e+00
1.801500000000000057e+01,1.675000000000000000e+03,2.000000000000000000e+03,-2.663916482179311540e+00,1.688217817830212741e+00,-2.007353180571068485e+00
1.803200000000000003e+01,1.675000000000000000e+03,2.000000000000000000e+03,-2.655692975545068002e+00,1.684648107495071656e+00,-2.025847415917193306e+00
1.805000000000000071e+01,1.675000000000000000e+03,2.000000000000000000e+03,-2.651134695634126182e+00,1.685347975187913683e+00,-2.040350481117912285e+00
1.806700000000000017e+01,1.675000000000000000e+03,2.000000000000000000e+03,-2.651134695634126182e+00,1.685347975187913683e+00,-2.040350481117912285e+00
1.808399999999999963e+01,1.675000000000000000e+03,2.000000000000000000e+03,-2.647380344841945288e+00,1.683610570093507786e+00,-2.037666154942945784e+00
1.810099999999999909e+01,1.675000000000000000e+03,2.000000000000000000e+03,-2.642650391109165664e+00,1.680487101173797626e+00,-2.055944668612269322e+00
1.811799999999999855e+01,1.675000000000000000e+03,2.000000000000000000e+03,-2.640173586254795257e+00,1.681445470203797754e+00,-2.056474827873903344e+00
1.813500000000000156e+01,1.675000000000000000e+03,2.000000000000000000e+03,-2.640173586254795257e+00,1.681445470203797754e+00,-2.056474827873903344e+00
1.815200000000000102e+01,1.675000000000000000e+03,2.000000000000000000e+03,-2.611475883201461290e+00,1.672837186146854282e+00,-2.101891324599972855e+00
1.817000000000000171e+01,1.675000000000000000e+03,2.000000000000000000e+03,-2.608727583403133821e+00,1.672498572617410861e+00,-2.102390277487223180e+00
1.818700000000000117e+01,1.675000000000000000e+03,2.000000000000000000e+03,-2.600217361040166431e+00,1.670192017200875956e+00,-2.134922095624451455e+00
1.820400000000000063e+01,1.675000000000000000e+03,2.000000000000000000e+03,-2.600217361040166431e+00,1.670192017200875956e+00,-2.134922095624451455e+00
1.822100000000000009e+01,1.675000000000000000e+03,2.000000000000000000e+03,-2.596789298952191238e+00,1.669771009909363002e+00,-2.148450344328077577e+00
1.823799999999999955e+01,1.675000000000000000e+03,2.000000000000000000e+03,-2.592678018035663001e+00,1.669266497072254829e+00,-2.136347926513515016e+00
1.825499999999999901e+01,1.675000000000000000e+03,2.000000000000000000e+03,-2.588301552472260347e+00,1.667472554892142966e+00,-2.155942837370665721e+00
1.827199999999999847e+01,1.675000000000000000e+03,2.000000000000000000e+03,-2.586399117072454068e+00,1.664727772236347825e+00,-2.150574338147878350e+00
1.828900000000000148e+01,1.675000000000000000e+03,2.000000000000000000e+03,-2.582298496066970817e+00,1.664226771940403360e+00,-2.163883816363095125e+00
1.830600000000000094e+01,1.675000000000000000e+03,2.000000000000000000e+03,-2.582298496066970817e+00,1.664226771940403360e+00,-2.163883816363095125e+00
1.832300000000000040e+01,1.675000000000000000e+03,2.000000000000000000e+03,-2.582298496066970817e+00,1.664226771940403360e+00,-2.163883816363095125e+00
1.833999999999999986e+01,1.675000000000000000e+03,2.000000000000000000e+03,-2.573842869647201770e+00,1.661941491779502567e+00,-2.196857842069473765e+00
1.835800000000000054e+01,1.675000000000000000e+03,2.000000000000000000e+03,-2.570433197862944663e+00,1.661526258400044309e+00,-2.184984020896271861e+00
1.837500000000000000e+01,1.675000000000000000e+03,2.000000000000000000e+03,-2.567447105234377247e+00,1.659910725491369643e+00,-2.191090376325651068e+00
1.839199999999999946e+01,1.675000000000000000e+03,2.000000000000000000e+03,-2.563361051768378029e+00,1.659414165065212998e+00,-2.179505961594669028e+00
1.840899999999999892e+01,1.675000000000000000e+03,2.000000000000000000e+03,-2.559021125061238244e+00,1.657636673064605493e+00,-2.211832621206826666e+00
1.842599999999999838e+01,1.675000000000000000e+03,2.000000000000000000e+03,-2.555621385037953885e+00,1.657224487569024074e+00,-2.212252317880739394e+00
1.844300000000000139e+01,1.675000000000000000e+03,2.000000000000000000e+03,-2.552223393917682159e+00,1.656812790243823219e+00,-2.212671830191237365e+00
1.846000000000000085e+01,1.675000000000000000e+03,2.000000000000000000e+03,-2.552223393917682159e+00,1.656812790243823219e+00,-2.212671830191237365e+00
1.847700000000000031e+01,1.675000000000000000e+03,2.000000000000000000e+03,-2.547643900592190036e+00,1.653761877624124743e+00,-2.226129127863403667e+00
1.849399999999999977e+01,1.675000000000000000e+03,2.000000000000000000e+03,-2.544679616116864551e+00,1.652157068985161015e+00,-2.226538404994204079e+00
1.851099999999999923e+01,1.675000000000000000e+03,2.000000000000000000e+03,-2.536978174075411374e+00,1.649983194703637857e+00,-2.259627622207544206e+00
1.852799999999999869e+01,1.675000000000000000e+03,2.000000000000000000e+03,-2.532241094344172883e+00,1.649413087061785799e+00,-2.248252112767229249e+00
1.854400000000000048e+01,1.675000000000000000e+03,2.000000000000000000e+03,-2.528370250428221055e+00,1.646461207809236882e+00,-2.273052220636009313e+00
1.856099999999999994e+01,1.675000000000000000e+03,2.000000000000000000e+03,-2.528370250428221055e+00,1.646461207809236882e+00,-2.273052220636009313e+00
1.857900000000000063e+01,1.675000000000000000e+03,2.000000000000000000e+03,-2.522724879978988533e+00,1.644542495869236287e+00,-2.273800333731723633e+00
1.859600000000000009e+01,1.675000000000000000e+03,2.000000000000000000e+03,-2.517762094573244624e+00,1.642707967443147510e+00,-2.283386534835521342e+00
1.861299999999999955e+01,1.675000000000000000e+03,2.000000000000000000e+03,-2.514153215497668459e+00,1.641037389346256870e+00,-2.286968560938769546e+00
1.863100000000000023e+01,1.675000000000000000e+03,2.000000000000000000e+03,-2.514153215497668459e+00,1.641037389346256870e+00,-2.286968560938769546e+00
1.864699999999999847e+01,1.675000000000000000e+03,2.000000000000000000e+03,-2.499760835858579888e+00,1.634377649030412272e+00,-2.321338923090485284e+00
1.866400000000000148e+01,1.675000000000000000e+03,2.000000000000000000e+03,-2.499760835858579888e+00,1.634377649030412272e+00,-2.321338923090485284e+00
1.868199999999999861e+01,1.675000000000000000e+03,2.000000000000000000e+03,-2.492590369123461880e+00,1.631061214432750983e+00,-2.333650692419900086e+00
1.869900000000000162e+01,1.675000000000000000e+03,2.000000000000000000e+03,-2.488553391376549406e+00,1.626892508271234217e+00,-2.366364868916992048e+00
1.871600000000000108e+01,1.675000000000000000e+03,2.000000000000000000e+03,-2.484540511269383689e+00,1.626418712096955765e+00,-2.355925455858153494e+00
1.873400000000000176e+01,1.675000000000000000e+03,2.000000000000000000e+03,-2.484540511269383689e+00,1.626418712096955765e+00,-2.355925455858153494e+00
1.875000000000000000e+01,1.675000000000000000e+03,2.000000000000000000e+03,-2.481640175168582374e+00,1.624848492158333269e+00,-2.346380210023578883e+00
1.876699999999999946e+01,1.675000000000000000e+03,2.000000000000000000e+03,-2.478517880606948776e+00,1.622027545333009968e+00,-2.367937407748466505e+00
1.878500000000000014e+01,1.675000000000000000e+03,2.000000000000000000e+03,-2.472958022150479440e+00,1.620148987410444441e+00,-2.390370136314206473e+00
1.880199999999999960e+01,1.675000000000000000e+03,2.000000000000000000e+03,-2.472958022150479440e+00,1.620148987410444441e+00,-2.390370136314206473e+00
1.882000000000000028e+01,1.675000000000000000e+03,2.000000000000000000e+03,-2.470070233117116931e+00,1.618586187534377441e+00,-2.380016199488318662e+00
1.883699999999999974e+01,1.675000000000000000e+03,2.000000000000000000e+03,-2.466519991530164546e+00,1.616947259046756624e+00,-2.402059333474825475e+00
1.885399999999999920e+01,1.675000000000000000e+03,2.000000000000000000e+03,-2.462754902667472656e+00,1.614064201235049012e+00,-2.402337305551151658e+00
1.887099999999999866e+01,1.675000000000000000e+03,2.000000000000000000e+03,-2.462754902667472656e+00,1.614064201235049012e+00,-2.402337305551151658e+00
1.888800000000000168e+01,1.675000000000000000e+03,2.000000000000000000e+03,-2.455677944539351731e+00,1.610799729167190719e+00,-2.403531340912919312e+00
1.890599999999999881e+01,1.675000000000000000e+03,2.000000000000000000e+03,-2.452145678656334038e+00,1.609170702533042618e+00,-2.456325816479738577e+00
1.892299999999999827e+01,1.675000000000000000e+03,2.000000000000000000e+03,-2.448190729045387037e+00,1.605064203669138045e+00,-2.447374456215638983e+00
1.894000000000000128e+01,1.675000000000000000e+03,2.000000000000000000e+03,-2.446204927722676281e+00,1.604833692164189252e+00,-2.457405340943410899e+00
1.895700000000000074e+01,1.675000000000000000e+03,2.000000000000000000e+03,-2.440280972960150230e+00,1.600509556149287249e+00,-2.458481993081759853e+00
1.897400000000000020e+01,1.675000000000000000e+03,2.000000000000000000e+03,-2.440280972960150230e+00,1.600509556149287249e+00,-2.458481993081759853e+00
1.899099999999999966e+01,1.675000000000000000e+03,2.000000000000000000e+03,-2.437638986178576328e+00,1.600203960205091480e+00,-2.468295213935645105e+00
1.900799999999999912e+01,1.675000000000000000e+03,2.000000000000000000e+03,-2.434789766543504541e+00,1.598664296566422838e+00,-2.490922099730617401e+00
1.902499999999999858e+01,1.675000000000000000e+03,2.000000000000000000e+03,-2.431736577619845630e+00,1.595894145276568477e+00,-2.523216386273897882e+00
1.904200000000000159e+01,1.675000000000000000e+03,2.000000000000000000e+03,-2.428030322669056495e+00,1.593053249388840520e+00,-2.491925613343549895e+00
1.905999999999999872e+01,1.675000000000000000e+03,2.000000000000000000e+03,-2.420183869230067675e+00,1.588538421639500431e+00,-2.492926508352848902e+00
1.907700000000000173e+01,1.675000000000000000e+03,2.000000000000000000e+03,-2.420183869230067675e+00,1.588538421639500431e+00,-2.492926508352848902e+00
1.909400000000000119e+01,1.675000000000000000e+03,2.000000000000000000e+03,-2.420183869230067675e+00,1.588538421639500431e+00,-2.492926508352848902e+00
1.911100000000000065e+01,1.675000000000000000e+03,2.000000000000000000e+03,-2.417354922181981003e+00,1.587011745670926732e+00,-2.534212512670622086e+00
1.912800000000000011e+01,1.675000000000000000e+03,2.000000000000000000e+03,-2.417354922181981003e+00,1.587011745670926732e+00,-2.534212512670622086e+00
1.914499999999999957e+01,1.675000000000000000e+03,2.000000000000000000e+03,-2.390993236328412763e+00,1.570848705440330839e+00,-2.577245322101986869e+00
1.916300000000000026e+01,1.675000000000000000e+03,2.000000000000000000e+03,-2.388657346642148571e+00,1.568204053740632098e+00,-2.600240592223868941e+00
1.917999999999999972e+01,1.675000000000000000e+03,2.000000000000000000e+03,-2.385024520559013261e+00,1.565417186463830213e+00,-2.569537049539591500e+00
1.919800000000000040e+01,1.675000000000000000e+03,2.000000000000000000e+03,-2.385024520559013261e+00,1.565417186463830213e+00,-2.569537049539591500e+00
1.921499999999999986e+01,1.675000000000000000e+03,2.000000000000000000e+03,-2.382885617736139494e+00,1.563989139002025741e+00,-2.601000320926644349e+00
1.923300000000000054e+01,1.675000000000000000e+03,2.000000000000000000e+03,-2.379076349288382630e+00,1.560004924333802112e+00,-2.578710299513964355e+00
1.925000000000000000e+01,1.675000000000000000e+03,2.000000000000000000e+03,-2.379076349288382630e+00,1.560004924333802112e+00,-2.578710299513964355e+00
1.926699999999999946e+01,1.675000000000000000e+03,2.000000000000000000e+03,-2.375647025788315325e+00,1.558436648452415696e+00,-2.601758346507239583e+00
1.928399999999999892e+01,1.675000000000000000e+03,2.000000000000000000e+03,-2.373702085242087367e+00,1.558218563443978688e+00,-2.609905219629569118e+00
1.930099999999999838e+01,1.675000000000000000e+03,2.000000000000000000e+03,-2.369911613138230067e+00,1.554249798456284193e+00,-2.610507948246403309e+00
1.931800000000000139e+01,1.675000000000000000e+03,2.000000000000000000e+03,-2.367970131582768811e+00,1.554032756943094284e+00,-2.618464658761069597e+00
1.933500000000000085e+01,1.675000000000000000e+03,2.000000000000000000e+03,-2.361248095084843346e+00,1.547394127090731875e+00,-2.642028219271951972e+00
1.935099999999999909e+01,1.675000000000000000e+03,2.000000000000000000e+03,-2.361248095084843346e+00,1.547394127090731875e+00,-2.642028219271951972e+00
1.936899999999999977e+01,1.675000000000000000e+03,2.000000000000000000e+03,-2.361248095084843346e+00,1.547394127090731875e+00,-2.642028219271951972e+00
1.938599999999999923e+01,1.675000000000000000e+03,2.000000000000000000e+03,-2.358488012148262314e+00,1.545912089935447042e+00,-2.619770825997403296e+00
1.940299999999999869e+01,1.675000000000000000e+03,2.000000000000000000e+03,-2.355375414360738162e+00,1.542046561552925521e+00,-2.650144496209043243e+00
1.942000000000000171e+01,1.675000000000000000e+03,2.000000000000000000e+03,-2.353089979349109573e+00,1.539450995152700674e+00,-2.643127429587706079e+00
1.943700000000000117e+01,1.675000000000000000e+03,2.000000000000000000e+03,-2.349698075053721524e+00,1.537906049821804899e+00,-2.650792899339528663e+00
1.945400000000000063e+01,1.675000000000000000e+03,2.000000000000000000e+03,-2.349698075053721524e+00,1.537906049821804899e+00,-2.650792899339528663e+00
1.947100000000000009e+01,1.675000000000000000e+03,2.000000000000000000e+03,-2.347594895937574755e+00,1.536504852288004486e+00,-2.673715088605282286e+00
1.948799999999999955e+01,1.675000000000000000e+03,2.000000000000000000e+03,-2.343689901565386258e+00,1.531407482883215376e+00,-2.674213189518772626e+00
1.950600000000000023e+01,1.675000000000000000e+03,2.000000000000000000e+03,-2.341766124949197891e+00,1.531195852694367421e+00,-2.681381870816000212e+00
1.952299999999999969e+01,1.675000000000000000e+03,2.000000000000000000e+03,-2.341766124949197891e+00,1.531195852694367421e+00,-2.681381870816000212e+00
1.953999999999999915e+01,1.675000000000000000e+03,2.000000000000000000e+03,-2.338516869465957715e+00,1.526185898987125977e+00,-2.681867235165918295e+00
1.955799999999999983e+01,1.675000000000000000e+03,2.000000000000000000e+03,-2.335617042260337506e+00,1.523546723691244775e+00,-2.682351516175546458e+00
1.957499999999999929e+01,1.675000000000000000e+03,2.000000000000000000e+03,-2.332890969477710019e+00,1.522089156766649687e+00,-2.689336662601886196e+00
1.959199999999999875e+01,1.675000000000000000e+03,2.000000000000000000e+03,-2.329832069421460705e+00,1.518282104209876859e+00,-2.689808552592275692e+00
1.960999999999999943e+01,1.675000000000000000e+03,2.000000000000000000e+03,-2.329832069421460705e+00,1.518282104209876859e+00,-2.689808552592275692e+00
1.962699999999999889e+01,1.675000000000000000e+03,2.000000000000000000e+03,-2.329832069421460705e+00,1.518282104209876859e+00,-2.689808552592275692e+00
1.964399999999999835e+01,1.675000000000000000e+03,2.000000000000000000e+03,-2.307832985670612569e+00,1.495222073535466656e+00,-2.743433973966413753e+00
1.966100000000000136e+01,1.675000000000000000e+03,2.000000000000000000e+03,-2.304355339103600020e+00,1.492568159425469165e+00,-2.721272470215825301e+00
1.967800000000000082e+01,1.675000000000000000e+03,2.000000000000000000e+03,-2.301671757760976433e+00,1.491141700442976781e+00,-2.749997430332581594e+00
1.969500000000000028e+01,1.675000000000000000e+03,2.000000000000000000e+03,-2.298523420661849226e+00,1.486256681801225721e+00,-2.750369113302369772e+00
1.971300000000000097e+01,1.675000000000000000e+03,2.000000000000000000e+03,-2.295063886560953836e+00,1.483618661309956011e+00,-2.772947757132898428e+00
1.973000000000000043e+01,1.675000000000000000e+03,2.000000000000000000e+03,-2.295063886560953836e+00,1.483618661309956011e+00,-2.772947757132898428e+00
1.974699999999999989e+01,1.675000000000000000e+03,2.000000000000000000e+03,-2.289895186663201354e+00,1.477410312736982867e+00,-2.801538860513971940e+00
1.976399999999999935e+01,1.675000000000000000e+03,2.000000000000000000e+03,-2.289895186663201354e+00,1.477410312736982867e+00,-2.801538860513971940e+00
1.978200000000000003e+01,1.675000000000000000e+03,2.000000000000000000e+03,-2.284119900003592551e+00,1.471160305500525123e+00,-2.829618482903818677e+00
1.979899999999999949e+01,1.675000000000000000e+03,2.000000000000000000e+03,-2.281166292944248664e+00,1.467475067553650092e+00,-2.829860948282119981e+00
1.981599999999999895e+01,1.675000000000000000e+03,2.000000000000000000e+03,-2.281166292944248664e+00,1.467475067553650092e+00,-2.829860948282119981e+00
1.983299999999999841e+01,1.675000000000000000e+03,2.000000000000000000e+03,-2.277890202914322426e+00,1.466007509475250714e+00,-2.824728248771661399e+00
1.985000000000000142e+01,1.675000000000000000e+03,2.000000000000000000e+03,-2.274948755364822883e+00,1.462334677156495566e+00,-2.824978724437908539e+00
1.986799999999999855e+01,1.675000000000000000e+03,2.000000000000000000e+03,-2.272783591055690611e+00,1.459869112834846216e+00,-2.852589694623311800e+00
1.988500000000000156e+01,1.675000000000000000e+03,2.000000000000000000e+03,-2.272783591055690611e+00,1.459869112834846216e+00,-2.852589694623311800e+00
1.990399999999999991e+01,1.675000000000000000e+03,2.000000000000000000e+03,-2.267074230211902464e+00,1.453689843242807367e+00,-2.879881449510788283e+00
1.992099999999999937e+01,1.675000000000000000e+03,2.000000000000000000e+03,-2.267074230211902464e+00,1.453689843242807367e+00,-2.879881449510788283e+00
1.993900000000000006e+01,1.675000000000000000e+03,2.000000000000000000e+03,-2.261245663623787649e+00,1.446410262159020466e+00,-2.902435662951535988e+00
1.995700000000000074e+01,1.675000000000000000e+03,2.000000000000000000e+03,-2.261245663623787649e+00,1.446410262159020466e+00,-2.902435662951535988e+00
1.997400000000000020e+01,1.675000000000000000e+03,2.000000000000000000e+03,-2.259102006885546299e+00,1.443969830111230035e+00,-2.880207364372909140e+00
1.999099999999999966e+01,1.675000000000000000e+03,2.000000000000000000e+03,-2.259102006885546299e+00,1.443969830111230035e+00,-2.880207364372909140e+00
2.000799999999999912e+01,1.675000000000000000e+03,2.000000000000000000e+03,-2.254685531895745498e+00,1.437981206124948841e+00,-2.902691558081201606e+00
2.002499999999999858e+01,1.675000000000000000e+03,2.000000000000000000e+03,-2.252829345577818998e+00,1.437789887857148674e+00,-2.951125411675923349e+00
2.004200000000000159e+01,1.675000000000000000e+03,2.000000000000000000e+03,-2.248913786909310986e+00,1.430774073989553585e+00,-2.929063771229186486e+00
2.005900000000000105e+01,1.675000000000000000e+03,2.000000000000000000e+03,-2.247406785944521701e+00,1.428421160737933793e+00,-2.951246616787976951e+00
2.007600000000000051e+01,1.675000000000000000e+03,2.000000000000000000e+03,-2.244188953548604371e+00,1.426993818946266757e+00,-2.929151609610382234e+00
2.009400000000000119e+01,1.675000000000000000e+03,2.000000000000000000e+03,-2.241937274039353056e+00,1.423474449032959832e+00,-2.929239573289875054e+00
2.011100000000000065e+01,1.675000000000000000e+03,2.000000000000000000e+03,-2.241937274039353056e+00,1.423474449032959832e+00,-2.929239573289875054e+00
2.012800000000000011e+01,1.675000000000000000e+03,2.000000000000000000e+03,-2.239823999316695957e+00,1.421069869241354144e+00,-2.951355627835871687e+00
2.014600000000000080e+01,1.675000000000000000e+03,2.000000000000000000e+03,-2.229399507167452832e+00,1.404772998743577528e+00,-2.976821801881265106e+00
2.016300000000000026e+01,1.675000000000000000e+03,2.000000000000000000e+03,-2.227308106552151390e+00,1.402397032068696259e+00,-2.976857102116882814e+00
2.018100000000000094e+01,1.675000000000000000e+03,2.000000000000000000e+03,-2.224964099386652183e+00,1.397839432522254288e+00,-2.976875391986330666e+00
2.019800000000000040e+01,1.675000000000000000e+03,2.000000000000000000e+03,-2.223971831057765414e+00,1.394505784835569973e+00,-2.998641302340669057e+00
2.021499999999999986e+01,1.675000000000000000e+03,2.000000000000000000e+03,-2.221156191066079533e+00,1.390996719793910597e+00,-3.001520713941386642e+00
2.023199999999999932e+01,1.675000000000000000e+03,2.000000000000000000e+03,-2.220169822993347530e+00,1.387676991352870814e+00,-2.998637072009796789e+00
2.024899999999999878e+01,1.675000000000000000e+03,2.000000000000000000e+03,-2.218578359429151714e+00,1.384303613765045071e+00,-2.998645500385564322e+00
2.026599999999999824e+01,1.675000000000000000e+03,2.000000000000000000e+03,-2.216383866147489279e+00,1.380877198901401481e+00,-3.022928608899285052e+00
2.028300000000000125e+01,1.675000000000000000e+03,2.000000000000000000e+03,-2.214799673319350681e+00,1.377518033973562872e+00,-3.022906969161220037e+00
2.030000000000000071e+01,1.675000000000000000e+03,2.000000000000000000e+03,-2.211641096848750543e+00,1.370820579937784611e+00,-3.041873427760978466e+00
2.031800000000000139e+01,1.675000000000000000e+03,2.000000000000000000e+03,-2.211641096848750543e+00,1.370820579937784611e+00,-3.041873427760978466e+00
2.033500000000000085e+01,1.675000000000000000e+03,2.000000000000000000e+03,-2.211641096848750543e+00,1.370820579937784611e+00,-3.041873427760978466e+00
2.035200000000000031e+01,1.675000000000000000e+03,2.000000000000000000e+03,-2.209463161476885595e+00,1.367423038230334065e+00,-3.044156729812333317e+00
2.036899999999999977e+01,1.675000000000000000e+03,2.000000000000000000e+03,-2.208013792022529120e+00,1.365162078389842826e+00,-3.046428733830315760e+00
2.038599999999999923e+01,1.675000000000000000e+03,2.000000000000000000e+03,-2.206445919184466753e+00,1.361835571735120265e+00,-3.022774603761672729e+00
2.040299999999999869e+01,1.675000000000000000e+03,2.000000000000000000e+03,-2.204881267845594905e+00,1.358515924694996713e+00,-3.044035997481737699e+00
2.042000000000000171e+01,1.675000000000000000e+03,2.000000000000000000e+03,-2.204881267845594905e+00,1.358515924694996713e+00,-3.044035997481737699e+00
2.043700000000000117e+01,1.675000000000000000e+03,2.000000000000000000e+03,-2.202117967400394782e+00,1.355086241892087262e+00,-3.046252592981037122e+00
2.045400000000000063e+01,1.675000000000000000e+03,2.000000000000000000e+03,-2.201161309559283463e+00,1.351838883273591030e+00,-3.067192329522276939e+00
2.047100000000000009e+01,1.675000000000000000e+03,2.000000000000000000e+03,-2.200088510784970808e+00,1.347538341201110157e+00,-3.067117220059831340e+00
2.048699999999999832e+01,1.675000000000000000e+03,2.000000000000000000e+03,-2.198654670917147502e+00,1.345305489729330617e+00,-3.065013348030666052e+00
2.050499999999999901e+01,1.675000000000000000e+03,2.000000000000000000e+03,-2.196391091596420431e+00,1.340906889418278514e+00,-3.066940317847251407e+00
2.052199999999999847e+01,1.675000000000000000e+03,2.000000000000000000e+03,-2.194962844098259147e+00,1.338683424669659949e+00,-3.087745287883787881e+00
2.053900000000000148e+01,1.675000000000000000e+03,2.000000000000000000e+03,-2.193305709475470433e+00,1.334360292107118706e+00,-3.085877021011758092e+00
2.055600000000000094e+01,1.675000000000000000e+03,2.000000000000000000e+03,-2.191171710223889679e+00,1.331040054073970857e+00,-3.085780111922046931e+00
2.057300000000000040e+01,1.675000000000000000e+03,2.000000000000000000e+03,-2.191171710223889679e+00,1.331040054073970857e+00,-3.085780111922046931e+00
2.058999999999999986e+01,1.675000000000000000e+03,2.000000000000000000e+03,-2.189295870142137890e+00,1.324647002650892080e+00,-3.108075634027121836e+00
2.060699999999999932e+01,1.675000000000000000e+03,2.000000000000000000e+03,-2.189295870142137890e+00,1.324647002650892080e+00,-3.108075634027121836e+00
2.062500000000000000e+01,1.675000000000000000e+03,2.000000000000000000e+03,-2.187285527564528209e+00,1.322389815505311539e+00,-3.128641760896838431e+00
2.064300000000000068e+01,1.675000000000000000e+03,2.000000000000000000e+03,-2.187285527564528209e+00,1.322389815505311539e+00,-3.128641760896838431e+00
2.066000000000000014e+01,1.675000000000000000e+03,2.000000000000000000e+03,-2.178874999245814070e+00,1.304141473330500567e+00,3.134821756586037012e+00
2.067699999999999960e+01,1.675000000000000000e+03,2.000000000000000000e+03,-2.177256836439372734e+00,1.299910434448328544e+00,3.134991124841866039e+00
2.069500000000000028e+01,1.675000000000000000e+03,2.000000000000000000e+03,-2.175860096216628570e+00,1.297744126615967275e+00,3.114768780120014124e+00
2.071199999999999974e+01,1.675000000000000000e+03,2.000000000000000000e+03,-2.174249143837877263e+00,1.293530028077327199e+00,3.114259229083230718e+00
2.072899999999999920e+01,1.675000000000000000e+03,2.000000000000000000e+03,-2.173337598099508217e+00,1.290403988752820919e+00,3.094434339026651326e+00
2.074599999999999866e+01,1.675000000000000000e+03,2.000000000000000000e+03,-2.171840635858798496e+00,1.287229623072921214e+00,3.094649310001952980e+00
2.076300000000000168e+01,1.675000000000000000e+03,2.000000000000000000e+03,-2.171840635858798496e+00,1.287229623072921214e+00,3.094649310001952980e+00
2.078000000000000114e+01,1.675000000000000000e+03,2.000000000000000000e+03,-2.169653916744287869e+00,1.282989015598406723e+00,3.095348119989719926e+00
2.079700000000000060e+01,1.675000000000000000e+03,2.000000000000000000e+03,-2.168164145732578874e+00,1.279829555159723853e+00,3.095561331929848059e+00
2.081500000000000128e+01,1.675000000000000000e+03,2.000000000000000000e+03,-2.165673202256547913e+00,1.272571196937653415e+00,3.075720237029315740e+00
2.083299999999999841e+01,1.675000000000000000e+03,2.000000000000000000e+03,-2.165673202256547913e+00,1.272571196937653415e+00,3.075720237029315740e+00
2.085099999999999909e+01,1.675000000000000000e+03,2.000000000000000000e+03,-2.164192247351652831e+00,1.269432446831175287e+00,3.075954604522880054e+00
2.086799999999999855e+01,1.675000000000000000e+03,2.000000000000000000e+03,-2.163984169045027883e+00,1.267414347042074230e+00,3.056538209224867408e+00
2.088599999999999923e+01,1.675000000000000000e+03,2.000000000000000000e+03,-2.161924709074708240e+00,1.264232774086140765e+00,3.056793190668031457e+00
2.090299999999999869e+01,1.675000000000000000e+03,2.000000000000000000e+03,-2.160554095712592826e+00,1.262115395181928612e+00,3.017773225755882915e+00
2.091900000000000048e+01,1.675000000000000000e+03,2.000000000000000000e+03,-2.160041150035204804e+00,1.257097655990087492e+00,2.998989520439457657e+00
2.093700000000000117e+01,1.675000000000000000e+03,2.000000000000000000e+03,-2.158471094773423804e+00,1.252989713199194721e+00,2.999304561729581042e+00
2.095499999999999829e+01,1.675000000000000000e+03,2.000000000000000000e+03,-2.157586110987740557e+00,1.249941835716188443e+00,2.999618814351483032e+00
2.097100000000000009e+01,1.675000000000000000e+03,2.000000000000000000e+03,-2.157586110987740557e+00,1.249941835716188443e+00,2.999618814351483032e+00
2.100900000000000034e+01,1.675000000000000000e+03,2.000000000000000000e+03,-2.157586110987740557e+00,1.249941835716188443e+00,2.999618814351483032e+00
2.103200000000000003e+01,1.675000000000000000e+03,2.000000000000000000e+03,-2.156702812141546577e+00,1.246899751631131092e+00,2.980782623170497025e+00
2.106200000000000117e+01,1.675000000000000000e+03,2.000000000000000000e+03,-2.156702812141546577e+00,1.246899751631131092e+00,2.980782623170497025e+00
2.107900000000000063e+01,1.675000000000000000e+03,2.000000000000000000e+03,-2.156702812141546577e+00,1.246899751631131092e+00,2.980782623170497025e+00
2.109700000000000131e+01,1.675000000000000000e+03,2.000000000000000000e+03,-2.155720507610431547e+00,1.242869885809206210e+00,2.982003745740579248e+00
2.111700000000000088e+01,1.675000000000000000e+03,2.000000000000000000e+03,-2.154263077878533661e+00,1.239789578612839893e+00,2.982334383865119065e+00
2.113400000000000034e+01,1.675000000000000000e+03,2.000000000000000000e+03,-2.154263077878533661e+00,1.239789578612839893e+00,2.982334383865119065e+00
2.115200000000000102e+01,1.675000000000000000e+03,2.000000000000000000e+03,-2.146593637394249132e+00,1.197413616897997191e+00,2.946817300797738071e+00
2.116900000000000048e+01,1.675000000000000000e+03,2.000000000000000000e+03,-2.146015855670323269e+00,1.191629616177606543e+00,2.930558586631543783e+00
2.118599999999999994e+01,1.675000000000000000e+03,2.000000000000000000e+03,-2.145631835041041491e+00,1.187785091416329486e+00,2.930931912551967944e+00
2.120299999999999940e+01,1.675000000000000000e+03,2.000000000000000000e+03,-2.145631835041041491e+00,1.187785091416329486e+00,2.930931912551967944e+00
2.121999999999999886e+01,1.675000000000000000e+03,2.000000000000000000e+03,-2.145248744063801727e+00,1.183949708229859343e+00,2.913648019036568115e+00
2.123699999999999832e+01,1.675000000000000000e+03,2.000000000000000000e+03,-2.145146998799146942e+00,1.177307892930486766e+00,2.894733272191026607e+00
2.125400000000000134e+01,1.675000000000000000e+03,2.000000000000000000e+03,-2.145146998799146942e+00,1.177307892930486766e+00,2.894733272191026607e+00
2.127199999999999847e+01,1.675000000000000000e+03,2.000000000000000000e+03,-2.144765764635499394e+00,1.173497275280854790e+00,2.895136251013585849e+00
2.128900000000000148e+01,1.675000000000000000e+03,2.000000000000000000e+03,-2.144385448795436577e+00,1.169695676333474932e+00,2.897443923879460925e+00
2.130600000000000094e+01,1.675000000000000000e+03,2.000000000000000000e+03,-2.144100812502222730e+00,1.166850376029072933e+00,2.895967042906609112e+00
2.132300000000000040e+01,1.675000000000000000e+03,2.000000000000000000e+03,-2.143816689397636033e+00,1.164010116712620224e+00,2.878658970246431803e+00
2.133999999999999986e+01,1.675000000000000000e+03,2.000000000000000000e+03,-2.143816689397636033e+00,1.164010116712620224e+00,2.878658970246431803e+00
2.135699999999999932e+01,1.675000000000000000e+03,2.000000000000000000e+03,-2.143438654407447519e+00,1.160230922262558195e+00,2.879073543331053475e+00
2.137399999999999878e+01,1.675000000000000000e+03,2.000000000000000000e+03,-2.143624276849519728e+00,1.156507741837836889e+00,2.879521243698885513e+00
2.139099999999999824e+01,1.675000000000000000e+03,2.000000000000000000e+03,-2.142591384593242942e+00,1.151760246113640473e+00,2.879933951276535176e+00
2.140800000000000125e+01,1.675000000000000000e+03,2.000000000000000000e+03,-2.141935544920519074e+00,1.145202878434489868e+00,2.844169569734785963e+00
2.142500000000000071e+01,1.675000000000000000e+03,2.000000000000000000e+03,-2.141935544920519074e+00,1.145202878434489868e+00,2.844169569734785963e+00
2.144300000000000139e+01,1.675000000000000000e+03,2.000000000000000000e+03,-2.142122078041323263e+00,1.141514212885307522e+00,2.844657588734708309e+00
2.146000000000000085e+01,1.675000000000000000e+03,2.000000000000000000e+03,-2.141748765031275425e+00,1.137787778538734695e+00,2.845095756249487629e+00
2.147599999999999909e+01,1.675000000000000000e+03,2.000000000000000000e+03,-2.140910458689131435e+00,1.134952694398810635e+00,2.845533010141565011e+00
2.149399999999999977e+01,1.675000000000000000e+03,2.000000000000000000e+03,-2.141190459650168076e+00,1.132214460721372884e+00,2.826280306337981774e+00
2.151099999999999923e+01,1.675000000000000000e+03,2.000000000000000000e+03,-2.141190459650168076e+00,1.132214460721372884e+00,2.826280306337981774e+00
2.152899999999999991e+01,1.675000000000000000e+03,2.000000000000000000e+03,-2.141377147259113656e+00,1.128555407447116465e+00,2.829432231459952707e+00
2.154599999999999937e+01,1.675000000000000000e+03,2.000000000000000000e+03,-2.141007772823075417e+00,1.119376079950416436e+00,2.811229584209262278e+00
2.156200000000000117e+01,1.675000000000000000e+03,2.000000000000000000e+03,-2.141193989761000172e+00,1.115746092508957066e+00,2.808831766774780636e+00
2.157900000000000063e+01,1.675000000000000000e+03,2.000000000000000000e+03,-2.141009315451866790e+00,1.113911710851101855e+00,2.795586587677475698e+00
2.159600000000000009e+01,1.675000000000000000e+03,2.000000000000000000e+03,-2.140640620327070476e+00,1.110249333618074097e+00,2.796055437121923504e+00
2.161499999999999844e+01,1.675000000000000000e+03,2.000000000000000000e+03,-2.140640620327070476e+00,1.110249333618074097e+00,2.796055437121923504e+00
2.163200000000000145e+01,1.675000000000000000e+03,2.000000000000000000e+03,-2.140464351110023422e+00,1.092195554350786413e+00,2.763401302761399947e+00
2.164900000000000091e+01,1.675000000000000000e+03,2.000000000000000000e+03,-2.140464351110023422e+00,1.092195554350786413e+00,2.763401302761399947e+00
2.166499999999999915e+01,1.675000000000000000e+03,2.000000000000000000e+03,-2.141200623624065713e+00,1.088670347324391940e+00,2.763975612302895790e+00
2.168299999999999983e+01,1.675000000000000000e+03,2.000000000000000000e+03,-2.142668495085640945e+00,1.081642716219751499e+00,2.730457834279015561e+00
2.169999999999999929e+01,1.675000000000000000e+03,2.000000000000000000e+03,-2.142668495085640945e+00,1.081642716219751499e+00,2.730457834279015561e+00
2.171799999999999997e+01,1.675000000000000000e+03,2.000000000000000000e+03,-2.142210176505655372e+00,1.077158163784587508e+00,2.730960058195606166e+00
2.173499999999999943e+01,1.675000000000000000e+03,2.000000000000000000e+03,-2.142210176505655372e+00,1.077158163784587508e+00,2.730960058195606166e+00
2.175199999999999889e+01,1.675000000000000000e+03,2.000000000000000000e+03,-2.142941252213727665e+00,1.073665523540407563e+00,2.731567960483685997e+00
2.176999999999999957e+01,1.675000000000000000e+03,2.000000000000000000e+03,-2.142301099417851962e+00,1.067422424861677488e+00,2.728902839518722701e+00
2.178699999999999903e+01,1.675000000000000000e+03,2.000000000000000000e+03,-2.142301099417851962e+00,1.067422424861677488e+00,2.728902839518722701e+00
2.180499999999999972e+01,1.675000000000000000e+03,2.000000000000000000e+03,-2.143121288567624294e+00,1.064839326715238066e+00,2.713986322522416117e+00
2.182199999999999918e+01,1.675000000000000000e+03,2.000000000000000000e+03,-2.143845861779178463e+00,1.056104174633489823e+00,2.696429308485728260e+00
2.183899999999999864e+01,1.675000000000000000e+03,2.000000000000000000e+03,-2.143845861779178463e+00,1.056104174633489823e+00,2.696429308485728260e+00
2.185600000000000165e+01,1.675000000000000000e+03,2.000000000000000000e+03,-2.143480806557613860e+00,1.052573308800376140e+00,2.696943637376912228e+00
2.187399999999999878e+01,1.675000000000000000e+03,2.000000000000000000e+03,-2.144387676662543818e+00,1.050894389914240445e+00,2.682543139010988842e+00
2.189000000000000057e+01,1.675000000000000000e+03,2.000000000000000000e+03,-2.145654657987119851e+00,1.047499973701393916e+00,2.683197662457312394e+00
2.190700000000000003e+01,1.675000000000000000e+03,2.000000000000000000e+03,-2.145654657987119851e+00,1.047499973701393916e+00,2.683197662457312394e+00
2.192399999999999949e+01,1.675000000000000000e+03,2.000000000000000000e+03,-2.145648980367248271e+00,1.042276733976369218e+00,2.665241322845047556e+00
2.194099999999999895e+01,1.675000000000000000e+03,2.000000000000000000e+03,-2.146368685163954293e+00,1.038859129739597265e+00,2.665911863102745194e+00
2.195799999999999841e+01,1.675000000000000000e+03,2.000000000000000000e+03,-2.147178588420682210e+00,1.036321215366827975e+00,2.647459949230533738e+00
2.197500000000000142e+01,1.675000000000000000e+03,2.000000000000000000e+03,-2.147528502934765715e+00,1.029436971805729684e+00,2.648676332514062981e+00
2.199200000000000088e+01,1.675000000000000000e+03,2.000000000000000000e+03,-2.147528502934765715e+00,1.029436971805729684e+00,2.648676332514062981e+00
2.200900000000000034e+01,1.675000000000000000e+03,2.000000000000000000e+03,-2.148243412985608281e+00,1.026046696628303945e+00,2.649360984637742611e+00
2.202599999999999980e+01,1.675000000000000000e+03,2.000000000000000000e+03,-2.148508567809837899e+00,1.023488477242491257e+00,2.630966750449363012e+00
2.204400000000000048e+01,1.675000000000000000e+03,2.000000000000000000e+03,-2.150379242457255202e+00,1.015918787522286593e+00,2.618801478682714290e+00
2.206099999999999994e+01,1.675000000000000000e+03,2.000000000000000000e+03,-2.150379242457255202e+00,1.015918787522286593e+00,2.618801478682714290e+00
2.207799999999999940e+01,1.675000000000000000e+03,2.000000000000000000e+03,-2.150379242457255202e+00,1.015918787522286593e+00,2.618801478682714290e+00
2.209600000000000009e+01,1.675000000000000000e+03,2.000000000000000000e+03,-2.150457958632328914e+00,1.011657906109141969e+00,2.614570161479947696e+00
2.211199999999999832e+01,1.675000000000000000e+03,2.000000000000000000e+03,-2.150457958632328914e+00,1.011657906109141969e+00,2.614570161479947696e+00
2.212999999999999901e+01,1.675000000000000000e+03,2.000000000000000000e+03,-2.156544947911565480e+00,9.892606303036232118e-01,2.568900876777412634e+00
2.214699999999999847e+01,1.675000000000000000e+03,2.000000000000000000e+03,-2.156544947911565480e+00,9.892606303036232118e-01,2.568900876777412634e+00
2.216400000000000148e+01,1.675000000000000000e+03,2.000000000000000000e+03,-2.157775932923748030e+00,9.859934172821595011e-01,2.564195589488670546e+00
2.218100000000000094e+01,1.675000000000000000e+03,2.000000000000000000e+03,-2.158470810741437429e+00,9.826942753863537883e-01,2.564948644356983998e+00
2.219800000000000040e+01,1.675000000000000000e+03,2.000000000000000000e+03,-2.159257657236954397e+00,9.802436431748123846e-01,2.552554971150461594e+00
2.221499999999999986e+01,1.675000000000000000e+03,2.000000000000000000e+03,-2.159949777662184545e+00,9.769564540457625901e-01,2.553316478348128360e+00
2.223199999999999932e+01,1.675000000000000000e+03,2.000000000000000000e+03,-2.161704964783060401e+00,9.737523411935126161e-01,2.554076586700275264e+00
2.224899999999999878e+01,1.675000000000000000e+03,2.000000000000000000e+03,-2.161861465386116343e+00,9.704405505224956707e-01,2.549228389627477220e+00
2.226599999999999824e+01,1.675000000000000000e+03,2.000000000000000000e+03,-2.163953905153213064e+00,9.656182782184546953e-01,2.532111730967906649e+00
2.228300000000000125e+01,1.675000000000000000e+03,2.000000000000000000e+03,-2.165945521032484500e+00,9.599791881586513531e-01,2.521034623656885909e+00
2.230000000000000071e+01,1.675000000000000000e+03,2.000000000000000000e+03,-2.167590814094054519e+00,9.559794234987316619e-01,2.521816574530332478e+00
2.231700000000000017e+01,1.675000000000000000e+03,2.000000000000000000e+03,-2.167590814094054519e+00,9.559794234987316619e-01,2.521816574530332478e+00
2.233399999999999963e+01,1.675000000000000000e+03,2.000000000000000000e+03,-2.168946362742452116e+00,9.495116008170109145e-01,2.517465166354991624e+00
2.235099999999999909e+01,1.675000000000000000e+03,2.000000000000000000e+03,-2.171110561739718392e+00,9.455748773525426421e-01,2.500619971595976487e+00
2.236799999999999855e+01,1.675000000000000000e+03,2.000000000000000000e+03,-2.171110561739718392e+00,9.455748773525426421e-01,2.500619971595976487e+00
2.238500000000000156e+01,1.675000000000000000e+03,2.000000000000000000e+03,-2.171783261233449114e+00,9.423589252172980268e-01,2.489312425334522683e+00
2.240200000000000102e+01,1.675000000000000000e+03,2.000000000000000000e+03,-2.171783261233449114e+00,9.423589252172980268e-01,2.489312425334522683e+00
2.242000000000000171e+01,1.675000000000000000e+03,2.000000000000000000e+03,-2.174703965583954179e+00,9.360561334053835170e-01,2.490913921872909498e+00
2.243599999999999994e+01,1.675000000000000000e+03,2.000000000000000000e+03,-2.174703965583954179e+00,9.360561334053835170e-01,2.490913921872909498e+00
2.245400000000000063e+01,1.675000000000000000e+03,2.000000000000000000e+03,-2.175371039613316348e+00,9.328595638923179445e-01,2.485511832752552941e+00
2.247100000000000009e+01,1.675000000000000000e+03,2.000000000000000000e+03,-2.175371039613316348e+00,9.328595638923179445e-01,2.485511832752552941e+00
2.248799999999999955e+01,1.675000000000000000e+03,2.000000000000000000e+03,-2.178082351346115164e+00,9.249686792547978653e-01,2.469765109057562746e+00
2.250400000000000134e+01,1.675000000000000000e+03,2.000000000000000000e+03,-2.178082351346115164e+00,9.249686792547978653e-01,2.469765109057562746e+00
2.252199999999999847e+01,1.675000000000000000e+03,2.000000000000000000e+03,-2.179889637377285361e+00,9.226771757376647232e-01,2.452830409081519392e+00
2.253900000000000148e+01,1.675000000000000000e+03,2.000000000000000000e+03,-2.180975204136673007e+00,9.187342207338683453e-01,2.453651428009061775e+00
2.255600000000000094e+01,1.675000000000000000e+03,2.000000000000000000e+03,-2.182155753929383657e+00,9.156083349796871884e-01,2.454471155710403529e+00
2.257300000000000040e+01,1.675000000000000000e+03,2.000000000000000000e+03,-2.184411824877965813e+00,9.085712587468645074e-01,2.449531773576926419e+00
2.258999999999999986e+01,1.675000000000000000e+03,2.000000000000000000e+03,-2.184411824877965813e+00,9.085712587468645074e-01,2.449531773576926419e+00
2.260699999999999932e+01,1.675000000000000000e+03,2.000000000000000000e+03,-2.186107139687777146e+00,9.055005837866606511e-01,2.422153800576239746e+00
2.262399999999999878e+01,1.675000000000000000e+03,2.000000000000000000e+03,-2.186107139687777146e+00,9.055005837866606511e-01,2.422153800576239746e+00
2.264099999999999824e+01,1.675000000000000000e+03,2.000000000000000000e+03,-2.193396779955257614e+00,8.893720971166708678e-01,2.402471288391843540e+00
2.265800000000000125e+01,1.675000000000000000e+03,2.000000000000000000e+03,-2.193396779955257614e+00,8.893720971166708678e-01,2.402471288391843540e+00
2.267500000000000071e+01,1.675000000000000000e+03,2.000000000000000000e+03,-2.195073622320755202e+00,8.863381603901577810e-01,2.386647107118993194e+00
2.269200000000000017e+01,1.675000000000000000e+03,2.000000000000000000e+03,-2.197266011604872560e+00,8.833441204573942995e-01,2.380671007806129946e+00
2.270899999999999963e+01,1.675000000000000000e+03,2.000000000000000000e+03,-2.197899704188273518e+00,8.802535348458925268e-01,2.371351941424812981e+00
2.272700000000000031e+01,1.675000000000000000e+03,2.000000000000000000e+03,-2.201232395548579301e+00,8.742260722140989815e-01,2.366146214007892379e+00
2.274399999999999977e+01,1.675000000000000000e+03,2.000000000000000000e+03,-2.201232395548579301e+00,8.742260722140989815e-01,2.366146214007892379e+00
2.276099999999999923e+01,1.675000000000000000e+03,2.000000000000000000e+03,-2.202792235677044186e+00,8.704368859865317942e-01,2.359977154511335051e+00
2.277799999999999869e+01,1.675000000000000000e+03,2.000000000000000000e+03,-2.205069204615567102e+00,8.682548917775657626e-01,2.343863434161630455e+00
2.279500000000000171e+01,1.675000000000000000e+03,2.000000000000000000e+03,-2.206724303062472359e+00,8.652609257947915244e-01,2.337501593194412308e+00
2.281200000000000117e+01,1.675000000000000000e+03,2.000000000000000000e+03,-2.208788856927542454e+00,8.615264085538884009e-01,2.338366720662821585e+00
2.282900000000000063e+01,1.675000000000000000e+03,2.000000000000000000e+03,-2.210437054965115777e+00,8.585451281555388503e-01,2.331894200625156177e+00
2.284600000000000009e+01,1.675000000000000000e+03,2.000000000000000000e+03,-2.212700941126568566e+00,8.563788913011788351e-01,2.315839538088535932e+00
2.286299999999999955e+01,1.675000000000000000e+03,2.000000000000000000e+03,-2.213724300000836642e+00,8.525993911900037192e-01,2.316710032816996723e+00
2.288100000000000023e+01,1.675000000000000000e+03,2.000000000000000000e+03,-2.215258891297082755e+00,8.488619450465088034e-01,2.308843550123049315e+00
2.289799999999999969e+01,1.675000000000000000e+03,2.000000000000000000e+03,-2.215258891297082755e+00,8.488619450465088034e-01,2.308843550123049315e+00
2.291499999999999915e+01,1.675000000000000000e+03,2.000000000000000000e+03,-2.218632415506336830e+00,8.437226166864427723e-01,2.294177626110485146e+00
2.293299999999999983e+01,1.675000000000000000e+03,2.000000000000000000e+03,-2.218632415506336830e+00,8.437226166864427723e-01,2.294177626110485146e+00
2.295100000000000051e+01,1.675000000000000000e+03,1.500000000000000000e+03,-2.220669451678441320e+00,8.400386919884280656e-01,2.295462388955637145e+00
2.296799999999999997e+01,1.675000000000000000e+03,1.500000000000000000e+03,-2.220669451678441320e+00,8.400386919884280656e-01,2.295462388955637145e+00
2.298499999999999943e+01,1.675000000000000000e+03,1.500000000000000000e+03,-2.223020056887118567e+00,8.386644214833768318e-01,2.272118737846001046e+00
2.300199999999999889e+01,1.675000000000000000e+03,1.500000000000000000e+03,-2.225667634329781652e+00,8.357902580335377918e-01,2.273423599302200060e+00
2.301899999999999835e+01,1.675000000000000000e+03,1.500000000000000000e+03,-2.229415274623084642e+00,8.299611427934526775e-01,2.259172813805861324e+00
2.303600000000000136e+01,1.675000000000000000e+03,1.500000000000000000e+03,-2.231539468624527345e+00,8.270705405036401503e-01,2.252270745810021513e+00
2.305300000000000082e+01,1.675000000000000000e+03,1.500000000000000000e+03,-2.233149411489763647e+00,8.241534335446530912e-01,2.245257083453465530e+00
2.307100000000000151e+01,1.675000000000000000e+03,1.500000000000000000e+03,-2.235266483559509965e+00,8.212733764729330810e-01,2.238208145423837614e+00
2.308800000000000097e+01,1.675000000000000000e+03,1.500000000000000000e+03,-2.237489128887419021e+00,8.191561571986850643e-01,2.231148199265042376e+00
2.310500000000000043e+01,1.675000000000000000e+03,1.500000000000000000e+03,-2.239489428087973799e+00,8.155288357549123068e-01,2.232484814761304115e+00
2.312199999999999989e+01,1.675000000000000000e+03,1.500000000000000000e+03,-2.239489428087973799e+00,8.155288357549123068e-01,2.232484814761304115e+00
2.313899999999999935e+01,1.675000000000000000e+03,1.500000000000000000e+03,-2.250601556185029217e+00,8.020376694820002816e-01,2.198263759246027238e+00
2.315599999999999881e+01,1.675000000000000000e+03,1.500000000000000000e+03,-2.255166656578432516e+00,7.956463097267915119e-01,2.183457247224688924e+00
2.317299999999999827e+01,1.675000000000000000e+03,1.500000000000000000e+03,-2.255166656578432516e+00,7.956463097267915119e-01,2.183457247224688924e+00
2.319000000000000128e+01,1.675000000000000000e+03,1.500000000000000000e+03,-2.257359693717472915e+00,7.935623287692074035e-01,2.169141087128350520e+00
2.320700000000000074e+01,1.675000000000000000e+03,1.500000000000000000e+03,-2.262405340894952488e+00,7.872353532118506747e-01,2.162925045941376911e+00
2.322500000000000142e+01,1.675000000000000000e+03,1.500000000000000000e+03,-2.262405340894952488e+00,7.872353532118506747e-01,2.162925045941376911e+00
2.324200000000000088e+01,1.675000000000000000e+03,1.500000000000000000e+03,-2.265093843417081310e+00,7.851924197164487085e-01,2.148857413876073430e+00
2.325900000000000034e+01,1.675000000000000000e+03,1.500000000000000000e+03,-2.267547311309728197e+00,7.816726247653985604e-01,2.156602660091695434e+00
2.327599999999999980e+01,1.675000000000000000e+03,1.500000000000000000e+03,-2.270228332846826458e+00,7.796366015256565030e-01,2.145293733908538947e+00
2.329299999999999926e+01,1.675000000000000000e+03,1.500000000000000000e+03,-2.273293652210415239e+00,7.768958234316197808e-01,2.143914814681313175e+00
2.330999999999999872e+01,1.675000000000000000e+03,1.500000000000000000e+03,-2.275732060815450986e+00,7.733943376544466508e-01,2.130451231603118334e+00
2.332700000000000173e+01,1.675000000000000000e+03,1.500000000000000000e+03,-2.280830481474240834e+00,7.678792844457847933e-01,2.118302629147868821e+00
2.334400000000000119e+01,1.675000000000000000e+03,1.500000000000000000e+03,-2.280830481474240834e+00,7.678792844457847933e-01,2.118302629147868821e+00
2.336100000000000065e+01,1.675000000000000000e+03,1.500000000000000000e+03,-2.280830481474240834e+00,7.678792844457847933e-01,2.118302629147868821e+00
2.337800000000000011e+01,1.675000000000000000e+03,1.500000000000000000e+03,-2.283253928572068769e+00,7.643978259028406663e-01,2.128302528551058170e+00
2.339499999999999957e+01,1.675000000000000000e+03,1.500000000000000000e+03,-2.285289390591056513e+00,7.616241343343218562e-01,2.120564270874417900e+00
2.341100000000000136e+01,1.675000000000000000e+03,1.500000000000000000e+03,-2.291357336595855720e+00,7.562081521474869339e-01,2.103728968432679647e+00
2.342899999999999849e+01,1.675000000000000000e+03,1.500000000000000000e+03,-2.293760738729438309e+00,7.527524480101742688e-01,2.110405623185471757e+00
2.344600000000000151e+01,1.675000000000000000e+03,1.500000000000000000e+03,-2.293760738729438309e+00,7.527524480101742688e-01,2.110405623185471757e+00
2.346300000000000097e+01,1.675000000000000000e+03,1.500000000000000000e+03,-2.296281073993056587e+00,7.500281531021580905e-01,2.097386443295597314e+00
2.348100000000000165e+01,1.675000000000000000e+03,1.500000000000000000e+03,-2.301933190829065445e+00,7.453438055862827705e-01,2.086031579322307206e+00
2.349800000000000111e+01,1.675000000000000000e+03,1.500000000000000000e+03,-2.305441993684361535e+00,7.426894585755875466e-01,2.087439170917257059e+00
2.351599999999999824e+01,1.675000000000000000e+03,1.500000000000000000e+03,-2.305441993684361535e+00,7.426894585755875466e-01,2.087439170917257059e+00
2.353300000000000125e+01,1.675000000000000000e+03,1.500000000000000000e+03,-2.308445340939639046e+00,7.400107834621910685e-01,2.088845431267844166e+00
2.355000000000000071e+01,1.675000000000000000e+03,1.500000000000000000e+03,-2.312569558622458388e+00,7.381116984876324727e-01,2.081569136578353962e+00
2.356800000000000139e+01,1.675000000000000000e+03,1.500000000000000000e+03,-2.314690500956195329e+00,7.361007237139919335e-01,2.069085354606569727e+00
2.358500000000000085e+01,1.675000000000000000e+03,1.500000000000000000e+03,-2.321165902974451800e+00,7.307976079253376556e-01,2.071905226168039071e+00
2.360200000000000031e+01,1.675000000000000000e+03,1.500000000000000000e+03,-2.321165902974451800e+00,7.307976079253376556e-01,2.071905226168039071e+00
2.362000000000000099e+01,1.675000000000000000e+03,1.500000000000000000e+03,-2.324774306854034300e+00,7.288804442289765761e-01,2.077580181531448300e+00
2.363700000000000045e+01,1.675000000000000000e+03,1.500000000000000000e+03,-2.324774306854034300e+00,7.288804442289765761e-01,2.077580181531448300e+00
2.365399999999999991e+01,1.675000000000000000e+03,1.500000000000000000e+03,-2.334948116246428729e+00,7.224024583891016649e-01,2.059101848423333880e+00
2.367099999999999937e+01,1.675000000000000000e+03,1.500000000000000000e+03,-2.338043043060430648e+00,7.204667392587144059e-01,2.056330627198146299e+00
2.368799999999999883e+01,1.675000000000000000e+03,1.500000000000000000e+03,-2.341500293888973516e+00,7.178520689687727385e-01,2.057739855733245804e+00
2.370499999999999829e+01,1.675000000000000000e+03,1.500000000000000000e+03,-2.349165685346351840e+00,7.140767492260574612e-01,2.055552634871817830e+00
2.372200000000000131e+01,1.675000000000000000e+03,1.500000000000000000e+03,-2.349165685346351840e+00,7.140767492260574612e-01,2.055552634871817830e+00
2.373900000000000077e+01,1.675000000000000000e+03,1.500000000000000000e+03,-2.355685140320775250e+00,7.095489676533867085e-01,2.054312455658648062e+00
2.375600000000000023e+01,1.675000000000000000e+03,1.500000000000000000e+03,-2.355685140320775250e+00,7.095489676533867085e-01,2.054312455658648062e+00
2.377299999999999969e+01,1.675000000000000000e+03,1.500000000000000000e+03,-2.360250554342294915e+00,7.077108031091522422e-01,2.050517428381485541e+00
2.378999999999999915e+01,1.675000000000000000e+03,1.500000000000000000e+03,-2.367877911561286464e+00,7.039576865330124944e-01,2.044228971832662722e+00
2.380699999999999861e+01,1.675000000000000000e+03,1.500000000000000000e+03,-2.370940503210996475e+00,7.020430429703298225e-01,2.041833364369925352e+00
2.382400000000000162e+01,1.675000000000000000e+03,1.500000000000000000e+03,-2.370940503210996475e+00,7.020430429703298225e-01,2.041833364369925352e+00
2.384100000000000108e+01,1.675000000000000000e+03,1.500000000000000000e+03,-2.374356490028938893e+00,6.994571481179862049e-01,2.043239144328245604e+00
2.385800000000000054e+01,1.675000000000000000e+03,1.500000000000000000e+03,-2.378405288187194877e+00,6.976022880229718615e-01,2.039028793657177818e+00
2.387500000000000000e+01,1.675000000000000000e+03,1.500000000000000000e+03,-2.382450427303468565e+00,6.957494049390989810e-01,2.036764537400625130e+00
2.389199999999999946e+01,1.675000000000000000e+03,1.500000000000000000e+03,-2.386138468555290881e+00,6.945696754362821190e-01,2.029018376739090357e+00
2.390899999999999892e+01,1.675000000000000000e+03,1.500000000000000000e+03,-2.394212638935914406e+00,6.908722603507545523e-01,2.022381923670693471e+00
2.392599999999999838e+01,1.675000000000000000e+03,1.500000000000000000e+03,-2.394212638935914406e+00,6.908722603507545523e-01,2.022381923670693471e+00
2.394300000000000139e+01,1.675000000000000000e+03,1.500000000000000000e+03,-2.397105749271892350e+00,6.882764670739417445e-01,2.023786466279070329e+00
2.396000000000000085e+01,1.675000000000000000e+03,1.500000000000000000e+03,-2.402125397428669817e+00,6.864875515913514414e-01,2.015859628761912159e+00
2.397700000000000031e+01,1.675000000000000000e+03,1.500000000000000000e+03,-2.405652778735305919e+00,6.846195774139550716e-01,2.014098430692105257e+00
2.399500000000000099e+01,1.675000000000000000e+03,1.500000000000000000e+03,-2.408532411979606991e+00,6.820336521351674230e-01,2.015501570626331507e+00
2.401200000000000045e+01,1.675000000000000000e+03,1.500000000000000000e+03,-2.413193306134957083e+00,6.809166374476199879e-01,2.020481276820882410e+00
2.402899999999999991e+01,1.675000000000000000e+03,1.500000000000000000e+03,-2.413193306134957083e+00,6.809166374476199879e-01,2.020481276820882410e+00
2.404599999999999937e+01,1.675000000000000000e+03,1.500000000000000000e+03,-2.421215715457313511e+00,6.772484381750566440e-01,2.010849254478726422e+00
