timestamp,u_propeller_pwm,u_rudder_pwm,x,y,yaw
2.000000000000000042e-03,1.500000000000000000e+03,1.500000000000000000e+03,-9.349859566974483283e-01,5.273813443274518731e-01,1.633851796564529169e+00
2.000000000000000042e-02,1.500000000000000000e+03,1.500000000000000000e+03,-9.349859566974483283e-01,5.273813443274518731e-01,1.633851796564529169e+00
3.699999999999999817e-02,1.500000000000000000e+03,1.500000000000000000e+03,-9.349859566974483283e-01,5.273813443274518731e-01,1.633851796564529169e+00
5.399999999999999939e-02,1.500000000000000000e+03,1.500000000000000000e+03,-9.349859566974483283e-01,5.273813443274518731e-01,1.633851796564529169e+00
7.099999999999999367e-02,1.500000000000000000e+03,1.500000000000000000e+03,-9.345748419998314294e-01,5.273682587865821114e-01,1.623666892609408219e+00
8.799999999999999489e-02,1.500000000000000000e+03,1.500000000000000000e+03,-9.345748419998314294e-01,5.273682587865821114e-01,1.623666892609408219e+00
1.059999999999999970e-01,1.500000000000000000e+03,1.500000000000000000e+03,-9.345748419998314294e-01,5.273682587865821114e-01,1.623666892609408219e+00
1.229999999999999982e-01,1.500000000000000000e+03,1.500000000000000000e+03,-9.345748419998314294e-01,5.273682587865821114e-01,1.623666892609408219e+00
1.400000000000000133e-01,1.500000000000000000e+03,1.500000000000000000e+03,-9.343626273521998815e-01,5.267796722264920239e-01,1.628306444804531905e+00
1.570000000000000007e-01,1.500000000000000000e+03,1.500000000000000000e+03,-9.343626273521998815e-01,5.267796722264920239e-01,1.628306444804531905e+00
1.739999999999999880e-01,1.500000000000000000e+03,1.500000000000000000e+03,-9.345614538989934772e-01,5.262044282279768614e-01,1.628306444804531905e+00
1.920000000000000040e-01,1.500000000000000000e+03,1.500000000000000000e+03,-9.345614538989934772e-01,5.262044282279768614e-01,1.628306444804531905e+00
2.089999999999999913e-01,1.500000000000000000e+03,1.500000000000000000e+03,-9.339383848558270307e-01,5.256033328345662836e-01,1.628306444804531905e+00
2.270000000000000073e-01,1.500000000000000000e+03,1.500000000000000000e+03,-9.335274506863935340e-01,5.255902807413043165e-01,1.628306444804531905e+00
2.439999999999999947e-01,1.500000000000000000e+03,1.500000000000000000e+03,-9.335274506863935340e-01,5.255902807413043165e-01,1.628306444804531905e+00
2.610000000000000098e-01,1.500000000000000000e+03,1.500000000000000000e+03,-9.343359194269255097e-01,5.244541722101526693e-01,1.623469098499557228e+00
2.790000000000000258e-01,1.500000000000000000e+03,1.500000000000000000e+03,-9.343359194269255097e-01,5.244541722101526693e-01,1.623469098499557228e+00
2.959999999999999853e-01,1.500000000000000000e+03,1.500000000000000000e+03,-9.339251665125507529e-01,5.244411367670190893e-01,1.613530332950137591e+00
3.130000000000000004e-01,1.500000000000000000e+03,1.500000000000000000e+03,-9.341238800935800501e-01,5.238669524179045967e-01,1.618604015025531417e+00
3.300000000000000155e-01,1.500000000000000000e+03,1.500000000000000000e+03,-9.341238800935800501e-01,5.238669524179045967e-01,1.618604015025531417e+00
3.469999999999999751e-01,1.500000000000000000e+03,1.500000000000000000e+03,-9.335012845335665110e-01,5.232669945332041328e-01,1.623256939075107486e+00
3.649999999999999911e-01,1.500000000000000000e+03,1.500000000000000000e+03,-9.335012845335665110e-01,5.232669945332041328e-01,1.623256939075107486e+00
3.820000000000000062e-01,1.500000000000000000e+03,1.500000000000000000e+03,-9.335012845335665110e-01,5.232669945332041328e-01,1.623256939075107486e+00
3.990000000000000213e-01,1.500000000000000000e+03,1.500000000000000000e+03,-9.341105144606869359e-01,5.227063495051226250e-01,1.623256939075107486e+00
4.159999999999999809e-01,1.500000000000000000e+03,1.500000000000000000e+03,-9.335012845335665110e-01,5.232669945332041328e-01,1.623256939075107486e+00
4.339999999999999969e-01,1.500000000000000000e+03,1.500000000000000000e+03,-9.335012845335665110e-01,5.232669945332041328e-01,1.623256939075107486e+00
4.510000000000000120e-01,1.500000000000000000e+03,1.500000000000000000e+03,-9.335012845335665110e-01,5.232669945332041328e-01,1.623256939075107486e+00
4.680000000000000271e-01,1.500000000000000000e+03,1.500000000000000000e+03,-9.335012845335665110e-01,5.232669945332041328e-01,1.623256939075107486e+00
4.849999999999999867e-01,1.500000000000000000e+03,1.500000000000000000e+03,-9.335012845335665110e-01,5.232669945332041328e-01,1.623256939075107486e+00
5.030000000000000027e-01,1.500000000000000000e+03,1.500000000000000000e+03,-9.328917542230064086e-01,5.238278829880581577e-01,1.618183829877421598e+00
5.200000000000000178e-01,1.500000000000000000e+03,1.500000000000000000e+03,-9.328917542230064086e-01,5.238278829880581577e-01,1.618183829877421598e+00
5.370000000000000329e-01,1.500000000000000000e+03,1.500000000000000000e+03,-9.328917542230064086e-01,5.238278829880581577e-01,1.618183829877421598e+00
5.550000000000000488e-01,1.500000000000000000e+03,1.500000000000000000e+03,-9.328917542230064086e-01,5.238278829880581577e-01,1.618183829877421598e+00
5.719999999999999529e-01,1.500000000000000000e+03,1.500000000000000000e+03,-9.331035913460088427e-01,5.244150719130055149e-01,1.618183829877421598e+00
5.879999999999999671e-01,1.500000000000000000e+03,1.500000000000000000e+03,-9.333154901214963939e-01,5.250025377435830753e-01,1.613530332950137591e+00
6.059999999999999831e-01,1.500000000000000000e+03,1.500000000000000000e+03,-9.329046003305355717e-01,5.249894980374333331e-01,1.622893327142070463e+00
6.229999999999999982e-01,1.500000000000000000e+03,1.500000000000000000e+03,-9.329046003305355717e-01,5.249894980374333331e-01,1.622893327142070463e+00
6.400000000000000133e-01,1.500000000000000000e+03,1.500000000000000000e+03,-9.333154901214963939e-01,5.250025377435830753e-01,1.613530332950137591e+00
6.580000000000000293e-01,1.500000000000000000e+03,1.500000000000000000e+03,-9.327055129401072842e-01,5.255641827013367573e-01,1.622893327142070463e+00
6.750000000000000444e-01,1.500000000000000000e+03,1.500000000000000000e+03,-9.327055129401072842e-01,5.255641827013367573e-01,1.622893327142070463e+00
6.929999999999999494e-01,1.500000000000000000e+03,1.500000000000000000e+03,-9.329174003035120011e-01,5.261521823831029065e-01,1.618244888297452722e+00
7.099999999999999645e-01,1.500000000000000000e+03,1.500000000000000000e+03,-9.329174003035120011e-01,5.261521823831029065e-01,1.618244888297452722e+00
7.279999999999999805e-01,1.500000000000000000e+03,1.500000000000000000e+03,-9.325063291042542390e-01,5.261391260922879676e-01,1.627731805067694992e+00
7.449999999999999956e-01,1.500000000000000000e+03,1.500000000000000000e+03,-9.323070487524226513e-01,5.267143283980412205e-01,1.627731805067694992e+00
7.620000000000000107e-01,1.500000000000000000e+03,1.500000000000000000e+03,-9.323070487524226513e-01,5.267143283980412205e-01,1.627731805067694992e+00
7.790000000000000258e-01,1.500000000000000000e+03,1.500000000000000000e+03,-9.321076718139796879e-01,5.272897898065339595e-01,1.622529770649583813e+00
7.960000000000000409e-01,1.500000000000000000e+03,1.500000000000000000e+03,-9.321076718139796879e-01,5.272897898065339595e-01,1.622529770649583813e+00
8.129999999999999449e-01,1.500000000000000000e+03,1.500000000000000000e+03,-9.323195419310135179e-01,5.278785917138520967e-01,1.617885816929949483e+00
8.299999999999999600e-01,1.500000000000000000e+03,1.500000000000000000e+03,-9.323195419310135179e-01,5.278785917138520967e-01,1.617885816929949483e+00
8.469999999999999751e-01,1.500000000000000000e+03,1.500000000000000000e+03,-9.331421597267751666e-01,5.279047605049812519e-01,1.627938621000318831e+00
8.639999999999999902e-01,1.500000000000000000e+03,1.500000000000000000e+03,-9.331421597267751666e-01,5.279047605049812519e-01,1.627938621000318831e+00
8.820000000000000062e-01,1.500000000000000000e+03,1.500000000000000000e+03,-9.331421597267751666e-01,5.279047605049812519e-01,1.627938621000318831e+00
8.990000000000000213e-01,1.500000000000000000e+03,1.500000000000000000e+03,-9.331421597267751666e-01,5.279047605049812519e-01,1.627938621000318831e+00
9.170000000000000373e-01,1.500000000000000000e+03,1.500000000000000000e+03,-9.331421597267751666e-01,5.279047605049812519e-01,1.627938621000318831e+00
9.340000000000000524e-01,1.500000000000000000e+03,1.500000000000000000e+03,-9.327308624064633014e-01,5.278916750466758900e-01,1.637399236905969113e+00
9.509999999999999565e-01,1.500000000000000000e+03,1.500000000000000000e+03,-9.327308624064633014e-01,5.278916750466758900e-01,1.637399236905969113e+00
9.689999999999999725e-01,1.500000000000000000e+03,1.500000000000000000e+03,-9.327308624064633014e-01,5.278916750466758900e-01,1.637399236905969113e+00
9.859999999999999876e-01,1.500000000000000000e+03,1.500000000000000000e+03,-9.327308624064633014e-01,5.278916750466758900e-01,1.637399236905969113e+00
1.002999999999999892e+00,1.500000000000000000e+03,1.500000000000000000e+03,-9.327308624064633014e-01,5.278916750466758900e-01,1.637399236905969113e+00
1.020000000000000018e+00,1.500000000000000000e+03,1.500000000000000000e+03,-9.327308624064633014e-01,5.278916750466758900e-01,1.637399236905969113e+00
1.036999999999999922e+00,1.500000000000000000e+03,1.500000000000000000e+03,-9.327308624064633014e-01,5.278916750466758900e-01,1.637399236905969113e+00
1.054000000000000048e+00,1.500000000000000000e+03,1.500000000000000000e+03,-9.327308624064633014e-01,5.278916750466758900e-01,1.637399236905969113e+00
1.070999999999999952e+00,1.500000000000000000e+03,1.500000000000000000e+03,-9.327308624064633014e-01,5.278916750466758900e-01,1.637399236905969113e+00
1.088000000000000078e+00,1.650000000000000000e+03,1.500000000000000000e+03,-9.331421597267751666e-01,5.279047605049812519e-01,1.627938621000318831e+00
1.104999999999999982e+00,1.650000000000000000e+03,1.500000000000000000e+03,-9.331421597267751666e-01,5.279047605049812519e-01,1.627938621000318831e+00
1.122000000000000108e+00,1.650000000000000000e+03,1.500000000000000000e+03,-9.331421597267751666e-01,5.279047605049812519e-01,1.627938621000318831e+00
1.139000000000000012e+00,1.650000000000000000e+03,1.500000000000000000e+03,-9.331421597267751666e-01,5.279047605049812519e-01,1.627938621000318831e+00
1.155999999999999917e+00,1.650000000000000000e+03,1.500000000000000000e+03,-9.331421597267751666e-01,5.279047605049812519e-01,1.627938621000318831e+00
1.173000000000000043e+00,1.650000000000000000e+03,1.500000000000000000e+03,-9.331421597267751666e-01,5.279047605049812519e-01,1.627938621000318831e+00
1.189999999999999947e+00,1.650000000000000000e+03,1.500000000000000000e+03,-9.327308624064633014e-01,5.278916750466758900e-01,1.617885816929949483e+00
1.207000000000000073e+00,1.650000000000000000e+03,1.500000000000000000e+03,-9.327308624064633014e-01,5.278916750466758900e-01,1.617885816929949483e+00
1.225000000000000089e+00,1.650000000000000000e+03,1.500000000000000000e+03,-9.321076718139796879e-01,5.272897898065339595e-01,1.622529770649583813e+00
1.241999999999999993e+00,1.650000000000000000e+03,1.500000000000000000e+03,-9.325189246353949857e-01,5.273028627034456184e-01,1.622529770649583813e+00
1.260000000000000009e+00,1.650000000000000000e+03,1.500000000000000000e+03,-9.325189246353949857e-01,5.273028627034456184e-01,1.622529770649583813e+00
1.276999999999999913e+00,1.650000000000000000e+03,1.500000000000000000e+03,-9.325189246353949857e-01,5.273028627034456184e-01,1.622529770649583813e+00
1.294000000000000039e+00,1.650000000000000000e+03,1.500000000000000000e+03,-9.325189246353949857e-01,5.273028627034456184e-01,1.613175695290041345e+00
1.310999999999999943e+00,1.650000000000000000e+03,1.500000000000000000e+03,-9.325189246353949857e-01,5.273028627034456184e-01,1.613175695290041345e+00
1.328999999999999959e+00,1.650000000000000000e+03,1.500000000000000000e+03,-9.331293495057048082e-01,5.267404596670018924e-01,1.613175695290041345e+00
1.346000000000000085e+00,1.650000000000000000e+03,1.500000000000000000e+03,-9.331293495057048082e-01,5.267404596670018924e-01,1.613175695290041345e+00
1.362999999999999989e+00,1.650000000000000000e+03,1.500000000000000000e+03,-9.329174003035120011e-01,5.261521823831029065e-01,1.618244888297452722e+00
1.379999999999999893e+00,1.650000000000000000e+03,1.500000000000000000e+03,-9.329174003035120011e-01,5.261521823831029065e-01,1.618244888297452722e+00
1.397999999999999909e+00,1.650000000000000000e+03,1.500000000000000000e+03,-9.329174003035120011e-01,5.261521823831029065e-01,1.618244888297452722e+00
1.415000000000000036e+00,1.650000000000000000e+03,1.500000000000000000e+03,-9.329174003035120011e-01,5.261521823831029065e-01,1.618244888297452722e+00
1.431999999999999940e+00,1.650000000000000000e+03,1.500000000000000000e+03,-9.335404651436634005e-01,5.267535284320218336e-01,1.613175695290041345e+00
1.449000000000000066e+00,1.650000000000000000e+03,1.500000000000000000e+03,-9.335404651436634005e-01,5.267535284320218336e-01,1.613175695290041345e+00
1.465999999999999970e+00,1.650000000000000000e+03,1.500000000000000000e+03,-9.335404651436634005e-01,5.267535284320218336e-01,1.613175695290041345e+00
1.483000000000000096e+00,1.650000000000000000e+03,1.500000000000000000e+03,-9.335404651436634005e-01,5.267535284320218336e-01,1.613175695290041345e+00
1.500000000000000000e+00,1.650000000000000000e+03,1.500000000000000000e+03,-9.341504750164406623e-01,5.261913636631277980e-01,1.628306444804531905e+00
1.516999999999999904e+00,1.650000000000000000e+03,1.500000000000000000e+03,-9.341504750164406623e-01,5.261913636631277980e-01,1.628306444804531905e+00
1.534000000000000030e+00,1.650000000000000000e+03,1.500000000000000000e+03,-9.339646852301436430e-01,5.279309378005258013e-01,1.618463388778467404e+00
1.550999999999999934e+00,1.650000000000000000e+03,1.500000000000000000e+03,-9.339646852301436430e-01,5.279309378005258013e-01,1.618463388778467404e+00
1.568000000000000060e+00,1.650000000000000000e+03,1.500000000000000000e+03,-9.339646852301436430e-01,5.279309378005258013e-01,1.618463388778467404e+00
1.584999999999999964e+00,1.650000000000000000e+03,1.500000000000000000e+03,-9.343759135769249546e-01,5.279440296390111031e-01,1.618463388778467404e+00
1.602000000000000091e+00,1.650000000000000000e+03,1.500000000000000000e+03,-9.351983018689270510e-01,5.279702197005237130e-01,1.628514032634439612e+00
1.620000000000000107e+00,1.650000000000000000e+03,1.500000000000000000e+03,-9.351983018689270510e-01,5.279702197005237130e-01,1.628514032634439612e+00
1.637000000000000011e+00,1.650000000000000000e+03,1.500000000000000000e+03,-9.351983018689270510e-01,5.279702197005237130e-01,1.628514032634439612e+00
1.653999999999999915e+00,1.650000000000000000e+03,1.500000000000000000e+03,-9.351983018689270510e-01,5.279702197005237130e-01,1.628514032634439612e+00
1.671000000000000041e+00,1.650000000000000000e+03,1.500000000000000000e+03,-9.351983018689270510e-01,5.279702197005237130e-01,1.628514032634439612e+00
1.687999999999999945e+00,1.650000000000000000e+03,1.500000000000000000e+03,-9.351983018689270510e-01,5.279702197005237130e-01,1.628514032634439612e+00
1.723000000000000087e+00,1.650000000000000000e+03,1.500000000000000000e+03,-9.351983018689270510e-01,5.279702197005237130e-01,1.628514032634439612e+00
1.739999999999999991e+00,1.650000000000000000e+03,1.500000000000000000e+03,-9.351983018689270510e-01,5.279702197005237130e-01,1.628514032634439612e+00
1.770999999999999908e+00,1.650000000000000000e+03,1.500000000000000000e+03,-9.362331439532650679e-01,5.285855934723854288e-01,1.634054342374612334e+00
1.788999999999999924e+00,1.650000000000000000e+03,1.500000000000000000e+03,-9.362331439532650679e-01,5.285855934723854288e-01,1.634054342374612334e+00
1.816000000000000059e+00,1.650000000000000000e+03,1.500000000000000000e+03,-9.374810410383586090e-01,5.297910522325469662e-01,1.624458005996694654e+00
1.834000000000000075e+00,1.650000000000000000e+03,1.500000000000000000e+03,-9.374810410383586090e-01,5.297910522325469662e-01,1.624458005996694654e+00
1.852000000000000091e+00,1.650000000000000000e+03,1.500000000000000000e+03,-9.420038795177080315e-01,5.299357014521227649e-01,1.626193525074776103e+00
1.868999999999999995e+00,1.650000000000000000e+03,1.500000000000000000e+03,-9.420038795177080315e-01,5.299357014521227649e-01,1.626193525074776103e+00
1.885999999999999899e+00,1.650000000000000000e+03,1.500000000000000000e+03,-9.420038795177080315e-01,5.299357014521227649e-01,1.626193525074776103e+00
1.903999999999999915e+00,1.650000000000000000e+03,1.500000000000000000e+03,-9.426286200415745498e-01,5.305390300792031111e-01,1.611534762558465061e+00
1.921999999999999931e+00,1.650000000000000000e+03,1.500000000000000000e+03,-9.426286200415745498e-01,5.305390300792031111e-01,1.611534762558465061e+00
1.939000000000000057e+00,1.650000000000000000e+03,1.500000000000000000e+03,-9.436479048059239760e-01,5.299883670175181694e-01,1.626773033038156457e+00
1.955999999999999961e+00,1.650000000000000000e+03,1.500000000000000000e+03,-9.442728402576419100e-01,5.305917487856722792e-01,1.612118070115396762e+00
1.973999999999999977e+00,1.650000000000000000e+03,1.500000000000000000e+03,-9.450948252767336077e-01,5.306181214455015782e-01,1.622163404734922487e+00
1.991000000000000103e+00,1.650000000000000000e+03,1.500000000000000000e+03,-9.450948252767336077e-01,5.306181214455015782e-01,1.622163404734922487e+00
2.008000000000000007e+00,1.650000000000000000e+03,1.500000000000000000e+03,-9.455057867875114042e-01,5.306313111039443475e-01,1.612701855807538776e+00
2.024000000000000021e+00,1.650000000000000000e+03,1.500000000000000000e+03,-9.463276482007063617e-01,5.306576970805766402e-01,1.612701855807538776e+00
2.040999999999999925e+00,1.650000000000000000e+03,1.500000000000000000e+03,-9.475602874631656736e-01,5.306972927029681708e-01,1.613286116819897309e+00
2.057999999999999829e+00,1.650000000000000000e+03,1.500000000000000000e+03,-9.481672616582426105e-01,5.301333788070593522e-01,1.613286116819897309e+00
2.076000000000000068e+00,1.650000000000000000e+03,1.500000000000000000e+03,-9.481672616582426105e-01,5.301333788070593522e-01,1.613286116819897309e+00
2.092999999999999972e+00,1.650000000000000000e+03,1.500000000000000000e+03,-9.491845576986629451e-01,5.295828984132268102e-01,1.618921740247849961e+00
2.109999999999999876e+00,1.650000000000000000e+03,1.500000000000000000e+03,-9.493993873597682542e-01,5.301729737436952083e-01,1.613870850356165176e+00
2.126999999999999780e+00,1.650000000000000000e+03,1.500000000000000000e+03,-9.502207050802154997e-01,5.301993813990045767e-01,1.604401885253071480e+00
2.144000000000000128e+00,1.650000000000000000e+03,1.500000000000000000e+03,-9.502207050802154997e-01,5.301993813990045767e-01,1.604401885253071480e+00
2.161999999999999922e+00,1.650000000000000000e+03,1.500000000000000000e+03,-9.502207050802154997e-01,5.301993813990045767e-01,1.604401885253071480e+00
2.178999999999999826e+00,1.650000000000000000e+03,1.500000000000000000e+03,-9.512373501391248043e-01,5.296488772318544980e-01,1.619505744846843953e+00
2.196000000000000174e+00,1.650000000000000000e+03,1.500000000000000000e+03,-9.516478496966782608e-01,5.296620795647356550e-01,1.609885566934855072e+00
2.213000000000000078e+00,1.650000000000000000e+03,1.500000000000000000e+03,-9.526841877718739138e-01,5.302786573627874533e-01,1.615041723906994964e+00
2.229999999999999982e+00,1.650000000000000000e+03,1.500000000000000000e+03,-9.526841877718739138e-01,5.302786573627874533e-01,1.615041723906994964e+00
2.246999999999999886e+00,1.650000000000000000e+03,1.500000000000000000e+03,-9.532896540241848626e-01,5.297149108129947104e-01,1.610472144786375459e+00
2.265000000000000124e+00,1.650000000000000000e+03,1.500000000000000000e+03,-9.541104409045738644e-01,5.297413395953850523e-01,1.601132870792271845e+00
2.282000000000000028e+00,1.650000000000000000e+03,1.500000000000000000e+03,-9.541104409045738644e-01,5.297413395953850523e-01,1.601132870792271845e+00
2.298999999999999932e+00,1.650000000000000000e+03,1.500000000000000000e+03,-9.549311517326389831e-01,5.297677771562175897e-01,1.611059182953415991e+00
2.315999999999999837e+00,1.650000000000000000e+03,1.500000000000000000e+03,-9.549311517326389831e-01,5.297677771562175897e-01,1.611059182953415991e+00
2.333000000000000185e+00,1.650000000000000000e+03,1.500000000000000000e+03,-9.553414788146028513e-01,5.297809992300200888e-01,1.611059182953415991e+00
2.350000000000000089e+00,1.650000000000000000e+03,1.500000000000000000e+03,-9.561620766883995870e-01,5.298074499673403048e-01,1.611646678765221052e+00
2.366999999999999993e+00,1.650000000000000000e+03,1.500000000000000000e+03,-9.617111518143560689e-01,5.305700177784692384e-01,1.608524029230548491e+00
2.384999999999999787e+00,1.650000000000000000e+03,1.500000000000000000e+03,-9.617111518143560689e-01,5.305700177784692384e-01,1.608524029230548491e+00
2.400999999999999801e+00,1.650000000000000000e+03,1.500000000000000000e+03,-9.625313503344956612e-01,5.305965583589135059e-01,1.599059538744143527e+00
2.418000000000000149e+00,1.650000000000000000e+03,1.500000000000000000e+03,-9.633514789664637812e-01,5.306231078374322729e-01,1.609114689526104813e+00
2.435000000000000053e+00,1.650000000000000000e+03,1.500000000000000000e+03,-9.641715382898420339e-01,5.306496662185967716e-01,1.599652322053600972e+00
2.451999999999999957e+00,1.650000000000000000e+03,1.500000000000000000e+03,-9.654014985844339147e-01,5.306895204928135934e-01,1.600245533364106798e+00
2.470000000000000195e+00,1.650000000000000000e+03,1.500000000000000000e+03,-9.666313061756145464e-01,5.307293948237358228e-01,1.610297321698595407e+00
2.487000000000000099e+00,1.650000000000000000e+03,1.500000000000000000e+03,-9.682708154298266257e-01,5.307825918243685992e-01,1.610889288590029889e+00
2.504000000000000004e+00,1.650000000000000000e+03,1.500000000000000000e+03,-9.682708154298266257e-01,5.307825918243685992e-01,1.610889288590029889e+00
2.520999999999999908e+00,1.650000000000000000e+03,1.500000000000000000e+03,-9.699100611982964804e-01,5.308358245456109570e-01,1.611481686053144236e+00
2.537999999999999812e+00,1.650000000000000000e+03,1.500000000000000000e+03,-9.699100611982964804e-01,5.308358245456109570e-01,1.611481686053144236e+00
2.556000000000000050e+00,1.650000000000000000e+03,1.500000000000000000e+03,-9.713580648816177998e-01,5.314667571887067288e-01,1.612074511632734852e+00
2.572999999999999954e+00,1.650000000000000000e+03,1.500000000000000000e+03,-9.713580648816177998e-01,5.314667571887067288e-01,1.612074511632734852e+00
2.589999999999999858e+00,1.650000000000000000e+03,1.500000000000000000e+03,-9.736260758997496989e-01,5.321247738797622029e-01,1.607648365004705537e+00
2.607000000000000206e+00,1.650000000000000000e+03,1.500000000000000000e+03,-9.746650534912364439e-01,5.327431281573321575e-01,1.603487740495392888e+00
2.624000000000000110e+00,1.650000000000000000e+03,1.500000000000000000e+03,-9.746650534912364439e-01,5.327431281573321575e-01,1.603487740495392888e+00
2.641000000000000014e+00,1.650000000000000000e+03,1.500000000000000000e+03,-9.760846038000280389e-01,5.322049474536693081e-01,1.598655412770114470e+00
2.657999999999999918e+00,1.650000000000000000e+03,1.500000000000000000e+03,-9.760846038000280389e-01,5.322049474536693081e-01,1.598655412770114470e+00
2.674999999999999822e+00,1.650000000000000000e+03,1.500000000000000000e+03,-9.767140871479323971e-01,5.328100194709143311e-01,1.604084087925268243e+00
2.692000000000000171e+00,1.650000000000000000e+03,1.500000000000000000e+03,-9.767140871479323971e-01,5.328100194709143311e-01,1.604084087925268243e+00
2.709999999999999964e+00,1.650000000000000000e+03,1.500000000000000000e+03,-9.783530443969460366e-01,5.328635738402259792e-01,1.604680843435851711e+00
2.726999999999999869e+00,1.650000000000000000e+03,1.500000000000000000e+03,-9.801809505114541521e-01,5.323387523537966848e-01,1.610030769267387418e+00
2.744000000000000217e+00,1.650000000000000000e+03,1.500000000000000000e+03,-9.816302583109588475e-01,5.329707929027135416e-01,1.605875569664629410e+00
2.761000000000000121e+00,1.650000000000000000e+03,1.500000000000000000e+03,-9.816302583109588475e-01,5.329707929027135416e-01,1.605875569664629410e+00
2.778999999999999915e+00,1.650000000000000000e+03,1.500000000000000000e+03,-9.832685236330487299e-01,5.330244576625920994e-01,1.606473535897523730e+00
2.795999999999999819e+00,1.650000000000000000e+03,1.500000000000000000e+03,-9.832685236330487299e-01,5.330244576625920994e-01,1.606473535897523730e+00
2.813000000000000167e+00,1.650000000000000000e+03,1.500000000000000000e+03,-9.841204182661725808e-01,5.342225728707713506e-01,1.611492914450566527e+00
2.830000000000000071e+00,1.650000000000000000e+03,1.500000000000000000e+03,-9.841204182661725808e-01,5.342225728707713506e-01,1.611492914450566527e+00
2.847999999999999865e+00,1.650000000000000000e+03,1.500000000000000000e+03,-9.865782371760405400e-01,5.343033093826817792e-01,1.602526163967751271e+00
2.865000000000000213e+00,1.650000000000000000e+03,1.500000000000000000e+03,-9.968141576364738521e-01,5.346406200124321773e-01,1.606134154285641991e+00
2.882000000000000117e+00,1.650000000000000000e+03,1.500000000000000000e+03,-9.968141576364738521e-01,5.346406200124321773e-01,1.606134154285641991e+00
2.899000000000000021e+00,1.650000000000000000e+03,1.500000000000000000e+03,-9.992696546258471590e-01,5.347217931659075107e-01,1.597173448448861333e+00
2.915999999999999925e+00,1.650000000000000000e+03,1.500000000000000000e+03,-9.992696546258471590e-01,5.347217931659075107e-01,1.597173448448861333e+00
2.932999999999999829e+00,1.650000000000000000e+03,1.500000000000000000e+03,-1.000721650137499363e+00,5.353557215013441395e-01,1.607339851829982402e+00
2.951000000000000068e+00,1.650000000000000000e+03,1.500000000000000000e+03,-1.002358603767805389e+00,5.354099673254334446e-01,1.607943260210766834e+00
2.967999999999999972e+00,1.650000000000000000e+03,1.500000000000000000e+03,-1.003586205276895127e+00,5.354506766427918896e-01,1.608547038947872210e+00
2.984999999999999876e+00,1.650000000000000000e+03,1.500000000000000000e+03,-1.005857427245729019e+00,5.361123365687069375e-01,1.595135124312252461e+00
3.001999999999999780e+00,1.650000000000000000e+03,1.500000000000000000e+03,-1.005857427245729019e+00,5.361123365687069375e-01,1.595135124312252461e+00
3.020000000000000018e+00,1.650000000000000000e+03,1.500000000000000000e+03,-1.007677529084936019e+00,5.355865289925437756e-01,1.600201045265855049e+00
3.036999999999999922e+00,1.650000000000000000e+03,1.500000000000000000e+03,-1.009722811736070369e+00,5.356545444828969549e-01,1.586924564106642732e+00
3.055000000000000160e+00,1.650000000000000000e+03,1.500000000000000000e+03,-1.009722811736070369e+00,5.356545444828969549e-01,1.586924564106642732e+00
3.072000000000000064e+00,1.650000000000000000e+03,1.500000000000000000e+03,-1.009722811736070369e+00,5.356545444828969549e-01,1.586924564106642732e+00
3.089999999999999858e+00,1.650000000000000000e+03,1.500000000000000000e+03,-1.011767851653868622e+00,5.357226195976266814e-01,1.587533751801877280e+00
3.107000000000000206e+00,1.650000000000000000e+03,1.500000000000000000e+03,-1.013403713864332367e+00,5.357771226597846104e-01,1.588143283107287251e+00
3.124000000000000110e+00,1.650000000000000000e+03,1.500000000000000000e+03,-1.013403713864332367e+00,5.357771226597846104e-01,1.588143283107287251e+00
3.141000000000000014e+00,1.650000000000000000e+03,1.500000000000000000e+03,-1.016675001884132179e+00,5.358862435043528771e-01,1.589363369615995891e+00
3.157999999999999918e+00,1.650000000000000000e+03,1.500000000000000000e+03,-1.016675001884132179e+00,5.358862435043528771e-01,1.589363369615995891e+00
3.174999999999999822e+00,1.650000000000000000e+03,1.500000000000000000e+03,-1.017901589753249736e+00,5.359272032964742527e-01,1.579935766675820696e+00
3.192000000000000171e+00,1.650000000000000000e+03,1.500000000000000000e+03,-1.020763332549035063e+00,5.360228599834010454e-01,1.581159929833524158e+00
3.209000000000000075e+00,1.650000000000000000e+03,1.500000000000000000e+03,-1.022398434327229877e+00,5.360775736963961924e-01,1.581772505513893590e+00
3.225999999999999979e+00,1.650000000000000000e+03,1.500000000000000000e+03,-1.024033409943587047e+00,5.361323258117337565e-01,1.582385408454342723e+00
3.242999999999999883e+00,1.650000000000000000e+03,1.500000000000000000e+03,-1.025668263064168251e+00,5.361871163610106850e-01,1.582998637057627667e+00
3.259999999999999787e+00,1.650000000000000000e+03,1.500000000000000000e+03,-1.027302997332789181e+00,5.362419453758832111e-01,1.583612189733145659e+00
3.277000000000000135e+00,1.650000000000000000e+03,1.500000000000000000e+03,-1.028937616371196295e+00,5.362968128880657437e-01,1.584226064896853803e+00
3.294999999999999929e+00,1.650000000000000000e+03,1.500000000000000000e+03,-1.028937616371196295e+00,5.362968128880657437e-01,1.584226064896853803e+00
3.310999999999999943e+00,1.650000000000000000e+03,1.500000000000000000e+03,-1.030572123779240457e+00,5.363517189293290910e-01,1.584840260971176917e+00
3.327999999999999847e+00,1.650000000000000000e+03,1.500000000000000000e+03,-1.032206523135051679e+00,5.364066635315002385e-01,1.585454776384919384e+00
3.346000000000000085e+00,1.650000000000000000e+03,1.500000000000000000e+03,-1.041193946023919459e+00,5.367095495470050048e-01,1.579114185410827043e+00
3.362999999999999989e+00,1.650000000000000000e+03,1.500000000000000000e+03,-1.041193946023919459e+00,5.367095495470050048e-01,1.579114185410827043e+00
3.379999999999999893e+00,1.650000000000000000e+03,1.500000000000000000e+03,-1.044461429653765983e+00,5.368199804032990352e-01,1.580349609768129326e+00
3.396999999999999797e+00,1.650000000000000000e+03,1.500000000000000000e+03,-1.044461429653765983e+00,5.368199804032990352e-01,1.580349609768129326e+00
3.414000000000000146e+00,1.650000000000000000e+03,1.500000000000000000e+03,-1.044461429653765983e+00,5.368199804032990352e-01,1.580349609768129326e+00
3.431999999999999940e+00,1.650000000000000000e+03,1.500000000000000000e+03,-1.046095052031367878e+00,5.368752540656115402e-01,1.580967775899302152e+00
3.448999999999999844e+00,1.650000000000000000e+03,1.500000000000000000e+03,-1.047962505150178192e+00,5.375258476969261290e-01,1.581586242752490712e+00
3.467000000000000082e+00,1.650000000000000000e+03,1.500000000000000000e+03,-1.049596320734620392e+00,5.375812612287887982e-01,1.582205008899240317e+00
3.483999999999999986e+00,1.650000000000000000e+03,1.500000000000000000e+03,-1.049596320734620392e+00,5.375812612287887982e-01,1.582205008899240317e+00
3.501999999999999780e+00,1.650000000000000000e+03,1.500000000000000000e+03,-1.053098773469737903e+00,5.382879665000089853e-01,1.577645193169087579e+00
3.517999999999999794e+00,1.650000000000000000e+03,1.500000000000000000e+03,-1.054732738904917921e+00,5.383435605365504140e-01,1.578265609730927999e+00
3.536000000000000032e+00,1.650000000000000000e+03,1.500000000000000000e+03,-1.057592043323620334e+00,5.384409451107526889e-01,1.589053037627839338e+00
3.552999999999999936e+00,1.650000000000000000e+03,1.500000000000000000e+03,-1.059870797753011296e+00,5.391068868765577227e-01,1.576248328018523992e+00
3.569999999999999840e+00,1.650000000000000000e+03,1.500000000000000000e+03,-1.059870797753011296e+00,5.391068868765577227e-01,1.576248328018523992e+00
3.587000000000000188e+00,1.650000000000000000e+03,1.500000000000000000e+03,-1.061741833438977434e+00,5.397593680702325036e-01,1.570943193768758350e+00
3.604000000000000092e+00,1.650000000000000000e+03,1.500000000000000000e+03,-1.063613615951273239e+00,5.404123120499856325e-01,1.571566101045194896e+00
3.620999999999999996e+00,1.650000000000000000e+03,1.500000000000000000e+03,-1.067700341939993081e+00,5.405524502902042672e-01,1.582974883525907872e+00
3.637999999999999901e+00,1.650000000000000000e+03,1.500000000000000000e+03,-1.067700341939993081e+00,5.405524502902042672e-01,1.582974883525907872e+00
3.654999999999999805e+00,1.650000000000000000e+03,1.500000000000000000e+03,-1.069334975793788889e+00,5.406085761891360475e-01,1.583597998938661267e+00
3.672000000000000153e+00,1.650000000000000000e+03,1.500000000000000000e+03,-1.070969582008505672e+00,5.406647424748473041e-01,1.584221391640814547e+00
3.689000000000000057e+00,1.650000000000000000e+03,1.500000000000000000e+03,-1.070969582008505672e+00,5.406647424748473041e-01,1.584221391640814547e+00
3.705999999999999961e+00,1.650000000000000000e+03,1.500000000000000000e+03,-1.073012805613432485e+00,5.407350071689739357e-01,1.584845060322530363e+00
3.722999999999999865e+00,1.650000000000000000e+03,1.500000000000000000e+03,-1.074887201010726656e+00,5.413890246851650323e-01,1.579516229077436273e+00
3.741000000000000103e+00,1.650000000000000000e+03,1.500000000000000000e+03,-1.076522092558701571e+00,5.414453887373630314e-01,1.580141129399585731e+00
3.758000000000000007e+00,1.650000000000000000e+03,1.500000000000000000e+03,-1.078974404759361683e+00,5.415300111721564891e-01,1.571090599756257644e+00
3.774999999999999911e+00,1.650000000000000000e+03,1.500000000000000000e+03,-1.081668055571991527e+00,5.422130484703687747e-01,1.582017441450775053e+00
3.791999999999999815e+00,1.650000000000000000e+03,1.500000000000000000e+03,-1.083136191715164065e+00,5.428541607713218697e-01,1.582643411688731350e+00
3.809000000000000163e+00,1.650000000000000000e+03,1.500000000000000000e+03,-1.084771759769757260e+00,5.429108535427235038e-01,1.583269646307920109e+00
3.826000000000000068e+00,1.650000000000000000e+03,1.500000000000000000e+03,-1.086649874835747820e+00,5.435666906339450266e-01,1.580062101900398197e+00
3.842999999999999972e+00,1.650000000000000000e+03,1.500000000000000000e+03,-1.088694793840908392e+00,5.436377514782971820e-01,1.571162678418336567e+00
3.859999999999999876e+00,1.650000000000000000e+03,1.500000000000000000e+03,-1.088694793840908392e+00,5.436377514782971820e-01,1.571162678418336567e+00
3.878000000000000114e+00,1.650000000000000000e+03,1.500000000000000000e+03,-1.096874665883209143e+00,5.439226442254440075e-01,1.574305590201989125e+00
3.895000000000000018e+00,1.650000000000000000e+03,1.500000000000000000e+03,-1.096874665883209143e+00,5.439226442254440075e-01,1.574305590201989125e+00
3.911999999999999922e+00,1.650000000000000000e+03,1.500000000000000000e+03,-1.100964797353671365e+00,5.440654809181645346e-01,1.566035689694778466e+00
3.928999999999999826e+00,1.650000000000000000e+03,1.500000000000000000e+03,-1.103009931135761512e+00,5.441369970195749639e-01,1.576824447456812495e+00
3.947000000000000064e+00,1.650000000000000000e+03,1.500000000000000000e+03,-1.103009931135761512e+00,5.441369970195749639e-01,1.576824447456812495e+00
3.963999999999999968e+00,1.650000000000000000e+03,1.500000000000000000e+03,-1.107509418041967120e+00,5.442945621485045793e-01,1.568558868335833356e+00
3.980999999999999872e+00,1.650000000000000000e+03,1.500000000000000000e+03,-1.107509418041967120e+00,5.442945621485045793e-01,1.568558868335833356e+00
3.998000000000000220e+00,1.650000000000000000e+03,1.500000000000000000e+03,-1.109554738849871214e+00,5.443662871866356001e-01,1.569190272206101078e+00
4.014999999999999680e+00,1.650000000000000000e+03,1.500000000000000000e+03,-1.112009216124735911e+00,5.444524435636787230e-01,1.570453803757223099e+00
4.033000000000000362e+00,1.650000000000000000e+03,1.500000000000000000e+03,-1.114624059816082147e+00,5.439527715563922117e-01,1.571085929375107160e+00
4.049999999999999822e+00,1.650000000000000000e+03,1.500000000000000000e+03,-1.116669190621357721e+00,5.440246427694334086e-01,1.562187837068263141e+00
4.067000000000000171e+00,1.650000000000000000e+03,1.500000000000000000e+03,-1.118714408644773783e+00,5.440965792676549784e-01,1.572983733250348903e+00
4.083999999999999631e+00,1.650000000000000000e+03,1.500000000000000000e+03,-1.121577870129053744e+00,5.441974001447725806e-01,1.564087676464974708e+00
4.100999999999999979e+00,1.650000000000000000e+03,1.500000000000000000e+03,-1.123214220439698430e+00,5.442550696277926869e-01,1.564721423752490459e+00
4.118000000000000327e+00,1.650000000000000000e+03,1.500000000000000000e+03,-1.123214220439698430e+00,5.442550696277926869e-01,1.564721423752490459e+00
4.136000000000000121e+00,1.650000000000000000e+03,1.500000000000000000e+03,-1.125668870846666003e+00,5.443416524060550321e-01,1.555821373894552107e+00
4.152999999999999581e+00,1.650000000000000000e+03,1.500000000000000000e+03,-1.127714532874016573e+00,5.444138767872307438e-01,1.566624054659097931e+00
4.169999999999999929e+00,1.650000000000000000e+03,1.500000000000000000e+03,-1.130169478747746092e+00,5.445006326032969524e-01,1.567258724786381174e+00
4.187000000000000277e+00,1.650000000000000000e+03,1.500000000000000000e+03,-1.134670668857156839e+00,5.446599304743827696e-01,1.569164101271022460e+00
4.203999999999999737e+00,1.650000000000000000e+03,1.500000000000000000e+03,-1.134670668857156839e+00,5.446599304743827696e-01,1.569164101271022460e+00
4.221000000000000085e+00,1.650000000000000000e+03,1.500000000000000000e+03,-1.137126127398948139e+00,5.447469543209347842e-01,1.560267789686497819e+00
4.238000000000000433e+00,1.650000000000000000e+03,1.500000000000000000e+03,-1.139172492935781156e+00,5.448195465874087207e-01,1.560903894223975241e+00
4.254999999999999893e+00,1.650000000000000000e+03,1.500000000000000000e+03,-1.140809687037859010e+00,5.448776678245229599e-01,1.561540221658273442e+00
4.272000000000000242e+00,1.650000000000000000e+03,1.500000000000000000e+03,-1.140809687037859010e+00,5.448776678245229599e-01,1.561540221658273442e+00
4.288999999999999702e+00,1.650000000000000000e+03,1.500000000000000000e+03,-1.144084356667763203e+00,5.449940368792213219e-01,1.562813541657140703e+00
4.306000000000000050e+00,1.650000000000000000e+03,1.500000000000000000e+03,-1.145721837006989929e+00,5.450522847517594860e-01,1.563450532442542507e+00
4.323000000000000398e+00,1.650000000000000000e+03,1.500000000000000000e+03,-1.148178246135942882e+00,5.451397358194217668e-01,1.554551928377309489e+00
4.341000000000000192e+00,1.650000000000000000e+03,1.500000000000000000e+03,-1.150634888712315451e+00,5.452272820803326647e-01,1.565362817274619012e+00
4.357999999999999652e+00,1.650000000000000000e+03,1.500000000000000000e+03,-1.166572500780412192e+00,5.475780636585209082e-01,1.551846889032624022e+00
4.376000000000000334e+00,1.650000000000000000e+03,1.500000000000000000e+03,-1.169294530282080746e+00,5.482703033139296744e-01,1.562656862785159140e+00
4.392999999999999794e+00,1.650000000000000000e+03,1.500000000000000000e+03,-1.169294530282080746e+00,5.482703033139296744e-01,1.562656862785159140e+00
4.410999999999999588e+00,1.650000000000000000e+03,1.500000000000000000e+03,-1.174480261881829080e+00,5.490521872178918406e-01,1.557807865774085698e+00
4.427999999999999936e+00,1.650000000000000000e+03,1.500000000000000000e+03,-1.174480261881829080e+00,5.490521872178918406e-01,1.557807865774085698e+00
4.445000000000000284e+00,1.650000000000000000e+03,1.500000000000000000e+03,-1.178702204008198473e+00,5.503955557438363622e-01,1.546616824591279249e+00
4.461999999999999744e+00,1.650000000000000000e+03,1.500000000000000000e+03,-1.178702204008198473e+00,5.503955557438363622e-01,1.546616824591279249e+00
4.479000000000000092e+00,1.650000000000000000e+03,1.500000000000000000e+03,-1.180755599089354124e+00,5.504701241953923185e-01,1.557424530969645060e+00
4.495000000000000107e+00,1.650000000000000000e+03,1.500000000000000000e+03,-1.183630746580304649e+00,5.505746354347281768e-01,1.548541923516328911e+00
4.512999999999999901e+00,1.650000000000000000e+03,1.500000000000000000e+03,-1.186095532617185366e+00,5.506643237452067963e-01,1.559351079276786622e+00
4.530000000000000249e+00,1.650000000000000000e+03,1.500000000000000000e+03,-1.188971562434706586e+00,5.507690853399044295e-01,1.560636439242569340e+00
4.546999999999999709e+00,1.650000000000000000e+03,1.500000000000000000e+03,-1.191293447007733652e+00,5.514498921111433694e-01,1.554374517592399529e+00
4.564000000000000057e+00,1.650000000000000000e+03,1.500000000000000000e+03,-1.194582154539839625e+00,5.515700562089501657e-01,1.555661097807356397e+00
4.581000000000000405e+00,1.650000000000000000e+03,1.500000000000000000e+03,-1.196637935990745305e+00,5.516452487581783304e-01,1.556304681106520427e+00
4.597999999999999865e+00,1.650000000000000000e+03,1.500000000000000000e+03,-1.199927740551379518e+00,5.517657009464173035e-01,1.557592430395080996e+00
4.615000000000000213e+00,1.650000000000000000e+03,1.500000000000000000e+03,-1.199927740551379518e+00,5.517657009464173035e-01,1.557592430395080996e+00
4.631999999999999673e+00,1.650000000000000000e+03,1.500000000000000000e+03,-1.201842830777077875e+00,5.524327020133407151e-01,1.548569735611564635e+00
4.649000000000000021e+00,1.650000000000000000e+03,1.500000000000000000e+03,-1.205134498502573148e+00,5.525535837272316231e-01,1.549858312271173988e+00
4.666999999999999815e+00,1.650000000000000000e+03,1.500000000000000000e+03,-1.208015299448705004e+00,5.526595015660707988e-01,1.560815168079957793e+00
4.684000000000000163e+00,1.650000000000000000e+03,1.500000000000000000e+03,-1.210073358588829251e+00,5.527352408565987529e-01,1.551792618060640061e+00
4.700000000000000178e+00,1.650000000000000000e+03,1.500000000000000000e+03,-1.213366860213952236e+00,5.528565689061607502e-01,1.553083107689138931e+00
4.716999999999999638e+00,1.650000000000000000e+03,1.500000000000000000e+03,-1.218308543166905178e+00,5.530388963679132575e-01,1.555020256850077942e+00
4.733999999999999986e+00,1.650000000000000000e+03,1.500000000000000000e+03,-1.218308543166905178e+00,5.530388963679132575e-01,1.555020256850077942e+00
4.751000000000000334e+00,1.650000000000000000e+03,1.500000000000000000e+03,-1.220780042148495781e+00,5.531302111851285064e-01,1.545992828108668338e+00
4.769000000000000128e+00,1.650000000000000000e+03,1.500000000000000000e+03,-1.220780042148495781e+00,5.531302111851285064e-01,1.545992828108668338e+00
4.785999999999999588e+00,1.650000000000000000e+03,1.500000000000000000e+03,-1.226412604828338804e+00,5.539366427986781583e-01,1.547931389094879151e+00
4.804000000000000270e+00,1.650000000000000000e+03,1.500000000000000000e+03,-1.226412604828338804e+00,5.539366427986781583e-01,1.547931389094879151e+00
4.820999999999999730e+00,1.650000000000000000e+03,1.500000000000000000e+03,-1.228615030339824887e+00,5.552153808205605445e-01,1.549062725068478530e+00
4.838000000000000078e+00,1.650000000000000000e+03,1.500000000000000000e+03,-1.232050159170830828e+00,5.547444060457372705e-01,1.552936576771894561e+00
4.855000000000000426e+00,1.650000000000000000e+03,1.500000000000000000e+03,-1.242647047842231345e+00,5.557385197082801431e-01,1.544571706286423041e+00
4.871000000000000441e+00,1.650000000000000000e+03,1.500000000000000000e+03,-1.242647047842231345e+00,5.557385197082801431e-01,1.544571706286423041e+00
4.887999999999999901e+00,1.650000000000000000e+03,1.500000000000000000e+03,-1.245124927517284430e+00,5.558311792771787330e-01,1.545219761933209979e+00
4.905000000000000249e+00,1.650000000000000000e+03,1.500000000000000000e+03,-1.250082214563959404e+00,5.560168058619910925e-01,1.547165011693505177e+00
4.923000000000000043e+00,1.650000000000000000e+03,1.500000000000000000e+03,-1.250082214563959404e+00,5.560168058619910925e-01,1.547165011693505177e+00
4.940000000000000391e+00,1.650000000000000000e+03,1.500000000000000000e+03,-1.252974920663645797e+00,5.561252775218247235e-01,1.548462740960109052e+00
4.956999999999999851e+00,1.650000000000000000e+03,1.500000000000000000e+03,-1.256281746557804446e+00,5.562494162705474698e-01,1.549761181233419549e+00
4.974000000000000199e+00,1.650000000000000000e+03,1.500000000000000000e+03,-1.257806326355993543e+00,5.569067671235684580e-01,1.548049943040257670e+00
4.990999999999999659e+00,1.650000000000000000e+03,1.500000000000000000e+03,-1.261400575225572140e+00,5.576425707335853632e-01,1.541888239636111990e+00
5.009000000000000341e+00,1.650000000000000000e+03,1.500000000000000000e+03,-1.263469713078988921e+00,5.577206250675185162e-01,1.542537815141752144e+00
5.025999999999999801e+00,1.650000000000000000e+03,1.500000000000000000e+03,-1.263469713078988921e+00,5.577206250675185162e-01,1.542537815141752144e+00
5.043000000000000149e+00,1.650000000000000000e+03,1.500000000000000000e+03,-1.272452485648702059e+00,5.586613632419291653e-01,1.536111336395749927e+00
5.059999999999999609e+00,1.650000000000000000e+03,1.500000000000000000e+03,-1.275352969343011011e+00,5.587713377619180077e-01,1.537411584186630931e+00
5.078000000000000291e+00,1.650000000000000000e+03,1.500000000000000000e+03,-1.278958714495176840e+00,5.595099682461385227e-01,1.538712535015118066e+00
5.094999999999999751e+00,1.650000000000000000e+03,1.500000000000000000e+03,-1.281032154040875781e+00,5.595888348870995399e-01,1.539363272660305038e+00
5.112000000000000099e+00,1.650000000000000000e+03,1.500000000000000000e+03,-1.284350507669264507e+00,5.597151725403636258e-01,1.540665269580382635e+00
5.128999999999999559e+00,1.650000000000000000e+03,1.500000000000000000e+03,-1.287254933851795347e+00,5.598258705671405044e-01,1.541967958209416123e+00
5.145999999999999908e+00,1.650000000000000000e+03,1.500000000000000000e+03,-1.287254933851795347e+00,5.598258705671405044e-01,1.541967958209416123e+00
5.163999999999999702e+00,1.650000000000000000e+03,1.500000000000000000e+03,-1.289745092243216540e+00,5.599208680135555616e-01,1.532933835936012068e+00
5.181000000000000050e+00,1.650000000000000000e+03,1.500000000000000000e+03,-1.292651042635560854e+00,5.600318307819444064e-01,1.534236186147789116e+00
5.198000000000000398e+00,1.650000000000000000e+03,1.500000000000000000e+03,-1.295852262783365960e+00,5.607569182421282550e-01,1.533619747001325750e+00
5.214999999999999858e+00,1.650000000000000000e+03,1.500000000000000000e+03,-1.299296351521673110e+00,5.602859959533456058e-01,1.536842968618025385e+00
5.232000000000000206e+00,1.650000000000000000e+03,1.500000000000000000e+03,-1.301789481772454682e+00,5.603815003311855003e-01,1.527802552067967001e+00
5.248999999999999666e+00,1.650000000000000000e+03,1.500000000000000000e+03,-1.304995778896417269e+00,5.611075334420775329e-01,1.527333375237747370e+00
5.266000000000000014e+00,1.650000000000000000e+03,1.500000000000000000e+03,-1.304995778896417269e+00,5.611075334420775329e-01,1.527333375237747370e+00
5.283000000000000362e+00,1.650000000000000000e+03,1.500000000000000000e+03,-1.307906860196932142e+00,5.612193898415204218e-01,1.538184862865001890e+00
5.301000000000000156e+00,1.650000000000000000e+03,1.500000000000000000e+03,-1.311234879027543654e+00,5.613474015088403268e-01,1.539490715410438249e+00
5.317999999999999616e+00,1.650000000000000000e+03,1.500000000000000000e+03,-1.314030962285529291e+00,5.620588086989563026e-01,1.522566426244262860e+00
5.336000000000000298e+00,1.650000000000000000e+03,1.500000000000000000e+03,-1.329446389521274696e+00,5.626548073798519622e-01,1.528439390903554962e+00
5.352999999999999758e+00,1.650000000000000000e+03,1.500000000000000000e+03,-1.332670064100378138e+00,5.633846255920892387e-01,1.529746386236112698e+00
5.370000000000000107e+00,1.650000000000000000e+03,1.500000000000000000e+03,-1.332670064100378138e+00,5.633846255920892387e-01,1.529746386236112698e+00
5.387999999999999901e+00,1.650000000000000000e+03,1.500000000000000000e+03,-1.338819149268972941e+00,5.642290600792559951e-01,1.532362411064492447e+00
5.405000000000000249e+00,1.650000000000000000e+03,1.500000000000000000e+03,-1.338819149268972941e+00,5.642290600792559951e-01,1.532362411064492447e+00
5.421999999999999709e+00,1.650000000000000000e+03,1.500000000000000000e+03,-1.341214217814385101e+00,5.649281461921437097e-01,1.524741156767184247e+00
5.437999999999999723e+00,1.650000000000000000e+03,1.500000000000000000e+03,-1.341214217814385101e+00,5.649281461921437097e-01,1.524741156767184247e+00
5.455000000000000071e+00,1.650000000000000000e+03,1.500000000000000000e+03,-1.344447143479450490e+00,5.656605641333268819e-01,1.524528795863376640e+00
5.472999999999999865e+00,1.650000000000000000e+03,1.500000000000000000e+03,-1.347792283044608963e+00,5.657914887809253335e-01,1.525836985216147079e+00
5.490000000000000213e+00,1.650000000000000000e+03,1.500000000000000000e+03,-1.353959731336983996e+00,5.666400869622177927e-01,1.538157651883263588e+00
5.506000000000000227e+00,1.650000000000000000e+03,1.500000000000000000e+03,-1.353959731336983996e+00,5.666400869622177927e-01,1.538157651883263588e+00
5.524000000000000021e+00,1.650000000000000000e+03,1.500000000000000000e+03,-1.356783017315362549e+00,5.673582843567869238e-01,1.520692775957913634e+00
5.541000000000000369e+00,1.650000000000000000e+03,1.500000000000000000e+03,-1.356783017315362549e+00,5.673582843567869238e-01,1.520692775957913634e+00
5.559000000000000163e+00,1.650000000000000000e+03,1.500000000000000000e+03,-1.360134456676661774e+00,5.674902574764667529e-01,1.522001590899730639e+00
5.575999999999999623e+00,1.650000000000000000e+03,1.500000000000000000e+03,-1.363487199669853878e+00,5.676224229992982151e-01,1.523311087896828564e+00
5.592999999999999972e+00,1.650000000000000000e+03,1.500000000000000000e+03,-1.366421926368147410e+00,5.677382257505644292e-01,1.534474002542380866e+00
5.610999999999999766e+00,1.650000000000000000e+03,1.500000000000000000e+03,-1.369777138239328451e+00,5.678707523311131711e-01,1.535786845239049070e+00
5.628000000000000114e+00,1.650000000000000000e+03,1.500000000000000000e+03,-1.369777138239328451e+00,5.678707523311131711e-01,1.535786845239049070e+00
5.644999999999999574e+00,1.650000000000000000e+03,1.500000000000000000e+03,-1.372717814291302574e+00,5.704216139769583416e-01,1.516659392928055627e+00
5.661999999999999922e+00,1.650000000000000000e+03,1.500000000000000000e+03,-1.372717814291302574e+00,5.704216139769583416e-01,1.516659392928055627e+00
5.679999999999999716e+00,1.650000000000000000e+03,1.500000000000000000e+03,-1.376078706916315619e+00,5.705551969252414812e-01,1.517969050381480001e+00
5.697000000000000064e+00,1.650000000000000000e+03,1.500000000000000000e+03,-1.376078706916315619e+00,5.705551969252414812e-01,1.517969050381480001e+00
5.714000000000000412e+00,1.650000000000000000e+03,1.500000000000000000e+03,-1.379440949050927401e+00,5.706889742897215401e-01,1.519279393067537898e+00
5.730999999999999872e+00,1.650000000000000000e+03,1.500000000000000000e+03,-1.385328145958372392e+00,5.709235527818868894e-01,1.531757169506829941e+00
5.748000000000000220e+00,1.650000000000000000e+03,1.500000000000000000e+03,-1.389435548446106505e+00,5.716975561884044543e-01,1.524393974594592471e+00
5.788000000000000256e+00,1.650000000000000000e+03,1.500000000000000000e+03,-1.389435548446106505e+00,5.716975561884044543e-01,1.524393974594592471e+00
5.812000000000000277e+00,1.650000000000000000e+03,1.500000000000000000e+03,-1.389435548446106505e+00,5.716975561884044543e-01,1.524393974594592471e+00
5.833999999999999631e+00,1.650000000000000000e+03,1.500000000000000000e+03,-1.389435548446106505e+00,5.716975561884044543e-01,1.524393974594592471e+00
5.850999999999999979e+00,1.650000000000000000e+03,1.500000000000000000e+03,-1.392704432255083002e+00,5.724388166038890668e-01,1.525707319434807863e+00
5.873999999999999666e+00,1.650000000000000000e+03,1.500000000000000000e+03,-1.398927295350490763e+00,5.732994106428604963e-01,1.516573241724736398e+00
5.891000000000000014e+00,1.650000000000000000e+03,1.500000000000000000e+03,-1.398927295350490763e+00,5.732994106428604963e-01,1.516573241724736398e+00
5.908000000000000362e+00,1.650000000000000000e+03,1.500000000000000000e+03,-1.426106355741339149e+00,5.762344020629212027e-01,1.518106372936852910e+00
5.924999999999999822e+00,1.650000000000000000e+03,1.500000000000000000e+03,-1.426106355741339149e+00,5.762344020629212027e-01,1.518106372936852910e+00
5.942000000000000171e+00,1.650000000000000000e+03,1.500000000000000000e+03,-1.429070820035974076e+00,5.763549210356407881e-01,1.529443502040982894e+00
5.958999999999999631e+00,1.650000000000000000e+03,1.500000000000000000e+03,-1.429070820035974076e+00,5.763549210356407881e-01,1.529443502040982894e+00
5.975999999999999979e+00,1.650000000000000000e+03,1.500000000000000000e+03,-1.432278592224918379e+00,5.777131324041892002e-01,1.510014902926373859e+00
5.993000000000000327e+00,1.650000000000000000e+03,1.500000000000000000e+03,-1.435670957888114829e+00,5.778516017838740693e-01,1.511328880723137313e+00
6.009999999999999787e+00,1.650000000000000000e+03,1.500000000000000000e+03,-1.439064817251828998e+00,5.779902697388338284e-01,1.512643550389909386e+00
6.027000000000000135e+00,1.650000000000000000e+03,1.500000000000000000e+03,-1.443220901513370125e+00,5.787750277932660614e-01,1.503940530219983973e+00
6.043999999999999595e+00,1.650000000000000000e+03,1.500000000000000000e+03,-1.450018448509101887e+00,5.790538093671336872e-01,1.506567664153663832e+00
6.059999999999999609e+00,1.650000000000000000e+03,1.500000000000000000e+03,-1.453419503197296292e+00,5.791934988506594051e-01,1.507882290259885849e+00
6.076999999999999957e+00,1.650000000000000000e+03,1.500000000000000000e+03,-1.456822087373879970e+00,5.793333875483220874e-01,1.509197618098167659e+00
6.094000000000000306e+00,1.650000000000000000e+03,1.500000000000000000e+03,-1.460226207447411495e+00,5.794734755221887523e-01,1.510513644350169882e+00
6.110999999999999766e+00,1.650000000000000000e+03,1.500000000000000000e+03,-1.467465090998252064e+00,5.797718244081174754e-01,1.513147778633144647e+00
6.128000000000000114e+00,1.650000000000000000e+03,1.500000000000000000e+03,-1.471218265455026764e+00,5.805430323722081676e-01,1.503958654960697583e+00
6.144999999999999574e+00,1.650000000000000000e+03,1.500000000000000000e+03,-1.474629758538792190e+00,5.806841467365954079e-01,1.505274417262261410e+00
6.163000000000000256e+00,1.650000000000000000e+03,1.500000000000000000e+03,-1.474629758538792190e+00,5.806841467365954079e-01,1.505274417262261410e+00
6.179000000000000270e+00,1.650000000000000000e+03,1.500000000000000000e+03,-1.478042820406790137e+00,5.808254609743478403e-01,1.506590889724005011e+00
6.197000000000000064e+00,1.650000000000000000e+03,1.500000000000000000e+03,-1.478042820406790137e+00,5.808254609743478403e-01,1.506590889724005011e+00
6.214999999999999858e+00,1.650000000000000000e+03,1.500000000000000000e+03,-1.481457456924053284e+00,5.809669751432241513e-01,1.507908069070999391e+00
6.232000000000000206e+00,1.650000000000000000e+03,1.500000000000000000e+03,-1.485300812397334358e+00,5.811264176350231514e-01,1.509225951990277981e+00
6.248999999999999666e+00,1.650000000000000000e+03,1.500000000000000000e+03,-1.488718814130374657e+00,5.812683568483326679e-01,1.510544535131113753e+00
6.267000000000000348e+00,1.650000000000000000e+03,1.500000000000000000e+03,-1.492565969809671600e+00,5.814282776603888481e-01,1.501967682130074699e+00
6.283999999999999808e+00,1.650000000000000000e+03,1.500000000000000000e+03,-1.496415148758074576e+00,5.815884518178621176e-01,1.503284706306623475e+00
6.301000000000000156e+00,1.650000000000000000e+03,1.500000000000000000e+03,-1.500039961119312704e+00,5.835938793716010098e-01,1.504901383057052122e+00
6.318999999999999950e+00,1.650000000000000000e+03,1.500000000000000000e+03,-1.500039961119312704e+00,5.835938793716010098e-01,1.504901383057052122e+00
6.336000000000000298e+00,1.650000000000000000e+03,1.500000000000000000e+03,-1.500039961119312704e+00,5.835938793716010098e-01,1.504901383057052122e+00
6.352999999999999758e+00,1.650000000000000000e+03,1.500000000000000000e+03,-1.503895851449842169e+00,5.837551724778090589e-01,1.496170169520631310e+00
6.370000000000000107e+00,1.650000000000000000e+03,1.500000000000000000e+03,-1.532891983731554442e+00,5.868349470077399710e-01,1.496655111597373411e+00
6.386999999999999567e+00,1.650000000000000000e+03,1.500000000000000000e+03,-1.536768299893700895e+00,5.869990413076177083e-01,1.487913636841438736e+00
6.405000000000000249e+00,1.650000000000000000e+03,1.500000000000000000e+03,-1.540514146301478871e+00,5.884009353203737414e-01,1.489080776722410793e+00
6.421999999999999709e+00,1.650000000000000000e+03,1.500000000000000000e+03,-1.544331032725497987e+00,5.891853763217275164e-01,1.501277309274486438e+00
6.439000000000000057e+00,1.650000000000000000e+03,1.500000000000000000e+03,-1.548280928001761536e+00,5.887312369338909557e-01,1.502598586578082873e+00
6.456000000000000405e+00,1.650000000000000000e+03,1.500000000000000000e+03,-1.555930691260356769e+00,5.903029489348144976e-01,1.495178235002052602e+00
6.472999999999999865e+00,1.650000000000000000e+03,1.500000000000000000e+03,-1.555930691260356769e+00,5.903029489348144976e-01,1.495178235002052602e+00
6.490999999999999659e+00,1.650000000000000000e+03,1.500000000000000000e+03,-1.559328710138127905e+00,5.910717263815080669e-01,1.496349395641131563e+00
6.508000000000000007e+00,1.650000000000000000e+03,1.500000000000000000e+03,-1.562729997411391736e+00,5.918413744221030504e-01,1.497670281480881549e+00
6.525000000000000355e+00,1.650000000000000000e+03,1.500000000000000000e+03,-1.566507510671116599e+00,5.932526226071498376e-01,1.499158128490542197e+00
6.541999999999999815e+00,1.650000000000000000e+03,1.500000000000000000e+03,-1.570350236020694457e+00,5.940432530608205086e-01,1.490111392498677523e+00
6.559000000000000163e+00,1.650000000000000000e+03,1.500000000000000000e+03,-1.574255558513789843e+00,5.942117495785538273e-01,1.491431047762203921e+00
6.576999999999999957e+00,1.650000000000000000e+03,1.500000000000000000e+03,-1.582015898622623595e+00,5.951730536590406073e-01,1.483847575995622226e+00
6.594000000000000306e+00,1.650000000000000000e+03,1.500000000000000000e+03,-1.582015898622623595e+00,5.951730536590406073e-01,1.483847575995622226e+00
6.612000000000000099e+00,1.650000000000000000e+03,1.500000000000000000e+03,-1.585002818714541739e+00,5.959288490533446447e-01,1.495723460441035657e+00
6.628999999999999559e+00,1.650000000000000000e+03,1.500000000000000000e+03,-1.585002818714541739e+00,5.959288490533446447e-01,1.495723460441035657e+00
6.645999999999999908e+00,1.650000000000000000e+03,1.500000000000000000e+03,-1.593216942290665239e+00,5.969125719951010600e-01,1.477622894855764812e+00
6.663000000000000256e+00,1.650000000000000000e+03,1.500000000000000000e+03,-1.597084502112359194e+00,5.977084848491164282e-01,1.478939771437539852e+00
6.679999999999999716e+00,1.650000000000000000e+03,1.500000000000000000e+03,-1.601008560032567196e+00,5.978796188511193987e-01,1.480257463697350895e+00
6.697000000000000064e+00,1.650000000000000000e+03,1.500000000000000000e+03,-1.604934831472173418e+00,5.980510126838231022e-01,1.492468027903253613e+00
6.714999999999999858e+00,1.650000000000000000e+03,1.500000000000000000e+03,-1.604934831472173418e+00,5.980510126838231022e-01,1.492468027903253613e+00
6.732000000000000206e+00,1.650000000000000000e+03,1.500000000000000000e+03,-1.604934831472173418e+00,5.980510126838231022e-01,1.492468027903253613e+00
6.750000000000000000e+00,1.650000000000000000e+03,1.500000000000000000e+03,-1.612694515088101799e+00,5.996476922369334828e-01,1.484249410139624636e+00
6.767000000000000348e+00,1.650000000000000000e+03,1.500000000000000000e+03,-1.616629286670244747e+00,5.998202957916977107e-01,1.475176977611098561e+00
6.785000000000000142e+00,1.650000000000000000e+03,1.500000000000000000e+03,-1.621003874186288440e+00,6.000123828277258431e-01,1.476494911474742988e+00
6.801999999999999602e+00,1.650000000000000000e+03,1.500000000000000000e+03,-1.624458494563030042e+00,6.007939340168252373e-01,1.478655096853751072e+00
6.818999999999999950e+00,1.650000000000000000e+03,1.500000000000000000e+03,-1.632783979534574881e+00,6.011607295956568064e-01,1.481956431163456545e+00
6.836000000000000298e+00,1.650000000000000000e+03,1.500000000000000000e+03,-1.632783979534574881e+00,6.011607295956568064e-01,1.481956431163456545e+00
6.854000000000000092e+00,1.650000000000000000e+03,1.500000000000000000e+03,-1.649781209192570985e+00,6.038062033457408662e-01,1.476715328629304214e+00
6.871000000000000441e+00,1.650000000000000000e+03,1.500000000000000000e+03,-1.657262597520319014e+00,6.041387400376260208e-01,1.479358960587962235e+00
6.887999999999999901e+00,1.650000000000000000e+03,1.500000000000000000e+03,-1.657262597520319014e+00,6.041387400376260208e-01,1.479358960587962235e+00
6.905000000000000249e+00,1.650000000000000000e+03,1.500000000000000000e+03,-1.661667204678479060e+00,6.043347851426325024e-01,1.470267692408877336e+00
6.921999999999999709e+00,1.650000000000000000e+03,1.500000000000000000e+03,-1.665596312139809854e+00,6.051426225980364171e-01,1.472765772677195883e+00
6.939000000000000057e+00,1.650000000000000000e+03,1.500000000000000000e+03,-1.670043712081359377e+00,6.047081591607946782e-01,1.483993340854509180e+00
6.956000000000000405e+00,1.650000000000000000e+03,1.500000000000000000e+03,-1.673908614886236323e+00,6.067810834831680600e-01,1.474969144619315831e+00
6.972999999999999865e+00,1.650000000000000000e+03,1.500000000000000000e+03,-1.677443138203566386e+00,6.069394589898374770e-01,1.476291974868757295e+00
6.990000000000000213e+00,1.650000000000000000e+03,1.500000000000000000e+03,-1.682272523425255573e+00,6.077905175433874208e-01,1.467198099102854814e+00
7.006999999999999673e+00,1.650000000000000000e+03,1.500000000000000000e+03,-1.682272523425255573e+00,6.077905175433874208e-01,1.467198099102854814e+00
7.025000000000000355e+00,1.650000000000000000e+03,1.500000000000000000e+03,-1.685812188187347349e+00,6.079495798511372895e-01,1.468518457232995900e+00
7.043000000000000149e+00,1.650000000000000000e+03,1.500000000000000000e+03,-1.693721381467906628e+00,6.095763199838181157e-01,1.460840394937967357e+00
7.060999999999999943e+00,1.650000000000000000e+03,1.500000000000000000e+03,-1.698125910109451464e+00,6.104112603585923891e-01,1.473235103440612370e+00
7.078999999999999737e+00,1.650000000000000000e+03,1.500000000000000000e+03,-1.702564163497646277e+00,6.106120218831839752e-01,1.464138759723574212e+00
7.096000000000000085e+00,1.650000000000000000e+03,1.500000000000000000e+03,-1.702564163497646277e+00,6.106120218831839752e-01,1.464138759723574212e+00
7.113000000000000433e+00,1.650000000000000000e+03,1.500000000000000000e+03,-1.706561034142052069e+00,6.107929842324281156e-01,1.465459688952153616e+00
7.129999999999999893e+00,1.650000000000000000e+03,1.500000000000000000e+03,-1.710115752620846141e+00,6.109540599381667603e-01,1.466781518274704155e+00
7.147000000000000242e+00,1.650000000000000000e+03,1.500000000000000000e+03,-1.714483851185944152e+00,6.130645082155464776e-01,1.457790150008285490e+00
7.163999999999999702e+00,1.650000000000000000e+03,1.500000000000000000e+03,-1.718960769656753484e+00,6.126303859809795194e-01,1.468626090487904934e+00
7.181000000000000050e+00,1.650000000000000000e+03,1.500000000000000000e+03,-1.722475445769073410e+00,6.140669327828550683e-01,1.471513554837578175e+00
7.198000000000000398e+00,1.650000000000000000e+03,1.500000000000000000e+03,-1.726487726455208760e+00,6.142500983849373819e-01,1.472839410196020271e+00
7.214999999999999858e+00,1.650000000000000000e+03,1.500000000000000000e+03,-1.730480154351434541e+00,6.150716085014048540e-01,1.462108208636585305e+00
7.232999999999999652e+00,1.650000000000000000e+03,1.500000000000000000e+03,-1.734923499551095150e+00,6.159146123565754083e-01,1.465165910119127890e+00
7.250000000000000000e+00,1.650000000000000000e+03,1.500000000000000000e+03,-1.738944951294009833e+00,6.160990439393742024e-01,1.456070429010587697e+00
7.267000000000000348e+00,1.650000000000000000e+03,1.500000000000000000e+03,-1.743844222558516455e+00,6.169642611794664555e-01,1.468478344039235717e+00
7.283999999999999808e+00,1.650000000000000000e+03,1.500000000000000000e+03,-1.743844222558516455e+00,6.169642611794664555e-01,1.468478344039235717e+00
7.301000000000000156e+00,1.650000000000000000e+03,1.500000000000000000e+03,-1.747424205495335281e+00,6.171289070037396796e-01,1.469804899618828431e+00
7.317999999999999616e+00,1.650000000000000000e+03,1.500000000000000000e+03,-1.747424205495335281e+00,6.171289070037396796e-01,1.469804899618828431e+00
7.334999999999999964e+00,1.650000000000000000e+03,1.500000000000000000e+03,-1.751867580665608104e+00,6.186157178981815941e-01,1.458908035055861419e+00
7.352000000000000313e+00,1.650000000000000000e+03,1.500000000000000000e+03,-1.772924873039231297e+00,6.215180211851641934e-01,1.457671544292078458e+00
7.368999999999999773e+00,1.650000000000000000e+03,1.500000000000000000e+03,-1.776963168017996475e+00,6.223494509098800309e-01,1.446452678161407990e+00
7.386000000000000121e+00,1.650000000000000000e+03,1.500000000000000000e+03,-1.781466361822283018e+00,6.225592063826074218e-01,1.459030337153742751e+00
7.403999999999999915e+00,1.650000000000000000e+03,1.500000000000000000e+03,-1.785512658805406661e+00,6.233922111799411470e-01,1.462441112432234958e+00
7.421000000000000263e+00,1.650000000000000000e+03,1.500000000000000000e+03,-1.789571362206235250e+00,6.235817616957816112e-01,1.453332981728012951e+00
7.437000000000000277e+00,1.650000000000000000e+03,1.500000000000000000e+03,-1.789571362206235250e+00,6.235817616957816112e-01,1.453332981728012951e+00
7.455000000000000071e+00,1.650000000000000000e+03,1.500000000000000000e+03,-1.794083806034364681e+00,6.237926835982120499e-01,1.454657448850952495e+00
7.471000000000000085e+00,1.650000000000000000e+03,1.500000000000000000e+03,-1.798587309429727998e+00,6.252942264500441771e-01,1.456645961338494555e+00
7.488999999999999879e+00,1.650000000000000000e+03,1.500000000000000000e+03,-1.807627399791152945e+00,6.263648401616664918e-01,1.446577223077158969e+00
7.506000000000000227e+00,1.650000000000000000e+03,1.500000000000000000e+03,-1.811246204008207128e+00,6.271818459362471510e-01,1.450329983407711465e+00
7.522999999999999687e+00,1.650000000000000000e+03,1.500000000000000000e+03,-1.815778836351801484e+00,6.267484564951880666e-01,1.460502648066776432e+00
7.540000000000000036e+00,1.650000000000000000e+03,1.500000000000000000e+03,-1.815778836351801484e+00,6.267484564951880666e-01,1.460502648066776432e+00
7.557000000000000384e+00,1.650000000000000000e+03,1.500000000000000000e+03,-1.820310116947040813e+00,6.282566471991527512e-01,1.453644830035685898e+00
7.575000000000000178e+00,1.650000000000000000e+03,1.500000000000000000e+03,-1.820310116947040813e+00,6.282566471991527512e-01,1.453644830035685898e+00
7.591999999999999638e+00,1.650000000000000000e+03,1.500000000000000000e+03,-1.829390147156707114e+00,6.293340922298810147e-01,1.452172675005399372e+00
7.608999999999999986e+00,1.650000000000000000e+03,1.500000000000000000e+03,-1.829390147156707114e+00,6.293340922298810147e-01,1.452172675005399372e+00
7.626000000000000334e+00,1.650000000000000000e+03,1.500000000000000000e+03,-1.833937513112006368e+00,6.301982761373184916e-01,1.445397958759932155e+00
7.642999999999999794e+00,1.650000000000000000e+03,1.500000000000000000e+03,-1.837579803963480529e+00,6.310203558645383071e-01,1.446723205916580879e+00
7.660000000000000142e+00,1.650000000000000000e+03,1.500000000000000000e+03,-1.842136651629978861e+00,6.318867341630135526e-01,1.450655900883149663e+00
7.676999999999999602e+00,1.650000000000000000e+03,1.500000000000000000e+03,-1.846692961308352698e+00,6.321037456384269726e-01,1.447514838779201396e+00
7.693999999999999950e+00,1.650000000000000000e+03,1.500000000000000000e+03,-1.855381461697861223e+00,6.344709613998550379e-01,1.442246134209391961e+00
7.711999999999999744e+00,1.650000000000000000e+03,1.500000000000000000e+03,-1.855381461697861223e+00,6.344709613998550379e-01,1.442246134209391961e+00
7.729000000000000092e+00,1.650000000000000000e+03,1.500000000000000000e+03,-1.864073443060032309e+00,6.355392950809261032e-01,1.442869250879416088e+00
7.746000000000000441e+00,1.650000000000000000e+03,1.500000000000000000e+03,-1.868201645837468838e+00,6.363899426269704618e-01,1.447063317336823918e+00
7.762999999999999901e+00,1.650000000000000000e+03,1.500000000000000000e+03,-1.868201645837468838e+00,6.363899426269704618e-01,1.447063317336823918e+00
7.780000000000000249e+00,1.650000000000000000e+03,1.500000000000000000e+03,-1.872816483745591176e+00,6.385718229841498284e-01,1.434923773372619005e+00
7.796999999999999709e+00,1.650000000000000000e+03,1.500000000000000000e+03,-1.876942829511734967e+00,6.387709596083371855e-01,1.436247963139958062e+00
7.814000000000000057e+00,1.650000000000000000e+03,1.500000000000000000e+03,-1.885677080389297489e+00,6.398475053984088445e-01,1.453226539786310445e+00
7.831000000000000405e+00,1.650000000000000000e+03,1.500000000000000000e+03,-1.885677080389297489e+00,6.398475053984088445e-01,1.453226539786310445e+00
7.849000000000000199e+00,1.650000000000000000e+03,1.500000000000000000e+03,-1.885677080389297489e+00,6.398475053984088445e-01,1.453226539786310445e+00
7.865999999999999659e+00,1.650000000000000000e+03,1.500000000000000000e+03,-1.903729691161057946e+00,6.446614328031089469e-01,1.435137608994430103e+00
7.884000000000000341e+00,1.650000000000000000e+03,1.500000000000000000e+03,-1.903729691161057946e+00,6.446614328031089469e-01,1.435137608994430103e+00
7.902000000000000135e+00,1.650000000000000000e+03,1.500000000000000000e+03,-1.907881003578691059e+00,6.448642055045096244e-01,1.436465153760589475e+00
7.918999999999999595e+00,1.650000000000000000e+03,1.500000000000000000e+03,-1.912936183246969790e+00,6.444536669022843389e-01,1.435132825480236685e+00
7.935999999999999943e+00,1.650000000000000000e+03,1.500000000000000000e+03,-1.917114760213349145e+00,6.453157746814205398e-01,1.439788619128490099e+00
7.953000000000000291e+00,1.650000000000000000e+03,1.500000000000000000e+03,-1.925973201669574753e+00,6.477263535581584408e-01,1.431867564416546168e+00
7.969999999999999751e+00,1.650000000000000000e+03,1.500000000000000000e+03,-1.925973201669574753e+00,6.477263535581584408e-01,1.431867564416546168e+00
7.987000000000000099e+00,1.650000000000000000e+03,1.500000000000000000e+03,-1.930629889904628804e+00,6.486150875868833543e-01,1.430351618506204403e+00
8.003999999999999559e+00,1.650000000000000000e+03,1.500000000000000000e+03,-1.930629889904628804e+00,6.486150875868833543e-01,1.430351618506204403e+00
8.021000000000000796e+00,1.650000000000000000e+03,1.500000000000000000e+03,-1.934828152488283104e+00,6.494821354857106543e-01,1.431888614250517833e+00
8.038000000000000256e+00,1.650000000000000000e+03,1.500000000000000000e+03,-1.939959096852137188e+00,6.503961126670013693e-01,1.425956568803164126e+00
8.054999999999999716e+00,1.650000000000000000e+03,1.500000000000000000e+03,-1.949309452891053729e+00,6.521818908065496467e-01,1.429275287231422720e+00
8.071999999999999176e+00,1.650000000000000000e+03,1.500000000000000000e+03,-1.953030040582714122e+00,6.523664181076637147e-01,1.430604669486030600e+00
8.089999999999999858e+00,1.650000000000000000e+03,1.500000000000000000e+03,-1.953030040582714122e+00,6.523664181076637147e-01,1.430604669486030600e+00
8.106999999999999318e+00,1.650000000000000000e+03,1.500000000000000000e+03,-1.958182096704934816e+00,6.532847146714001463e-01,1.429124337932406119e+00
8.124000000000000554e+00,1.650000000000000000e+03,1.500000000000000000e+03,-1.958182096704934816e+00,6.532847146714001463e-01,1.429124337932406119e+00
8.141000000000000014e+00,1.650000000000000000e+03,1.500000000000000000e+03,-1.967069922029385021e+00,6.543900854929091127e-01,1.424703710830538261e+00
8.157999999999999474e+00,1.650000000000000000e+03,1.500000000000000000e+03,-1.972164638395456304e+00,6.539805075561156977e-01,1.433785117331972669e+00
8.175000000000000711e+00,1.650000000000000000e+03,1.500000000000000000e+03,-1.976477659218066618e+00,6.561875763475267798e-01,1.428028068854033661e+00
8.192000000000000171e+00,1.650000000000000000e+03,1.500000000000000000e+03,-1.980721972791815944e+00,6.570647077082049092e-01,1.425709182580632950e+00
8.208999999999999631e+00,1.650000000000000000e+03,1.500000000000000000e+03,-1.980721972791815944e+00,6.570647077082049092e-01,1.425709182580632950e+00
8.226000000000000867e+00,1.650000000000000000e+03,1.500000000000000000e+03,-1.990588034281855156e+00,6.582247791317289431e-01,1.422138719610638979e+00
8.243000000000000327e+00,1.650000000000000000e+03,1.500000000000000000e+03,-1.995272340357051144e+00,6.584600319588610473e-01,1.423468793529846232e+00
8.259999999999999787e+00,1.650000000000000000e+03,1.500000000000000000e+03,-1.995272340357051144e+00,6.584600319588610473e-01,1.423468793529846232e+00
8.278000000000000469e+00,1.650000000000000000e+03,1.500000000000000000e+03,-2.000472229838410776e+00,6.593877966337974295e-01,1.425465957883602641e+00
8.294999999999999929e+00,1.650000000000000000e+03,1.500000000000000000e+03,-2.000472229838410776e+00,6.593877966337974295e-01,1.425465957883602641e+00
8.313000000000000611e+00,1.650000000000000000e+03,1.500000000000000000e+03,-2.004739454893959216e+00,6.602695584757164449e-01,1.426798762503198814e+00
8.330000000000000071e+00,1.650000000000000000e+03,1.500000000000000000e+03,-2.009950905443697255e+00,6.611998592843623124e-01,1.424971440328070660e+00
8.346000000000000085e+00,1.650000000000000000e+03,1.500000000000000000e+03,-2.009950905443697255e+00,6.611998592843623124e-01,1.424971440328070660e+00
8.364000000000000767e+00,1.650000000000000000e+03,1.500000000000000000e+03,-2.042768727462395795e+00,6.668821444247260422e-01,1.418384189786699778e+00
8.381000000000000227e+00,1.650000000000000000e+03,1.500000000000000000e+03,-2.047913995648566132e+00,6.664737851297467541e-01,1.431187244590172325e+00
8.397999999999999687e+00,1.650000000000000000e+03,1.500000000000000000e+03,-2.053288332126949278e+00,6.687632742529231455e-01,1.406591810826855804e+00
8.414999999999999147e+00,1.650000000000000000e+03,1.500000000000000000e+03,-2.058499208319561902e+00,6.690303057830090383e-01,1.419544896888979224e+00
8.432000000000000384e+00,1.650000000000000000e+03,1.500000000000000000e+03,-2.062824834189033840e+00,6.699249062665034726e-01,1.414529621472532694e+00
8.449999999999999289e+00,1.650000000000000000e+03,1.500000000000000000e+03,-2.072440171446750412e+00,6.717663849163780787e-01,1.413515933507327516e+00
8.467000000000000526e+00,1.650000000000000000e+03,1.500000000000000000e+03,-2.072440171446750412e+00,6.717663849163780787e-01,1.413515933507327516e+00
8.483999999999999986e+00,1.650000000000000000e+03,1.500000000000000000e+03,-2.077319209847354298e+00,6.733669536026841707e-01,1.408690209833075802e+00
8.500999999999999446e+00,1.650000000000000000e+03,1.500000000000000000e+03,-2.077319209847354298e+00,6.733669536026841707e-01,1.408690209833075802e+00
8.518000000000000682e+00,1.650000000000000000e+03,1.500000000000000000e+03,-2.082488842097996340e+00,6.729591236589310688e-01,1.416852055447921366e+00
8.535000000000000142e+00,1.650000000000000000e+03,1.500000000000000000e+03,-2.086969823392522905e+00,6.752170711115826895e-01,1.407502906710892843e+00
8.553000000000000824e+00,1.650000000000000000e+03,1.500000000000000000e+03,-2.086969823392522905e+00,6.752170711115826895e-01,1.407502906710892843e+00
8.570000000000000284e+00,1.650000000000000000e+03,1.500000000000000000e+03,-2.097051517674081378e+00,6.764165101093925214e-01,1.410834062828318913e+00
8.586999999999999744e+00,1.650000000000000000e+03,1.500000000000000000e+03,-2.101556356126919933e+00,6.786829619328557106e-01,1.401505947467596824e+00
8.605000000000000426e+00,1.650000000000000000e+03,1.500000000000000000e+03,-2.106815226912865491e+00,6.789571710321827824e-01,1.414457291482052348e+00
8.621999999999999886e+00,1.650000000000000000e+03,1.500000000000000000e+03,-2.116679406262991225e+00,6.821892782091113494e-01,1.395525144603492418e+00
8.640000000000000568e+00,1.650000000000000000e+03,1.500000000000000000e+03,-2.121474411108823066e+00,6.824407576671845943e-01,1.408460296105212839e+00
8.657000000000000028e+00,1.650000000000000000e+03,1.500000000000000000e+03,-2.121474411108823066e+00,6.824407576671845943e-01,1.408460296105212839e+00
8.675000000000000711e+00,1.650000000000000000e+03,1.500000000000000000e+03,-2.125868235386142224e+00,6.833518936599008997e-01,1.409795565121892968e+00
8.692000000000000171e+00,1.650000000000000000e+03,1.500000000000000000e+03,-2.131227758021975838e+00,6.843147475177621120e-01,1.406948977851074867e+00
8.710000000000000853e+00,1.650000000000000000e+03,1.500000000000000000e+03,-2.136672254722118414e+00,6.859651437188892809e-01,1.402478735280468403e+00
8.727000000000000313e+00,1.650000000000000000e+03,1.500000000000000000e+03,-2.140601564574725391e+00,6.868550912298544420e-01,1.398790861925093720e+00
8.744999999999999218e+00,1.650000000000000000e+03,1.500000000000000000e+03,-2.150883589800339113e+00,6.887659218944673922e-01,1.407456283629799243e+00
8.762000000000000455e+00,1.650000000000000000e+03,1.500000000000000000e+03,-2.155708786546742584e+00,6.890218992201048165e-01,1.398927620192584431e+00
8.778999999999999915e+00,1.650000000000000000e+03,1.500000000000000000e+03,-2.161189828686598258e+00,6.906821206552867798e-01,1.394643002481389615e+00
8.795999999999999375e+00,1.650000000000000000e+03,1.500000000000000000e+03,-2.165712616734349005e+00,6.922938108912765065e-01,1.401492428292160808e+00
8.814000000000000057e+00,1.650000000000000000e+03,1.500000000000000000e+03,-2.165712616734349005e+00,6.922938108912765065e-01,1.401492428292160808e+00
8.830999999999999517e+00,1.650000000000000000e+03,2.000000000000000000e+03,-2.170639486166276555e+00,6.932428932879789452e-01,1.386524248024192385e+00
8.848000000000000753e+00,1.650000000000000000e+03,2.000000000000000000e+03,-2.190403628067028929e+00,6.970521403496298118e-01,1.393498406554642077e+00
8.865000000000000213e+00,1.650000000000000000e+03,2.000000000000000000e+03,-2.190403628067028929e+00,6.970521403496298118e-01,1.393498406554642077e+00
8.881999999999999673e+00,1.650000000000000000e+03,2.000000000000000000e+03,-2.196237663831213549e+00,6.973659984921690702e-01,1.395496393131447466e+00
8.898999999999999133e+00,1.650000000000000000e+03,2.000000000000000000e+03,-2.201389117665929707e+00,6.997121897451762385e-01,1.379985523010812898e+00
8.916000000000000369e+00,1.650000000000000000e+03,2.000000000000000000e+03,-2.201389117665929707e+00,6.997121897451762385e-01,1.379985523010812898e+00
8.932999999999999829e+00,1.650000000000000000e+03,2.000000000000000000e+03,-2.211332620217346889e+00,7.016313856833705787e-01,1.383646215886864539e+00
8.949999999999999289e+00,1.650000000000000000e+03,2.000000000000000000e+03,-2.217190140431620549e+00,7.019488926714355648e-01,1.385636854689921815e+00
8.967999999999999972e+00,1.650000000000000000e+03,2.000000000000000000e+03,-2.222276837743244027e+00,7.036089929084271555e-01,1.375684465926819922e+00
8.984999999999999432e+00,1.650000000000000000e+03,2.000000000000000000e+03,-2.227269636957215582e+00,7.045733392436498432e-01,1.372196578200410411e+00
9.003000000000000114e+00,1.650000000000000000e+03,2.000000000000000000e+03,-2.232758022870344750e+00,7.055657285122142186e-01,1.379352085536768469e+00
9.019999999999999574e+00,1.650000000000000000e+03,2.000000000000000000e+03,-2.243264241206624376e+00,7.075280614943294522e-01,1.371390875874211490e+00
9.038000000000000256e+00,1.650000000000000000e+03,2.000000000000000000e+03,-2.243264241206624376e+00,7.075280614943294522e-01,1.371390875874211490e+00
9.054999999999999716e+00,1.650000000000000000e+03,2.000000000000000000e+03,-2.248389126351386214e+00,7.091992449901828310e-01,1.385020656592979238e+00
9.071999999999999176e+00,1.650000000000000000e+03,2.000000000000000000e+03,-2.253686245750611938e+00,7.087943292381940763e-01,1.381162172911088781e+00
9.089999999999999858e+00,1.650000000000000000e+03,2.000000000000000000e+03,-2.259206005045339971e+00,7.097932879995650923e-01,1.377049930719614235e+00
9.108000000000000540e+00,1.650000000000000000e+03,2.000000000000000000e+03,-2.263591107687331849e+00,7.128223880574161564e-01,1.366826306900560173e+00
9.125000000000000000e+00,1.650000000000000000e+03,2.000000000000000000e+03,-2.275427866445707270e+00,7.134762657307146538e-01,1.370782922960654737e+00
9.143000000000000682e+00,1.650000000000000000e+03,2.000000000000000000e+03,-2.279871500383104710e+00,7.137220766258384197e-01,1.360849112660003080e+00
9.160000000000000142e+00,1.650000000000000000e+03,2.000000000000000000e+03,-2.285165161666813383e+00,7.161126440894599599e-01,1.362555719756578076e+00
9.178000000000000824e+00,1.650000000000000000e+03,2.000000000000000000e+03,-2.290607779199517413e+00,7.164149677364900493e-01,1.364529146499525281e+00
9.195999999999999730e+00,1.650000000000000000e+03,2.000000000000000000e+03,-2.290607779199517413e+00,7.164149677364900493e-01,1.364529146499525281e+00
9.212999999999999190e+00,1.650000000000000000e+03,2.000000000000000000e+03,-2.296175101267087459e+00,7.174248594241606769e-01,1.354608284571902299e+00
9.230000000000000426e+00,1.650000000000000000e+03,2.000000000000000000e+03,-2.301497778331896171e+00,7.198251650157699855e-01,1.345121943836491862e+00
9.247999999999999332e+00,1.650000000000000000e+03,2.000000000000000000e+03,-2.305591620235952099e+00,7.207560741167114982e-01,1.339421947241746125e+00
9.263999999999999346e+00,1.650000000000000000e+03,2.000000000000000000e+03,-2.311552975422052292e+00,7.210897207942806864e-01,1.341369681182488449e+00
9.281000000000000583e+00,1.650000000000000000e+03,2.000000000000000000e+03,-2.316650721596781537e+00,7.220783144612922255e-01,1.327135207916354531e+00
9.298000000000000043e+00,1.650000000000000000e+03,2.000000000000000000e+03,-2.316650721596781537e+00,7.220783144612922255e-01,1.327135207916354531e+00
9.316000000000000725e+00,1.650000000000000000e+03,2.000000000000000000e+03,-2.327251913921402515e+00,7.261961704754417157e-01,1.323450396940968776e+00
9.333999999999999631e+00,1.650000000000000000e+03,2.000000000000000000e+03,-2.332241404484265423e+00,7.264777943818770956e-01,1.313464095470474380e+00
9.351000000000000867e+00,1.650000000000000000e+03,2.000000000000000000e+03,-2.347634343079737729e+00,7.294687502456002060e-01,1.307135704671880116e+00
9.368000000000000327e+00,1.650000000000000000e+03,2.000000000000000000e+03,-2.352276629807674713e+00,7.304401084606778616e-01,1.300485544350879152e+00
9.384999999999999787e+00,1.650000000000000000e+03,2.000000000000000000e+03,-2.352276629807674713e+00,7.304401084606778616e-01,1.300485544350879152e+00
9.401999999999999247e+00,1.650000000000000000e+03,2.000000000000000000e+03,-2.357927103066710828e+00,7.314698675474046174e-01,1.298924321839276974e+00
9.419000000000000483e+00,1.650000000000000000e+03,2.000000000000000000e+03,-2.368606627231409689e+00,7.327878696223749655e-01,1.282650444544475965e+00
9.435999999999999943e+00,1.650000000000000000e+03,2.000000000000000000e+03,-2.368606627231409689e+00,7.327878696223749655e-01,1.282650444544475965e+00
9.454000000000000625e+00,1.650000000000000000e+03,2.000000000000000000e+03,-2.373554720678362262e+00,7.352009902617006043e-01,1.272475643733542716e+00
9.471000000000000085e+00,1.650000000000000000e+03,2.000000000000000000e+03,-2.379090688990901370e+00,7.355183151148046994e-01,1.274332691262565209e+00
9.487999999999999545e+00,1.650000000000000000e+03,2.000000000000000000e+03,-2.384920851982791135e+00,7.372759410994959017e-01,1.273378569893678591e+00
9.506000000000000227e+00,1.650000000000000000e+03,2.000000000000000000e+03,-2.389605674311831685e+00,7.382577305568721604e-01,1.266050673874500765e+00
9.522999999999999687e+00,1.650000000000000000e+03,2.000000000000000000e+03,-2.389605674311831685e+00,7.382577305568721604e-01,1.266050673874500765e+00
9.539999999999999147e+00,1.650000000000000000e+03,2.000000000000000000e+03,-2.400358817515931165e+00,7.395908158487426443e-01,1.248912938133762918e+00
9.557000000000000384e+00,1.650000000000000000e+03,2.000000000000000000e+03,-2.400358817515931165e+00,7.395908158487426443e-01,1.248912938133762918e+00
9.574999999999999289e+00,1.650000000000000000e+03,2.000000000000000000e+03,-2.405565866666042218e+00,7.406054269396248335e-01,1.236779573094110019e+00
9.592000000000000526e+00,1.650000000000000000e+03,2.000000000000000000e+03,-2.405565866666042218e+00,7.406054269396248335e-01,1.236779573094110019e+00
9.608999999999999986e+00,1.650000000000000000e+03,2.000000000000000000e+03,-2.421225505689581059e+00,7.436582491328992406e-01,1.232195397962099204e+00
9.627000000000000668e+00,1.650000000000000000e+03,2.000000000000000000e+03,-2.421225505689581059e+00,7.436582491328992406e-01,1.232195397962099204e+00
9.644000000000000128e+00,1.650000000000000000e+03,2.000000000000000000e+03,-2.426301826758232583e+00,7.439536521928732382e-01,1.222179630190197042e+00
9.660999999999999588e+00,1.650000000000000000e+03,2.000000000000000000e+03,-2.432047989694312573e+00,7.450047466661920970e-01,1.212211103189674288e+00
9.678000000000000824e+00,1.650000000000000000e+03,2.000000000000000000e+03,-2.432047989694312573e+00,7.450047466661920970e-01,1.212211103189674288e+00
9.695000000000000284e+00,1.650000000000000000e+03,2.000000000000000000e+03,-2.442034874153655721e+00,7.470225657392316476e-01,1.203995813025485528e+00
9.712999999999999190e+00,1.650000000000000000e+03,2.000000000000000000e+03,-2.442034874153655721e+00,7.470225657392316476e-01,1.203995813025485528e+00
9.730000000000000426e+00,1.650000000000000000e+03,2.000000000000000000e+03,-2.447639811042812585e+00,7.473508219527346119e-01,1.216848453057055801e+00
9.746999999999999886e+00,1.650000000000000000e+03,2.000000000000000000e+03,-2.457661835583534682e+00,7.493762592830423008e-01,1.185989070063554918e+00
9.763999999999999346e+00,1.650000000000000000e+03,2.000000000000000000e+03,-2.457661835583534682e+00,7.493762592830423008e-01,1.185989070063554918e+00
9.782000000000000028e+00,1.650000000000000000e+03,2.000000000000000000e+03,-2.463282215529666530e+00,7.497069443557825563e-01,1.198690020138166945e+00
9.798999999999999488e+00,1.650000000000000000e+03,2.000000000000000000e+03,-2.468220153630307223e+00,7.514377926295480181e-01,1.177898856959808116e+00
9.814999999999999503e+00,1.650000000000000000e+03,2.000000000000000000e+03,-2.472827660176643683e+00,7.517098485298524535e-01,1.179022175682824969e+00
9.832000000000000739e+00,1.650000000000000000e+03,2.000000000000000000e+03,-2.472827660176643683e+00,7.517098485298524535e-01,1.179022175682824969e+00
9.849000000000000199e+00,1.650000000000000000e+03,2.000000000000000000e+03,-2.504355840988867321e+00,7.586414353958889079e-01,1.143516500636345690e+00
9.865999999999999659e+00,1.650000000000000000e+03,2.000000000000000000e+03,-2.504355840988867321e+00,7.586414353958889079e-01,1.143516500636345690e+00
9.882999999999999119e+00,1.650000000000000000e+03,2.000000000000000000e+03,-2.509355453784187784e+00,7.603908210561675096e-01,1.123146006626708493e+00
9.900000000000000355e+00,1.650000000000000000e+03,2.000000000000000000e+03,-2.519715449179103839e+00,7.631921412116472458e-01,1.115196414559645799e+00
9.916999999999999815e+00,1.650000000000000000e+03,2.000000000000000000e+03,-2.519715449179103839e+00,7.631921412116472458e-01,1.115196414559645799e+00
9.935000000000000497e+00,1.650000000000000000e+03,2.000000000000000000e+03,-2.525074095431206533e+00,7.642424977713516698e-01,1.094078685465444511e+00
9.951999999999999957e+00,1.650000000000000000e+03,2.000000000000000000e+03,-2.525074095431206533e+00,7.642424977713516698e-01,1.094078685465444511e+00
9.968999999999999417e+00,1.650000000000000000e+03,2.000000000000000000e+03,-2.529921455800309804e+00,7.652631929247307729e-01,1.107289529490550928e+00
9.986000000000000654e+00,1.650000000000000000e+03,2.000000000000000000e+03,-2.534961948477262528e+00,7.670258339606327302e-01,1.096696420701073649e+00
1.000300000000000011e+01,1.650000000000000000e+03,2.000000000000000000e+03,-2.540342211963444896e+00,7.680817481593554819e-01,1.085761384241060945e+00
1.001999999999999957e+01,1.650000000000000000e+03,2.000000000000000000e+03,-2.544879582656854211e+00,7.698183565297279651e-01,1.076181346503546798e+00
1.003800000000000026e+01,1.650000000000000000e+03,2.000000000000000000e+03,-2.544879582656854211e+00,7.698183565297279651e-01,1.076181346503546798e+00
1.005499999999999972e+01,1.650000000000000000e+03,2.000000000000000000e+03,-2.555020309442198823e+00,7.733646096680185655e-01,1.068128704838072984e+00
1.007099999999999973e+01,1.650000000000000000e+03,2.000000000000000000e+03,-2.555020309442198823e+00,7.733646096680185655e-01,1.068128704838072984e+00
1.008799999999999919e+01,1.650000000000000000e+03,2.000000000000000000e+03,-2.560431704173960821e+00,7.744291808071149807e-01,1.056613428141240041e+00
1.010599999999999987e+01,1.650000000000000000e+03,2.000000000000000000e+03,-2.565197319146065080e+00,7.769242548124980496e-01,1.047099104056959051e+00
1.012299999999999933e+01,1.650000000000000000e+03,2.000000000000000000e+03,-2.570427623966970554e+00,7.772461664962028172e-01,1.037502166541291793e+00
1.015799999999999947e+01,1.650000000000000000e+03,2.000000000000000000e+03,-2.580330904398662195e+00,7.815390673800671761e-01,1.026956163521569820e+00
1.017500000000000071e+01,1.650000000000000000e+03,2.000000000000000000e+03,-2.580330904398662195e+00,7.815390673800671761e-01,1.026956163521569820e+00
1.019200000000000017e+01,1.650000000000000000e+03,2.000000000000000000e+03,-2.580330904398662195e+00,7.815390673800671761e-01,1.026956163521569820e+00
1.020899999999999963e+01,1.650000000000000000e+03,2.000000000000000000e+03,-2.580330904398662195e+00,7.815390673800671761e-01,1.026956163521569820e+00
1.022600000000000087e+01,1.650000000000000000e+03,2.000000000000000000e+03,-2.580330904398662195e+00,7.815390673800671761e-01,1.026956163521569820e+00
1.024300000000000033e+01,1.650000000000000000e+03,2.000000000000000000e+03,-2.595333727365821463e+00,7.854257340082620997e-01,9.953534779316058900e-01
1.026299999999999990e+01,1.650000000000000000e+03,2.000000000000000000e+03,-2.595333727365821463e+00,7.854257340082620997e-01,9.953534779316058900e-01
1.027999999999999936e+01,1.650000000000000000e+03,2.000000000000000000e+03,-2.599959917105359342e+00,7.871948512720926550e-01,9.995805815469215316e-01
1.029700000000000060e+01,1.650000000000000000e+03,2.000000000000000000e+03,-2.609765085268624940e+00,7.907759764783967027e-01,9.776264853781543307e-01
1.031400000000000006e+01,1.650000000000000000e+03,2.000000000000000000e+03,-2.614945512118396209e+00,7.925882794781161644e-01,9.542507965659087210e-01
1.033099999999999952e+01,1.650000000000000000e+03,2.000000000000000000e+03,-2.618545873639202437e+00,7.943036356470224435e-01,9.692863715893045296e-01
1.034800000000000075e+01,1.650000000000000000e+03,2.000000000000000000e+03,-2.618545873639202437e+00,7.943036356470224435e-01,9.692863715893045296e-01
1.036500000000000021e+01,1.650000000000000000e+03,2.000000000000000000e+03,-2.657721318601068639e+00,8.087830468150510876e-01,9.031206809897073251e-01
1.038199999999999967e+01,1.650000000000000000e+03,2.000000000000000000e+03,-2.664066228565564298e+00,8.106997645287229437e-01,8.786780992498035570e-01
1.039899999999999913e+01,1.650000000000000000e+03,2.000000000000000000e+03,-2.664066228565564298e+00,8.106997645287229437e-01,8.786780992498035570e-01
1.041600000000000037e+01,1.650000000000000000e+03,2.000000000000000000e+03,-2.668813225130874045e+00,8.125161000316131199e-01,8.698622516921595826e-01
1.043299999999999983e+01,1.650000000000000000e+03,2.000000000000000000e+03,-2.672722518260352231e+00,8.150365403901788097e-01,8.860526195547894224e-01
1.045100000000000051e+01,1.650000000000000000e+03,2.000000000000000000e+03,-2.677794808684677896e+00,8.161239117999185000e-01,8.714057418937002364e-01
1.046799999999999997e+01,1.650000000000000000e+03,2.000000000000000000e+03,-2.682260043402331373e+00,8.186881780385623086e-01,8.626756718552054393e-01
1.048499999999999943e+01,1.650000000000000000e+03,2.000000000000000000e+03,-2.687348259862312183e+00,8.197804757749677096e-01,8.476425712870111484e-01
1.050200000000000067e+01,1.650000000000000000e+03,2.000000000000000000e+03,-2.697173609014968498e+00,8.242276092827723888e-01,8.235997433913522237e-01
1.051999999999999957e+01,1.650000000000000000e+03,2.000000000000000000e+03,-2.697173609014968498e+00,8.242276092827723888e-01,8.235997433913522237e-01
1.053700000000000081e+01,1.650000000000000000e+03,2.000000000000000000e+03,-2.706737605226996912e+00,8.294375948910958085e-01,8.225853541827679027e-01
1.055400000000000027e+01,1.650000000000000000e+03,2.000000000000000000e+03,-2.706737605226996912e+00,8.294375948910958085e-01,8.225853541827679027e-01
1.057099999999999973e+01,1.650000000000000000e+03,2.000000000000000000e+03,-2.711325741633534125e+00,8.305077622470941057e-01,8.164373050144516641e-01
1.058900000000000041e+01,1.650000000000000000e+03,2.000000000000000000e+03,-2.711325741633534125e+00,8.305077622470941057e-01,8.164373050144516641e-01
1.060699999999999932e+01,1.650000000000000000e+03,2.000000000000000000e+03,-2.715861018197095689e+00,8.331068793434125430e-01,8.079941113133440878e-01
1.062400000000000055e+01,1.650000000000000000e+03,2.000000000000000000e+03,-2.725563930310165972e+00,8.368267905151706154e-01,8.001313612157245903e-01
1.064100000000000001e+01,1.650000000000000000e+03,2.000000000000000000e+03,-2.730728462510624510e+00,8.379434783585258950e-01,7.842959209496165318e-01
1.065900000000000070e+01,1.650000000000000000e+03,2.000000000000000000e+03,-2.730728462510624510e+00,8.379434783585258950e-01,7.842959209496165318e-01
1.067600000000000016e+01,1.650000000000000000e+03,2.000000000000000000e+03,-2.734755999088710254e+00,8.405242088023469060e-01,7.851165682636090937e-01
1.069299999999999962e+01,1.650000000000000000e+03,2.000000000000000000e+03,-2.734755999088710254e+00,8.405242088023469060e-01,7.851165682636090937e-01
1.071000000000000085e+01,1.650000000000000000e+03,2.000000000000000000e+03,-2.740187331556192429e+00,8.424340878762895946e-01,7.689180846717028617e-01
1.072799999999999976e+01,1.650000000000000000e+03,2.000000000000000000e+03,-2.748586641335347913e+00,8.468688536767189357e-01,7.781063960385248279e-01
1.074499999999999922e+01,1.650000000000000000e+03,2.000000000000000000e+03,-2.753497774330169179e+00,8.487535430540363857e-01,7.527765966325807856e-01
1.076200000000000045e+01,1.650000000000000000e+03,2.000000000000000000e+03,-2.753497774330169179e+00,8.487535430540363857e-01,7.527765966325807856e-01
1.077999999999999936e+01,1.650000000000000000e+03,2.000000000000000000e+03,-2.757571857818904348e+00,8.513597265662783409e-01,7.535492706108789518e-01
1.079700000000000060e+01,1.650000000000000000e+03,2.000000000000000000e+03,-2.762796250904703044e+00,8.524961479000644493e-01,7.370198164443235722e-01
1.081400000000000006e+01,1.650000000000000000e+03,2.000000000000000000e+03,-2.767441759140789159e+00,8.551498089125014745e-01,7.290345743880535245e-01
1.083099999999999952e+01,1.650000000000000000e+03,2.000000000000000000e+03,-2.767441759140789159e+00,8.551498089125014745e-01,7.290345743880535245e-01
1.084800000000000075e+01,1.650000000000000000e+03,2.000000000000000000e+03,-2.772098405328866200e+00,8.578097932296323558e-01,7.208890131244732880e-01
1.086500000000000021e+01,1.650000000000000000e+03,2.000000000000000000e+03,-2.793916471939143609e+00,8.679452715015593123e-01,6.719632097805814386e-01
1.088199999999999967e+01,1.650000000000000000e+03,2.000000000000000000e+03,-2.798363513183564244e+00,8.698312109118738755e-01,6.727181200629210878e-01
1.090000000000000036e+01,1.650000000000000000e+03,2.000000000000000000e+03,-2.807829286577981698e+00,8.752308715793620797e-01,6.479350143456032995e-01
1.091799999999999926e+01,1.650000000000000000e+03,2.000000000000000000e+03,-2.807829286577981698e+00,8.752308715793620797e-01,6.479350143456032995e-01
1.093500000000000050e+01,1.650000000000000000e+03,2.000000000000000000e+03,-2.811468593657963755e+00,8.762802307817502134e-01,6.303688698059606299e-01
1.095199999999999996e+01,1.650000000000000000e+03,2.000000000000000000e+03,-2.815378208759537593e+00,8.797238214458867889e-01,6.309409752395003235e-01
1.096899999999999942e+01,1.650000000000000000e+03,2.000000000000000000e+03,-2.820710605395197135e+00,8.824849697963653705e-01,6.315872687948369535e-01
1.098600000000000065e+01,1.650000000000000000e+03,2.000000000000000000e+03,-2.828875522304914458e+00,8.870481842078398182e-01,6.142569550174097337e-01
1.100300000000000011e+01,1.650000000000000000e+03,2.000000000000000000e+03,-2.828875522304914458e+00,8.870481842078398182e-01,6.142569550174097337e-01
1.101999999999999957e+01,1.650000000000000000e+03,2.000000000000000000e+03,-2.833111945850069979e+00,8.897458201562445934e-01,6.070894960052489742e-01
1.103700000000000081e+01,1.650000000000000000e+03,2.000000000000000000e+03,-2.833111945850069979e+00,8.897458201562445934e-01,6.070894960052489742e-01
1.105599999999999916e+01,1.650000000000000000e+03,2.000000000000000000e+03,-2.841615136627167804e+00,8.951601050655612068e-01,5.895507192238113037e-01
1.107300000000000040e+01,1.650000000000000000e+03,2.000000000000000000e+03,-2.841615136627167804e+00,8.951601050655612068e-01,5.895507192238113037e-01
1.108999999999999986e+01,1.650000000000000000e+03,2.000000000000000000e+03,-2.845026825408299764e+00,8.970122812437221205e-01,5.567375600911990130e-01
1.110699999999999932e+01,1.650000000000000000e+03,2.000000000000000000e+03,-2.849870705797013848e+00,8.997754772090759134e-01,5.643989363891673827e-01
1.112400000000000055e+01,1.650000000000000000e+03,2.000000000000000000e+03,-2.854446563466022546e+00,9.033295295339612840e-01,5.648498686002311198e-01
1.114100000000000001e+01,1.650000000000000000e+03,2.000000000000000000e+03,-2.858744355083955746e+00,9.060655961611282505e-01,5.652998478050083042e-01
1.115900000000000070e+01,1.650000000000000000e+03,2.000000000000000000e+03,-2.858744355083955746e+00,9.060655961611282505e-01,5.652998478050083042e-01
1.117699999999999960e+01,1.650000000000000000e+03,2.000000000000000000e+03,-2.863052561092607196e+00,9.088081786797296280e-01,5.468721912309628674e-01
1.119400000000000084e+01,1.650000000000000000e+03,2.000000000000000000e+03,-2.870830119643377198e+00,9.134368391228723238e-01,5.148890945363738814e-01
1.121100000000000030e+01,1.650000000000000000e+03,2.000000000000000000e+03,-2.870830119643377198e+00,9.134368391228723238e-01,5.148890945363738814e-01
1.122799999999999976e+01,1.650000000000000000e+03,2.000000000000000000e+03,-2.879814516604230157e+00,9.198006596363342835e-01,5.224362246879538096e-01
1.124600000000000044e+01,1.650000000000000000e+03,2.000000000000000000e+03,-2.879814516604230157e+00,9.198006596363342835e-01,5.224362246879538096e-01
1.126299999999999990e+01,1.650000000000000000e+03,2.000000000000000000e+03,-2.882720078844675182e+00,9.216501914290750053e-01,4.970609422400427135e-01
1.127999999999999936e+01,1.650000000000000000e+03,2.000000000000000000e+03,-2.882720078844675182e+00,9.216501914290750053e-01,4.970609422400427135e-01
1.129700000000000060e+01,1.650000000000000000e+03,2.000000000000000000e+03,-2.890611686168037764e+00,9.279696596163856670e-01,4.977128987034933338e-01
1.131400000000000006e+01,1.650000000000000000e+03,2.000000000000000000e+03,-2.898819026335639926e+00,9.335209930962332647e-01,4.792481396208456701e-01
1.133200000000000074e+01,1.650000000000000000e+03,2.000000000000000000e+03,-2.898819026335639926e+00,9.335209930962332647e-01,4.792481396208456701e-01
1.134900000000000020e+01,1.650000000000000000e+03,2.000000000000000000e+03,-2.917735143828827038e+00,9.465465092640920064e-01,4.359268468609454605e-01
1.136599999999999966e+01,1.650000000000000000e+03,2.000000000000000000e+03,-2.917735143828827038e+00,9.465465092640920064e-01,4.359268468609454605e-01
1.138299999999999912e+01,1.650000000000000000e+03,2.000000000000000000e+03,-2.921922731928036754e+00,9.501955022855256283e-01,4.361357376043978329e-01
1.140000000000000036e+01,1.650000000000000000e+03,2.000000000000000000e+03,-2.924901578741219588e+00,9.520935756549399054e-01,4.113380856422974019e-01
1.141799999999999926e+01,1.650000000000000000e+03,2.000000000000000000e+03,-2.929109659904574503e+00,9.557589002879743889e-01,4.115037397015343101e-01
1.143500000000000050e+01,1.650000000000000000e+03,2.000000000000000000e+03,-2.932101565356869610e+00,9.576658977539885820e-01,4.116671337677239584e-01
1.145100000000000051e+01,1.650000000000000000e+03,2.000000000000000000e+03,-2.935419374112577806e+00,9.604380262500550325e-01,3.927550377177058127e-01
1.146899999999999942e+01,1.650000000000000000e+03,2.000000000000000000e+03,-2.939335419070705058e+00,9.632637005757141990e-01,3.928856433628588052e-01
1.148600000000000065e+01,1.650000000000000000e+03,2.000000000000000000e+03,-2.939335419070705058e+00,9.632637005757141990e-01,3.928856433628588052e-01
1.150300000000000011e+01,1.650000000000000000e+03,2.000000000000000000e+03,-2.947196068394697832e+00,9.689351178340089854e-01,3.738841890289834047e-01
1.151999999999999957e+01,1.650000000000000000e+03,2.000000000000000000e+03,-2.947196068394697832e+00,9.689351178340089854e-01,3.738841890289834047e-01
1.153700000000000081e+01,1.650000000000000000e+03,2.000000000000000000e+03,-2.950280474770799799e+00,9.725541866445771566e-01,3.687269473885573245e-01
1.155400000000000027e+01,1.650000000000000000e+03,2.000000000000000000e+03,-2.950280474770799799e+00,9.725541866445771566e-01,3.687269473885573245e-01
1.157199999999999918e+01,1.650000000000000000e+03,2.000000000000000000e+03,-2.954829102337752644e+00,9.754565384603673950e-01,3.688103579554714573e-01
1.158900000000000041e+01,1.650000000000000000e+03,2.000000000000000000e+03,-2.958198016331492486e+00,9.782687605194476665e-01,3.497788145726206110e-01
1.160599999999999987e+01,1.650000000000000000e+03,2.000000000000000000e+03,-2.962171378704859137e+00,9.811362973944345311e-01,3.550162906578826494e-01
1.162299999999999933e+01,1.650000000000000000e+03,2.000000000000000000e+03,-2.965556897426175453e+00,9.839614558325139315e-01,3.308791247940496283e-01
1.164100000000000001e+01,1.650000000000000000e+03,2.000000000000000000e+03,-2.965556897426175453e+00,9.839614558325139315e-01,3.308791247940496283e-01
1.165799999999999947e+01,1.650000000000000000e+03,2.000000000000000000e+03,-2.973887082537662430e+00,9.906116034003201731e-01,3.309098787589827562e-01
1.167500000000000071e+01,1.650000000000000000e+03,2.000000000000000000e+03,-2.973887082537662430e+00,9.906116034003201731e-01,3.309098787589827562e-01
1.169299999999999962e+01,1.650000000000000000e+03,2.000000000000000000e+03,-2.979779692448353501e+00,9.953765016253853792e-01,3.118906380661077282e-01
1.171000000000000085e+01,1.650000000000000000e+03,2.000000000000000000e+03,-2.979779692448353501e+00,9.953765016253853792e-01,3.118906380661077282e-01
1.172700000000000031e+01,1.650000000000000000e+03,2.000000000000000000e+03,-2.984149013509443282e+00,9.991712368703492553e-01,3.118695862559854870e-01
1.174399999999999977e+01,1.650000000000000000e+03,2.000000000000000000e+03,-2.991030715882563307e+00,1.004910292952446493e+00,2.927788271182978908e-01
1.176099999999999923e+01,1.650000000000000000e+03,2.000000000000000000e+03,-2.991030715882563307e+00,1.004910292952446493e+00,2.927788271182978908e-01
1.177899999999999991e+01,1.650000000000000000e+03,2.000000000000000000e+03,-2.994483804144682182e+00,1.007789697341625601e+00,2.927229750095848848e-01
1.179599999999999937e+01,1.650000000000000000e+03,2.000000000000000000e+03,-3.001762663605132886e+00,1.014464709346925009e+00,2.735770229779623253e-01
1.181300000000000061e+01,1.650000000000000000e+03,2.000000000000000000e+03,-3.001762663605132886e+00,1.014464709346925009e+00,2.735770229779623253e-01
1.183000000000000007e+01,1.650000000000000000e+03,2.000000000000000000e+03,-3.005241958911481159e+00,1.017365938550501170e+00,2.734866390792284330e-01
1.184800000000000075e+01,1.650000000000000000e+03,2.000000000000000000e+03,-3.026140340471989099e+00,1.037538981534701588e+00,2.159726466153862878e-01
1.186500000000000021e+01,1.650000000000000000e+03,2.000000000000000000e+03,-3.028809322121231773e+00,1.041297585207085596e+00,2.195654358369001913e-01
1.188199999999999967e+01,1.650000000000000000e+03,2.000000000000000000e+03,-3.031996884904583744e+00,1.043344653686355539e+00,1.968357888913956077e-01
1.189899999999999913e+01,1.650000000000000000e+03,2.000000000000000000e+03,-3.036279431878559976e+00,1.048147157820641162e+00,2.155923431016082137e-01
1.191600000000000037e+01,1.650000000000000000e+03,2.000000000000000000e+03,-3.038608838465710171e+00,1.051014676841451667e+00,1.965920906689481162e-01
1.193299999999999983e+01,1.650000000000000000e+03,2.000000000000000000e+03,-3.038608838465710171e+00,1.051014676841451667e+00,1.965920906689481162e-01
1.195100000000000051e+01,1.650000000000000000e+03,2.000000000000000000e+03,-3.041929294390038230e+00,1.054865874374856016e+00,1.999421895395334936e-01
1.196700000000000053e+01,1.650000000000000000e+03,2.000000000000000000e+03,-3.044891943233388076e+00,1.057803400414549344e+00,1.963408425313596939e-01
1.198399999999999999e+01,1.650000000000000000e+03,2.000000000000000000e+03,-3.048852795448480535e+00,1.061730279380634467e+00,1.996959395383493541e-01
1.200200000000000067e+01,1.650000000000000000e+03,2.000000000000000000e+03,-3.054564473763535126e+00,1.068516427334605279e+00,1.770953437476524561e-01
1.201900000000000013e+01,1.650000000000000000e+03,2.000000000000000000e+03,-3.054564473763535126e+00,1.068516427334605279e+00,1.770953437476524561e-01
1.203599999999999959e+01,1.650000000000000000e+03,2.000000000000000000e+03,-3.054564473763535126e+00,1.068516427334605279e+00,1.770953437476524561e-01
1.205199999999999960e+01,1.650000000000000000e+03,2.000000000000000000e+03,-3.057930824542512305e+00,1.072417462268281607e+00,1.802037316030644098e-01
1.206900000000000084e+01,1.650000000000000000e+03,2.000000000000000000e+03,-3.063940398443032898e+00,1.078376750999278322e+00,1.608146633594288444e-01
1.208600000000000030e+01,1.650000000000000000e+03,2.000000000000000000e+03,-3.063940398443032898e+00,1.078376750999278322e+00,1.608146633594288444e-01
1.210299999999999976e+01,1.650000000000000000e+03,2.000000000000000000e+03,-3.065698700191838988e+00,1.081250040102618382e+00,1.607332394494003780e-01
1.211999999999999922e+01,1.650000000000000000e+03,2.000000000000000000e+03,-3.065698700191838988e+00,1.081250040102618382e+00,1.607332394494003780e-01
1.213899999999999935e+01,1.650000000000000000e+03,2.000000000000000000e+03,-3.071116414012927898e+00,1.087189799007328705e+00,1.386859999266054078e-01
1.215600000000000058e+01,1.650000000000000000e+03,2.000000000000000000e+03,-3.071116414012927898e+00,1.087189799007328705e+00,1.386859999266054078e-01
1.217300000000000004e+01,1.650000000000000000e+03,2.000000000000000000e+03,-3.076558812216906524e+00,1.093155596155111375e+00,1.223896406352309590e-01
1.218999999999999950e+01,1.650000000000000000e+03,2.000000000000000000e+03,-3.079740435050405623e+00,1.098017594334478098e+00,1.222578715210052569e-01
1.220700000000000074e+01,1.650000000000000000e+03,2.000000000000000000e+03,-3.079740435050405623e+00,1.098017594334478098e+00,1.222578715210052569e-01
1.222400000000000020e+01,1.650000000000000000e+03,2.000000000000000000e+03,-3.081777039973173871e+00,1.100038900110694939e+00,1.246913843202323846e-01
1.224099999999999966e+01,1.650000000000000000e+03,2.000000000000000000e+03,-3.081777039973173871e+00,1.100038900110694939e+00,1.246913843202323846e-01
1.225799999999999912e+01,1.650000000000000000e+03,2.000000000000000000e+03,-3.084837985467018040e+00,1.103076625743536265e+00,1.031343391927371234e-01
1.227599999999999980e+01,1.650000000000000000e+03,2.000000000000000000e+03,-3.088045918055777328e+00,1.107972716137510361e+00,1.029768848014681049e-01
1.229299999999999926e+01,1.650000000000000000e+03,2.000000000000000000e+03,-3.092931351956243802e+00,1.113967875167490185e+00,8.628098398834982419e-02
1.231000000000000050e+01,1.650000000000000000e+03,2.000000000000000000e+03,-3.095774153697099962e+00,1.117937846413074698e+00,8.610133171596852375e-02
1.232699999999999996e+01,1.650000000000000000e+03,2.000000000000000000e+03,-3.095774153697099962e+00,1.117937846413074698e+00,8.610133171596852375e-02
1.234399999999999942e+01,1.650000000000000000e+03,2.000000000000000000e+03,-3.111402253310688870e+00,1.138080843608012316e+00,4.951136001220624028e-02
1.236100000000000065e+01,1.650000000000000000e+03,2.000000000000000000e+03,-3.113650686221391517e+00,1.142054424940064372e+00,4.928310002804740103e-02
1.237899999999999956e+01,1.650000000000000000e+03,2.000000000000000000e+03,-3.115747726463894640e+00,1.144141371253050377e+00,3.067179063881054352e-02
1.239600000000000080e+01,1.650000000000000000e+03,2.000000000000000000e+03,-3.115747726463894640e+00,1.144141371253050377e+00,3.067179063881054352e-02
1.241300000000000026e+01,1.650000000000000000e+03,2.000000000000000000e+03,-3.118655282826145125e+00,1.148195896698123608e+00,3.042113869193235204e-02
1.243099999999999916e+01,1.650000000000000000e+03,2.000000000000000000e+03,-3.118655282826145125e+00,1.148195896698123608e+00,3.042113869193235204e-02
1.244800000000000040e+01,1.650000000000000000e+03,2.000000000000000000e+03,-3.123438863999330017e+00,1.155286176475521120e+00,1.307195680887318634e-02
1.246499999999999986e+01,1.650000000000000000e+03,2.000000000000000000e+03,-3.125310349086451112e+00,1.158316707425023573e+00,1.279934695318993287e-02
1.248199999999999932e+01,1.650000000000000000e+03,2.000000000000000000e+03,-3.127837792532337957e+00,1.161419224468161371e+00,-5.618857037017007186e-03
1.250000000000000000e+01,1.650000000000000000e+03,2.000000000000000000e+03,-3.130781209120549136e+00,1.165522384318272930e+00,-5.912839803071954017e-03
1.251699999999999946e+01,1.650000000000000000e+03,2.000000000000000000e+03,-3.133078948258510188e+00,1.169570588000928169e+00,-5.069586156507844936e-03
1.253500000000000014e+01,1.650000000000000000e+03,2.000000000000000000e+03,-3.133078948258510188e+00,1.169570588000928169e+00,-5.069586156507844936e-03
1.255199999999999960e+01,1.650000000000000000e+03,2.000000000000000000e+03,-3.138350329978782050e+00,1.177767113068700855e+00,-5.662516319714708951e-03
1.256900000000000084e+01,1.650000000000000000e+03,2.000000000000000000e+03,-3.138350329978782050e+00,1.177767113068700855e+00,-5.662516319714708951e-03
1.258600000000000030e+01,1.650000000000000000e+03,2.000000000000000000e+03,-3.140494494640669210e+00,1.179907816590090697e+00,-2.412153476180644782e-02
1.260299999999999976e+01,1.650000000000000000e+03,2.000000000000000000e+03,-3.142159299317426324e+00,1.183927408547265969e+00,-2.443969206942565170e-02
1.261999999999999922e+01,1.650000000000000000e+03,2.000000000000000000e+03,-3.145147385268947104e+00,1.188094002165006824e+00,-2.475923029858907720e-02
1.263700000000000045e+01,1.650000000000000000e+03,2.000000000000000000e+03,-3.145147385268947104e+00,1.188094002165006824e+00,-2.475923029858907720e-02
1.265399999999999991e+01,1.650000000000000000e+03,2.000000000000000000e+03,-3.147304963827387780e+00,1.190250355186015518e+00,-4.225514940165094740e-02
1.267099999999999937e+01,1.650000000000000000e+03,2.000000000000000000e+03,-3.148984946658228257e+00,1.194297322250617466e+00,-4.332652930839665795e-02
1.268800000000000061e+01,1.650000000000000000e+03,2.000000000000000000e+03,-3.151994176443851714e+00,1.198493443488906074e+00,-4.293553542638391118e-02
1.270500000000000007e+01,1.650000000000000000e+03,2.000000000000000000e+03,-3.156524959434344524e+00,1.204810293580108382e+00,-6.149300162022244137e-02
1.272300000000000075e+01,1.650000000000000000e+03,2.000000000000000000e+03,-3.156524959434344524e+00,1.204810293580108382e+00,-6.149300162022244137e-02
1.274000000000000021e+01,1.650000000000000000e+03,2.000000000000000000e+03,-3.158891318469303044e+00,1.208966292528545594e+00,-6.185513670882821641e-02
1.275699999999999967e+01,1.650000000000000000e+03,2.000000000000000000e+03,-3.160170828194337034e+00,1.212037740483844495e+00,-7.930089236874787728e-02
1.277500000000000036e+01,1.650000000000000000e+03,2.000000000000000000e+03,-3.164502733139450186e+00,1.219370546799537269e+00,-8.006279722138563704e-02
1.279199999999999982e+01,1.650000000000000000e+03,2.000000000000000000e+03,-3.164502733139450186e+00,1.219370546799537269e+00,-8.006279722138563704e-02
1.280899999999999928e+01,1.650000000000000000e+03,2.000000000000000000e+03,-3.165792509027578028e+00,1.222462621133897809e+00,-9.795161115121847617e-02
1.282600000000000051e+01,1.650000000000000000e+03,2.000000000000000000e+03,-3.165792509027578028e+00,1.222462621133897809e+00,-9.795161115121847617e-02
1.284299999999999997e+01,1.650000000000000000e+03,2.000000000000000000e+03,-3.165792509027578028e+00,1.222462621133897809e+00,-9.795161115121847617e-02
1.286100000000000065e+01,1.650000000000000000e+03,2.000000000000000000e+03,-3.177393715186849654e+00,1.242555154781099791e+00,-1.171212336688021022e-01
1.287899999999999956e+01,1.650000000000000000e+03,2.000000000000000000e+03,-3.179145336646077347e+00,1.246741104710360926e+00,-1.175430186723316339e-01
1.289600000000000080e+01,1.650000000000000000e+03,2.000000000000000000e+03,-3.180225315385732721e+00,1.250863715773846252e+00,-1.178819836804362170e-01
1.291300000000000026e+01,1.650000000000000000e+03,2.000000000000000000e+03,-3.182222343650391139e+00,1.254093149529301510e+00,-1.356507869817192569e-01
1.292999999999999972e+01,1.650000000000000000e+03,2.000000000000000000e+03,-3.184429352524079881e+00,1.259365479743647320e+00,-1.360907200558766073e-01
1.294699999999999918e+01,1.650000000000000000e+03,2.000000000000000000e+03,-3.184429352524079881e+00,1.259365479743647320e+00,-1.360907200558766073e-01
1.296400000000000041e+01,1.650000000000000000e+03,2.000000000000000000e+03,-3.186436726243446760e+00,1.262612773951993894e+00,-1.366597919408294448e-01
1.298199999999999932e+01,1.650000000000000000e+03,2.000000000000000000e+03,-3.187768168951094605e+00,1.265791177554204783e+00,-1.543281221339857789e-01
1.299900000000000055e+01,1.650000000000000000e+03,2.000000000000000000e+03,-3.189547754667029444e+00,1.270038914693111032e+00,-1.551277319097022767e-01
1.301699999999999946e+01,1.650000000000000000e+03,2.000000000000000000e+03,-3.189547754667029444e+00,1.270038914693111032e+00,-1.551277319097022767e-01
1.303400000000000070e+01,1.650000000000000000e+03,2.000000000000000000e+03,-3.192673995742705717e+00,1.277499720249760440e+00,-1.560474828649876800e-01
1.305100000000000016e+01,1.650000000000000000e+03,2.000000000000000000e+03,-3.192673995742705717e+00,1.277499720249760440e+00,-1.560474828649876800e-01
1.306799999999999962e+01,1.650000000000000000e+03,2.000000000000000000e+03,-3.192886302258244768e+00,1.279560690544366608e+00,-1.555677343435150628e-01
1.308500000000000085e+01,1.650000000000000000e+03,2.000000000000000000e+03,-3.192886302258244768e+00,1.279560690544366608e+00,-1.555677343435150628e-01
1.310299999999999976e+01,1.650000000000000000e+03,2.000000000000000000e+03,-3.195365829229086962e+00,1.283922483388530544e+00,-1.568619884151416233e-01
1.311999999999999922e+01,1.650000000000000000e+03,2.000000000000000000e+03,-3.197382614641110621e+00,1.290292967058729978e+00,-1.749987519226541832e-01
1.313799999999999990e+01,1.650000000000000000e+03,2.000000000000000000e+03,-3.199189992518845838e+00,1.294606044736874129e+00,-1.754775368349494880e-01
1.315499999999999936e+01,1.650000000000000000e+03,2.000000000000000000e+03,-3.199189992518845838e+00,1.294606044736874129e+00,-1.754775368349494880e-01
1.317300000000000004e+01,1.650000000000000000e+03,2.000000000000000000e+03,-3.199407723383391300e+00,1.296688254612257563e+00,-1.937119619934455084e-01
1.319100000000000072e+01,1.650000000000000000e+03,2.000000000000000000e+03,-3.200532857899266226e+00,1.300939291344796356e+00,-1.933121181464746985e-01
1.320800000000000018e+01,1.650000000000000000e+03,2.000000000000000000e+03,-3.201895865377636152e+00,1.304194198802854032e+00,-2.113978944402944427e-01
1.322499999999999964e+01,1.650000000000000000e+03,2.000000000000000000e+03,-3.203717705368613888e+00,1.308544322212664035e+00,-2.119047394601207002e-01
1.324200000000000088e+01,1.650000000000000000e+03,2.000000000000000000e+03,-3.205767938407230844e+00,1.315011210442459166e+00,-2.305541779778371991e-01
1.325999999999999979e+01,1.650000000000000000e+03,2.000000000000000000e+03,-3.207835748737435821e+00,1.318375164383158715e+00,-2.139210483359474391e-01
1.327699999999999925e+01,1.650000000000000000e+03,2.000000000000000000e+03,-3.207835748737435821e+00,1.318375164383158715e+00,-2.139210483359474391e-01
1.329499999999999993e+01,1.650000000000000000e+03,2.000000000000000000e+03,-3.207835748737435821e+00,1.318375164383158715e+00,-2.139210483359474391e-01
1.331300000000000061e+01,1.650000000000000000e+03,2.000000000000000000e+03,-3.208520425905853735e+00,1.321584447929996298e+00,-2.133295739457568008e-01
1.333000000000000007e+01,1.650000000000000000e+03,2.000000000000000000e+03,-3.208520425905853735e+00,1.321584447929996298e+00,-2.133295739457568008e-01
1.334699999999999953e+01,1.650000000000000000e+03,2.000000000000000000e+03,-3.209206532154230018e+00,1.324799836985084855e+00,-2.315071881593264436e-01
1.336400000000000077e+01,1.650000000000000000e+03,2.000000000000000000e+03,-3.217781875458507912e+00,1.350045598825497795e+00,-2.537549687779048213e-01
1.338199999999999967e+01,1.650000000000000000e+03,2.000000000000000000e+03,-3.217782743802653833e+00,1.353232141722815030e+00,-2.705122054279337496e-01
1.339899999999999913e+01,1.650000000000000000e+03,2.000000000000000000e+03,-3.217782743802653833e+00,1.353232141722815030e+00,-2.705122054279337496e-01
1.341600000000000037e+01,1.650000000000000000e+03,2.000000000000000000e+03,-3.220831673407842821e+00,1.362124329620788998e+00,-2.732803210061851562e-01
1.343299999999999983e+01,1.650000000000000000e+03,2.000000000000000000e+03,-3.221772524206322430e+00,1.364376052380177118e+00,-2.917830559174163230e-01
1.344999999999999929e+01,1.650000000000000000e+03,2.000000000000000000e+03,-3.222248921281362311e+00,1.368718200010948571e+00,-2.922976865571121907e-01
1.346700000000000053e+01,1.650000000000000000e+03,2.000000000000000000e+03,-3.225076227181645550e+00,1.372281558155420633e+00,-2.760991292839899969e-01
1.348399999999999999e+01,1.650000000000000000e+03,2.000000000000000000e+03,-3.224378228267493984e+00,1.375423458453473913e+00,-2.928645652370444052e-01
1.350099999999999945e+01,1.650000000000000000e+03,2.000000000000000000e+03,-3.225567080154586819e+00,1.379879796813180626e+00,-2.953613100168760996e-01
1.351800000000000068e+01,1.650000000000000000e+03,2.000000000000000000e+03,-3.226283957264981517e+00,1.383208095180105346e+00,-2.979093341302976872e-01
1.353500000000000014e+01,1.650000000000000000e+03,2.000000000000000000e+03,-3.226283957264981517e+00,1.383208095180105346e+00,-2.979093341302976872e-01
1.355300000000000082e+01,1.650000000000000000e+03,2.000000000000000000e+03,-3.227722293780429297e+00,1.389884111804565059e+00,-2.964535873173028691e-01
1.357000000000000028e+01,1.650000000000000000e+03,2.000000000000000000e+03,-3.228676309432414016e+00,1.392173492866207507e+00,-3.152216733630440193e-01
1.358699999999999974e+01,1.650000000000000000e+03,2.000000000000000000e+03,-3.228456115940980364e+00,1.396498395236990486e+00,-3.157680976746174983e-01
1.360399999999999920e+01,1.650000000000000000e+03,2.000000000000000000e+03,-3.229658756340183956e+00,1.401009941209479415e+00,-3.185592190451905781e-01
1.362100000000000044e+01,1.650000000000000000e+03,2.000000000000000000e+03,-3.229658756340183956e+00,1.401009941209479415e+00,-3.185592190451905781e-01
1.363899999999999935e+01,1.650000000000000000e+03,2.000000000000000000e+03,-3.231097295816846238e+00,1.404467808069858492e+00,-3.351036235519663231e-01
1.365600000000000058e+01,1.650000000000000000e+03,2.000000000000000000e+03,-3.231097295816846238e+00,1.404467808069858492e+00,-3.351036235519663231e-01
1.367300000000000004e+01,1.650000000000000000e+03,2.000000000000000000e+03,-3.231609277561152460e+00,1.412207480981035435e+00,-3.387028227833505101e-01
1.368999999999999950e+01,1.650000000000000000e+03,2.000000000000000000e+03,-3.231609277561152460e+00,1.412207480981035435e+00,-3.387028227833505101e-01
1.370700000000000074e+01,1.650000000000000000e+03,2.000000000000000000e+03,-3.234020381594237215e+00,1.418012714591762702e+00,-3.392983517408041383e-01
1.372400000000000020e+01,1.650000000000000000e+03,2.000000000000000000e+03,-3.233323082652908464e+00,1.421235618760342767e+00,-3.555864093955724003e-01
1.374099999999999966e+01,1.650000000000000000e+03,2.000000000000000000e+03,-3.233323082652908464e+00,1.421235618760342767e+00,-3.555864093955724003e-01
1.375799999999999912e+01,1.650000000000000000e+03,2.000000000000000000e+03,-3.235279296376752711e+00,1.429230488576010316e+00,-3.621725979259595718e-01
1.377500000000000036e+01,1.650000000000000000e+03,2.000000000000000000e+03,-3.235279296376752711e+00,1.429230488576010316e+00,-3.621725979259595718e-01
1.379299999999999926e+01,1.650000000000000000e+03,2.000000000000000000e+03,-3.236271829929638244e+00,1.434911763720398969e+00,-3.627794637909289577e-01
1.381099999999999994e+01,1.650000000000000000e+03,2.000000000000000000e+03,-3.236271829929638244e+00,1.434911763720398969e+00,-3.627794637909289577e-01
1.382799999999999940e+01,1.650000000000000000e+03,2.000000000000000000e+03,-3.238243925371244281e+00,1.442970145820741568e+00,-3.795957273742061600e-01
1.384500000000000064e+01,1.650000000000000000e+03,2.000000000000000000e+03,-3.239554903258555552e+00,1.457729474801926717e+00,-3.874348496052172353e-01
1.386200000000000010e+01,1.650000000000000000e+03,2.000000000000000000e+03,-3.239813532586329536e+00,1.460018186736352863e+00,-4.035287567479680648e-01
1.387899999999999956e+01,1.650000000000000000e+03,2.000000000000000000e+03,-3.239813532586329536e+00,1.460018186736352863e+00,-4.035287567479680648e-01
1.389600000000000080e+01,1.650000000000000000e+03,2.000000000000000000e+03,-3.240564567528361195e+00,1.463503609640115055e+00,-3.880733800474721051e-01
1.391399999999999970e+01,1.650000000000000000e+03,2.000000000000000000e+03,-3.240564567528361195e+00,1.463503609640115055e+00,-3.880733800474721051e-01
1.393099999999999916e+01,1.650000000000000000e+03,2.000000000000000000e+03,-3.240386621553240865e+00,1.471411698728583684e+00,-4.080619448415468420e-01
1.394800000000000040e+01,1.650000000000000000e+03,2.000000000000000000e+03,-3.240386621553240865e+00,1.471411698728583684e+00,-4.080619448415468420e-01
1.396499999999999986e+01,1.650000000000000000e+03,2.000000000000000000e+03,-3.240153741555424460e+00,1.472517267837823773e+00,-4.272861301305628801e-01
1.398199999999999932e+01,1.650000000000000000e+03,2.000000000000000000e+03,-3.239948247134174508e+00,1.477040814998870299e+00,-4.279695622801518717e-01
1.399900000000000055e+01,1.650000000000000000e+03,2.000000000000000000e+03,-3.240209193635831042e+00,1.479354238129555466e+00,-4.279695622801518717e-01
1.401600000000000001e+01,1.650000000000000000e+03,2.000000000000000000e+03,-3.240209193635831042e+00,1.479354238129555466e+00,-4.279695622801518717e-01
1.405499999999999972e+01,1.650000000000000000e+03,2.000000000000000000e+03,-3.240237321662955416e+00,1.482782386053079549e+00,-4.286541858507737501e-01
1.408799999999999919e+01,1.650000000000000000e+03,2.000000000000000000e+03,-3.240237321662955416e+00,1.482782386053079549e+00,-4.286541858507737501e-01
1.410500000000000043e+01,1.650000000000000000e+03,2.000000000000000000e+03,-3.240265718243580562e+00,1.486217001243493208e+00,-4.477804278233346036e-01
1.412299999999999933e+01,1.650000000000000000e+03,2.000000000000000000e+03,-3.241083174774038511e+00,1.496656166480335948e+00,-4.528962201384745256e-01
1.415199999999999925e+01,1.650000000000000000e+03,2.000000000000000000e+03,-3.241083174774038511e+00,1.496656166480335948e+00,-4.528962201384745256e-01
1.416900000000000048e+01,1.650000000000000000e+03,2.000000000000000000e+03,-3.240381998791606044e+00,1.500020518947057457e+00,-4.682051016836878410e-01
1.418699999999999939e+01,1.650000000000000000e+03,2.000000000000000000e+03,-3.240645681379249687e+00,1.502363539367400858e+00,-4.499012829733294860e-01
1.420400000000000063e+01,1.650000000000000000e+03,2.000000000000000000e+03,-3.238508107585163387e+00,1.509021790829496723e+00,-4.736548755390520560e-01
1.422100000000000009e+01,1.650000000000000000e+03,2.000000000000000000e+03,-3.238771576836772859e+00,1.511376238697331065e+00,-4.927369971514246605e-01
1.423799999999999955e+01,1.650000000000000000e+03,2.000000000000000000e+03,-3.238800751359309338e+00,1.514864839784844097e+00,-4.743881898306429035e-01
1.425500000000000078e+01,1.650000000000000000e+03,2.000000000000000000e+03,-3.238800751359309338e+00,1.514864839784844097e+00,-4.743881898306429035e-01
1.427399999999999913e+01,1.650000000000000000e+03,2.000000000000000000e+03,-3.238096049579339386e+00,1.518262161150977452e+00,-4.893997422787437213e-01
1.429100000000000037e+01,1.650000000000000000e+03,2.000000000000000000e+03,-3.238096049579339386e+00,1.518262161150977452e+00,-4.893997422787437213e-01
1.430799999999999983e+01,1.650000000000000000e+03,2.000000000000000000e+03,-3.238184087352013130e+00,1.528787128674137907e+00,-4.949945397658500057e-01
1.432499999999999929e+01,1.650000000000000000e+03,2.000000000000000000e+03,-3.238184087352013130e+00,1.528787128674137907e+00,-4.949945397658500057e-01
1.434200000000000053e+01,1.650000000000000000e+03,2.000000000000000000e+03,-3.235941301542195170e+00,1.554434799340526752e+00,-5.453615316352808939e-01
1.435899999999999999e+01,1.650000000000000000e+03,2.000000000000000000e+03,-3.238194293299069493e+00,1.558308746058535199e+00,-5.268160098483974929e-01
1.437700000000000067e+01,1.650000000000000000e+03,2.000000000000000000e+03,-3.236000975083599407e+00,1.561583116487820444e+00,-5.323346005802700454e-01
1.439400000000000013e+01,1.650000000000000000e+03,2.000000000000000000e+03,-3.236031215307176190e+00,1.565167635993379935e+00,-5.517284888732395531e-01
1.441200000000000081e+01,1.650000000000000000e+03,2.000000000000000000e+03,-3.236031215307176190e+00,1.565167635993379935e+00,-5.517284888732395531e-01
1.442900000000000027e+01,1.650000000000000000e+03,2.000000000000000000e+03,-3.236804637699039588e+00,1.568861001641584707e+00,-5.574090913495487465e-01
1.444599999999999973e+01,1.650000000000000000e+03,2.000000000000000000e+03,-3.236867787937667273e+00,1.576065398423419861e+00,-5.582205084694714659e-01
1.446199999999999974e+01,1.650000000000000000e+03,2.000000000000000000e+03,-3.236867787937667273e+00,1.576065398423419861e+00,-5.582205084694714659e-01
1.447899999999999920e+01,1.650000000000000000e+03,2.000000000000000000e+03,-3.235648043261164730e+00,1.578301928297147327e+00,-5.777586515364966369e-01
1.449600000000000044e+01,1.650000000000000000e+03,2.000000000000000000e+03,-3.236424340098113195e+00,1.582021763796090497e+00,-5.590332192338117734e-01
1.451399999999999935e+01,1.650000000000000000e+03,2.000000000000000000e+03,-3.236218340464150245e+00,1.586821132167997472e+00,-5.650170203046653850e-01
1.453100000000000058e+01,1.650000000000000000e+03,2.000000000000000000e+03,-3.236218340464150245e+00,1.586821132167997472e+00,-5.650170203046653850e-01
1.454800000000000004e+01,1.650000000000000000e+03,2.000000000000000000e+03,-3.234995628055579164e+00,1.589070123100235321e+00,-5.845817589418322857e-01
1.456600000000000072e+01,1.650000000000000000e+03,2.000000000000000000e+03,-3.235265340982778959e+00,1.591529053210394284e+00,-5.658360653124694384e-01
1.458300000000000018e+01,1.650000000000000000e+03,2.000000000000000000e+03,-3.235296954543302572e+00,1.595171608808732433e+00,-5.854148214063439326e-01
1.459999999999999964e+01,1.650000000000000000e+03,2.000000000000000000e+03,-3.233593678468343668e+00,1.599795916434007204e+00,-5.917395747736018397e-01
1.461700000000000088e+01,1.650000000000000000e+03,2.000000000000000000e+03,-3.235360999529310000e+00,1.602478077476363616e+00,-5.726002991577864298e-01
1.463499999999999979e+01,1.650000000000000000e+03,2.000000000000000000e+03,-3.232636189441275398e+00,1.604535916420908315e+00,-5.925788086972636481e-01
1.465199999999999925e+01,1.650000000000000000e+03,2.000000000000000000e+03,-3.232426565596134171e+00,1.609392651148420672e+00,-6.045924688998132179e-01
1.466900000000000048e+01,1.650000000000000000e+03,2.000000000000000000e+03,-3.232426565596134171e+00,1.609392651148420672e+00,-6.045924688998132179e-01
1.468599999999999994e+01,1.650000000000000000e+03,2.000000000000000000e+03,-3.233478266706296012e+00,1.615665910270542849e+00,-6.054413702537446706e-01
1.470400000000000063e+01,1.650000000000000000e+03,2.000000000000000000e+03,-3.233478266706296012e+00,1.615665910270542849e+00,-6.054413702537446706e-01
1.472100000000000009e+01,1.650000000000000000e+03,2.000000000000000000e+03,-3.232247241349542222e+00,1.617948530019970743e+00,-5.998912899732804505e-01
1.473900000000000077e+01,1.650000000000000000e+03,2.000000000000000000e+03,-3.232247241349542222e+00,1.617948530019970743e+00,-5.998912899732804505e-01
1.475500000000000078e+01,1.650000000000000000e+03,2.000000000000000000e+03,-3.230774612130803636e+00,1.621430455225706613e+00,-6.140158603251543168e-01
1.477200000000000024e+01,1.650000000000000000e+03,2.000000000000000000e+03,-3.230774612130803636e+00,1.621430455225706613e+00,-6.140158603251543168e-01
1.478999999999999915e+01,1.650000000000000000e+03,2.000000000000000000e+03,-3.229058896657090560e+00,1.626118144547257671e+00,-6.206923853858578033e-01
1.480700000000000038e+01,1.650000000000000000e+03,2.000000000000000000e+03,-3.228092914575054095e+00,1.630923675838226838e+00,-6.215527973580495802e-01
1.482399999999999984e+01,1.650000000000000000e+03,2.000000000000000000e+03,-3.228120693773401051e+00,1.634642519930961324e+00,-6.342386684913281503e-01
1.483999999999999986e+01,1.650000000000000000e+03,2.000000000000000000e+03,-3.226883040678697689e+00,1.636947477032276499e+00,-6.226420271816219820e-01
1.485699999999999932e+01,1.650000000000000000e+03,2.000000000000000000e+03,-3.221724806263507102e+00,1.654915939947112058e+00,-6.571836352583746432e-01
1.487500000000000000e+01,1.650000000000000000e+03,2.000000000000000000e+03,-3.221724806263507102e+00,1.654915939947112058e+00,-6.571836352583746432e-01
1.489199999999999946e+01,1.650000000000000000e+03,2.000000000000000000e+03,-3.221724806263507102e+00,1.654915939947112058e+00,-6.571836352583746432e-01
1.490900000000000070e+01,1.650000000000000000e+03,2.000000000000000000e+03,-3.217495477916940239e+00,1.664357094271426085e+00,-6.844644580302758907e-01
1.492600000000000016e+01,1.650000000000000000e+03,2.000000000000000000e+03,-3.218764598495723828e+00,1.665798847916110770e+00,-6.653929655439425606e-01
1.494200000000000017e+01,1.650000000000000000e+03,2.000000000000000000e+03,-3.215754163057015447e+00,1.669149234145153482e+00,-6.853617087040549949e-01
1.496000000000000085e+01,1.650000000000000000e+03,2.000000000000000000e+03,-3.215754163057015447e+00,1.669149234145153482e+00,-6.853617087040549949e-01
1.497700000000000031e+01,1.650000000000000000e+03,2.000000000000000000e+03,-3.214256601526142010e+00,1.672723740013268401e+00,-7.050005584022558391e-01
1.499399999999999977e+01,1.650000000000000000e+03,2.000000000000000000e+03,-3.214256601526142010e+00,1.672723740013268401e+00,-7.050005584022558391e-01
1.501099999999999923e+01,1.650000000000000000e+03,2.000000000000000000e+03,-3.215279927770193780e+00,1.675402051269687220e+00,-6.930187918363340804e-01
1.502899999999999991e+01,1.650000000000000000e+03,2.000000000000000000e+03,-3.212262135624681658e+00,1.678768745589238165e+00,-7.128200779670197385e-01
1.504499999999999993e+01,1.650000000000000000e+03,2.000000000000000000e+03,-3.212773620564409072e+00,1.680111581722798064e+00,-6.874468169936905904e-01
1.506400000000000006e+01,1.650000000000000000e+03,2.000000000000000000e+03,-3.212773620564409072e+00,1.680111581722798064e+00,-6.874468169936905904e-01
1.508099999999999952e+01,1.650000000000000000e+03,2.000000000000000000e+03,-3.209752003437717160e+00,1.683486383515183871e+00,-7.071202555386962851e-01
1.509800000000000075e+01,1.650000000000000000e+03,2.000000000000000000e+03,-3.209752003437717160e+00,1.683486383515183871e+00,-7.071202555386962851e-01
1.511500000000000021e+01,1.650000000000000000e+03,2.000000000000000000e+03,-3.209517578174835073e+00,1.688545709215070190e+00,-7.217116865517676505e-01
1.513199999999999967e+01,1.650000000000000000e+03,2.000000000000000000e+03,-3.207997469111826927e+00,1.688325406617277924e+00,-7.149537314751504002e-01
1.515000000000000036e+01,1.650000000000000000e+03,2.000000000000000000e+03,-3.207000311951600846e+00,1.693286758626641131e+00,-7.298566963021027032e-01
1.516699999999999982e+01,1.650000000000000000e+03,2.000000000000000000e+03,-3.204478762467988240e+00,1.698039215545051661e+00,-7.425774429214988537e-01
1.518399999999999928e+01,1.650000000000000000e+03,2.000000000000000000e+03,-3.204478762467988240e+00,1.698039215545051661e+00,-7.425774429214988537e-01
1.520100000000000051e+01,1.650000000000000000e+03,2.000000000000000000e+03,-3.203727130126341915e+00,1.701777455242301507e+00,-7.241823778272687973e-01
1.521799999999999997e+01,1.650000000000000000e+03,2.000000000000000000e+03,-3.203727130126341915e+00,1.701777455242301507e+00,-7.241823778272687973e-01
1.523399999999999999e+01,1.650000000000000000e+03,2.000000000000000000e+03,-3.201960931607957583e+00,1.706661587491462129e+00,-7.250993114370908321e-01
1.525200000000000067e+01,1.650000000000000000e+03,2.000000000000000000e+03,-3.199170561034470950e+00,1.708829796757687092e+00,-7.521496646703116351e-01
1.526900000000000013e+01,1.650000000000000000e+03,2.000000000000000000e+03,-3.199170561034470950e+00,1.708829796757687092e+00,-7.521496646703116351e-01
1.528500000000000014e+01,1.650000000000000000e+03,2.000000000000000000e+03,-3.197140993963095479e+00,1.711111946236200332e+00,-7.640507319935930797e-01
1.530199999999999960e+01,1.650000000000000000e+03,2.000000000000000000e+03,-3.197140993963095479e+00,1.711111946236200332e+00,-7.640507319935930797e-01
1.531900000000000084e+01,1.650000000000000000e+03,2.000000000000000000e+03,-3.195112200356867049e+00,1.717275654274768915e+00,-7.801730562496673738e-01
1.533600000000000030e+01,1.650000000000000000e+03,2.000000000000000000e+03,-3.195112200356867049e+00,1.717275654274768915e+00,-7.801730562496673738e-01
1.535299999999999976e+01,1.650000000000000000e+03,2.000000000000000000e+03,-3.184405882056204895e+00,1.735205768218420097e+00,-8.077993773501220831e-01
1.536999999999999922e+01,1.650000000000000000e+03,2.000000000000000000e+03,-3.184405882056204895e+00,1.735205768218420097e+00,-8.077993773501220831e-01
1.538700000000000045e+01,1.650000000000000000e+03,2.000000000000000000e+03,-3.182352670764500679e+00,1.741444458694514363e+00,-8.171103114261293321e-01
1.540399999999999991e+01,1.650000000000000000e+03,2.000000000000000000e+03,-3.182352670764500679e+00,1.741444458694514363e+00,-8.171103114261293321e-01
1.542200000000000060e+01,1.650000000000000000e+03,2.000000000000000000e+03,-3.180304756657330145e+00,1.743764394356393854e+00,-8.282490224981442495e-01
1.543900000000000006e+01,1.650000000000000000e+03,2.000000000000000000e+03,-3.178750426023636777e+00,1.751421661622672765e+00,-8.376629749132609160e-01
1.545599999999999952e+01,1.650000000000000000e+03,2.000000000000000000e+03,-3.178750426023636777e+00,1.751421661622672765e+00,-8.376629749132609160e-01
1.547300000000000075e+01,1.650000000000000000e+03,2.000000000000000000e+03,-3.175423934305602103e+00,1.752246222485658755e+00,-8.367024706738085404e-01
1.549000000000000021e+01,1.650000000000000000e+03,2.000000000000000000e+03,-3.175423934305602103e+00,1.752246222485658755e+00,-8.367024706738085404e-01
1.550699999999999967e+01,1.650000000000000000e+03,2.000000000000000000e+03,-3.175409411094490153e+00,1.756201149704828879e+00,-8.390259413175771286e-01
1.552399999999999913e+01,1.650000000000000000e+03,2.000000000000000000e+03,-3.173859472397144721e+00,1.759935865583903691e+00,-8.380645956310597278e-01
1.554199999999999982e+01,1.650000000000000000e+03,2.000000000000000000e+03,-3.170509218758756909e+00,1.764735743493069275e+00,-8.479494388409036798e-01
1.555899999999999928e+01,1.650000000000000000e+03,2.000000000000000000e+03,-3.170509218758756909e+00,1.764735743493069275e+00,-8.479494388409036798e-01
1.557600000000000051e+01,1.650000000000000000e+03,2.000000000000000000e+03,-3.169216113640378918e+00,1.767197220456967255e+00,-8.499989650230272975e-01
1.559299999999999997e+01,1.650000000000000000e+03,2.000000000000000000e+03,-3.168690422211049018e+00,1.769776300236729938e+00,-8.688208004100186344e-01
1.560999999999999943e+01,1.650000000000000000e+03,2.000000000000000000e+03,-3.168690422211049018e+00,1.769776300236729938e+00,-8.688208004100186344e-01
1.562700000000000067e+01,1.650000000000000000e+03,2.000000000000000000e+03,-3.165834827481284197e+00,1.776008567627206602e+00,-8.702109013737406862e-01
1.564400000000000013e+01,1.650000000000000000e+03,2.000000000000000000e+03,-3.163767191933367862e+00,1.778368762468332420e+00,-8.789787189063117401e-01
1.566099999999999959e+01,1.650000000000000000e+03,2.000000000000000000e+03,-3.163767191933367862e+00,1.778368762468332420e+00,-8.789787189063117401e-01
1.567800000000000082e+01,1.650000000000000000e+03,2.000000000000000000e+03,-3.160396994095307832e+00,1.783212879613992552e+00,-8.803770052583286265e-01
1.569500000000000028e+01,1.650000000000000000e+03,2.000000000000000000e+03,-3.157821457112376606e+00,1.784166398472179615e+00,-8.808340043060830515e-01
1.571199999999999974e+01,1.650000000000000000e+03,2.000000000000000000e+03,-3.157821457112376606e+00,1.784166398472179615e+00,-8.808340043060830515e-01
1.572899999999999920e+01,1.650000000000000000e+03,2.000000000000000000e+03,-3.156753992192125047e+00,1.789371172370487706e+00,-8.817766866722902552e-01
1.574600000000000044e+01,1.650000000000000000e+03,2.000000000000000000e+03,-3.155716182937945202e+00,1.790558831283395769e+00,-8.912011480091222015e-01
1.576399999999999935e+01,1.650000000000000000e+03,2.000000000000000000e+03,-3.155716182937945202e+00,1.790558831283395769e+00,-8.912011480091222015e-01
1.578100000000000058e+01,1.650000000000000000e+03,2.000000000000000000e+03,-3.153639357745589233e+00,1.792936286333436602e+00,-9.012916977363294446e-01
1.579800000000000004e+01,1.650000000000000000e+03,2.000000000000000000e+03,-3.151022957186091489e+00,1.797931607910451923e+00,-9.117167641976415826e-01
1.581499999999999950e+01,1.650000000000000000e+03,2.000000000000000000e+03,-3.151022957186091489e+00,1.797931607910451923e+00,-9.117167641976415826e-01
1.583300000000000018e+01,1.650000000000000000e+03,2.000000000000000000e+03,-3.148170275962436371e+00,1.800201763630289609e+00,-9.218835486161663928e-01
1.584999999999999964e+01,1.650000000000000000e+03,2.000000000000000000e+03,-3.137190588420190274e+00,1.814811881305606445e+00,-9.355661953937512987e-01
1.586700000000000088e+01,1.650000000000000000e+03,2.000000000000000000e+03,-3.134325396519352491e+00,1.817101641683755986e+00,-9.461596061130125301e-01
1.588400000000000034e+01,1.650000000000000000e+03,2.000000000000000000e+03,-3.131237474884660532e+00,1.816635518860342469e+00,-9.466683612566878514e-01
1.590099999999999980e+01,1.650000000000000000e+03,2.000000000000000000e+03,-3.131237474884660532e+00,1.816635518860342469e+00,-9.466683612566878514e-01
1.591799999999999926e+01,1.650000000000000000e+03,2.000000000000000000e+03,-3.131182734386923627e+00,1.820716599033789684e+00,-9.653528748217066191e-01
1.593500000000000050e+01,1.650000000000000000e+03,2.000000000000000000e+03,-3.131182734386923627e+00,1.820716599033789684e+00,-9.653528748217066191e-01
1.595199999999999996e+01,1.650000000000000000e+03,2.000000000000000000e+03,-3.127540578304174979e+00,1.822896595215303783e+00,-9.684062223128196978e-01
1.596899999999999942e+01,1.650000000000000000e+03,2.000000000000000000e+03,-3.126213917764762762e+00,1.825429790891790027e+00,-9.668041135906387806e-01
1.598600000000000065e+01,1.650000000000000000e+03,2.000000000000000000e+03,-3.122846314764073039e+00,1.826288551464351428e+00,-9.776568502105819070e-01
1.600300000000000011e+01,1.650000000000000000e+03,2.000000000000000000e+03,-3.122846314764073039e+00,1.826288551464351428e+00,-9.776568502105819070e-01
1.602100000000000080e+01,1.650000000000000000e+03,2.000000000000000000e+03,-3.118640484819204417e+00,1.831132526267688299e+00,-9.791134948579469643e-01
1.603800000000000026e+01,1.650000000000000000e+03,2.000000000000000000e+03,-3.118640484819204417e+00,1.831132526267688299e+00,-9.791134948579469643e-01
1.605600000000000094e+01,1.650000000000000000e+03,2.000000000000000000e+03,-3.115481583885982175e+00,1.834773174429814357e+00,-9.977740964606025553e-01
1.607300000000000040e+01,1.650000000000000000e+03,2.000000000000000000e+03,-3.115481583885982175e+00,1.834773174429814357e+00,-9.977740964606025553e-01
1.608999999999999986e+01,1.650000000000000000e+03,2.000000000000000000e+03,-3.115481583885982175e+00,1.834773174429814357e+00,-9.977740964606025553e-01
1.610699999999999932e+01,1.650000000000000000e+03,2.000000000000000000e+03,-3.112600611449871657e+00,1.837086798898660334e+00,-9.911045399568311209e-01
1.612399999999999878e+01,1.650000000000000000e+03,2.000000000000000000e+03,-3.110000344574463949e+00,1.838069042946237630e+00,-1.002388306779031124e+00
1.614199999999999946e+01,1.650000000000000000e+03,2.000000000000000000e+03,-3.109152039421453129e+00,1.842074251071704971e+00,-9.997861683212539985e-01
1.615899999999999892e+01,1.650000000000000000e+03,2.000000000000000000e+03,-3.109152039421453129e+00,1.842074251071704971e+00,-9.997861683212539985e-01
1.617500000000000071e+01,1.650000000000000000e+03,2.000000000000000000e+03,-3.104434679368530681e+00,1.845499862180651540e+00,-1.021963262038257936e+00
1.619300000000000139e+01,1.650000000000000000e+03,2.000000000000000000e+03,-3.101830452597521326e+00,1.846486679418438470e+00,-1.022527701050950810e+00
1.621000000000000085e+01,1.650000000000000000e+03,2.000000000000000000e+03,-3.101830452597521326e+00,1.846486679418438470e+00,-1.022527701050950810e+00
1.622700000000000031e+01,1.650000000000000000e+03,2.000000000000000000e+03,-3.099712944181803653e+00,1.848931775717711723e+00,-1.027428721646173049e+00
1.624399999999999977e+01,1.650000000000000000e+03,2.000000000000000000e+03,-3.099712944181803653e+00,1.848931775717711723e+00,-1.027428721646173049e+00
1.626200000000000045e+01,1.650000000000000000e+03,2.000000000000000000e+03,-3.098080419400814911e+00,1.852840140245370026e+00,-1.023999387355904123e+00
1.628000000000000114e+01,1.650000000000000000e+03,2.000000000000000000e+03,-3.098080419400814911e+00,1.852840140245370026e+00,-1.023999387355904123e+00
1.629700000000000060e+01,1.650000000000000000e+03,2.000000000000000000e+03,-3.094123419311492817e+00,1.856402505011952808e+00,-1.040268594526353896e+00
1.631400000000000006e+01,1.650000000000000000e+03,2.000000000000000000e+03,-3.090740404314644252e+00,1.857277559275376966e+00,-1.047533968299705132e+00
1.633099999999999952e+01,1.650000000000000000e+03,2.000000000000000000e+03,-3.089388197463407870e+00,1.859853526256969758e+00,-1.048115166142404853e+00
1.634799999999999898e+01,1.650000000000000000e+03,2.000000000000000000e+03,-3.071949307027562526e+00,1.873956973445017660e+00,-1.110404338100085209e+00
1.636499999999999844e+01,1.650000000000000000e+03,2.000000000000000000e+03,-3.071949307027562526e+00,1.873956973445017660e+00,-1.110404338100085209e+00
1.638299999999999912e+01,1.650000000000000000e+03,2.000000000000000000e+03,-3.068739236288057892e+00,1.877676056617006317e+00,-1.099724803017806618e+00
1.639999999999999858e+01,1.650000000000000000e+03,2.000000000000000000e+03,-3.068739236288057892e+00,1.877676056617006317e+00,-1.099724803017806618e+00
1.641700000000000159e+01,1.650000000000000000e+03,2.000000000000000000e+03,-3.066596856191267761e+00,1.880159200041421119e+00,-1.105621926538433275e+00
1.643400000000000105e+01,1.650000000000000000e+03,2.000000000000000000e+03,-3.066596856191267761e+00,1.880159200041421119e+00,-1.105621926538433275e+00
1.645100000000000051e+01,1.650000000000000000e+03,2.000000000000000000e+03,-3.065227248760321821e+00,1.882763750185164842e+00,-1.117490950054890186e+00
1.646900000000000119e+01,1.650000000000000000e+03,2.000000000000000000e+03,-3.063081289713894151e+00,1.885253017842098977e+00,-1.107101625182615789e+00
1.648699999999999832e+01,1.650000000000000000e+03,2.000000000000000000e+03,-3.060457911755317006e+00,1.886261738206576499e+00,-1.118968963974984021e+00
1.650400000000000134e+01,1.650000000000000000e+03,2.000000000000000000e+03,-3.057834218956852368e+00,1.887271224241521050e+00,-1.131663504904295792e+00
1.652100000000000080e+01,1.650000000000000000e+03,2.000000000000000000e+03,-3.054909105150869664e+00,1.889647636462220337e+00,-1.127829957464867139e+00
1.653800000000000026e+01,1.650000000000000000e+03,2.000000000000000000e+03,-3.052756574936405620e+00,1.892145461119647099e+00,-1.133140004523972122e+00
1.655499999999999972e+01,1.650000000000000000e+03,2.000000000000000000e+03,-3.052756574936405620e+00,1.892145461119647099e+00,-1.133140004523972122e+00
1.657300000000000040e+01,1.650000000000000000e+03,2.000000000000000000e+03,-3.044571634571818564e+00,1.896557001432920941e+00,-1.143155872146348395e+00
1.658999999999999986e+01,1.650000000000000000e+03,2.000000000000000000e+03,-3.044571634571818564e+00,1.896557001432920941e+00,-1.143155872146348395e+00
1.660699999999999932e+01,1.650000000000000000e+03,2.000000000000000000e+03,-3.043187197768455476e+00,1.899182048609396656e+00,-1.159976526025967569e+00
1.662399999999999878e+01,1.650000000000000000e+03,2.000000000000000000e+03,-3.039782786009409765e+00,1.900080522591890642e+00,-1.160624662545244545e+00
1.664099999999999824e+01,1.650000000000000000e+03,2.000000000000000000e+03,-3.039782786009409765e+00,1.900080522591890642e+00,-1.160624662545244545e+00
1.665800000000000125e+01,1.650000000000000000e+03,2.000000000000000000e+03,-3.037927223672167720e+00,1.901216932855677388e+00,-1.157422660114023838e+00
1.667500000000000071e+01,1.650000000000000000e+03,2.000000000000000000e+03,-3.037927223672167720e+00,1.901216932855677388e+00,-1.157422660114023838e+00
1.669300000000000139e+01,1.650000000000000000e+03,2.000000000000000000e+03,-3.034064684300363357e+00,1.907740860850698716e+00,-1.175409819016145052e+00
1.671000000000000085e+01,1.650000000000000000e+03,2.000000000000000000e+03,-3.030964785111329718e+00,1.907265541680949195e+00,-1.188270258149702219e+00
1.672700000000000031e+01,1.650000000000000000e+03,2.000000000000000000e+03,-3.028485772197324621e+00,1.911164998194804898e+00,-1.176877217963537614e+00
1.674399999999999977e+01,1.650000000000000000e+03,2.000000000000000000e+03,-3.026160926193390388e+00,1.910808412944091650e+00,-1.189732498003968297e+00
1.676200000000000045e+01,1.650000000000000000e+03,2.000000000000000000e+03,-3.026160926193390388e+00,1.910808412944091650e+00,-1.189732498003968297e+00
1.677899999999999991e+01,1.650000000000000000e+03,2.000000000000000000e+03,-3.022751035722360591e+00,1.911713733647840030e+00,-1.190395069993680055e+00
1.679500000000000171e+01,1.650000000000000000e+03,2.000000000000000000e+03,-3.022751035722360591e+00,1.911713733647840030e+00,-1.190395069993680055e+00
1.681299999999999883e+01,1.650000000000000000e+03,2.000000000000000000e+03,-3.021351975756820352e+00,1.914357731286517428e+00,-1.194191704221404082e+00
1.683099999999999952e+01,1.650000000000000000e+03,2.000000000000000000e+03,-3.017626632473794146e+00,1.916648283262552432e+00,-1.204908164116653913e+00
1.684799999999999898e+01,1.650000000000000000e+03,2.000000000000000000e+03,-2.996962950741024478e+00,1.926397032986934654e+00,-1.251056907349263225e+00
1.686499999999999844e+01,1.650000000000000000e+03,2.000000000000000000e+03,-2.993868152416838235e+00,1.925922852018799869e+00,-1.251746681408405504e+00
1.688200000000000145e+01,1.650000000000000000e+03,2.000000000000000000e+03,-2.993868152416838235e+00,1.925922852018799869e+00,-1.251746681408405504e+00
1.689900000000000091e+01,1.650000000000000000e+03,2.000000000000000000e+03,-2.990903910877611427e+00,1.928347375523054463e+00,-1.250840623720396616e+00
1.691600000000000037e+01,1.650000000000000000e+03,2.000000000000000000e+03,-2.990258754021743570e+00,1.931130757795887831e+00,-1.253180645011958250e+00
1.693299999999999983e+01,1.650000000000000000e+03,2.000000000000000000e+03,-2.986390321628855204e+00,1.930537759383928353e+00,-1.267306306309594843e+00
1.694900000000000162e+01,1.650000000000000000e+03,2.000000000000000000e+03,-2.983421232780873122e+00,1.932967976260459686e+00,-1.268001820252889322e+00
1.696600000000000108e+01,1.650000000000000000e+03,2.000000000000000000e+03,-2.983421232780873122e+00,1.932967976260459686e+00,-1.268001820252889322e+00
1.698300000000000054e+01,1.650000000000000000e+03,2.000000000000000000e+03,-2.981101343363856238e+00,1.932612572102431869e+00,-1.281618178537143438e+00
1.700000000000000000e+01,1.650000000000000000e+03,2.000000000000000000e+03,-2.978576392677679152e+00,1.936559454849637874e+00,-1.282332210966636632e+00
1.701699999999999946e+01,1.650000000000000000e+03,2.000000000000000000e+03,-2.976702388800745780e+00,1.937718509253100407e+00,-1.283033348566134046e+00
1.703500000000000014e+01,1.650000000000000000e+03,2.000000000000000000e+03,-2.976702388800745780e+00,1.937718509253100407e+00,-1.283033348566134046e+00
1.705300000000000082e+01,1.650000000000000000e+03,2.000000000000000000e+03,-2.972836198168430144e+00,1.937125984578234927e+00,-1.297518190110465319e+00
1.707100000000000151e+01,1.650000000000000000e+03,2.000000000000000000e+03,-2.972836198168430144e+00,1.937125984578234927e+00,-1.297518190110465319e+00
1.708699999999999974e+01,1.650000000000000000e+03,2.000000000000000000e+03,-2.969859468591267593e+00,1.939564547296037222e+00,-1.298224542346092303e+00
1.710500000000000043e+01,1.650000000000000000e+03,2.000000000000000000e+03,-2.967210715999673898e+00,1.940607248355139980e+00,-1.298505330291443549e+00
1.712300000000000111e+01,1.650000000000000000e+03,2.000000000000000000e+03,-2.963125659883198537e+00,1.944331871743715023e+00,-1.300335214711951348e+00
1.714099999999999824e+01,1.650000000000000000e+03,2.000000000000000000e+03,-2.959701423784377283e+00,1.945258840406081102e+00,-1.328404952702366248e+00
1.715800000000000125e+01,1.650000000000000000e+03,2.000000000000000000e+03,-2.959701423784377283e+00,1.945258840406081102e+00,-1.328404952702366248e+00
1.717500000000000071e+01,1.650000000000000000e+03,2.000000000000000000e+03,-2.954397579156702314e+00,1.947352013427313011e+00,-1.329403282736392855e+00
1.719200000000000017e+01,1.650000000000000000e+03,2.000000000000000000e+03,-2.954397579156702314e+00,1.947352013427313011e+00,-1.329403282736392855e+00
1.720899999999999963e+01,1.650000000000000000e+03,2.000000000000000000e+03,-2.948755334975369902e+00,1.950852313681229244e+00,-1.331217153948276444e+00
1.722700000000000031e+01,1.650000000000000000e+03,2.000000000000000000e+03,-2.948755334975369902e+00,1.950852313681229244e+00,-1.331217153948276444e+00
1.724399999999999977e+01,1.650000000000000000e+03,2.000000000000000000e+03,-2.948755334975369902e+00,1.950852313681229244e+00,-1.331217153948276444e+00
1.726200000000000045e+01,1.650000000000000000e+03,2.000000000000000000e+03,-2.942673452831789049e+00,1.952834240765815910e+00,-1.346933953789435146e+00
1.727899999999999991e+01,1.650000000000000000e+03,2.000000000000000000e+03,-2.942673452831789049e+00,1.952834240765815910e+00,-1.346933953789435146e+00
1.729700000000000060e+01,1.650000000000000000e+03,2.000000000000000000e+03,-2.940790181982129603e+00,1.954003797620002647e+00,-1.360080411128089972e+00
1.731400000000000006e+01,1.650000000000000000e+03,2.000000000000000000e+03,-2.940790181982129603e+00,1.954003797620002647e+00,-1.360080411128089972e+00
1.733099999999999952e+01,1.650000000000000000e+03,2.000000000000000000e+03,-2.934364359322730209e+00,1.957398367916084236e+00,-1.377311651177007601e+00
1.734799999999999898e+01,1.650000000000000000e+03,2.000000000000000000e+03,-2.915824371695042050e+00,1.967738363300301163e+00,-1.408510383704274282e+00
1.736499999999999844e+01,1.650000000000000000e+03,2.000000000000000000e+03,-2.912737804731690083e+00,1.967265224974772853e+00,-1.409243787012779192e+00
1.738299999999999912e+01,1.650000000000000000e+03,2.000000000000000000e+03,-2.910074700112098789e+00,1.968325676861421680e+00,-1.412464952703208487e+00
1.740099999999999980e+01,1.650000000000000000e+03,2.000000000000000000e+03,-2.910074700112098789e+00,1.968325676861421680e+00,-1.412464952703208487e+00
1.741799999999999926e+01,1.650000000000000000e+03,2.000000000000000000e+03,-2.907060584812223958e+00,1.970803268292873778e+00,-1.413198648039141858e+00
1.743499999999999872e+01,1.650000000000000000e+03,2.000000000000000000e+03,-2.901663330864011847e+00,1.969976641104987269e+00,-1.428930733531967867e+00
1.745200000000000173e+01,1.650000000000000000e+03,2.000000000000000000e+03,-2.901663330864011847e+00,1.969976641104987269e+00,-1.428930733531967867e+00
1.746999999999999886e+01,1.650000000000000000e+03,2.000000000000000000e+03,-2.897104519839257097e+00,1.972220660439802487e+00,-1.444799433955471724e+00
1.748699999999999832e+01,1.650000000000000000e+03,2.000000000000000000e+03,-2.893313600104306715e+00,1.974585413346119367e+00,-1.446065853282002545e+00
1.750400000000000134e+01,1.650000000000000000e+03,2.000000000000000000e+03,-2.893313600104306715e+00,1.974585413346119367e+00,-1.446065853282002545e+00
1.752100000000000080e+01,1.650000000000000000e+03,2.000000000000000000e+03,-2.890646613983676172e+00,1.975650885639917753e+00,-1.446803950301549735e+00
1.753900000000000148e+01,1.650000000000000000e+03,2.000000000000000000e+03,-2.887208747443982926e+00,1.976599172280338657e+00,-1.447541866412346057e+00
1.755600000000000094e+01,1.650000000000000000e+03,2.000000000000000000e+03,-2.884128652895527001e+00,1.976128031739243784e+00,-1.478146575459668322e+00
1.757300000000000040e+01,1.650000000000000000e+03,2.000000000000000000e+03,-2.884128652895527001e+00,1.976128031739243784e+00,-1.478146575459668322e+00
1.758999999999999986e+01,1.650000000000000000e+03,2.000000000000000000e+03,-2.881461003248836583e+00,1.977195037649868148e+00,-1.478887805633614994e+00
1.760699999999999932e+01,1.650000000000000000e+03,2.000000000000000000e+03,-2.881461003248836583e+00,1.977195037649868148e+00,-1.478887805633614994e+00
1.762500000000000000e+01,1.650000000000000000e+03,2.000000000000000000e+03,-2.875763181129853407e+00,1.980753310530290801e+00,-1.480113532837918466e+00
1.764199999999999946e+01,1.650000000000000000e+03,2.000000000000000000e+03,-2.875763181129853407e+00,1.980753310530290801e+00,-1.480113532837918466e+00
1.766000000000000014e+01,1.650000000000000000e+03,2.000000000000000000e+03,-2.869246025531691835e+00,1.981235021619898617e+00,-1.497051559979536872e+00
1.767699999999999960e+01,1.650000000000000000e+03,2.000000000000000000e+03,-2.869246025531691835e+00,1.981235021619898617e+00,-1.497051559979536872e+00
1.769399999999999906e+01,1.650000000000000000e+03,2.000000000000000000e+03,-2.865806621506091112e+00,1.982188129083982009e+00,-1.497793043424660464e+00
1.771099999999999852e+01,1.650000000000000000e+03,2.000000000000000000e+03,-2.863904491872104607e+00,1.983376857755015266e+00,-1.513354709471112836e+00
1.772800000000000153e+01,1.650000000000000000e+03,2.000000000000000000e+03,-2.863904491872104607e+00,1.983376857755015266e+00,-1.513354709471112836e+00
1.774599999999999866e+01,1.650000000000000000e+03,2.000000000000000000e+03,-2.857791838415339569e+00,1.985404091861858955e+00,-1.509317221336659687e+00
1.776300000000000168e+01,1.650000000000000000e+03,2.000000000000000000e+03,-2.855887568317000635e+00,1.986594860795845463e+00,-1.515278041808933995e+00
1.778000000000000114e+01,1.650000000000000000e+03,2.000000000000000000e+03,-2.852445542875001294e+00,1.987551558853378531e+00,-1.531656335450906736e+00
1.779700000000000060e+01,1.650000000000000000e+03,2.000000000000000000e+03,-2.848235011198985589e+00,1.988391766901238533e+00,-1.532397801026636808e+00
1.781500000000000128e+01,1.650000000000000000e+03,2.000000000000000000e+03,-2.845931140622585787e+00,1.988040226764182794e+00,-1.533139029516959351e+00
1.783099999999999952e+01,1.650000000000000000e+03,2.000000000000000000e+03,-2.842860790210743893e+00,1.987572093972499232e+00,-1.533880020694030621e+00
1.784900000000000020e+01,1.650000000000000000e+03,2.000000000000000000e+03,-2.842860790210743893e+00,1.987572093972499232e+00,-1.533880020694030621e+00
1.786599999999999966e+01,1.650000000000000000e+03,2.000000000000000000e+03,-2.827561026506382191e+00,1.991178138889069249e+00,-1.561369931369361641e+00
1.788299999999999912e+01,1.650000000000000000e+03,2.000000000000000000e+03,-2.825651416003958971e+00,1.992373253781359654e+00,-1.576746090850628557e+00
1.790099999999999980e+01,1.650000000000000000e+03,2.000000000000000000e+03,-2.822208416321647650e+00,1.993335757135482833e+00,-1.569476974804324687e+00
1.791799999999999926e+01,1.650000000000000000e+03,2.000000000000000000e+03,-2.817999037663223127e+00,1.994182470473344626e+00,-1.586063608017671100e+00
1.793499999999999872e+01,1.650000000000000000e+03,2.000000000000000000e+03,-2.817999037663223127e+00,1.994182470473344626e+00,-1.586063608017671100e+00
1.795200000000000173e+01,1.650000000000000000e+03,2.000000000000000000e+03,-2.815701683662555688e+00,1.993833088417059862e+00,-1.586800754695015803e+00
1.796900000000000119e+01,1.650000000000000000e+03,2.000000000000000000e+03,-2.813024140499021719e+00,1.994913669884419871e+00,-1.602709795471146226e+00
1.798600000000000065e+01,1.650000000000000000e+03,2.000000000000000000e+03,-2.809197682584152034e+00,1.994332229903029940e+00,-1.603445094006584304e+00
1.800400000000000134e+01,1.650000000000000000e+03,2.000000000000000000e+03,-2.809197682584152034e+00,1.994332229903029940e+00,-1.603445094006584304e+00
1.802100000000000080e+01,1.650000000000000000e+03,2.000000000000000000e+03,-2.804225470252428298e+00,1.995065195899921484e+00,-1.604914849294763135e+00
1.803800000000000026e+01,1.650000000000000000e+03,2.000000000000000000e+03,-2.800403497523593188e+00,1.994485403088133157e+00,-1.621604529690420016e+00
1.805600000000000094e+01,1.650000000000000000e+03,2.000000000000000000e+03,-2.800403497523593188e+00,1.994485403088133157e+00,-1.621604529690420016e+00
1.809900000000000020e+01,1.650000000000000000e+03,2.000000000000000000e+03,-2.797725649215996313e+00,1.995567478861218547e+00,-1.637604335204366990e+00
1.811599999999999966e+01,1.650000000000000000e+03,2.000000000000000000e+03,-2.797725649215996313e+00,1.995567478861218547e+00,-1.637604335204366990e+00
1.813400000000000034e+01,1.650000000000000000e+03,2.000000000000000000e+03,-2.797725649215996313e+00,1.995567478861218547e+00,-1.637604335204366990e+00
1.815099999999999980e+01,1.650000000000000000e+03,2.000000000000000000e+03,-2.797725649215996313e+00,1.995567478861218547e+00,-1.637604335204366990e+00
1.816900000000000048e+01,1.650000000000000000e+03,2.000000000000000000e+03,-2.791991989143687292e+00,1.996187178307847088e+00,-1.639063331168926441e+00
1.818599999999999994e+01,1.650000000000000000e+03,2.000000000000000000e+03,-2.791991989143687292e+00,1.996187178307847088e+00,-1.639063331168926441e+00
1.820400000000000063e+01,1.650000000000000000e+03,2.000000000000000000e+03,-2.785886566772530770e+00,1.995262947687806321e+00,-1.640521126795875473e+00
1.822100000000000009e+01,1.650000000000000000e+03,2.000000000000000000e+03,-2.785886566772530770e+00,1.995262947687806321e+00,-1.640521126795875473e+00
1.823799999999999955e+01,1.650000000000000000e+03,2.000000000000000000e+03,-2.781683060445129918e+00,1.996115812645285814e+00,-1.657271223755197864e+00
1.825499999999999901e+01,1.650000000000000000e+03,2.000000000000000000e+03,-2.778633854513722135e+00,1.995654963151882733e+00,-1.657996418658009397e+00
1.827199999999999847e+01,1.650000000000000000e+03,2.000000000000000000e+03,-2.773276038224977924e+00,1.997824087376742774e+00,-1.664833045085154284e+00
1.828999999999999915e+01,1.650000000000000000e+03,2.000000000000000000e+03,-2.770229007571252122e+00,1.997363897021078305e+00,-1.665556417735711170e+00
1.830699999999999861e+01,1.650000000000000000e+03,2.000000000000000000e+03,-2.766787891965011958e+00,1.998334531272955683e+00,-1.666279475991596426e+00
1.832400000000000162e+01,1.650000000000000000e+03,2.000000000000000000e+03,-2.764107576036380909e+00,1.999420781600270924e+00,-1.697429774019686644e+00
1.834100000000000108e+01,1.650000000000000000e+03,2.000000000000000000e+03,-2.761063089388017922e+00,1.998961384796753560e+00,-1.698145216426403925e+00
1.835800000000000054e+01,1.650000000000000000e+03,2.000000000000000000e+03,-2.735900956360366454e+00,2.001139230257066082e+00,-1.730177876715886409e+00
1.837600000000000122e+01,1.650000000000000000e+03,2.000000000000000000e+03,-2.735900956360366454e+00,2.001139230257066082e+00,-1.730177876715886409e+00
1.839399999999999835e+01,1.650000000000000000e+03,2.000000000000000000e+03,-2.733624965741134893e+00,2.000797196197418693e+00,-1.746162688008226604e+00
1.841100000000000136e+01,1.650000000000000000e+03,2.000000000000000000e+03,-2.725635928383500328e+00,2.001089968657179696e+00,-1.763516268705881407e+00
1.842800000000000082e+01,1.650000000000000000e+03,2.000000000000000000e+03,-2.725635928383500328e+00,2.001089968657179696e+00,-1.763516268705881407e+00
1.844500000000000028e+01,1.650000000000000000e+03,2.000000000000000000e+03,-2.719923300319897486e+00,2.001725662817301465e+00,-1.764903701266830494e+00
1.846199999999999974e+01,1.650000000000000000e+03,2.000000000000000000e+03,-2.716894692322270988e+00,2.001271684354783531e+00,-1.765596885317024078e+00
1.848000000000000043e+01,1.650000000000000000e+03,2.000000000000000000e+03,-2.716894692322270988e+00,2.001271684354783531e+00,-1.765596885317024078e+00
1.849699999999999989e+01,1.650000000000000000e+03,2.000000000000000000e+03,-2.713867602416677904e+00,2.000818269916415204e+00,-1.766289713549793694e+00
1.851399999999999935e+01,1.650000000000000000e+03,2.000000000000000000e+03,-2.710842026594999066e+00,2.000365416852438294e+00,-1.798054388031479878e+00
1.853099999999999881e+01,1.650000000000000000e+03,2.000000000000000000e+03,-2.708159748532469990e+00,2.001456269484253703e+00,-1.798734826987312463e+00
1.854799999999999827e+01,1.650000000000000000e+03,2.000000000000000000e+03,-2.703964728342872714e+00,2.002321534375053336e+00,-1.799414902969634467e+00
1.856500000000000128e+01,1.650000000000000000e+03,2.000000000000000000e+03,-2.703964728342872714e+00,2.002321534375053336e+00,-1.799414902969634467e+00
1.858200000000000074e+01,1.650000000000000000e+03,2.000000000000000000e+03,-2.701697453343805400e+00,2.001982449743337167e+00,-1.815218665931610964e+00
1.859900000000000020e+01,1.650000000000000000e+03,2.000000000000000000e+03,-2.697920536487335319e+00,2.001417998694754008e+00,-1.800773962742440837e+00
1.861599999999999966e+01,1.650000000000000000e+03,2.000000000000000000e+03,-2.695655508594138272e+00,2.001079740296554554e+00,-1.816564646013687723e+00
1.863299999999999912e+01,1.650000000000000000e+03,2.000000000000000000e+03,-2.695655508594138272e+00,2.001079740296554554e+00,-1.816564646013687723e+00
1.865200000000000102e+01,1.650000000000000000e+03,2.000000000000000000e+03,-2.692972460795086675e+00,2.002171821502019000e+00,-1.817237085914238603e+00
1.866900000000000048e+01,1.650000000000000000e+03,2.000000000000000000e+03,-2.692972460795086675e+00,2.002171821502019000e+00,-1.817237085914238603e+00
1.868599999999999994e+01,1.650000000000000000e+03,2.000000000000000000e+03,-2.689953953576291745e+00,2.001721269004965720e+00,-1.817909157922932506e+00
1.870299999999999940e+01,1.650000000000000000e+03,2.000000000000000000e+03,-2.682745716327963326e+00,2.002139119996270811e+00,-1.849946584012259310e+00
1.871999999999999886e+01,1.650000000000000000e+03,2.000000000000000000e+03,-2.682745716327963326e+00,2.002139119996270811e+00,-1.849946584012259310e+00
1.873699999999999832e+01,1.650000000000000000e+03,2.000000000000000000e+03,-2.679731135456992597e+00,2.001689896005812930e+00,-1.850603869503588239e+00
1.875400000000000134e+01,1.650000000000000000e+03,2.000000000000000000e+03,-2.679731135456992597e+00,2.001689896005812930e+00,-1.850603869503588239e+00
1.877199999999999847e+01,1.650000000000000000e+03,2.000000000000000000e+03,-2.676293953230692413e+00,2.002670935711878375e+00,-1.850305418391379630e+00
1.878900000000000148e+01,1.650000000000000000e+03,2.000000000000000000e+03,-2.670270370877746657e+00,2.001774300852899646e+00,-1.867145897324196335e+00
1.880600000000000094e+01,1.650000000000000000e+03,2.000000000000000000e+03,-2.667687526188276426e+00,1.999898330812533320e+00,-1.868311302776821226e+00
1.882300000000000040e+01,1.650000000000000000e+03,2.000000000000000000e+03,-2.667687526188276426e+00,1.999898330812533320e+00,-1.868311302776821226e+00
1.883999999999999986e+01,1.650000000000000000e+03,2.000000000000000000e+03,-2.667687526188276426e+00,1.999898330812533320e+00,-1.868311302776821226e+00
1.885699999999999932e+01,1.650000000000000000e+03,2.000000000000000000e+03,-2.642052723669620740e+00,1.999080474458908352e+00,-1.904531605465257682e+00
1.887399999999999878e+01,1.650000000000000000e+03,2.000000000000000000e+03,-2.639055626696460433e+00,1.998637303661427111e+00,-1.905160895616382133e+00
1.889199999999999946e+01,1.650000000000000000e+03,2.000000000000000000e+03,-2.639055626696460433e+00,1.998637303661427111e+00,-1.905160895616382133e+00
1.890800000000000125e+01,1.650000000000000000e+03,2.000000000000000000e+03,-2.629015337106891170e+00,1.995666158036396354e+00,-1.955117388720575278e+00
1.892599999999999838e+01,1.650000000000000000e+03,2.000000000000000000e+03,-2.629015337106891170e+00,1.995666158036396354e+00,-1.955117388720575278e+00
1.894300000000000139e+01,1.650000000000000000e+03,2.000000000000000000e+03,-2.626025527645824198e+00,1.995225662109224363e+00,-1.955718217457002917e+00
1.896000000000000085e+01,1.650000000000000000e+03,2.000000000000000000e+03,-2.623037131899175645e+00,1.994785660310304021e+00,-1.956318678979185322e+00
1.897700000000000031e+01,1.650000000000000000e+03,2.000000000000000000e+03,-2.623037131899175645e+00,1.994785660310304021e+00,-1.956318678979185322e+00
1.899399999999999977e+01,1.650000000000000000e+03,2.000000000000000000e+03,-2.620490826878901114e+00,1.992924369838105836e+00,-1.955036611785861522e+00
1.901099999999999923e+01,1.650000000000000000e+03,2.000000000000000000e+03,-2.617506128187196968e+00,1.992485769442727594e+00,-1.955637392904137739e+00
1.902899999999999991e+01,1.650000000000000000e+03,2.000000000000000000e+03,-2.617506128187196968e+00,1.992485769442727594e+00,-1.955637392904137739e+00
1.904599999999999937e+01,1.650000000000000000e+03,2.000000000000000000e+03,-2.614522832830306065e+00,1.992047656130485844e+00,-1.970949197202512382e+00
1.906299999999999883e+01,1.650000000000000000e+03,2.000000000000000000e+03,-2.614522832830306065e+00,1.992047656130485844e+00,-1.970949197202512382e+00
1.907999999999999829e+01,1.650000000000000000e+03,2.000000000000000000e+03,-2.608259664736039873e+00,1.989644632192432816e+00,-1.990245225253756356e+00
1.909700000000000131e+01,1.650000000000000000e+03,2.000000000000000000e+03,-2.605281784371609177e+00,1.989208504490470375e+00,-1.990824662507159948e+00
1.911400000000000077e+01,1.650000000000000000e+03,2.000000000000000000e+03,-2.602603620904401449e+00,1.990300030192088343e+00,-1.991403739611637080e+00
1.913100000000000023e+01,1.650000000000000000e+03,2.000000000000000000e+03,-2.598883429366171338e+00,1.989755466335556555e+00,-1.991982455405615582e+00
1.914999999999999858e+01,1.650000000000000000e+03,2.000000000000000000e+03,-2.598883429366171338e+00,1.989755466335556555e+00,-1.991982455405615582e+00
1.916700000000000159e+01,1.650000000000000000e+03,2.000000000000000000e+03,-2.598883429366171338e+00,1.989755466335556555e+00,-1.991982455405615582e+00
1.918499999999999872e+01,1.650000000000000000e+03,2.000000000000000000e+03,-2.595908833015561079e+00,1.989320348290014806e+00,-1.992560808736511424e+00
1.920200000000000173e+01,1.650000000000000000e+03,2.000000000000000000e+03,-2.592935617226105549e+00,1.988885701777136195e+00,-1.993138798460647232e+00
1.921900000000000119e+01,1.650000000000000000e+03,2.000000000000000000e+03,-2.585508597719554658e+00,1.987801134757651411e+00,-2.009714123438897104e+00
1.923699999999999832e+01,1.650000000000000000e+03,2.000000000000000000e+03,-2.584024222792726810e+00,1.987584570585395838e+00,-2.009714123438897104e+00
1.925400000000000134e+01,1.650000000000000000e+03,2.000000000000000000e+03,-2.584024222792726810e+00,1.987584570585395838e+00,-2.009714123438897104e+00
1.927100000000000080e+01,1.650000000000000000e+03,2.000000000000000000e+03,-2.580477724189969901e+00,1.984106352339102930e+00,-2.040865325471767910e+00
1.928900000000000148e+01,1.650000000000000000e+03,2.000000000000000000e+03,-2.577513787405057322e+00,1.983675089440406936e+00,-2.041412153607054858e+00
1.930600000000000094e+01,1.650000000000000000e+03,2.000000000000000000e+03,-2.573810778335903660e+00,1.983136653774522973e+00,-2.041958636948892014e+00
1.932300000000000040e+01,1.650000000000000000e+03,2.000000000000000000e+03,-2.573810778335903660e+00,1.983136653774522973e+00,-2.041958636948892014e+00
1.933999999999999986e+01,1.650000000000000000e+03,2.000000000000000000e+03,-2.571135239019676444e+00,1.984226827122147707e+00,-2.042504774245605947e+00
1.935699999999999932e+01,1.650000000000000000e+03,2.000000000000000000e+03,-2.548686226367954610e+00,1.979493942606550316e+00,-2.095699669484680783e+00
1.937399999999999878e+01,1.650000000000000000e+03,2.000000000000000000e+03,-2.545736757595863153e+00,1.979067493223592766e+00,-2.096209133949389791e+00
1.939099999999999824e+01,1.650000000000000000e+03,2.000000000000000000e+03,-2.542514898380853428e+00,1.977127204106574609e+00,-2.118059512529480326e+00
1.940899999999999892e+01,1.650000000000000000e+03,2.000000000000000000e+03,-2.540032952642362840e+00,1.975295655299031949e+00,-2.112249591396489823e+00
1.942599999999999838e+01,1.650000000000000000e+03,2.000000000000000000e+03,-2.540032952642362840e+00,1.975295655299031949e+00,-2.112249591396489823e+00
1.944300000000000139e+01,1.650000000000000000e+03,2.000000000000000000e+03,-2.531475634191020951e+00,1.975535442177154710e+00,-2.127794414193529438e+00
1.946000000000000085e+01,1.650000000000000000e+03,2.000000000000000000e+03,-2.531475634191020951e+00,1.975535442177154710e+00,-2.127794414193529438e+00
1.947800000000000153e+01,1.650000000000000000e+03,2.000000000000000000e+03,-2.528534960294819278e+00,1.975111989951326752e+00,-2.128281090332781122e+00
1.949399999999999977e+01,1.650000000000000000e+03,2.000000000000000000e+03,-2.524594591552951073e+00,1.973073253875938349e+00,-2.150481361089895405e+00
1.951200000000000045e+01,1.650000000000000000e+03,2.000000000000000000e+03,-2.521658051223898411e+00,1.972651265730701819e+00,-2.150951540239214310e+00
1.953000000000000114e+01,1.650000000000000000e+03,2.000000000000000000e+03,-2.518722816576220769e+00,1.972229697684602989e+00,-2.151421428573165873e+00
1.954700000000000060e+01,1.650000000000000000e+03,2.000000000000000000e+03,-2.518722816576220769e+00,1.972229697684602989e+00,-2.151421428573165873e+00
1.956400000000000006e+01,1.650000000000000000e+03,2.000000000000000000e+03,-2.516522245901964272e+00,1.971913796270429398e+00,-2.165927625469862505e+00
1.958200000000000074e+01,1.650000000000000000e+03,2.000000000000000000e+03,-2.516522245901964272e+00,1.971913796270429398e+00,-2.165927625469862505e+00
1.960000000000000142e+01,1.650000000000000000e+03,2.000000000000000000e+03,-2.509924921187842273e+00,1.970967496423702059e+00,-2.166845086954318766e+00
1.961700000000000088e+01,1.650000000000000000e+03,2.000000000000000000e+03,-2.507208725292406015e+00,1.967641841079328380e+00,-2.181900118878759454e+00
1.963400000000000034e+01,1.650000000000000000e+03,2.000000000000000000e+03,-2.507208725292406015e+00,1.967641841079328380e+00,-2.181900118878759454e+00
1.965099999999999980e+01,1.650000000000000000e+03,2.000000000000000000e+03,-2.504282007237388363e+00,1.967223253664118321e+00,-2.182347175487264757e+00
1.966900000000000048e+01,1.650000000000000000e+03,2.000000000000000000e+03,-2.497701599639011505e+00,1.966282922696816371e+00,-2.183240471729614107e+00
1.968499999999999872e+01,1.650000000000000000e+03,2.000000000000000000e+03,-2.497701599639011505e+00,1.966282922696816371e+00,-2.183240471729614107e+00
1.970200000000000173e+01,1.650000000000000000e+03,2.000000000000000000e+03,-2.495509575393604074e+00,1.965969935173150329e+00,-2.197275562884493105e+00
1.971999999999999886e+01,1.650000000000000000e+03,2.000000000000000000e+03,-2.492334888332981002e+00,1.964051884631194067e+00,-2.220815903727805019e+00
1.973699999999999832e+01,1.650000000000000000e+03,2.000000000000000000e+03,-2.490622838684336759e+00,1.962344125633401770e+00,-2.221233730458035183e+00
1.975300000000000011e+01,1.650000000000000000e+03,2.000000000000000000e+03,-2.490622838684336759e+00,1.962344125633401770e+00,-2.221233730458035183e+00
1.976999999999999957e+01,1.650000000000000000e+03,2.000000000000000000e+03,-2.486247323049993518e+00,1.961721228157723651e+00,-2.221651314454984316e+00
1.978699999999999903e+01,1.650000000000000000e+03,2.000000000000000000e+03,-2.484539658669405515e+00,1.960016268981607634e+00,-2.213147901830840425e+00
1.980399999999999849e+01,1.650000000000000000e+03,2.000000000000000000e+03,-2.481626035334148384e+00,1.959602194248926121e+00,-2.213571763019399619e+00
1.982100000000000151e+01,1.650000000000000000e+03,2.000000000000000000e+03,-2.478466403099031545e+00,1.957693132593059993e+00,-2.237149519878019355e+00
1.983899999999999864e+01,1.650000000000000000e+03,2.000000000000000000e+03,-2.478466403099031545e+00,1.957693132593059993e+00,-2.237149519878019355e+00
1.985600000000000165e+01,1.650000000000000000e+03,2.000000000000000000e+03,-2.459341642628269931e+00,1.949161752167001271e+00,-2.244043453015834633e+00
1.987300000000000111e+01,1.650000000000000000e+03,2.000000000000000000e+03,-2.459341642628269931e+00,1.949161752167001271e+00,-2.244043453015834633e+00
1.989000000000000057e+01,1.650000000000000000e+03,2.000000000000000000e+03,-2.455244813718468144e+00,1.945680452498532720e+00,-2.280853604391138489e+00
1.990700000000000003e+01,1.650000000000000000e+03,2.000000000000000000e+03,-2.449458746534514120e+00,1.944866831391830697e+00,-2.268461569044960768e+00
1.992399999999999949e+01,1.650000000000000000e+03,2.000000000000000000e+03,-2.445611378243604861e+00,1.942876944230124359e+00,-2.293015482124377780e+00
1.994099999999999895e+01,1.650000000000000000e+03,2.000000000000000000e+03,-2.443212339877831596e+00,1.941092293100515231e+00,-2.282723323447504171e+00
1.995799999999999841e+01,1.650000000000000000e+03,2.000000000000000000e+03,-2.443212339877831596e+00,1.941092293100515231e+00,-2.282723323447504171e+00
1.997500000000000142e+01,1.650000000000000000e+03,2.000000000000000000e+03,-2.440325899623657424e+00,1.940687740892493629e+00,-2.283094545521748842e+00
1.999200000000000088e+01,1.650000000000000000e+03,2.000000000000000000e+03,-2.440325899623657424e+00,1.940687740892493629e+00,-2.283094545521748842e+00
2.001000000000000156e+01,1.650000000000000000e+03,2.000000000000000000e+03,-2.434819274217054907e+00,1.937025409093522388e+00,-2.307998355414405456e+00
2.002700000000000102e+01,1.650000000000000000e+03,2.000000000000000000e+03,-2.429778661807449502e+00,1.936321103866669446e+00,-2.321248065143447281e+00
2.004400000000000048e+01,1.650000000000000000e+03,2.000000000000000000e+03,-2.429778661807449502e+00,1.936321103866669446e+00,-2.321248065143447281e+00
2.006099999999999994e+01,1.650000000000000000e+03,2.000000000000000000e+03,-2.426899986033378642e+00,1.935919138795001437e+00,-2.321589763269257478e+00
2.007900000000000063e+01,1.650000000000000000e+03,2.000000000000000000e+03,-2.423573410609802359e+00,1.932570355974070342e+00,-2.334975132533249731e+00
2.009499999999999886e+01,1.650000000000000000e+03,2.000000000000000000e+03,-2.421417801114063906e+00,1.932270094321416387e+00,-2.347389883628209439e+00
2.011299999999999955e+01,1.650000000000000000e+03,2.000000000000000000e+03,-2.419262871835170081e+00,1.931970032041776086e+00,-2.335306334973561881e+00
2.013100000000000023e+01,1.650000000000000000e+03,2.000000000000000000e+03,-2.419262871835170081e+00,1.931970032041776086e+00,-2.335306334973561881e+00
2.014799999999999969e+01,1.650000000000000000e+03,2.000000000000000000e+03,-2.419262871835170081e+00,1.931970032041776086e+00,-2.335306334973561881e+00
2.016499999999999915e+01,1.650000000000000000e+03,2.000000000000000000e+03,-2.415672832353588095e+00,1.931470369714222812e+00,-2.335637371062863288e+00
2.018100000000000094e+01,1.650000000000000000e+03,2.000000000000000000e+03,-2.414016703926959995e+00,1.929800285917557812e+00,-2.335968238982061074e+00
2.019900000000000162e+01,1.650000000000000000e+03,2.000000000000000000e+03,-2.410928405391482787e+00,1.927932811634595289e+00,-2.361328124907708936e+00
2.021600000000000108e+01,1.650000000000000000e+03,2.000000000000000000e+03,-2.407345303418766846e+00,1.927435525594592747e+00,-2.361639275978925756e+00
2.023199999999999932e+01,1.650000000000000000e+03,2.000000000000000000e+03,-2.407345303418766846e+00,1.927435525594592747e+00,-2.361639275978925756e+00
2.025000000000000000e+01,1.650000000000000000e+03,2.000000000000000000e+03,-2.405695369038078901e+00,1.925769912639634374e+00,-2.361540600509557830e+00
2.026800000000000068e+01,1.650000000000000000e+03,2.000000000000000000e+03,-2.399039815252292041e+00,1.923412907672462424e+00,-2.387107447139181104e+00
2.028399999999999892e+01,1.650000000000000000e+03,2.000000000000000000e+03,-2.399039815252292041e+00,1.923412907672462424e+00,-2.387107447139181104e+00
2.030099999999999838e+01,1.650000000000000000e+03,2.000000000000000000e+03,-2.395465472585028177e+00,1.922918506413652473e+00,-2.387399014611810699e+00
2.031800000000000139e+01,1.650000000000000000e+03,2.000000000000000000e+03,-2.395465472585028177e+00,1.922918506413652473e+00,-2.387399014611810699e+00
2.033500000000000085e+01,1.650000000000000000e+03,2.000000000000000000e+03,-2.393611570747969264e+00,1.919796470351170736e+00,-2.413485111007040995e+00
2.035200000000000031e+01,1.650000000000000000e+03,2.000000000000000000e+03,-2.378015918657343519e+00,1.913360373196333786e+00,-2.426998112860352830e+00
2.037000000000000099e+01,1.650000000000000000e+03,2.000000000000000000e+03,-2.374760843019588119e+00,1.910061799634561908e+00,-2.439166702060703074e+00
2.038700000000000045e+01,1.650000000000000000e+03,2.000000000000000000e+03,-2.371918382740372255e+00,1.909672116885751780e+00,-2.439419403004134068e+00
2.040500000000000114e+01,1.650000000000000000e+03,2.000000000000000000e+03,-2.371918382740372255e+00,1.909672116885751780e+00,-2.439419403004134068e+00
2.042200000000000060e+01,1.650000000000000000e+03,2.000000000000000000e+03,-2.365634139908499467e+00,1.904544545311728232e+00,-2.466260025070667439e+00
2.043900000000000006e+01,1.650000000000000000e+03,2.000000000000000000e+03,-2.365634139908499467e+00,1.904544545311728232e+00,-2.466260025070667439e+00
2.045599999999999952e+01,1.650000000000000000e+03,2.000000000000000000e+03,-2.362089713119527978e+00,1.904060401043659478e+00,-2.455373545919453004e+00
2.047299999999999898e+01,1.650000000000000000e+03,2.000000000000000000e+03,-2.362089713119527978e+00,1.904060401043659478e+00,-2.455373545919453004e+00
2.048999999999999844e+01,1.650000000000000000e+03,2.000000000000000000e+03,-2.357443684013783791e+00,1.900588561708700386e+00,-2.499533780812513317e+00
2.050799999999999912e+01,1.650000000000000000e+03,2.000000000000000000e+03,-2.354221035572369836e+00,1.897316695363777228e+00,-2.515972790139088033e+00
2.052599999999999980e+01,1.650000000000000000e+03,2.000000000000000000e+03,-2.350492879474938235e+00,1.895395317536316071e+00,-2.500571853443440240e+00
2.054299999999999926e+01,1.650000000000000000e+03,2.000000000000000000e+03,-2.348374404914820524e+00,1.895107635074738450e+00,-2.490173926355029543e+00
2.055999999999999872e+01,1.650000000000000000e+03,2.000000000000000000e+03,-2.346063770433270079e+00,1.893380915326392522e+00,-2.527431559829066643e+00
2.057700000000000173e+01,1.650000000000000000e+03,2.000000000000000000e+03,-2.346063770433270079e+00,1.893380915326392522e+00,-2.527431559829066643e+00
2.059400000000000119e+01,1.650000000000000000e+03,2.000000000000000000e+03,-2.346063770433270079e+00,1.893380915326392522e+00,-2.527431559829066643e+00
2.061199999999999832e+01,1.650000000000000000e+03,2.000000000000000000e+03,-2.341258993167618208e+00,1.888497909783826589e+00,-2.511966841780267856e+00
2.062900000000000134e+01,1.650000000000000000e+03,2.000000000000000000e+03,-2.341258993167618208e+00,1.888497909783826589e+00,-2.511966841780267856e+00
2.064600000000000080e+01,1.650000000000000000e+03,2.000000000000000000e+03,-2.338252724114527226e+00,1.886683264752217593e+00,-2.538604516252896293e+00
2.066300000000000026e+01,1.650000000000000000e+03,2.000000000000000000e+03,-2.335438184041178644e+00,1.886303166971639911e+00,-2.548574202637240660e+00
2.068100000000000094e+01,1.650000000000000000e+03,2.000000000000000000e+03,-2.335438184041178644e+00,1.886303166971639911e+00,-2.548574202637240660e+00
2.069800000000000040e+01,1.650000000000000000e+03,2.000000000000000000e+03,-2.335438184041178644e+00,1.886303166971639911e+00,-2.548574202637240660e+00
2.071600000000000108e+01,1.650000000000000000e+03,2.000000000000000000e+03,-2.329254465993340517e+00,1.881252840639518809e+00,-2.539552173694807014e+00
2.073300000000000054e+01,1.650000000000000000e+03,2.000000000000000000e+03,-2.327148408256043410e+00,1.880969401897505389e+00,-2.549499002313353024e+00
2.075000000000000000e+01,1.650000000000000000e+03,2.000000000000000000e+03,-2.324674876679559521e+00,1.877832077804778788e+00,-2.576559756665035117e+00
2.076699999999999946e+01,1.650000000000000000e+03,2.000000000000000000e+03,-2.322388641286257105e+00,1.876124519866620322e+00,-2.550421179119801263e+00
2.078399999999999892e+01,1.650000000000000000e+03,2.000000000000000000e+03,-2.322388641286257105e+00,1.876124519866620322e+00,-2.550421179119801263e+00
2.080099999999999838e+01,1.650000000000000000e+03,2.000000000000000000e+03,-2.319922807602459169e+00,1.872996179103828762e+00,-2.577263951464218827e+00
2.081800000000000139e+01,1.650000000000000000e+03,2.000000000000000000e+03,-2.317123559762946705e+00,1.872621351566906345e+00,-2.577419210258245830e+00
2.083599999999999852e+01,1.650000000000000000e+03,2.000000000000000000e+03,-2.315024856420885957e+00,1.872340423440725043e+00,-2.586925535611229954e+00
2.085300000000000153e+01,1.650000000000000000e+03,2.000000000000000000e+03,-2.298263948787367728e+00,1.858966748236054567e+00,-2.624774227835909635e+00
2.087000000000000099e+01,1.650000000000000000e+03,2.000000000000000000e+03,-2.298263948787367728e+00,1.858966748236054567e+00,-2.624774227835909635e+00
2.088800000000000168e+01,1.650000000000000000e+03,2.000000000000000000e+03,-2.294965410078988466e+00,1.854371502811396955e+00,-2.598503706248019185e+00
2.090500000000000114e+01,1.650000000000000000e+03,2.000000000000000000e+03,-2.292016247339625057e+00,1.852597576992728534e+00,-2.634192983890795592e+00
2.092200000000000060e+01,1.650000000000000000e+03,2.000000000000000000e+03,-2.288207667399195344e+00,1.849330643292184106e+00,-2.626140358159190669e+00
2.093900000000000006e+01,1.650000000000000000e+03,2.000000000000000000e+03,-2.288207667399195344e+00,1.849330643292184106e+00,-2.626140358159190669e+00
2.095700000000000074e+01,1.650000000000000000e+03,2.000000000000000000e+03,-2.288207667399195344e+00,1.849330643292184106e+00,-2.626140358159190669e+00
2.097400000000000020e+01,1.650000000000000000e+03,2.000000000000000000e+03,-2.284406502404860539e+00,1.846070368212308299e+00,-2.662098101231527902e+00
2.099099999999999966e+01,1.650000000000000000e+03,2.000000000000000000e+03,-2.284406502404860539e+00,1.846070368212308299e+00,-2.662098101231527902e+00
2.100900000000000034e+01,1.650000000000000000e+03,2.000000000000000000e+03,-2.281304423888992350e+00,1.842907661498874639e+00,-2.635520473621798754e+00
2.102599999999999980e+01,1.650000000000000000e+03,2.000000000000000000e+03,-2.281304423888992350e+00,1.842907661498874639e+00,-2.635520473621798754e+00
2.104299999999999926e+01,1.650000000000000000e+03,2.000000000000000000e+03,-2.276826317686721612e+00,1.839569694617356976e+00,-2.671064230856541322e+00
2.105999999999999872e+01,1.650000000000000000e+03,2.000000000000000000e+03,-2.274427296950888966e+00,1.836509972372896815e+00,-2.663312041443851808e+00
2.107700000000000173e+01,1.650000000000000000e+03,2.000000000000000000e+03,-2.274427296950888966e+00,1.836509972372896815e+00,-2.663312041443851808e+00
2.109499999999999886e+01,1.650000000000000000e+03,2.000000000000000000e+03,-2.272194832720259683e+00,1.834846806226202887e+00,-2.671605070268944004e+00
2.111199999999999832e+01,1.650000000000000000e+03,2.000000000000000000e+03,-2.272194832720259683e+00,1.834846806226202887e+00,-2.671605070268944004e+00
2.112900000000000134e+01,1.650000000000000000e+03,2.000000000000000000e+03,-2.269803159446473373e+00,1.831795671655807478e+00,-2.706781640901301689e+00
2.114600000000000080e+01,1.650000000000000000e+03,2.000000000000000000e+03,-2.266887690231768726e+00,1.830047584530875682e+00,-2.680222544930652706e+00
2.116300000000000026e+01,1.650000000000000000e+03,2.000000000000000000e+03,-2.263128807683488120e+00,1.826826174920203716e+00,-2.707336835111238571e+00
2.117999999999999972e+01,1.650000000000000000e+03,2.000000000000000000e+03,-2.259534472336555577e+00,1.824994511412844300e+00,-2.680839240481311059e+00
2.119699999999999918e+01,1.650000000000000000e+03,2.000000000000000000e+03,-2.257690665313712319e+00,1.820669740776949652e+00,-2.715417506189756747e+00
2.121399999999999864e+01,1.650000000000000000e+03,2.000000000000000000e+03,-2.257690665313712319e+00,1.820669740776949652e+00,-2.715417506189756747e+00
2.123100000000000165e+01,1.650000000000000000e+03,2.000000000000000000e+03,-2.255477089298610238e+00,1.819023081963064836e+00,-2.735318341182849888e+00
2.124899999999999878e+01,1.650000000000000000e+03,2.000000000000000000e+03,-2.251056636069855177e+00,1.815735020698824975e+00,-2.708366866089025660e+00
2.126599999999999824e+01,1.650000000000000000e+03,2.000000000000000000e+03,-2.251056636069855177e+00,1.815735020698824975e+00,-2.708366866089025660e+00
2.128300000000000125e+01,1.650000000000000000e+03,2.000000000000000000e+03,-2.248849751021682053e+00,1.814093611204405043e+00,-2.743050032947226491e+00
2.130000000000000071e+01,1.650000000000000000e+03,2.000000000000000000e+03,-2.246113233282405197e+00,1.813740095259585683e+00,-2.743108547561065258e+00
2.131700000000000017e+01,1.650000000000000000e+03,2.000000000000000000e+03,-2.246113233282405197e+00,1.813740095259585683e+00,-2.743108547561065258e+00
2.133399999999999963e+01,1.650000000000000000e+03,2.000000000000000000e+03,-2.242092090976841590e+00,1.807808912233281440e+00,-2.743522648089369298e+00
2.135099999999999909e+01,1.650000000000000000e+03,2.000000000000000000e+03,-2.242092090976841590e+00,1.807808912233281440e+00,-2.743522648089369298e+00
2.136899999999999977e+01,1.650000000000000000e+03,2.000000000000000000e+03,-2.228797131911496088e+00,1.796673541160364262e+00,-2.805656868351255717e+00
2.138599999999999923e+01,1.650000000000000000e+03,2.000000000000000000e+03,-2.225790906038203509e+00,1.793605361338351134e+00,-2.778567816802888224e+00
2.140299999999999869e+01,1.650000000000000000e+03,2.000000000000000000e+03,-2.225790906038203509e+00,1.793605361338351134e+00,-2.778567816802888224e+00
2.142000000000000171e+01,1.650000000000000000e+03,2.000000000000000000e+03,-2.223611257285642573e+00,1.791986902200958909e+00,-2.812252775258886395e+00
2.143799999999999883e+01,1.650000000000000000e+03,2.000000000000000000e+03,-2.223611257285642573e+00,1.791986902200958909e+00,-2.812252775258886395e+00
2.145499999999999829e+01,1.650000000000000000e+03,2.000000000000000000e+03,-2.221969639650850148e+00,1.789100105899916304e+00,-2.778919567615603992e+00
2.147200000000000131e+01,1.650000000000000000e+03,2.000000000000000000e+03,-2.219653419267315186e+00,1.786132001904964461e+00,-2.812545541351224365e+00
2.148900000000000077e+01,1.650000000000000000e+03,2.000000000000000000e+03,-2.217622014161695354e+00,1.785873918144399664e+00,-2.818665001928419400e+00
2.150600000000000023e+01,1.650000000000000000e+03,2.000000000000000000e+03,-2.212329916405454178e+00,1.779869169110506189e+00,-2.812864682158629392e+00
2.152299999999999969e+01,1.650000000000000000e+03,2.000000000000000000e+03,-2.212329916405454178e+00,1.779869169110506189e+00,-2.812864682158629392e+00
2.153999999999999915e+01,1.650000000000000000e+03,2.000000000000000000e+03,-2.211516245666561353e+00,1.778435414891647248e+00,-2.840151063181770130e+00
2.155699999999999861e+01,1.650000000000000000e+03,2.000000000000000000e+03,-2.211516245666561353e+00,1.778435414891647248e+00,-2.840151063181770130e+00
2.157400000000000162e+01,1.650000000000000000e+03,2.000000000000000000e+03,-2.206920125729921356e+00,1.772542218345035447e+00,-2.846170008264115925e+00
2.159199999999999875e+01,1.650000000000000000e+03,2.000000000000000000e+03,-2.206920125729921356e+00,1.772542218345035447e+00,-2.846170008264115925e+00
2.160900000000000176e+01,1.650000000000000000e+03,2.000000000000000000e+03,-2.205436750584474748e+00,1.771029714887037532e+00,-2.846170008264115925e+00
2.162699999999999889e+01,1.650000000000000000e+03,2.000000000000000000e+03,-2.205436750584474748e+00,1.771029714887037532e+00,-2.846170008264115925e+00
2.164300000000000068e+01,1.650000000000000000e+03,2.000000000000000000e+03,-2.199383344396853346e+00,1.763656575207256605e+00,-2.878821535447452895e+00
2.166100000000000136e+01,1.650000000000000000e+03,2.000000000000000000e+03,-2.199383344396853346e+00,1.763656575207256605e+00,-2.878821535447452895e+00
2.167899999999999849e+01,1.650000000000000000e+03,2.000000000000000000e+03,-2.197907183338383863e+00,1.762152186721797520e+00,-2.846637795646739022e+00
2.169600000000000151e+01,1.650000000000000000e+03,2.000000000000000000e+03,-2.194958816873456176e+00,1.759147565151401693e+00,-2.878999514728931342e+00
2.171300000000000097e+01,1.650000000000000000e+03,2.000000000000000000e+03,-2.194958816873456176e+00,1.759147565151401693e+00,-2.878999514728931342e+00
2.173000000000000043e+01,1.650000000000000000e+03,2.000000000000000000e+03,-2.193895096495589669e+00,1.755068706261228684e+00,-2.873908887163571180e+00
2.174599999999999866e+01,1.650000000000000000e+03,2.000000000000000000e+03,-2.191885527535441636e+00,1.754818033622749684e+00,-2.879177366890064871e+00
2.176300000000000168e+01,1.650000000000000000e+03,2.000000000000000000e+03,-2.189488709051781168e+00,1.750582702798892498e+00,-2.874095489773360157e+00
2.178000000000000114e+01,1.650000000000000000e+03,2.000000000000000000e+03,-2.187354070974321552e+00,1.749007019254245510e+00,-2.879355085033576511e+00
2.179700000000000060e+01,1.650000000000000000e+03,2.000000000000000000e+03,-2.186557650497780170e+00,1.747598886076414448e+00,-2.879355085033576511e+00
2.181400000000000006e+01,1.650000000000000000e+03,2.000000000000000000e+03,-2.183631800570150272e+00,1.744620531027185617e+00,-2.879532662363806228e+00
2.183099999999999952e+01,1.650000000000000000e+03,2.000000000000000000e+03,-2.182297132787138771e+00,1.744455076682661421e+00,-2.852914462716264143e+00
2.184900000000000020e+01,1.650000000000000000e+03,2.000000000000000000e+03,-2.182297132787138771e+00,1.744455076682661421e+00,-2.852914462716264143e+00
2.186599999999999966e+01,1.650000000000000000e+03,2.000000000000000000e+03,-2.170043313838186716e+00,1.726043341351074734e+00,-2.916157719667851200e+00
2.188299999999999912e+01,1.650000000000000000e+03,2.000000000000000000e+03,-2.170043313838186716e+00,1.726043341351074734e+00,-2.916157719667851200e+00
2.189999999999999858e+01,1.650000000000000000e+03,2.000000000000000000e+03,-2.168596182378496273e+00,1.724572784389671209e+00,-2.911515204352600250e+00
2.191700000000000159e+01,1.650000000000000000e+03,2.000000000000000000e+03,-2.168596182378496273e+00,1.724572784389671209e+00,-2.911515204352600250e+00
2.193400000000000105e+01,1.650000000000000000e+03,2.000000000000000000e+03,-2.166248007204372161e+00,1.720411751973370151e+00,-2.916274036611732345e+00
2.195100000000000051e+01,1.650000000000000000e+03,2.000000000000000000e+03,-2.164024323375875802e+00,1.717562598042176258e+00,-2.946611021311631884e+00
2.196799999999999997e+01,1.650000000000000000e+03,2.000000000000000000e+03,-2.164024323375875802e+00,1.717562598042176258e+00,-2.946611021311631884e+00
2.198499999999999943e+01,1.650000000000000000e+03,2.000000000000000000e+03,-2.164024323375875802e+00,1.717562598042176258e+00,-2.946611021311631884e+00
2.200199999999999889e+01,1.650000000000000000e+03,2.000000000000000000e+03,-2.161686296904787419e+00,1.713418517122510476e+00,-2.942502348619991714e+00
2.201899999999999835e+01,1.650000000000000000e+03,2.000000000000000000e+03,-2.160130684716041749e+00,1.710661318497676664e+00,-2.968732677445514057e+00
2.203600000000000136e+01,1.650000000000000000e+03,2.000000000000000000e+03,-2.157142947977571446e+00,1.706453904053244486e+00,-2.968763475612249181e+00
2.205300000000000082e+01,1.650000000000000000e+03,2.000000000000000000e+03,-2.157142947977571446e+00,1.706453904053244486e+00,-2.968763475612249181e+00
2.207000000000000028e+01,1.650000000000000000e+03,2.000000000000000000e+03,-2.157142947977571446e+00,1.706453904053244486e+00,-2.968763475612249181e+00
2.208699999999999974e+01,1.650000000000000000e+03,2.000000000000000000e+03,-2.153275230969857734e+00,1.699597081345721072e+00,-2.968794616049892809e+00
2.210300000000000153e+01,1.650000000000000000e+03,2.000000000000000000e+03,-2.151189375114483049e+00,1.698070483815887766e+00,-2.972622891955136293e+00
2.213599999999999923e+01,1.650000000000000000e+03,2.000000000000000000e+03,-2.150532397699103537e+00,1.697991248905670325e+00,-2.998511760839760676e+00
2.215500000000000114e+01,1.650000000000000000e+03,2.000000000000000000e+03,-2.150532397699103537e+00,1.697991248905670325e+00,-2.998511760839760676e+00
2.218100000000000094e+01,1.650000000000000000e+03,2.000000000000000000e+03,-2.150532397699103537e+00,1.697991248905670325e+00,-2.998511760839760676e+00
2.219900000000000162e+01,1.650000000000000000e+03,2.000000000000000000e+03,-2.150532397699103537e+00,1.697991248905670325e+00,-2.998511760839760676e+00
2.221600000000000108e+01,1.650000000000000000e+03,2.000000000000000000e+03,-2.148992517079970632e+00,1.695258926032825464e+00,-3.024443132443394244e+00
2.223999999999999844e+01,1.650000000000000000e+03,2.000000000000000000e+03,-2.145153357273453132e+00,1.688447080690723023e+00,-2.998508053305365184e+00
2.225700000000000145e+01,1.650000000000000000e+03,2.000000000000000000e+03,-2.144498472261259892e+00,1.688368548274699066e+00,-3.027440949411222437e+00
2.227400000000000091e+01,1.650000000000000000e+03,2.000000000000000000e+03,-2.142092822952231579e+00,1.683017016627596174e+00,-2.998493219699442047e+00
2.229100000000000037e+01,1.650000000000000000e+03,2.000000000000000000e+03,-2.139912983897989118e+00,1.680230477853711601e+00,-3.027353675475383810e+00
2.230699999999999861e+01,1.650000000000000000e+03,2.000000000000000000e+03,-2.138606854151083869e+00,1.680074619809354353e+00,-3.027353675475383810e+00
2.232499999999999929e+01,1.650000000000000000e+03,2.000000000000000000e+03,-2.137628277752063433e+00,1.676175900800507712e+00,-3.024254810428363971e+00
2.234199999999999875e+01,1.650000000000000000e+03,2.000000000000000000e+03,-2.136108103870975050e+00,1.673478179330773585e+00,-3.050041464736618302e+00
2.235900000000000176e+01,1.650000000000000000e+03,2.000000000000000000e+03,-2.124134359039630660e+00,1.653304011859393796e+00,-3.103056708165650601e+00
2.237600000000000122e+01,1.650000000000000000e+03,2.000000000000000000e+03,-2.121987888546865264e+00,1.650566447048810392e+00,-3.077670295619408858e+00
2.239300000000000068e+01,1.650000000000000000e+03,2.000000000000000000e+03,-2.119642196142857760e+00,1.645331265723855463e+00,-3.128024155575539922e+00
2.241000000000000014e+01,1.650000000000000000e+03,2.000000000000000000e+03,-2.119642196142857760e+00,1.645331265723855463e+00,-3.128024155575539922e+00
2.242800000000000082e+01,1.650000000000000000e+03,2.000000000000000000e+03,-2.117504337562063466e+00,1.642606709853432712e+00,-3.104708376758814392e+00
2.244500000000000028e+01,1.650000000000000000e+03,2.000000000000000000e+03,-2.115170758650799954e+00,1.637395774915867186e+00,-3.102597027131254404e+00
2.246300000000000097e+01,1.650000000000000000e+03,2.000000000000000000e+03,-2.115170758650799954e+00,1.637395774915867186e+00,-3.102597027131254404e+00
2.248000000000000043e+01,1.650000000000000000e+03,2.000000000000000000e+03,-2.115170758650799954e+00,1.637395774915867186e+00,-3.102597027131254404e+00
2.249800000000000111e+01,1.650000000000000000e+03,2.000000000000000000e+03,-2.113783837767477358e+00,1.636001991008853906e+00,-3.129274880928213154e+00
2.251500000000000057e+01,1.650000000000000000e+03,2.000000000000000000e+03,-2.112844146553393365e+00,1.632200547426672976e+00,3.129291712820034377e+00
2.253200000000000003e+01,1.650000000000000000e+03,2.000000000000000000e+03,-2.112844146553393365e+00,1.632200547426672976e+00,3.129291712820034377e+00
2.255000000000000071e+01,1.650000000000000000e+03,2.000000000000000000e+03,-2.111460283780898450e+00,1.630811123591002776e+00,-3.129111332866847395e+00
2.256700000000000017e+01,1.650000000000000000e+03,2.000000000000000000e+03,-2.110524468555221134e+00,1.627020952120760811e+00,-3.127305034862817745e+00
2.258399999999999963e+01,1.650000000000000000e+03,2.000000000000000000e+03,-2.108502133054483529e+00,1.625561783369302127e+00,-3.128912663161270480e+00
2.260099999999999909e+01,1.650000000000000000e+03,2.000000000000000000e+03,-2.106097487430727000e+00,1.619170223378897155e+00,3.129912573252411789e+00
2.261799999999999855e+01,1.650000000000000000e+03,2.000000000000000000e+03,-2.106097487430727000e+00,1.619170223378897155e+00,3.129912573252411789e+00
2.263500000000000156e+01,1.650000000000000000e+03,2.000000000000000000e+03,-2.105905785122219598e+00,1.616708359617715196e+00,3.105531054133656710e+00
2.265200000000000102e+01,1.650000000000000000e+03,2.000000000000000000e+03,-2.105170499475772505e+00,1.615405281613590649e+00,3.105531054133656710e+00
2.267000000000000171e+01,1.650000000000000000e+03,2.000000000000000000e+03,-2.102329351084749387e+00,1.611428955806892827e+00,3.105789562935514780e+00
2.268799999999999883e+01,1.650000000000000000e+03,2.000000000000000000e+03,-2.102329351084749387e+00,1.611428955806892827e+00,3.105789562935514780e+00
2.270599999999999952e+01,1.650000000000000000e+03,2.000000000000000000e+03,-2.102140632654615704e+00,1.608977915607029630e+00,3.130334343740693637e+00
2.272299999999999898e+01,1.650000000000000000e+03,2.000000000000000000e+03,-2.101314451102917591e+00,1.606457405696904317e+00,3.106014253003587466e+00
2.274099999999999966e+01,1.650000000000000000e+03,2.000000000000000000e+03,-2.099028960693808621e+00,1.601354860533920732e+00,3.106238300293366006e+00
2.275799999999999912e+01,1.650000000000000000e+03,2.000000000000000000e+03,-2.097570680654993858e+00,1.598773151528097181e+00,3.081510120443587741e+00
2.277499999999999858e+01,1.650000000000000000e+03,2.000000000000000000e+03,-2.096658119101678430e+00,1.595052052975555412e+00,3.083019507695080375e+00
2.279299999999999926e+01,1.650000000000000000e+03,2.000000000000000000e+03,-2.095295807944034916e+00,1.593693537286472228e+00,3.082398939411981509e+00
2.280999999999999872e+01,1.650000000000000000e+03,2.000000000000000000e+03,-2.095295807944034916e+00,1.593693537286472228e+00,3.082398939411981509e+00
2.282700000000000173e+01,1.650000000000000000e+03,2.000000000000000000e+03,-2.093661714234904991e+00,1.588700603479139772e+00,3.059078329680742225e+00
2.284400000000000119e+01,1.650000000000000000e+03,2.000000000000000000e+03,-2.093661714234904991e+00,1.588700603479139772e+00,3.059078329680742225e+00
2.286100000000000065e+01,1.650000000000000000e+03,2.000000000000000000e+03,-2.093661714234904991e+00,1.588700603479139772e+00,3.059078329680742225e+00
2.287800000000000011e+01,1.650000000000000000e+03,2.000000000000000000e+03,-2.089329571477177350e+00,1.572678149991542984e+00,3.012365966477359436e+00
2.289499999999999957e+01,1.650000000000000000e+03,2.000000000000000000e+03,-2.087171825357435839e+00,1.568871696297438056e+00,3.059899538283698206e+00
2.291300000000000026e+01,1.650000000000000000e+03,2.000000000000000000e+03,-2.087171825357435839e+00,1.568871696297438056e+00,3.059899538283698206e+00
2.292999999999999972e+01,1.650000000000000000e+03,2.000000000000000000e+03,-2.087713739962741677e+00,1.567745264436425590e+00,3.012702593631313430e+00
2.294699999999999918e+01,1.650000000000000000e+03,2.000000000000000000e+03,-2.086643809515579928e+00,1.561703715664150671e+00,3.036659556744323307e+00
2.296399999999999864e+01,1.650000000000000000e+03,2.000000000000000000e+03,-2.086643809515579928e+00,1.561703715664150671e+00,3.036659556744323307e+00
2.298100000000000165e+01,1.650000000000000000e+03,2.000000000000000000e+03,-2.085752294935101503e+00,1.558060881946161214e+00,3.036965971914284967e+00
2.299800000000000111e+01,1.650000000000000000e+03,2.000000000000000000e+03,-2.084949709574753562e+00,1.555613403024261654e+00,2.990340371319402113e+00
2.301500000000000057e+01,1.650000000000000000e+03,2.000000000000000000e+03,-2.084148259628489264e+00,1.553169404882383198e+00,3.037271544718806116e+00
2.303300000000000125e+01,1.650000000000000000e+03,2.000000000000000000e+03,-2.083261530805585071e+00,1.549544451848841486e+00,3.014039942215598344e+00
2.305000000000000071e+01,1.650000000000000000e+03,2.000000000000000000e+03,-2.080953763964373593e+00,1.543428064724245985e+00,3.014678057781041698e+00
2.306700000000000017e+01,1.650000000000000000e+03,2.000000000000000000e+03,-2.080953763964373593e+00,1.543428064724245985e+00,3.014678057781041698e+00
2.308399999999999963e+01,1.650000000000000000e+03,2.000000000000000000e+03,-2.080868332458963632e+00,1.542248579338290515e+00,2.992013777848482547e+00
2.310099999999999909e+01,1.650000000000000000e+03,2.000000000000000000e+03,-2.079448103896076816e+00,1.539755067918734621e+00,2.991776024258295585e+00
2.311799999999999855e+01,1.650000000000000000e+03,2.000000000000000000e+03,-2.079278481494293729e+00,1.537401869462141413e+00,2.992370517409645547e+00
2.313500000000000156e+01,1.650000000000000000e+03,2.000000000000000000e+03,-2.079278481494293729e+00,1.537401869462141413e+00,2.992370517409645547e+00
2.315200000000000102e+01,1.650000000000000000e+03,2.000000000000000000e+03,-2.078400831416889805e+00,1.533809856388501203e+00,2.992726302299001606e+00
2.316900000000000048e+01,1.650000000000000000e+03,2.000000000000000000e+03,-2.076734618433472512e+00,1.527817144405662297e+00,2.968990047145745326e+00
2.318700000000000117e+01,1.650000000000000000e+03,2.000000000000000000e+03,-2.076734618433472512e+00,1.527817144405662297e+00,2.968990047145745326e+00
2.320400000000000063e+01,1.650000000000000000e+03,2.000000000000000000e+03,-2.075323361880483386e+00,1.525344867748787081e+00,2.969886560177929624e+00
2.322100000000000009e+01,1.650000000000000000e+03,2.000000000000000000e+03,-2.075323361880483386e+00,1.525344867748787081e+00,2.969886560177929624e+00
2.323799999999999955e+01,1.650000000000000000e+03,2.000000000000000000e+03,-2.074908334654915976e+00,1.519516035847402691e+00,2.946786992122138127e+00
2.325499999999999901e+01,1.650000000000000000e+03,2.000000000000000000e+03,-2.073255014460381851e+00,1.513572816940828236e+00,2.948364810273942371e+00
2.327299999999999969e+01,1.650000000000000000e+03,2.000000000000000000e+03,-2.073255014460381851e+00,1.513572816940828236e+00,2.948364810273942371e+00
2.329100000000000037e+01,1.650000000000000000e+03,2.000000000000000000e+03,-2.073255014460381851e+00,1.513572816940828236e+00,2.948364810273942371e+00
2.330900000000000105e+01,1.650000000000000000e+03,2.000000000000000000e+03,-2.071852111044288680e+00,1.511121335179241854e+00,2.948766438091544373e+00
2.332600000000000051e+01,1.650000000000000000e+03,2.000000000000000000e+03,-2.071688911945402722e+00,1.508806454632623417e+00,2.948766438091544373e+00
2.334299999999999997e+01,1.650000000000000000e+03,2.000000000000000000e+03,-2.070907497516685236e+00,1.506428279183101182e+00,2.926808531648369183e+00
2.336100000000000065e+01,1.650000000000000000e+03,2.000000000000000000e+03,-2.067849312439832499e+00,1.488991088906894245e+00,2.883288818280788313e+00
2.337800000000000011e+01,1.650000000000000000e+03,2.000000000000000000e+03,-2.067849312439832499e+00,1.488991088906894245e+00,2.883288818280788313e+00
2.339499999999999957e+01,1.650000000000000000e+03,2.000000000000000000e+03,-2.066460297791453016e+00,1.486575197044424090e+00,2.905240516000888729e+00
2.341199999999999903e+01,1.650000000000000000e+03,2.000000000000000000e+03,-2.064837179912186738e+00,1.480745246923886427e+00,2.884216362881224960e+00
2.342899999999999849e+01,1.650000000000000000e+03,2.000000000000000000e+03,-2.065293232225723585e+00,1.478535143210752967e+00,2.886185775323846237e+00
2.344600000000000151e+01,1.650000000000000000e+03,2.000000000000000000e+03,-2.065293232225723585e+00,1.478535143210752967e+00,2.886185775323846237e+00
2.346399999999999864e+01,1.650000000000000000e+03,2.000000000000000000e+03,-2.064523067068656292e+00,1.476198787438581128e+00,2.884678427760283714e+00
2.348100000000000165e+01,1.650000000000000000e+03,2.000000000000000000e+03,-2.065512507883790150e+00,1.472925237873227378e+00,2.863605460628344535e+00
2.349800000000000111e+01,1.650000000000000000e+03,2.000000000000000000e+03,-2.065512507883790150e+00,1.472925237873227378e+00,2.863605460628344535e+00
2.351599999999999824e+01,1.650000000000000000e+03,2.000000000000000000e+03,-2.064053466309374141e+00,1.469401240245774343e+00,2.864085886727236296e+00
2.353300000000000125e+01,1.650000000000000000e+03,2.000000000000000000e+03,-2.063897349256250457e+00,1.467141271800561420e+00,2.864085886727236296e+00
2.355000000000000071e+01,1.650000000000000000e+03,2.000000000000000000e+03,-2.063741439750586437e+00,1.464884233747103970e+00,2.864565155349139136e+00
2.356700000000000017e+01,1.650000000000000000e+03,2.000000000000000000e+03,-2.063741439750586437e+00,1.464884233747103970e+00,2.864565155349139136e+00
2.358500000000000085e+01,1.650000000000000000e+03,2.000000000000000000e+03,-2.063507963704130699e+00,1.461504158195436442e+00,2.843856376311590495e+00
2.360200000000000031e+01,1.650000000000000000e+03,2.000000000000000000e+03,-2.062665378854804832e+00,1.458067266310586696e+00,2.841885516574850445e+00
2.361899999999999977e+01,1.650000000000000000e+03,2.000000000000000000e+03,-2.061978685130691158e+00,1.456880981723503776e+00,2.844352795816812218e+00
2.363599999999999923e+01,1.650000000000000000e+03,2.000000000000000000e+03,-2.062356208655845791e+00,1.453579684081430567e+00,2.844888812049869653e+00
2.365299999999999869e+01,1.650000000000000000e+03,2.000000000000000000e+03,-2.062578690874255383e+00,1.448049259331832150e+00,2.822406144415119833e+00
2.367000000000000171e+01,1.650000000000000000e+03,2.000000000000000000e+03,-2.062578690874255383e+00,1.448049259331832150e+00,2.822406144415119833e+00
2.368700000000000117e+01,1.650000000000000000e+03,2.000000000000000000e+03,-2.062424528302357896e+00,1.445816892105696638e+00,2.822406144415119833e+00
2.370499999999999829e+01,1.650000000000000000e+03,2.000000000000000000e+03,-2.061586853850203127e+00,1.442411285820683453e+00,2.822918379746809148e+00
2.372200000000000131e+01,1.650000000000000000e+03,2.000000000000000000e+03,-2.061357036317815528e+00,1.439074770174284090e+00,2.802792277752760075e+00
2.373900000000000077e+01,1.650000000000000000e+03,2.000000000000000000e+03,-2.061357036317815528e+00,1.439074770174284090e+00,2.802792277752760075e+00
2.375600000000000023e+01,1.650000000000000000e+03,2.000000000000000000e+03,-2.061280531414981798e+00,1.437964027869697237e+00,2.826160686468622618e+00
2.377299999999999969e+01,1.650000000000000000e+03,2.000000000000000000e+03,-2.060822558268202709e+00,1.431314534618898904e+00,2.803905263898399891e+00
2.378999999999999915e+01,1.650000000000000000e+03,2.000000000000000000e+03,-2.060822558268202709e+00,1.431314534618898904e+00,2.803905263898399891e+00
2.380699999999999861e+01,1.650000000000000000e+03,2.000000000000000000e+03,-2.061802840411768756e+00,1.428122563580939808e+00,2.781027837435986694e+00
2.382400000000000162e+01,1.650000000000000000e+03,2.000000000000000000e+03,-2.061046173504500700e+00,1.425854264218139988e+00,2.781569751333516471e+00
2.384199999999999875e+01,1.650000000000000000e+03,2.000000000000000000e+03,-2.060209056981078035e+00,1.405090890445262808e+00,2.760920017350196431e+00
2.385900000000000176e+01,1.650000000000000000e+03,2.000000000000000000e+03,-2.060209056981078035e+00,1.405090890445262808e+00,2.760920017350196431e+00
2.387699999999999889e+01,1.650000000000000000e+03,2.000000000000000000e+03,-2.060733825424565957e+00,1.404062006350193847e+00,2.764430096203590370e+00
2.389399999999999835e+01,1.650000000000000000e+03,2.000000000000000000e+03,-2.060733825424565957e+00,1.404062006350193847e+00,2.764430096203590370e+00
2.391100000000000136e+01,1.650000000000000000e+03,2.000000000000000000e+03,-2.059983152808547935e+00,1.401825739781800362e+00,2.745382533650305934e+00
2.392800000000000082e+01,1.650000000000000000e+03,2.000000000000000000e+03,-2.059682632624033616e+00,1.397481872321182816e+00,2.742331422548379916e+00
2.394500000000000028e+01,1.650000000000000000e+03,2.000000000000000000e+03,-2.059682632624033616e+00,1.397481872321182816e+00,2.742331422548379916e+00
2.396300000000000097e+01,1.650000000000000000e+03,2.000000000000000000e+03,-2.059981099155904882e+00,1.393208571856715761e+00,2.746595809922234288e+00
2.398000000000000043e+01,1.650000000000000000e+03,2.000000000000000000e+03,-2.059831139915639486e+00,1.391046130871153697e+00,2.724186662863864683e+00
2.399699999999999989e+01,1.650000000000000000e+03,2.000000000000000000e+03,-2.059831139915639486e+00,1.391046130871153697e+00,2.724186662863864683e+00
2.401399999999999935e+01,1.650000000000000000e+03,2.000000000000000000e+03,-2.060726080426038109e+00,1.386847840933477904e+00,2.720889183800820010e+00
2.403099999999999881e+01,1.650000000000000000e+03,2.000000000000000000e+03,-2.060128917937060322e+00,1.386788642466686650e+00,2.724760360767187972e+00
2.404799999999999827e+01,1.650000000000000000e+03,2.000000000000000000e+03,-2.059829598213987367e+00,1.382482615171112705e+00,2.721464032301914138e+00
2.406500000000000128e+01,1.650000000000000000e+03,2.000000000000000000e+03,-2.061393269731829569e+00,1.379436534923833335e+00,2.703031484233563653e+00
2.408299999999999841e+01,1.650000000000000000e+03,2.000000000000000000e+03,-2.061393269731829569e+00,1.379436534923833335e+00,2.703031484233563653e+00
2.410000000000000142e+01,1.650000000000000000e+03,2.000000000000000000e+03,-2.059977337035237444e+00,1.376102500030350839e+00,2.703615519331966865e+00
2.411799999999999855e+01,1.650000000000000000e+03,2.000000000000000000e+03,-2.059977337035237444e+00,1.376102500030350839e+00,2.703615519331966865e+00
2.413500000000000156e+01,1.650000000000000000e+03,2.000000000000000000e+03,-2.060868367103550369e+00,1.371939979466778148e+00,2.700075111457539201e+00
2.415200000000000102e+01,1.650000000000000000e+03,2.000000000000000000e+03,-2.060868367103550369e+00,1.371939979466778148e+00,2.700075111457539201e+00
2.416900000000000048e+01,1.650000000000000000e+03,2.000000000000000000e+03,-2.061313113860947954e+00,1.369862397386945041e+00,2.681933923484646876e+00
2.418700000000000117e+01,1.650000000000000000e+03,2.000000000000000000e+03,-2.061682373673866753e+00,1.366721579803515052e+00,2.700775201635659872e+00
2.420499999999999829e+01,1.650000000000000000e+03,2.000000000000000000e+03,-2.062126008170179325e+00,1.364650162139067646e+00,2.682527157951771102e+00
2.422200000000000131e+01,1.650000000000000000e+03,2.000000000000000000e+03,-2.062343949037156676e+00,1.359395784809784846e+00,2.683245723776521707e+00
2.423999999999999844e+01,1.650000000000000000e+03,2.000000000000000000e+03,-2.062343949037156676e+00,1.359395784809784846e+00,2.683245723776521707e+00
2.425700000000000145e+01,1.650000000000000000e+03,2.000000000000000000e+03,-2.061527204158929205e+00,1.356158913960120227e+00,2.683836467265716230e+00
2.427400000000000091e+01,1.650000000000000000e+03,2.000000000000000000e+03,-2.061527204158929205e+00,1.356158913960120227e+00,2.683836467265716230e+00
2.429100000000000037e+01,1.650000000000000000e+03,2.000000000000000000e+03,-2.063519043763683669e+00,1.351102118769388571e+00,2.662251407892557431e+00
2.430799999999999983e+01,1.650000000000000000e+03,2.000000000000000000e+03,-2.063519043763683669e+00,1.351102118769388571e+00,2.662251407892557431e+00
2.432600000000000051e+01,1.650000000000000000e+03,2.000000000000000000e+03,-2.063884463846234141e+00,1.347995041973247154e+00,2.639977904814109877e+00
2.434299999999999997e+01,1.650000000000000000e+03,2.000000000000000000e+03,-2.066651429013875774e+00,1.329524971224712804e+00,2.625687406582784877e+00
2.435999999999999943e+01,1.650000000000000000e+03,2.000000000000000000e+03,-2.066500257579198863e+00,1.327441390221764106e+00,2.603835370299742102e+00
2.437699999999999889e+01,1.650000000000000000e+03,2.000000000000000000e+03,-2.066500257579198863e+00,1.327441390221764106e+00,2.603835370299742102e+00
2.439399999999999835e+01,1.650000000000000000e+03,2.000000000000000000e+03,-2.066500257579198863e+00,1.327441390221764106e+00,2.603835370299742102e+00
2.441100000000000136e+01,1.650000000000000000e+03,2.000000000000000000e+03,-2.067296144185469586e+00,1.322354897762406889e+00,2.604628302199989864e+00
2.442899999999999849e+01,1.650000000000000000e+03,2.000000000000000000e+03,-2.067296144185469586e+00,1.322354897762406889e+00,2.604628302199989864e+00
2.444600000000000151e+01,1.650000000000000000e+03,2.000000000000000000e+03,-2.067579696532620304e+00,1.318263237406193777e+00,2.605243720944563357e+00
2.446300000000000097e+01,1.650000000000000000e+03,2.000000000000000000e+03,-2.068447792274180852e+00,1.314236508111537471e+00,2.606033631495228153e+00
2.448100000000000165e+01,1.650000000000000000e+03,2.000000000000000000e+03,-2.068805212949746064e+00,1.311195082947909540e+00,2.584309264978923437e+00
2.449800000000000111e+01,1.650000000000000000e+03,2.000000000000000000e+03,-2.068805212949746064e+00,1.311195082947909540e+00,2.584309264978923437e+00
2.451500000000000057e+01,1.650000000000000000e+03,2.000000000000000000e+03,-2.068805212949746064e+00,1.311195082947909540e+00,2.584309264978923437e+00
2.453200000000000003e+01,1.650000000000000000e+03,2.000000000000000000e+03,-2.069746259944348576e+00,1.308213860649858784e+00,2.585117733473830004e+00
2.454899999999999949e+01,1.650000000000000000e+03,2.000000000000000000e+03,-2.069746259944348576e+00,1.308213860649858784e+00,2.585117733473830004e+00
2.456599999999999895e+01,1.650000000000000000e+03,2.000000000000000000e+03,-2.070685745888655838e+00,1.305237686233992722e+00,2.563510663375353715e+00
2.458299999999999841e+01,1.650000000000000000e+03,2.000000000000000000e+03,-2.069873799830733496e+00,1.302103075561380496e+00,2.564133410646521227e+00
2.460000000000000142e+01,1.650000000000000000e+03,2.000000000000000000e+03,-2.071824138097337453e+00,1.297199264706213828e+00,2.564958186510063243e+00
2.461700000000000088e+01,1.650000000000000000e+03,2.000000000000000000e+03,-2.071824138097337453e+00,1.297199264706213828e+00,2.564958186510063243e+00
2.463400000000000034e+01,1.650000000000000000e+03,2.000000000000000000e+03,-2.072605716102267515e+00,1.292201077923976094e+00,2.565781252317300698e+00
2.465099999999999980e+01,1.650000000000000000e+03,2.000000000000000000e+03,-2.072605716102267515e+00,1.292201077923976094e+00,2.565781252317300698e+00
2.466900000000000048e+01,1.650000000000000000e+03,2.000000000000000000e+03,-2.072452643987420906e+00,1.290162804566902466e+00,2.544330948664325742e+00
2.468700000000000117e+01,1.650000000000000000e+03,2.000000000000000000e+03,-2.072452643987420906e+00,1.290162804566902466e+00,2.544330948664325742e+00
2.470400000000000063e+01,1.650000000000000000e+03,2.000000000000000000e+03,-2.074896444310194266e+00,1.284330524066408685e+00,2.523869505850763417e+00
2.472100000000000009e+01,1.650000000000000000e+03,2.000000000000000000e+03,-2.074896444310194266e+00,1.284330524066408685e+00,2.523869505850763417e+00
2.473799999999999955e+01,1.650000000000000000e+03,2.000000000000000000e+03,-2.074819371427775394e+00,1.283315777341894393e+00,2.530003583657817412e+00
2.475499999999999901e+01,1.650000000000000000e+03,2.000000000000000000e+03,-2.074819371427775394e+00,1.283315777341894393e+00,2.530003583657817412e+00
2.477299999999999969e+01,1.650000000000000000e+03,2.000000000000000000e+03,-2.076018588121935515e+00,1.276389171881123552e+00,2.519324101472459443e+00
2.478999999999999915e+01,1.650000000000000000e+03,2.000000000000000000e+03,-2.076018588121935515e+00,1.276389171881123552e+00,2.519324101472459443e+00
2.480699999999999861e+01,1.650000000000000000e+03,2.000000000000000000e+03,-2.077445635210890984e+00,1.272511671223129248e+00,2.510788408718250153e+00
2.482400000000000162e+01,1.650000000000000000e+03,2.000000000000000000e+03,-2.077445635210890984e+00,1.272511671223129248e+00,2.510788408718250153e+00
2.484199999999999875e+01,1.650000000000000000e+03,2.000000000000000000e+03,-2.085606739642372531e+00,1.252359316292951608e+00,2.466579071150167390e+00
2.485900000000000176e+01,1.650000000000000000e+03,2.000000000000000000e+03,-2.085606739642372531e+00,1.252359316292951608e+00,2.466579071150167390e+00
2.487800000000000011e+01,1.650000000000000000e+03,2.000000000000000000e+03,-2.086518609330352270e+00,1.249477047901967008e+00,2.460645349586894071e+00
2.489499999999999957e+01,1.650000000000000000e+03,2.000000000000000000e+03,-2.086438853906412483e+00,1.248482924826459062e+00,2.467469506617650410e+00
2.491199999999999903e+01,1.650000000000000000e+03,2.000000000000000000e+03,-2.086438853906412483e+00,1.248482924826459062e+00,2.467469506617650410e+00
2.492999999999999972e+01,1.650000000000000000e+03,2.000000000000000000e+03,-2.088418101661186910e+00,1.244718210951869075e+00,2.468358303652986585e+00
2.494699999999999918e+01,1.650000000000000000e+03,2.000000000000000000e+03,-2.089738715605574892e+00,1.239921091213483706e+00,2.469245465460027322e+00
2.496399999999999864e+01,1.650000000000000000e+03,2.000000000000000000e+03,-2.089738715605574892e+00,1.239921091213483706e+00,2.469245465460027322e+00
2.498100000000000165e+01,1.650000000000000000e+03,2.000000000000000000e+03,-2.091217401016978616e+00,1.237110506737124194e+00,2.442064545411563703e+00
2.499800000000000111e+01,1.650000000000000000e+03,2.000000000000000000e+03,-2.091217401016978616e+00,1.237110506737124194e+00,2.442064545411563703e+00
2.501500000000000057e+01,1.650000000000000000e+03,2.000000000000000000e+03,-2.092201915446743943e+00,1.235239255860189900e+00,2.442967407038313166e+00
2.503200000000000003e+01,1.650000000000000000e+03,2.000000000000000000e+03,-2.092201915446743943e+00,1.235239255860189900e+00,2.442967407038313166e+00
2.504899999999999949e+01,1.650000000000000000e+03,2.000000000000000000e+03,-2.094577011435709402e+00,1.229586653853342426e+00,2.443868666651042076e+00
2.506599999999999895e+01,1.650000000000000000e+03,2.000000000000000000e+03,-2.095883629070534049e+00,1.224831257170345022e+00,2.444768327281310327e+00
2.508299999999999841e+01,1.650000000000000000e+03,2.000000000000000000e+03,-2.095883629070534049e+00,1.224831257170345022e+00,2.444768327281310327e+00
2.510099999999999909e+01,1.650000000000000000e+03,2.000000000000000000e+03,-2.098328476333225279e+00,1.220189426918486308e+00,2.418302947372692469e+00
2.511799999999999855e+01,1.650000000000000000e+03,2.000000000000000000e+03,-2.098328476333225279e+00,1.220189426918486308e+00,2.418302947372692469e+00
2.513500000000000156e+01,1.650000000000000000e+03,2.000000000000000000e+03,-2.098328476333225279e+00,1.220189426918486308e+00,2.418302947372692469e+00
2.515200000000000102e+01,1.650000000000000000e+03,2.000000000000000000e+03,-2.100196759950931913e+00,1.215509811755604463e+00,2.412103596687829921e+00
2.516900000000000048e+01,1.650000000000000000e+03,2.000000000000000000e+03,-2.101657267160303988e+00,1.212737981961146350e+00,2.399235881714296692e+00
2.518599999999999994e+01,1.650000000000000000e+03,2.000000000000000000e+03,-2.101657267160303988e+00,1.212737981961146350e+00,2.399235881714296692e+00
2.520400000000000063e+01,1.650000000000000000e+03,2.000000000000000000e+03,-2.101976656672897459e+00,1.209871159702097021e+00,2.392577352720417938e+00
2.522100000000000009e+01,1.650000000000000000e+03,2.000000000000000000e+03,-2.103433434024185367e+00,1.207108305445114826e+00,2.380122088547806936e+00
2.523799999999999955e+01,1.650000000000000000e+03,2.000000000000000000e+03,-2.104972142268931812e+00,1.205318250936096458e+00,2.401076506322433524e+00
2.525499999999999901e+01,1.650000000000000000e+03,2.000000000000000000e+03,-2.104803845881435986e+00,1.203381895922026601e+00,2.381051346987653528e+00
2.527199999999999847e+01,1.650000000000000000e+03,2.000000000000000000e+03,-2.107307222181663331e+00,1.199761850217220260e+00,2.374591777465352660e+00
2.528900000000000148e+01,1.650000000000000000e+03,2.000000000000000000e+03,-2.107053204515326517e+00,1.196867783699779864e+00,2.362562263660510808e+00
2.530600000000000094e+01,1.650000000000000000e+03,2.000000000000000000e+03,-2.107053204515326517e+00,1.196867783699779864e+00,2.362562263660510808e+00
2.532400000000000162e+01,1.650000000000000000e+03,2.000000000000000000e+03,-2.110031323991146124e+00,1.192348427583565407e+00,2.348340188348432278e+00
2.534199999999999875e+01,1.650000000000000000e+03,2.000000000000000000e+03,-2.118921475194965431e+00,1.178858794086373063e+00,2.323929461535921615e+00
2.535999999999999943e+01,1.650000000000000000e+03,2.000000000000000000e+03,-2.118921475194965431e+00,1.178858794086373063e+00,2.323929461535921615e+00
2.537800000000000011e+01,1.650000000000000000e+03,2.000000000000000000e+03,-2.119788051770729709e+00,1.176096322483260792e+00,2.312801823514801125e+00
2.539499999999999957e+01,1.650000000000000000e+03,2.000000000000000000e+03,-2.119524816491273445e+00,1.173242653989665207e+00,2.301665231952154222e+00
2.541300000000000026e+01,1.650000000000000000e+03,2.000000000000000000e+03,-2.122733360064189778e+00,1.171629552418333997e+00,2.305755719914548418e+00
2.542899999999999849e+01,1.650000000000000000e+03,2.000000000000000000e+03,-2.122733360064189778e+00,1.171629552418333997e+00,2.305755719914548418e+00
2.544699999999999918e+01,1.650000000000000000e+03,2.000000000000000000e+03,-2.125760752295136502e+00,1.168121352145174985e+00,2.290301079779029525e+00
2.546399999999999864e+01,1.650000000000000000e+03,2.000000000000000000e+03,-2.126619289411831648e+00,1.165375949506219477e+00,2.287920054247002621e+00
2.548100000000000165e+01,1.650000000000000000e+03,2.000000000000000000e+03,-2.126824115740956866e+00,1.161643530995879470e+00,2.288871284533097406e+00
2.549800000000000111e+01,1.650000000000000000e+03,2.000000000000000000e+03,-2.128894699182238170e+00,1.159945679066030078e+00,2.270009875915601771e+00
2.551500000000000057e+01,1.650000000000000000e+03,2.000000000000000000e+03,-2.128894699182238170e+00,1.159945679066030078e+00,2.270009875915601771e+00
2.553200000000000003e+01,1.650000000000000000e+03,2.000000000000000000e+03,-2.130401222663111493e+00,1.158202227472833634e+00,2.270425554498558096e+00
2.554899999999999949e+01,1.650000000000000000e+03,2.000000000000000000e+03,-2.132468394398094436e+00,1.156507492386911640e+00,2.271378997424958079e+00
2.556700000000000017e+01,1.650000000000000000e+03,2.000000000000000000e+03,-2.133971883052009577e+00,1.154767310562804905e+00,2.254636486644662874e+00
2.558399999999999963e+01,1.650000000000000000e+03,2.000000000000000000e+03,-2.136790320553043632e+00,1.149416660390744305e+00,2.245854596924941937e+00
2.560200000000000031e+01,1.650000000000000000e+03,2.000000000000000000e+03,-2.138196335414269456e+00,1.146747523284335379e+00,2.256971168507996506e+00
2.562000000000000099e+01,1.650000000000000000e+03,2.000000000000000000e+03,-2.138196335414269456e+00,1.146747523284335379e+00,2.256971168507996506e+00
2.563700000000000045e+01,1.650000000000000000e+03,2.000000000000000000e+03,-2.139785875034867502e+00,1.145951791865523095e+00,2.238300639240614842e+00
2.565399999999999991e+01,1.650000000000000000e+03,2.000000000000000000e+03,-2.142588611591578651e+00,1.140628063240540335e+00,2.231053972249187112e+00
2.567099999999999937e+01,1.650000000000000000e+03,2.000000000000000000e+03,-2.144640493634571321e+00,1.138949528801422417e+00,2.221820769653665373e+00
2.568799999999999883e+01,1.650000000000000000e+03,2.000000000000000000e+03,-2.144640493634571321e+00,1.138949528801422417e+00,2.221820769653665373e+00
2.570499999999999829e+01,1.650000000000000000e+03,2.000000000000000000e+03,-2.145665773109694641e+00,1.138110822751937867e+00,2.213122245136083688e+00
2.572200000000000131e+01,1.650000000000000000e+03,2.000000000000000000e+03,-2.145665773109694641e+00,1.138110822751937867e+00,2.213122245136083688e+00
2.573900000000000077e+01,1.650000000000000000e+03,2.000000000000000000e+03,-2.148274588620343373e+00,1.136480630376885514e+00,2.214765066422066386e+00
2.575700000000000145e+01,1.650000000000000000e+03,2.000000000000000000e+03,-2.149667027157411869e+00,1.133830936380587406e+00,2.205704017582678311e+00
2.577400000000000091e+01,1.650000000000000000e+03,2.000000000000000000e+03,-2.150961632487493613e+00,1.130258537393036278e+00,2.206657462423635696e+00
2.579100000000000037e+01,1.650000000000000000e+03,2.000000000000000000e+03,-2.153100388993770764e+00,1.129515348264879648e+00,2.207118506419096793e+00
2.580799999999999983e+01,1.650000000000000000e+03,2.000000000000000000e+03,-2.155967492135314245e+00,1.125164624188391027e+00,2.190011474326785557e+00
2.582600000000000051e+01,1.650000000000000000e+03,2.000000000000000000e+03,-2.155967492135314245e+00,1.125164624188391027e+00,2.190011474326785557e+00
2.584400000000000119e+01,1.650000000000000000e+03,2.000000000000000000e+03,-2.164267746064727937e+00,1.114884092580306518e+00,2.166130308316313702e+00
2.586199999999999832e+01,1.650000000000000000e+03,2.000000000000000000e+03,-2.166852707055525240e+00,1.113273978061133818e+00,2.157450767187940155e+00
2.587900000000000134e+01,1.650000000000000000e+03,2.000000000000000000e+03,-2.166852707055525240e+00,1.113273978061133818e+00,2.157450767187940155e+00
2.589600000000000080e+01,1.650000000000000000e+03,2.000000000000000000e+03,-2.168879069015387628e+00,1.111620235865505180e+00,2.158396597657493921e+00
2.591300000000000026e+01,1.650000000000000000e+03,2.000000000000000000e+03,-2.170903701068061853e+00,1.109967958140276156e+00,2.149592538798176022e+00
2.592999999999999972e+01,1.650000000000000000e+03,2.000000000000000000e+03,-2.172825178122808953e+00,1.107402746627031309e+00,2.150536066569856075e+00
2.594699999999999918e+01,1.650000000000000000e+03,2.000000000000000000e+03,-2.174188186539369738e+00,1.104796629354473314e+00,2.142963257636430807e+00
2.596399999999999864e+01,1.650000000000000000e+03,2.000000000000000000e+03,-2.175651206125924553e+00,1.103105982449041900e+00,2.124191500230074414e+00
2.598199999999999932e+01,1.650000000000000000e+03,2.000000000000000000e+03,-2.175651206125924553e+00,1.103105982449041900e+00,2.124191500230074414e+00
2.599899999999999878e+01,1.650000000000000000e+03,2.000000000000000000e+03,-2.177668191699189126e+00,1.101461425820231987e+00,2.125129841481938175e+00
2.601599999999999824e+01,1.650000000000000000e+03,2.000000000000000000e+03,-2.177668191699189126e+00,1.101461425820231987e+00,2.125129841481938175e+00
2.603300000000000125e+01,1.650000000000000000e+03,2.000000000000000000e+03,-2.179683459840410009e+00,1.099818322100825974e+00,2.125646329774028231e+00
2.605000000000000071e+01,1.650000000000000000e+03,2.000000000000000000e+03,-2.181593355066889561e+00,1.097267770291702416e+00,2.126583445876597978e+00
2.606800000000000139e+01,1.650000000000000000e+03,2.000000000000000000e+03,-2.181593355066889561e+00,1.097267770291702416e+00,2.126583445876597978e+00
2.608500000000000085e+01,1.650000000000000000e+03,2.000000000000000000e+03,-2.183604661865819807e+00,1.095628431975135708e+00,2.117521926812920618e+00
2.610200000000000031e+01,1.650000000000000000e+03,2.000000000000000000e+03,-2.184400944469734096e+00,1.092995675015496104e+00,2.100493980506593417e+00
2.612000000000000099e+01,1.650000000000000000e+03,2.000000000000000000e+03,-2.187067797829786553e+00,1.092310004162596382e+00,2.098890239770326183e+00
2.613700000000000045e+01,1.650000000000000000e+03,2.000000000000000000e+03,-2.190972694906657026e+00,1.088137559207255745e+00,2.085861113538626910e+00
2.615399999999999991e+01,1.650000000000000000e+03,2.000000000000000000e+03,-2.190972694906657026e+00,1.088137559207255745e+00,2.085861113538626910e+00
2.617099999999999937e+01,1.650000000000000000e+03,2.000000000000000000e+03,-2.193422092408328972e+00,1.085647512336552545e+00,2.083863092075553869e+00
2.618799999999999883e+01,1.650000000000000000e+03,2.000000000000000000e+03,-2.195529359597930164e+00,1.084920368540550850e+00,2.077623693106919855e+00
2.620499999999999829e+01,1.650000000000000000e+03,2.000000000000000000e+03,-2.195529359597930164e+00,1.084920368540550850e+00,2.077623693106919855e+00
2.622299999999999898e+01,1.650000000000000000e+03,2.000000000000000000e+03,-2.198864023060981943e+00,1.080721317221359445e+00,2.079091263350757224e+00
2.627199999999999847e+01,1.650000000000000000e+03,2.000000000000000000e+03,-2.200859127782059943e+00,1.079096710519255264e+00,2.059307195227011444e+00
2.630799999999999983e+01,1.650000000000000000e+03,2.000000000000000000e+03,-2.200859127782059943e+00,1.079096710519255264e+00,2.059307195227011444e+00
2.632499999999999929e+01,1.650000000000000000e+03,2.000000000000000000e+03,-2.200859127782059943e+00,1.079096710519255264e+00,2.059307195227011444e+00
2.634199999999999875e+01,1.650000000000000000e+03,2.000000000000000000e+03,-2.202082006622843480e+00,1.075635003820928581e+00,2.060221003357058045e+00
2.635999999999999943e+01,1.650000000000000000e+03,2.000000000000000000e+03,-2.206171944425267650e+00,1.073292050205746584e+00,2.045151754035555047e+00
2.637699999999999889e+01,1.650000000000000000e+03,2.000000000000000000e+03,-2.206171944425267650e+00,1.073292050205746584e+00,2.045151754035555047e+00
2.639399999999999835e+01,1.650000000000000000e+03,2.000000000000000000e+03,-2.210698157780964124e+00,1.070100613443135007e+00,2.036572675508022900e+00
2.641100000000000136e+01,1.650000000000000000e+03,2.000000000000000000e+03,-2.222351569857109688e+00,1.058653271671885499e+00,2.003952573475493715e+00
2.642800000000000082e+01,1.650000000000000000e+03,2.000000000000000000e+03,-2.224210396011814694e+00,1.056161172809158888e+00,2.004837308898367532e+00
2.644500000000000028e+01,1.650000000000000000e+03,2.000000000000000000e+03,-2.224210396011814694e+00,1.056161172809158888e+00,2.004837308898367532e+00
2.646300000000000097e+01,1.650000000000000000e+03,2.000000000000000000e+03,-2.226181658301729538e+00,1.054558352187827452e+00,1.995052659995140143e+00
2.648000000000000043e+01,1.650000000000000000e+03,2.000000000000000000e+03,-2.231218959011190162e+00,1.051441550796455626e+00,1.986031967469763293e+00
2.649699999999999989e+01,1.650000000000000000e+03,2.000000000000000000e+03,-2.231218959011190162e+00,1.051441550796455626e+00,1.986031967469763293e+00
2.651399999999999935e+01,1.650000000000000000e+03,2.000000000000000000e+03,-2.232518456460183209e+00,1.048917304176761434e+00,1.981906098527112636e+00
2.653099999999999881e+01,1.650000000000000000e+03,2.000000000000000000e+03,-2.234599682379083685e+00,1.048203259174889102e+00,1.960919233608157786e+00
2.654799999999999827e+01,1.650000000000000000e+03,2.000000000000000000e+03,-2.236876166520697318e+00,1.044886739647920226e+00,1.961778437925344232e+00
2.656500000000000128e+01,1.650000000000000000e+03,2.000000000000000000e+03,-2.240290415578290339e+00,1.046020446180183416e+00,1.963004435371209944e+00
2.658200000000000074e+01,1.650000000000000000e+03,2.000000000000000000e+03,-2.241581484324375761e+00,1.043503753591326966e+00,1.948314672786730428e+00
2.659900000000000020e+01,1.650000000000000000e+03,2.000000000000000000e+03,-2.245923611608109383e+00,1.039484918192860263e+00,1.939190801735173775e+00
2.661700000000000088e+01,1.650000000000000000e+03,2.000000000000000000e+03,-2.247756561677040299e+00,1.037019527169021682e+00,1.929117502139265916e+00
2.663400000000000034e+01,1.650000000000000000e+03,2.000000000000000000e+03,-2.250256332761352063e+00,1.035475086147499724e+00,1.929953734621810302e+00
2.665200000000000102e+01,1.650000000000000000e+03,2.000000000000000000e+03,-2.250256332761352063e+00,1.035475086147499724e+00,1.929953734621810302e+00
2.666900000000000048e+01,1.650000000000000000e+03,2.000000000000000000e+03,-2.250256332761352063e+00,1.035475086147499724e+00,1.929953734621810302e+00
2.668599999999999994e+01,1.650000000000000000e+03,2.000000000000000000e+03,-2.255618371848373549e+00,1.035015732550205847e+00,1.912759190245049590e+00
2.670299999999999940e+01,1.650000000000000000e+03,2.000000000000000000e+03,-2.255618371848373549e+00,1.035015732550205847e+00,1.912759190245049590e+00
2.671999999999999886e+01,1.650000000000000000e+03,2.000000000000000000e+03,-2.257442693540342660e+00,1.032556196519991865e+00,1.910134734218893682e+00
2.673799999999999955e+01,1.650000000000000000e+03,2.000000000000000000e+03,-2.262427958560652819e+00,1.029475648873438232e+00,1.900577041597302230e+00
2.675499999999999901e+01,1.650000000000000000e+03,2.000000000000000000e+03,-2.264369897393506914e+00,1.027895871451682819e+00,1.898278664172080354e+00
2.677199999999999847e+01,1.650000000000000000e+03,2.000000000000000000e+03,-2.264369897393506914e+00,1.027895871451682819e+00,1.898278664172080354e+00
2.678900000000000148e+01,1.650000000000000000e+03,2.000000000000000000e+03,-2.269344010921510613e+00,1.024822968249848198e+00,1.880324911563206358e+00
2.680600000000000094e+01,1.650000000000000000e+03,2.000000000000000000e+03,-2.269344010921510613e+00,1.024822968249848198e+00,1.880324911563206358e+00
2.682300000000000040e+01,1.650000000000000000e+03,2.000000000000000000e+03,-2.271828228863515431e+00,1.023288394788098188e+00,1.878440653151100204e+00
2.683999999999999986e+01,1.650000000000000000e+03,2.000000000000000000e+03,-2.271828228863515431e+00,1.023288394788098188e+00,1.878440653151100204e+00
2.685800000000000054e+01,1.650000000000000000e+03,2.000000000000000000e+03,-2.293273959464058986e+00,1.011179017662692914e+00,1.828156144195432597e+00
2.687500000000000000e+01,1.650000000000000000e+03,2.000000000000000000e+03,-2.293273959464058986e+00,1.011179017662692914e+00,1.828156144195432597e+00
2.689199999999999946e+01,1.650000000000000000e+03,2.000000000000000000e+03,-2.298340031142723561e+00,1.008995922694890357e+00,1.816736112198429121e+00
2.690899999999999892e+01,1.650000000000000000e+03,2.000000000000000000e+03,-2.298340031142723561e+00,1.008995922694890357e+00,1.816736112198429121e+00
2.692599999999999838e+01,1.650000000000000000e+03,2.000000000000000000e+03,-2.300392035960621140e+00,1.008295878358520081e+00,1.817411544019149838e+00
2.694300000000000139e+01,1.650000000000000000e+03,2.000000000000000000e+03,-2.302584397337178235e+00,1.005051808972776684e+00,1.806680957413956845e+00
2.696000000000000085e+01,1.650000000000000000e+03,2.000000000000000000e+03,-2.302584397337178235e+00,1.005051808972776684e+00,1.806680957413956845e+00
2.697800000000000153e+01,1.650000000000000000e+03,2.000000000000000000e+03,-2.307911315511287142e+00,1.004596394616017019e+00,1.796489236690095748e+00
2.699399999999999977e+01,1.650000000000000000e+03,2.000000000000000000e+03,-2.313233255911748554e+00,1.000742312634697928e+00,1.786248222740314251e+00
2.701200000000000045e+01,1.650000000000000000e+03,2.000000000000000000e+03,-2.313233255911748554e+00,1.000742312634697928e+00,1.786248222740314251e+00
2.702899999999999991e+01,1.650000000000000000e+03,2.000000000000000000e+03,-2.313233255911748554e+00,1.000742312634697928e+00,1.786248222740314251e+00
2.704700000000000060e+01,1.650000000000000000e+03,2.000000000000000000e+03,-2.315825279173873152e+00,1.000085556539375364e+00,1.775211892113716328e+00
2.706400000000000006e+01,1.650000000000000000e+03,2.000000000000000000e+03,-2.315825279173873152e+00,1.000085556539375364e+00,1.775211892113716328e+00
2.708200000000000074e+01,1.650000000000000000e+03,2.000000000000000000e+03,-2.317731462147041288e+00,9.985305598867871835e-01,1.775667290722251934e+00
2.709900000000000020e+01,1.650000000000000000e+03,2.000000000000000000e+03,-2.320867735806214416e+00,9.979148277357011709e-01,1.764789234024718878e+00
2.711499999999999844e+01,1.650000000000000000e+03,2.000000000000000000e+03,-2.323316821026886636e+00,9.964018807688553858e-01,1.753590653817726164e+00
2.713299999999999912e+01,1.650000000000000000e+03,2.000000000000000000e+03,-2.325077162631367322e+00,9.939941448403516455e-01,1.754515785850444543e+00
2.714999999999999858e+01,1.650000000000000000e+03,2.000000000000000000e+03,-2.328351462131531768e+00,9.942352653643194982e-01,1.743487595106151700e+00
2.716700000000000159e+01,1.650000000000000000e+03,2.000000000000000000e+03,-2.330795656668664062e+00,9.927252621818961620e-01,1.732392705924996612e+00
2.718400000000000105e+01,1.650000000000000000e+03,2.000000000000000000e+03,-2.334329313376136028e+00,9.912966939905661912e-01,1.745543081875028824e+00
2.720200000000000173e+01,1.650000000000000000e+03,2.000000000000000000e+03,-2.334329313376136028e+00,9.912966939905661912e-01,1.745543081875028824e+00
2.721900000000000119e+01,1.650000000000000000e+03,2.000000000000000000e+03,-2.334329313376136028e+00,9.912966939905661912e-01,1.745543081875028824e+00
2.723600000000000065e+01,1.650000000000000000e+03,2.000000000000000000e+03,-2.336224053086966901e+00,9.897489914652607412e-01,1.721873431581429914e+00
2.725300000000000011e+01,1.650000000000000000e+03,2.000000000000000000e+03,-2.336224053086966901e+00,9.897489914652607412e-01,1.721873431581429914e+00
2.727100000000000080e+01,1.650000000000000000e+03,2.000000000000000000e+03,-2.341790255093380235e+00,9.876298203758492322e-01,1.724887244155718591e+00
2.728800000000000026e+01,1.650000000000000000e+03,2.000000000000000000e+03,-2.344371950041066022e+00,9.869772318161226243e-01,1.701433927681623270e+00
2.730499999999999972e+01,1.650000000000000000e+03,2.000000000000000000e+03,-2.344371950041066022e+00,9.869772318161226243e-01,1.701433927681623270e+00
2.732199999999999918e+01,1.650000000000000000e+03,2.000000000000000000e+03,-2.349931702002515888e+00,9.848610111781989085e-01,1.702073263829311678e+00
2.733899999999999864e+01,1.650000000000000000e+03,2.000000000000000000e+03,-2.352362810383962444e+00,9.833584256743034269e-01,1.692338143746118462e+00
2.735600000000000165e+01,1.650000000000000000e+03,2.000000000000000000e+03,-2.368611488769909457e+00,9.778366076410963670e-01,1.660643029704670370e+00
2.737300000000000111e+01,1.650000000000000000e+03,2.000000000000000000e+03,-2.371185659996741801e+00,9.771871786050104758e-01,1.649306730206233862e+00
2.739000000000000057e+01,1.650000000000000000e+03,2.000000000000000000e+03,-2.373759354841193936e+00,9.765379637039893757e-01,1.637925084262533248e+00
2.740700000000000003e+01,1.650000000000000000e+03,2.000000000000000000e+03,-2.379139543837648585e+00,9.735865071323815956e-01,1.627027849954056471e+00
2.742399999999999949e+01,1.650000000000000000e+03,2.000000000000000000e+03,-2.379139543837648585e+00,9.735865071323815956e-01,1.627027849954056471e+00
2.744099999999999895e+01,1.650000000000000000e+03,2.000000000000000000e+03,-2.379139543837648585e+00,9.735865071323815956e-01,1.627027849954056471e+00
2.745899999999999963e+01,1.650000000000000000e+03,2.000000000000000000e+03,-2.384826353993251935e+00,9.723302145992008816e-01,1.629162724213992108e+00
2.747700000000000031e+01,1.650000000000000000e+03,2.000000000000000000e+03,-2.384826353993251935e+00,9.723302145992008816e-01,1.629162724213992108e+00
2.749500000000000099e+01,1.650000000000000000e+03,2.000000000000000000e+03,-2.387941922072917222e+00,9.717221750234384947e-01,1.617685370484112317e+00
2.751200000000000045e+01,1.650000000000000000e+03,2.000000000000000000e+03,-2.390352793907813744e+00,9.702297594696051020e-01,1.618198977187230492e+00
2.752899999999999991e+01,1.650000000000000000e+03,2.000000000000000000e+03,-2.393466744922886136e+00,9.696223523071337835e-01,1.606669660210466200e+00
2.754599999999999937e+01,1.650000000000000000e+03,2.000000000000000000e+03,-2.396420011870239453e+00,9.681710749603064103e-01,1.595104879201284298e+00
2.756299999999999883e+01,1.650000000000000000e+03,2.000000000000000000e+03,-2.398763268712801988e+00,9.691733432850021535e-01,1.591961822219508438e+00
2.758099999999999952e+01,1.650000000000000000e+03,2.000000000000000000e+03,-2.401715066649531938e+00,9.677223137390899010e-01,1.580112793611549105e+00
2.759799999999999898e+01,1.650000000000000000e+03,2.000000000000000000e+03,-2.404827530635172295e+00,9.671157336952868055e-01,1.572591491724141255e+00
2.761499999999999844e+01,1.650000000000000000e+03,2.000000000000000000e+03,-2.404827530635172295e+00,9.671157336952868055e-01,1.572591491724141255e+00
2.763200000000000145e+01,1.650000000000000000e+03,2.000000000000000000e+03,-2.407776185398744495e+00,9.656662553745448685e-01,1.565368899971599559e+00
2.764999999999999858e+01,1.650000000000000000e+03,2.000000000000000000e+03,-2.414162996204821887e+00,9.652972391065545166e-01,1.558185579811224297e+00
2.766700000000000159e+01,1.650000000000000000e+03,2.000000000000000000e+03,-2.414162996204821887e+00,9.652972391065545166e-01,1.558185579811224297e+00
2.768400000000000105e+01,1.650000000000000000e+03,2.000000000000000000e+03,-2.416942129962861507e+00,9.630070780591876156e-01,1.551105402091345953e+00
2.770100000000000051e+01,1.650000000000000000e+03,2.000000000000000000e+03,-2.419292572852901557e+00,9.640069589578733611e-01,1.546948175809960135e+00
2.771799999999999997e+01,1.650000000000000000e+03,2.000000000000000000e+03,-2.422235471389512007e+00,9.625597169067122705e-01,1.540097124660647854e+00
2.773499999999999943e+01,1.650000000000000000e+03,2.000000000000000000e+03,-2.422235471389512007e+00,9.625597169067122705e-01,1.540097124660647854e+00
2.775199999999999889e+01,1.650000000000000000e+03,2.000000000000000000e+03,-2.427361025053930810e+00,9.612712684813428110e-01,1.515903216831772315e+00
2.776899999999999835e+01,1.650000000000000000e+03,2.000000000000000000e+03,-2.427361025053930810e+00,9.612712684813428110e-01,1.515903216831772315e+00
2.778600000000000136e+01,1.650000000000000000e+03,2.000000000000000000e+03,-2.430845969444913823e+00,9.598654911613454521e-01,1.511368236899995887e+00
2.780300000000000082e+01,1.650000000000000000e+03,2.000000000000000000e+03,-2.434875097983075776e+00,9.585001196185697347e-01,1.518403216553778634e+00
2.782100000000000151e+01,1.650000000000000000e+03,2.000000000000000000e+03,-2.436685333560553168e+00,9.594585112885302136e-01,1.500042863981506214e+00
2.783899999999999864e+01,1.650000000000000000e+03,2.000000000000000000e+03,-2.439074179515726470e+00,9.579752591949440843e-01,1.494125199698419948e+00
2.785500000000000043e+01,1.650000000000000000e+03,2.000000000000000000e+03,-2.454231862333603686e+00,9.557599692072985542e-01,1.473314549027835429e+00
2.787199999999999989e+01,1.650000000000000000e+03,2.000000000000000000e+03,-2.457160354545316672e+00,9.543187945897381175e-01,1.468104443700458006e+00
2.788899999999999935e+01,1.650000000000000000e+03,2.000000000000000000e+03,-2.457160354545316672e+00,9.543187945897381175e-01,1.468104443700458006e+00
2.790599999999999881e+01,1.650000000000000000e+03,2.000000000000000000e+03,-2.460811827091895498e+00,9.537560835122079750e-01,1.449294590400765026e+00
2.792299999999999827e+01,1.650000000000000000e+03,2.000000000000000000e+03,-2.460811827091895498e+00,9.537560835122079750e-01,1.449294590400765026e+00
2.794099999999999895e+01,1.650000000000000000e+03,2.000000000000000000e+03,-2.466472789241160868e+00,9.525131994528740487e-01,1.438166435822408662e+00
2.795799999999999841e+01,1.650000000000000000e+03,2.000000000000000000e+03,-2.466472789241160868e+00,9.525131994528740487e-01,1.438166435822408662e+00
2.797500000000000142e+01,1.650000000000000000e+03,2.000000000000000000e+03,-2.469029084228565818e+00,9.518724073143812747e-01,1.426355804538874228e+00
2.799200000000000088e+01,1.650000000000000000e+03,2.000000000000000000e+03,-2.471766007458600534e+00,9.520693252782387317e-01,1.427040369251173058e+00
2.800900000000000034e+01,1.650000000000000000e+03,2.000000000000000000e+03,-2.477973174219580965e+00,9.508671565067502440e-01,1.429095208234417491e+00
2.802599999999999980e+01,1.650000000000000000e+03,2.000000000000000000e+03,-2.481260097106154028e+00,9.511037123567224194e-01,1.417281556446929436e+00
2.804299999999999926e+01,1.650000000000000000e+03,2.000000000000000000e+03,-2.481260097106154028e+00,9.511037123567224194e-01,1.417281556446929436e+00
2.806099999999999994e+01,1.650000000000000000e+03,2.000000000000000000e+03,-2.486919283304600548e+00,9.498630139532965311e-01,1.406159731280210101e+00
2.807799999999999940e+01,1.650000000000000000e+03,2.000000000000000000e+03,-2.486919283304600548e+00,9.498630139532965311e-01,1.406159731280210101e+00
2.809499999999999886e+01,1.650000000000000000e+03,2.000000000000000000e+03,-2.490022457281110935e+00,9.492627269152295044e-01,1.394373389428715360e+00
2.811199999999999832e+01,1.650000000000000000e+03,2.000000000000000000e+03,-2.496055409435300909e+00,9.496970828561733802e-01,1.383276601411244977e+00
2.812999999999999901e+01,1.650000000000000000e+03,2.000000000000000000e+03,-2.496055409435300909e+00,9.496970828561733802e-01,1.383276601411244977e+00
2.814699999999999847e+01,1.650000000000000000e+03,2.000000000000000000e+03,-2.496055409435300909e+00,9.496970828561733802e-01,1.383276601411244977e+00
2.816400000000000148e+01,1.650000000000000000e+03,2.000000000000000000e+03,-2.499159456284298475e+00,9.490970490455726827e-01,1.371529190269364484e+00
2.818100000000000094e+01,1.650000000000000000e+03,2.000000000000000000e+03,-2.501714384948685588e+00,9.484577163220350160e-01,1.372194155568827512e+00
2.819800000000000040e+01,1.650000000000000000e+03,2.000000000000000000e+03,-2.505557442583287386e+00,9.487345805278649680e-01,1.360468108217381511e+00
2.821499999999999986e+01,1.650000000000000000e+03,2.000000000000000000e+03,-2.508661632679296538e+00,9.481350259640345390e-01,1.348771002622033865e+00
2.823300000000000054e+01,1.650000000000000000e+03,1.500000000000000000e+03,-2.510859058749286277e+00,9.482934134496404655e-01,1.349426408349370554e+00
2.825000000000000000e+01,1.650000000000000000e+03,1.500000000000000000e+03,-2.514513010681463712e+00,9.477337243999678362e-01,1.337756044277403245e+00
2.826699999999999946e+01,1.650000000000000000e+03,1.500000000000000000e+03,-2.518361274772532354e+00,9.480112758997468747e-01,1.339057044825038956e+00
2.828399999999999892e+01,1.650000000000000000e+03,1.500000000000000000e+03,-2.520916285632469389e+00,9.473725540821350544e-01,1.339707799417084289e+00
2.830199999999999960e+01,1.650000000000000000e+03,1.500000000000000000e+03,-2.524216918651850605e+00,9.476107340658274092e-01,1.328055985429454022e+00
2.831899999999999906e+01,1.650000000000000000e+03,1.500000000000000000e+03,-2.527872614519293570e+00,9.470516746064744362e-01,1.316441108245530511e+00
2.833599999999999852e+01,1.650000000000000000e+03,1.500000000000000000e+03,-2.545655755962266120e+00,9.466911459164216724e-01,1.273309251054808744e+00
2.835399999999999920e+01,1.650000000000000000e+03,1.500000000000000000e+03,-2.545655755962266120e+00,9.466911459164216724e-01,1.273309251054808744e+00
2.837099999999999866e+01,1.650000000000000000e+03,1.500000000000000000e+03,-2.545655755962266120e+00,9.466911459164216724e-01,1.273309251054808744e+00
2.838800000000000168e+01,1.650000000000000000e+03,1.500000000000000000e+03,-2.552830073720580017e+00,9.472106537764680700e-01,1.275161673152675812e+00
2.840500000000000114e+01,1.650000000000000000e+03,1.500000000000000000e+03,-2.556491007712583308e+00,9.466527944894581603e-01,1.263497925647809605e+00
2.842200000000000060e+01,1.650000000000000000e+03,1.500000000000000000e+03,-2.559047147986003967e+00,9.460151321677893188e-01,1.264109121819006809e+00
2.843900000000000006e+01,1.650000000000000000e+03,1.500000000000000000e+03,-2.561809730859599288e+00,9.462153720041913685e-01,1.252492812107449005e+00
2.845599999999999952e+01,1.650000000000000000e+03,1.500000000000000000e+03,-2.565126371020886697e+00,9.464559343628310417e-01,1.240933069932020238e+00
2.847299999999999898e+01,1.650000000000000000e+03,1.500000000000000000e+03,-2.568788982432017143e+00,9.458987467185405729e-01,1.241530834671675798e+00
2.848999999999999844e+01,1.650000000000000000e+03,1.500000000000000000e+03,-2.575218522593408554e+00,9.455426848229370185e-01,1.243324685656315376e+00
2.850700000000000145e+01,1.650000000000000000e+03,1.500000000000000000e+03,-2.575218522593408554e+00,9.455426848229370185e-01,1.243324685656315376e+00
2.852499999999999858e+01,1.650000000000000000e+03,1.500000000000000000e+03,-2.581097186145022260e+00,9.451470233488300510e-01,1.232387085528966253e+00
2.854200000000000159e+01,1.650000000000000000e+03,1.500000000000000000e+03,-2.581097186145022260e+00,9.451470233488300510e-01,1.232387085528966253e+00
2.855900000000000105e+01,1.650000000000000000e+03,1.500000000000000000e+03,-2.587746663474194797e+00,9.456305452555567870e-01,1.234160803416156194e+00
2.857600000000000051e+01,1.650000000000000000e+03,1.500000000000000000e+03,-2.587746663474194797e+00,9.456305452555567870e-01,1.234160803416156194e+00
2.859299999999999997e+01,1.650000000000000000e+03,1.500000000000000000e+03,-2.594403046927137080e+00,9.461153179692375348e-01,1.199318801919885935e+00
2.860999999999999943e+01,1.650000000000000000e+03,1.500000000000000000e+03,-2.594403046927137080e+00,9.461153179692375348e-01,1.199318801919885935e+00
2.862600000000000122e+01,1.650000000000000000e+03,1.500000000000000000e+03,-2.597299336911766954e+00,9.446803833301334885e-01,1.211807397694834254e+00
2.864300000000000068e+01,1.650000000000000000e+03,1.500000000000000000e+03,-2.600848077413111969e+00,9.457619566914482467e-01,1.188351694283268367e+00
2.866100000000000136e+01,1.650000000000000000e+03,1.500000000000000000e+03,-2.607516437162662459e+00,9.462487440549044448e-01,1.190037166829167825e+00
2.867800000000000082e+01,1.650000000000000000e+03,1.500000000000000000e+03,-2.611409571257357509e+00,9.465333005189063842e-01,1.178549536555292265e+00
2.869500000000000028e+01,1.650000000000000000e+03,1.500000000000000000e+03,-2.611409571257357509e+00,9.465333005189063842e-01,1.178549536555292265e+00
2.871199999999999974e+01,1.650000000000000000e+03,1.500000000000000000e+03,-2.613635302407510075e+00,9.466961033258746161e-01,1.191997990732120538e+00
2.873000000000000043e+01,1.650000000000000000e+03,1.500000000000000000e+03,-2.617755540128751335e+00,9.478220955767936440e-01,1.180732860288493447e+00
2.874699999999999989e+01,1.650000000000000000e+03,1.500000000000000000e+03,-2.624218353822241223e+00,9.474714146307602336e-01,1.182396234213396902e+00
2.876399999999999935e+01,1.650000000000000000e+03,1.500000000000000000e+03,-2.624218353822241223e+00,9.474714146307602336e-01,1.182396234213396902e+00
2.878099999999999881e+01,1.650000000000000000e+03,1.500000000000000000e+03,-2.627006359416854231e+00,9.476759978581182908e-01,1.182950657590419619e+00
2.879799999999999827e+01,1.650000000000000000e+03,1.500000000000000000e+03,-2.629795619842266063e+00,9.478808142027782546e-01,1.183505058230728935e+00
2.881500000000000128e+01,1.650000000000000000e+03,1.500000000000000000e+03,-2.633930862417072305e+00,9.490099926676630604e-01,1.172145518025858646e+00
2.883200000000000074e+01,1.650000000000000000e+03,1.500000000000000000e+03,-2.643992086064399061e+00,9.497512934303190546e-01,1.149958258715692905e+00
2.884900000000000020e+01,1.650000000000000000e+03,1.500000000000000000e+03,-2.643992086064399061e+00,9.497512934303190546e-01,1.149958258715692905e+00
2.886700000000000088e+01,1.650000000000000000e+03,1.500000000000000000e+03,-2.647349509002379087e+00,9.499990845817053442e-01,1.162899818287667753e+00
2.888400000000000034e+01,1.650000000000000000e+03,1.500000000000000000e+03,-2.650615275875554566e+00,9.518940006298758361e-01,1.139888004671915089e+00
2.890099999999999980e+01,1.650000000000000000e+03,1.500000000000000000e+03,-2.653978134482153806e+00,9.521429831356776896e-01,1.152730751517348828e+00
2.891799999999999926e+01,1.650000000000000000e+03,1.500000000000000000e+03,-2.653978134482153806e+00,9.521429831356776896e-01,1.152730751517348828e+00
2.893499999999999872e+01,1.650000000000000000e+03,1.500000000000000000e+03,-2.656456225540204663e+00,9.531544254046578901e-01,1.153260436850603643e+00
2.895200000000000173e+01,1.650000000000000000e+03,1.500000000000000000e+03,-2.660857655765177743e+00,9.551385558479000837e-01,1.128628994613403602e+00
2.896999999999999886e+01,1.650000000000000000e+03,1.500000000000000000e+03,-2.667039717314086289e+00,9.555986770869920877e-01,1.130163795183903641e+00
2.898699999999999832e+01,1.650000000000000000e+03,1.500000000000000000e+03,-2.670007652020375044e+00,9.583109087189766173e-01,1.118965928327586790e+00
2.900400000000000134e+01,1.650000000000000000e+03,1.500000000000000000e+03,-2.672823420115210347e+00,9.585213617414781728e-01,1.119469031528446346e+00
2.902100000000000080e+01,1.650000000000000000e+03,1.500000000000000000e+03,-2.676767738281427000e+00,9.588164277384875200e-01,1.120474763008558527e+00
2.903900000000000148e+01,1.650000000000000000e+03,1.500000000000000000e+03,-2.679586717163908283e+00,9.590274994355901805e-01,1.120977382910884224e+00
2.905600000000000094e+01,1.650000000000000000e+03,1.500000000000000000e+03,-2.684343896208478242e+00,9.602161002109205201e-01,1.108015565713622363e+00
2.907400000000000162e+01,1.650000000000000000e+03,1.500000000000000000e+03,-2.686847309437989662e+00,9.612366877689105804e-01,1.108507531901101517e+00
2.909100000000000108e+01,1.650000000000000000e+03,1.500000000000000000e+03,-2.689918456798786828e+00,9.623008649026368877e-01,1.123659318139360153e+00
2.910900000000000176e+01,1.650000000000000000e+03,1.500000000000000000e+03,-2.693558684190716424e+00,9.634089370437276534e-01,1.098217794689150262e+00
2.912600000000000122e+01,1.650000000000000000e+03,1.500000000000000000e+03,-2.693558684190716424e+00,9.634089370437276534e-01,1.098217794689150262e+00
2.914399999999999835e+01,1.650000000000000000e+03,1.500000000000000000e+03,-2.701169088369715698e+00,9.648182152880396822e-01,1.099665376665447392e+00
2.916100000000000136e+01,1.650000000000000000e+03,1.500000000000000000e+03,-2.703686847971627838e+00,9.658440511349716262e-01,1.100147437266715711e+00
2.917899999999999849e+01,1.650000000000000000e+03,1.500000000000000000e+03,-2.703686847971627838e+00,9.658440511349716262e-01,1.100147437266715711e+00
2.919600000000000151e+01,1.650000000000000000e+03,1.500000000000000000e+03,-2.710433779898364204e+00,9.680283365401519680e-01,1.089903538468247168e+00
2.921300000000000097e+01,1.650000000000000000e+03,1.500000000000000000e+03,-2.710433779898364204e+00,9.680283365401519680e-01,1.089903538468247168e+00
2.923000000000000043e+01,1.650000000000000000e+03,1.500000000000000000e+03,-2.713843536639111598e+00,9.682875620838952146e-01,1.078590501689658865e+00
2.924699999999999989e+01,1.650000000000000000e+03,1.500000000000000000e+03,-2.713843536639111598e+00,9.682875620838952146e-01,1.078590501689658865e+00
2.926399999999999935e+01,1.650000000000000000e+03,1.500000000000000000e+03,-2.721180867067855225e+00,9.705220802035866567e-01,1.065126023964321433e+00
2.928099999999999881e+01,1.650000000000000000e+03,1.500000000000000000e+03,-2.724286011514748473e+00,9.715979876965169515e-01,1.081130905850223423e+00
2.929799999999999827e+01,1.650000000000000000e+03,1.500000000000000000e+03,-2.727136519469544051e+00,9.718160164416679292e-01,1.081593269988908368e+00
2.931500000000000128e+01,1.650000000000000000e+03,1.500000000000000000e+03,-2.732219273926062009e+00,9.738850448135026872e-01,1.067620135939401971e+00
2.933299999999999841e+01,1.650000000000000000e+03,1.500000000000000000e+03,-2.746205569733240814e+00,9.758019904661426880e-01,1.054902776075292259e+00
2.935000000000000142e+01,1.650000000000000000e+03,1.500000000000000000e+03,-2.748453220470244318e+00,9.776597671721701799e-01,1.059125919298702589e+00
2.936700000000000088e+01,1.650000000000000000e+03,1.500000000000000000e+03,-2.748453220470244318e+00,9.776597671721701799e-01,1.059125919298702589e+00
2.938400000000000034e+01,1.650000000000000000e+03,1.500000000000000000e+03,-2.752466968500666855e+00,9.779701398599524031e-01,1.047792677149397278e+00
2.940099999999999980e+01,1.650000000000000000e+03,1.500000000000000000e+03,-2.756483654080327028e+00,9.782811106415155722e-01,1.060440331938751868e+00
2.941799999999999926e+01,1.650000000000000000e+03,1.500000000000000000e+03,-2.759354523307244733e+00,9.785036013977966851e-01,1.049076731242088112e+00
2.943599999999999994e+01,1.650000000000000000e+03,1.500000000000000000e+03,-2.763376285151388334e+00,9.788156083917342043e-01,1.061751017376788120e+00
2.945299999999999940e+01,1.650000000000000000e+03,1.500000000000000000e+03,-2.767942902638419689e+00,9.808587952502524354e-01,1.047022921360743375e+00
2.946999999999999886e+01,1.650000000000000000e+03,1.500000000000000000e+03,-2.770213383328584023e+00,9.827261482077270793e-01,1.051485581704932226e+00
2.948799999999999955e+01,1.650000000000000000e+03,1.500000000000000000e+03,-2.774247467668534917e+00,9.830410773679284508e-01,1.052336754662573926e+00
2.950499999999999901e+01,1.650000000000000000e+03,1.500000000000000000e+03,-2.782023063137985641e+00,9.844958343168969117e-01,1.037862257864915483e+00
2.952299999999999969e+01,1.650000000000000000e+03,1.500000000000000000e+03,-2.784610129664608635e+00,9.855458855273874219e-01,1.042551578132005163e+00
2.953999999999999915e+01,1.650000000000000000e+03,1.500000000000000000e+03,-2.788935224460800999e+00,9.867335109478582167e-01,1.055163405543958488e+00
2.955799999999999983e+01,1.650000000000000000e+03,1.500000000000000000e+03,-2.788935224460800999e+00,9.867335109478582167e-01,1.055163405543958488e+00
2.957499999999999929e+01,1.650000000000000000e+03,1.500000000000000000e+03,-2.796162894363773521e+00,9.881514193540085200e-01,1.044616178957759711e+00
2.959299999999999997e+01,1.650000000000000000e+03,1.500000000000000000e+03,-2.800502822836968608e+00,9.893435516804310881e-01,1.029122842978817731e+00
2.960999999999999943e+01,1.650000000000000000e+03,1.500000000000000000e+03,-2.803687215176610792e+00,9.904456023562827616e-01,1.034439389426617728e+00
2.962699999999999889e+01,1.650000000000000000e+03,1.500000000000000000e+03,-2.803687215176610792e+00,9.904456023562827616e-01,1.034439389426617728e+00
2.964399999999999835e+01,1.650000000000000000e+03,1.500000000000000000e+03,-2.810648599127901548e+00,9.927000745931472414e-01,1.047379017104213661e+00
2.966199999999999903e+01,1.650000000000000000e+03,1.500000000000000000e+03,-2.810648599127901548e+00,9.927000745931472414e-01,1.047379017104213661e+00
2.967800000000000082e+01,1.650000000000000000e+03,1.500000000000000000e+03,-2.815009060836547228e+00,9.938991492898706648e-01,1.032212663941810327e+00
2.969500000000000028e+01,1.650000000000000000e+03,1.500000000000000000e+03,-2.822870194337328442e+00,9.970870268460213515e-01,1.037945477840572339e+00
2.971199999999999974e+01,1.650000000000000000e+03,1.500000000000000000e+03,-2.822870194337328442e+00,9.970870268460213515e-01,1.037945477840572339e+00
2.973000000000000043e+01,1.650000000000000000e+03,1.500000000000000000e+03,-2.826080251597411497e+00,9.981988340676714033e-01,1.010510025708130089e+00
2.974699999999999989e+01,1.650000000000000000e+03,1.500000000000000000e+03,-2.829587031206938885e+00,9.984801730211395610e-01,1.023007837595804492e+00
2.976500000000000057e+01,1.650000000000000000e+03,1.500000000000000000e+03,-2.836318671175607431e+00,1.001590005624616975e+00,1.024486630145176713e+00
2.978200000000000003e+01,1.650000000000000000e+03,1.500000000000000000e+03,-2.841303850195726177e+00,1.002849819124055131e+00,1.025246758033234284e+00
2.980000000000000071e+01,1.650000000000000000e+03,1.500000000000000000e+03,-2.841303850195726177e+00,1.002849819124055131e+00,1.025246758033234284e+00
2.981599999999999895e+01,1.650000000000000000e+03,1.500000000000000000e+03,-2.843947633228301353e+00,1.003921738683759557e+00,1.030419910690779872e+00
