timestamp,u_propeller_pwm,u_rudder_pwm,x,y,yaw
1.600000000000000033e-02,1.500000000000000000e+03,1.500000000000000000e+03,-5.576339952280096046e-01,1.831932823729098825e+00,2.126995734805070537e+00
3.300000000000000155e-02,1.500000000000000000e+03,1.500000000000000000e+03,-5.576339952280096046e-01,1.831932823729098825e+00,2.126995734805070537e+00
5.000000000000000278e-02,1.500000000000000000e+03,1.500000000000000000e+03,-5.569945813212673347e-01,1.831911440148251913e+00,2.126995734805070537e+00
6.700000000000000400e-02,1.500000000000000000e+03,1.500000000000000000e+03,-5.569945813212673347e-01,1.831911440148251913e+00,2.126995734805070537e+00
8.400000000000000522e-02,1.500000000000000000e+03,1.500000000000000000e+03,-5.569945813212673347e-01,1.831911440148251913e+00,2.126995734805070537e+00
1.010000000000000064e-01,1.500000000000000000e+03,1.500000000000000000e+03,-5.569945813212673347e-01,1.831911440148251913e+00,2.126995734805070537e+00
1.179999999999999938e-01,1.500000000000000000e+03,1.500000000000000000e+03,-5.578036450720178507e-01,1.833318695615471228e+00,2.126995734805070537e+00
1.350000000000000089e-01,1.500000000000000000e+03,1.500000000000000000e+03,-5.578036450720178507e-01,1.833318695615471228e+00,2.126995734805070537e+00
1.519999999999999962e-01,1.500000000000000000e+03,1.500000000000000000e+03,-5.578036450720178507e-01,1.833318695615471228e+00,2.126995734805070537e+00
1.690000000000000113e-01,1.500000000000000000e+03,1.500000000000000000e+03,-5.578036450720178507e-01,1.833318695615471228e+00,2.126995734805070537e+00
1.869999999999999996e-01,1.500000000000000000e+03,1.500000000000000000e+03,-5.584431718675200162e-01,1.833340217791701310e+00,2.126995734805070537e+00
2.030000000000000138e-01,1.500000000000000000e+03,1.500000000000000000e+03,-5.571640355620559593e-01,1.833297258620274928e+00,2.114785088323679396e+00
2.210000000000000020e-01,1.500000000000000000e+03,1.500000000000000000e+03,-5.578036450720178507e-01,1.833318695615471228e+00,2.126995734805070537e+00
2.379999999999999893e-01,1.500000000000000000e+03,1.500000000000000000e+03,-5.571640355620559593e-01,1.833297258620274928e+00,2.114785088323679396e+00
2.540000000000000036e-01,1.500000000000000000e+03,1.500000000000000000e+03,-5.578036450720178507e-01,1.833318695615471228e+00,2.126995734805070537e+00
2.710000000000000187e-01,1.500000000000000000e+03,1.500000000000000000e+03,-5.578036450720178507e-01,1.833318695615471228e+00,2.126995734805070537e+00
2.879999999999999782e-01,1.500000000000000000e+03,1.500000000000000000e+03,-5.571640355620559593e-01,1.833297258620274928e+00,2.114785088323679396e+00
3.059999999999999942e-01,1.500000000000000000e+03,1.500000000000000000e+03,-5.560537005854331305e-01,1.834641442420748891e+00,2.114785088323679396e+00
3.230000000000000093e-01,1.500000000000000000e+03,1.500000000000000000e+03,-5.565243430900119748e-01,1.833275906926756349e+00,2.114785088323679396e+00
3.400000000000000244e-01,1.500000000000000000e+03,1.500000000000000000e+03,-5.562229037700501255e-01,1.836029335507432414e+00,2.127494784765861624e+00
3.579999999999999849e-01,1.500000000000000000e+03,1.500000000000000000e+03,-5.562229037700501255e-01,1.836029335507432414e+00,2.127494784765861624e+00
3.750000000000000000e-01,1.500000000000000000e+03,1.500000000000000000e+03,-5.562229037700501255e-01,1.836029335507432414e+00,2.127494784765861624e+00
3.920000000000000151e-01,1.500000000000000000e+03,1.500000000000000000e+03,-5.562229037700501255e-01,1.836029335507432414e+00,2.127494784765861624e+00
4.099999999999999756e-01,1.500000000000000000e+03,1.500000000000000000e+03,-5.562229037700501255e-01,1.836029335507432414e+00,2.127494784765861624e+00
4.269999999999999907e-01,1.500000000000000000e+03,1.500000000000000000e+03,-5.562229037700501255e-01,1.836029335507432414e+00,2.127494784765861624e+00
4.440000000000000058e-01,1.500000000000000000e+03,1.500000000000000000e+03,-5.562229037700501255e-01,1.836029335507432414e+00,2.127494784765861624e+00
4.620000000000000218e-01,1.500000000000000000e+03,1.500000000000000000e+03,-5.562229037700501255e-01,1.836029335507432414e+00,2.127494784765861624e+00
4.799999999999999822e-01,1.500000000000000000e+03,1.500000000000000000e+03,-5.562229037700501255e-01,1.836029335507432414e+00,2.127494784765861624e+00
4.969999999999999973e-01,1.500000000000000000e+03,1.500000000000000000e+03,-5.568630710481492496e-01,1.836050708590180047e+00,2.127494784765861624e+00
5.140000000000000124e-01,1.500000000000000000e+03,1.500000000000000000e+03,-5.575031553038531928e-01,1.836072167193163018e+00,2.139947873819970869e+00
5.320000000000000284e-01,1.500000000000000000e+03,1.500000000000000000e+03,-5.575031553038531928e-01,1.836072167193163018e+00,2.139947873819970869e+00
5.480000000000000426e-01,1.500000000000000000e+03,1.500000000000000000e+03,-5.575031553038531928e-01,1.836072167193163018e+00,2.139947873819970869e+00
5.649999999999999467e-01,1.500000000000000000e+03,1.500000000000000000e+03,-5.575031553038531928e-01,1.836072167193163018e+00,2.139947873819970869e+00
5.819999999999999618e-01,1.500000000000000000e+03,1.500000000000000000e+03,-5.557517304712504824e-01,1.837396980377053346e+00,2.113873842161734906e+00
5.989999999999999769e-01,1.500000000000000000e+03,1.500000000000000000e+03,-5.557517304712504824e-01,1.837396980377053346e+00,2.113873842161734906e+00
6.159999999999999920e-01,1.500000000000000000e+03,1.500000000000000000e+03,-5.557517304712504824e-01,1.837396980377053346e+00,2.113873842161734906e+00
6.340000000000000080e-01,1.500000000000000000e+03,1.500000000000000000e+03,-5.557517304712504824e-01,1.837396980377053346e+00,2.113873842161734906e+00
6.510000000000000231e-01,1.500000000000000000e+03,1.500000000000000000e+03,-5.557517304712504824e-01,1.837396980377053346e+00,2.113873842161734906e+00
6.680000000000000382e-01,1.500000000000000000e+03,1.500000000000000000e+03,-5.557517304712504824e-01,1.837396980377053346e+00,2.113873842161734906e+00
6.850000000000000533e-01,1.675000000000000000e+03,1.500000000000000000e+03,-5.557517304712504824e-01,1.837396980377053346e+00,2.113873842161734906e+00
7.019999999999999574e-01,1.675000000000000000e+03,1.500000000000000000e+03,-5.557517304712504824e-01,1.837396980377053346e+00,2.113873842161734906e+00
7.189999999999999725e-01,1.675000000000000000e+03,1.500000000000000000e+03,-5.557517304712504824e-01,1.837396980377053346e+00,2.113873842161734906e+00
7.359999999999999876e-01,1.675000000000000000e+03,1.500000000000000000e+03,-5.557517304712504824e-01,1.837396980377053346e+00,2.113873842161734906e+00
7.530000000000000027e-01,1.675000000000000000e+03,1.500000000000000000e+03,-5.562229037700501255e-01,1.836029335507432414e+00,2.152081475706386637e+00
7.700000000000000178e-01,1.675000000000000000e+03,1.500000000000000000e+03,-5.562229037700501255e-01,1.836029335507432414e+00,2.152081475706386637e+00
7.870000000000000329e-01,1.675000000000000000e+03,1.500000000000000000e+03,-5.568630710481492496e-01,1.836050708590180047e+00,2.152081475706386637e+00
8.040000000000000480e-01,1.675000000000000000e+03,1.500000000000000000e+03,-5.568630710481492496e-01,1.836050708590180047e+00,2.152081475706386637e+00
8.209999999999999520e-01,1.675000000000000000e+03,1.500000000000000000e+03,-5.568630710481492496e-01,1.836050708590180047e+00,2.152081475706386637e+00
8.379999999999999671e-01,1.675000000000000000e+03,1.500000000000000000e+03,-5.568630710481492496e-01,1.836050708590180047e+00,2.152081475706386637e+00
8.549999999999999822e-01,1.675000000000000000e+03,1.500000000000000000e+03,-5.568630710481492496e-01,1.836050708590180047e+00,2.152081475706386637e+00
8.719999999999999973e-01,1.675000000000000000e+03,1.500000000000000000e+03,-5.568630710481492496e-01,1.836050708590180047e+00,2.152081475706386637e+00
8.880000000000000115e-01,1.675000000000000000e+03,1.500000000000000000e+03,-5.575031553038531928e-01,1.836072167193163018e+00,2.139947873819970869e+00
9.050000000000000266e-01,1.675000000000000000e+03,1.500000000000000000e+03,-5.575031553038531928e-01,1.836072167193163018e+00,2.139947873819970869e+00
9.220000000000000417e-01,1.675000000000000000e+03,1.500000000000000000e+03,-5.575031553038531928e-01,1.836072167193163018e+00,2.139947873819970869e+00
9.399999999999999467e-01,1.675000000000000000e+03,1.500000000000000000e+03,-5.575031553038531928e-01,1.836072167193163018e+00,2.139947873819970869e+00
9.579999999999999627e-01,1.675000000000000000e+03,1.500000000000000000e+03,-5.581431567850312359e-01,1.836093711195421196e+00,2.139947873819970869e+00
9.749999999999999778e-01,1.675000000000000000e+03,1.500000000000000000e+03,-5.581431567850312359e-01,1.836093711195421196e+00,2.139947873819970869e+00
9.929999999999999938e-01,1.675000000000000000e+03,1.500000000000000000e+03,-5.581431567850312359e-01,1.836093711195421196e+00,2.139947873819970869e+00
1.010000000000000009e+00,1.675000000000000000e+03,1.500000000000000000e+03,-5.581431567850312359e-01,1.836093711195421196e+00,2.139947873819970869e+00
1.026999999999999913e+00,1.675000000000000000e+03,1.500000000000000000e+03,-5.581431567850312359e-01,1.836093711195421196e+00,2.139947873819970869e+00
1.044000000000000039e+00,1.675000000000000000e+03,1.500000000000000000e+03,-5.587830757390275238e-01,1.836115340476268898e+00,2.139947873819970869e+00
1.060999999999999943e+00,1.675000000000000000e+03,1.500000000000000000e+03,-5.587830757390275238e-01,1.836115340476268898e+00,2.139947873819970869e+00
1.078999999999999959e+00,1.675000000000000000e+03,1.500000000000000000e+03,-5.573335601742954726e-01,1.834684167186463100e+00,2.139947873819970869e+00
1.096000000000000085e+00,1.675000000000000000e+03,1.500000000000000000e+03,-5.573335601742954726e-01,1.834684167186463100e+00,2.139947873819970869e+00
1.114000000000000101e+00,1.675000000000000000e+03,1.500000000000000000e+03,-5.579733655423511074e-01,1.834705657655441247e+00,2.139947873819970869e+00
1.133000000000000007e+00,1.675000000000000000e+03,1.500000000000000000e+03,-5.590826161956639062e-01,1.833361825028593906e+00,2.127615546702293692e+00
1.151000000000000023e+00,1.675000000000000000e+03,1.500000000000000000e+03,-5.590826161956639062e-01,1.833361825028593906e+00,2.127615546702293692e+00
1.167999999999999927e+00,1.675000000000000000e+03,1.500000000000000000e+03,-5.586130882896416239e-01,1.834727233354188414e+00,2.127615546702293692e+00
1.185000000000000053e+00,1.675000000000000000e+03,1.500000000000000000e+03,-5.592527286631299166e-01,1.834748894162313793e+00,2.140055126360064452e+00
1.201999999999999957e+00,1.675000000000000000e+03,1.500000000000000000e+03,-5.610004568391493418e-01,1.833427155903589068e+00,2.140055126360064452e+00
1.219999999999999973e+00,1.675000000000000000e+03,1.500000000000000000e+03,-5.608298275747141126e-01,1.832041016216106488e+00,2.127117755372124108e+00
1.237000000000000099e+00,1.675000000000000000e+03,1.500000000000000000e+03,-5.616395737584773951e-01,1.833449102184818269e+00,2.127738822870022251e+00
1.254000000000000004e+00,1.675000000000000000e+03,1.500000000000000000e+03,-5.627463460870361089e-01,1.832106947066213021e+00,2.127242282547372465e+00
1.270999999999999908e+00,1.675000000000000000e+03,1.500000000000000000e+03,-5.627463460870361089e-01,1.832106947066213021e+00,2.127242282547372465e+00
1.288000000000000034e+00,1.675000000000000000e+03,1.500000000000000000e+03,-5.633850235764366055e-01,1.832129092528531622e+00,2.127242282547372465e+00
1.306000000000000050e+00,1.675000000000000000e+03,1.500000000000000000e+03,-5.633850235764366055e-01,1.832129092528531622e+00,2.127242282547372465e+00
1.322999999999999954e+00,1.675000000000000000e+03,1.500000000000000000e+03,-5.633850235764366055e-01,1.832129092528531622e+00,2.127242282547372465e+00
1.340000000000000080e+00,1.675000000000000000e+03,1.500000000000000000e+03,-5.646621369926367873e-01,1.832173635511946230e+00,2.115198191005862149e+00
1.356999999999999984e+00,1.675000000000000000e+03,1.500000000000000000e+03,-5.657668025496247477e-01,1.830833032685053041e+00,2.153271596741836547e+00
1.374000000000000110e+00,1.675000000000000000e+03,1.500000000000000000e+03,-5.676808050850203902e-01,1.830900814480286520e+00,2.141187263465134993e+00
1.391000000000000014e+00,1.675000000000000000e+03,1.500000000000000000e+03,-5.676808050850203902e-01,1.830900814480286520e+00,2.141187263465134993e+00
1.407999999999999918e+00,1.675000000000000000e+03,1.500000000000000000e+03,-5.689564113456957450e-01,1.830946418491030681e+00,2.128904286193909368e+00
1.425999999999999934e+00,1.675000000000000000e+03,1.500000000000000000e+03,-5.695940965648118581e-01,1.830969344992288139e+00,2.141302537452431043e+00
1.443000000000000060e+00,1.675000000000000000e+03,1.500000000000000000e+03,-5.711591099067967470e-01,1.828269947858474964e+00,2.128409822730056522e+00
1.459999999999999964e+00,1.675000000000000000e+03,1.500000000000000000e+03,-5.709854366305537887e-01,1.826887241079371726e+00,2.116397702166711969e+00
1.477000000000000091e+00,1.675000000000000000e+03,1.500000000000000000e+03,-5.709854366305537887e-01,1.826887241079371726e+00,2.116397702166711969e+00
1.493000000000000105e+00,1.675000000000000000e+03,1.500000000000000000e+03,-5.735321021805821484e-01,1.826980110659279344e+00,2.116545342578971312e+00
1.510000000000000009e+00,1.675000000000000000e+03,1.500000000000000000e+03,-5.735321021805821484e-01,1.826980110659279344e+00,2.116545342578971312e+00
1.526999999999999913e+00,1.675000000000000000e+03,1.500000000000000000e+03,-5.752663179860750819e-01,1.825668620608750903e+00,2.130080007068870795e+00
1.544000000000000039e+00,1.675000000000000000e+03,1.500000000000000000e+03,-5.752663179860750819e-01,1.825668620608750903e+00,2.130080007068870795e+00
1.560999999999999943e+00,1.675000000000000000e+03,1.500000000000000000e+03,-5.771742313583956285e-01,1.825739703331120012e+00,2.142450720083053373e+00
1.578000000000000069e+00,1.675000000000000000e+03,1.500000000000000000e+03,-5.771742313583956285e-01,1.825739703331120012e+00,2.142450720083053373e+00
1.596000000000000085e+00,1.675000000000000000e+03,1.500000000000000000e+03,-5.784457952330581687e-01,1.825787497864633124e+00,2.142573757113351185e+00
1.612999999999999989e+00,1.675000000000000000e+03,1.500000000000000000e+03,-5.814465236068504517e-01,1.824526933090981018e+00,2.129864740182065841e+00
1.629999999999999893e+00,1.675000000000000000e+03,1.500000000000000000e+03,-5.831742159119959190e-01,1.823219726781746708e+00,2.129864740182065841e+00
1.647000000000000020e+00,1.675000000000000000e+03,1.500000000000000000e+03,-5.823623554819943315e-01,1.821815844031639653e+00,2.129864740182065841e+00
1.663999999999999924e+00,1.675000000000000000e+03,1.500000000000000000e+03,-5.836313950865557043e-01,1.821864758515308047e+00,2.130006836345649468e+00
1.681999999999999940e+00,1.675000000000000000e+03,1.500000000000000000e+03,-5.859903848182212993e-01,1.820584884492089106e+00,2.143737390471126769e+00
1.699000000000000066e+00,1.675000000000000000e+03,1.500000000000000000e+03,-5.866243056948756696e-01,1.820609724512959993e+00,2.143737390471126769e+00
1.715999999999999970e+00,1.675000000000000000e+03,1.500000000000000000e+03,-5.878919307844558961e-01,1.820659642113921173e+00,2.143867941977357194e+00
1.733000000000000096e+00,1.675000000000000000e+03,1.500000000000000000e+03,-5.891592684863975471e-01,1.820709875741373107e+00,2.143867941977357194e+00
1.750000000000000000e+00,1.675000000000000000e+03,1.500000000000000000e+03,-5.910597401020636354e-01,1.820785816852632077e+00,2.144000829292871835e+00
1.766999999999999904e+00,1.675000000000000000e+03,1.500000000000000000e+03,-5.910597401020636354e-01,1.820785816852632077e+00,2.144000829292871835e+00
1.784000000000000030e+00,1.675000000000000000e+03,1.500000000000000000e+03,-5.929595751344594046e-01,1.820862464204152875e+00,2.131844430271363056e+00
1.802000000000000046e+00,1.675000000000000000e+03,1.500000000000000000e+03,-5.925990441250059693e-01,1.818107165573875861e+00,2.131358695590049646e+00
1.818999999999999950e+00,1.675000000000000000e+03,1.500000000000000000e+03,-5.943163236957749174e-01,1.816807983878214294e+00,2.131358695590049646e+00
1.836000000000000076e+00,1.675000000000000000e+03,1.500000000000000000e+03,-5.960318719810331345e-01,1.815510244630718528e+00,2.157111108376447817e+00
1.852999999999999980e+00,1.675000000000000000e+03,1.500000000000000000e+03,-5.979274488730335069e-01,1.815588323515298086e+00,2.145184281408265115e+00
1.870000000000000107e+00,1.675000000000000000e+03,1.500000000000000000e+03,-5.979274488730335069e-01,1.815588323515298086e+00,2.145184281408265115e+00
1.887000000000000011e+00,1.675000000000000000e+03,1.500000000000000000e+03,-5.985591706561863568e-01,1.815614503996688445e+00,2.145184281408265115e+00
1.903999999999999915e+00,1.675000000000000000e+03,1.500000000000000000e+03,-6.004539275001412602e-01,1.815693506549690195e+00,2.145324374401632372e+00
1.921000000000000041e+00,1.675000000000000000e+03,1.500000000000000000e+03,-6.004539275001412602e-01,1.815693506549690195e+00,2.145324374401632372e+00
1.939000000000000057e+00,1.675000000000000000e+03,1.500000000000000000e+03,-6.029793248335086897e-01,1.815799915361559602e+00,2.145466713358510802e+00
1.955999999999999961e+00,1.675000000000000000e+03,1.500000000000000000e+03,-6.042416223104736250e-01,1.815853577383491402e+00,2.133371563857687558e+00
1.973000000000000087e+00,1.675000000000000000e+03,1.500000000000000000e+03,-6.038742289061564961e-01,1.813104771765705170e+00,2.120886466968940454e+00
1.989999999999999991e+00,1.675000000000000000e+03,1.500000000000000000e+03,-6.049515023475253717e-01,1.811785608957603877e+00,2.158403137788333481e+00
2.007000000000000117e+00,1.675000000000000000e+03,1.500000000000000000e+03,-6.079175776049032809e-01,1.810548890831950697e+00,2.158535605661460188e+00
2.024000000000000021e+00,1.675000000000000000e+03,1.500000000000000000e+03,-6.079175776049032809e-01,1.810548890831950697e+00,2.158535605661460188e+00
2.041999999999999815e+00,1.675000000000000000e+03,1.500000000000000000e+03,-6.098067642203583993e-01,1.810630860968129863e+00,2.146669066741788257e+00
2.059000000000000163e+00,1.675000000000000000e+03,1.500000000000000000e+03,-6.102507886405188486e-01,1.809287067552764139e+00,2.133961767750634397e+00
2.076000000000000068e+00,1.675000000000000000e+03,1.500000000000000000e+03,-6.140258468744850262e-01,1.809453132329736480e+00,2.122323506362659096e+00
2.092999999999999972e+00,1.675000000000000000e+03,1.500000000000000000e+03,-6.140258468744850262e-01,1.809453132329736480e+00,2.122323506362659096e+00
2.111000000000000210e+00,1.675000000000000000e+03,1.500000000000000000e+03,-6.214408531910571298e-01,1.804343374322824989e+00,2.135537456102718501e+00
2.128000000000000114e+00,1.675000000000000000e+03,1.500000000000000000e+03,-6.214408531910571298e-01,1.804343374322824989e+00,2.135537456102718501e+00
2.145000000000000018e+00,1.675000000000000000e+03,1.500000000000000000e+03,-6.239498961706089197e-01,1.804458460475290682e+00,2.135708994757080870e+00
2.161999999999999922e+00,1.675000000000000000e+03,1.500000000000000000e+03,-6.262674786809299121e-01,1.803207243603086152e+00,2.161196820286741538e+00
2.178999999999999826e+00,1.675000000000000000e+03,1.500000000000000000e+03,-6.281473171641009934e-01,1.803295008331410987e+00,2.149418954415659666e+00
2.196000000000000174e+00,1.675000000000000000e+03,1.500000000000000000e+03,-6.279563128278935480e-01,1.801928442764396010e+00,2.149418954415659666e+00
2.213000000000000078e+00,1.675000000000000000e+03,1.500000000000000000e+03,-6.279563128278935480e-01,1.801928442764396010e+00,2.149418954415659666e+00
2.230999999999999872e+00,1.675000000000000000e+03,1.500000000000000000e+03,-6.304611419047430054e-01,1.802046233916313245e+00,2.137619904252564318e+00
2.248000000000000220e+00,1.675000000000000000e+03,1.500000000000000000e+03,-6.304611419047430054e-01,1.802046233916313245e+00,2.137619904252564318e+00
2.266999999999999904e+00,1.675000000000000000e+03,1.500000000000000000e+03,-6.327725328869002741e-01,1.800799202395090504e+00,2.149745850356838961e+00
2.283999999999999808e+00,1.675000000000000000e+03,1.500000000000000000e+03,-6.332055516206986923e-01,1.799464099360113867e+00,2.137146853279690006e+00
2.301000000000000156e+00,1.675000000000000000e+03,1.500000000000000000e+03,-6.357067044617563667e-01,1.799583981375686204e+00,2.137326623676788273e+00
2.318000000000000060e+00,1.675000000000000000e+03,1.500000000000000000e+03,-6.373880586225879608e-01,1.798310334172343872e+00,2.150822748397640982e+00
2.334999999999999964e+00,1.675000000000000000e+03,1.500000000000000000e+03,-6.373880586225879608e-01,1.798310334172343872e+00,2.150822748397640982e+00
2.351999999999999869e+00,1.675000000000000000e+03,1.500000000000000000e+03,-6.398868359633582692e-01,1.798431947160082256e+00,2.150991461869875998e+00
2.369000000000000217e+00,1.675000000000000000e+03,1.500000000000000000e+03,-6.409408708874142491e-01,1.797129588850852944e+00,2.151162152153417217e+00
2.386000000000000121e+00,1.675000000000000000e+03,1.500000000000000000e+03,-6.436698018263304899e-01,1.794559006411279078e+00,2.138788508950061562e+00
2.403999999999999915e+00,1.675000000000000000e+03,1.500000000000000000e+03,-6.467871228422985563e-01,1.794714128277870913e+00,2.138976184929018309e+00
2.420999999999999819e+00,1.675000000000000000e+03,1.500000000000000000e+03,-6.497053820660123602e-01,1.793509682627933088e+00,2.164261033255952871e+00
2.439000000000000057e+00,1.675000000000000000e+03,1.500000000000000000e+03,-6.509510090091163992e-01,1.793572774268277659e+00,2.152596408615278900e+00
2.455999999999999961e+00,1.675000000000000000e+03,1.500000000000000000e+03,-6.542882723366023612e-01,1.791043353108166869e+00,2.140267599019587852e+00
2.472999999999999865e+00,1.675000000000000000e+03,1.500000000000000000e+03,-6.542882723366023612e-01,1.791043353108166869e+00,2.140267599019587852e+00
2.490000000000000213e+00,1.675000000000000000e+03,1.500000000000000000e+03,-6.565762285572687151e-01,1.789812683157686823e+00,2.128868653704400593e+00
2.508000000000000007e+00,1.675000000000000000e+03,1.500000000000000000e+03,-6.594830918435947709e-01,1.788616016442881040e+00,2.154047994858452775e+00
2.525999999999999801e+00,1.675000000000000000e+03,1.500000000000000000e+03,-6.613464523598293621e-01,1.788713465585105133e+00,2.154232411461017183e+00
2.543000000000000149e+00,1.675000000000000000e+03,1.500000000000000000e+03,-6.613464523598293621e-01,1.788713465585105133e+00,2.154232411461017183e+00
2.560000000000000053e+00,1.675000000000000000e+03,1.500000000000000000e+03,-6.630075294204085257e-01,1.787454159724423786e+00,2.141763292399669893e+00
2.576999999999999957e+00,1.675000000000000000e+03,1.500000000000000000e+03,-6.650849603311170810e-01,1.784873554574816001e+00,2.130409792396062763e+00
2.593999999999999861e+00,1.675000000000000000e+03,1.500000000000000000e+03,-6.799480447186656562e-01,1.777629751432863170e+00,2.144802188758698325e+00
2.611000000000000210e+00,1.675000000000000000e+03,1.500000000000000000e+03,-6.828280484711806153e-01,1.776451430446059021e+00,2.145011879481852013e+00
2.629000000000000004e+00,1.675000000000000000e+03,1.500000000000000000e+03,-6.828280484711806153e-01,1.776451430446059021e+00,2.145011879481852013e+00
2.645999999999999908e+00,1.675000000000000000e+03,1.500000000000000000e+03,-6.863218973855460536e-01,1.775309833661007808e+00,2.133761480910181252e+00
2.662999999999999812e+00,1.675000000000000000e+03,1.500000000000000000e+03,-6.863218973855460536e-01,1.775309833661007808e+00,2.133761480910181252e+00
2.680000000000000160e+00,1.675000000000000000e+03,1.500000000000000000e+03,-6.889857230242601993e-01,1.772788247961484487e+00,2.146344291476889321e+00
2.697000000000000064e+00,1.675000000000000000e+03,1.500000000000000000e+03,-6.943183408649176158e-01,1.771758121155530663e+00,2.146775480395120450e+00
2.713999999999999968e+00,1.675000000000000000e+03,1.500000000000000000e+03,-6.943183408649176158e-01,1.771758121155530663e+00,2.146775480395120450e+00
2.730999999999999872e+00,1.675000000000000000e+03,1.500000000000000000e+03,-6.971835741182546009e-01,1.770589724577188662e+00,2.135582303031884344e+00
2.749000000000000110e+00,1.675000000000000000e+03,1.500000000000000000e+03,-6.971835741182546009e-01,1.770589724577188662e+00,2.135582303031884344e+00
2.765000000000000124e+00,1.675000000000000000e+03,1.500000000000000000e+03,-7.033054855696518892e-01,1.766951103465093986e+00,2.148341805226499091e+00
2.782999999999999918e+00,1.675000000000000000e+03,1.500000000000000000e+03,-7.033054855696518892e-01,1.766951103465093986e+00,2.148341805226499091e+00
2.799999999999999822e+00,1.675000000000000000e+03,1.500000000000000000e+03,-7.076038936477322405e-01,1.767205595422762343e+00,2.137190658274751964e+00
2.817000000000000171e+00,1.675000000000000000e+03,1.500000000000000000e+03,-7.076038936477322405e-01,1.767205595422762343e+00,2.137190658274751964e+00
2.834000000000000075e+00,1.675000000000000000e+03,1.500000000000000000e+03,-7.102399852395449020e-01,1.764703122495430154e+00,2.150372213741308158e+00
2.850999999999999979e+00,1.675000000000000000e+03,1.500000000000000000e+03,-7.118628645407973909e-01,1.763471949877809752e+00,2.149921728288955336e+00
2.867999999999999883e+00,1.675000000000000000e+03,1.500000000000000000e+03,-7.143146812827441128e-01,1.763619819284227397e+00,2.150149291747931457e+00
2.884999999999999787e+00,1.675000000000000000e+03,1.500000000000000000e+03,-7.183849181675001638e-01,1.762539543155531074e+00,2.139053311281195580e+00
2.903000000000000025e+00,1.675000000000000000e+03,1.500000000000000000e+03,-7.203949525309081281e-01,1.760009752734747579e+00,2.163740643190089408e+00
2.919999999999999929e+00,1.675000000000000000e+03,1.500000000000000000e+03,-7.226219038625079083e-01,1.758821670333389431e+00,2.151746888161331750e+00
2.938000000000000167e+00,1.675000000000000000e+03,1.500000000000000000e+03,-7.226219038625079083e-01,1.758821670333389431e+00,2.151746888161331750e+00
2.955999999999999961e+00,1.675000000000000000e+03,1.500000000000000000e+03,-7.226219038625079083e-01,1.758821670333389431e+00,2.151746888161331750e+00
2.972999999999999865e+00,1.675000000000000000e+03,1.500000000000000000e+03,-7.275132724176545107e-01,1.759125105805246836e+00,2.152215523703659095e+00
2.990000000000000213e+00,1.675000000000000000e+03,1.500000000000000000e+03,-7.315682454973599924e-01,1.758055001240104165e+00,2.165536418052494749e+00
3.007000000000000117e+00,1.675000000000000000e+03,1.500000000000000000e+03,-7.335636375843377355e-01,1.755534837660263747e+00,2.165762647721206413e+00
3.024000000000000021e+00,1.675000000000000000e+03,1.500000000000000000e+03,-7.357801851639371726e-01,1.754353643036331789e+00,2.153834348520734743e+00
3.040999999999999925e+00,1.675000000000000000e+03,1.500000000000000000e+03,-7.382199611419961727e-01,1.754509072362430810e+00,2.142592729587588618e+00
3.059000000000000163e+00,1.675000000000000000e+03,1.500000000000000000e+03,-7.416522867407049358e-01,1.753408285637002351e+00,2.178607100504625027e+00
3.076000000000000068e+00,1.675000000000000000e+03,1.500000000000000000e+03,-7.416522867407049358e-01,1.753408285637002351e+00,2.178607100504625027e+00
3.092999999999999972e+00,1.675000000000000000e+03,1.500000000000000000e+03,-7.436359274010662102e-01,1.750897075077102016e+00,2.178827144627425660e+00
3.109999999999999876e+00,1.675000000000000000e+03,1.500000000000000000e+03,-7.546564360049485831e-01,1.745034601568725474e+00,2.168333087296028250e+00
3.126999999999999780e+00,1.675000000000000000e+03,1.500000000000000000e+03,-7.595148615404543335e-01,1.745356994260856887e+00,2.146457227878571405e+00
3.144000000000000128e+00,1.675000000000000000e+03,1.500000000000000000e+03,-7.595148615404543335e-01,1.745356994260856887e+00,2.146457227878571405e+00
3.161999999999999922e+00,1.675000000000000000e+03,1.500000000000000000e+03,-7.651177905095407628e-01,1.743105653393515198e+00,2.159012950618533377e+00
3.178999999999999826e+00,1.675000000000000000e+03,1.500000000000000000e+03,-7.651177905095407628e-01,1.743105653393515198e+00,2.159012950618533377e+00
3.197000000000000064e+00,1.675000000000000000e+03,1.500000000000000000e+03,-7.651177905095407628e-01,1.743105653393515198e+00,2.159012950618533377e+00
3.214999999999999858e+00,1.675000000000000000e+03,1.500000000000000000e+03,-7.670748383016878780e-01,1.740614203364962531e+00,2.159267138262983998e+00
3.230999999999999872e+00,1.675000000000000000e+03,1.500000000000000000e+03,-7.710808400460436030e-01,1.739575696561933338e+00,2.172446330203550158e+00
3.248000000000000220e+00,1.675000000000000000e+03,1.500000000000000000e+03,-7.738723263812651298e-01,1.738456775463172566e+00,2.160680364617566518e+00
3.265000000000000124e+00,1.675000000000000000e+03,1.500000000000000000e+03,-7.788431648890454806e-01,1.736182045413695363e+00,2.150126650893561919e+00
3.282000000000000028e+00,1.675000000000000000e+03,1.500000000000000000e+03,-7.788431648890454806e-01,1.736182045413695363e+00,2.150126650893561919e+00
3.299999999999999822e+00,1.675000000000000000e+03,1.500000000000000000e+03,-7.819929087907393495e-01,1.733787003007829064e+00,2.162357875758842862e+00
3.315999999999999837e+00,1.675000000000000000e+03,1.500000000000000000e+03,-7.819929087907393495e-01,1.733787003007829064e+00,2.162357875758842862e+00
3.333000000000000185e+00,1.675000000000000000e+03,1.500000000000000000e+03,-7.853776031093895327e-01,1.732717490388781645e+00,2.162619474223440807e+00
3.350000000000000089e+00,1.675000000000000000e+03,1.500000000000000000e+03,-7.900864627257181416e-01,1.729136961980110687e+00,2.164045117177450184e+00
3.367999999999999883e+00,1.675000000000000000e+03,1.500000000000000000e+03,-7.940647200844941356e-01,1.728116121082433843e+00,2.153293303981112849e+00
3.384999999999999787e+00,1.675000000000000000e+03,1.500000000000000000e+03,-7.940647200844941356e-01,1.728116121082433843e+00,2.153293303981112849e+00
3.402000000000000135e+00,1.675000000000000000e+03,1.500000000000000000e+03,-7.987553545770719188e-01,1.724549302946764673e+00,2.165741733084119325e+00
3.419000000000000039e+00,1.675000000000000000e+03,1.500000000000000000e+03,-7.987553545770719188e-01,1.724549302946764673e+00,2.165741733084119325e+00
3.435999999999999943e+00,1.675000000000000000e+03,1.500000000000000000e+03,-8.048833213676389597e-01,1.722392917770428689e+00,2.155061531096484018e+00
3.454000000000000181e+00,1.675000000000000000e+03,1.500000000000000000e+03,-8.073958106716864203e-01,1.719981742050501250e+00,2.167447378316680773e+00
3.471000000000000085e+00,1.675000000000000000e+03,1.500000000000000000e+03,-8.073958106716864203e-01,1.719981742050501250e+00,2.167447378316680773e+00
3.487999999999999989e+00,1.675000000000000000e+03,1.500000000000000000e+03,-8.107527406266591408e-01,1.718930237801927330e+00,2.156765956674917106e+00
3.504999999999999893e+00,1.675000000000000000e+03,1.500000000000000000e+03,-8.137555025815498277e-01,1.719149262999688510e+00,2.157049811695610941e+00
3.523000000000000131e+00,1.675000000000000000e+03,1.500000000000000000e+03,-8.165078702466728178e-01,1.718056614907871982e+00,2.146371489617274975e+00
3.539000000000000146e+00,1.675000000000000000e+03,1.500000000000000000e+03,-8.190072132267964822e-01,1.715654311748559646e+00,2.158514768838436737e+00
3.584999999999999964e+00,1.675000000000000000e+03,1.500000000000000000e+03,-8.221019720235366313e-01,1.713300153285507221e+00,2.147856027671966039e+00
3.623000000000000220e+00,1.675000000000000000e+03,1.500000000000000000e+03,-8.221019720235366313e-01,1.713300153285507221e+00,2.147856027671966039e+00
3.640000000000000124e+00,1.675000000000000000e+03,1.500000000000000000e+03,-8.221019720235366313e-01,1.713300153285507221e+00,2.147856027671966039e+00
3.657000000000000028e+00,1.675000000000000000e+03,1.500000000000000000e+03,-8.262965012702351286e-01,1.713611575856927693e+00,2.137294318291605322e+00
3.684000000000000163e+00,1.675000000000000000e+03,1.500000000000000000e+03,-8.285306391021072248e-01,1.709910347031708966e+00,2.160271485907681477e+00
3.701000000000000068e+00,1.675000000000000000e+03,1.500000000000000000e+03,-8.285306391021072248e-01,1.709910347031708966e+00,2.160271485907681477e+00
3.717999999999999972e+00,1.675000000000000000e+03,1.500000000000000000e+03,-8.445862133182685527e-01,1.704693232701922856e+00,2.141254236832913715e+00
3.734999999999999876e+00,1.675000000000000000e+03,1.500000000000000000e+03,-8.491027675303597366e-01,1.703755787564600332e+00,2.164399658071765487e+00
3.751999999999999780e+00,1.675000000000000000e+03,1.500000000000000000e+03,-8.542846514757905796e-01,1.700309451074473177e+00,2.154158922842003498e+00
3.769000000000000128e+00,1.675000000000000000e+03,1.500000000000000000e+03,-8.542846514757905796e-01,1.700309451074473177e+00,2.154158922842003498e+00
3.786000000000000032e+00,1.675000000000000000e+03,1.500000000000000000e+03,-8.581944262898094644e-01,1.699332415338037361e+00,2.166183723093805913e+00
3.802999999999999936e+00,1.675000000000000000e+03,1.500000000000000000e+03,-8.639534016270004058e-01,1.695945677324204315e+00,2.145251327473504777e+00
3.821000000000000174e+00,1.675000000000000000e+03,1.500000000000000000e+03,-8.639534016270004058e-01,1.695945677324204315e+00,2.145251327473504777e+00
3.838000000000000078e+00,1.675000000000000000e+03,1.500000000000000000e+03,-8.708885271659634331e-01,1.692662267949352817e+00,2.157796019882968874e+00
3.854000000000000092e+00,1.675000000000000000e+03,1.500000000000000000e+03,-8.708885271659634331e-01,1.692662267949352817e+00,2.157796019882968874e+00
3.870999999999999996e+00,1.675000000000000000e+03,1.500000000000000000e+03,-8.786716917491855794e-01,1.690731370997596628e+00,2.181084321264509018e+00
3.887999999999999901e+00,1.675000000000000000e+03,1.500000000000000000e+03,-8.786716917491855794e-01,1.690731370997596628e+00,2.181084321264509018e+00
3.904999999999999805e+00,1.675000000000000000e+03,1.500000000000000000e+03,-8.805070151498515241e-01,1.688332380532989507e+00,2.159939784177420385e+00
3.923000000000000043e+00,1.675000000000000000e+03,1.500000000000000000e+03,-8.853056133593019128e-01,1.686174586554404442e+00,2.171882030983404377e+00
3.939999999999999947e+00,1.675000000000000000e+03,1.500000000000000000e+03,-8.879987617147422352e-01,1.685121338392926660e+00,2.161456766765925241e+00
3.956999999999999851e+00,1.675000000000000000e+03,1.500000000000000000e+03,-8.906899458946635484e-01,1.684069381101476637e+00,2.151145277560375213e+00
3.975000000000000089e+00,1.675000000000000000e+03,1.500000000000000000e+03,-8.946070508817265399e-01,1.680584162443126583e+00,2.173733375577209248e+00
3.991000000000000103e+00,1.675000000000000000e+03,1.500000000000000000e+03,-9.017500026238914890e-01,1.678634904520349469e+00,2.153344461458651438e+00
4.009000000000000341e+00,1.675000000000000000e+03,1.500000000000000000e+03,-9.017500026238914890e-01,1.678634904520349469e+00,2.153344461458651438e+00
4.025999999999999801e+00,1.675000000000000000e+03,1.500000000000000000e+03,-9.047438897235199340e-01,1.676352273177942553e+00,2.165139205168733483e+00
4.043000000000000149e+00,1.675000000000000000e+03,1.500000000000000000e+03,-9.074213519423498520e-01,1.675309428575843640e+00,2.154886005068810118e+00
4.059999999999999609e+00,1.675000000000000000e+03,1.500000000000000000e+03,-9.127706132977910780e-01,1.673227448024360964e+00,2.177646978681503143e+00
4.078000000000000291e+00,1.675000000000000000e+03,1.500000000000000000e+03,-9.127706132977910780e-01,1.673227448024360964e+00,2.177646978681503143e+00
4.094999999999999751e+00,1.675000000000000000e+03,1.500000000000000000e+03,-9.432444271682527415e-01,1.659460589704591538e+00,2.162762098312302150e+00
4.112000000000000099e+00,1.675000000000000000e+03,1.500000000000000000e+03,-9.432444271682527415e-01,1.659460589704591538e+00,2.162762098312302150e+00
4.128999999999999559e+00,1.675000000000000000e+03,1.500000000000000000e+03,-9.432444271682527415e-01,1.659460589704591538e+00,2.162762098312302150e+00
4.145999999999999908e+00,1.675000000000000000e+03,1.500000000000000000e+03,-9.503077185630871559e-01,1.655067140697715988e+00,2.175094331058781805e+00
4.163000000000000256e+00,1.675000000000000000e+03,1.500000000000000000e+03,-9.550070647500916721e-01,1.655470266692520731e+00,2.154396186847632233e+00
4.179999999999999716e+00,1.675000000000000000e+03,1.500000000000000000e+03,-9.567652220755256121e-01,1.650637637898021648e+00,2.166212445988824342e+00
4.197000000000000064e+00,1.675000000000000000e+03,1.500000000000000000e+03,-9.614585966168947007e-01,1.651042114630849156e+00,2.166901585794233309e+00
4.214000000000000412e+00,1.675000000000000000e+03,1.500000000000000000e+03,-9.673067741087172378e-01,1.646576932945932992e+00,2.168459141508894295e+00
4.230999999999999872e+00,1.675000000000000000e+03,1.500000000000000000e+03,-9.673067741087172378e-01,1.646576932945932992e+00,2.168459141508894295e+00
4.248000000000000220e+00,1.675000000000000000e+03,1.500000000000000000e+03,-9.725673941829489078e-01,1.644553161639292327e+00,2.159456756369198427e+00
4.264999999999999680e+00,1.675000000000000000e+03,1.500000000000000000e+03,-9.763661521834351431e-01,1.643645180777703274e+00,2.170364744908401367e+00
4.282000000000000028e+00,1.675000000000000000e+03,1.500000000000000000e+03,-9.786904112587788696e-01,1.641371867650204486e+00,2.171525712428198585e+00
4.299000000000000377e+00,1.675000000000000000e+03,1.500000000000000000e+03,-9.836536389042932482e-01,1.640569957674135715e+00,2.151445113772997075e+00
4.317000000000000171e+00,1.675000000000000000e+03,1.500000000000000000e+03,-9.865554133120366664e-01,1.638353076837429700e+00,2.162117172189928826e+00
4.333999999999999631e+00,1.675000000000000000e+03,1.500000000000000000e+03,-9.955741491168199619e-01,1.635447288830167878e+00,2.164054244071372590e+00
4.350999999999999979e+00,1.675000000000000000e+03,1.500000000000000000e+03,-9.972958340029866031e-01,1.633135323676350392e+00,2.165612184173768107e+00
4.368000000000000327e+00,1.675000000000000000e+03,1.500000000000000000e+03,-1.002516167050911733e+00,1.631137713346915596e+00,2.176451119341736185e+00
4.384999999999999787e+00,1.675000000000000000e+03,1.500000000000000000e+03,-1.004814099382366210e+00,1.628883924777878800e+00,2.156952777227085338e+00
4.402000000000000135e+00,1.675000000000000000e+03,1.500000000000000000e+03,-1.004814099382366210e+00,1.628883924777878800e+00,2.156952777227085338e+00
4.418999999999999595e+00,1.675000000000000000e+03,1.500000000000000000e+03,-1.010023265938782888e+00,1.626893595310700658e+00,2.178368987669776047e+00
4.435999999999999943e+00,1.675000000000000000e+03,1.500000000000000000e+03,-1.012313318649834315e+00,1.624646134022960986e+00,2.158914892534253838e+00
4.453000000000000291e+00,1.675000000000000000e+03,1.500000000000000000e+03,-1.012313318649834315e+00,1.624646134022960986e+00,2.158914892534253838e+00
4.471000000000000085e+00,1.675000000000000000e+03,1.500000000000000000e+03,-1.021272483552886801e+00,1.621777733271596578e+00,2.160878916361943958e+00
4.488999999999999879e+00,1.675000000000000000e+03,1.500000000000000000e+03,-1.021272483552886801e+00,1.621777733271596578e+00,2.160878916361943958e+00
4.506000000000000227e+00,1.675000000000000000e+03,1.500000000000000000e+03,-1.024715295487654831e+00,1.619643105131806315e+00,2.182211369771811960e+00
4.522999999999999687e+00,1.675000000000000000e+03,1.500000000000000000e+03,-1.028153790139041845e+00,1.617511702266692275e+00,2.173013247319909969e+00
4.540000000000000036e+00,1.675000000000000000e+03,1.500000000000000000e+03,-1.033012959684605825e+00,1.614294269814292804e+00,2.184135571139532495e+00
4.557999999999999829e+00,1.675000000000000000e+03,1.500000000000000000e+03,-1.036760675286694910e+00,1.613416771729596189e+00,2.164812098449759858e+00
4.575999999999999623e+00,1.675000000000000000e+03,1.500000000000000000e+03,-1.044186286739835268e+00,1.609229562619776566e+00,2.166780969196838935e+00
4.592999999999999972e+00,1.675000000000000000e+03,1.500000000000000000e+03,-1.044186286739835268e+00,1.609229562619776566e+00,2.166780969196838935e+00
4.610999999999999766e+00,1.675000000000000000e+03,1.500000000000000000e+03,-1.056160237906808241e+00,1.603052460227213150e+00,2.160354287518217564e+00
4.628000000000000114e+00,1.675000000000000000e+03,1.500000000000000000e+03,-1.060142100515441221e+00,1.600999882285498277e+00,2.170722574443239239e+00
4.644999999999999574e+00,1.675000000000000000e+03,1.500000000000000000e+03,-1.064698255483757183e+00,1.599003863954524984e+00,2.152311905201466757e+00
4.663000000000000256e+00,1.675000000000000000e+03,1.500000000000000000e+03,-1.068091807932459503e+00,1.596904283832226046e+00,2.172695039544434881e+00
4.679999999999999716e+00,1.675000000000000000e+03,1.500000000000000000e+03,-1.075444846941169708e+00,1.592767728552479056e+00,2.174668438086035938e+00
4.697000000000000064e+00,1.675000000000000000e+03,1.500000000000000000e+03,-1.075444846941169708e+00,1.592767728552479056e+00,2.174668438086035938e+00
4.713000000000000078e+00,1.675000000000000000e+03,1.500000000000000000e+03,-1.079159047272525651e+00,1.591909764793681514e+00,2.166325128431995317e+00
4.730999999999999872e+00,1.675000000000000000e+03,1.500000000000000000e+03,-1.083358258182678391e+00,1.588697038757341584e+00,2.176642642325899324e+00
4.746999999999999886e+00,1.675000000000000000e+03,1.500000000000000000e+03,-1.083358258182678391e+00,1.588697038757341584e+00,2.176642642325899324e+00
4.764000000000000234e+00,1.675000000000000000e+03,1.500000000000000000e+03,-1.091253561848500642e+00,1.584638638767978058e+00,2.178617527160791489e+00
4.782000000000000028e+00,1.675000000000000000e+03,1.500000000000000000e+03,-1.091253561848500642e+00,1.584638638767978058e+00,2.178617527160791489e+00
4.799000000000000377e+00,1.675000000000000000e+03,1.500000000000000000e+03,-1.099130959489346360e+00,1.580592372034798299e+00,2.180592970051515866e+00
4.817000000000000171e+00,1.675000000000000000e+03,1.500000000000000000e+03,-1.103403718012863965e+00,1.579798780239761946e+00,2.172689779614468630e+00
4.833999999999999631e+00,1.675000000000000000e+03,1.500000000000000000e+03,-1.108485334629375263e+00,1.577890185857956151e+00,2.182568850951018380e+00
4.852000000000000313e+00,1.675000000000000000e+03,1.500000000000000000e+03,-1.111257080298926336e+00,1.575767927897801624e+00,2.174683530092266892e+00
4.868999999999999773e+00,1.675000000000000000e+03,1.500000000000000000e+03,-1.111257080298926336e+00,1.575767927897801624e+00,2.174683530092266892e+00
4.886999999999999567e+00,1.675000000000000000e+03,1.500000000000000000e+03,-1.119093015355940413e+00,1.571748841673906050e+00,2.176677449394767372e+00
4.903999999999999915e+00,1.675000000000000000e+03,1.500000000000000000e+03,-1.124730837990775223e+00,1.569906816346750222e+00,2.196806444037106232e+00
4.921000000000000263e+00,1.675000000000000000e+03,1.500000000000000000e+03,-1.124730837990775223e+00,1.569906816346750222e+00,2.196806444037106232e+00
4.937999999999999723e+00,1.675000000000000000e+03,1.500000000000000000e+03,-1.126911710490891672e+00,1.567741375436620732e+00,2.178671425938965900e+00
4.955000000000000071e+00,1.675000000000000000e+03,1.500000000000000000e+03,-1.133114654344506755e+00,1.565959929457739097e+00,2.188881326578917985e+00
4.972000000000000419e+00,1.675000000000000000e+03,1.500000000000000000e+03,-1.135288088039422050e+00,1.563799892054540397e+00,2.170823567282495148e+00
4.988999999999999879e+00,1.675000000000000000e+03,1.500000000000000000e+03,-1.135288088039422050e+00,1.563799892054540397e+00,2.170823567282495148e+00
5.006000000000000227e+00,1.675000000000000000e+03,1.500000000000000000e+03,-1.140906049561442925e+00,1.561969993544049196e+00,2.190858339576055247e+00
5.024000000000000021e+00,1.675000000000000000e+03,1.500000000000000000e+03,-1.143646730819718904e+00,1.559869946548459563e+00,2.183049886538272588e+00
5.041000000000000369e+00,1.675000000000000000e+03,1.500000000000000000e+03,-1.148680693381376461e+00,1.557991300650863220e+00,2.192835191033700060e+00
5.057999999999999829e+00,1.675000000000000000e+03,1.500000000000000000e+03,-1.152561787802917515e+00,1.556006127776874415e+00,2.175248745246305404e+00
5.075000000000000178e+00,1.675000000000000000e+03,1.500000000000000000e+03,-1.152561787802917515e+00,1.556006127776874415e+00,2.175248745246305404e+00
5.091999999999999638e+00,1.675000000000000000e+03,1.500000000000000000e+03,-1.157802078797137924e+00,1.552978734642809222e+00,2.186645748404338452e+00
5.108999999999999986e+00,1.675000000000000000e+03,1.500000000000000000e+03,-1.182684903052370728e+00,1.541314248219591398e+00,2.193014642690909621e+00
5.126000000000000334e+00,1.675000000000000000e+03,1.500000000000000000e+03,-1.185592336874526920e+00,1.538096737156512184e+00,2.194219798977388169e+00
5.142999999999999794e+00,1.675000000000000000e+03,1.500000000000000000e+03,-1.185592336874526920e+00,1.538096737156512184e+00,2.194219798977388169e+00
5.160999999999999588e+00,1.675000000000000000e+03,1.500000000000000000e+03,-1.191149370183401057e+00,1.536303517405888108e+00,2.204300416657839712e+00
5.177999999999999936e+00,1.675000000000000000e+03,1.500000000000000000e+03,-1.191149370183401057e+00,1.536303517405888108e+00,2.204300416657839712e+00
5.195000000000000284e+00,1.675000000000000000e+03,1.500000000000000000e+03,-1.194986235593467505e+00,1.534347819073982766e+00,2.196602420989736792e+00
5.211999999999999744e+00,1.675000000000000000e+03,1.500000000000000000e+03,-1.202648277565253832e+00,1.530444166261872407e+00,2.198591288327710114e+00
5.229000000000000092e+00,1.675000000000000000e+03,1.500000000000000000e+03,-1.202648277565253832e+00,1.530444166261872407e+00,2.198591288327710114e+00
5.246000000000000441e+00,1.675000000000000000e+03,1.500000000000000000e+03,-1.208384655022150866e+00,1.527523144195890747e+00,2.200185580280911157e+00
5.262999999999999901e+00,1.675000000000000000e+03,1.500000000000000000e+03,-1.208384655022150866e+00,1.527523144195890747e+00,2.200185580280911157e+00
5.280999999999999694e+00,1.675000000000000000e+03,1.500000000000000000e+03,-1.216590476487480643e+00,1.523692547423634469e+00,2.202172098772004816e+00
5.296999999999999709e+00,1.675000000000000000e+03,1.500000000000000000e+03,-1.220402128014153487e+00,1.521753414393294701e+00,2.183137781317920023e+00
5.314000000000000057e+00,1.675000000000000000e+03,1.500000000000000000e+03,-1.220402128014153487e+00,1.521753414393294701e+00,2.183137781317920023e+00
5.331000000000000405e+00,1.675000000000000000e+03,1.500000000000000000e+03,-1.225921333769542709e+00,1.519982693832578224e+00,2.204551314725982536e+00
5.349000000000000199e+00,1.675000000000000000e+03,1.500000000000000000e+03,-1.234665107874545420e+00,1.516227672837870966e+00,2.196940924525740524e+00
5.365999999999999659e+00,1.675000000000000000e+03,1.500000000000000000e+03,-1.234665107874545420e+00,1.516227672837870966e+00,2.196940924525740524e+00
5.383000000000000007e+00,1.675000000000000000e+03,1.500000000000000000e+03,-1.241868721190615421e+00,1.511187677782146466e+00,2.191193579804723068e+00
5.400000000000000355e+00,1.675000000000000000e+03,1.500000000000000000e+03,-1.246409418851986306e+00,1.508193106700347563e+00,2.210105472929299264e+00
5.416999999999999815e+00,1.675000000000000000e+03,1.500000000000000000e+03,-1.246409418851986306e+00,1.508193106700347563e+00,2.210105472929299264e+00
5.434000000000000163e+00,1.675000000000000000e+03,1.500000000000000000e+03,-1.255107952179205677e+00,1.504467022082727645e+00,2.212479469381346764e+00
5.450999999999999623e+00,1.675000000000000000e+03,1.500000000000000000e+03,-1.255107952179205677e+00,1.504467022082727645e+00,2.212479469381346764e+00
5.467999999999999972e+00,1.675000000000000000e+03,1.500000000000000000e+03,-1.259809869070072308e+00,1.500362956223188604e+00,2.214063375389904387e+00
5.485000000000000320e+00,1.675000000000000000e+03,1.500000000000000000e+03,-1.259809869070072308e+00,1.500362956223188604e+00,2.214063375389904387e+00
5.503000000000000114e+00,1.675000000000000000e+03,1.500000000000000000e+03,-1.263968636060240236e+00,1.499628961943567429e+00,2.197228639406664019e+00
5.519999999999999574e+00,1.675000000000000000e+03,1.500000000000000000e+03,-1.273375944436377027e+00,1.494860886549140844e+00,2.217620411546800341e+00
5.538000000000000256e+00,1.675000000000000000e+03,1.500000000000000000e+03,-1.276737856601339205e+00,1.491785563495568567e+00,2.210543877194191431e+00
5.554999999999999716e+00,1.675000000000000000e+03,1.500000000000000000e+03,-1.276737856601339205e+00,1.491785563495568567e+00,2.210543877194191431e+00
5.572000000000000064e+00,1.675000000000000000e+03,1.500000000000000000e+03,-1.282193209172131088e+00,1.490051849532594730e+00,2.210111972689789095e+00
5.588000000000000078e+00,1.675000000000000000e+03,1.500000000000000000e+03,-1.307952162220007875e+00,1.475654307430013024e+00,2.217655006848784804e+00
5.605999999999999872e+00,1.675000000000000000e+03,1.500000000000000000e+03,-1.312807845929206296e+00,1.473884131289060928e+00,2.210837799702796147e+00
5.623000000000000220e+00,1.675000000000000000e+03,1.500000000000000000e+03,-1.312807845929206296e+00,1.473884131289060928e+00,2.210837799702796147e+00
5.639999999999999680e+00,1.675000000000000000e+03,1.500000000000000000e+03,-1.317411729702972156e+00,1.469852981837603156e+00,2.212425724181915854e+00
5.657000000000000028e+00,1.675000000000000000e+03,1.500000000000000000e+03,-1.322099078585132315e+00,1.469191773115858801e+00,2.230995573142083188e+00
5.674000000000000377e+00,1.675000000000000000e+03,1.500000000000000000e+03,-1.325965957624268610e+00,1.466217140364320048e+00,2.205066049912937753e+00
5.690999999999999837e+00,1.675000000000000000e+03,1.500000000000000000e+03,-1.325965957624268610e+00,1.466217140364320048e+00,2.205066049912937753e+00
5.708000000000000185e+00,1.675000000000000000e+03,1.500000000000000000e+03,-1.329981664202686931e+00,1.462148612201084497e+00,2.216001221518633990e+00
5.724999999999999645e+00,1.675000000000000000e+03,1.500000000000000000e+03,-1.339074122777113018e+00,1.458584799792646436e+00,2.218393324280190093e+00
5.743000000000000327e+00,1.675000000000000000e+03,1.500000000000000000e+03,-1.339074122777113018e+00,1.458584799792646436e+00,2.218393324280190093e+00
5.759999999999999787e+00,1.675000000000000000e+03,1.500000000000000000e+03,-1.349014064351279130e+00,1.452896698025344158e+00,2.221550256848562999e+00
5.777000000000000135e+00,1.675000000000000000e+03,1.500000000000000000e+03,-1.349014064351279130e+00,1.452896698025344158e+00,2.221550256848562999e+00
5.793999999999999595e+00,1.675000000000000000e+03,1.500000000000000000e+03,-1.349014064351279130e+00,1.452896698025344158e+00,2.221550256848562999e+00
5.810999999999999943e+00,1.675000000000000000e+03,1.500000000000000000e+03,-1.352844646500390935e+00,1.449949795155404342e+00,2.215204737245063171e+00
5.828000000000000291e+00,1.675000000000000000e+03,1.500000000000000000e+03,-1.358071645397328497e+00,1.449353505703873335e+00,2.223934141362987837e+00
5.844999999999999751e+00,1.675000000000000000e+03,1.500000000000000000e+03,-1.366835412317704002e+00,1.443586516260591424e+00,2.209699448202286920e+00
5.862000000000000099e+00,1.675000000000000000e+03,1.500000000000000000e+03,-1.366835412317704002e+00,1.443586516260591424e+00,2.209699448202286920e+00
5.878999999999999559e+00,1.675000000000000000e+03,1.500000000000000000e+03,-1.376137508505120843e+00,1.437893250442729087e+00,2.219812548174523670e+00
5.897000000000000242e+00,1.675000000000000000e+03,1.500000000000000000e+03,-1.376137508505120843e+00,1.437893250442729087e+00,2.219812548174523670e+00
5.913999999999999702e+00,1.675000000000000000e+03,1.500000000000000000e+03,-1.381486580412026433e+00,1.436218837634635648e+00,2.213701439300010509e+00
5.931000000000000050e+00,1.675000000000000000e+03,1.500000000000000000e+03,-1.381486580412026433e+00,1.436218837634635648e+00,2.213701439300010509e+00
5.948000000000000398e+00,1.675000000000000000e+03,1.500000000000000000e+03,-1.389760454700357695e+00,1.429360628051396631e+00,2.216864300566840029e+00
5.966000000000000192e+00,1.675000000000000000e+03,1.500000000000000000e+03,-1.389760454700357695e+00,1.429360628051396631e+00,2.216864300566840029e+00
5.982999999999999652e+00,1.675000000000000000e+03,1.500000000000000000e+03,-1.396219712401034263e+00,1.427804007769775119e+00,2.225352316359504812e+00
6.000000000000000000e+00,1.675000000000000000e+03,1.500000000000000000e+03,-1.404321164494670260e+00,1.422052844886641854e+00,2.220844490906390245e+00
6.017000000000000348e+00,1.675000000000000000e+03,1.500000000000000000e+03,-1.404321164494670260e+00,1.422052844886641854e+00,2.220844490906390245e+00
6.033999999999999808e+00,1.675000000000000000e+03,1.500000000000000000e+03,-1.409768684851776088e+00,1.419320381648125018e+00,2.222417524528503829e+00
6.051000000000000156e+00,1.675000000000000000e+03,1.500000000000000000e+03,-1.409768684851776088e+00,1.419320381648125018e+00,2.222417524528503829e+00
6.070000000000000284e+00,1.675000000000000000e+03,1.500000000000000000e+03,-1.409768684851776088e+00,1.419320381648125018e+00,2.222417524528503829e+00
6.086999999999999744e+00,1.675000000000000000e+03,1.500000000000000000e+03,-1.414647211770052149e+00,1.416537771180845784e+00,2.230867701288126170e+00
6.104000000000000092e+00,1.675000000000000000e+03,1.500000000000000000e+03,-1.418395570974989806e+00,1.413650800255832785e+00,2.241570384043017228e+00
6.121000000000000441e+00,1.675000000000000000e+03,1.500000000000000000e+03,-1.448055914428697077e+00,1.397126437473657390e+00,2.233447528883321098e+00
6.137999999999999901e+00,1.675000000000000000e+03,1.500000000000000000e+03,-1.452323006398725802e+00,1.394324236425793284e+00,2.235002863700491726e+00
6.155999999999999694e+00,1.675000000000000000e+03,1.500000000000000000e+03,-1.452323006398725802e+00,1.394324236425793284e+00,2.235002863700491726e+00
6.173000000000000043e+00,1.675000000000000000e+03,1.500000000000000000e+03,-1.462409278511112021e+00,1.389950531426503044e+00,2.237372846994179820e+00
6.190000000000000391e+00,1.675000000000000000e+03,1.500000000000000000e+03,-1.466099579199900305e+00,1.387105629229748338e+00,2.238922490636460427e+00
6.206999999999999851e+00,1.675000000000000000e+03,1.500000000000000000e+03,-1.471463924730681327e+00,1.384426216510282082e+00,2.240469754006769509e+00
6.224000000000000199e+00,1.675000000000000000e+03,1.500000000000000000e+03,-1.476927496683860586e+00,1.380699019893727453e+00,2.242014624464691686e+00
6.241999999999999993e+00,1.675000000000000000e+03,1.500000000000000000e+03,-1.476927496683860586e+00,1.380699019893727453e+00,2.242014624464691686e+00
6.259000000000000341e+00,1.675000000000000000e+03,1.500000000000000000e+03,-1.480949670356071834e+00,1.380022943595134333e+00,2.233845761542147201e+00
6.275999999999999801e+00,1.675000000000000000e+03,1.500000000000000000e+03,-1.485839957029412517e+00,1.376251182207452572e+00,2.235396504977831267e+00
6.293000000000000149e+00,1.675000000000000000e+03,1.500000000000000000e+03,-1.490619722217737753e+00,1.373534265461920700e+00,2.245908609868748851e+00
6.309999999999999609e+00,1.675000000000000000e+03,1.500000000000000000e+03,-1.500259191011662274e+00,1.367068417489952115e+00,2.258169094004501609e+00
6.326999999999999957e+00,1.675000000000000000e+03,1.500000000000000000e+03,-1.500259191011662274e+00,1.367068417489952115e+00,2.258169094004501609e+00
6.344000000000000306e+00,1.675000000000000000e+03,1.500000000000000000e+03,-1.505481211195986546e+00,1.365460708616359042e+00,2.234632577496663330e+00
6.360999999999999766e+00,1.675000000000000000e+03,1.500000000000000000e+03,-1.511353572830806513e+00,1.362865920861510372e+00,2.242805248755090464e+00
6.378999999999999559e+00,1.675000000000000000e+03,1.500000000000000000e+03,-1.516195699236678518e+00,1.359128993382423545e+00,2.253249825509900717e+00
6.395999999999999908e+00,1.675000000000000000e+03,1.500000000000000000e+03,-1.516195699236678518e+00,1.359128993382423545e+00,2.253249825509900717e+00
6.413000000000000256e+00,1.675000000000000000e+03,1.500000000000000000e+03,-1.526230763723578798e+00,1.353802014408974408e+00,2.256297233120559742e+00
6.429999999999999716e+00,1.675000000000000000e+03,1.500000000000000000e+03,-1.526230763723578798e+00,1.353802014408974408e+00,2.256297233120559742e+00
6.447000000000000064e+00,1.675000000000000000e+03,1.500000000000000000e+03,-1.530402628583714675e+00,1.351065036409450304e+00,2.242038552173894139e+00
6.464000000000000412e+00,1.675000000000000000e+03,1.500000000000000000e+03,-1.530402628583714675e+00,1.351065036409450304e+00,2.242038552173894139e+00
6.480999999999999872e+00,1.675000000000000000e+03,1.500000000000000000e+03,-1.535213408399849877e+00,1.347351770714859232e+00,2.243572774661661384e+00
6.498999999999999666e+00,1.675000000000000000e+03,1.500000000000000000e+03,-1.545838081091303717e+00,1.341081191944182738e+00,2.237805873292506131e+00
6.516000000000000014e+00,1.675000000000000000e+03,1.500000000000000000e+03,-1.545838081091303717e+00,1.341081191944182738e+00,2.237805873292506131e+00
6.533000000000000362e+00,1.675000000000000000e+03,1.500000000000000000e+03,-1.555318705113855726e+00,1.334726987167473400e+00,2.250093207061989009e+00
6.549999999999999822e+00,1.675000000000000000e+03,1.500000000000000000e+03,-1.555318705113855726e+00,1.334726987167473400e+00,2.250093207061989009e+00
6.567000000000000171e+00,1.675000000000000000e+03,1.500000000000000000e+03,-1.564847710333102659e+00,1.327372542235826458e+00,2.253132254771430532e+00
6.583999999999999631e+00,1.675000000000000000e+03,1.500000000000000000e+03,-1.564847710333102659e+00,1.327372542235826458e+00,2.253132254771430532e+00
6.602000000000000313e+00,1.675000000000000000e+03,1.500000000000000000e+03,-1.596212093647053409e+00,1.310843601333524955e+00,2.253173309416971026e+00
6.618999999999999773e+00,1.675000000000000000e+03,1.500000000000000000e+03,-1.601471885783046112e+00,1.307260337272271755e+00,2.263800600683273601e+00
6.636000000000000121e+00,1.675000000000000000e+03,1.500000000000000000e+03,-1.606168279958561262e+00,1.303632670956175854e+00,2.265297794326243341e+00
6.652999999999999581e+00,1.675000000000000000e+03,1.500000000000000000e+03,-1.610239045173521566e+00,1.300967611629260556e+00,2.266792313990335650e+00
6.669999999999999929e+00,1.675000000000000000e+03,1.500000000000000000e+03,-1.610239045173521566e+00,1.300967611629260556e+00,2.266792313990335650e+00
6.687000000000000277e+00,1.675000000000000000e+03,1.500000000000000000e+03,-1.616027856730914536e+00,1.297453977065764263e+00,2.244664013059602947e+00
6.703999999999999737e+00,1.675000000000000000e+03,1.500000000000000000e+03,-1.621133847137493200e+00,1.295903224954855215e+00,2.246177448818454270e+00
6.721000000000000085e+00,1.675000000000000000e+03,1.500000000000000000e+03,-1.621133847137493200e+00,1.295903224954855215e+00,2.246177448818454270e+00
6.738000000000000433e+00,1.675000000000000000e+03,1.500000000000000000e+03,-1.631011506502185959e+00,1.288748626683390075e+00,2.258235871781781423e+00
6.756000000000000227e+00,1.675000000000000000e+03,1.500000000000000000e+03,-1.635660858327483425e+00,1.285156215620324005e+00,2.259732043653994271e+00
6.772999999999999687e+00,1.675000000000000000e+03,1.500000000000000000e+03,-1.641407276979019780e+00,1.281671417204013785e+00,2.261632994494217286e+00
6.790000000000000036e+00,1.675000000000000000e+03,1.500000000000000000e+03,-1.647092467418989736e+00,1.279187688880675022e+00,2.263123043133864698e+00
6.807000000000000384e+00,1.675000000000000000e+03,1.500000000000000000e+03,-1.647092467418989736e+00,1.279187688880675022e+00,2.263123043133864698e+00
6.823999999999999844e+00,1.675000000000000000e+03,1.500000000000000000e+03,-1.652269513484227570e+00,1.275663389080673227e+00,2.264610372724737086e+00
6.841000000000000192e+00,1.675000000000000000e+03,1.500000000000000000e+03,-1.662045369370449999e+00,1.268584380749623541e+00,2.276397859953919411e+00
6.857999999999999652e+00,1.675000000000000000e+03,1.500000000000000000e+03,-1.662045369370449999e+00,1.268584380749623541e+00,2.276397859953919411e+00
6.876000000000000334e+00,1.675000000000000000e+03,1.500000000000000000e+03,-1.662045369370449999e+00,1.268584380749623541e+00,2.276397859953919411e+00
6.892999999999999794e+00,1.675000000000000000e+03,1.500000000000000000e+03,-1.666553064083072577e+00,1.267005622547674903e+00,2.255146067163196655e+00
6.910999999999999588e+00,1.675000000000000000e+03,1.500000000000000000e+03,-1.671147196439692895e+00,1.263453914425901381e+00,2.256636562923890921e+00
6.927999999999999936e+00,1.675000000000000000e+03,1.500000000000000000e+03,-1.677895886197392272e+00,1.261092205154629831e+00,2.266897989266833058e+00
6.945000000000000284e+00,1.675000000000000000e+03,1.500000000000000000e+03,-1.683025197940429152e+00,1.257600804699232633e+00,2.260020313685724425e+00
6.961999999999999744e+00,1.675000000000000000e+03,1.500000000000000000e+03,-1.687594886563034136e+00,1.254066405485028124e+00,2.261501857705439544e+00
6.979000000000000092e+00,1.675000000000000000e+03,1.500000000000000000e+03,-1.693257903299561828e+00,1.250637045543316450e+00,2.254503233478515334e+00
6.996000000000000441e+00,1.675000000000000000e+03,1.500000000000000000e+03,-1.698361354414858360e+00,1.247164633968710135e+00,2.264865195274373910e+00
7.012999999999999901e+00,1.675000000000000000e+03,1.500000000000000000e+03,-1.709092547222274217e+00,1.240287422776809034e+00,2.268214262448194685e+00
7.030000000000000249e+00,1.675000000000000000e+03,1.500000000000000000e+03,-1.709092547222274217e+00,1.240287422776809034e+00,2.268214262448194685e+00
7.046999999999999709e+00,1.675000000000000000e+03,1.500000000000000000e+03,-1.713620439145782104e+00,1.236784961092665558e+00,2.269680496185000784e+00
7.065000000000000391e+00,1.675000000000000000e+03,1.500000000000000000e+03,-1.719239227147958848e+00,1.233386032915343655e+00,2.262719517532088442e+00
7.083000000000000185e+00,1.675000000000000000e+03,1.500000000000000000e+03,-1.724849076830727190e+00,1.229993008572939583e+00,2.264598544274050607e+00
7.099999999999999645e+00,1.675000000000000000e+03,1.500000000000000000e+03,-1.724849076830727190e+00,1.229993008572939583e+00,2.264598544274050607e+00
7.116999999999999993e+00,1.675000000000000000e+03,1.500000000000000000e+03,-1.756678482301516242e+00,1.209614728170171460e+00,2.261247086198812539e+00
7.134999999999999787e+00,1.675000000000000000e+03,1.500000000000000000e+03,-1.756678482301516242e+00,1.209614728170171460e+00,2.261247086198812539e+00
7.152000000000000135e+00,1.675000000000000000e+03,1.500000000000000000e+03,-1.762791778289304334e+00,1.205354558906376550e+00,2.284985418250434108e+00
7.171000000000000263e+00,1.675000000000000000e+03,1.500000000000000000e+03,-1.767767154410982755e+00,1.202916505541447467e+00,2.264575811396806415e+00
7.187999999999999723e+00,1.675000000000000000e+03,1.500000000000000000e+03,-1.778833314511329533e+00,1.195290733220044643e+00,2.281367505934367657e+00
7.205000000000000071e+00,1.675000000000000000e+03,1.500000000000000000e+03,-1.778833314511329533e+00,1.195290733220044643e+00,2.281367505934367657e+00
7.222000000000000419e+00,1.675000000000000000e+03,1.500000000000000000e+03,-1.784345642399507437e+00,1.191963241778446481e+00,2.283200598751797372e+00
7.238999999999999879e+00,1.675000000000000000e+03,1.500000000000000000e+03,-1.788220125719478304e+00,1.187555112001859481e+00,2.280076744194269978e+00
7.256000000000000227e+00,1.675000000000000000e+03,1.500000000000000000e+03,-1.794805990347721369e+00,1.184334032315779162e+00,2.281909338522985387e+00
7.272999999999999687e+00,1.675000000000000000e+03,1.500000000000000000e+03,-1.794805990347721369e+00,1.184334032315779162e+00,2.281909338522985387e+00
7.290000000000000036e+00,1.675000000000000000e+03,1.500000000000000000e+03,-1.805222295377366226e+00,1.177675701606633041e+00,2.285161416914165855e+00
7.307000000000000384e+00,1.675000000000000000e+03,1.500000000000000000e+03,-1.810690588733646411e+00,1.174378116685998119e+00,2.278365262049819151e+00
7.323999999999999844e+00,1.675000000000000000e+03,1.500000000000000000e+03,-1.816695394001645480e+00,1.171132038230605854e+00,2.280195203799354253e+00
7.341000000000000192e+00,1.675000000000000000e+03,1.500000000000000000e+03,-1.821601692057644550e+00,1.167799484579151947e+00,2.281618330048603038e+00
7.357999999999999652e+00,1.675000000000000000e+03,1.500000000000000000e+03,-1.827042800275105794e+00,1.163584794306893766e+00,2.296749921141572059e+00
7.375000000000000000e+00,1.675000000000000000e+03,1.500000000000000000e+03,-1.831931482503625475e+00,1.160265338621200737e+00,2.280721522865591488e+00
7.392000000000000348e+00,1.675000000000000000e+03,1.500000000000000000e+03,-1.831931482503625475e+00,1.160265338621200737e+00,2.280721522865591488e+00
7.408999999999999808e+00,1.675000000000000000e+03,1.500000000000000000e+03,-1.843316144119842681e+00,1.153779320317695589e+00,2.275829429419254701e+00
7.426000000000000156e+00,1.675000000000000000e+03,1.500000000000000000e+03,-1.843316144119842681e+00,1.153779320317695589e+00,2.275829429419254701e+00
7.442999999999999616e+00,1.675000000000000000e+03,1.500000000000000000e+03,-1.843316144119842681e+00,1.153779320317695589e+00,2.275829429419254701e+00
7.461000000000000298e+00,1.675000000000000000e+03,1.500000000000000000e+03,-1.848715849002829259e+00,1.149595358010667034e+00,2.290495549459671931e+00
7.477999999999999758e+00,1.675000000000000000e+03,1.500000000000000000e+03,-1.859503109900600970e+00,1.143099528997822301e+00,2.293693563258521362e+00
7.495000000000000107e+00,1.675000000000000000e+03,1.500000000000000000e+03,-1.859503109900600970e+00,1.143099528997822301e+00,2.293693563258521362e+00
7.511999999999999567e+00,1.675000000000000000e+03,1.500000000000000000e+03,-1.870243037650797469e+00,1.135706004339530395e+00,2.296876859962885931e+00
7.528999999999999915e+00,1.675000000000000000e+03,1.500000000000000000e+03,-1.875590493935610059e+00,1.131561525962064163e+00,2.294570200086664347e+00
7.546999999999999709e+00,1.675000000000000000e+03,2.000000000000000000e+03,-1.875590493935610059e+00,1.131561525962064163e+00,2.294570200086664347e+00
7.594999999999999751e+00,1.675000000000000000e+03,2.000000000000000000e+03,-1.875590493935610059e+00,1.131561525962064163e+00,2.294570200086664347e+00
7.613000000000000433e+00,1.675000000000000000e+03,2.000000000000000000e+03,-1.875590493935610059e+00,1.131561525962064163e+00,2.294570200086664347e+00
7.633000000000000007e+00,1.675000000000000000e+03,2.000000000000000000e+03,-1.881485640554079852e+00,1.128385084353701107e+00,2.296354936952736292e+00
7.650000000000000355e+00,1.675000000000000000e+03,2.000000000000000000e+03,-1.881485640554079852e+00,1.128385084353701107e+00,2.296354936952736292e+00
7.666999999999999815e+00,1.675000000000000000e+03,2.000000000000000000e+03,-1.913920185108884953e+00,1.107404611847760734e+00,2.298409586103066005e+00
7.687000000000000277e+00,1.675000000000000000e+03,2.000000000000000000e+03,-1.913920185108884953e+00,1.107404611847760734e+00,2.298409586103066005e+00
7.703999999999999737e+00,1.675000000000000000e+03,2.000000000000000000e+03,-1.913920185108884953e+00,1.107404611847760734e+00,2.298409586103066005e+00
7.721000000000000085e+00,1.675000000000000000e+03,2.000000000000000000e+03,-1.930252072662566487e+00,1.096122006260104698e+00,2.299614996192981931e+00
7.738000000000000433e+00,1.675000000000000000e+03,2.000000000000000000e+03,-1.940202391732135601e+00,1.088864555137706525e+00,2.294838719911143077e+00
7.754999999999999893e+00,1.675000000000000000e+03,2.000000000000000000e+03,-1.946563291407959362e+00,1.086692130086481356e+00,2.296605148991513357e+00
7.772999999999999687e+00,1.675000000000000000e+03,2.000000000000000000e+03,-1.951118844040077072e+00,1.079938504088824303e+00,2.306819925947660277e+00
7.790000000000000036e+00,1.675000000000000000e+03,2.000000000000000000e+03,-1.956384822052104067e+00,1.077691287946041854e+00,2.288541190115973567e+00
7.807000000000000384e+00,1.675000000000000000e+03,2.000000000000000000e+03,-1.962641402105028243e+00,1.073755639994548705e+00,2.302056046071167206e+00
7.825000000000000178e+00,1.675000000000000000e+03,2.000000000000000000e+03,-1.962641402105028243e+00,1.073755639994548705e+00,2.302056046071167206e+00
7.841999999999999638e+00,1.675000000000000000e+03,2.000000000000000000e+03,-1.967852885482074932e+00,1.070629606138989498e+00,2.303803722447048230e+00
7.858999999999999986e+00,1.675000000000000000e+03,2.000000000000000000e+03,-1.974087620826901368e+00,1.066708310714966856e+00,2.294410648413330200e+00
7.875000000000000000e+00,1.675000000000000000e+03,2.000000000000000000e+03,-1.979773615571255974e+00,1.062753540251200057e+00,2.287846241721704033e+00
7.892000000000000348e+00,1.675000000000000000e+03,2.000000000000000000e+03,-1.985494462298823759e+00,1.059686589207405216e+00,2.289613762336261349e+00
7.910000000000000142e+00,1.675000000000000000e+03,2.000000000000000000e+03,-1.990575491540779840e+00,1.054827683179510256e+00,2.299835356793674457e+00
7.926999999999999602e+00,1.675000000000000000e+03,2.000000000000000000e+03,-1.995692133371164356e+00,1.050856876898893510e+00,2.301579053781538597e+00
7.943999999999999950e+00,1.675000000000000000e+03,2.000000000000000000e+03,-2.001868789536899396e+00,1.046976163920577019e+00,2.287035614111116999e+00
7.961000000000000298e+00,1.675000000000000000e+03,2.000000000000000000e+03,-2.001868789536899396e+00,1.046976163920577019e+00,2.287035614111116999e+00
7.977999999999999758e+00,1.675000000000000000e+03,2.000000000000000000e+03,-2.006963557010431831e+00,1.043022053303142904e+00,2.286107641659363754e+00
7.995000000000000107e+00,1.675000000000000000e+03,2.000000000000000000e+03,-2.012635998069923549e+00,1.039986351728867664e+00,2.287870369541085136e+00
8.012000000000000455e+00,1.675000000000000000e+03,2.000000000000000000e+03,-2.018779672231945987e+00,1.036127662263461868e+00,2.273214456926383242e+00
8.028999999999999915e+00,1.675000000000000000e+03,2.000000000000000000e+03,-2.023309097968613912e+00,1.032156214516395831e+00,2.274995804358375118e+00
8.045999999999999375e+00,1.675000000000000000e+03,2.000000000000000000e+03,-2.028838379784694723e+00,1.027410005170960705e+00,2.285356621842415947e+00
8.063000000000000611e+00,1.675000000000000000e+03,2.000000000000000000e+03,-2.034946311345311898e+00,1.023577150428683247e+00,2.279081227546800648e+00
8.080000000000000071e+00,1.675000000000000000e+03,2.000000000000000000e+03,-2.034946311345311898e+00,1.023577150428683247e+00,2.279081227546800648e+00
8.096999999999999531e+00,1.675000000000000000e+03,2.000000000000000000e+03,-2.078225533094497202e+00,9.944970852313349541e-01,2.239255979355353698e+00
8.115000000000000213e+00,1.675000000000000000e+03,2.000000000000000000e+03,-2.082643731792944486e+00,9.906152075613386954e-01,2.232144234000799532e+00
8.131999999999999673e+00,1.675000000000000000e+03,2.000000000000000000e+03,-2.089173329207660856e+00,9.868951279840475488e-01,2.225362148990403632e+00
8.148999999999999133e+00,1.675000000000000000e+03,2.000000000000000000e+03,-2.089173329207660856e+00,9.868951279840475488e-01,2.225362148990403632e+00
8.166999999999999815e+00,1.675000000000000000e+03,2.000000000000000000e+03,-2.093571247776711441e+00,9.830295106522829451e-01,2.226584342495621982e+00
8.183999999999999275e+00,1.675000000000000000e+03,2.000000000000000000e+03,-2.104533704920141801e+00,9.763124628058253984e-01,2.212645442852071653e+00
8.201000000000000512e+00,1.675000000000000000e+03,2.000000000000000000e+03,-2.110490351545848853e+00,9.725827411793784849e-01,2.205735959181879480e+00
8.217999999999999972e+00,1.675000000000000000e+03,2.000000000000000000e+03,-2.110490351545848853e+00,9.725827411793784849e-01,2.205735959181879480e+00
8.234999999999999432e+00,1.675000000000000000e+03,2.000000000000000000e+03,-2.110490351545848853e+00,9.725827411793784849e-01,2.205735959181879480e+00
8.253000000000000114e+00,1.675000000000000000e+03,2.000000000000000000e+03,-2.114240455244121186e+00,9.678763172206502619e-01,2.198455323471646405e+00
8.269999999999999574e+00,1.675000000000000000e+03,2.000000000000000000e+03,-2.114240455244121186e+00,9.678763172206502619e-01,2.198455323471646405e+00
8.288000000000000256e+00,1.675000000000000000e+03,2.000000000000000000e+03,-2.129897826767530145e+00,9.566125813731011229e-01,2.177687234733795663e+00
8.304999999999999716e+00,1.675000000000000000e+03,2.000000000000000000e+03,-2.129897826767530145e+00,9.566125813731011229e-01,2.177687234733795663e+00
8.323000000000000398e+00,1.675000000000000000e+03,2.000000000000000000e+03,-2.129897826767530145e+00,9.566125813731011229e-01,2.177687234733795663e+00
8.339999999999999858e+00,1.675000000000000000e+03,2.000000000000000000e+03,-2.135885161328512805e+00,9.537490628321539932e-01,2.161860267551191317e+00
8.356999999999999318e+00,1.675000000000000000e+03,2.000000000000000000e+03,-2.140722867794717210e+00,9.499910917688355605e-01,2.154808564855816844e+00
8.374000000000000554e+00,1.675000000000000000e+03,2.000000000000000000e+03,-2.150368890454938953e+00,9.424988507758630396e-01,2.141685958756751162e+00
8.391000000000000014e+00,1.675000000000000000e+03,2.000000000000000000e+03,-2.150368890454938953e+00,9.424988507758630396e-01,2.141685958756751162e+00
8.407999999999999474e+00,1.675000000000000000e+03,2.000000000000000000e+03,-2.150368890454938953e+00,9.424988507758630396e-01,2.141685958756751162e+00
8.426000000000000156e+00,1.675000000000000000e+03,2.000000000000000000e+03,-2.155612014490181139e+00,9.379822082200036659e-01,2.126966419357878113e+00
8.442000000000000171e+00,1.675000000000000000e+03,2.000000000000000000e+03,-2.160934480639602029e+00,9.342937112595525173e-01,2.128919954751375521e+00
8.460000000000000853e+00,1.675000000000000000e+03,2.000000000000000000e+03,-2.166246569164631541e+00,9.306127448557163229e-01,2.121773185326716327e+00
8.477000000000000313e+00,1.675000000000000000e+03,2.000000000000000000e+03,-2.171023569536679521e+00,9.269033076018263761e-01,2.113995819425364076e+00
8.494999999999999218e+00,1.675000000000000000e+03,2.000000000000000000e+03,-2.181694487312029196e+00,9.203888256475268870e-01,2.085759854715193651e+00
8.512000000000000455e+00,1.675000000000000000e+03,2.000000000000000000e+03,-2.181694487312029196e+00,9.203888256475268870e-01,2.085759854715193651e+00
8.529999999999999361e+00,1.675000000000000000e+03,2.000000000000000000e+03,-2.181694487312029196e+00,9.203888256475268870e-01,2.085759854715193651e+00
8.547000000000000597e+00,1.675000000000000000e+03,2.000000000000000000e+03,-2.192028603886363669e+00,9.114791021245641778e-01,2.064758438999572121e+00
8.564000000000000057e+00,1.675000000000000000e+03,2.000000000000000000e+03,-2.192028603886363669e+00,9.114791021245641778e-01,2.064758438999572121e+00
8.580999999999999517e+00,1.675000000000000000e+03,2.000000000000000000e+03,-2.197379685514133651e+00,9.086487332561193897e-01,2.066768352032973155e+00
8.596999999999999531e+00,1.675000000000000000e+03,2.000000000000000000e+03,-2.197379685514133651e+00,9.086487332561193897e-01,2.066768352032973155e+00
8.615000000000000213e+00,1.675000000000000000e+03,2.000000000000000000e+03,-2.240696202949132854e+00,8.807183113406492625e-01,1.995333485563202780e+00
8.631999999999999673e+00,1.675000000000000000e+03,2.000000000000000000e+03,-2.252163186831121600e+00,8.744365751447135127e-01,1.969883316226392012e+00
8.648999999999999133e+00,1.675000000000000000e+03,2.000000000000000000e+03,-2.257304598532829054e+00,8.708768302612820422e-01,1.971949021206502728e+00
8.666000000000000369e+00,1.675000000000000000e+03,2.000000000000000000e+03,-2.257304598532829054e+00,8.708768302612820422e-01,1.971949021206502728e+00
8.682999999999999829e+00,1.675000000000000000e+03,2.000000000000000000e+03,-2.257304598532829054e+00,8.708768302612820422e-01,1.971949021206502728e+00
8.699999999999999289e+00,1.675000000000000000e+03,2.000000000000000000e+03,-2.268716293104725779e+00,8.646291135793559013e-01,1.942341855563006536e+00
8.717000000000000526e+00,1.675000000000000000e+03,2.000000000000000000e+03,-2.268716293104725779e+00,8.646291135793559013e-01,1.942341855563006536e+00
8.734999999999999432e+00,1.675000000000000000e+03,2.000000000000000000e+03,-2.274469182260632660e+00,8.619041092303604268e-01,1.944416685454894544e+00
8.752000000000000668e+00,1.675000000000000000e+03,2.000000000000000000e+03,-2.287115159985099844e+00,8.573125582626691665e-01,1.925684375393411196e+00
8.769999999999999574e+00,1.675000000000000000e+03,2.000000000000000000e+03,-2.292327508522697066e+00,8.545646764999380585e-01,1.896154350129752864e+00
8.787000000000000810e+00,1.675000000000000000e+03,2.000000000000000000e+03,-2.298570865178232836e+00,8.518876714901119085e-01,1.906718621925435730e+00
8.804000000000000270e+00,1.675000000000000000e+03,2.000000000000000000e+03,-2.298570865178232836e+00,8.518876714901119085e-01,1.906718621925435730e+00
8.820999999999999730e+00,1.675000000000000000e+03,2.000000000000000000e+03,-2.304287553748475492e+00,8.491812065658898012e-01,1.900968194747675533e+00
8.837999999999999190e+00,1.675000000000000000e+03,2.000000000000000000e+03,-2.304287553748475492e+00,8.491812065658898012e-01,1.900968194747675533e+00
8.855000000000000426e+00,1.675000000000000000e+03,2.000000000000000000e+03,-2.310776355715308927e+00,8.480622696654119830e-01,1.879930819714068280e+00
8.871999999999999886e+00,1.675000000000000000e+03,2.000000000000000000e+03,-2.316868067292781941e+00,8.446202194540667341e-01,1.871794802840381466e+00
8.890000000000000568e+00,1.675000000000000000e+03,2.000000000000000000e+03,-2.322311532892539887e+00,8.434374308593767244e-01,1.862822420217740804e+00
8.907000000000000028e+00,1.675000000000000000e+03,2.000000000000000000e+03,-2.334205615943167444e+00,8.380856819423420090e-01,1.846155286871128842e+00
8.923999999999999488e+00,1.675000000000000000e+03,2.000000000000000000e+03,-2.334205615943167444e+00,8.380856819423420090e-01,1.846155286871128842e+00
8.941000000000000725e+00,1.675000000000000000e+03,2.000000000000000000e+03,-2.340676828069795157e+00,8.369727298677883676e-01,1.837642793315876988e+00
8.958000000000000185e+00,1.675000000000000000e+03,2.000000000000000000e+03,-2.346348785819663885e+00,8.342876577970884666e-01,1.839719135924091198e+00
8.974999999999999645e+00,1.675000000000000000e+03,2.000000000000000000e+03,-2.352154421153512587e+00,8.323750277772267170e-01,1.819240290501314750e+00
8.992000000000000881e+00,1.675000000000000000e+03,2.000000000000000000e+03,-2.352154421153512587e+00,8.323750277772267170e-01,1.819240290501314750e+00
9.009000000000000341e+00,1.675000000000000000e+03,2.000000000000000000e+03,-2.358474616449595551e+00,8.304971438832534636e-01,1.811115434222267506e+00
9.025999999999999801e+00,1.675000000000000000e+03,2.000000000000000000e+03,-2.363608761422298254e+00,8.277886756287241576e-01,1.801471499484003980e+00
9.044000000000000483e+00,1.675000000000000000e+03,2.000000000000000000e+03,-2.369545358959137094e+00,8.266486674777800969e-01,1.781372003194641618e+00
9.060999999999999943e+00,1.675000000000000000e+03,2.000000000000000000e+03,-2.381117847816157873e+00,8.228407111297665333e-01,1.752104059402447733e+00
9.077999999999999403e+00,1.675000000000000000e+03,2.000000000000000000e+03,-2.381117847816157873e+00,8.228407111297665333e-01,1.752104059402447733e+00
9.093999999999999417e+00,1.675000000000000000e+03,2.000000000000000000e+03,-2.387785535319136176e+00,8.202411636737657608e-01,1.765813203458090008e+00
9.111000000000000654e+00,1.675000000000000000e+03,2.000000000000000000e+03,-2.411169287072723044e+00,8.141803309782794651e-01,1.707054987977490557e+00
9.128000000000000114e+00,1.675000000000000000e+03,2.000000000000000000e+03,-2.418487695530223469e+00,8.123854014301729043e-01,1.708047083065700855e+00
9.146000000000000796e+00,1.675000000000000000e+03,2.000000000000000000e+03,-2.423724652405358615e+00,8.104624510401031712e-01,1.688889262881216213e+00
9.163000000000000256e+00,1.675000000000000000e+03,2.000000000000000000e+03,-2.429996297053862442e+00,8.086063018357644294e-01,1.688754447124802383e+00
9.179999999999999716e+00,1.675000000000000000e+03,2.000000000000000000e+03,-2.435744465212012599e+00,8.067196517261981947e-01,1.669796513652476389e+00
9.196999999999999176e+00,1.675000000000000000e+03,2.000000000000000000e+03,-2.435744465212012599e+00,8.067196517261981947e-01,1.669796513652476389e+00
9.214999999999999858e+00,1.675000000000000000e+03,2.000000000000000000e+03,-2.441652579804840517e+00,8.055923470928291197e-01,1.648546246358689515e+00
9.231999999999999318e+00,1.675000000000000000e+03,2.000000000000000000e+03,-2.447228653811668764e+00,8.029521524334651827e-01,1.650492587614817319e+00
9.249000000000000554e+00,1.675000000000000000e+03,2.000000000000000000e+03,-2.454171136767191896e+00,8.018917106511186388e-01,1.641221104015747168e+00
9.266000000000000014e+00,1.675000000000000000e+03,2.000000000000000000e+03,-2.459904749746217423e+00,8.000119331230085562e-01,1.634443359267532481e+00
9.282999999999999474e+00,1.675000000000000000e+03,2.000000000000000000e+03,-2.466154278181122095e+00,7.981663183676465101e-01,1.621632512800482040e+00
9.300000000000000711e+00,1.675000000000000000e+03,2.000000000000000000e+03,-2.479161991251393360e+00,7.945128764297043622e-01,1.602570632847952314e+00
9.317999999999999616e+00,1.675000000000000000e+03,2.000000000000000000e+03,-2.484360000256887524e+00,7.926085668215189228e-01,1.596451794861650564e+00
9.336000000000000298e+00,1.675000000000000000e+03,2.000000000000000000e+03,-2.484360000256887524e+00,7.926085668215189228e-01,1.596451794861650564e+00
9.352999999999999758e+00,1.675000000000000000e+03,2.000000000000000000e+03,-2.490250706278612114e+00,7.914900489722124233e-01,1.575003287157328069e+00
9.371000000000000441e+00,1.675000000000000000e+03,2.000000000000000000e+03,-2.490250706278612114e+00,7.914900489722124233e-01,1.575003287157328069e+00
9.387000000000000455e+00,1.675000000000000000e+03,2.000000000000000000e+03,-2.502891245248408225e+00,7.885686352688375811e-01,1.567487817011426365e+00
9.403999999999999915e+00,1.675000000000000000e+03,2.000000000000000000e+03,-2.502891245248408225e+00,7.885686352688375811e-01,1.567487817011426365e+00
9.422000000000000597e+00,1.675000000000000000e+03,2.000000000000000000e+03,-2.515523807051078364e+00,7.856521558752215251e-01,1.529488505299193779e+00
9.439000000000000057e+00,1.675000000000000000e+03,2.000000000000000000e+03,-2.520702881762309833e+00,7.837571171263705283e-01,1.525953842400734839e+00
9.455999999999999517e+00,1.675000000000000000e+03,2.000000000000000000e+03,-2.520702881762309833e+00,7.837571171263705283e-01,1.525953842400734839e+00
9.473000000000000753e+00,1.675000000000000000e+03,2.000000000000000000e+03,-2.527813701709170857e+00,7.834573375197250167e-01,1.516475895513785588e+00
9.490000000000000213e+00,1.675000000000000000e+03,2.000000000000000000e+03,-2.527813701709170857e+00,7.834573375197250167e-01,1.516475895513785588e+00
9.506999999999999673e+00,1.675000000000000000e+03,2.000000000000000000e+03,-2.539912436965188647e+00,7.805176384214124186e-01,1.502656863189065772e+00
9.525000000000000355e+00,1.675000000000000000e+03,2.000000000000000000e+03,-2.539912436965188647e+00,7.805176384214124186e-01,1.502656863189065772e+00
9.541999999999999815e+00,1.675000000000000000e+03,2.000000000000000000e+03,-2.545793445605069039e+00,7.794073348253310884e-01,1.492629661677608466e+00
9.558999999999999275e+00,1.675000000000000000e+03,2.000000000000000000e+03,-2.545793445605069039e+00,7.794073348253310884e-01,1.492629661677608466e+00
9.576000000000000512e+00,1.675000000000000000e+03,2.000000000000000000e+03,-2.558076240962076753e+00,7.772212311686655939e-01,1.472827095723479696e+00
9.592999999999999972e+00,1.675000000000000000e+03,2.000000000000000000e+03,-2.595124338198078195e+00,7.714273972133757207e-01,1.413917767400973524e+00
9.609999999999999432e+00,1.675000000000000000e+03,2.000000000000000000e+03,-2.595124338198078195e+00,7.714273972133757207e-01,1.413917767400973524e+00
9.627000000000000668e+00,1.675000000000000000e+03,2.000000000000000000e+03,-2.595124338198078195e+00,7.714273972133757207e-01,1.413917767400973524e+00
9.644999999999999574e+00,1.675000000000000000e+03,2.000000000000000000e+03,-2.601004345455578459e+00,7.703240542514245837e-01,1.403826565989938491e+00
9.660999999999999588e+00,1.675000000000000000e+03,2.000000000000000000e+03,-2.601004345455578459e+00,7.703240542514245837e-01,1.403826565989938491e+00
9.679000000000000270e+00,1.675000000000000000e+03,2.000000000000000000e+03,-2.607823381061504797e+00,7.707433171978995690e-01,1.394395842177022837e+00
9.695999999999999730e+00,1.675000000000000000e+03,2.000000000000000000e+03,-2.613706400935233098e+00,7.696409143921733031e-01,1.384312464207648308e+00
9.714000000000000412e+00,1.675000000000000000e+03,2.000000000000000000e+03,-2.619485046496616398e+00,7.699966634226621531e-01,1.374237862011498335e+00
9.731999999999999318e+00,1.675000000000000000e+03,2.000000000000000000e+03,-2.625370760638459533e+00,7.688952019363591850e-01,1.376172905719313500e+00
9.749000000000000554e+00,1.675000000000000000e+03,2.000000000000000000e+03,-2.637788540694546491e+00,7.689289901702286434e-01,1.335905458718680938e+00
9.766000000000000014e+00,1.675000000000000000e+03,2.000000000000000000e+03,-2.644640980185940737e+00,7.693523246389198933e-01,1.326332325703924120e+00
9.782999999999999474e+00,1.675000000000000000e+03,2.000000000000000000e+03,-2.649698545538671901e+00,7.689328157389009322e-01,1.327568581128971248e+00
9.800000000000000711e+00,1.675000000000000000e+03,2.000000000000000000e+03,-2.649698545538671901e+00,7.689328157389009322e-01,1.327568581128971248e+00
9.817000000000000171e+00,1.675000000000000000e+03,2.000000000000000000e+03,-2.655814255554949987e+00,7.685790585096695660e-01,1.317378126648677483e+00
9.833999999999999631e+00,1.675000000000000000e+03,2.000000000000000000e+03,-2.655814255554949987e+00,7.685790585096695660e-01,1.317378126648677483e+00
9.852000000000000313e+00,1.675000000000000000e+03,2.000000000000000000e+03,-2.662155753419880977e+00,7.689719055296467820e-01,1.286133800669629901e+00
9.868999999999999773e+00,1.675000000000000000e+03,2.000000000000000000e+03,-2.668504240121632343e+00,7.693658007922566933e-01,1.287913661749917171e+00
9.887000000000000455e+00,1.675000000000000000e+03,2.000000000000000000e+03,-2.680161503993637062e+00,7.700907027351807654e-01,1.256035234352128382e+00
9.903999999999999915e+00,1.675000000000000000e+03,2.000000000000000000e+03,-2.680161503993637062e+00,7.700907027351807654e-01,1.256035234352128382e+00
9.922000000000000597e+00,1.675000000000000000e+03,2.000000000000000000e+03,-2.685999158605955728e+00,7.704545118831599426e-01,1.245871638285175331e+00
9.939000000000000057e+00,1.675000000000000000e+03,2.000000000000000000e+03,-2.692143541061205347e+00,7.701042616878416291e-01,1.247565085561163745e+00
9.955999999999999517e+00,1.675000000000000000e+03,2.000000000000000000e+03,-2.692143541061205347e+00,7.701042616878416291e-01,1.247565085561163745e+00
9.974000000000000199e+00,1.675000000000000000e+03,2.000000000000000000e+03,-2.698224896496240088e+00,7.712181803110215172e-01,1.226629267122017808e+00
9.990999999999999659e+00,1.675000000000000000e+03,2.000000000000000000e+03,-2.698224896496240088e+00,7.712181803110215172e-01,1.226629267122017808e+00
1.000799999999999912e+01,1.675000000000000000e+03,2.000000000000000000e+03,-2.710005724133097260e+00,7.704874061181138378e-01,1.206155786230417748e+00
1.002500000000000036e+01,1.675000000000000000e+03,2.000000000000000000e+03,-2.716347553678194693e+00,7.723546156990127587e-01,1.196617234793466711e+00
1.004199999999999982e+01,1.675000000000000000e+03,2.000000000000000000e+03,-2.722223737224928275e+00,7.727242517272804312e-01,1.186490085972544239e+00
1.006000000000000050e+01,1.675000000000000000e+03,2.000000000000000000e+03,-2.722223737224928275e+00,7.727242517272804312e-01,1.186490085972544239e+00
1.007699999999999996e+01,1.675000000000000000e+03,2.000000000000000000e+03,-2.733459848910377410e+00,7.734326454474823587e-01,1.165658117617992540e+00
1.009399999999999942e+01,1.675000000000000000e+03,2.000000000000000000e+03,-2.739354947763495751e+00,7.738051559146125191e-01,1.155482673749830491e+00
1.011100000000000065e+01,1.675000000000000000e+03,2.000000000000000000e+03,-2.774041677265337569e+00,7.767473538114334497e-01,1.092100795440872352e+00
1.012899999999999956e+01,1.675000000000000000e+03,2.000000000000000000e+03,-2.785910109066918938e+00,7.789857913245991083e-01,1.061338984587903989e+00
1.014600000000000080e+01,1.675000000000000000e+03,2.000000000000000000e+03,-2.785910109066918938e+00,7.789857913245991083e-01,1.061338984587903989e+00
1.016300000000000026e+01,1.675000000000000000e+03,2.000000000000000000e+03,-2.792672807299246607e+00,7.801607812543746023e-01,1.048949127434873230e+00
1.017999999999999972e+01,1.675000000000000000e+03,2.000000000000000000e+03,-2.797295368572267460e+00,7.797180170164118573e-01,1.049727772239928747e+00
1.019699999999999918e+01,1.675000000000000000e+03,2.000000000000000000e+03,-2.803796318166924983e+00,7.816194054095585431e-01,1.029277009737744386e+00
1.021400000000000041e+01,1.675000000000000000e+03,2.000000000000000000e+03,-2.808692760730065796e+00,7.819361493834574572e-01,1.030015619255577830e+00
1.023099999999999987e+01,1.675000000000000000e+03,2.000000000000000000e+03,-2.808692760730065796e+00,7.819361493834574572e-01,1.030015619255577830e+00
1.024799999999999933e+01,1.675000000000000000e+03,2.000000000000000000e+03,-2.814950823154075188e+00,7.830838866499295614e-01,1.005968621636810445e+00
1.026600000000000001e+01,1.675000000000000000e+03,2.000000000000000000e+03,-2.820405645398320615e+00,7.834382147761410620e-01,1.006659546156082330e+00
1.028299999999999947e+01,1.675000000000000000e+03,2.000000000000000000e+03,-2.831605965315640017e+00,7.849110513002618417e-01,9.980980592590222855e-01
1.030000000000000071e+01,1.675000000000000000e+03,2.000000000000000000e+03,-2.831605965315640017e+00,7.849110513002618417e-01,9.980980592590222855e-01
1.031700000000000017e+01,1.675000000000000000e+03,2.000000000000000000e+03,-2.837628584299787704e+00,7.867933401961427764e-01,9.736063674407006152e-01
1.033399999999999963e+01,1.675000000000000000e+03,2.000000000000000000e+03,-2.848610110805513962e+00,7.890053138038147784e-01,9.544212762419070906e-01
1.035100000000000087e+01,1.675000000000000000e+03,2.000000000000000000e+03,-2.848610110805513962e+00,7.890053138038147784e-01,9.544212762419070906e-01
1.036800000000000033e+01,1.675000000000000000e+03,2.000000000000000000e+03,-2.855491357306958911e+00,7.902054311212677318e-01,9.296996159035842977e-01
1.038499999999999979e+01,1.675000000000000000e+03,2.000000000000000000e+03,-2.860180046387372776e+00,7.912624990073634512e-01,9.355988482883832447e-01
1.040199999999999925e+01,1.675000000000000000e+03,2.000000000000000000e+03,-2.865980316310236198e+00,7.923946319446156794e-01,9.210143766464315984e-01
1.041900000000000048e+01,1.675000000000000000e+03,2.000000000000000000e+03,-2.872628609567160929e+00,7.943339910066146148e-01,8.960462336669632322e-01
1.043599999999999994e+01,1.675000000000000000e+03,2.000000000000000000e+03,-2.872628609567160929e+00,7.943339910066146148e-01,8.960462336669632322e-01
1.045400000000000063e+01,1.675000000000000000e+03,2.000000000000000000e+03,-2.877343924570004319e+00,7.953979558545926087e-01,9.024675527486833992e-01
1.047100000000000009e+01,1.675000000000000000e+03,2.000000000000000000e+03,-2.877343924570004319e+00,7.953979558545926087e-01,9.024675527486833992e-01
1.048900000000000077e+01,1.675000000000000000e+03,2.000000000000000000e+03,-2.884286469073935155e+00,7.966123298613702053e-01,8.876692304530704458e-01
1.050699999999999967e+01,1.675000000000000000e+03,2.000000000000000000e+03,-2.889841269241850696e+00,7.969845169757879821e-01,8.880955093331628358e-01
1.052399999999999913e+01,1.675000000000000000e+03,2.000000000000000000e+03,-2.901001765666444854e+00,7.992383041901472973e-01,8.539957728603609910e-01
1.053999999999999915e+01,1.675000000000000000e+03,2.000000000000000000e+03,-2.906349602633556461e+00,8.018588812518628872e-01,8.452297603217426847e-01
1.055700000000000038e+01,1.675000000000000000e+03,2.000000000000000000e+03,-2.911380468340095007e+00,8.021997461542292873e-01,8.455620888947824598e-01
1.057399999999999984e+01,1.675000000000000000e+03,2.000000000000000000e+03,-2.917276012621251802e+00,8.033545346620750705e-01,8.297691564756476401e-01
1.059099999999999930e+01,1.675000000000000000e+03,2.000000000000000000e+03,-2.917276012621251802e+00,8.033545346620750705e-01,8.297691564756476401e-01
1.060899999999999999e+01,1.675000000000000000e+03,2.000000000000000000e+03,-2.945021514151527242e+00,8.113132755473192459e-01,7.710247359817018475e-01
1.062599999999999945e+01,1.675000000000000000e+03,2.000000000000000000e+03,-2.956451789125081220e+00,8.151480803651319773e-01,7.719401773352573271e-01
1.064300000000000068e+01,1.675000000000000000e+03,2.000000000000000000e+03,-2.956451789125081220e+00,8.151480803651319773e-01,7.719401773352573271e-01
1.066000000000000014e+01,1.675000000000000000e+03,2.000000000000000000e+03,-2.961619009368213540e+00,8.170326856185045061e-01,7.545755399877277503e-01
1.067699999999999960e+01,1.675000000000000000e+03,2.000000000000000000e+03,-2.966797865200014428e+00,8.189215030298800935e-01,7.378923308739995246e-01
1.069400000000000084e+01,1.675000000000000000e+03,2.000000000000000000e+03,-2.971671640548408710e+00,8.200276286597570907e-01,7.553314611510776322e-01
1.071100000000000030e+01,1.675000000000000000e+03,2.000000000000000000e+03,-2.977124897844134477e+00,8.211761266090341627e-01,7.385856879107046691e-01
1.072799999999999976e+01,1.675000000000000000e+03,2.000000000000000000e+03,-2.977124897844134477e+00,8.211761266090341627e-01,7.385856879107046691e-01
1.074499999999999922e+01,1.675000000000000000e+03,2.000000000000000000e+03,-2.987631333755585317e+00,8.265194728810750791e-01,6.961972990618510160e-01
1.076200000000000045e+01,1.675000000000000000e+03,2.000000000000000000e+03,-2.987631333755585317e+00,8.265194728810750791e-01,6.961972990618510160e-01
1.077899999999999991e+01,1.675000000000000000e+03,2.000000000000000000e+03,-2.992869644716315669e+00,8.284297885587929011e-01,6.970256192933235173e-01
1.079599999999999937e+01,1.675000000000000000e+03,2.000000000000000000e+03,-2.992869644716315669e+00,8.284297885587929011e-01,6.970256192933235173e-01
1.081300000000000061e+01,1.675000000000000000e+03,2.000000000000000000e+03,-3.002557096729944863e+00,8.329758443117379896e-01,6.804192000057821543e-01
1.083000000000000007e+01,1.675000000000000000e+03,2.000000000000000000e+03,-3.002557096729944863e+00,8.329758443117379896e-01,6.804192000057821543e-01
1.084699999999999953e+01,1.675000000000000000e+03,2.000000000000000000e+03,-3.008080147879622857e+00,8.341455459134886619e-01,6.630437706389528119e-01
1.086500000000000021e+01,1.675000000000000000e+03,2.000000000000000000e+03,-3.011961383523648728e+00,8.367454078412549512e-01,6.554170230528664209e-01
1.088199999999999967e+01,1.675000000000000000e+03,2.000000000000000000e+03,-3.018998588462488364e+00,8.388048090168168658e-01,6.458621235006006822e-01
1.089899999999999913e+01,1.675000000000000000e+03,2.000000000000000000e+03,-3.023484633236638963e+00,8.414590271096539231e-01,6.304088734701032148e-01
1.091600000000000037e+01,1.675000000000000000e+03,2.000000000000000000e+03,-3.023484633236638963e+00,8.414590271096539231e-01,6.304088734701032148e-01
1.093299999999999983e+01,1.675000000000000000e+03,2.000000000000000000e+03,-3.027309562022373335e+00,8.425154138039637752e-01,6.381842658674493629e-01
1.094999999999999929e+01,1.675000000000000000e+03,2.000000000000000000e+03,-3.032982153847753271e+00,8.452652246244770629e-01,6.055328903350876146e-01
1.096700000000000053e+01,1.675000000000000000e+03,2.000000000000000000e+03,-3.037746930086084873e+00,8.471745791282824234e-01,5.878734224687335308e-01
1.098399999999999999e+01,1.675000000000000000e+03,2.000000000000000000e+03,-3.037746930086084873e+00,8.471745791282824234e-01,5.878734224687335308e-01
1.100200000000000067e+01,1.675000000000000000e+03,2.000000000000000000e+03,-3.047065886325256656e+00,8.517700318037494389e-01,5.630695185209906306e-01
1.101900000000000013e+01,1.675000000000000000e+03,2.000000000000000000e+03,-3.052796985838138077e+00,8.545465020340526907e-01,5.705122192694025429e-01
1.103599999999999959e+01,1.675000000000000000e+03,2.000000000000000000e+03,-3.052796985838138077e+00,8.545465020340526907e-01,5.705122192694025429e-01
1.105300000000000082e+01,1.675000000000000000e+03,2.000000000000000000e+03,-3.062539861227507654e+00,8.599899671220193609e-01,5.455603297843818478e-01
1.107000000000000028e+01,1.675000000000000000e+03,2.000000000000000000e+03,-3.062539861227507654e+00,8.599899671220193609e-01,5.455603297843818478e-01
1.108699999999999974e+01,1.675000000000000000e+03,2.000000000000000000e+03,-3.065843113253353458e+00,8.610264097425647245e-01,5.636091234409398298e-01
1.110399999999999920e+01,1.675000000000000000e+03,2.000000000000000000e+03,-3.099045163819591053e+00,8.778300672298730012e-01,4.783160152469769222e-01
1.112100000000000044e+01,1.675000000000000000e+03,2.000000000000000000e+03,-3.099045163819591053e+00,8.778300672298730012e-01,4.783160152469769222e-01
1.113799999999999990e+01,1.675000000000000000e+03,2.000000000000000000e+03,-3.103736768614207442e+00,8.805886045577994148e-01,4.720195264080997988e-01
1.115600000000000058e+01,1.675000000000000000e+03,2.000000000000000000e+03,-3.103736768614207442e+00,8.805886045577994148e-01,4.720195264080997988e-01
1.117300000000000004e+01,1.675000000000000000e+03,2.000000000000000000e+03,-3.113762644979972904e+00,8.861750380027341167e-01,4.540601604593915708e-01
1.118999999999999950e+01,1.675000000000000000e+03,2.000000000000000000e+03,-3.113762644979972904e+00,8.861750380027341167e-01,4.540601604593915708e-01
1.120800000000000018e+01,1.675000000000000000e+03,2.000000000000000000e+03,-3.123007902903243149e+00,8.925303063026756023e-01,4.362075797166971025e-01
1.122499999999999964e+01,1.675000000000000000e+03,2.000000000000000000e+03,-3.123007902903243149e+00,8.925303063026756023e-01,4.362075797166971025e-01
1.124200000000000088e+01,1.675000000000000000e+03,2.000000000000000000e+03,-3.127767961800897112e+00,8.953274579798718991e-01,4.180298267725165440e-01
1.125900000000000034e+01,1.675000000000000000e+03,2.000000000000000000e+03,-3.137097404519956445e+00,9.017355729865413894e-01,4.179647044800610112e-01
1.127599999999999980e+01,1.675000000000000000e+03,2.000000000000000000e+03,-3.137097404519956445e+00,9.017355729865413894e-01,4.179647044800610112e-01
1.129299999999999926e+01,1.675000000000000000e+03,2.000000000000000000e+03,-3.141518934319474710e+00,9.037145938944405321e-01,3.997006453838029549e-01
1.131000000000000050e+01,1.675000000000000000e+03,2.000000000000000000e+03,-3.146332585165457107e+00,9.065417036911677107e-01,3.939963544624289216e-01
1.132699999999999996e+01,1.675000000000000000e+03,2.000000000000000000e+03,-3.150546471558161699e+00,9.093263247024593321e-01,3.939112175794000636e-01
1.134399999999999942e+01,1.675000000000000000e+03,2.000000000000000000e+03,-3.155157434845657249e+00,9.129658648744570781e-01,3.760201593569825196e-01
1.136200000000000010e+01,1.675000000000000000e+03,2.000000000000000000e+03,-3.155157434845657249e+00,9.129658648744570781e-01,3.760201593569825196e-01
1.137899999999999956e+01,1.675000000000000000e+03,2.000000000000000000e+03,-3.159624883553395325e+00,9.149676581749842663e-01,3.705466145463746086e-01
1.139600000000000080e+01,1.675000000000000000e+03,2.000000000000000000e+03,-3.164263963867196328e+00,9.186255466265526026e-01,3.757823832005465770e-01
1.141300000000000026e+01,1.675000000000000000e+03,2.000000000000000000e+03,-3.168135956816297671e+00,9.205874416239557823e-01,3.575879530395150718e-01
1.142999999999999972e+01,1.675000000000000000e+03,2.000000000000000000e+03,-3.168135956816297671e+00,9.205874416239557823e-01,3.575879530395150718e-01
1.144699999999999918e+01,1.675000000000000000e+03,2.000000000000000000e+03,-3.173195226245721479e+00,9.251193025416369897e-01,3.446062767031354834e-01
1.146499999999999986e+01,1.675000000000000000e+03,2.000000000000000000e+03,-3.182804671240011540e+00,9.317029796156065524e-01,3.391296688791952674e-01
1.148199999999999932e+01,1.675000000000000000e+03,2.000000000000000000e+03,-3.182804671240011540e+00,9.317029796156065524e-01,3.391296688791952674e-01
1.149900000000000055e+01,1.675000000000000000e+03,2.000000000000000000e+03,-3.190821843352713572e+00,9.373544100302305671e-01,3.209770315338267843e-01
1.151600000000000001e+01,1.675000000000000000e+03,2.000000000000000000e+03,-3.190821843352713572e+00,9.373544100302305671e-01,3.209770315338267843e-01
1.153299999999999947e+01,1.675000000000000000e+03,2.000000000000000000e+03,-3.190821843352713572e+00,9.373544100302305671e-01,3.209770315338267843e-01
1.155000000000000071e+01,1.675000000000000000e+03,2.000000000000000000e+03,-3.195787663695012881e+00,9.402714911992419156e-01,3.027872497876744062e-01
1.156799999999999962e+01,1.675000000000000000e+03,2.000000000000000000e+03,-3.203873977636077619e+00,9.459668726732836097e-01,2.802403961393302168e-01
1.158500000000000085e+01,1.675000000000000000e+03,2.000000000000000000e+03,-3.203873977636077619e+00,9.459668726732836097e-01,2.802403961393302168e-01
1.160200000000000031e+01,1.675000000000000000e+03,2.000000000000000000e+03,-3.228817849110336091e+00,9.641101243982578284e-01,2.653186923159023269e-01
1.161899999999999977e+01,1.675000000000000000e+03,2.000000000000000000e+03,-3.234966096713739248e+00,9.680422504930991101e-01,2.649845463667075962e-01
1.163599999999999923e+01,1.675000000000000000e+03,2.000000000000000000e+03,-3.234966096713739248e+00,9.680422504930991101e-01,2.649845463667075962e-01
1.165300000000000047e+01,1.675000000000000000e+03,2.000000000000000000e+03,-3.238150338643866810e+00,9.708711733415428258e-01,2.646441983373996054e-01
1.166999999999999993e+01,1.675000000000000000e+03,2.000000000000000000e+03,-3.241342483229124660e+00,9.737066393734264969e-01,2.468112197070344849e-01
1.168800000000000061e+01,1.675000000000000000e+03,2.000000000000000000e+03,-3.246254896216787422e+00,9.775558869968995479e-01,2.464439906074563646e-01
1.170500000000000007e+01,1.675000000000000000e+03,2.000000000000000000e+03,-3.248821769490062294e+00,9.803483383750238866e-01,2.110694288335214219e-01
1.172199999999999953e+01,1.675000000000000000e+03,2.000000000000000000e+03,-3.252686704666436945e+00,9.832649078368714823e-01,2.144139636345643307e-01
1.173900000000000077e+01,1.675000000000000000e+03,2.000000000000000000e+03,-3.256992507054124797e+00,9.870857404768403898e-01,2.140014436349401417e-01
1.175600000000000023e+01,1.675000000000000000e+03,2.000000000000000000e+03,-3.261962204270013821e+00,9.909785511760537124e-01,2.101413845718097251e-01
1.177299999999999969e+01,1.675000000000000000e+03,2.000000000000000000e+03,-3.261962204270013821e+00,9.909785511760537124e-01,2.101413845718097251e-01
1.179100000000000037e+01,1.675000000000000000e+03,2.000000000000000000e+03,-3.265647569501332281e+00,9.947632964554443680e-01,2.134869144539670305e-01
1.180899999999999928e+01,1.675000000000000000e+03,2.000000000000000000e+03,-3.265647569501332281e+00,9.947632964554443680e-01,2.134869144539670305e-01
1.182600000000000051e+01,1.675000000000000000e+03,2.000000000000000000e+03,-3.268908280055591309e+00,9.976548119215954413e-01,1.921391452618889384e-01
1.184399999999999942e+01,1.675000000000000000e+03,2.000000000000000000e+03,-3.272615140353338337e+00,1.001459485129970073e+00,1.952555148593233258e-01
1.186100000000000065e+01,1.675000000000000000e+03,2.000000000000000000e+03,-3.272615140353338337e+00,1.001459485129970073e+00,1.952555148593233258e-01
1.187700000000000067e+01,1.675000000000000000e+03,2.000000000000000000e+03,-3.275894031400215844e+00,1.004366623251370161e+00,1.951342752048101647e-01
1.189400000000000013e+01,1.675000000000000000e+03,2.000000000000000000e+03,-3.275894031400215844e+00,1.004366623251370161e+00,1.951342752048101647e-01
1.191200000000000081e+01,1.675000000000000000e+03,2.000000000000000000e+03,-3.275894031400215844e+00,1.004366623251370161e+00,1.951342752048101647e-01
1.193599999999999994e+01,1.675000000000000000e+03,2.000000000000000000e+03,-3.275894031400215844e+00,1.004366623251370161e+00,1.951342752048101647e-01
1.195400000000000063e+01,1.675000000000000000e+03,2.000000000000000000e+03,-3.275894031400215844e+00,1.004366623251370161e+00,1.951342752048101647e-01
1.197100000000000009e+01,1.675000000000000000e+03,2.000000000000000000e+03,-3.280278913462984391e+00,1.008253547938562367e+00,1.628214141692526651e-01
1.198799999999999955e+01,1.675000000000000000e+03,2.000000000000000000e+03,-3.280278913462984391e+00,1.008253547938562367e+00,1.628214141692526651e-01
1.200600000000000023e+01,1.675000000000000000e+03,2.000000000000000000e+03,-3.280278913462984391e+00,1.008253547938562367e+00,1.628214141692526651e-01
1.202299999999999969e+01,1.675000000000000000e+03,2.000000000000000000e+03,-3.287329422081133767e+00,1.015022426740156636e+00,1.621697304965745434e-01
1.203999999999999915e+01,1.675000000000000000e+03,2.000000000000000000e+03,-3.297756634730091285e+00,1.024783164779107469e+00,1.438581498315744667e-01
1.205799999999999983e+01,1.675000000000000000e+03,2.000000000000000000e+03,-3.304242550734659556e+00,1.031576653882322336e+00,1.233559988254377682e-01
1.207499999999999929e+01,1.675000000000000000e+03,2.000000000000000000e+03,-3.307849012953050227e+00,1.036347912514024028e+00,1.109880931421582395e-01
1.209200000000000053e+01,1.675000000000000000e+03,2.000000000000000000e+03,-3.307849012953050227e+00,1.036347912514024028e+00,1.109880931421582395e-01
1.210899999999999999e+01,1.675000000000000000e+03,2.000000000000000000e+03,-3.335716382889379883e+00,1.069541781344002462e+00,5.903618877893229006e-02
1.212599999999999945e+01,1.675000000000000000e+03,2.000000000000000000e+03,-3.339851680651868548e+00,1.072678839351411728e+00,4.010746843161966391e-02
1.214199999999999946e+01,1.675000000000000000e+03,2.000000000000000000e+03,-3.343109746498468038e+00,1.076639660959664457e+00,4.139584403322554146e-02
1.215900000000000070e+01,1.675000000000000000e+03,2.000000000000000000e+03,-3.345694544880015719e+00,1.080541055416083029e+00,4.107574513407170891e-02
1.217699999999999960e+01,1.675000000000000000e+03,2.000000000000000000e+03,-3.345694544880015719e+00,1.080541055416083029e+00,4.107574513407170891e-02
1.219400000000000084e+01,1.675000000000000000e+03,2.000000000000000000e+03,-3.351366283609828578e+00,1.089340221986611734e+00,2.532647477996750537e-02
1.221100000000000030e+01,1.675000000000000000e+03,2.000000000000000000e+03,-3.351366283609828578e+00,1.089340221986611734e+00,2.532647477996750537e-02
1.222799999999999976e+01,1.675000000000000000e+03,2.000000000000000000e+03,-3.355350342243655248e+00,1.093421166275653889e+00,2.498692970605136815e-02
1.224499999999999922e+01,1.675000000000000000e+03,2.000000000000000000e+03,-3.357486156330844462e+00,1.096399205907019780e+00,8.152060476418631144e-03
1.226200000000000045e+01,1.675000000000000000e+03,2.000000000000000000e+03,-3.360111360538764913e+00,1.100355263350809132e+00,9.087059383917097527e-03
1.227899999999999991e+01,1.675000000000000000e+03,2.000000000000000000e+03,-3.360111360538764913e+00,1.100355263350809132e+00,9.087059383917097527e-03
1.229700000000000060e+01,1.675000000000000000e+03,2.000000000000000000e+03,-3.363435638977397169e+00,1.104396012206443345e+00,8.728168763360891549e-03
1.231400000000000006e+01,1.675000000000000000e+03,2.000000000000000000e+03,-3.365794024892362124e+00,1.106494953940586612e+00,-8.083767188323671277e-03
1.233099999999999952e+01,1.675000000000000000e+03,2.000000000000000000e+03,-3.368931415579300648e+00,1.111458735286087407e+00,-8.460532074456609056e-03
1.234800000000000075e+01,1.675000000000000000e+03,2.000000000000000000e+03,-3.370689497261023071e+00,1.116289042681728017e+00,-2.298176937365732642e-02
1.236500000000000021e+01,1.675000000000000000e+03,2.000000000000000000e+03,-3.370689497261023071e+00,1.116289042681728017e+00,-2.298176937365732642e-02
1.238199999999999967e+01,1.675000000000000000e+03,2.000000000000000000e+03,-3.375443839317976646e+00,1.120527315195617213e+00,-2.581931441369679503e-02
1.239899999999999913e+01,1.675000000000000000e+03,2.000000000000000000e+03,-3.380509399702551043e+00,1.126681912220563575e+00,-4.256807741533231992e-02
1.241799999999999926e+01,1.675000000000000000e+03,2.000000000000000000e+03,-3.383697649970086818e+00,1.131715973915655038e+00,-4.223012984394617503e-02
1.243500000000000050e+01,1.675000000000000000e+03,2.000000000000000000e+03,-3.383697649970086818e+00,1.131715973915655038e+00,-4.223012984394617503e-02
1.245199999999999996e+01,1.675000000000000000e+03,2.000000000000000000e+03,-3.389808373209457937e+00,1.139916167685284698e+00,-4.306257199454034679e-02
1.247000000000000064e+01,1.675000000000000000e+03,2.000000000000000000e+03,-3.389808373209457937e+00,1.139916167685284698e+00,-4.306257199454034679e-02
1.248700000000000010e+01,1.675000000000000000e+03,2.000000000000000000e+03,-3.393230609393936170e+00,1.144073543464616094e+00,-4.348141212693300978e-02
1.250500000000000078e+01,1.675000000000000000e+03,2.000000000000000000e+03,-3.393230609393936170e+00,1.144073543464616094e+00,-4.348141212693300978e-02
1.252200000000000024e+01,1.675000000000000000e+03,2.000000000000000000e+03,-3.394544092390779255e+00,1.148005632518507291e+00,-7.519654139934597858e-02
1.253899999999999970e+01,1.675000000000000000e+03,2.000000000000000000e+03,-3.398491383453413839e+00,1.153193730493744518e+00,-7.564336868974909367e-02
1.255599999999999916e+01,1.675000000000000000e+03,2.000000000000000000e+03,-3.402764700535126696e+00,1.160343823072571556e+00,-7.587689585411656890e-02
1.257300000000000040e+01,1.675000000000000000e+03,2.000000000000000000e+03,-3.402764700535126696e+00,1.160343823072571556e+00,-7.587689585411656890e-02
1.259099999999999930e+01,1.675000000000000000e+03,2.000000000000000000e+03,-3.406233324426760412e+00,1.164561160291311737e+00,-7.589728229798078929e-02
1.260800000000000054e+01,1.675000000000000000e+03,2.000000000000000000e+03,-3.406233324426760412e+00,1.164561160291311737e+00,-7.589728229798078929e-02
1.262500000000000000e+01,1.675000000000000000e+03,2.000000000000000000e+03,-3.419557600583468471e+00,1.188260581452057707e+00,-1.257330994578928218e-01
1.264300000000000068e+01,1.675000000000000000e+03,2.000000000000000000e+03,-3.421449893202867631e+00,1.193340601557662861e+00,-1.261324267535929577e-01
1.266000000000000014e+01,1.675000000000000000e+03,2.000000000000000000e+03,-3.427817302956057688e+00,1.201896613154091131e+00,-1.272225487412495526e-01
1.267699999999999960e+01,1.675000000000000000e+03,2.000000000000000000e+03,-3.427817302956057688e+00,1.201896613154091131e+00,-1.272225487412495526e-01
1.269400000000000084e+01,1.675000000000000000e+03,2.000000000000000000e+03,-3.428676067633237068e+00,1.204935119928900455e+00,-1.431174980211167291e-01
1.271100000000000030e+01,1.675000000000000000e+03,2.000000000000000000e+03,-3.431516578858629707e+00,1.209197402569257562e+00,-1.436273126077085571e-01
1.272799999999999976e+01,1.675000000000000000e+03,2.000000000000000000e+03,-3.431516578858629707e+00,1.209197402569257562e+00,-1.436273126077085571e-01
1.274499999999999922e+01,1.675000000000000000e+03,2.000000000000000000e+03,-3.433638855049573557e+00,1.213384813570069554e+00,-1.441389872990707366e-01
1.276299999999999990e+01,1.675000000000000000e+03,2.000000000000000000e+03,-3.435767278896499466e+00,1.217583582577635770e+00,-1.447264117167458286e-01
1.277999999999999936e+01,1.675000000000000000e+03,2.000000000000000000e+03,-3.437367648381354002e+00,1.220740143312806669e+00,-1.607232233766005824e-01
1.279700000000000060e+01,1.675000000000000000e+03,2.000000000000000000e+03,-3.440920938108896543e+00,1.229100103588791626e+00,-1.615870459161541095e-01
1.281400000000000006e+01,1.675000000000000000e+03,2.000000000000000000e+03,-3.440920938108896543e+00,1.229100103588791626e+00,-1.615870459161541095e-01
1.283099999999999952e+01,1.675000000000000000e+03,2.000000000000000000e+03,-3.443071423168748701e+00,1.233341402943911813e+00,-1.623821859496293596e-01
1.284800000000000075e+01,1.675000000000000000e+03,2.000000000000000000e+03,-3.443071423168748701e+00,1.233341402943911813e+00,-1.623821859496293596e-01
1.286500000000000021e+01,1.675000000000000000e+03,2.000000000000000000e+03,-3.444688406757374644e+00,1.236529985111665564e+00,-1.782688851087911308e-01
1.288199999999999967e+01,1.675000000000000000e+03,2.000000000000000000e+03,-3.444688406757374644e+00,1.236529985111665564e+00,-1.782688851087911308e-01
1.289899999999999913e+01,1.675000000000000000e+03,2.000000000000000000e+03,-3.447546109929639613e+00,1.244883104041911270e+00,-1.791732213367238369e-01
1.291600000000000037e+01,1.675000000000000000e+03,2.000000000000000000e+03,-3.447546109929639613e+00,1.244883104041911270e+00,-1.791732213367238369e-01
1.293299999999999983e+01,1.675000000000000000e+03,2.000000000000000000e+03,-3.448787796084374691e+00,1.250057083408102176e+00,-1.965994776570179903e-01
1.294999999999999929e+01,1.675000000000000000e+03,2.000000000000000000e+03,-3.452601917718799207e+00,1.257585817673851913e+00,-2.136000143717727562e-01
1.296700000000000053e+01,1.675000000000000000e+03,2.000000000000000000e+03,-3.452601917718799207e+00,1.257585817673851913e+00,-2.136000143717727562e-01
1.298399999999999999e+01,1.675000000000000000e+03,2.000000000000000000e+03,-3.453310267828243685e+00,1.261718763728287396e+00,-2.131631422575996360e-01
1.300099999999999945e+01,1.675000000000000000e+03,2.000000000000000000e+03,-3.453310267828243685e+00,1.261718763728287396e+00,-2.131631422575996360e-01
1.301800000000000068e+01,1.675000000000000000e+03,2.000000000000000000e+03,-3.458611322929856513e+00,1.273559160136289670e+00,-2.316416908762208848e-01
1.303599999999999959e+01,1.675000000000000000e+03,2.000000000000000000e+03,-3.458611322929856513e+00,1.273559160136289670e+00,-2.316416908762208848e-01
1.305300000000000082e+01,1.675000000000000000e+03,2.000000000000000000e+03,-3.460628810364172914e+00,1.278918660608104219e+00,-2.332930916574480484e-01
1.307000000000000028e+01,1.675000000000000000e+03,2.000000000000000000e+03,-3.461735857212303813e+00,1.281105393611047472e+00,-2.473601930120797598e-01
1.308699999999999974e+01,1.675000000000000000e+03,2.000000000000000000e+03,-3.463208589882615041e+00,1.285392499610952477e+00,-2.491877806492651393e-01
1.310399999999999920e+01,1.675000000000000000e+03,2.000000000000000000e+03,-3.463208589882615041e+00,1.285392499610952477e+00,-2.491877806492651393e-01
1.312100000000000044e+01,1.675000000000000000e+03,2.000000000000000000e+03,-3.468563687838067011e+00,1.309845105191990378e+00,-2.827075285377732006e-01
1.313799999999999990e+01,1.675000000000000000e+03,2.000000000000000000e+03,-3.470813287277975778e+00,1.314305068765745599e+00,-2.849451149492718272e-01
1.315600000000000058e+01,1.675000000000000000e+03,2.000000000000000000e+03,-3.470618954105350262e+00,1.319501387439737883e+00,-2.854674605444476598e-01
1.317300000000000004e+01,1.675000000000000000e+03,2.000000000000000000e+03,-3.470618954105350262e+00,1.319501387439737883e+00,-2.854674605444476598e-01
1.318999999999999950e+01,1.675000000000000000e+03,2.000000000000000000e+03,-3.470618954105350262e+00,1.319501387439737883e+00,-2.854674605444476598e-01
1.320700000000000074e+01,1.675000000000000000e+03,2.000000000000000000e+03,-3.474577581885258226e+00,1.327360274969687559e+00,-2.883516502331232023e-01
1.322499999999999964e+01,1.675000000000000000e+03,2.000000000000000000e+03,-3.474578547670451378e+00,1.331567344724182700e+00,-3.031794777925260753e-01
1.324200000000000088e+01,1.675000000000000000e+03,2.000000000000000000e+03,-3.476095129995732780e+00,1.335985836440599872e+00,-3.056682649916168115e-01
1.325900000000000034e+01,1.675000000000000000e+03,2.000000000000000000e+03,-3.476857533949278878e+00,1.340314808977034922e+00,-3.062189629466043339e-01
1.327599999999999980e+01,1.675000000000000000e+03,2.000000000000000000e+03,-3.476857533949278878e+00,1.340314808977034922e+00,-3.062189629466043339e-01
1.329299999999999926e+01,1.675000000000000000e+03,2.000000000000000000e+03,-3.476292478518778761e+00,1.343416413562931400e+00,-3.229827330293128518e-01
1.331000000000000050e+01,1.675000000000000000e+03,2.000000000000000000e+03,-3.479150020287957723e+00,1.349107491228680900e+00,-3.235940785406194453e-01
1.332699999999999996e+01,1.675000000000000000e+03,2.000000000000000000e+03,-3.478971525643633544e+00,1.354407832812972501e+00,-3.408983917313566092e-01
1.334399999999999942e+01,1.675000000000000000e+03,2.000000000000000000e+03,-3.480119214223464041e+00,1.356696909931180972e+00,-3.575588004794916230e-01
1.336100000000000065e+01,1.675000000000000000e+03,2.000000000000000000e+03,-3.480893693743944972e+00,1.361078042953688172e+00,-3.581770085174854068e-01
1.338000000000000078e+01,1.675000000000000000e+03,2.000000000000000000e+03,-3.481670647816586417e+00,1.365470238957356752e+00,-3.613200424683621903e-01
1.339700000000000024e+01,1.675000000000000000e+03,2.000000000000000000e+03,-3.481685557583796609e+00,1.369769348903495665e+00,-3.619428959087797049e-01
1.341399999999999970e+01,1.675000000000000000e+03,2.000000000000000000e+03,-3.482466579053801414e+00,1.374183358773121810e+00,-3.787553493280161332e-01
1.343099999999999916e+01,1.675000000000000000e+03,2.000000000000000000e+03,-3.483437014348527150e+00,1.377553689835250950e+00,-3.600366179164499747e-01
1.344699999999999918e+01,1.675000000000000000e+03,2.000000000000000000e+03,-3.484990024451252388e+00,1.382093015058849517e+00,-3.631890516590169926e-01
1.346499999999999986e+01,1.675000000000000000e+03,2.000000000000000000e+03,-3.486174907515060095e+00,1.388765640525307266e+00,-3.806683043179985293e-01
1.348199999999999932e+01,1.675000000000000000e+03,2.000000000000000000e+03,-3.486174907515060095e+00,1.388765640525307266e+00,-3.806683043179985293e-01
1.349900000000000055e+01,1.675000000000000000e+03,2.000000000000000000e+03,-3.485429323267319468e+00,1.393015109815989305e+00,-3.813147514681510253e-01
1.351600000000000001e+01,1.675000000000000000e+03,2.000000000000000000e+03,-3.485429323267319468e+00,1.393015109815989305e+00,-3.813147514681510253e-01
1.353400000000000070e+01,1.675000000000000000e+03,2.000000000000000000e+03,-3.486223099692997707e+00,1.397488182320673733e+00,-3.847318171140275966e-01
1.355199999999999960e+01,1.675000000000000000e+03,2.000000000000000000e+03,-3.487019421194924362e+00,1.401972691862647835e+00,-3.987596242717411088e-01
1.356900000000000084e+01,1.675000000000000000e+03,2.000000000000000000e+03,-3.486302348880026436e+00,1.410651613999891918e+00,-4.060985509998193410e-01
1.358600000000000030e+01,1.675000000000000000e+03,2.000000000000000000e+03,-3.486302348880026436e+00,1.410651613999891918e+00,-4.060985509998193410e-01
1.360299999999999976e+01,1.675000000000000000e+03,2.000000000000000000e+03,-3.487289438873033554e+00,1.414093030641708548e+00,-4.231807651506799828e-01
1.361999999999999922e+01,1.675000000000000000e+03,2.000000000000000000e+03,-3.488004726195780947e+00,1.433025958841445568e+00,-4.292317840949428365e-01
1.363799999999999990e+01,1.675000000000000000e+03,2.000000000000000000e+03,-3.486671609683001272e+00,1.436179951505077046e+00,-4.465170731332832599e-01
1.365600000000000058e+01,1.675000000000000000e+03,2.000000000000000000e+03,-3.488074330631747877e+00,1.441965480243276865e+00,-4.472364309589706988e-01
1.367300000000000004e+01,1.675000000000000000e+03,2.000000000000000000e+03,-3.488110531047489804e+00,1.446451766220282487e+00,-4.514778076124334460e-01
1.368999999999999950e+01,1.675000000000000000e+03,2.000000000000000000e+03,-3.488110531047489804e+00,1.446451766220282487e+00,-4.514778076124334460e-01
1.370700000000000074e+01,1.675000000000000000e+03,2.000000000000000000e+03,-3.487739689710537938e+00,1.448643299799228235e+00,-4.650633257535056742e-01
1.372400000000000020e+01,1.675000000000000000e+03,2.000000000000000000e+03,-3.487776923713549415e+00,1.453146017340852136e+00,-4.658014263941678834e-01
1.374099999999999966e+01,1.675000000000000000e+03,2.000000000000000000e+03,-3.487815087971655181e+00,1.457659875514006664e+00,-4.741259862753781640e-01
1.375900000000000034e+01,1.675000000000000000e+03,2.000000000000000000e+03,-3.487815087971655181e+00,1.457659875514006664e+00,-4.741259862753781640e-01
1.377599999999999980e+01,1.675000000000000000e+03,2.000000000000000000e+03,-3.488039462800951007e+00,1.461080757104470607e+00,-4.610597920354805868e-01
1.379299999999999926e+01,1.675000000000000000e+03,2.000000000000000000e+03,-3.487483564197771724e+00,1.464395214128106470e+00,-4.748729859176044066e-01
1.381000000000000050e+01,1.675000000000000000e+03,2.000000000000000000e+03,-3.487523683843095412e+00,1.468936918079612131e+00,-4.756208160398404106e-01
1.382699999999999996e+01,1.675000000000000000e+03,2.000000000000000000e+03,-3.486967748927542576e+00,1.472265467580882170e+00,-4.843332041575982849e-01
1.384299999999999997e+01,1.675000000000000000e+03,2.000000000000000000e+03,-3.486411630290680463e+00,1.475599984081942040e+00,-4.979250027602336037e-01
1.385999999999999943e+01,1.675000000000000000e+03,2.000000000000000000e+03,-3.485113280522046608e+00,1.483403824969844020e+00,-5.118779257905456959e-01
1.387800000000000011e+01,1.675000000000000000e+03,2.000000000000000000e+03,-3.485113280522046608e+00,1.483403824969844020e+00,-5.118779257905456959e-01
1.389400000000000013e+01,1.675000000000000000e+03,2.000000000000000000e+03,-3.485340396391626072e+00,1.486872926805339112e+00,-4.994640646495604464e-01
1.391099999999999959e+01,1.675000000000000000e+03,2.000000000000000000e+03,-3.483813849448472943e+00,1.491240468509861028e+00,-5.045271848443092511e-01
1.392800000000000082e+01,1.675000000000000000e+03,2.000000000000000000e+03,-3.483813849448472943e+00,1.491240468509861028e+00,-5.045271848443092511e-01
1.394599999999999973e+01,1.675000000000000000e+03,2.000000000000000000e+03,-3.483298605787827462e+00,1.499225598748952226e+00,-5.230841239229507833e-01
1.396299999999999919e+01,1.675000000000000000e+03,2.000000000000000000e+03,-3.483298605787827462e+00,1.499225598748952226e+00,-5.230841239229507833e-01
1.397899999999999920e+01,1.675000000000000000e+03,2.000000000000000000e+03,-3.484127843732240493e+00,1.503969625629615781e+00,-5.282928202019093744e-01
1.399699999999999989e+01,1.675000000000000000e+03,2.000000000000000000e+03,-3.484127843732240493e+00,1.503969625629615781e+00,-5.282928202019093744e-01
1.401399999999999935e+01,1.675000000000000000e+03,2.000000000000000000e+03,-3.483801303952115624e+00,1.510875892687016719e+00,-5.290881544295316097e-01
1.403100000000000058e+01,1.675000000000000000e+03,2.000000000000000000e+03,-3.480881801221082039e+00,1.513930152176834465e+00,-5.423121465001831121e-01
1.404800000000000004e+01,1.675000000000000000e+03,2.000000000000000000e+03,-3.480925143982594783e+00,1.518594873890878993e+00,-5.477038991861531425e-01
1.406600000000000072e+01,1.675000000000000000e+03,2.000000000000000000e+03,-3.480925143982594783e+00,1.518594873890878993e+00,-5.477038991861531425e-01
1.408399999999999963e+01,1.675000000000000000e+03,2.000000000000000000e+03,-3.480366893266569228e+00,1.522013198637341524e+00,-5.534040378331573917e-01
1.410100000000000087e+01,1.675000000000000000e+03,2.000000000000000000e+03,-3.472913974186547570e+00,1.547952640641755639e+00,-5.975810245734920478e-01
1.411800000000000033e+01,1.675000000000000000e+03,2.000000000000000000e+03,-3.470769971863418402e+00,1.551186544006919021e+00,-6.152048822529504468e-01
1.413599999999999923e+01,1.675000000000000000e+03,2.000000000000000000e+03,-3.470018721368546721e+00,1.555824987330060694e+00,-6.160594663739498156e-01
1.415300000000000047e+01,1.675000000000000000e+03,2.000000000000000000e+03,-3.470246720767153015e+00,1.559430845649402819e+00,-6.047664526671232554e-01
1.416999999999999993e+01,1.675000000000000000e+03,2.000000000000000000e+03,-3.470246720767153015e+00,1.559430845649402819e+00,-6.047664526671232554e-01
1.418699999999999939e+01,1.675000000000000000e+03,2.000000000000000000e+03,-3.469495116332967033e+00,1.564089601891925696e+00,-6.225714582029523436e-01
1.420400000000000063e+01,1.675000000000000000e+03,2.000000000000000000e+03,-3.468931054743625175e+00,1.567591196210089688e+00,-6.234305746343440369e-01
1.422100000000000009e+01,1.675000000000000000e+03,2.000000000000000000e+03,-3.467385081416238357e+00,1.572149558996013496e+00,-6.300817517967299830e-01
1.423799999999999955e+01,1.675000000000000000e+03,2.000000000000000000e+03,-3.467385081416238357e+00,1.572149558996013496e+00,-6.300817517967299830e-01
1.425500000000000078e+01,1.675000000000000000e+03,2.000000000000000000e+03,-3.466214812712491433e+00,1.574372557523757266e+00,-6.245616059949460341e-01
1.427299999999999969e+01,1.675000000000000000e+03,2.000000000000000000e+03,-3.466254273447556322e+00,1.579189008535880845e+00,-6.368722419839206728e-01
1.428999999999999915e+01,1.675000000000000000e+03,2.000000000000000000e+03,-3.461718005204112991e+00,1.582113389284152571e+00,-6.489916908160094922e-01
1.430799999999999983e+01,1.675000000000000000e+03,2.000000000000000000e+03,-3.461718005204112991e+00,1.582113389284152571e+00,-6.489916908160094922e-01
1.432499999999999929e+01,1.675000000000000000e+03,2.000000000000000000e+03,-3.460770322568420543e+00,1.588008300059701394e+00,-6.559543833857343076e-01
1.434200000000000053e+01,1.675000000000000000e+03,2.000000000000000000e+03,-3.460011478099647153e+00,1.592737391344462683e+00,-6.568302800874594727e-01
1.435999999999999943e+01,1.675000000000000000e+03,2.000000000000000000e+03,-3.459252002181298469e+00,1.597478232857999725e+00,-6.699967468869763021e-01
1.437700000000000067e+01,1.675000000000000000e+03,2.000000000000000000e+03,-3.454895779362978203e+00,1.599243476364904826e+00,-6.817656993413879762e-01
1.439400000000000013e+01,1.675000000000000000e+03,2.000000000000000000e+03,-3.454323182285049754e+00,1.602809944466016212e+00,-6.777195682253264186e-01
1.441099999999999959e+01,1.675000000000000000e+03,2.000000000000000000e+03,-3.453941241078535729e+00,1.605191290935864323e+00,-6.891733769576138258e-01
1.442800000000000082e+01,1.675000000000000000e+03,2.000000000000000000e+03,-3.451202011658546454e+00,1.612107958240076577e+00,-6.903994116048411955e-01
1.444500000000000028e+01,1.675000000000000000e+03,2.000000000000000000e+03,-3.451202011658546454e+00,1.612107958240076577e+00,-6.903994116048411955e-01
1.446199999999999974e+01,1.675000000000000000e+03,2.000000000000000000e+03,-3.449638826188528018e+00,1.616773901804042346e+00,-6.979678937894119306e-01
1.447899999999999920e+01,1.675000000000000000e+03,2.000000000000000000e+03,-3.446865772534437156e+00,1.618804080204919060e+00,-7.158170840844630956e-01
1.449699999999999989e+01,1.675000000000000000e+03,2.000000000000000000e+03,-3.444116447393700930e+00,1.625770240904316655e+00,-7.170771762023576690e-01
1.451399999999999935e+01,1.675000000000000000e+03,2.000000000000000000e+03,-3.444116447393700930e+00,1.625770240904316655e+00,-7.170771762023576690e-01
1.453100000000000058e+01,1.675000000000000000e+03,2.000000000000000000e+03,-3.444116447393700930e+00,1.625770240904316655e+00,-7.170771762023576690e-01
1.454800000000000004e+01,1.675000000000000000e+03,2.000000000000000000e+03,-3.442353164899035534e+00,1.631676995454870216e+00,-7.078337800572827021e-01
1.456499999999999950e+01,1.675000000000000000e+03,2.000000000000000000e+03,-3.442353164899035534e+00,1.631676995454870216e+00,-7.078337800572827021e-01
1.458200000000000074e+01,1.675000000000000000e+03,2.000000000000000000e+03,-3.439983653359091953e+00,1.636267006635574450e+00,-7.329754752919258598e-01
1.459900000000000020e+01,1.675000000000000000e+03,2.000000000000000000e+03,-3.439983653359091953e+00,1.636267006635574450e+00,-7.329754752919258598e-01
1.461599999999999966e+01,1.675000000000000000e+03,2.000000000000000000e+03,-3.427900656444447414e+00,1.660609141705341241e+00,-7.779644033397481451e-01
1.463299999999999912e+01,1.675000000000000000e+03,2.000000000000000000e+03,-3.427900656444447414e+00,1.660609141705341241e+00,-7.779644033397481451e-01
1.465099999999999980e+01,1.675000000000000000e+03,2.000000000000000000e+03,-3.425110794372862699e+00,1.662688136369094405e+00,-7.879525656583885596e-01
1.466799999999999926e+01,1.675000000000000000e+03,2.000000000000000000e+03,-3.422920983136779505e+00,1.666123472765188129e+00,-7.872201339282964838e-01
1.468500000000000050e+01,1.675000000000000000e+03,2.000000000000000000e+03,-3.422920983136779505e+00,1.666123472765188129e+00,-7.872201339282964838e-01
1.470199999999999996e+01,1.675000000000000000e+03,2.000000000000000000e+03,-3.421528187626028839e+00,1.669689972422880864e+00,-7.971520675812279189e-01
1.471899999999999942e+01,1.675000000000000000e+03,2.000000000000000000e+03,-3.421528187626028839e+00,1.669689972422880864e+00,-7.971520675812279189e-01
1.473600000000000065e+01,1.675000000000000000e+03,2.000000000000000000e+03,-3.420734892366236846e+00,1.674622570737033911e+00,-7.980633555931037071e-01
1.475300000000000011e+01,1.675000000000000000e+03,2.000000000000000000e+03,-3.415143203510989878e+00,1.678814830672337166e+00,-8.235741321784838531e-01
1.477100000000000080e+01,1.675000000000000000e+03,2.000000000000000000e+03,-3.415143203510989878e+00,1.678814830672337166e+00,-8.235741321784838531e-01
1.478800000000000026e+01,1.675000000000000000e+03,2.000000000000000000e+03,-3.415143203510989878e+00,1.678814830672337166e+00,-8.235741321784838531e-01
1.480499999999999972e+01,1.675000000000000000e+03,2.000000000000000000e+03,-3.410745545235461584e+00,1.685750257992850720e+00,-8.254058702925372026e-01
1.482199999999999918e+01,1.675000000000000000e+03,2.000000000000000000e+03,-3.408745257534921969e+00,1.687983997813540249e+00,-8.427033698618739965e-01
1.483900000000000041e+01,1.675000000000000000e+03,2.000000000000000000e+03,-3.408745257534921969e+00,1.687983997813540249e+00,-8.427033698618739965e-01
1.485599999999999987e+01,1.675000000000000000e+03,2.000000000000000000e+03,-3.405137132764863850e+00,1.695078744287380257e+00,-8.527359972610010219e-01
1.487299999999999933e+01,1.675000000000000000e+03,2.000000000000000000e+03,-3.405137132764863850e+00,1.695078744287380257e+00,-8.527359972610010219e-01
1.489000000000000057e+01,1.675000000000000000e+03,2.000000000000000000e+03,-3.404328062436351221e+00,1.700075236094273468e+00,-8.536450603353239464e-01
1.490799999999999947e+01,1.675000000000000000e+03,2.000000000000000000e+03,-3.400125958765626510e+00,1.700695939485527219e+00,-8.629624212651487714e-01
1.492600000000000016e+01,1.675000000000000000e+03,2.000000000000000000e+03,-3.397916093459242504e+00,1.704200504124383286e+00,-8.555246543226849854e-01
1.494299999999999962e+01,1.675000000000000000e+03,2.000000000000000000e+03,-3.395109302211555047e+00,1.706330411930992774e+00,-8.648564681222191686e-01
1.496100000000000030e+01,1.675000000000000000e+03,2.000000000000000000e+03,-3.392690800301865206e+00,1.711102638463918968e+00,-8.747940285249615755e-01
1.497799999999999976e+01,1.675000000000000000e+03,2.000000000000000000e+03,-3.390680661760347547e+00,1.713366895778001275e+00,-8.832944114150845794e-01
1.499499999999999922e+01,1.675000000000000000e+03,2.000000000000000000e+03,-3.387663714137674198e+00,1.716768506529548155e+00,-8.854250937546523925e-01
1.501099999999999923e+01,1.675000000000000000e+03,2.000000000000000000e+03,-3.386244044399821185e+00,1.720429142529768196e+00,-8.937994046929564895e-01
1.502800000000000047e+01,1.675000000000000000e+03,2.000000000000000000e+03,-3.382039240286731641e+00,1.721061310268233946e+00,-8.962601166686969822e-01
1.504499999999999993e+01,1.675000000000000000e+03,2.000000000000000000e+03,-3.380615882054455845e+00,1.724730045898952291e+00,-9.044987647737205982e-01
1.506300000000000061e+01,1.675000000000000000e+03,2.000000000000000000e+03,-3.377001587070234123e+00,1.726758458521696848e+00,-9.144976208865911449e-01
1.507900000000000063e+01,1.675000000000000000e+03,2.000000000000000000e+03,-3.377001587070234123e+00,1.726758458521696848e+00,-9.144976208865911449e-01
1.509699999999999953e+01,1.675000000000000000e+03,2.000000000000000000e+03,-3.376373921338189810e+00,1.730564366741793147e+00,-9.153954691780643582e-01
1.511400000000000077e+01,1.675000000000000000e+03,2.000000000000000000e+03,-3.363236522372703430e+00,1.745487451983657845e+00,-9.452170199365943493e-01
1.513199999999999967e+01,1.675000000000000000e+03,2.000000000000000000e+03,-3.361211487135888909e+00,1.747793933803998279e+00,-9.492982386886169577e-01
1.514899999999999913e+01,1.675000000000000000e+03,2.000000000000000000e+03,-3.356787753646683470e+00,1.749723094675425195e+00,-9.472170764380326569e-01
1.516699999999999982e+01,1.675000000000000000e+03,2.000000000000000000e+03,-3.354545605144529929e+00,1.753318942620651466e+00,-9.513022171900784585e-01
1.518399999999999928e+01,1.675000000000000000e+03,2.000000000000000000e+03,-3.353100601506755929e+00,1.757048336657962118e+00,-9.585614356207008413e-01
1.520100000000000051e+01,1.675000000000000000e+03,2.000000000000000000e+03,-3.353100601506755929e+00,1.757048336657962118e+00,-9.585614356207008413e-01
1.521799999999999997e+01,1.675000000000000000e+03,2.000000000000000000e+03,-3.349687848169987436e+00,1.757827746941532432e+00,-9.729374609150943654e-01
1.523600000000000065e+01,1.675000000000000000e+03,2.000000000000000000e+03,-3.346640882273330675e+00,1.761311882163162146e+00,-9.701030771053659185e-01
1.525399999999999956e+01,1.675000000000000000e+03,2.000000000000000000e+03,-3.341556961220454980e+00,1.767133107419941229e+00,-9.818440980170799470e-01
1.527100000000000080e+01,1.675000000000000000e+03,2.000000000000000000e+03,-3.338941696917064661e+00,1.768045765272570513e+00,-9.929158401294992942e-01
1.528800000000000026e+01,1.675000000000000000e+03,2.000000000000000000e+03,-3.338941696917064661e+00,1.768045765272570513e+00,-9.929158401294992942e-01
1.530499999999999972e+01,1.675000000000000000e+03,2.000000000000000000e+03,-3.333050461709652357e+00,1.773761457039388478e+00,-1.005067126537892541e+00
1.532300000000000040e+01,1.675000000000000000e+03,2.000000000000000000e+03,-3.333050461709652357e+00,1.773761457039388478e+00,-1.005067126537892541e+00
1.533999999999999986e+01,1.675000000000000000e+03,2.000000000000000000e+03,-3.332387726403110317e+00,1.777656640711894109e+00,-1.005931933909676390e+00
1.535699999999999932e+01,1.675000000000000000e+03,2.000000000000000000e+03,-3.328749034269329776e+00,1.779748929960316417e+00,-1.017423654617700235e+00
1.537400000000000055e+01,1.675000000000000000e+03,2.000000000000000000e+03,-3.325109755770613962e+00,1.781844226323343605e+00,-1.023362264104933805e+00
1.539100000000000001e+01,1.675000000000000000e+03,2.000000000000000000e+03,-3.322268034103814216e+00,1.784069391008092254e+00,-1.029986871613786992e+00
1.540799999999999947e+01,1.675000000000000000e+03,2.000000000000000000e+03,-3.320797617544282154e+00,1.787857026182932962e+00,-1.035691176936702540e+00
1.542500000000000071e+01,1.675000000000000000e+03,2.000000000000000000e+03,-3.316581243653472733e+00,1.788528352483792716e+00,-1.047375542768338885e+00
1.544200000000000017e+01,1.675000000000000000e+03,2.000000000000000000e+03,-3.313510010320533716e+00,1.792070447187696036e+00,-1.054901922670255621e+00
1.545899999999999963e+01,1.675000000000000000e+03,2.000000000000000000e+03,-3.310889883612477824e+00,1.792998834613789949e+00,-1.060105561874257418e+00
1.547600000000000087e+01,1.675000000000000000e+03,2.000000000000000000e+03,-3.310889883612477824e+00,1.792998834613789949e+00,-1.060105561874257418e+00
1.549399999999999977e+01,1.675000000000000000e+03,2.000000000000000000e+03,-3.308612595765633380e+00,1.796676443883661101e+00,-1.087028259432191613e+00
1.551099999999999923e+01,1.675000000000000000e+03,2.000000000000000000e+03,-3.301546773168413385e+00,1.799599477149869564e+00,-1.085344839041173737e+00
1.552800000000000047e+01,1.675000000000000000e+03,2.000000000000000000e+03,-3.301546773168413385e+00,1.799599477149869564e+00,-1.085344839041173737e+00
1.554499999999999993e+01,1.675000000000000000e+03,2.000000000000000000e+03,-3.299032649291167019e+00,1.804606011915768082e+00,-1.075136500979765319e+00
1.556199999999999939e+01,1.675000000000000000e+03,2.000000000000000000e+03,-3.294018730692508168e+00,1.805162199779348775e+00,-1.087453567094828433e+00
1.558000000000000007e+01,1.675000000000000000e+03,2.000000000000000000e+03,-3.290600696789470092e+00,1.805973337363305120e+00,-1.099987594228114984e+00
1.559699999999999953e+01,1.675000000000000000e+03,2.000000000000000000e+03,-3.290600696789470092e+00,1.805973337363305120e+00,-1.099987594228114984e+00
1.561400000000000077e+01,1.675000000000000000e+03,2.000000000000000000e+03,-3.273929402721867721e+00,1.816908373456107118e+00,-1.128619151751828475e+00
1.563100000000000023e+01,1.675000000000000000e+03,2.000000000000000000e+03,-3.267411704897322799e+00,1.821328128068642194e+00,-1.145058452251950021e+00
1.564799999999999969e+01,1.675000000000000000e+03,2.000000000000000000e+03,-3.267411704897322799e+00,1.821328128068642194e+00,-1.145058452251950021e+00
1.566499999999999915e+01,1.675000000000000000e+03,2.000000000000000000e+03,-3.265898741363246316e+00,1.825186678513447625e+00,-1.145830162769953420e+00
1.568200000000000038e+01,1.675000000000000000e+03,2.000000000000000000e+03,-3.265898741363246316e+00,1.825186678513447625e+00,-1.145830162769953420e+00
1.569999999999999929e+01,1.675000000000000000e+03,2.000000000000000000e+03,-3.261442825502044229e+00,1.827215874692728725e+00,-1.147183783147347924e+00
1.571700000000000053e+01,1.675000000000000000e+03,2.000000000000000000e+03,-3.261442825502044229e+00,1.827215874692728725e+00,-1.147183783147347924e+00
1.573300000000000054e+01,1.675000000000000000e+03,2.000000000000000000e+03,-3.257470374966622728e+00,1.826586083389879267e+00,-1.147860374190097676e+00
1.575000000000000000e+01,1.675000000000000000e+03,2.000000000000000000e+03,-3.254361018803259675e+00,1.830202731427748475e+00,-1.161021264631386218e+00
1.576699999999999946e+01,1.675000000000000000e+03,2.000000000000000000e+03,-3.250698049189494565e+00,1.832365781517304004e+00,-1.174292813292208804e+00
1.578400000000000070e+01,1.675000000000000000e+03,2.000000000000000000e+03,-3.244955919670569067e+00,1.836952301667254872e+00,-1.188505287092255003e+00
1.580199999999999960e+01,1.675000000000000000e+03,2.000000000000000000e+03,-3.242328960155739459e+00,1.837912111096741796e+00,-1.189201533525584775e+00
1.581900000000000084e+01,1.675000000000000000e+03,2.000000000000000000e+03,-3.242328960155739459e+00,1.837912111096741796e+00,-1.189201533525584775e+00
1.583699999999999974e+01,1.675000000000000000e+03,2.000000000000000000e+03,-3.242328960155739459e+00,1.837912111096741796e+00,-1.189201533525584775e+00
1.585399999999999920e+01,1.675000000000000000e+03,2.000000000000000000e+03,-3.235786173162694901e+00,1.842387505674799808e+00,-1.203598700730518889e+00
1.587100000000000044e+01,1.675000000000000000e+03,2.000000000000000000e+03,-3.235786173162694901e+00,1.842387505674799808e+00,-1.203598700730518889e+00
1.588799999999999990e+01,1.675000000000000000e+03,2.000000000000000000e+03,-3.235786173162694901e+00,1.842387505674799808e+00,-1.203598700730518889e+00
1.590499999999999936e+01,1.675000000000000000e+03,2.000000000000000000e+03,-3.235786173162694901e+00,1.842387505674799808e+00,-1.203598700730518889e+00
1.592200000000000060e+01,1.675000000000000000e+03,2.000000000000000000e+03,-3.231572588879611185e+00,1.843100251823884594e+00,-1.217463930719663523e+00
1.593900000000000006e+01,1.675000000000000000e+03,2.000000000000000000e+03,-3.231572588879611185e+00,1.843100251823884594e+00,-1.217463930719663523e+00
1.595700000000000074e+01,1.675000000000000000e+03,2.000000000000000000e+03,-3.222935238973378524e+00,1.850028032995000959e+00,-1.232938145636036875e+00
1.597400000000000020e+01,1.675000000000000000e+03,2.000000000000000000e+03,-3.222935238973378524e+00,1.850028032995000959e+00,-1.232938145636036875e+00
1.599099999999999966e+01,1.675000000000000000e+03,2.000000000000000000e+03,-3.219260575072159902e+00,1.852217728614756531e+00,-1.247174136441424608e+00
1.600799999999999912e+01,1.675000000000000000e+03,2.000000000000000000e+03,-3.219260575072159902e+00,1.852217728614756531e+00,-1.247174136441424608e+00
1.602499999999999858e+01,1.675000000000000000e+03,2.000000000000000000e+03,-3.214792542317982615e+00,1.854285119383303648e+00,-1.248593223826982568e+00
1.604200000000000159e+01,1.675000000000000000e+03,2.000000000000000000e+03,-3.209812017517892802e+00,1.859055158815037689e+00,-1.276127176880772707e+00
1.605999999999999872e+01,1.675000000000000000e+03,2.000000000000000000e+03,-3.209812017517892802e+00,1.859055158815037689e+00,-1.276127176880772707e+00
1.607700000000000173e+01,1.675000000000000000e+03,2.000000000000000000e+03,-3.200592512587661531e+00,1.860381308663566102e+00,-1.279052864516131427e+00
1.609400000000000119e+01,1.675000000000000000e+03,2.000000000000000000e+03,-3.198233862333574873e+00,1.864189081675883042e+00,-1.278960742304619203e+00
1.611100000000000065e+01,1.675000000000000000e+03,2.000000000000000000e+03,-3.198233862333574873e+00,1.864189081675883042e+00,-1.278960742304619203e+00
1.612800000000000011e+01,1.675000000000000000e+03,2.000000000000000000e+03,-3.166638902746817585e+00,1.875995598600657566e+00,-1.327610612530956802e+00
1.614499999999999957e+01,1.675000000000000000e+03,2.000000000000000000e+03,-3.166638902746817585e+00,1.875995598600657566e+00,-1.327610612530956802e+00
1.616199999999999903e+01,1.675000000000000000e+03,2.000000000000000000e+03,-3.163487061478098994e+00,1.875500260631410399e+00,-1.342522661616626589e+00
1.617999999999999972e+01,1.675000000000000000e+03,2.000000000000000000e+03,-3.156891690127020311e+00,1.880081702228236562e+00,-1.358156945301963070e+00
1.619699999999999918e+01,1.675000000000000000e+03,2.000000000000000000e+03,-3.156891690127020311e+00,1.880081702228236562e+00,-1.358156945301963070e+00
1.621399999999999864e+01,1.675000000000000000e+03,2.000000000000000000e+03,-3.152683188354842070e+00,1.880827200716421288e+00,-1.345331242616086387e+00
1.623199999999999932e+01,1.675000000000000000e+03,2.000000000000000000e+03,-3.148475983590257599e+00,1.881574090508362218e+00,-1.360397860757887267e+00
1.624899999999999878e+01,1.675000000000000000e+03,2.000000000000000000e+03,-3.143759519797757918e+00,1.880835433457516803e+00,-1.375622128668121169e+00
1.626599999999999824e+01,1.675000000000000000e+03,2.000000000000000000e+03,-3.140850962740043606e+00,1.883194935107440404e+00,-1.386556618118626405e+00
1.628300000000000125e+01,1.675000000000000000e+03,2.000000000000000000e+03,-3.137154909499717537e+00,1.885434400709687708e+00,-1.391518822630849694e+00
1.630099999999999838e+01,1.675000000000000000e+03,2.000000000000000000e+03,-3.128747236001846233e+00,1.886940474603999274e+00,-1.393773867041381953e+00
1.631899999999999906e+01,1.675000000000000000e+03,2.000000000000000000e+03,-3.124042430302464091e+00,1.886206312253435602e+00,-1.409284284136718801e+00
1.633599999999999852e+01,1.675000000000000000e+03,2.000000000000000000e+03,-3.120344261707419520e+00,1.888451923507745711e+00,-1.410037629187482100e+00
1.635300000000000153e+01,1.675000000000000000e+03,2.000000000000000000e+03,-3.120344261707419520e+00,1.888451923507745711e+00,-1.410037629187482100e+00
1.637000000000000099e+01,1.675000000000000000e+03,2.000000000000000000e+03,-3.116927678780049504e+00,1.889331642456019367e+00,-1.421102857236446138e+00
1.638700000000000045e+01,1.675000000000000000e+03,2.000000000000000000e+03,-3.116927678780049504e+00,1.889331642456019367e+00,-1.421102857236446138e+00
1.640399999999999991e+01,1.675000000000000000e+03,2.000000000000000000e+03,-3.113511408815097248e+00,1.890212366128689148e+00,-1.426168806363975694e+00
1.642099999999999937e+01,1.675000000000000000e+03,2.000000000000000000e+03,-3.105897558395628977e+00,1.891855192086111082e+00,-1.442689540742958743e+00
1.643799999999999883e+01,1.675000000000000000e+03,2.000000000000000000e+03,-3.100919130141065239e+00,1.892496212875258266e+00,-1.458581723122614360e+00
1.645599999999999952e+01,1.675000000000000000e+03,2.000000000000000000e+03,-3.098778888067160064e+00,1.894995007638030415e+00,-1.453837803729346900e+00
1.647299999999999898e+01,1.675000000000000000e+03,2.000000000000000000e+03,-3.098778888067160064e+00,1.894995007638030415e+00,-1.453837803729346900e+00
1.648999999999999844e+01,1.675000000000000000e+03,2.000000000000000000e+03,-3.094091057003550027e+00,1.894267339788779481e+00,-1.469383508955403261e+00
1.650700000000000145e+01,1.675000000000000000e+03,2.000000000000000000e+03,-3.089313697213571519e+00,1.897777971414824183e+00,-1.476522172513961229e+00
1.652400000000000091e+01,1.675000000000000000e+03,2.000000000000000000e+03,-3.086191205587266673e+00,1.897293853394780960e+00,-1.477278783490705516e+00
1.654100000000000037e+01,1.675000000000000000e+03,2.000000000000000000e+03,-3.078099358240359962e+00,1.897459657147514189e+00,-1.494136716005979304e+00
1.655799999999999983e+01,1.675000000000000000e+03,2.000000000000000000e+03,-3.078099358240359962e+00,1.897459657147514189e+00,-1.494136716005979304e+00
1.657499999999999929e+01,1.675000000000000000e+03,2.000000000000000000e+03,-3.078099358240359962e+00,1.897459657147514189e+00,-1.494136716005979304e+00
1.659199999999999875e+01,1.675000000000000000e+03,2.000000000000000000e+03,-3.052665557255731965e+00,1.903479143919545979e+00,-1.530758991440515970e+00
1.660900000000000176e+01,1.675000000000000000e+03,2.000000000000000000e+03,-3.052665557255731965e+00,1.903479143919545979e+00,-1.530758991440515970e+00
1.662600000000000122e+01,1.675000000000000000e+03,2.000000000000000000e+03,-3.044597914378627479e+00,1.903661423990965051e+00,-1.547866828820846363e+00
1.664300000000000068e+01,1.675000000000000000e+03,2.000000000000000000e+03,-3.041659191603652168e+00,1.906056967264608826e+00,-1.540787878451970405e+00
1.666000000000000014e+01,1.675000000000000000e+03,2.000000000000000000e+03,-3.041659191603652168e+00,1.906056967264608826e+00,-1.540787878451970405e+00
1.667800000000000082e+01,1.675000000000000000e+03,2.000000000000000000e+03,-3.041659191603652168e+00,1.906056967264608826e+00,-1.540787878451970405e+00
1.669500000000000028e+01,1.675000000000000000e+03,2.000000000000000000e+03,-3.037942366734998068e+00,1.908336185954354391e+00,-1.564598887506889469e+00
1.671300000000000097e+01,1.675000000000000000e+03,2.000000000000000000e+03,-3.032514485631407020e+00,1.907503097038140805e+00,-1.566098710486195200e+00
1.673000000000000043e+01,1.675000000000000000e+03,2.000000000000000000e+03,-3.028641166251038186e+00,1.906909598311079534e+00,-1.566848264442824767e+00
1.674800000000000111e+01,1.675000000000000000e+03,2.000000000000000000e+03,-3.024922858082647714e+00,1.909191618283532677e+00,-1.583314507453092546e+00
1.676500000000000057e+01,1.675000000000000000e+03,2.000000000000000000e+03,-3.020279297992644274e+00,1.908481095119156201e+00,-1.599837172502641014e+00
1.678300000000000125e+01,1.675000000000000000e+03,2.000000000000000000e+03,-3.012693066905566042e+00,1.910175174193490921e+00,-1.617148216500587043e+00
1.680000000000000071e+01,1.675000000000000000e+03,2.000000000000000000e+03,-3.012693066905566042e+00,1.910175174193490921e+00,-1.617148216500587043e+00
1.681700000000000017e+01,1.675000000000000000e+03,2.000000000000000000e+03,-3.003881295240859561e+00,1.910258439474000092e+00,-1.629127782917666467e+00
1.683399999999999963e+01,1.675000000000000000e+03,2.000000000000000000e+03,-2.999705345381594057e+00,1.911050033280068838e+00,-1.629865777006540339e+00
1.685099999999999909e+01,1.675000000000000000e+03,2.000000000000000000e+03,-2.995530019413259915e+00,1.911842739574077132e+00,-1.646924647042917300e+00
1.686899999999999977e+01,1.675000000000000000e+03,2.000000000000000000e+03,-2.995530019413259915e+00,1.911842739574077132e+00,-1.646924647042917300e+00
1.688599999999999923e+01,1.675000000000000000e+03,2.000000000000000000e+03,-2.995530019413259915e+00,1.911842739574077132e+00,-1.646924647042917300e+00
1.690299999999999869e+01,1.675000000000000000e+03,2.000000000000000000e+03,-2.988273680746151406e+00,1.912168362286197798e+00,-1.664735478483760023e+00
1.692000000000000171e+01,1.675000000000000000e+03,2.000000000000000000e+03,-2.983331311848526290e+00,1.912847041981000196e+00,-1.649857694787084217e+00
1.693700000000000117e+01,1.675000000000000000e+03,2.000000000000000000e+03,-2.979159617217909339e+00,1.913643732536451036e+00,-1.655697649076974809e+00
1.695400000000000063e+01,1.675000000000000000e+03,2.000000000000000000e+03,-2.979159617217909339e+00,1.913643732536451036e+00,-1.655697649076974809e+00
1.697100000000000009e+01,1.675000000000000000e+03,2.000000000000000000e+03,-2.975757475229568794e+00,1.914558017279417879e+00,-1.656428786721738877e+00
1.698799999999999955e+01,1.675000000000000000e+03,2.000000000000000000e+03,-2.971145214263079648e+00,1.913859645505349594e+00,-1.673021546270198723e+00
1.700499999999999901e+01,1.675000000000000000e+03,2.000000000000000000e+03,-2.966976417897226437e+00,1.914659154054917600e+00,-1.689620832799767269e+00
1.702199999999999847e+01,1.675000000000000000e+03,2.000000000000000000e+03,-2.962370500006064944e+00,1.913963286510984130e+00,-1.690342139659028575e+00
1.703999999999999915e+01,1.675000000000000000e+03,2.000000000000000000e+03,-2.958971363117946396e+00,1.914880367215836543e+00,-1.706933217257603275e+00
1.705699999999999861e+01,1.675000000000000000e+03,2.000000000000000000e+03,-2.955137464708759154e+00,1.914302181361582367e+00,-1.707648847980356210e+00
1.707400000000000162e+01,1.675000000000000000e+03,2.000000000000000000e+03,-2.955137464708759154e+00,1.914302181361582367e+00,-1.707648847980356210e+00
1.709100000000000108e+01,1.675000000000000000e+03,2.000000000000000000e+03,-2.951306422652399064e+00,1.913725157362053952e+00,-1.724221596398169298e+00
1.710800000000000054e+01,1.675000000000000000e+03,2.000000000000000000e+03,-2.929989174671258301e+00,1.913384151484515794e+00,-1.744286238496647989e+00
1.712600000000000122e+01,1.675000000000000000e+03,2.000000000000000000e+03,-2.925411217054181279e+00,1.912699327188828846e+00,-1.760772587516561849e+00
1.714300000000000068e+01,1.675000000000000000e+03,2.000000000000000000e+03,-2.921257366186218007e+00,1.913507680550066148e+00,-1.761468017952113607e+00
1.716000000000000014e+01,1.675000000000000000e+03,2.000000000000000000e+03,-2.918628092152161457e+00,1.914544649578718616e+00,-1.762163178814041720e+00
1.717599999999999838e+01,1.675000000000000000e+03,2.000000000000000000e+03,-2.914056768509057260e+00,1.913862288144624113e+00,-1.778593450133611364e+00
1.719300000000000139e+01,1.675000000000000000e+03,2.000000000000000000e+03,-2.910250338033653961e+00,1.913294853568549669e+00,-1.779281408055253699e+00
1.721000000000000085e+01,1.675000000000000000e+03,2.000000000000000000e+03,-2.904925902773297430e+00,1.912502263994007023e+00,-1.780656512453374418e+00
1.722800000000000153e+01,1.675000000000000000e+03,2.000000000000000000e+03,-2.904925902773297430e+00,1.912502263994007023e+00,-1.780656512453374418e+00
1.724500000000000099e+01,1.675000000000000000e+03,2.000000000000000000e+03,-2.896569629449313510e+00,1.911261012145360816e+00,-1.812418220340529462e+00
1.726300000000000168e+01,1.675000000000000000e+03,2.000000000000000000e+03,-2.893592743388764710e+00,1.913676391059822901e+00,-1.798372698342227016e+00
1.728000000000000114e+01,1.675000000000000000e+03,2.000000000000000000e+03,-2.893592743388764710e+00,1.913676391059822901e+00,-1.798372698342227016e+00
1.729700000000000060e+01,1.675000000000000000e+03,2.000000000000000000e+03,-2.888632775100124839e+00,1.911512377267730045e+00,-1.829769547499774829e+00
1.731400000000000006e+01,1.675000000000000000e+03,2.000000000000000000e+03,-2.880298762950990188e+00,1.910279723508798266e+00,-1.847021903466867565e+00
1.733200000000000074e+01,1.675000000000000000e+03,2.000000000000000000e+03,-2.880298762950990188e+00,1.910279723508798266e+00,-1.847021903466867565e+00
1.734900000000000020e+01,1.675000000000000000e+03,2.000000000000000000e+03,-2.877673312202235323e+00,1.911319221296366777e+00,-1.847677454834891542e+00
1.736499999999999844e+01,1.675000000000000000e+03,2.000000000000000000e+03,-2.877673312202235323e+00,1.911319221296366777e+00,-1.847677454834891542e+00
1.738299999999999912e+01,1.675000000000000000e+03,2.000000000000000000e+03,-2.869353113480667794e+00,1.910091789561392694e+00,-1.864812389442056739e+00
1.739999999999999858e+01,1.675000000000000000e+03,2.000000000000000000e+03,-2.859176211483628105e+00,1.910020786527423020e+00,-1.866750613445894658e+00
1.741799999999999926e+01,1.675000000000000000e+03,2.000000000000000000e+03,-2.859176211483628105e+00,1.910020786527423020e+00,-1.866750613445894658e+00
1.743499999999999872e+01,1.675000000000000000e+03,2.000000000000000000e+03,-2.856551593973499337e+00,1.911062028282534797e+00,-1.867396166331578566e+00
1.745200000000000173e+01,1.675000000000000000e+03,2.000000000000000000e+03,-2.856551593973499337e+00,1.911062028282534797e+00,-1.867396166331578566e+00
1.746900000000000119e+01,1.675000000000000000e+03,2.000000000000000000e+03,-2.852025934523828354e+00,1.910397218072163561e+00,-1.883740097263717495e+00
1.748600000000000065e+01,1.675000000000000000e+03,2.000000000000000000e+03,-2.852025934523828354e+00,1.910397218072163561e+00,-1.883740097263717495e+00
1.750300000000000011e+01,1.675000000000000000e+03,2.000000000000000000e+03,-2.848257368556163627e+00,1.909844297995158424e+00,-1.884376451149878395e+00
1.751999999999999957e+01,1.675000000000000000e+03,2.000000000000000000e+03,-2.839589229038920415e+00,1.907149750166965418e+00,-1.918612008463117968e+00
1.753600000000000136e+01,1.675000000000000000e+03,2.000000000000000000e+03,-2.839589229038920415e+00,1.907149750166965418e+00,-1.918612008463117968e+00
1.755300000000000082e+01,1.675000000000000000e+03,2.000000000000000000e+03,-2.831705838054217494e+00,1.907423045785042959e+00,-1.935654177142227983e+00
1.757100000000000151e+01,1.675000000000000000e+03,2.000000000000000000e+03,-2.826079726724182617e+00,1.908027284776639743e+00,-1.936866187465002387e+00
1.758800000000000097e+01,1.675000000000000000e+03,2.000000000000000000e+03,-2.806593740157549810e+00,1.905193847356423387e+00,-1.990223089815965629e+00
1.760500000000000043e+01,1.675000000000000000e+03,2.000000000000000000e+03,-2.806593740157549810e+00,1.905193847356423387e+00,-1.990223089815965629e+00
1.762199999999999989e+01,1.675000000000000000e+03,2.000000000000000000e+03,-2.800988670755684584e+00,1.902959751075953498e+00,-1.987723234680576656e+00
1.763899999999999935e+01,1.675000000000000000e+03,2.000000000000000000e+03,-2.798000702232513071e+00,1.902527632275823333e+00,-1.988296960621480647e+00
1.765700000000000003e+01,1.675000000000000000e+03,2.000000000000000000e+03,-2.793521654834500101e+00,1.901880539348875576e+00,-1.988870467727842817e+00
1.767399999999999949e+01,1.675000000000000000e+03,2.000000000000000000e+03,-2.786064285458805578e+00,1.900804921752484056e+00,-2.005195592054241249e+00
1.769099999999999895e+01,1.675000000000000000e+03,2.000000000000000000e+03,-2.782339196113742918e+00,1.900268447118613757e+00,-2.025481141966831267e+00
1.770899999999999963e+01,1.675000000000000000e+03,2.000000000000000000e+03,-2.782339196113742918e+00,1.900268447118613757e+00,-2.025481141966831267e+00
1.772599999999999909e+01,1.675000000000000000e+03,2.000000000000000000e+03,-2.778616492021209528e+00,1.899732854734197396e+00,-2.041307320004531078e+00
1.774299999999999855e+01,1.675000000000000000e+03,2.000000000000000000e+03,-2.773408697080971930e+00,1.898984497402571137e+00,-2.027126555730436319e+00
1.776000000000000156e+01,1.675000000000000000e+03,2.000000000000000000e+03,-2.768948562578735562e+00,1.898344405205554253e+00,-2.042919859630007107e+00
1.777700000000000102e+01,1.675000000000000000e+03,2.000000000000000000e+03,-2.765977024070578327e+00,1.897918368177140103e+00,-2.043456993618901318e+00
1.779500000000000171e+01,1.675000000000000000e+03,2.000000000000000000e+03,-2.765977024070578327e+00,1.897918368177140103e+00,-2.043456993618901318e+00
1.781200000000000117e+01,1.675000000000000000e+03,2.000000000000000000e+03,-2.761169029735477842e+00,1.895813096791830521e+00,-2.064872333432951734e+00
1.782900000000000063e+01,1.675000000000000000e+03,2.000000000000000000e+03,-2.757850470173075053e+00,1.893923376462454566e+00,-2.074737994475480463e+00
1.784600000000000009e+01,1.675000000000000000e+03,2.000000000000000000e+03,-2.754145889206188080e+00,1.893394629416833119e+00,-2.075252518506132127e+00
1.786299999999999955e+01,1.675000000000000000e+03,2.000000000000000000e+03,-2.749703451396367626e+00,1.892761241819405083e+00,-2.075766873715012562e+00
1.787999999999999901e+01,1.675000000000000000e+03,2.000000000000000000e+03,-2.746743673875445158e+00,1.892339651418174729e+00,-2.076281057720420709e+00
1.789699999999999847e+01,1.675000000000000000e+03,2.000000000000000000e+03,-2.746743673875445158e+00,1.892339651418174729e+00,-2.076281057720420709e+00
1.791400000000000148e+01,1.675000000000000000e+03,2.000000000000000000e+03,-2.742306768869299916e+00,1.891708261400470548e+00,-2.112956076130752425e+00
1.793100000000000094e+01,1.675000000000000000e+03,2.000000000000000000e+03,-2.734181007539381980e+00,1.890553789966439968e+00,-2.128592911156459433e+00
1.794800000000000040e+01,1.675000000000000000e+03,2.000000000000000000e+03,-2.734181007539381980e+00,1.890553789966439968e+00,-2.128592911156459433e+00
1.796499999999999986e+01,1.675000000000000000e+03,2.000000000000000000e+03,-2.729753421156912108e+00,1.889925741236497814e+00,-2.114902243414635841e+00
1.798199999999999932e+01,1.675000000000000000e+03,2.000000000000000000e+03,-2.723916189735470006e+00,1.886278471596169126e+00,-2.144787670794003898e+00
1.799899999999999878e+01,1.675000000000000000e+03,2.000000000000000000e+03,-2.723916189735470006e+00,1.886278471596169126e+00,-2.144787670794003898e+00
1.801599999999999824e+01,1.675000000000000000e+03,2.000000000000000000e+03,-2.718763430744525422e+00,1.885550595194719126e+00,-2.159487516816651631e+00
1.803399999999999892e+01,1.675000000000000000e+03,2.000000000000000000e+03,-2.718763430744525422e+00,1.885550595194719126e+00,-2.159487516816651631e+00
1.805199999999999960e+01,1.675000000000000000e+03,2.000000000000000000e+03,-2.711409958463709913e+00,1.884513459057000517e+00,-2.146640391463166431e+00
1.806899999999999906e+01,1.675000000000000000e+03,2.000000000000000000e+03,-2.711409958463709913e+00,1.884513459057000517e+00,-2.146640391463166431e+00
1.808599999999999852e+01,1.675000000000000000e+03,2.000000000000000000e+03,-2.703406800739917681e+00,1.880574824606801698e+00,-2.176082226661901320e+00
1.810300000000000153e+01,1.675000000000000000e+03,2.000000000000000000e+03,-2.703406800739917681e+00,1.880574824606801698e+00,-2.176082226661901320e+00
1.812199999999999989e+01,1.675000000000000000e+03,2.000000000000000000e+03,-2.688110364866261648e+00,1.875625981218225657e+00,-2.201107068762452990e+00
1.813899999999999935e+01,1.675000000000000000e+03,2.000000000000000000e+03,-2.683725500473536307e+00,1.875013734202482851e+00,-2.215361541187798267e+00
1.815599999999999881e+01,1.675000000000000000e+03,2.000000000000000000e+03,-2.683725500473536307e+00,1.875013734202482851e+00,-2.215361541187798267e+00
1.817200000000000060e+01,1.675000000000000000e+03,2.000000000000000000e+03,-2.679435670349570309e+00,1.871616378086416344e+00,-2.229759957698372208e+00
1.819000000000000128e+01,1.675000000000000000e+03,2.000000000000000000e+03,-2.676518243336707403e+00,1.871210398037649103e+00,-2.230159159635788146e+00
1.820599999999999952e+01,1.675000000000000000e+03,2.000000000000000000e+03,-2.669230685208716203e+00,1.870197495672989874e+00,-2.230957401880854007e+00
1.822400000000000020e+01,1.675000000000000000e+03,2.000000000000000000e+03,-2.663821936799745327e+00,1.868050456681831228e+00,-2.255574784952775413e+00
1.824200000000000088e+01,1.675000000000000000e+03,2.000000000000000000e+03,-2.663821936799745327e+00,1.868050456681831228e+00,-2.255574784952775413e+00
1.825900000000000034e+01,1.675000000000000000e+03,2.000000000000000000e+03,-2.660601730742672810e+00,1.866209259907263274e+00,-2.245873788398527360e+00
1.827599999999999980e+01,1.675000000000000000e+03,2.000000000000000000e+03,-2.660601730742672810e+00,1.866209259907263274e+00,-2.245873788398527360e+00
1.829299999999999926e+01,1.675000000000000000e+03,2.000000000000000000e+03,-2.654173104931296656e+00,1.862534447819265804e+00,-2.270481089189847701e+00
1.830999999999999872e+01,1.675000000000000000e+03,2.000000000000000000e+03,-2.654173104931296656e+00,1.862534447819265804e+00,-2.270481089189847701e+00
1.832700000000000173e+01,1.675000000000000000e+03,2.000000000000000000e+03,-2.649096310995835868e+00,1.861834361591082843e+00,-2.283986290093678040e+00
1.834400000000000119e+01,1.675000000000000000e+03,2.000000000000000000e+03,-2.645892245214377603e+00,1.860002363485495636e+00,-2.273772558595853255e+00
1.836100000000000065e+01,1.675000000000000000e+03,2.000000000000000000e+03,-2.645892245214377603e+00,1.860002363485495636e+00,-2.273772558595853255e+00
1.837800000000000011e+01,1.675000000000000000e+03,2.000000000000000000e+03,-2.638351264957009334e+00,1.857576657214289106e+00,-2.285817963282570808e+00
1.839499999999999957e+01,1.675000000000000000e+03,2.000000000000000000e+03,-2.632991258266242252e+00,1.855453980264929470e+00,-2.323698978033845286e+00
1.841199999999999903e+01,1.675000000000000000e+03,2.000000000000000000e+03,-2.632991258266242252e+00,1.855453980264929470e+00,-2.323698978033845286e+00
1.842899999999999849e+01,1.675000000000000000e+03,2.000000000000000000e+03,-2.627342517676667821e+00,1.851910033131390687e+00,-2.312758140537175322e+00
1.844600000000000151e+01,1.675000000000000000e+03,2.000000000000000000e+03,-2.627342517676667821e+00,1.851910033131390687e+00,-2.312758140537175322e+00
1.846300000000000097e+01,1.675000000000000000e+03,2.000000000000000000e+03,-2.627342517676667821e+00,1.851910033131390687e+00,-2.312758140537175322e+00
1.848100000000000165e+01,1.675000000000000000e+03,2.000000000000000000e+03,-2.622721692437457452e+00,1.849895666242103776e+00,-2.325419090639188280e+00
1.849800000000000111e+01,1.675000000000000000e+03,2.000000000000000000e+03,-2.618107462436153998e+00,1.847884752357604743e+00,-2.326546791893251864e+00
1.851500000000000057e+01,1.675000000000000000e+03,2.000000000000000000e+03,-2.614218725562484913e+00,1.845975003639028333e+00,-2.351408273416423000e+00
1.853300000000000125e+01,1.675000000000000000e+03,2.000000000000000000e+03,-2.606456514401600977e+00,1.842164192698089842e+00,-2.340011020177021894e+00
1.855000000000000071e+01,1.675000000000000000e+03,2.000000000000000000e+03,-2.603730067784620239e+00,1.839042824223604988e+00,-2.364830174718550282e+00
1.856700000000000017e+01,1.675000000000000000e+03,2.000000000000000000e+03,-2.599430813412321850e+00,1.838461660656655283e+00,-2.353354497905075782e+00
1.858399999999999963e+01,1.675000000000000000e+03,2.000000000000000000e+03,-2.599430813412321850e+00,1.838461660656655283e+00,-2.353354497905075782e+00
1.860099999999999909e+01,1.675000000000000000e+03,2.000000000000000000e+03,-2.599430813412321850e+00,1.838461660656655283e+00,-2.353354497905075782e+00
1.861799999999999855e+01,1.675000000000000000e+03,2.000000000000000000e+03,-2.574347508423281639e+00,1.824135690017043565e+00,-2.416598657370249814e+00
1.863599999999999923e+01,1.675000000000000000e+03,2.000000000000000000e+03,-2.574347508423281639e+00,1.824135690017043565e+00,-2.416598657370249814e+00
1.865399999999999991e+01,1.675000000000000000e+03,2.000000000000000000e+03,-2.566693044598912010e+00,1.820388444184839916e+00,-2.431880252169729584e+00
1.867099999999999937e+01,1.675000000000000000e+03,2.000000000000000000e+03,-2.566693044598912010e+00,1.820388444184839916e+00,-2.431880252169729584e+00
1.868799999999999883e+01,1.675000000000000000e+03,2.000000000000000000e+03,-2.563312940833269771e+00,1.817217554725671924e+00,-2.465422093285995153e+00
1.870499999999999829e+01,1.675000000000000000e+03,2.000000000000000000e+03,-2.560476133914415087e+00,1.816840582751303224e+00,-2.465642488771901508e+00
1.872200000000000131e+01,1.675000000000000000e+03,2.000000000000000000e+03,-2.557373138003769864e+00,1.815070115765274217e+00,-2.502218932977824828e+00
1.873999999999999844e+01,1.675000000000000000e+03,2.000000000000000000e+03,-2.551885365486229684e+00,1.811629669168326018e+00,-2.466723156910131109e+00
1.875700000000000145e+01,1.675000000000000000e+03,2.000000000000000000e+03,-2.551885365486229684e+00,1.811629669168326018e+00,-2.466723156910131109e+00
1.877400000000000091e+01,1.675000000000000000e+03,2.000000000000000000e+03,-2.549499491937705642e+00,1.809959293523494939e+00,-2.503213640682815377e+00
1.879100000000000037e+01,1.675000000000000000e+03,2.000000000000000000e+03,-2.546672571365891979e+00,1.809585770999559529e+00,-2.503406580116139590e+00
1.880799999999999983e+01,1.675000000000000000e+03,2.000000000000000000e+03,-2.543585183625333368e+00,1.807824865226448807e+00,-2.539971475686030100e+00
1.882499999999999929e+01,1.675000000000000000e+03,2.000000000000000000e+03,-2.535753240218662441e+00,1.802740860203198903e+00,-2.531000418276842634e+00
1.884199999999999875e+01,1.675000000000000000e+03,2.000000000000000000e+03,-2.535753240218662441e+00,1.802740860203198903e+00,-2.531000418276842634e+00
1.885900000000000176e+01,1.675000000000000000e+03,2.000000000000000000e+03,-2.530758937316350377e+00,1.798043137857621154e+00,-2.515590098493766913e+00
1.887600000000000122e+01,1.675000000000000000e+03,2.000000000000000000e+03,-2.530758937316350377e+00,1.798043137857621154e+00,-2.515590098493766913e+00
1.889399999999999835e+01,1.675000000000000000e+03,2.000000000000000000e+03,-2.528649749911753286e+00,1.797766877439249900e+00,-2.525568189329558511e+00
1.891199999999999903e+01,1.675000000000000000e+03,2.000000000000000000e+03,-2.522775530015343826e+00,1.795653490928170726e+00,-2.561315422496484473e+00
1.892899999999999849e+01,1.675000000000000000e+03,2.000000000000000000e+03,-2.522775530015343826e+00,1.795653490928170726e+00,-2.561315422496484473e+00
1.894600000000000151e+01,1.675000000000000000e+03,2.000000000000000000e+03,-2.515008583586152202e+00,1.790613201886418260e+00,-2.562172102022134634e+00
1.896300000000000097e+01,1.675000000000000000e+03,2.000000000000000000e+03,-2.515008583586152202e+00,1.790613201886418260e+00,-2.562172102022134634e+00
1.898000000000000043e+01,1.675000000000000000e+03,2.000000000000000000e+03,-2.511710233449647944e+00,1.787505234834202650e+00,-2.588612691946001743e+00
1.899699999999999989e+01,1.675000000000000000e+03,2.000000000000000000e+03,-2.511710233449647944e+00,1.787505234834202650e+00,-2.588612691946001743e+00
1.901399999999999935e+01,1.675000000000000000e+03,2.000000000000000000e+03,-2.507719226214747632e+00,1.784312710261520607e+00,-2.563027371341381144e+00
1.903099999999999881e+01,1.675000000000000000e+03,2.000000000000000000e+03,-2.504679213810609539e+00,1.782583284217500008e+00,-2.589404772173394598e+00
1.904799999999999827e+01,1.675000000000000000e+03,2.000000000000000000e+03,-2.496973330828655691e+00,1.777587835888267964e+00,-2.590195717058668912e+00
1.906500000000000128e+01,1.675000000000000000e+03,2.000000000000000000e+03,-2.496973330828655691e+00,1.777587835888267964e+00,-2.590195717058668912e+00
1.908200000000000074e+01,1.675000000000000000e+03,2.000000000000000000e+03,-2.491378187588692228e+00,1.772877953042220067e+00,-2.599916225434945272e+00
1.909900000000000020e+01,1.675000000000000000e+03,2.000000000000000000e+03,-2.491378187588692228e+00,1.772877953042220067e+00,-2.599916225434945272e+00
1.911599999999999966e+01,1.675000000000000000e+03,2.000000000000000000e+03,-2.491378187588692228e+00,1.772877953042220067e+00,-2.599916225434945272e+00
1.913299999999999912e+01,1.675000000000000000e+03,2.000000000000000000e+03,-2.471692393220429551e+00,1.757134583839047082e+00,-2.670989534937610710e+00
1.914999999999999858e+01,1.675000000000000000e+03,2.000000000000000000e+03,-2.465250546667905329e+00,1.751057102558564171e+00,-2.679431064174909949e+00
1.916799999999999926e+01,1.675000000000000000e+03,2.000000000000000000e+03,-2.462493284360530055e+00,1.750707817108276387e+00,-2.679512397259416812e+00
1.918499999999999872e+01,1.675000000000000000e+03,2.000000000000000000e+03,-2.462493284360530055e+00,1.750707817108276387e+00,-2.679512397259416812e+00
1.920200000000000173e+01,1.675000000000000000e+03,2.000000000000000000e+03,-2.458370265868356164e+00,1.746253496961117424e+00,-2.680010751623759013e+00
1.921900000000000119e+01,1.675000000000000000e+03,2.000000000000000000e+03,-2.456544155448326272e+00,1.743406234319269110e+00,-2.706320149322408941e+00
1.923699999999999832e+01,1.675000000000000000e+03,2.000000000000000000e+03,-2.453571304680317589e+00,1.741724870188610996e+00,-2.680508200976691402e+00
1.925499999999999901e+01,1.675000000000000000e+03,2.000000000000000000e+03,-2.453571304680317589e+00,1.741724870188610996e+00,-2.680508200976691402e+00
1.927199999999999847e+01,1.675000000000000000e+03,2.000000000000000000e+03,-2.446728786918662024e+00,1.736951047775166401e+00,-2.681086872166591473e+00
1.928900000000000148e+01,1.675000000000000000e+03,2.000000000000000000e+03,-2.443547936707039181e+00,1.733948531976636342e+00,-2.714713972625289795e+00
1.930600000000000094e+01,1.675000000000000000e+03,2.000000000000000000e+03,-2.443547936707039181e+00,1.733948531976636342e+00,-2.714713972625289795e+00
1.932300000000000040e+01,1.675000000000000000e+03,2.000000000000000000e+03,-2.440154752579169362e+00,1.729626126809993725e+00,-2.715150299916593735e+00
1.933999999999999986e+01,1.675000000000000000e+03,2.000000000000000000e+03,-2.437886834811019199e+00,1.728045756937436117e+00,-2.715150299916593735e+00
1.935699999999999932e+01,1.675000000000000000e+03,2.000000000000000000e+03,-2.435621207783144282e+00,1.726467084757469017e+00,-2.741432844351925358e+00
1.937500000000000000e+01,1.675000000000000000e+03,2.000000000000000000e+03,-2.432031142741233776e+00,1.720845616914626230e+00,-2.748716479658208200e+00
1.939199999999999946e+01,1.675000000000000000e+03,2.000000000000000000e+03,-2.432031142741233776e+00,1.720845616914626230e+00,-2.748716479658208200e+00
1.940899999999999892e+01,1.675000000000000000e+03,2.000000000000000000e+03,-2.429305793396388857e+00,1.720507318587115808e+00,-2.748762164747809322e+00
1.942599999999999838e+01,1.675000000000000000e+03,2.000000000000000000e+03,-2.425944511304734874e+00,1.716220530068085726e+00,-2.749138698819991511e+00
1.944300000000000139e+01,1.675000000000000000e+03,2.000000000000000000e+03,-2.424161392702610662e+00,1.713424772545578012e+00,-2.775283453581592674e+00
1.946000000000000085e+01,1.675000000000000000e+03,2.000000000000000000e+03,-2.420344727711151833e+00,1.710382494888720739e+00,-2.749514737321746782e+00
1.947700000000000031e+01,1.675000000000000000e+03,2.000000000000000000e+03,-2.420344727711151833e+00,1.710382494888720739e+00,-2.749514737321746782e+00
1.949399999999999977e+01,1.675000000000000000e+03,2.000000000000000000e+03,-2.418099983764452343e+00,1.708821868899002894e+00,-2.782070526092906615e+00
1.951200000000000045e+01,1.675000000000000000e+03,2.000000000000000000e+03,-2.418099983764452343e+00,1.708821868899002894e+00,-2.782070526092906615e+00
1.953000000000000114e+01,1.675000000000000000e+03,2.000000000000000000e+03,-2.413880371149661919e+00,1.703176946715552642e+00,-2.775976062557085289e+00
1.954700000000000060e+01,1.675000000000000000e+03,2.000000000000000000e+03,-2.406768740416153740e+00,1.695920788803643831e+00,-2.808691867549498955e+00
1.956400000000000006e+01,1.675000000000000000e+03,2.000000000000000000e+03,-2.406768740416153740e+00,1.695920788803643831e+00,-2.808691867549498955e+00
1.958099999999999952e+01,1.675000000000000000e+03,2.000000000000000000e+03,-2.403865894513785406e+00,1.694292438965229852e+00,-2.814667210783989404e+00
1.959799999999999898e+01,1.675000000000000000e+03,2.000000000000000000e+03,-2.403865894513785406e+00,1.694292438965229852e+00,-2.814667210783989404e+00
1.961499999999999844e+01,1.675000000000000000e+03,2.000000000000000000e+03,-2.381691249009656008e+00,1.670100526507949379e+00,-2.872414275038431608e+00
1.963200000000000145e+01,1.675000000000000000e+03,2.000000000000000000e+03,-2.381691249009656008e+00,1.670100526507949379e+00,-2.872414275038431608e+00
1.964900000000000091e+01,1.675000000000000000e+03,2.000000000000000000e+03,-2.376913059014706064e+00,1.664507672247885317e+00,-2.872578537992426462e+00
1.966700000000000159e+01,1.675000000000000000e+03,2.000000000000000000e+03,-2.376913059014706064e+00,1.664507672247885317e+00,-2.872578537992426462e+00
1.968400000000000105e+01,1.675000000000000000e+03,2.000000000000000000e+03,-2.373673099130038988e+00,1.660365366557522204e+00,-2.872743014890787094e+00
1.970100000000000051e+01,1.675000000000000000e+03,2.000000000000000000e+03,-2.371295682203921285e+00,1.657583192631863600e+00,-2.898315134396824977e+00
1.971799999999999997e+01,1.675000000000000000e+03,2.000000000000000000e+03,-2.371295682203921285e+00,1.657583192631863600e+00,-2.898315134396824977e+00
1.973600000000000065e+01,1.675000000000000000e+03,2.000000000000000000e+03,-2.368922247148500748e+00,1.654805778953530204e+00,-2.872907695273725359e+00
1.978099999999999881e+01,1.675000000000000000e+03,2.000000000000000000e+03,-2.364001067242865517e+00,1.648000728054682895e+00,-2.928436576192303242e+00
1.982300000000000040e+01,1.675000000000000000e+03,2.000000000000000000e+03,-2.364001067242865517e+00,1.648000728054682895e+00,-2.928436576192303242e+00
1.984100000000000108e+01,1.675000000000000000e+03,2.000000000000000000e+03,-2.360977761104773087e+00,1.645161253678680602e+00,-2.928508873831406234e+00
1.985800000000000054e+01,1.675000000000000000e+03,2.000000000000000000e+03,-2.360977761104773087e+00,1.645161253678680602e+00,-2.928508873831406234e+00
1.987800000000000011e+01,1.675000000000000000e+03,2.000000000000000000e+03,-2.359099717033528165e+00,1.641223514536896300e+00,-2.928601996189770240e+00
1.989600000000000080e+01,1.675000000000000000e+03,2.000000000000000000e+03,-2.359099717033528165e+00,1.641223514536896300e+00,-2.928601996189770240e+00
1.991300000000000026e+01,1.675000000000000000e+03,2.000000000000000000e+03,-2.355791182947613915e+00,1.640833778749899441e+00,-2.928581684070728386e+00
1.992999999999999972e+01,1.675000000000000000e+03,2.000000000000000000e+03,-2.349535989542294701e+00,1.629001630001337020e+00,-2.957865061601010037e+00
1.994800000000000040e+01,1.675000000000000000e+03,2.000000000000000000e+03,-2.349535989542294701e+00,1.629001630001337020e+00,-2.957865061601010037e+00
1.996499999999999986e+01,1.675000000000000000e+03,2.000000000000000000e+03,-2.346900464481484150e+00,1.628693619255916936e+00,-2.986248105208161085e+00
1.998199999999999932e+01,1.675000000000000000e+03,2.000000000000000000e+03,-2.342541902028854039e+00,1.620827778320734769e+00,-2.986245928246769932e+00
1.999899999999999878e+01,1.675000000000000000e+03,2.000000000000000000e+03,-2.339385891002745854e+00,1.616794376696946145e+00,-2.982744425993750781e+00
2.001599999999999824e+01,1.675000000000000000e+03,2.000000000000000000e+03,-2.339385891002745854e+00,1.616794376696946145e+00,-2.982744425993750781e+00
2.003399999999999892e+01,1.675000000000000000e+03,2.000000000000000000e+03,-2.338378703593142482e+00,1.614237452068966849e+00,-3.007561388991985662e+00
2.005099999999999838e+01,1.675000000000000000e+03,2.000000000000000000e+03,-2.335408072238774224e+00,1.611457207400704750e+00,-2.982733679752207046e+00
2.006899999999999906e+01,1.675000000000000000e+03,2.000000000000000000e+03,-2.331923877214681973e+00,1.604979269921225082e+00,-3.010654626581680038e+00
2.008599999999999852e+01,1.675000000000000000e+03,2.000000000000000000e+03,-2.329276505220588156e+00,1.599829684881646230e+00,-3.007452483930728171e+00
2.010300000000000153e+01,1.675000000000000000e+03,2.000000000000000000e+03,-2.313900977785170898e+00,1.576446083865609360e+00,-3.061255454975357893e+00
2.012000000000000099e+01,1.675000000000000000e+03,2.000000000000000000e+03,-2.313900977785170898e+00,1.576446083865609360e+00,-3.061255454975357893e+00
2.013700000000000045e+01,1.675000000000000000e+03,2.000000000000000000e+03,-2.313900977785170898e+00,1.576446083865609360e+00,-3.061255454975357893e+00
2.015500000000000114e+01,1.675000000000000000e+03,2.000000000000000000e+03,-2.310975122059509612e+00,1.568966441174753257e+00,-3.084882751721388150e+00
2.017200000000000060e+01,1.675000000000000000e+03,2.000000000000000000e+03,-2.310975122059509612e+00,1.568966441174753257e+00,-3.084882751721388150e+00
2.018900000000000006e+01,1.675000000000000000e+03,2.000000000000000000e+03,-2.307904895758022601e+00,1.565058024420808991e+00,-3.084728065008100373e+00
2.020599999999999952e+01,1.675000000000000000e+03,2.000000000000000000e+03,-2.305163051777574967e+00,1.558828397769947749e+00,-3.084615865756767050e+00
2.022299999999999898e+01,1.675000000000000000e+03,2.000000000000000000e+03,-2.303394204834980030e+00,1.555087233007637515e+00,-3.086550721488913407e+00
2.023999999999999844e+01,1.675000000000000000e+03,2.000000000000000000e+03,-2.301146947918867536e+00,1.552478686430721400e+00,-3.107960790975004883e+00
2.025700000000000145e+01,1.675000000000000000e+03,2.000000000000000000e+03,-2.301146947918867536e+00,1.552478686430721400e+00,-3.107960790975004883e+00
2.027499999999999858e+01,1.675000000000000000e+03,2.000000000000000000e+03,-2.299385877618240759e+00,1.548751716676967760e+00,-3.107819326121362025e+00
2.029200000000000159e+01,1.675000000000000000e+03,2.000000000000000000e+03,-2.297154907945476943e+00,1.541463692235670813e+00,-3.130976449911761161e+00
2.030900000000000105e+01,1.675000000000000000e+03,2.000000000000000000e+03,-2.297154907945476943e+00,1.541463692235670813e+00,-3.130976449911761161e+00
2.032600000000000051e+01,1.675000000000000000e+03,2.000000000000000000e+03,-2.295403849996771051e+00,1.537760774962681598e+00,-3.130806345035582972e+00
2.034299999999999997e+01,1.675000000000000000e+03,2.000000000000000000e+03,-2.295403849996771051e+00,1.537760774962681598e+00,-3.130806345035582972e+00
2.035999999999999943e+01,1.675000000000000000e+03,2.000000000000000000e+03,-2.291431011311773069e+00,1.531490689895599111e+00,-3.130595899468040511e+00
2.037699999999999889e+01,1.675000000000000000e+03,2.000000000000000000e+03,-2.289054509456617037e+00,1.527740116944362736e+00,-3.131858872479322820e+00
2.039399999999999835e+01,1.675000000000000000e+03,2.000000000000000000e+03,-2.289054509456617037e+00,1.527740116944362736e+00,-3.131858872479322820e+00
2.041100000000000136e+01,1.675000000000000000e+03,2.000000000000000000e+03,-2.289054509456617037e+00,1.527740116944362736e+00,-3.131858872479322820e+00
2.042800000000000082e+01,1.675000000000000000e+03,2.000000000000000000e+03,-2.288745934150062666e+00,1.525383560521043957e+00,3.128575028757948573e+00
2.044500000000000028e+01,1.675000000000000000e+03,2.000000000000000000e+03,-2.285917566496338260e+00,1.518125525457195035e+00,3.106229037706473850e+00
2.046199999999999974e+01,1.675000000000000000e+03,2.000000000000000000e+03,-2.285917566496338260e+00,1.518125525457195035e+00,3.106229037706473850e+00
2.047899999999999920e+01,1.675000000000000000e+03,2.000000000000000000e+03,-2.284672709874155938e+00,1.513372773790726544e+00,3.106454374047695310e+00
2.049599999999999866e+01,1.675000000000000000e+03,2.000000000000000000e+03,-2.284672709874155938e+00,1.513372773790726544e+00,3.106454374047695310e+00
2.051300000000000168e+01,1.675000000000000000e+03,2.000000000000000000e+03,-2.281834336742427638e+00,1.510761318197666014e+00,3.129206969561555862e+00
2.053099999999999881e+01,1.675000000000000000e+03,2.000000000000000000e+03,-2.281834336742427638e+00,1.510761318197666014e+00,3.129206969561555862e+00
2.054799999999999827e+01,1.675000000000000000e+03,2.000000000000000000e+03,-2.279182885434256178e+00,1.504728957635184994e+00,3.106940148728525308e+00
2.056500000000000128e+01,1.675000000000000000e+03,2.000000000000000000e+03,-2.279182885434256178e+00,1.504728957635184994e+00,3.106940148728525308e+00
2.058200000000000074e+01,1.675000000000000000e+03,2.000000000000000000e+03,-2.278101716480179562e+00,1.501174247394327033e+00,3.084673472213419920e+00
2.059900000000000020e+01,1.675000000000000000e+03,2.000000000000000000e+03,-2.277022798005322368e+00,1.497626913820857109e+00,3.084923214024808402e+00
2.061599999999999966e+01,1.675000000000000000e+03,2.000000000000000000e+03,-2.267365757669530080e+00,1.470519415419287768e+00,3.042611204743784992e+00
2.063299999999999912e+01,1.675000000000000000e+03,2.000000000000000000e+03,-2.267365757669530080e+00,1.470519415419287768e+00,3.042611204743784992e+00
2.064999999999999858e+01,1.675000000000000000e+03,2.000000000000000000e+03,-2.267365757669530080e+00,1.470519415419287768e+00,3.042611204743784992e+00
2.066700000000000159e+01,1.675000000000000000e+03,2.000000000000000000e+03,-2.264771171579924136e+00,1.464629575047015742e+00,3.000029319614977208e+00
2.068400000000000105e+01,1.675000000000000000e+03,2.000000000000000000e+03,-2.264771171579924136e+00,1.464629575047015742e+00,3.000029319614977208e+00
2.070200000000000173e+01,1.675000000000000000e+03,2.000000000000000000e+03,-2.263717572107686760e+00,1.461157895023368791e+00,3.000371725577370530e+00
2.071900000000000119e+01,1.675000000000000000e+03,2.000000000000000000e+03,-2.262523661956413079e+00,1.456561702988057760e+00,3.000713156124948267e+00
2.073600000000000065e+01,1.675000000000000000e+03,2.000000000000000000e+03,-2.262238999554641694e+00,1.454300679087867199e+00,2.979863384723248299e+00
2.075300000000000011e+01,1.675000000000000000e+03,2.000000000000000000e+03,-2.260428232563491235e+00,1.449658343928302173e+00,3.001393108157613288e+00
2.077100000000000080e+01,1.675000000000000000e+03,2.000000000000000000e+03,-2.259383731917071536e+00,1.446217222847385298e+00,2.980587388430216755e+00
2.078900000000000148e+01,1.675000000000000000e+03,2.000000000000000000e+03,-2.259383731917071536e+00,1.446217222847385298e+00,2.980587388430216755e+00
2.080600000000000094e+01,1.675000000000000000e+03,2.000000000000000000e+03,-2.257721497838480751e+00,1.442719002538441764e+00,2.980947879514361798e+00
2.082300000000000040e+01,1.675000000000000000e+03,2.000000000000000000e+03,-2.257161185652584834e+00,1.438236433574637818e+00,2.981307369250500550e+00
2.083999999999999986e+01,1.675000000000000000e+03,2.000000000000000000e+03,-2.256741925797753012e+00,1.434882131349962897e+00,2.959784865984843805e+00
2.085699999999999932e+01,1.675000000000000000e+03,2.000000000000000000e+03,-2.255705733334977037e+00,1.431470933695628389e+00,2.960165402950327707e+00
2.087399999999999878e+01,1.675000000000000000e+03,2.000000000000000000e+03,-2.254054599042374374e+00,1.428003465599218202e+00,2.982023362036389180e+00
2.089099999999999824e+01,1.675000000000000000e+03,2.000000000000000000e+03,-2.253639659889591140e+00,1.424669257818599988e+00,2.961583739288624173e+00
2.090800000000000125e+01,1.675000000000000000e+03,2.000000000000000000e+03,-2.252609765494578475e+00,1.421278735789465841e+00,2.960923380164087959e+00
2.092500000000000071e+01,1.675000000000000000e+03,2.000000000000000000e+03,-2.252609765494578475e+00,1.421278735789465841e+00,2.960923380164087959e+00
2.094200000000000017e+01,1.675000000000000000e+03,2.000000000000000000e+03,-2.251307685818753512e+00,1.415684680996473155e+00,2.940953154227174515e+00
2.095899999999999963e+01,1.675000000000000000e+03,2.000000000000000000e+03,-2.251307685818753512e+00,1.415684680996473155e+00,2.940953154227174515e+00
2.097599999999999909e+01,1.675000000000000000e+03,2.000000000000000000e+03,-2.250419519628048093e+00,1.413414868714911066e+00,2.920911284500129046e+00
2.099299999999999855e+01,1.675000000000000000e+03,2.000000000000000000e+03,-2.249396333985038687e+00,1.410047019937524126e+00,2.941349639910984415e+00
2.101000000000000156e+01,1.675000000000000000e+03,2.000000000000000000e+03,-2.248988156675774341e+00,1.406747803105323769e+00,2.941745075314150970e+00
2.102700000000000102e+01,1.675000000000000000e+03,2.000000000000000000e+03,-2.247562465365481099e+00,1.400106934403408054e+00,2.923660494952176947e+00
2.104500000000000171e+01,1.675000000000000000e+03,2.000000000000000000e+03,-2.247562465365481099e+00,1.400106934403408054e+00,2.923660494952176947e+00
2.106200000000000117e+01,1.675000000000000000e+03,2.000000000000000000e+03,-2.247498350941589784e+00,1.394704831735662065e+00,2.902926341778111929e+00
2.107900000000000063e+01,1.675000000000000000e+03,2.000000000000000000e+03,-2.246142410507517173e+00,1.393492102426573620e+00,2.902926341778111929e+00
2.109499999999999886e+01,1.675000000000000000e+03,2.000000000000000000e+03,-2.245605256741763256e+00,1.389137122223766063e+00,2.903355656740533863e+00
2.111199999999999832e+01,1.675000000000000000e+03,2.000000000000000000e+03,-2.245605256741763256e+00,1.389137122223766063e+00,2.903355656740533863e+00
2.112900000000000134e+01,1.675000000000000000e+03,2.000000000000000000e+03,-2.241806588440939052e+00,1.363179635971396575e+00,2.865209738611092849e+00
2.114600000000000080e+01,1.675000000000000000e+03,2.000000000000000000e+03,-2.241620787470081311e+00,1.356825659961794717e+00,2.846947519973682006e+00
2.116400000000000148e+01,1.675000000000000000e+03,2.000000000000000000e+03,-2.241829785266817421e+00,1.353686832131868467e+00,2.845000316675732055e+00
2.118100000000000094e+01,1.675000000000000000e+03,2.000000000000000000e+03,-2.241304575244837061e+00,1.349432648044189609e+00,2.826410263209016005e+00
2.119800000000000040e+01,1.675000000000000000e+03,2.000000000000000000e+03,-2.241304575244837061e+00,1.349432648044189609e+00,2.826410263209016005e+00
2.121600000000000108e+01,1.675000000000000000e+03,2.000000000000000000e+03,-2.240440430269967642e+00,1.347251277037931683e+00,2.829551435819622984e+00
2.123300000000000054e+01,1.675000000000000000e+03,2.000000000000000000e+03,-2.240519287378337943e+00,1.343071434533803288e+00,2.827429138295991962e+00
2.125000000000000000e+01,1.675000000000000000e+03,2.000000000000000000e+03,-2.240337181529879373e+00,1.336791855319368505e+00,2.809775953343523369e+00
2.126800000000000068e+01,1.675000000000000000e+03,2.000000000000000000e+03,-2.240337181529879373e+00,1.336791855319368505e+00,2.809775953343523369e+00
2.128500000000000014e+01,1.675000000000000000e+03,2.000000000000000000e+03,-2.240337181529879373e+00,1.336791855319368505e+00,2.809775953343523369e+00
2.130199999999999960e+01,1.675000000000000000e+03,2.000000000000000000e+03,-2.239895958402588150e+00,1.328435895072513695e+00,2.807921911809068138e+00
2.131899999999999906e+01,1.675000000000000000e+03,2.000000000000000000e+03,-2.239038131788801955e+00,1.326281980978364139e+00,2.789934407148003892e+00
2.133699999999999974e+01,1.675000000000000000e+03,2.000000000000000000e+03,-2.239038131788801955e+00,1.326281980978364139e+00,2.789934407148003892e+00
2.135399999999999920e+01,1.675000000000000000e+03,2.000000000000000000e+03,-2.239038131788801955e+00,1.326281980978364139e+00,2.789934407148003892e+00
2.137199999999999989e+01,1.675000000000000000e+03,2.000000000000000000e+03,-2.239795304317674596e+00,1.318091079990682868e+00,2.791015096835620657e+00
2.139099999999999824e+01,1.675000000000000000e+03,2.000000000000000000e+03,-2.240003812654177917e+00,1.315022451774878753e+00,2.770161398653920859e+00
2.140800000000000125e+01,1.675000000000000000e+03,2.000000000000000000e+03,-2.240003812654177917e+00,1.315022451774878753e+00,2.770161398653920859e+00
2.142500000000000071e+01,1.675000000000000000e+03,2.000000000000000000e+03,-2.239616142078680205e+00,1.311903043384488488e+00,2.774008007373197859e+00
2.144099999999999895e+01,1.675000000000000000e+03,2.000000000000000000e+03,-2.239695465120576934e+00,1.307808904129842187e+00,2.771274635798368635e+00
2.145899999999999963e+01,1.675000000000000000e+03,2.000000000000000000e+03,-2.239982370269967493e+00,1.300681712674577550e+00,2.754514009442575961e+00
2.147599999999999909e+01,1.675000000000000000e+03,2.000000000000000000e+03,-2.239982370269967493e+00,1.300681712674577550e+00,2.754514009442575961e+00
2.149299999999999855e+01,1.675000000000000000e+03,2.000000000000000000e+03,-2.239596429409747458e+00,1.297588784828894504e+00,2.751559519265095233e+00
2.151000000000000156e+01,1.675000000000000000e+03,2.000000000000000000e+03,-2.239675557434502196e+00,1.293529027513725893e+00,2.755649707858214725e+00
2.152700000000000102e+01,1.675000000000000000e+03,2.000000000000000000e+03,-2.240474936020109720e+00,1.290559399621913350e+00,2.735057298138467985e+00
2.154500000000000171e+01,1.675000000000000000e+03,2.000000000000000000e+03,-2.240552916190494237e+00,1.286516326779834962e+00,2.739313808461064426e+00
2.156200000000000117e+01,1.675000000000000000e+03,2.000000000000000000e+03,-2.240502535545330520e+00,1.281462412249432248e+00,2.736222407462228112e+00
2.157999999999999829e+01,1.675000000000000000e+03,2.000000000000000000e+03,-2.240502535545330520e+00,1.281462412249432248e+00,2.736222407462228112e+00
2.159600000000000009e+01,1.675000000000000000e+03,2.000000000000000000e+03,-2.240324442405289052e+00,1.275406861153232541e+00,2.720147878609390890e+00
2.161299999999999955e+01,1.675000000000000000e+03,2.000000000000000000e+03,-2.240324442405289052e+00,1.275406861153232541e+00,2.720147878609390890e+00
2.163100000000000023e+01,1.675000000000000000e+03,2.000000000000000000e+03,-2.242012311174694350e+00,1.256578145500589105e+00,2.682005761801178778e+00
2.164799999999999969e+01,1.675000000000000000e+03,2.000000000000000000e+03,-2.242012311174694350e+00,1.256578145500589105e+00,2.682005761801178778e+00
2.166600000000000037e+01,1.675000000000000000e+03,2.000000000000000000e+03,-2.241960495710894730e+00,1.251613252641711860e+00,2.682687731395112962e+00
2.168299999999999983e+01,1.675000000000000000e+03,2.000000000000000000e+03,-2.241960495710894730e+00,1.251613252641711860e+00,2.682687731395112962e+00
2.169999999999999929e+01,1.675000000000000000e+03,2.000000000000000000e+03,-2.242770396055794091e+00,1.239841124031434649e+00,2.648225195373028473e+00
2.171699999999999875e+01,1.675000000000000000e+03,2.000000000000000000e+03,-2.242770396055794091e+00,1.239841124031434649e+00,2.648225195373028473e+00
2.173400000000000176e+01,1.675000000000000000e+03,2.000000000000000000e+03,-2.243427701848084599e+00,1.235970030575205492e+00,2.648938364623377506e+00
2.175100000000000122e+01,1.675000000000000000e+03,2.000000000000000000e+03,-2.243427701848084599e+00,1.235970030575205492e+00,2.648938364623377506e+00
2.176800000000000068e+01,1.675000000000000000e+03,2.000000000000000000e+03,-2.243501396327822306e+00,1.232055890525511455e+00,2.644912607574128494e+00
2.178600000000000136e+01,1.675000000000000000e+03,2.000000000000000000e+03,-2.244283641164547483e+00,1.229190913564802035e+00,2.629827925170250769e+00
2.180300000000000082e+01,1.675000000000000000e+03,2.000000000000000000e+03,-2.244555723580038631e+00,1.222387602286871378e+00,2.631123642798042894e+00
2.182000000000000028e+01,1.675000000000000000e+03,2.000000000000000000e+03,-2.245207772321440753e+00,1.218556246098338125e+00,2.626908362752012671e+00
2.183699999999999974e+01,1.675000000000000000e+03,2.000000000000000000e+03,-2.245207772321440753e+00,1.218556246098338125e+00,2.626908362752012671e+00
2.185500000000000043e+01,1.675000000000000000e+03,2.000000000000000000e+03,-2.245985581286402244e+00,1.215713892525066342e+00,2.612138702617449848e+00
2.187300000000000111e+01,1.675000000000000000e+03,2.000000000000000000e+03,-2.245985581286402244e+00,1.215713892525066342e+00,2.612138702617449848e+00
2.189099999999999824e+01,1.675000000000000000e+03,2.000000000000000000e+03,-2.245928948252569501e+00,1.210868765460205498e+00,2.612708550071136671e+00
2.190800000000000125e+01,1.675000000000000000e+03,2.000000000000000000e+03,-2.247282605158017255e+00,1.208089838374851510e+00,2.598327850462489597e+00
2.192500000000000071e+01,1.675000000000000000e+03,2.000000000000000000e+03,-2.247478660799649308e+00,1.205214468322791888e+00,2.599082044952675918e+00
2.194200000000000017e+01,1.675000000000000000e+03,2.000000000000000000e+03,-2.247547218620917775e+00,1.201371624374006242e+00,2.594600159802310291e+00
2.195899999999999963e+01,1.675000000000000000e+03,2.000000000000000000e+03,-2.248962718623182866e+00,1.194780272776870156e+00,2.581108465340144154e+00
2.197599999999999909e+01,1.675000000000000000e+03,2.000000000000000000e+03,-2.248962718623182866e+00,1.194780272776870156e+00,2.581108465340144154e+00
2.199299999999999855e+01,1.675000000000000000e+03,2.000000000000000000e+03,-2.250052668534918254e+00,1.190094934870120635e+00,2.562696492759283462e+00
2.201000000000000156e+01,1.675000000000000000e+03,2.000000000000000000e+03,-2.250245408944945069e+00,1.187250372065071780e+00,2.557865987155158116e+00
2.202700000000000102e+01,1.675000000000000000e+03,2.000000000000000000e+03,-2.251331241816481921e+00,1.182585900695230396e+00,2.558650206822792761e+00
2.204400000000000048e+01,1.675000000000000000e+03,2.000000000000000000e+03,-2.251331241816481921e+00,1.182585900695230396e+00,2.558650206822792761e+00
2.206099999999999994e+01,1.675000000000000000e+03,2.000000000000000000e+03,-2.252669634439024904e+00,1.179852288952194961e+00,2.545222360216351287e+00
2.207799999999999940e+01,1.675000000000000000e+03,2.000000000000000000e+03,-2.253938722211211498e+00,1.172388699346191387e+00,2.541024674078046885e+00
2.209600000000000009e+01,1.675000000000000000e+03,2.000000000000000000e+03,-2.253938722211211498e+00,1.172388699346191387e+00,2.541024674078046885e+00
2.211299999999999955e+01,1.675000000000000000e+03,2.000000000000000000e+03,-2.255271154220119367e+00,1.169671267648371593e+00,2.527925995654310309e+00
2.212999999999999901e+01,1.675000000000000000e+03,2.000000000000000000e+03,-2.255271154220119367e+00,1.169671267648371593e+00,2.527925995654310309e+00
2.214699999999999847e+01,1.675000000000000000e+03,2.000000000000000000e+03,-2.259676951869661554e+00,1.152225048794378814e+00,2.506328285207156892e+00
2.216400000000000148e+01,1.675000000000000000e+03,2.000000000000000000e+03,-2.259676951869661554e+00,1.152225048794378814e+00,2.506328285207156892e+00
2.218100000000000094e+01,1.675000000000000000e+03,2.000000000000000000e+03,-2.260868161525542153e+00,1.148597626396083093e+00,2.507144895349244340e+00
2.219900000000000162e+01,1.675000000000000000e+03,2.000000000000000000e+03,-2.262315466490833149e+00,1.146857940698126299e+00,2.488705555822831705e+00
2.221600000000000108e+01,1.675000000000000000e+03,2.000000000000000000e+03,-2.263502087764559079e+00,1.143241873858031887e+00,2.489532957452519568e+00
2.223300000000000054e+01,1.675000000000000000e+03,2.000000000000000000e+03,-2.264118893881156502e+00,1.139586476732606268e+00,2.483972180273175567e+00
2.225000000000000000e+01,1.675000000000000000e+03,2.000000000000000000e+03,-2.267177271651067194e+00,1.133372484597034102e+00,2.472692724819628207e+00
2.226699999999999946e+01,1.675000000000000000e+03,2.000000000000000000e+03,-2.267177271651067194e+00,1.133372484597034102e+00,2.472692724819628207e+00
2.228399999999999892e+01,1.675000000000000000e+03,2.000000000000000000e+03,-2.268789450866243840e+00,1.128901091117716415e+00,2.467266854968924505e+00
2.230099999999999838e+01,1.675000000000000000e+03,2.000000000000000000e+03,-2.269963144617537232e+00,1.125323205321790532e+00,2.468104332312485383e+00
2.231800000000000139e+01,1.675000000000000000e+03,2.000000000000000000e+03,-2.271436921546202914e+00,1.119947575665082518e+00,2.450511664528185030e+00
2.233599999999999852e+01,1.675000000000000000e+03,2.000000000000000000e+03,-2.271436921546202914e+00,1.119947575665082518e+00,2.450511664528185030e+00
2.235399999999999920e+01,1.675000000000000000e+03,2.000000000000000000e+03,-2.273732423993139573e+00,1.116480554509718726e+00,2.444848878685626836e+00
2.237099999999999866e+01,1.675000000000000000e+03,2.000000000000000000e+03,-2.277316565023608241e+00,1.110395551298215100e+00,2.427645814498859522e+00
2.238800000000000168e+01,1.675000000000000000e+03,2.000000000000000000e+03,-2.279037654944923386e+00,1.106902016020262725e+00,2.428502023660013442e+00
2.240500000000000114e+01,1.675000000000000000e+03,2.000000000000000000e+03,-2.280459196830411539e+00,1.105203311241127029e+00,2.410684933912674577e+00
2.242200000000000060e+01,1.675000000000000000e+03,2.000000000000000000e+03,-2.280459196830411539e+00,1.105203311241127029e+00,2.410684933912674577e+00
2.243900000000000006e+01,1.675000000000000000e+03,2.000000000000000000e+03,-2.280918051825405524e+00,1.100715153746818498e+00,2.411548544855921072e+00
2.245599999999999952e+01,1.675000000000000000e+03,2.000000000000000000e+03,-2.282069630655133352e+00,1.097196530404990877e+00,2.405220327772098710e+00
2.247299999999999898e+01,1.675000000000000000e+03,2.000000000000000000e+03,-2.284339853703012402e+00,1.093774969764662153e+00,2.399092627092783037e+00
2.248999999999999844e+01,1.675000000000000000e+03,2.000000000000000000e+03,-2.284339853703012402e+00,1.093774969764662153e+00,2.399092627092783037e+00
2.250700000000000145e+01,1.675000000000000000e+03,2.000000000000000000e+03,-2.288442165923107119e+00,1.087814568717924590e+00,2.382166077774416468e+00
2.252400000000000091e+01,1.675000000000000000e+03,2.000000000000000000e+03,-2.289581730643777568e+00,1.084322647381575244e+00,2.383039143689757999e+00
2.254200000000000159e+01,1.675000000000000000e+03,2.000000000000000000e+03,-2.289581730643777568e+00,1.084322647381575244e+00,2.383039143689757999e+00
2.255900000000000105e+01,1.675000000000000000e+03,2.000000000000000000e+03,-2.290989118054504559e+00,1.082645901468154648e+00,2.365505384331865191e+00
2.257600000000000051e+01,1.675000000000000000e+03,2.000000000000000000e+03,-2.292682854701520334e+00,1.079208862262313495e+00,2.366383958593771819e+00
2.259400000000000119e+01,1.675000000000000000e+03,2.000000000000000000e+03,-2.292682854701520334e+00,1.079208862262313495e+00,2.366383958593771819e+00
2.261100000000000065e+01,1.675000000000000000e+03,2.000000000000000000e+03,-2.294237395965197823e+00,1.074878409080687547e+00,2.367261317761405692e+00
2.262800000000000011e+01,1.675000000000000000e+03,2.000000000000000000e+03,-2.304303651584372226e+00,1.057970708848921859e+00,2.320907946222460883e+00
2.264499999999999957e+01,1.675000000000000000e+03,2.000000000000000000e+03,-2.305972177543794466e+00,1.054583394560429710e+00,2.314043081353064579e+00
2.266199999999999903e+01,1.675000000000000000e+03,2.000000000000000000e+03,-2.307776098834282141e+00,1.052090282563643786e+00,2.304929977091298543e+00
2.267999999999999972e+01,1.675000000000000000e+03,2.000000000000000000e+03,-2.309853422745030471e+00,1.047871904518105524e+00,2.297990811492671703e+00
2.269699999999999918e+01,1.675000000000000000e+03,2.000000000000000000e+03,-2.310957997382932838e+00,1.044462282812220089e+00,2.298882443365863892e+00
2.271399999999999864e+01,1.675000000000000000e+03,2.000000000000000000e+03,-2.313999753407099291e+00,1.042951276898264723e+00,2.282235264964463717e+00
2.273100000000000165e+01,1.675000000000000000e+03,2.000000000000000000e+03,-2.313999753407099291e+00,1.042951276898264723e+00,2.282235264964463717e+00
2.274800000000000111e+01,1.675000000000000000e+03,2.000000000000000000e+03,-2.313999753407099291e+00,1.042951276898264723e+00,2.282235264964463717e+00
2.276500000000000057e+01,1.675000000000000000e+03,2.000000000000000000e+03,-2.317300121080488218e+00,1.036243193605444368e+00,2.275996843299511241e+00
2.278200000000000003e+01,1.675000000000000000e+03,1.500000000000000000e+03,-2.318534410934773859e+00,1.033734591466190622e+00,2.267672064228940076e+00
2.279899999999999949e+01,1.675000000000000000e+03,1.500000000000000000e+03,-2.318534410934773859e+00,1.033734591466190622e+00,2.267672064228940076e+00
2.281599999999999895e+01,1.675000000000000000e+03,1.500000000000000000e+03,-2.322919435872389915e+00,1.027146917203054954e+00,2.244371377374591692e+00
2.283399999999999963e+01,1.675000000000000000e+03,1.500000000000000000e+03,-2.324554918919061741e+00,1.023821001544399145e+00,2.245266946909161287e+00
2.285099999999999909e+01,1.675000000000000000e+03,1.500000000000000000e+03,-2.326880377175458925e+00,1.021413957424436969e+00,2.237896826813560835e+00
2.286700000000000088e+01,1.675000000000000000e+03,1.500000000000000000e+03,-2.331378104063353440e+00,1.015741531234835016e+00,2.231707410423277249e+00
2.288500000000000156e+01,1.675000000000000000e+03,1.500000000000000000e+03,-2.331378104063353440e+00,1.015741531234835016e+00,2.231707410423277249e+00
2.290200000000000102e+01,1.675000000000000000e+03,1.500000000000000000e+03,-2.333000014055573779e+00,1.012438016341949076e+00,2.207397666817935811e+00
2.291900000000000048e+01,1.675000000000000000e+03,1.500000000000000000e+03,-2.335861432255841752e+00,1.010087777328414482e+00,2.216336163731071895e+00
2.293599999999999994e+01,1.675000000000000000e+03,1.500000000000000000e+03,-2.338024996433095914e+00,1.006836198588602738e+00,2.208679325345248134e+00
2.295299999999999940e+01,1.675000000000000000e+03,1.500000000000000000e+03,-2.340330433668085242e+00,1.004452608135467884e+00,2.193087791572199574e+00
2.296999999999999886e+01,1.675000000000000000e+03,1.500000000000000000e+03,-2.342632837601823503e+00,1.002072271442273621e+00,2.193979174607996185e+00
2.298699999999999832e+01,1.675000000000000000e+03,1.500000000000000000e+03,-2.344785179973569278e+00,9.988359366463864797e-01,2.186160124497182444e+00
2.300499999999999901e+01,1.675000000000000000e+03,1.500000000000000000e+03,-2.347480736446983407e+00,9.956462309273067524e-01,2.180089424026484757e+00
2.302199999999999847e+01,1.675000000000000000e+03,1.500000000000000000e+03,-2.349624594820434620e+00,9.924221582994551261e-01,2.172249004928390903e+00
2.303999999999999915e+01,1.675000000000000000e+03,1.500000000000000000e+03,-2.349624594820434620e+00,9.924221582994551261e-01,2.172249004928390903e+00
2.305699999999999861e+01,1.675000000000000000e+03,1.500000000000000000e+03,-2.351366486490134466e+00,9.900182023585190061e-01,2.166028252910522589e+00
2.307400000000000162e+01,1.675000000000000000e+03,1.500000000000000000e+03,-2.354198456889521118e+00,9.876978279012377238e-01,2.158166476760686958e+00
2.309100000000000108e+01,1.675000000000000000e+03,1.500000000000000000e+03,-2.355934908953622564e+00,9.853004900708527414e-01,2.152276100892072996e+00
2.310800000000000054e+01,1.675000000000000000e+03,1.500000000000000000e+03,-2.368871896844960023e+00,9.703403678532559473e-01,2.130742521265222233e+00
2.312500000000000000e+01,1.675000000000000000e+03,1.500000000000000000e+03,-2.371984065948626430e+00,9.697326550584651761e-01,2.116421553227067598e+00
2.314199999999999946e+01,1.675000000000000000e+03,1.500000000000000000e+03,-2.371984065948626430e+00,9.697326550584651761e-01,2.116421553227067598e+00
2.315899999999999892e+01,1.675000000000000000e+03,1.500000000000000000e+03,-2.373935990669336249e+00,9.657154136588562698e-01,2.126813651121289173e+00
2.317699999999999960e+01,1.675000000000000000e+03,1.500000000000000000e+03,-2.376734950498390564e+00,9.634270805968280227e-01,2.118702598921976321e+00
2.319399999999999906e+01,1.675000000000000000e+03,1.500000000000000000e+03,-2.378832428784554143e+00,9.602636584124376595e-01,2.104704854501523670e+00
2.321199999999999974e+01,1.675000000000000000e+03,1.500000000000000000e+03,-2.384256197906946539e+00,9.548680345951042758e-01,2.106983758289660447e+00
2.322899999999999920e+01,1.675000000000000000e+03,1.500000000000000000e+03,-2.384256197906946539e+00,9.548680345951042758e-01,2.106983758289660447e+00
2.324599999999999866e+01,1.675000000000000000e+03,1.500000000000000000e+03,-2.387425644937385627e+00,9.517979204696379592e-01,2.108394704511266315e+00
2.326300000000000168e+01,1.675000000000000000e+03,1.500000000000000000e+03,-2.389663758959028605e+00,9.494892846279624488e-01,2.094718438986952425e+00
2.328000000000000114e+01,1.675000000000000000e+03,1.500000000000000000e+03,-2.396455681926378922e+00,9.458661065748340535e-01,2.087618381475398355e+00
2.329700000000000060e+01,1.675000000000000000e+03,1.500000000000000000e+03,-2.400148578328008320e+00,9.428500518101839978e-01,2.089034057045582315e+00
2.331400000000000006e+01,1.675000000000000000e+03,1.500000000000000000e+03,-2.400148578328008320e+00,9.428500518101839978e-01,2.089034057045582315e+00
2.333099999999999952e+01,1.675000000000000000e+03,1.500000000000000000e+03,-2.405515431551103145e+00,9.375082272248641546e-01,2.077118485686339611e+00
2.334799999999999898e+01,1.675000000000000000e+03,1.500000000000000000e+03,-2.405515431551103145e+00,9.375082272248641546e-01,2.077118485686339611e+00
2.336499999999999844e+01,1.675000000000000000e+03,1.500000000000000000e+03,-2.411946538474381452e+00,9.322588534950925210e-01,2.070229679282307611e+00
2.338200000000000145e+01,1.675000000000000000e+03,1.500000000000000000e+03,-2.411946538474381452e+00,9.322588534950925210e-01,2.070229679282307611e+00
2.339900000000000091e+01,1.675000000000000000e+03,1.500000000000000000e+03,-2.411946538474381452e+00,9.322588534950925210e-01,2.070229679282307611e+00
2.341700000000000159e+01,1.675000000000000000e+03,1.500000000000000000e+03,-2.415400793423291059e+00,9.308755235739881728e-01,2.071372605446425208e+00
2.343400000000000105e+01,1.675000000000000000e+03,1.500000000000000000e+03,-2.419063759810537562e+00,9.278852104272165002e-01,2.072789360623045418e+00
2.345100000000000051e+01,1.675000000000000000e+03,1.500000000000000000e+03,-2.425252706763073807e+00,9.242674475841275994e-01,2.061225324023669980e+00
2.346799999999999997e+01,1.675000000000000000e+03,1.500000000000000000e+03,-2.429608128798431022e+00,9.221453632725348237e-01,2.057595514827658789e+00
2.348499999999999943e+01,1.675000000000000000e+03,1.500000000000000000e+03,-2.432341411000142894e+00,9.199131899318359062e-01,2.044680924135035660e+00
2.350199999999999889e+01,1.675000000000000000e+03,1.500000000000000000e+03,-2.436318489647406160e+00,9.185765142395257987e-01,2.050137458174443594e+00
2.351899999999999835e+01,1.675000000000000000e+03,1.500000000000000000e+03,-2.440123610826862244e+00,9.164236007785971916e-01,2.051555425117830289e+00
2.353600000000000136e+01,1.675000000000000000e+03,1.500000000000000000e+03,-2.442676330534473195e+00,9.133829738977977675e-01,2.052972354795452592e+00
2.355399999999999849e+01,1.675000000000000000e+03,1.500000000000000000e+03,-2.446644350342339180e+00,9.120509471485204189e-01,2.040103552139780785e+00
2.357199999999999918e+01,1.675000000000000000e+03,1.500000000000000000e+03,-2.449532935970251124e+00,9.106454178961939094e-01,2.045415797915073330e+00
2.358999999999999986e+01,1.675000000000000000e+03,1.500000000000000000e+03,-2.457823500275325923e+00,9.072105728649114686e-01,2.038353862346121925e+00
2.360699999999999932e+01,1.675000000000000000e+03,1.500000000000000000e+03,-2.464848847363043660e+00,9.028973187921228716e-01,2.037216101705628279e+00
2.362500000000000000e+01,1.675000000000000000e+03,1.500000000000000000e+03,-2.468263830658571134e+00,9.015358012939381771e-01,2.032016276979588199e+00
2.364199999999999946e+01,1.675000000000000000e+03,1.500000000000000000e+03,-2.468263830658571134e+00,9.015358012939381771e-01,2.032016276979588199e+00
2.365899999999999892e+01,1.675000000000000000e+03,1.500000000000000000e+03,-2.472575366639752303e+00,8.994400495774216298e-01,2.029620520655829985e+00
2.367599999999999838e+01,1.675000000000000000e+03,1.500000000000000000e+03,-2.476344704923473472e+00,8.973098781213971753e-01,2.024764531204510831e+00
2.369300000000000139e+01,1.675000000000000000e+03,1.500000000000000000e+03,-2.479932228940848749e+00,8.967599816984351824e-01,2.022532260870653520e+00
2.371000000000000085e+01,1.675000000000000000e+03,1.500000000000000000e+03,-2.482796246308214272e+00,8.929837513331936316e-01,2.023946375713478574e+00
2.372700000000000031e+01,1.675000000000000000e+03,1.500000000000000000e+03,-2.482796246308214272e+00,8.929837513331936316e-01,2.023946375713478574e+00
2.374399999999999977e+01,1.675000000000000000e+03,1.500000000000000000e+03,-2.487091956338463916e+00,8.908979530756574450e-01,2.025359609993013787e+00
2.376200000000000045e+01,1.675000000000000000e+03,1.500000000000000000e+03,-2.494963851561877277e+00,8.882669351036073246e-01,2.018179396822798566e+00
2.377899999999999991e+01,1.675000000000000000e+03,1.500000000000000000e+03,-2.494963851561877277e+00,8.882669351036073246e-01,2.018179396822798566e+00
2.379599999999999937e+01,1.675000000000000000e+03,1.500000000000000000e+03,-2.501919384465264962e+00,8.839991293098373726e-01,2.010292315647767669e+00
2.381299999999999883e+01,1.675000000000000000e+03,1.500000000000000000e+03,-2.506033467768600254e+00,8.834893218999489983e-01,1.990765359801830225e+00
2.382999999999999829e+01,1.675000000000000000e+03,1.500000000000000000e+03,-2.506033467768600254e+00,8.834893218999489983e-01,1.990765359801830225e+00
2.384700000000000131e+01,1.675000000000000000e+03,1.500000000000000000e+03,-2.513668071818672356e+00,8.777074604406934766e-01,2.001475345155233843e+00
2.386400000000000077e+01,1.675000000000000000e+03,1.500000000000000000e+03,-2.513668071818672356e+00,8.777074604406934766e-01,2.001475345155233843e+00
2.388100000000000023e+01,1.675000000000000000e+03,1.500000000000000000e+03,-2.517239376069362766e+00,8.771628992207890496e-01,1.992140100173895201e+00
2.389900000000000091e+01,1.675000000000000000e+03,1.500000000000000000e+03,-2.521313912662021650e+00,8.742980839194770537e-01,1.996867942775430560e+00
2.391600000000000037e+01,1.675000000000000000e+03,1.500000000000000000e+03,-2.524654573730612306e+00,8.706065319788679480e-01,1.995581272429028052e+00
2.393299999999999983e+01,1.675000000000000000e+03,1.500000000000000000e+03,-2.528564233326255017e+00,8.693050753075660664e-01,1.983710140902078534e+00
2.394999999999999929e+01,1.675000000000000000e+03,1.500000000000000000e+03,-2.534082358749446762e+00,8.681126161609297176e-01,1.988186857594732126e+00
2.396699999999999875e+01,1.675000000000000000e+03,1.500000000000000000e+03,-2.537257419512237711e+00,8.659836209763643877e-01,1.989591561196787817e+00
2.398400000000000176e+01,1.675000000000000000e+03,1.500000000000000000e+03,-2.541306778388363607e+00,8.631370759015689620e-01,2.001671842684246805e+00
2.400100000000000122e+01,1.675000000000000000e+03,1.500000000000000000e+03,-2.545206611616618098e+00,8.618409939143675258e-01,1.979827374974987508e+00
2.401899999999999835e+01,1.675000000000000000e+03,1.500000000000000000e+03,-2.549246461664878005e+00,8.590011813320742595e-01,1.991848740848652266e+00
2.403600000000000136e+01,1.675000000000000000e+03,1.500000000000000000e+03,-2.549246461664878005e+00,8.590011813320742595e-01,1.991848740848652266e+00
2.405300000000000082e+01,1.675000000000000000e+03,1.500000000000000000e+03,-2.556972148298950920e+00,8.540872893440029090e-01,1.971777962208670187e+00
2.407000000000000028e+01,1.675000000000000000e+03,1.500000000000000000e+03,-2.556972148298950920e+00,8.540872893440029090e-01,1.971777962208670187e+00
2.408800000000000097e+01,1.675000000000000000e+03,1.500000000000000000e+03,-2.561196027574441647e+00,8.520465410088190472e-01,1.983738216257114217e+00
2.410500000000000043e+01,1.675000000000000000e+03,1.500000000000000000e+03,-2.564679381221841137e+00,8.491873156940902279e-01,1.985136802752798912e+00
2.412199999999999989e+01,1.675000000000000000e+03,1.500000000000000000e+03,-2.581109137430166012e+00,8.394992444101866402e-01,1.979354907711105005e+00
2.414000000000000057e+01,1.675000000000000000e+03,1.500000000000000000e+03,-2.585720126888811699e+00,8.390354776990137653e-01,1.961830809791136776e+00
2.415800000000000125e+01,1.675000000000000000e+03,1.500000000000000000e+03,-2.593159852692700440e+00,8.333997082882996787e-01,1.973569912685613437e+00
2.417500000000000071e+01,1.675000000000000000e+03,1.500000000000000000e+03,-2.593159852692700440e+00,8.333997082882996787e-01,1.973569912685613437e+00
2.419200000000000017e+01,1.675000000000000000e+03,1.500000000000000000e+03,-2.597882777457118486e+00,8.314178819082888028e-01,1.975603975616743835e+00
2.420899999999999963e+01,1.675000000000000000e+03,1.500000000000000000e+03,-2.601322602801621198e+00,8.285927501553936869e-01,1.964718638856232991e+00
2.422599999999999909e+01,1.675000000000000000e+03,1.500000000000000000e+03,-2.610213684806380829e+00,8.246073520328301987e-01,1.968140782232407737e+00
2.424299999999999855e+01,1.675000000000000000e+03,1.500000000000000000e+03,-2.615134556972865010e+00,8.234084257938497631e-01,1.959561945808994565e+00
2.426000000000000156e+01,1.675000000000000000e+03,1.500000000000000000e+03,-2.619090769610560088e+00,8.206309978913032266e-01,1.971470062047820937e+00
