timestamp,u_propeller_pwm,u_rudder_pwm,x,y,yaw
1.000000000000000021e-02,1.500000000000000000e+03,1.500000000000000000e+03,-1.095996238619055818e+00,2.683997096631528523e-01,1.520037526129228267e+00
2.699999999999999969e-02,1.500000000000000000e+03,1.500000000000000000e+03,-1.095996238619055818e+00,2.683997096631528523e-01,1.520037526129228267e+00
4.399999999999999745e-02,1.500000000000000000e+03,1.500000000000000000e+03,-1.095772086206093121e+00,2.679243701711928605e-01,1.520037526129228267e+00
6.099999999999999867e-02,1.500000000000000000e+03,1.500000000000000000e+03,-1.095772086206093121e+00,2.679243701711928605e-01,1.520037526129228267e+00
7.799999999999999989e-02,1.500000000000000000e+03,1.500000000000000000e+03,-1.095851764215081570e+00,2.688664446331138214e-01,1.522409156517370299e+00
9.500000000000000111e-02,1.500000000000000000e+03,1.500000000000000000e+03,-1.095851764215081570e+00,2.688664446331138214e-01,1.522409156517370299e+00
1.120000000000000023e-01,1.500000000000000000e+03,1.500000000000000000e+03,-1.095851764215081570e+00,2.688664446331138214e-01,1.522409156517370299e+00
1.300000000000000044e-01,1.500000000000000000e+03,1.500000000000000000e+03,-1.095707227506341308e+00,2.693333648444281581e-01,1.522409156517370299e+00
1.469999999999999918e-01,1.500000000000000000e+03,1.500000000000000000e+03,-1.095707227506341308e+00,2.693333648444281581e-01,1.522409156517370299e+00
1.640000000000000069e-01,1.500000000000000000e+03,1.500000000000000000e+03,-1.095562628456687726e+00,2.698004704180956281e-01,1.519828306119103578e+00
1.819999999999999951e-01,1.500000000000000000e+03,1.500000000000000000e+03,-1.095562628456687726e+00,2.698004704180956281e-01,1.519828306119103578e+00
2.000000000000000111e-01,1.500000000000000000e+03,1.500000000000000000e+03,-1.095562628456687726e+00,2.698004704180956281e-01,1.519828306119103578e+00
2.179999999999999993e-01,1.500000000000000000e+03,1.500000000000000000e+03,-1.095417967029935324e+00,2.702677614752087010e-01,1.522197835478348749e+00
2.349999999999999867e-01,1.500000000000000000e+03,1.500000000000000000e+03,-1.095417967029935324e+00,2.702677614752087010e-01,1.522197835478348749e+00
2.520000000000000018e-01,1.500000000000000000e+03,1.500000000000000000e+03,-1.095417967029935324e+00,2.702677614752087010e-01,1.522197835478348749e+00
2.690000000000000169e-01,1.500000000000000000e+03,1.500000000000000000e+03,-1.095049059535140756e+00,2.702589375373000147e-01,1.522197835478348749e+00
2.869999999999999774e-01,1.500000000000000000e+03,1.500000000000000000e+03,-1.095049059535140756e+00,2.702589375373000147e-01,1.522197835478348749e+00
3.049999999999999933e-01,1.500000000000000000e+03,1.500000000000000000e+03,-1.095049059535140756e+00,2.702589375373000147e-01,1.522197835478348749e+00
3.230000000000000093e-01,1.500000000000000000e+03,1.500000000000000000e+03,-1.095049059535140756e+00,2.702589375373000147e-01,1.522197835478348749e+00
3.400000000000000244e-01,1.500000000000000000e+03,1.500000000000000000e+03,-1.095049059535140756e+00,2.702589375373000147e-01,1.522197835478348749e+00
3.579999999999999849e-01,1.500000000000000000e+03,1.500000000000000000e+03,-1.095049059535140756e+00,2.702589375373000147e-01,1.522197835478348749e+00
3.739999999999999991e-01,1.500000000000000000e+03,1.500000000000000000e+03,-1.094904267002414500e+00,2.707264073089838963e-01,1.522197835478348749e+00
3.940000000000000169e-01,1.500000000000000000e+03,1.500000000000000000e+03,-1.094904267002414500e+00,2.707264073089838963e-01,1.522197835478348749e+00
4.109999999999999765e-01,1.500000000000000000e+03,1.500000000000000000e+03,-1.094904267002414500e+00,2.707264073089838963e-01,1.522197835478348749e+00
4.289999999999999925e-01,1.500000000000000000e+03,1.500000000000000000e+03,-1.094904267002414500e+00,2.707264073089838963e-01,1.522197835478348749e+00
4.470000000000000084e-01,1.500000000000000000e+03,1.500000000000000000e+03,-1.094904267002414500e+00,2.707264073089838963e-01,1.522197835478348749e+00
4.640000000000000235e-01,1.500000000000000000e+03,1.500000000000000000e+03,-1.094904267002414500e+00,2.707264073089838963e-01,1.522197835478348749e+00
4.819999999999999840e-01,1.500000000000000000e+03,1.500000000000000000e+03,-1.094680143519078941e+00,2.702501096134076741e-01,1.513089231150868796e+00
5.000000000000000000e-01,1.500000000000000000e+03,1.500000000000000000e+03,-1.094680143519078941e+00,2.702501096134076741e-01,1.513089231150868796e+00
5.180000000000000160e-01,1.500000000000000000e+03,1.500000000000000000e+03,-1.094311218932250807e+00,2.702412776956392149e-01,1.513089231150868796e+00
5.360000000000000320e-01,1.500000000000000000e+03,1.500000000000000000e+03,-1.094311218932250807e+00,2.702412776956392149e-01,1.513089231150868796e+00
5.530000000000000471e-01,1.500000000000000000e+03,1.500000000000000000e+03,-1.094087221775966956e+00,2.697651781741046140e-01,1.513089231150868796e+00
5.709999999999999520e-01,1.500000000000000000e+03,1.500000000000000000e+03,-1.094087221775966956e+00,2.697651781741046140e-01,1.513089231150868796e+00
5.879999999999999671e-01,1.500000000000000000e+03,1.500000000000000000e+03,-1.094745633717940869e+00,2.688400225826319545e-01,1.510816221574815987e+00
6.059999999999999831e-01,1.500000000000000000e+03,1.500000000000000000e+03,-1.094376906369049163e+00,2.688312071755929455e-01,1.510816221574815987e+00
6.229999999999999982e-01,1.500000000000000000e+03,1.500000000000000000e+03,-1.094376906369049163e+00,2.688312071755929455e-01,1.510816221574815987e+00
6.400000000000000133e-01,1.500000000000000000e+03,1.500000000000000000e+03,-1.094376906369049163e+00,2.688312071755929455e-01,1.510816221574815987e+00
6.570000000000000284e-01,1.500000000000000000e+03,1.500000000000000000e+03,-1.094376906369049163e+00,2.688312071755929455e-01,1.510816221574815987e+00
6.740000000000000435e-01,1.500000000000000000e+03,1.500000000000000000e+03,-1.094376906369049163e+00,2.688312071755929455e-01,1.510816221574815987e+00
6.909999999999999476e-01,1.500000000000000000e+03,1.500000000000000000e+03,-1.094008170345941000e+00,2.688223877268703932e-01,1.501810010877119295e+00
7.079999999999999627e-01,1.500000000000000000e+03,1.500000000000000000e+03,-1.094008170345941000e+00,2.688223877268703932e-01,1.501810010877119295e+00
7.249999999999999778e-01,1.500000000000000000e+03,1.500000000000000000e+03,-1.094152987509721342e+00,2.683556868944658724e-01,1.501810010877119295e+00
7.429999999999999938e-01,1.500000000000000000e+03,1.500000000000000000e+03,-1.093929134546651749e+00,2.678803612133641154e-01,1.499682856453054658e+00
7.600000000000000089e-01,1.500000000000000000e+03,1.500000000000000000e+03,-1.094297742232778425e+00,2.678891711309173695e-01,1.499682856453054658e+00
7.770000000000000240e-01,1.500000000000000000e+03,1.500000000000000000e+03,-1.093929134546651749e+00,2.678803612133641154e-01,1.507998116077091666e+00
7.940000000000000391e-01,1.500000000000000000e+03,1.500000000000000000e+03,-1.093929134546651749e+00,2.678803612133641154e-01,1.507998116077091666e+00
8.120000000000000551e-01,1.500000000000000000e+03,1.500000000000000000e+03,-1.094297742232778425e+00,2.678891711309173695e-01,1.499682856453054658e+00
8.299999999999999600e-01,1.500000000000000000e+03,1.500000000000000000e+03,-1.094297742232778425e+00,2.678891711309173695e-01,1.499682856453054658e+00
8.469999999999999751e-01,1.500000000000000000e+03,1.500000000000000000e+03,-1.094073895343962821e+00,2.674140371727951049e-01,1.499682856453054658e+00
8.639999999999999902e-01,1.500000000000000000e+03,1.500000000000000000e+03,-1.093929134546651749e+00,2.678803612133641154e-01,1.507998116077091666e+00
8.810000000000000053e-01,1.500000000000000000e+03,1.500000000000000000e+03,-1.093929134546651749e+00,2.678803612133641154e-01,1.507998116077091666e+00
8.980000000000000204e-01,1.500000000000000000e+03,1.500000000000000000e+03,-1.093336790545758941e+00,2.673964186106216889e-01,1.507998116077091666e+00
9.150000000000000355e-01,1.500000000000000000e+03,1.500000000000000000e+03,-1.093560518084033539e+00,2.678715472168347045e-01,1.501810010877119295e+00
9.320000000000000506e-01,1.500000000000000000e+03,1.500000000000000000e+03,-1.093560518084033539e+00,2.678715472168347045e-01,1.501810010877119295e+00
9.489999999999999547e-01,1.625000000000000000e+03,1.500000000000000000e+03,-1.093560518084033539e+00,2.678715472168347045e-01,1.501810010877119295e+00
9.669999999999999707e-01,1.625000000000000000e+03,1.500000000000000000e+03,-1.093784311310372015e+00,2.683468701916570387e-01,1.501810010877119295e+00
9.839999999999999858e-01,1.625000000000000000e+03,1.500000000000000000e+03,-1.093639425598925019e+00,2.688135642285010007e-01,1.501810010877119295e+00
1.000999999999999890e+00,1.625000000000000000e+03,1.500000000000000000e+03,-1.093639425598925019e+00,2.688135642285010007e-01,1.501810010877119295e+00
1.018000000000000016e+00,1.625000000000000000e+03,1.500000000000000000e+03,-1.093639425598925019e+00,2.688135642285010007e-01,1.501810010877119295e+00
1.036000000000000032e+00,1.625000000000000000e+03,1.500000000000000000e+03,-1.093494477376073970e+00,2.692804434448152762e-01,1.503986245689609813e+00
1.052999999999999936e+00,1.625000000000000000e+03,1.500000000000000000e+03,-1.093494477376073970e+00,2.692804434448152762e-01,1.503986245689609813e+00
1.070000000000000062e+00,1.625000000000000000e+03,1.500000000000000000e+03,-1.093494477376073970e+00,2.692804434448152762e-01,1.503986245689609813e+00
1.088000000000000078e+00,1.625000000000000000e+03,1.500000000000000000e+03,-1.093349466605544107e+00,2.697475079616102889e-01,1.503986245689609813e+00
1.104999999999999982e+00,1.625000000000000000e+03,1.500000000000000000e+03,-1.093349466605544107e+00,2.697475079616102889e-01,1.503986245689609813e+00
1.122999999999999998e+00,1.625000000000000000e+03,1.500000000000000000e+03,-1.093059257276158824e+00,2.706821933811459635e-01,1.503790424722104113e+00
1.139999999999999902e+00,1.625000000000000000e+03,1.500000000000000000e+03,-1.093059257276158824e+00,2.706821933811459635e-01,1.503790424722104113e+00
1.157000000000000028e+00,1.625000000000000000e+03,1.500000000000000000e+03,-1.093059257276158824e+00,2.706821933811459635e-01,1.503790424722104113e+00
1.173999999999999932e+00,1.625000000000000000e+03,1.500000000000000000e+03,-1.093059257276158824e+00,2.706821933811459635e-01,1.503790424722104113e+00
1.191000000000000059e+00,1.625000000000000000e+03,1.500000000000000000e+03,-1.093059257276158824e+00,2.706821933811459635e-01,1.503790424722104113e+00
1.209000000000000075e+00,1.625000000000000000e+03,1.500000000000000000e+03,-1.093059257276158824e+00,2.706821933811459635e-01,1.503790424722104113e+00
1.225000000000000089e+00,1.625000000000000000e+03,1.500000000000000000e+03,-1.092768797319810137e+00,2.716176214570356073e-01,1.506015446232027655e+00
1.243000000000000105e+00,1.625000000000000000e+03,1.500000000000000000e+03,-1.092914058644563369e+00,2.711498145263683268e-01,1.506015446232027655e+00
1.260000000000000009e+00,1.625000000000000000e+03,1.500000000000000000e+03,-1.092992698812333741e+00,2.720944856502910403e-01,1.506015446232027655e+00
1.276999999999999913e+00,1.625000000000000000e+03,1.500000000000000000e+03,-1.092992698812333741e+00,2.720944856502910403e-01,1.506015446232027655e+00
1.294000000000000039e+00,1.625000000000000000e+03,1.500000000000000000e+03,-1.092992698812333741e+00,2.720944856502910403e-01,1.506015446232027655e+00
1.312000000000000055e+00,1.625000000000000000e+03,1.500000000000000000e+03,-1.092992698812333741e+00,2.720944856502910403e-01,1.506015446232027655e+00
1.328999999999999959e+00,1.625000000000000000e+03,1.500000000000000000e+03,-1.092992698812333741e+00,2.720944856502910403e-01,1.506015446232027655e+00
1.346000000000000085e+00,1.625000000000000000e+03,1.500000000000000000e+03,-1.092992698812333741e+00,2.720944856502910403e-01,1.506015446232027655e+00
1.364000000000000101e+00,1.625000000000000000e+03,1.500000000000000000e+03,-1.092992698812333741e+00,2.720944856502910403e-01,1.506015446232027655e+00
1.381000000000000005e+00,1.625000000000000000e+03,1.500000000000000000e+03,-1.092992698812333741e+00,2.720944856502910403e-01,1.506015446232027655e+00
1.399000000000000021e+00,1.625000000000000000e+03,1.500000000000000000e+03,-1.092768797319810137e+00,2.716176214570356073e-01,1.506015446232027655e+00
1.415999999999999925e+00,1.625000000000000000e+03,1.500000000000000000e+03,-1.092768797319810137e+00,2.716176214570356073e-01,1.506015446232027655e+00
1.433000000000000052e+00,1.625000000000000000e+03,1.500000000000000000e+03,-1.092768797319810137e+00,2.716176214570356073e-01,1.506015446232027655e+00
1.451000000000000068e+00,1.625000000000000000e+03,1.500000000000000000e+03,-1.093652225933078981e+00,2.711675257914806236e-01,1.497424831818423119e+00
1.467999999999999972e+00,1.625000000000000000e+03,1.500000000000000000e+03,-1.093652225933078981e+00,2.711675257914806236e-01,1.497424831818423119e+00
1.485000000000000098e+00,1.625000000000000000e+03,1.500000000000000000e+03,-1.093797287122900697e+00,2.706998909414550791e-01,1.495298739493273299e+00
1.502000000000000002e+00,1.625000000000000000e+03,1.500000000000000000e+03,-1.093797287122900697e+00,2.706998909414550791e-01,1.495298739493273299e+00
1.518999999999999906e+00,1.625000000000000000e+03,1.500000000000000000e+03,-1.093942285725081121e+00,2.702324417760910702e-01,1.495298739493273299e+00
1.536000000000000032e+00,1.625000000000000000e+03,1.500000000000000000e+03,-1.093942285725081121e+00,2.702324417760910702e-01,1.495298739493273299e+00
1.552999999999999936e+00,1.625000000000000000e+03,1.500000000000000000e+03,-1.093942285725081121e+00,2.702324417760910702e-01,1.495298739493273299e+00
1.570999999999999952e+00,1.625000000000000000e+03,1.500000000000000000e+03,-1.094311218932250807e+00,2.702412776956392149e-01,1.486815189108565249e+00
1.588000000000000078e+00,1.625000000000000000e+03,1.500000000000000000e+03,-1.094311218932250807e+00,2.702412776956392149e-01,1.486815189108565249e+00
1.606000000000000094e+00,1.625000000000000000e+03,1.500000000000000000e+03,-1.094680143519078941e+00,2.702501096134076741e-01,1.486815189108565249e+00
1.624000000000000110e+00,1.625000000000000000e+03,1.500000000000000000e+03,-1.094680143519078941e+00,2.702501096134076741e-01,1.486815189108565249e+00
1.641000000000000014e+00,1.625000000000000000e+03,1.500000000000000000e+03,-1.095338457293436818e+00,2.693245546556760628e-01,1.493817949086937213e+00
1.657999999999999918e+00,1.625000000000000000e+03,1.500000000000000000e+03,-1.095707227506341308e+00,2.693333648444281581e-01,1.493817949086937213e+00
1.675000000000000044e+00,1.625000000000000000e+03,1.500000000000000000e+03,-1.095707227506341308e+00,2.693333648444281581e-01,1.493817949086937213e+00
1.691999999999999948e+00,1.625000000000000000e+03,1.500000000000000000e+03,-1.095851764215081570e+00,2.688664446331138214e-01,1.485431217713796270e+00
1.709999999999999964e+00,1.625000000000000000e+03,1.500000000000000000e+03,-1.095851764215081570e+00,2.688664446331138214e-01,1.485431217713796270e+00
1.727000000000000091e+00,1.625000000000000000e+03,1.500000000000000000e+03,-1.096220457362482747e+00,2.688752439528305782e-01,1.485431217713796270e+00
1.743999999999999995e+00,1.625000000000000000e+03,1.500000000000000000e+03,-1.096220457362482747e+00,2.688752439528305782e-01,1.485431217713796270e+00
1.760999999999999899e+00,1.625000000000000000e+03,1.500000000000000000e+03,-1.096957818425767339e+00,2.688928305940674335e-01,1.477053812737841421e+00
1.778000000000000025e+00,1.625000000000000000e+03,1.500000000000000000e+03,-1.096957818425767339e+00,2.688928305940674335e-01,1.477053812737841421e+00
1.794999999999999929e+00,1.625000000000000000e+03,1.500000000000000000e+03,-1.097695146174835212e+00,2.689104012903088536e-01,1.486028342589466034e+00
1.812000000000000055e+00,1.625000000000000000e+03,1.500000000000000000e+03,-1.097695146174835212e+00,2.689104012903088536e-01,1.486028342589466034e+00
1.828999999999999959e+00,1.625000000000000000e+03,1.500000000000000000e+03,-1.098432441001985671e+00,2.689279561045246902e-01,1.477650793450265398e+00
1.846000000000000085e+00,1.625000000000000000e+03,1.500000000000000000e+03,-1.098432441001985671e+00,2.689279561045246902e-01,1.477650793450265398e+00
1.864000000000000101e+00,1.625000000000000000e+03,1.500000000000000000e+03,-1.098432441001985671e+00,2.689279561045246902e-01,1.477650793450265398e+00
1.881000000000000005e+00,1.625000000000000000e+03,1.500000000000000000e+03,-1.099169703298296330e+00,2.689454950995148197e-01,1.486625869659141008e+00
1.897999999999999909e+00,1.625000000000000000e+03,1.500000000000000000e+03,-1.099169703298296330e+00,2.689454950995148197e-01,1.486625869659141008e+00
1.915000000000000036e+00,1.625000000000000000e+03,1.500000000000000000e+03,-1.099538322369267185e+00,2.689542586843787220e-01,1.478248171022474855e+00
1.931999999999999940e+00,1.625000000000000000e+03,1.500000000000000000e+03,-1.099538322369267185e+00,2.689542586843787220e-01,1.478248171022474855e+00
1.949000000000000066e+00,1.625000000000000000e+03,1.500000000000000000e+03,-1.100275536599935489e+00,2.689717740679088420e-01,1.478248171022474855e+00
1.965999999999999970e+00,1.625000000000000000e+03,1.500000000000000000e+03,-1.100275536599935489e+00,2.689717740679088420e-01,1.478248171022474855e+00
1.983000000000000096e+00,1.625000000000000000e+03,1.500000000000000000e+03,-1.100500486946886181e+00,2.694475362225274839e-01,1.478248171022474855e+00
2.000000000000000000e+00,1.625000000000000000e+03,1.500000000000000000e+03,-1.102507641911514735e+00,2.713788345238253852e-01,1.481157743824885298e+00
2.016999999999999904e+00,1.625000000000000000e+03,1.500000000000000000e+03,-1.102364168684327739e+00,2.718468231883521824e-01,1.481157743824885298e+00
2.035000000000000142e+00,1.625000000000000000e+03,1.500000000000000000e+03,-1.103470984772323638e+00,2.718731020421768507e-01,1.490223833209679993e+00
2.052000000000000046e+00,1.625000000000000000e+03,1.500000000000000000e+03,-1.103470984772323638e+00,2.718731020421768507e-01,1.490223833209679993e+00
2.068999999999999950e+00,1.625000000000000000e+03,1.500000000000000000e+03,-1.104434612637068547e+00,2.723675648237559033e-01,1.484283460009300892e+00
2.085999999999999854e+00,1.625000000000000000e+03,1.500000000000000000e+03,-1.104434612637068547e+00,2.723675648237559033e-01,1.484283460009300892e+00
2.104000000000000092e+00,1.625000000000000000e+03,1.500000000000000000e+03,-1.104886393891390206e+00,2.733220809150120889e-01,1.484283460009300892e+00
2.121999999999999886e+00,1.625000000000000000e+03,1.500000000000000000e+03,-1.105481544482839196e+00,2.738083936057306156e-01,1.482185487924847944e+00
2.140000000000000124e+00,1.625000000000000000e+03,1.500000000000000000e+03,-1.105481544482839196e+00,2.738083936057306156e-01,1.482185487924847944e+00
2.157000000000000028e+00,1.625000000000000000e+03,1.500000000000000000e+03,-1.105850693875850554e+00,2.738171485496279089e-01,1.491244986344388401e+00
2.173999999999999932e+00,1.625000000000000000e+03,1.500000000000000000e+03,-1.106446085750507846e+00,2.743036623941536023e-01,1.476162593807575973e+00
2.190999999999999837e+00,1.625000000000000000e+03,1.500000000000000000e+03,-1.107184474186444945e+00,2.743211613239747715e-01,1.476162593807575973e+00
2.206999999999999851e+00,1.625000000000000000e+03,1.500000000000000000e+03,-1.107410917660845540e+00,2.747991292298118671e-01,1.485311798136919492e+00
2.225000000000000089e+00,1.625000000000000000e+03,1.500000000000000000e+03,-1.108292006146659681e+00,2.743473825335321914e-01,1.476762832695844407e+00
2.241999999999999993e+00,1.625000000000000000e+03,1.500000000000000000e+03,-1.108292006146659681e+00,2.743473825335321914e-01,1.476762832695844407e+00
2.258999999999999897e+00,1.625000000000000000e+03,1.500000000000000000e+03,-1.109030327536680183e+00,2.743648453028546541e-01,1.485912667784465402e+00
2.275999999999999801e+00,1.625000000000000000e+03,1.500000000000000000e+03,-1.108887863102030469e+00,2.748340986838878619e-01,1.485912667784465402e+00
2.294000000000000039e+00,1.625000000000000000e+03,1.500000000000000000e+03,-1.109257082997369359e+00,2.748428320789565449e-01,1.485912667784465402e+00
2.310999999999999943e+00,1.625000000000000000e+03,1.500000000000000000e+03,-1.109257082997369359e+00,2.748428320789565449e-01,1.485912667784465402e+00
2.329000000000000181e+00,1.625000000000000000e+03,1.500000000000000000e+03,-1.109995503355837299e+00,2.748602881584738533e-01,1.477363453774234836e+00
2.346000000000000085e+00,1.625000000000000000e+03,1.500000000000000000e+03,-1.111103086008367047e+00,2.748864456112385390e-01,1.477964455968224344e+00
2.362999999999999989e+00,1.625000000000000000e+03,1.500000000000000000e+03,-1.111103086008367047e+00,2.748864456112385390e-01,1.477964455968224344e+00
2.379999999999999893e+00,1.625000000000000000e+03,1.500000000000000000e+03,-1.111472267641429035e+00,2.748951576803678742e-01,1.477964455968224344e+00
2.396999999999999797e+00,1.625000000000000000e+03,1.500000000000000000e+03,-1.112210612307433566e+00,2.749125712397392229e-01,1.487115563590869494e+00
2.414000000000000146e+00,1.625000000000000000e+03,1.500000000000000000e+03,-1.113828795347581835e+00,2.744780058851432614e-01,1.487717587459052249e+00
2.431000000000000050e+00,1.625000000000000000e+03,1.500000000000000000e+03,-1.113828795347581835e+00,2.744780058851432614e-01,1.487717587459052249e+00
2.447999999999999954e+00,1.625000000000000000e+03,1.500000000000000000e+03,-1.114197865375725183e+00,2.744866858754519967e-01,1.479167599423236279e+00
2.464999999999999858e+00,1.625000000000000000e+03,1.500000000000000000e+03,-1.114197865375725183e+00,2.744866858754519967e-01,1.479167599423236279e+00
2.482000000000000206e+00,1.625000000000000000e+03,1.500000000000000000e+03,-1.114566929507010862e+00,2.744953623778535468e-01,1.479167599423236279e+00
2.499000000000000110e+00,1.625000000000000000e+03,1.500000000000000000e+03,-1.118257256469470384e+00,2.745819371538950060e-01,1.471832000623461978e+00
2.515000000000000124e+00,1.625000000000000000e+03,1.500000000000000000e+03,-1.118257256469470384e+00,2.745819371538950060e-01,1.471832000623461978e+00
2.532000000000000028e+00,1.625000000000000000e+03,1.500000000000000000e+03,-1.119364247210066665e+00,2.746078427884133255e-01,1.472434521472071101e+00
2.548999999999999932e+00,1.625000000000000000e+03,1.500000000000000000e+03,-1.119364247210066665e+00,2.746078427884133255e-01,1.472434521472071101e+00
2.565999999999999837e+00,1.625000000000000000e+03,1.500000000000000000e+03,-1.120840161346726482e+00,2.746423362429241122e-01,1.473037412726517115e+00
2.583000000000000185e+00,1.625000000000000000e+03,1.500000000000000000e+03,-1.120840161346726482e+00,2.746423362429241122e-01,1.473037412726517115e+00
2.600000000000000089e+00,1.625000000000000000e+03,1.500000000000000000e+03,-1.121947043366801733e+00,2.746681710383916952e-01,1.462731510551064318e+00
2.616999999999999993e+00,1.625000000000000000e+03,1.500000000000000000e+03,-1.122455911853055266e+00,2.742074372524381243e-01,1.473640673410059332e+00
2.633999999999999897e+00,1.625000000000000000e+03,1.500000000000000000e+03,-1.123053880786006875e+00,2.746939757925296322e-01,1.463334245294773961e+00
2.650999999999999801e+00,1.625000000000000000e+03,1.500000000000000000e+03,-1.123931389668048730e+00,2.742417926205823475e-01,1.474244302548784358e+00
2.669000000000000039e+00,1.625000000000000000e+03,1.500000000000000000e+03,-1.123931389668048730e+00,2.742417926205823475e-01,1.474244302548784358e+00
2.685000000000000053e+00,1.625000000000000000e+03,1.500000000000000000e+03,-1.124898513930278288e+00,2.747369174730664998e-01,1.463937342982639223e+00
2.702999999999999847e+00,1.625000000000000000e+03,1.500000000000000000e+03,-1.126005238209221826e+00,2.747626430434990663e-01,1.464540802731839397e+00
2.720000000000000195e+00,1.625000000000000000e+03,1.500000000000000000e+03,-1.126005238209221826e+00,2.747626430434990663e-01,1.464540802731839397e+00
2.737000000000000099e+00,1.625000000000000000e+03,1.500000000000000000e+03,-1.126374137295588440e+00,2.747712117024935230e-01,1.464540802731839397e+00
2.754000000000000004e+00,1.625000000000000000e+03,1.500000000000000000e+03,-1.127480808141858137e+00,2.747968981832678015e-01,1.465144623661803536e+00
2.770999999999999908e+00,1.625000000000000000e+03,1.500000000000000000e+03,-1.128218567127466487e+00,2.748140063262052291e-01,1.465144623661803536e+00
2.787999999999999812e+00,1.625000000000000000e+03,1.500000000000000000e+03,-1.128817575734495593e+00,2.753007687830340000e-01,1.465748804894151380e+00
2.806000000000000050e+00,1.625000000000000000e+03,1.500000000000000000e+03,-1.130293287409171565e+00,2.753349526835967565e-01,1.466353345552647180e+00
2.822999999999999954e+00,1.625000000000000000e+03,1.500000000000000000e+03,-1.130662205331762316e+00,2.753434907200013049e-01,1.466353345552647180e+00
2.839999999999999858e+00,1.625000000000000000e+03,1.500000000000000000e+03,-1.132599509335617149e+00,2.763347262349017397e-01,1.460076249618931898e+00
2.857000000000000206e+00,1.625000000000000000e+03,1.500000000000000000e+03,-1.132968539225022830e+00,2.763432583850933266e-01,1.460076249618931898e+00
2.875000000000000000e+00,1.625000000000000000e+03,1.500000000000000000e+03,-1.132968539225022830e+00,2.763432583850933266e-01,1.460076249618931898e+00
2.891999999999999904e+00,1.625000000000000000e+03,1.500000000000000000e+03,-1.133937734310199730e+00,2.768391873604627573e-01,1.459012487950252623e+00
2.908999999999999808e+00,1.625000000000000000e+03,1.500000000000000000e+03,-1.134306819301565294e+00,2.768477152751491754e-01,1.459012487950252623e+00
2.927000000000000046e+00,1.625000000000000000e+03,1.500000000000000000e+03,-1.136014677295077213e+00,2.773608972206252909e-01,1.468631882035889680e+00
2.943999999999999950e+00,1.625000000000000000e+03,1.500000000000000000e+03,-1.137122070733131096e+00,2.773864416978844005e-01,1.460223178715049475e+00
2.962000000000000188e+00,1.625000000000000000e+03,1.500000000000000000e+03,-1.137723089211251759e+00,2.778742738928202671e-01,1.462361337462748656e+00
2.979000000000000092e+00,1.625000000000000000e+03,1.500000000000000000e+03,-1.140170544447833390e+00,2.784048533739125197e-01,1.454471924270749117e+00
2.995999999999999996e+00,1.625000000000000000e+03,1.500000000000000000e+03,-1.140170544447833390e+00,2.784048533739125197e-01,1.454471924270749117e+00
3.012999999999999901e+00,1.625000000000000000e+03,1.500000000000000000e+03,-1.141510897427794546e+00,2.789101170363068594e-01,1.463574596295498242e+00
3.029999999999999805e+00,1.625000000000000000e+03,1.500000000000000000e+03,-1.141510897427794546e+00,2.789101170363068594e-01,1.463574596295498242e+00
3.047000000000000153e+00,1.625000000000000000e+03,1.500000000000000000e+03,-1.142249488187517592e+00,2.789271051553051661e-01,1.472691411961628782e+00
3.064000000000000057e+00,1.625000000000000000e+03,1.500000000000000000e+03,-1.142715286452688606e+00,2.798872879963508753e-01,1.455556377604052765e+00
3.080999999999999961e+00,1.625000000000000000e+03,1.500000000000000000e+03,-1.143823557143792691e+00,2.799127820296100078e-01,1.464653428163164683e+00
3.097999999999999865e+00,1.625000000000000000e+03,1.500000000000000000e+03,-1.144562392837847886e+00,2.799297639417642758e-01,1.456163318799523765e+00
3.115000000000000213e+00,1.625000000000000000e+03,1.500000000000000000e+03,-1.146040038233348213e+00,2.799636941327364736e-01,1.456770602132250181e+00
3.133000000000000007e+00,1.625000000000000000e+03,1.500000000000000000e+03,-1.146040038233348213e+00,2.799636941327364736e-01,1.456770602132250181e+00
3.149999999999999911e+00,1.625000000000000000e+03,1.500000000000000000e+03,-1.147246445343263588e+00,2.809417634988270462e-01,1.458846197471936890e+00
3.166999999999999815e+00,1.625000000000000000e+03,1.500000000000000000e+03,-1.147246445343263588e+00,2.809417634988270462e-01,1.458846197471936890e+00
3.184000000000000163e+00,1.625000000000000000e+03,1.500000000000000000e+03,-1.148724585557842293e+00,2.809756735653464732e-01,1.459454403000211231e+00
3.201000000000000068e+00,1.625000000000000000e+03,1.500000000000000000e+03,-1.148724585557842293e+00,2.809756735653464732e-01,1.459454403000211231e+00
3.217999999999999972e+00,1.625000000000000000e+03,1.500000000000000000e+03,-1.150202698430211168e+00,2.810095402272012599e-01,1.460062948459154519e+00
3.236000000000000210e+00,1.625000000000000000e+03,1.500000000000000000e+03,-1.150202698430211168e+00,2.810095402272012599e-01,1.460062948459154519e+00
3.253000000000000114e+00,1.625000000000000000e+03,1.500000000000000000e+03,-1.152050304907822564e+00,2.810518131285744126e-01,1.460671833118509788e+00
3.270000000000000018e+00,1.625000000000000000e+03,1.500000000000000000e+03,-1.152789337735028674e+00,2.810687036503047853e-01,1.469876108120468983e+00
3.286999999999999922e+00,1.625000000000000000e+03,1.500000000000000000e+03,-1.153393860965613360e+00,2.815581065854264597e-01,1.459685232454962511e+00
3.302999999999999936e+00,1.625000000000000000e+03,1.500000000000000000e+03,-1.153393860965613360e+00,2.815581065854264597e-01,1.459685232454962511e+00
3.319999999999999840e+00,1.625000000000000000e+03,1.500000000000000000e+03,-1.155342991408592646e+00,2.825544568074899177e-01,1.453187641001368435e+00
3.337000000000000188e+00,1.625000000000000000e+03,1.500000000000000000e+03,-1.156452133980477637e+00,2.825797892210235585e-01,1.453796858372355505e+00
3.354000000000000092e+00,1.625000000000000000e+03,1.500000000000000000e+03,-1.158166989750919029e+00,2.830951754094626072e-01,1.454406408220535685e+00
3.371999999999999886e+00,1.625000000000000000e+03,1.500000000000000000e+03,-1.158166989750919029e+00,2.830951754094626072e-01,1.454406408220535685e+00
3.388999999999999790e+00,1.625000000000000000e+03,1.500000000000000000e+03,-1.158166989750919029e+00,2.830951754094626072e-01,1.454406408220535685e+00
3.407000000000000028e+00,1.625000000000000000e+03,1.500000000000000000e+03,-1.159646101093960269e+00,2.831289013786144615e-01,1.455016289887332448e+00
3.423999999999999932e+00,1.625000000000000000e+03,1.500000000000000000e+03,-1.161125204463476557e+00,2.831625875642700407e-01,1.455626502714485238e+00
3.440999999999999837e+00,1.625000000000000000e+03,1.500000000000000000e+03,-1.161125204463476557e+00,2.831625875642700407e-01,1.455626502714485238e+00
3.458000000000000185e+00,1.625000000000000000e+03,1.500000000000000000e+03,-1.161125204463476557e+00,2.831625875642700407e-01,1.455626502714485238e+00
3.475000000000000089e+00,1.625000000000000000e+03,1.500000000000000000e+03,-1.162974076134979162e+00,2.832046399372671885e-01,1.456237046044019490e+00
3.491999999999999993e+00,1.625000000000000000e+03,1.500000000000000000e+03,-1.164083396913862201e+00,2.832298421236356667e-01,1.456847919218217324e+00
3.508999999999999897e+00,1.625000000000000000e+03,1.500000000000000000e+03,-1.169498428086222841e+00,2.838292165000946277e-01,1.448734279511600720e+00
3.525999999999999801e+00,1.625000000000000000e+03,1.500000000000000000e+03,-1.170238123014974985e+00,2.838459532489949755e-01,1.457807478914881161e+00
3.544000000000000039e+00,1.625000000000000000e+03,1.500000000000000000e+03,-1.170238123014974985e+00,2.838459532489949755e-01,1.457807478914881161e+00
3.560999999999999943e+00,1.625000000000000000e+03,1.500000000000000000e+03,-1.171717520106390520e+00,2.838793991213154344e-01,1.458419887166380047e+00
3.577999999999999847e+00,1.625000000000000000e+03,1.500000000000000000e+03,-1.172457222847443914e+00,2.838961083377531391e-01,1.449956874463585121e+00
3.595000000000000195e+00,1.625000000000000000e+03,1.500000000000000000e+03,-1.174915618826818164e+00,2.844285347608042080e-01,1.452449988449770579e+00
3.612000000000000099e+00,1.625000000000000000e+03,1.500000000000000000e+03,-1.174915618826818164e+00,2.844285347608042080e-01,1.452449988449770579e+00
3.629000000000000004e+00,1.625000000000000000e+03,1.500000000000000000e+03,-1.176634981005342917e+00,2.849444895627545327e-01,1.453062657154021053e+00
3.648000000000000131e+00,1.625000000000000000e+03,1.500000000000000000e+03,-1.178725102666184243e+00,2.854690161073812904e-01,1.443851970570490861e+00
3.665000000000000036e+00,1.625000000000000000e+03,1.500000000000000000e+03,-1.180335094571621113e+00,2.850278227170164325e-01,1.445734775348394008e+00
3.681999999999999940e+00,1.625000000000000000e+03,1.500000000000000000e+03,-1.181685815013616470e+00,2.855356722492013999e-01,1.446347351284132721e+00
3.698999999999999844e+00,1.625000000000000000e+03,1.500000000000000000e+03,-1.181926559319960379e+00,2.860187721149745066e-01,1.445076587503797416e+00
3.716000000000000192e+00,1.625000000000000000e+03,1.500000000000000000e+03,-1.183037070317288553e+00,2.860437556008257332e-01,1.445689371066946949e+00
3.733000000000000096e+00,1.625000000000000000e+03,1.500000000000000000e+03,-1.184517777947457162e+00,2.860770379897211724e-01,1.446302470659210693e+00
3.749000000000000110e+00,1.625000000000000000e+03,1.500000000000000000e+03,-1.185258143653218355e+00,2.860936668874655142e-01,1.455366424848566487e+00
3.766999999999999904e+00,1.625000000000000000e+03,1.500000000000000000e+03,-1.185258143653218355e+00,2.860936668874655142e-01,1.455366424848566487e+00
3.783999999999999808e+00,1.625000000000000000e+03,1.500000000000000000e+03,-1.186610407896407704e+00,2.866019935254772166e-01,1.439549834905093917e+00
3.802999999999999936e+00,1.625000000000000000e+03,1.500000000000000000e+03,-1.186610407896407704e+00,2.866019935254772166e-01,1.439549834905093917e+00
3.821000000000000174e+00,1.625000000000000000e+03,1.500000000000000000e+03,-1.186610407896407704e+00,2.866019935254772166e-01,1.439549834905093917e+00
3.838000000000000078e+00,1.625000000000000000e+03,1.500000000000000000e+03,-1.189572592641123805e+00,2.866684411339676108e-01,1.440775779777526910e+00
3.854999999999999982e+00,1.625000000000000000e+03,1.500000000000000000e+03,-1.189572592641123805e+00,2.866684411339676108e-01,1.440775779777526910e+00
3.873000000000000220e+00,1.625000000000000000e+03,1.500000000000000000e+03,-1.191296406773495242e+00,2.871853178398872108e-01,1.441389220435761453e+00
3.888999999999999790e+00,1.625000000000000000e+03,1.500000000000000000e+03,-1.191296406773495242e+00,2.871853178398872108e-01,1.441389220435761453e+00
3.906000000000000139e+00,1.625000000000000000e+03,1.500000000000000000e+03,-1.193020938088189098e+00,2.877024359137189125e-01,1.440840150701141020e+00
3.923000000000000043e+00,1.625000000000000000e+03,1.500000000000000000e+03,-1.195360321750820187e+00,2.887124962986781229e-01,1.443138908990581504e+00
3.939999999999999947e+00,1.625000000000000000e+03,1.500000000000000000e+03,-1.196842795081560773e+00,2.887457007908338369e-01,1.443753715832260864e+00
3.956999999999999851e+00,1.625000000000000000e+03,1.500000000000000000e+03,-1.196842795081560773e+00,2.887457007908338369e-01,1.443753715832260864e+00
3.974000000000000199e+00,1.625000000000000000e+03,1.500000000000000000e+03,-1.197954683539803389e+00,2.887705850677491082e-01,1.435232709095933368e+00
3.991000000000000103e+00,1.625000000000000000e+03,1.500000000000000000e+03,-1.204992641774124351e+00,2.903663552721406083e-01,1.438221249310109640e+00
4.009000000000000341e+00,1.625000000000000000e+03,1.500000000000000000e+03,-1.206105417429555793e+00,2.903912096491075845e-01,1.438836756481449042e+00
4.025999999999999801e+00,1.625000000000000000e+03,1.500000000000000000e+03,-1.207835441936136567e+00,2.909098292206764302e-01,1.439452567489484691e+00
4.043000000000000149e+00,1.625000000000000000e+03,1.500000000000000000e+03,-1.209319567141854179e+00,2.909429531775240552e-01,1.440068681902457959e+00
4.060999999999999943e+00,1.625000000000000000e+03,1.500000000000000000e+03,-1.209319567141854179e+00,2.909429531775240552e-01,1.440068681902457959e+00
4.078000000000000291e+00,1.625000000000000000e+03,1.500000000000000000e+03,-1.210555372894473347e+00,2.919312535141130871e-01,1.441680781921178767e+00
4.094999999999999751e+00,1.625000000000000000e+03,1.500000000000000000e+03,-1.211668991684463847e+00,2.919561220290370906e-01,1.442297730883779883e+00
4.113000000000000433e+00,1.625000000000000000e+03,1.500000000000000000e+03,-1.212658804473198515e+00,2.924589303134014218e-01,1.432716095480359053e+00
4.129999999999999893e+00,1.625000000000000000e+03,1.500000000000000000e+03,-1.214144033965576686e+00,2.924920893903170116e-01,1.433331873015203151e+00
4.147000000000000242e+00,1.625000000000000000e+03,1.500000000000000000e+03,-1.214144033965576686e+00,2.924920893903170116e-01,1.433331873015203151e+00
4.165000000000000036e+00,1.625000000000000000e+03,1.500000000000000000e+03,-1.216745430463998412e+00,2.939937359154166652e-01,1.435458492545247600e+00
4.182000000000000384e+00,1.625000000000000000e+03,1.500000000000000000e+03,-1.218231750077154452e+00,2.940269484206555761e-01,1.436075388911251194e+00
4.198999999999999844e+00,1.625000000000000000e+03,1.500000000000000000e+03,-1.218231750077154452e+00,2.940269484206555761e-01,1.436075388911251194e+00
4.216999999999999638e+00,1.625000000000000000e+03,1.500000000000000000e+03,-1.221453998567215926e+00,2.945805858986120240e-01,1.436340698046652653e+00
4.233999999999999986e+00,1.625000000000000000e+03,1.500000000000000000e+03,-1.221453998567215926e+00,2.945805858986120240e-01,1.436340698046652653e+00
4.251000000000000334e+00,1.625000000000000000e+03,1.500000000000000000e+03,-1.224184284455670069e+00,2.956056666233596308e-01,1.438470844208304955e+00
4.299000000000000377e+00,1.625000000000000000e+03,1.500000000000000000e+03,-1.225550342654875280e+00,2.961185951972465924e-01,1.439089336190307433e+00
4.339000000000000412e+00,1.625000000000000000e+03,1.500000000000000000e+03,-1.225550342654875280e+00,2.961185951972465924e-01,1.439089336190307433e+00
4.355999999999999872e+00,1.625000000000000000e+03,1.500000000000000000e+03,-1.225550342654875280e+00,2.961185951972465924e-01,1.439089336190307433e+00
4.373999999999999666e+00,1.625000000000000000e+03,1.500000000000000000e+03,-1.228154422865626705e+00,2.961767601915067383e-01,1.448938456437133038e+00
4.391000000000000014e+00,1.625000000000000000e+03,1.500000000000000000e+03,-1.228154422865626705e+00,2.961767601915067383e-01,1.448938456437133038e+00
4.408000000000000362e+00,1.625000000000000000e+03,1.500000000000000000e+03,-1.229893893806865091e+00,2.966982980033626704e-01,1.441863543630030664e+00
4.426000000000000156e+00,1.625000000000000000e+03,1.500000000000000000e+03,-1.230889722145910969e+00,2.972034779760311940e-01,1.433162785787152060e+00
4.442999999999999616e+00,1.625000000000000000e+03,1.500000000000000000e+03,-1.233375296948190147e+00,2.977421924688133936e-01,1.433519780500512431e+00
4.459999999999999964e+00,1.625000000000000000e+03,1.500000000000000000e+03,-1.233375296948190147e+00,2.977421924688133936e-01,1.433519780500512431e+00
4.477000000000000313e+00,1.625000000000000000e+03,1.500000000000000000e+03,-1.234864711524214842e+00,2.977754583738897454e-01,1.434138677771983117e+00
4.493999999999999773e+00,1.625000000000000000e+03,1.500000000000000000e+03,-1.236354231138789395e+00,2.978087057685306904e-01,1.434757867260915587e+00
4.511000000000000121e+00,1.625000000000000000e+03,1.500000000000000000e+03,-1.246803775300384665e+00,2.994932089699066102e-01,1.421270457982667379e+00
4.527999999999999581e+00,1.625000000000000000e+03,1.500000000000000000e+03,-1.248295093565362723e+00,2.995264483609195727e-01,1.421888573635633479e+00
4.544999999999999929e+00,1.625000000000000000e+03,1.500000000000000000e+03,-1.249669417429359441e+00,3.000414842850943620e-01,1.422506977900019010e+00
4.562999999999999723e+00,1.625000000000000000e+03,1.500000000000000000e+03,-1.249669417429359441e+00,3.000414842850943620e-01,1.422506977900019010e+00
4.578999999999999737e+00,1.625000000000000000e+03,1.500000000000000000e+03,-1.251161269150292910e+00,3.000747377855409459e-01,1.423125670500228868e+00
4.597000000000000419e+00,1.625000000000000000e+03,1.500000000000000000e+03,-1.254634573646103979e+00,2.996675462686909652e-01,1.424363919593646166e+00
4.613000000000000433e+00,1.625000000000000000e+03,1.500000000000000000e+03,-1.256126549420046423e+00,2.997007074348257971e-01,1.424983475523546206e+00
4.631000000000000227e+00,1.625000000000000000e+03,1.500000000000000000e+03,-1.257618655709934252e+00,2.997338545780187102e-01,1.425603318662643781e+00
4.649000000000000021e+00,1.625000000000000000e+03,1.500000000000000000e+03,-1.258995582848652095e+00,3.002490819107551667e-01,1.425580346978539303e+00
4.665000000000000036e+00,1.625000000000000000e+03,1.500000000000000000e+03,-1.258995582848652095e+00,3.002490819107551667e-01,1.425580346978539303e+00
4.682999999999999829e+00,1.625000000000000000e+03,1.500000000000000000e+03,-1.259999923019044399e+00,3.007562828948634470e-01,1.426200682098785366e+00
4.698999999999999844e+00,1.625000000000000000e+03,1.500000000000000000e+03,-1.259999923019044399e+00,3.007562828948634470e-01,1.426200682098785366e+00
4.716000000000000192e+00,1.625000000000000000e+03,1.500000000000000000e+03,-1.261751429451026141e+00,3.012803629176835640e-01,1.426821303224384829e+00
4.733999999999999986e+00,1.625000000000000000e+03,1.500000000000000000e+03,-1.261751429451026141e+00,3.012803629176835640e-01,1.426821303224384829e+00
4.751999999999999780e+00,1.625000000000000000e+03,1.500000000000000000e+03,-1.263503825889009224e+00,3.018047356083967125e-01,1.419480656827137643e+00
4.769000000000000128e+00,1.625000000000000000e+03,1.500000000000000000e+03,-1.265371319140922157e+00,3.018463107816199420e-01,1.420100286723951832e+00
4.785999999999999588e+00,1.625000000000000000e+03,1.500000000000000000e+03,-1.268359769749549004e+00,3.019127928479058420e-01,1.421340401744490611e+00
4.802999999999999936e+00,1.625000000000000000e+03,1.500000000000000000e+03,-1.269854211421532320e+00,3.019460168177087178e-01,1.421960886356896880e+00
4.820000000000000284e+00,1.625000000000000000e+03,1.500000000000000000e+03,-1.271235757525315924e+00,3.024625064612328496e-01,1.422581655358815977e+00
4.836999999999999744e+00,1.625000000000000000e+03,1.500000000000000000e+03,-1.271235757525315924e+00,3.024625064612328496e-01,1.422581655358815977e+00
4.854000000000000092e+00,1.625000000000000000e+03,1.500000000000000000e+03,-1.272991837372047907e+00,3.029875992522422790e-01,1.422667648464511991e+00
4.871000000000000441e+00,1.625000000000000000e+03,1.500000000000000000e+03,-1.275010427459317919e+00,3.040053230385254546e-01,1.415241013307614759e+00
4.887999999999999901e+00,1.625000000000000000e+03,1.500000000000000000e+03,-1.275010427459317919e+00,3.040053230385254546e-01,1.415241013307614759e+00
4.905000000000000249e+00,1.625000000000000000e+03,1.500000000000000000e+03,-1.277517155924456249e+00,3.045479823914901685e-01,1.416481070904071382e+00
4.923000000000000043e+00,1.625000000000000000e+03,1.500000000000000000e+03,-1.277517155924456249e+00,3.045479823914901685e-01,1.416481070904071382e+00
4.940000000000000391e+00,1.625000000000000000e+03,1.500000000000000000e+03,-1.281259643032899742e+00,3.046314473656385191e-01,1.426895115612389464e+00
4.956999999999999851e+00,1.625000000000000000e+03,1.500000000000000000e+03,-1.283020381764776729e+00,3.051578195289875728e-01,1.419369661187154019e+00
4.974999999999999645e+00,1.625000000000000000e+03,1.500000000000000000e+03,-1.284782055524926969e+00,3.056844977313216694e-01,1.419991382196654550e+00
4.990999999999999659e+00,1.625000000000000000e+03,1.500000000000000000e+03,-1.294512537037585176e+00,3.093208764968001789e-01,1.415028951013677094e+00
5.008000000000000007e+00,1.625000000000000000e+03,1.500000000000000000e+03,-1.296014037023504928e+00,3.093546175737190707e-01,1.415650881943942840e+00
5.025000000000000355e+00,1.625000000000000000e+03,1.500000000000000000e+03,-1.298266617030170211e+00,3.094052200344169501e-01,1.416895582427829092e+00
5.041999999999999815e+00,1.625000000000000000e+03,1.500000000000000000e+03,-1.299285134587661261e+00,3.099175363320428866e-01,1.426161335867111024e+00
5.059000000000000163e+00,1.625000000000000000e+03,1.500000000000000000e+03,-1.299285134587661261e+00,3.099175363320428866e-01,1.426161335867111024e+00
5.075999999999999623e+00,1.625000000000000000e+03,1.500000000000000000e+03,-1.301431232294321116e+00,3.104554915904570445e-01,1.418452550340409957e+00
5.094000000000000306e+00,1.625000000000000000e+03,1.500000000000000000e+03,-1.301431232294321116e+00,3.104554915904570445e-01,1.418452550340409957e+00
5.110000000000000320e+00,1.625000000000000000e+03,1.500000000000000000e+03,-1.304599235583140171e+00,3.115069937030400249e-01,1.419365138395377590e+00
5.126999999999999780e+00,1.625000000000000000e+03,1.500000000000000000e+03,-1.304599235583140171e+00,3.115069937030400249e-01,1.419365138395377590e+00
5.144000000000000128e+00,1.625000000000000000e+03,1.500000000000000000e+03,-1.308146869796716016e+00,3.125682354375319827e-01,1.412194019556574087e+00
5.160999999999999588e+00,1.625000000000000000e+03,1.500000000000000000e+03,-1.308146869796716016e+00,3.125682354375319827e-01,1.412194019556574087e+00
5.177999999999999936e+00,1.625000000000000000e+03,1.500000000000000000e+03,-1.309545814732640645e+00,3.130908280092358220e-01,1.412594405369056005e+00
5.195000000000000284e+00,1.625000000000000000e+03,1.500000000000000000e+03,-1.309545814732640645e+00,3.130908280092358220e-01,1.412594405369056005e+00
5.211999999999999744e+00,1.625000000000000000e+03,1.500000000000000000e+03,-1.313475745210000101e+00,3.141625274469471707e-01,1.414671095168129167e+00
5.229000000000000092e+00,1.625000000000000000e+03,1.500000000000000000e+03,-1.315254031390662881e+00,3.146946107542701876e-01,1.415294893787720998e+00
5.246000000000000441e+00,1.625000000000000000e+03,1.500000000000000000e+03,-1.315254031390662881e+00,3.146946107542701876e-01,1.415294893787720998e+00
5.262999999999999901e+00,1.625000000000000000e+03,1.500000000000000000e+03,-1.316761179014423799e+00,3.147288079656885840e-01,1.415918969020167673e+00
5.280000000000000249e+00,1.625000000000000000e+03,1.500000000000000000e+03,-1.318164070518796915e+00,3.152527078752022094e-01,1.416321216272107275e+00
5.296999999999999709e+00,1.625000000000000000e+03,1.500000000000000000e+03,-1.320321854037765918e+00,3.157940614990292216e-01,1.408441454217291611e+00
5.315000000000000391e+00,1.625000000000000000e+03,1.500000000000000000e+03,-1.321830291494521692e+00,3.158283596970655749e-01,1.409064339369068497e+00
5.331999999999999851e+00,1.625000000000000000e+03,1.500000000000000000e+03,-1.321830291494521692e+00,3.158283596970655749e-01,1.409064339369068497e+00
5.349000000000000199e+00,1.625000000000000000e+03,1.500000000000000000e+03,-1.325499217604528823e+00,3.164044730242437931e-01,1.419654807449616918e+00
5.365000000000000213e+00,1.625000000000000000e+03,1.500000000000000000e+03,-1.327283334947346738e+00,3.169380468858361555e-01,1.420280882497068298e+00
5.383000000000000007e+00,1.625000000000000000e+03,1.500000000000000000e+03,-1.327283334947346738e+00,3.169380468858361555e-01,1.420280882497068298e+00
5.400000000000000355e+00,1.625000000000000000e+03,1.500000000000000000e+03,-1.329068477793331926e+00,3.174719557673121306e-01,1.412289364706367900e+00
5.416999999999999815e+00,1.625000000000000000e+03,1.500000000000000000e+03,-1.329068477793331926e+00,3.174719557673121306e-01,1.412289364706367900e+00
5.434000000000000163e+00,1.625000000000000000e+03,1.500000000000000000e+03,-1.332743587742350133e+00,3.180493427475067358e-01,1.404725055949588963e+00
5.450999999999999623e+00,1.625000000000000000e+03,1.500000000000000000e+03,-1.332743587742350133e+00,3.180493427475067358e-01,1.404725055949588963e+00
5.467999999999999972e+00,1.625000000000000000e+03,1.500000000000000000e+03,-1.334153541786677000e+00,3.185753514536436848e-01,1.405348054228766186e+00
5.485000000000000320e+00,1.625000000000000000e+03,1.500000000000000000e+03,-1.336421473628776946e+00,3.186272089410123742e-01,1.415302367892617097e+00
5.501999999999999780e+00,1.625000000000000000e+03,1.500000000000000000e+03,-1.347850685206659627e+00,3.203724279507168538e-01,1.410969781175187343e+00
5.519000000000000128e+00,1.625000000000000000e+03,1.500000000000000000e+03,-1.350123019524707813e+00,3.204245774055533014e-01,1.402898529705345343e+00
5.535999999999999588e+00,1.625000000000000000e+03,1.500000000000000000e+03,-1.353434777990682125e+00,3.209958222516652304e-01,1.413474716978765588e+00
5.552999999999999936e+00,1.625000000000000000e+03,1.500000000000000000e+03,-1.355990694340630354e+00,3.215500916877896964e-01,1.405290692083560611e+00
5.570999999999999730e+00,1.625000000000000000e+03,1.500000000000000000e+03,-1.357410435120968373e+00,3.220785520308099281e-01,1.406031142005853773e+00
5.588000000000000078e+00,1.625000000000000000e+03,1.500000000000000000e+03,-1.360445125568619629e+00,3.221484848229753117e-01,1.407166437350431343e+00
5.605999999999999872e+00,1.625000000000000000e+03,1.500000000000000000e+03,-1.360445125568619629e+00,3.221484848229753117e-01,1.407166437350431343e+00
5.621999999999999886e+00,1.625000000000000000e+03,1.500000000000000000e+03,-1.361866735451382260e+00,3.226773866581512662e-01,1.407907897086319471e+00
5.639999999999999680e+00,1.625000000000000000e+03,1.500000000000000000e+03,-1.364144178055429535e+00,3.227299460739126991e-01,1.399844919801690013e+00
5.657000000000000028e+00,1.625000000000000000e+03,1.500000000000000000e+03,-1.365662770336648180e+00,3.227649950145660140e-01,1.400469030609083898e+00
5.674000000000000377e+00,1.625000000000000000e+03,1.500000000000000000e+03,-1.370031021779197999e+00,3.238592555222191693e-01,1.402132634611345630e+00
5.690999999999999837e+00,1.625000000000000000e+03,1.500000000000000000e+03,-1.370031021779197999e+00,3.238592555222191693e-01,1.402132634611345630e+00
5.708000000000000185e+00,1.625000000000000000e+03,1.500000000000000000e+03,-1.374024600603119817e+00,3.249462443685696700e-01,1.394938348127919170e+00
5.724999999999999645e+00,1.625000000000000000e+03,1.500000000000000000e+03,-1.374024600603119817e+00,3.249462443685696700e-01,1.394938348127919170e+00
5.743000000000000327e+00,1.625000000000000000e+03,1.500000000000000000e+03,-1.376019808324403515e+00,3.244951304159268135e-01,1.404635040568826376e+00
5.759999999999999787e+00,1.625000000000000000e+03,1.500000000000000000e+03,-1.376019808324403515e+00,3.244951304159268135e-01,1.404635040568826376e+00
5.777000000000000135e+00,1.625000000000000000e+03,1.500000000000000000e+03,-1.377828669797434902e+00,3.250345712841614665e-01,1.405490978060372376e+00
5.793999999999999595e+00,1.625000000000000000e+03,1.500000000000000000e+03,-1.379350731411462583e+00,3.250699187239577403e-01,1.406117633864311989e+00
5.812000000000000277e+00,1.625000000000000000e+03,1.500000000000000000e+03,-1.384115661290580945e+00,3.261766365253359057e-01,1.398992733240820963e+00
5.828999999999999737e+00,1.625000000000000000e+03,1.500000000000000000e+03,-1.385456357873892319e+00,3.272048512020776512e-01,1.399960950296729401e+00
5.846000000000000085e+00,1.625000000000000000e+03,1.500000000000000000e+03,-1.385456357873892319e+00,3.272048512020776512e-01,1.399960950296729401e+00
5.863000000000000433e+00,1.625000000000000000e+03,1.500000000000000000e+03,-1.387743360654106972e+00,3.272582902100090729e-01,1.400586689436594590e+00
5.881000000000000227e+00,1.625000000000000000e+03,1.500000000000000000e+03,-1.387743360654106972e+00,3.272582902100090729e-01,1.400586689436594590e+00
5.897999999999999687e+00,1.625000000000000000e+03,1.500000000000000000e+03,-1.389649636166556013e+00,3.273028419488345220e-01,1.410531521865718174e+00
5.915000000000000036e+00,1.625000000000000000e+03,1.500000000000000000e+03,-1.391847418365477207e+00,3.278532340268648371e-01,1.402149882406486414e+00
5.932000000000000384e+00,1.625000000000000000e+03,1.500000000000000000e+03,-1.393575057434451869e+00,3.288924749962037763e-01,1.394451150786805815e+00
5.948999999999999844e+00,1.625000000000000000e+03,1.500000000000000000e+03,-1.393575057434451869e+00,3.288924749962037763e-01,1.394451150786805815e+00
5.966000000000000192e+00,1.625000000000000000e+03,1.500000000000000000e+03,-1.395483775757840217e+00,3.289372956553228144e-01,1.395075908687475552e+00
5.983999999999999986e+00,1.625000000000000000e+03,1.500000000000000000e+03,-1.398067579636287361e+00,3.294978494458201679e-01,1.405002235782297770e+00
6.001000000000000334e+00,1.625000000000000000e+03,1.500000000000000000e+03,-1.409778799259684412e+00,3.327795805832743925e-01,1.391557831035384885e+00
6.019000000000000128e+00,1.625000000000000000e+03,1.500000000000000000e+03,-1.414203767884863572e+00,3.338887782841898355e-01,1.393477641900141339e+00
6.035999999999999588e+00,1.625000000000000000e+03,1.500000000000000000e+03,-1.414203767884863572e+00,3.338887782841898355e-01,1.393477641900141339e+00
6.054000000000000270e+00,1.625000000000000000e+03,1.500000000000000000e+03,-1.414203767884863572e+00,3.338887782841898355e-01,1.393477641900141339e+00
6.070999999999999730e+00,1.625000000000000000e+03,1.500000000000000000e+03,-1.415737240196231372e+00,3.339253391999211784e-01,1.394103512491892793e+00
6.089000000000000412e+00,1.625000000000000000e+03,1.500000000000000000e+03,-1.417569139233320064e+00,3.344714839175199073e-01,1.404131789668721320e+00
6.105999999999999872e+00,1.625000000000000000e+03,1.500000000000000000e+03,-1.417569139233320064e+00,3.344714839175199073e-01,1.404131789668721320e+00
6.123000000000000220e+00,1.625000000000000000e+03,1.500000000000000000e+03,-1.421919780186026827e+00,3.360845492952736491e-01,1.396654122188621283e+00
6.139999999999999680e+00,1.625000000000000000e+03,1.500000000000000000e+03,-1.421919780186026827e+00,3.360845492952736491e-01,1.396654122188621283e+00
6.158000000000000362e+00,1.625000000000000000e+03,1.500000000000000000e+03,-1.425977532671229842e+00,3.371894171776707028e-01,1.397998399329865471e+00
6.174999999999999822e+00,1.625000000000000000e+03,1.500000000000000000e+03,-1.425977532671229842e+00,3.371894171776707028e-01,1.397998399329865471e+00
6.192999999999999616e+00,1.625000000000000000e+03,1.500000000000000000e+03,-1.428283998156621548e+00,3.372449827007647505e-01,1.389758693739597151e+00
6.209999999999999964e+00,1.625000000000000000e+03,1.500000000000000000e+03,-1.430425431205500697e+00,3.383052059988246318e-01,1.399883245036646962e+00
6.227999999999999758e+00,1.625000000000000000e+03,1.500000000000000000e+03,-1.430425431205500697e+00,3.383052059988246318e-01,1.399883245036646962e+00
6.245000000000000107e+00,1.625000000000000000e+03,1.500000000000000000e+03,-1.432651696502249994e+00,3.388637430132596107e-01,1.390974868772554274e+00
6.261999999999999567e+00,1.625000000000000000e+03,1.500000000000000000e+03,-1.434109349951387280e+00,3.394040265848697890e-01,1.392316196655045024e+00
6.278999999999999915e+00,1.625000000000000000e+03,1.500000000000000000e+03,-1.437271945351999758e+00,3.389756818415420314e-01,1.392854755695400959e+00
6.296000000000000263e+00,1.625000000000000000e+03,1.500000000000000000e+03,-1.438650169422196923e+00,3.400195771318780258e-01,1.394197621469291049e+00
6.312999999999999723e+00,1.625000000000000000e+03,1.500000000000000000e+03,-1.441186648749982702e+00,3.410927990124289488e-01,1.385196787416234976e+00
6.330000000000000071e+00,1.625000000000000000e+03,1.500000000000000000e+03,-1.443500835993971609e+00,3.411492646769910264e-01,1.395419144075799922e+00
6.347000000000000419e+00,1.625000000000000000e+03,1.500000000000000000e+03,-1.443500835993971609e+00,3.411492646769910264e-01,1.395419144075799922e+00
6.363999999999999879e+00,1.625000000000000000e+03,1.500000000000000000e+03,-1.445349906244406846e+00,3.417006411942838939e-01,1.387905520813587534e+00
6.381000000000000227e+00,1.625000000000000000e+03,1.500000000000000000e+03,-1.447506775526489653e+00,3.427666759958608589e-01,1.387760810995756655e+00
6.397999999999999687e+00,1.625000000000000000e+03,1.500000000000000000e+03,-1.450131572936735891e+00,3.433381436080801263e-01,1.389013662902162327e+00
6.415000000000000036e+00,1.625000000000000000e+03,1.500000000000000000e+03,-1.452063809736043432e+00,3.433856433776812933e-01,1.389640510086409320e+00
6.432000000000000384e+00,1.625000000000000000e+03,1.500000000000000000e+03,-1.454304945610191302e+00,3.439481920961050543e-01,1.390895046247398792e+00
6.448999999999999844e+00,1.625000000000000000e+03,1.500000000000000000e+03,-1.459256276055636015e+00,3.445780586844197080e-01,1.391986820174752948e+00
6.466000000000000192e+00,1.625000000000000000e+03,1.500000000000000000e+03,-1.459256276055636015e+00,3.445780586844197080e-01,1.391986820174752948e+00
6.482999999999999652e+00,1.625000000000000000e+03,1.500000000000000000e+03,-1.472440853287137807e+00,3.474489224488105377e-01,1.388967204781288434e+00
6.500000000000000000e+00,1.625000000000000000e+03,1.500000000000000000e+03,-1.475472148985478738e+00,3.480343021803323778e-01,1.390223803571795758e+00
6.517000000000000348e+00,1.625000000000000000e+03,1.500000000000000000e+03,-1.475472148985478738e+00,3.480343021803323778e-01,1.390223803571795758e+00
6.535000000000000142e+00,1.625000000000000000e+03,1.500000000000000000e+03,-1.476951899459544748e+00,3.485813017218509779e-01,1.390852525386232275e+00
6.551999999999999602e+00,1.625000000000000000e+03,1.500000000000000000e+03,-1.479136628904411443e+00,3.496568480088199093e-01,1.382599634543566935e+00
6.568999999999999950e+00,1.625000000000000000e+03,1.500000000000000000e+03,-1.482319835404016573e+00,3.492262640743358793e-01,1.382758325644698028e+00
6.586000000000000298e+00,1.625000000000000000e+03,1.500000000000000000e+03,-1.483803015065026321e+00,3.497742063722809602e-01,1.384480181576309699e+00
6.602999999999999758e+00,1.625000000000000000e+03,1.500000000000000000e+03,-1.483803015065026321e+00,3.497742063722809602e-01,1.384480181576309699e+00
6.621000000000000441e+00,1.625000000000000000e+03,1.500000000000000000e+03,-1.490984842107439645e+00,3.514892461172506311e-01,1.378130421935618743e+00
6.637999999999999901e+00,1.625000000000000000e+03,1.500000000000000000e+03,-1.490984842107439645e+00,3.514892461172506311e-01,1.378130421935618743e+00
6.653999999999999915e+00,1.625000000000000000e+03,1.500000000000000000e+03,-1.495201684731197300e+00,3.521080545811071660e-01,1.380008616001473065e+00
6.671000000000000263e+00,1.625000000000000000e+03,1.500000000000000000e+03,-1.495201684731197300e+00,3.521080545811071660e-01,1.380008616001473065e+00
6.687999999999999723e+00,1.625000000000000000e+03,1.500000000000000000e+03,-1.497541462747414842e+00,3.521674708104133300e-01,1.380635255599167888e+00
6.705000000000000071e+00,1.625000000000000000e+03,1.500000000000000000e+03,-1.497541462747414842e+00,3.521674708104133300e-01,1.380635255599167888e+00
6.722000000000000419e+00,1.625000000000000000e+03,1.500000000000000000e+03,-1.502017412694931942e+00,3.538192353216372821e-01,1.382603814998067282e+00
6.738999999999999879e+00,1.625000000000000000e+03,1.500000000000000000e+03,-1.502017412694931942e+00,3.538192353216372821e-01,1.382603814998067282e+00
6.756000000000000227e+00,1.625000000000000000e+03,1.500000000000000000e+03,-1.504819526493766935e+00,3.533778462103923657e-01,1.382643626350596788e+00
6.774000000000000021e+00,1.625000000000000000e+03,1.500000000000000000e+03,-1.507028137727771000e+00,3.544606016123704739e-01,1.375552342877512935e+00
6.791000000000000369e+00,1.625000000000000000e+03,1.500000000000000000e+03,-1.508982663155023163e+00,3.545106800499281396e-01,1.376178168154103876e+00
6.807999999999999829e+00,1.625000000000000000e+03,1.500000000000000000e+03,-1.508982663155023163e+00,3.545106800499281396e-01,1.376178168154103876e+00
6.825000000000000178e+00,1.625000000000000000e+03,1.500000000000000000e+03,-1.512044393501764006e+00,3.551028812121458378e-01,1.376191361450996409e+00
6.841999999999999638e+00,1.625000000000000000e+03,1.500000000000000000e+03,-1.513543084953917983e+00,3.556553633250209012e-01,1.378152306569394359e+00
6.858999999999999986e+00,1.625000000000000000e+03,1.500000000000000000e+03,-1.518502048092283063e+00,3.568120617561699737e-01,1.380034280757894694e+00
6.876000000000000334e+00,1.625000000000000000e+03,1.500000000000000000e+03,-1.518502048092283063e+00,3.568120617561699737e-01,1.380034280757894694e+00
6.892999999999999794e+00,1.625000000000000000e+03,1.500000000000000000e+03,-1.521180398197535144e+00,3.573962399864082373e-01,1.380049725906642877e+00
6.910000000000000142e+00,1.625000000000000000e+03,1.500000000000000000e+03,-1.523532915269031340e+00,3.574571993022558347e-01,1.371636791822114398e+00
6.927999999999999936e+00,1.625000000000000000e+03,1.500000000000000000e+03,-1.526214766776615273e+00,3.580420793598807494e-01,1.381934844830681186e+00
6.945000000000000284e+00,1.625000000000000000e+03,1.500000000000000000e+03,-1.527657611150849970e+00,3.591110206670092841e-01,1.383901404864744888e+00
6.963000000000000078e+00,1.625000000000000000e+03,1.500000000000000000e+03,-1.530343613096722732e+00,3.596972171261981766e-01,1.374244383553621329e+00
6.980000000000000426e+00,1.625000000000000000e+03,1.500000000000000000e+03,-1.533094103160727029e+00,3.597690946875208295e-01,1.375497946291315721e+00
6.996999999999999886e+00,1.625000000000000000e+03,1.500000000000000000e+03,-1.533094103160727029e+00,3.597690946875208295e-01,1.375497946291315721e+00
7.014000000000000234e+00,1.625000000000000000e+03,1.500000000000000000e+03,-1.542230155597543062e+00,3.625946625771369058e-01,1.379370246627483310e+00
7.030999999999999694e+00,1.625000000000000000e+03,1.500000000000000000e+03,-1.542230155597543062e+00,3.625946625771369058e-01,1.379370246627483310e+00
7.048000000000000043e+00,1.625000000000000000e+03,1.500000000000000000e+03,-1.544534076079431495e+00,3.631735539679815661e-01,1.381456450013494930e+00
7.065000000000000391e+00,1.625000000000000000e+03,1.500000000000000000e+03,-1.547963557865062567e+00,3.643013574933272603e-01,1.372326579686855341e+00
7.081999999999999851e+00,1.625000000000000000e+03,1.500000000000000000e+03,-1.549936284893594474e+00,3.643537721128099482e-01,1.372953547145458808e+00
7.099000000000000199e+00,1.625000000000000000e+03,1.500000000000000000e+03,-1.553035515689409340e+00,3.649552210966219290e-01,1.374208366483385735e+00
7.115999999999999659e+00,1.625000000000000000e+03,1.500000000000000000e+03,-1.557603409007292772e+00,3.666359894014928900e-01,1.376205529482823264e+00
7.133000000000000007e+00,1.625000000000000000e+03,1.500000000000000000e+03,-1.557603409007292772e+00,3.666359894014928900e-01,1.376205529482823264e+00
7.150000000000000355e+00,1.625000000000000000e+03,1.500000000000000000e+03,-1.562632407560785364e+00,3.678116753237702374e-01,1.367450045619119425e+00
7.166999999999999815e+00,1.625000000000000000e+03,1.500000000000000000e+03,-1.562632407560785364e+00,3.678116753237702374e-01,1.367450045619119425e+00
7.184000000000000163e+00,1.625000000000000000e+03,1.500000000000000000e+03,-1.565688282457573077e+00,3.689359310538512515e-01,1.377849070749297411e+00
7.200999999999999623e+00,1.625000000000000000e+03,1.500000000000000000e+03,-1.565688282457573077e+00,3.689359310538512515e-01,1.377849070749297411e+00
7.217999999999999972e+00,1.625000000000000000e+03,1.500000000000000000e+03,-1.567614050085208488e+00,3.695093716310376974e-01,1.380095654925504123e+00
7.235999999999999766e+00,1.625000000000000000e+03,1.500000000000000000e+03,-1.572263190362724661e+00,3.706791502374194858e-01,1.371333276528532430e+00
7.253000000000000114e+00,1.625000000000000000e+03,1.500000000000000000e+03,-1.575384464181039945e+00,3.712864245810868491e-01,1.381746534790507575e+00
7.269999999999999574e+00,1.625000000000000000e+03,1.500000000000000000e+03,-1.575384464181039945e+00,3.712864245810868491e-01,1.381746534790507575e+00
7.288000000000000256e+00,1.625000000000000000e+03,1.500000000000000000e+03,-1.579594851781926934e+00,3.729702362388337411e-01,1.364840814262757052e+00
7.307000000000000384e+00,1.625000000000000000e+03,1.500000000000000000e+03,-1.579594851781926934e+00,3.729702362388337411e-01,1.364840814262757052e+00
7.323999999999999844e+00,1.625000000000000000e+03,1.500000000000000000e+03,-1.579594851781926934e+00,3.729702362388337411e-01,1.364840814262757052e+00
7.341999999999999638e+00,1.625000000000000000e+03,1.500000000000000000e+03,-1.582378165273988557e+00,3.730465362100424676e-01,1.375227845620197398e+00
7.358999999999999986e+00,1.625000000000000000e+03,1.500000000000000000e+03,-1.584661197234029872e+00,3.741567064955221289e-01,1.366850132156235631e+00
7.376000000000000334e+00,1.625000000000000000e+03,1.500000000000000000e+03,-1.587743613537910603e+00,3.752902731956074822e-01,1.368104500083705544e+00
7.392999999999999794e+00,1.625000000000000000e+03,1.500000000000000000e+03,-1.592475211831952286e+00,3.759459644220525254e-01,1.368214493441388679e+00
7.410000000000000142e+00,1.625000000000000000e+03,1.500000000000000000e+03,-1.594818142654991666e+00,3.765360980746891295e-01,1.361633987857315597e+00
7.426999999999999602e+00,1.625000000000000000e+03,1.500000000000000000e+03,-1.594818142654991666e+00,3.765360980746891295e-01,1.361633987857315597e+00
7.443999999999999950e+00,1.625000000000000000e+03,1.500000000000000000e+03,-1.594818142654991666e+00,3.765360980746891295e-01,1.361633987857315597e+00
7.461999999999999744e+00,1.625000000000000000e+03,1.500000000000000000e+03,-1.597113678417356741e+00,3.776511101053691144e-01,1.372005421212992626e+00
7.479000000000000092e+00,1.625000000000000000e+03,1.500000000000000000e+03,-1.599860172486099907e+00,3.782537536934990063e-01,1.361624701632760726e+00
7.498000000000000220e+00,1.625000000000000000e+03,1.500000000000000000e+03,-1.617590084476590917e+00,3.819158356644659635e-01,1.366726079882005118e+00
7.514999999999999680e+00,1.625000000000000000e+03,1.500000000000000000e+03,-1.620309016491094267e+00,3.830500878556538646e-01,1.360208152902737444e+00
7.532000000000000028e+00,1.625000000000000000e+03,1.500000000000000000e+03,-1.620309016491094267e+00,3.830500878556538646e-01,1.360208152902737444e+00
7.549999999999999822e+00,1.625000000000000000e+03,1.500000000000000000e+03,-1.622717472194659560e+00,3.831186025891649694e-01,1.370697546350974516e+00
7.567999999999999616e+00,1.625000000000000000e+03,1.500000000000000000e+03,-1.622717472194659560e+00,3.831186025891649694e-01,1.370697546350974516e+00
7.586999999999999744e+00,1.625000000000000000e+03,1.500000000000000000e+03,-1.627810375903864459e+00,3.848520557516633689e-01,1.363492395688716607e+00
7.604000000000000092e+00,1.625000000000000000e+03,1.500000000000000000e+03,-1.630625204970554076e+00,3.849326712067543399e-01,1.354908462781453382e+00
7.621000000000000441e+00,1.625000000000000000e+03,1.500000000000000000e+03,-1.633399585200798310e+00,3.855423480530172364e-01,1.365377729832133680e+00
7.637999999999999901e+00,1.625000000000000000e+03,1.500000000000000000e+03,-1.633399585200798310e+00,3.855423480530172364e-01,1.365377729832133680e+00
7.655000000000000249e+00,1.625000000000000000e+03,1.500000000000000000e+03,-1.635773609233502679e+00,3.861410250919997678e-01,1.375889820042175860e+00
7.671999999999999709e+00,1.625000000000000000e+03,1.500000000000000000e+03,-1.638955340126227123e+00,3.867634776375391548e-01,1.355860942622136411e+00
7.689000000000000057e+00,1.625000000000000000e+03,1.500000000000000000e+03,-1.641736722733969644e+00,3.873749328103749390e-01,1.359447797026248184e+00
7.705000000000000071e+00,1.625000000000000000e+03,1.500000000000000000e+03,-1.644117010463300499e+00,3.879752892487656757e-01,1.360075219648341882e+00
7.722000000000000419e+00,1.625000000000000000e+03,1.500000000000000000e+03,-1.646902829966650605e+00,3.885879016166279287e-01,1.361330994353645574e+00
7.738999999999999879e+00,1.625000000000000000e+03,1.500000000000000000e+03,-1.650094938071361872e+00,3.892128743077664099e-01,1.360407755268997265e+00
7.756999999999999673e+00,1.625000000000000000e+03,1.500000000000000000e+03,-1.652481520874563570e+00,3.898149199955426303e-01,1.354164098577666175e+00
7.774000000000000021e+00,1.625000000000000000e+03,1.500000000000000000e+03,-1.652481520874563570e+00,3.898149199955426303e-01,1.354164098577666175e+00
7.791000000000000369e+00,1.625000000000000000e+03,1.500000000000000000e+03,-1.652481520874563570e+00,3.898149199955426303e-01,1.354164098577666175e+00
7.809000000000000163e+00,1.625000000000000000e+03,1.500000000000000000e+03,-1.655715709470714669e+00,3.899093677837416339e-01,1.355416547507479974e+00
7.825999999999999623e+00,1.625000000000000000e+03,1.500000000000000000e+03,-1.657664967688394775e+00,3.910324732589501862e-01,1.356043242578678143e+00
7.842999999999999972e+00,1.625000000000000000e+03,1.500000000000000000e+03,-1.660498169441447569e+00,3.911155764140749058e-01,1.366523574999499058e+00
7.860000000000000320e+00,1.625000000000000000e+03,1.500000000000000000e+03,-1.663702383199397561e+00,3.917433143069520840e-01,1.356254351055054208e+00
7.876999999999999780e+00,1.625000000000000000e+03,1.500000000000000000e+03,-1.666504130191256872e+00,3.923597745258203817e-01,1.350147729024773202e+00
7.894999999999999574e+00,1.625000000000000000e+03,1.500000000000000000e+03,-1.666504130191256872e+00,3.923597745258203817e-01,1.350147729024773202e+00
7.913000000000000256e+00,1.625000000000000000e+03,1.500000000000000000e+03,-1.668936696312148582e+00,3.924315372331889096e-01,1.360603864365431459e+00
7.929999999999999716e+00,1.625000000000000000e+03,1.500000000000000000e+03,-1.668936696312148582e+00,3.924315372331889096e-01,1.360603864365431459e+00
7.947000000000000064e+00,1.625000000000000000e+03,1.500000000000000000e+03,-1.671675442054672667e+00,3.941164006462768432e-01,1.349611182353225525e+00
7.964999999999999858e+00,1.625000000000000000e+03,1.500000000000000000e+03,-1.676548302634661258e+00,3.942610461719254777e-01,1.351488287510313357e+00
7.982000000000000206e+00,1.625000000000000000e+03,1.500000000000000000e+03,-1.679735346807447627e+00,3.954269214596913828e-01,1.355332054096981098e+00
7.998999999999999666e+00,1.625000000000000000e+03,1.500000000000000000e+03,-1.679735346807447627e+00,3.954269214596913828e-01,1.355332054096981098e+00
8.016000000000000014e+00,1.625000000000000000e+03,1.500000000000000000e+03,-1.698622492282494845e+00,4.008305221701141674e-01,1.350860208600686230e+00
8.032999999999999474e+00,1.625000000000000000e+03,1.500000000000000000e+03,-1.698622492282494845e+00,4.008305221701141674e-01,1.350860208600686230e+00
8.050000000000000711e+00,1.625000000000000000e+03,1.500000000000000000e+03,-1.701482647146635552e+00,4.009174353522341194e-01,1.342193820084880196e+00
8.067000000000000171e+00,1.625000000000000000e+03,1.500000000000000000e+03,-1.701482647146635552e+00,4.009174353522341194e-01,1.342193820084880196e+00
8.085000000000000853e+00,1.625000000000000000e+03,1.500000000000000000e+03,-1.704264625525830246e+00,4.026198330027664918e-01,1.340725252807617229e+00
8.102000000000000313e+00,1.625000000000000000e+03,1.500000000000000000e+03,-1.706284474433745313e+00,4.032213766993352211e-01,1.344258129650692801e+00
8.118999999999999773e+00,1.625000000000000000e+03,1.500000000000000000e+03,-1.712762933024642775e+00,4.050415557028369529e-01,1.344040735486485394e+00
8.135999999999999233e+00,1.625000000000000000e+03,1.500000000000000000e+03,-1.715223268563337511e+00,4.051173588078541554e-01,1.344666226248352414e+00
8.153999999999999915e+00,1.625000000000000000e+03,1.500000000000000000e+03,-1.718071294464762477e+00,4.057464258564756898e-01,1.348832778895615370e+00
8.170999999999999375e+00,1.625000000000000000e+03,1.500000000000000000e+03,-1.718071294464762477e+00,4.057464258564756898e-01,1.348832778895615370e+00
8.188000000000000611e+00,1.625000000000000000e+03,1.500000000000000000e+03,-1.720488170751611090e+00,4.069045062605026741e-01,1.337339936394488005e+00
8.205000000000000071e+00,1.625000000000000000e+03,1.500000000000000000e+03,-1.726218879689081831e+00,4.076246026857189841e-01,1.349247593926343969e+00
8.221999999999999531e+00,1.625000000000000000e+03,1.500000000000000000e+03,-1.726218879689081831e+00,4.076246026857189841e-01,1.349247593926343969e+00
8.240000000000000213e+00,1.625000000000000000e+03,1.500000000000000000e+03,-1.729034245527721225e+00,4.093408076849184285e-01,1.340661325762648293e+00
8.256999999999999673e+00,1.625000000000000000e+03,1.500000000000000000e+03,-1.729034245527721225e+00,4.093408076849184285e-01,1.340661325762648293e+00
8.275000000000000355e+00,1.625000000000000000e+03,1.500000000000000000e+03,-1.732327750056848803e+00,4.094437805205669578e-01,1.341911762398984020e+00
8.291999999999999815e+00,1.625000000000000000e+03,1.500000000000000000e+03,-1.735583497060028346e+00,4.106331462970488344e-01,1.340246394278283182e+00
8.308999999999999275e+00,1.625000000000000000e+03,1.500000000000000000e+03,-1.737193713501547609e+00,4.117722698449218788e-01,1.343991688776545068e+00
8.326000000000000512e+00,1.625000000000000000e+03,1.500000000000000000e+03,-1.740906699898377985e+00,4.118892779366315482e-01,1.345245545659141007e+00
8.342999999999999972e+00,1.625000000000000000e+03,1.500000000000000000e+03,-1.743795957549224340e+00,4.119804362000986098e-01,1.336477344919146271e+00
8.359999999999999432e+00,1.625000000000000000e+03,1.500000000000000000e+03,-1.746221411434299986e+00,4.136927325183387127e-01,1.334688570591569867e+00
8.377000000000000668e+00,1.625000000000000000e+03,1.500000000000000000e+03,-1.748684599873225221e+00,4.143166905373837361e-01,1.338560690068967274e+00
8.394000000000000128e+00,1.625000000000000000e+03,1.500000000000000000e+03,-1.751993370631174551e+00,4.144218918780381289e-01,1.339811590076047443e+00
8.410999999999999588e+00,1.625000000000000000e+03,1.500000000000000000e+03,-1.755257651016829845e+00,4.161654794255044143e-01,1.338022819284874876e+00
8.428000000000000824e+00,1.625000000000000000e+03,1.500000000000000000e+03,-1.761030239872068748e+00,4.174449845702264961e-01,1.330615177834929774e+00
8.445000000000000284e+00,1.625000000000000000e+03,1.500000000000000000e+03,-1.761030239872068748e+00,4.174449845702264961e-01,1.330615177834929774e+00
8.474000000000000199e+00,1.625000000000000000e+03,1.500000000000000000e+03,-1.761030239872068748e+00,4.174449845702264961e-01,1.330615177834929774e+00
8.496000000000000441e+00,1.625000000000000000e+03,1.500000000000000000e+03,-1.763920274241557395e+00,4.180857013589681648e-01,1.341366169597418390e+00
8.526999999999999247e+00,1.625000000000000000e+03,1.500000000000000000e+03,-1.763920274241557395e+00,4.180857013589681648e-01,1.341366169597418390e+00
8.544000000000000483e+00,1.625000000000000000e+03,1.500000000000000000e+03,-1.766825624869583500e+00,4.181792424041285150e-01,1.342620843467031477e+00
8.560999999999999943e+00,1.625000000000000000e+03,1.500000000000000000e+03,-1.766825624869583500e+00,4.181792424041285150e-01,1.342620843467031477e+00
8.586000000000000298e+00,1.625000000000000000e+03,1.500000000000000000e+03,-1.790027964177744346e+00,4.249836926748288279e-01,1.328809885306919014e+00
8.602999999999999758e+00,1.625000000000000000e+03,1.500000000000000000e+03,-1.792526595994072158e+00,4.256178790810761781e-01,1.333037754364640337e+00
8.619999999999999218e+00,1.625000000000000000e+03,1.500000000000000000e+03,-1.796287761787552562e+00,4.257419560912455436e-01,1.334289137599816710e+00
8.637000000000000455e+00,1.625000000000000000e+03,1.500000000000000000e+03,-1.796287761787552562e+00,4.257419560912455436e-01,1.334289137599816710e+00
8.653999999999999915e+00,1.625000000000000000e+03,1.500000000000000000e+03,-1.798784871136750896e+00,4.269295398608851100e-01,1.332164202038900624e+00
8.670999999999999375e+00,1.625000000000000000e+03,1.500000000000000000e+03,-1.801703824209001770e+00,4.281325917488921773e-01,1.326917447480932877e+00
8.688000000000000611e+00,1.625000000000000000e+03,1.500000000000000000e+03,-1.810496249814980363e+00,4.295331877307971835e-01,1.326539178772335736e+00
8.705000000000000071e+00,1.625000000000000000e+03,1.500000000000000000e+03,-1.810496249814980363e+00,4.295331877307971835e-01,1.326539178772335736e+00
8.721999999999999531e+00,1.625000000000000000e+03,1.500000000000000000e+03,-1.813427991190933453e+00,4.307404085385831971e-01,1.321442279791004815e+00
8.739000000000000767e+00,1.625000000000000000e+03,1.500000000000000000e+03,-1.816783774228534654e+00,4.319634404681279571e-01,1.319069894124480280e+00
8.756000000000000227e+00,1.625000000000000000e+03,1.500000000000000000e+03,-1.819725718800982106e+00,4.320624262029389984e-01,1.320312779488501453e+00
8.772999999999999687e+00,1.625000000000000000e+03,1.500000000000000000e+03,-1.819725718800982106e+00,4.320624262029389984e-01,1.320312779488501453e+00
8.789999999999999147e+00,1.625000000000000000e+03,1.500000000000000000e+03,-1.821826706574097621e+00,4.332450703504518996e-01,1.324801142272628240e+00
8.807000000000000384e+00,1.625000000000000000e+03,1.500000000000000000e+03,-1.825193317784936653e+00,4.344719636953299213e-01,1.322427867041278793e+00
8.823999999999999844e+00,1.625000000000000000e+03,1.500000000000000000e+03,-1.828562704360149782e+00,4.345861817232433699e-01,1.323674390221126984e+00
8.840999999999999304e+00,1.625000000000000000e+03,1.500000000000000000e+03,-1.831935403163803544e+00,4.352578579993623409e-01,1.324922281395545465e+00
8.858999999999999986e+00,1.625000000000000000e+03,1.500000000000000000e+03,-1.837426763263185325e+00,4.371185038773514053e-01,1.327045592660933249e+00
8.875000000000000000e+00,1.625000000000000000e+03,1.500000000000000000e+03,-1.837426763263185325e+00,4.371185038773514053e-01,1.327045592660933249e+00
8.891999999999999460e+00,1.625000000000000000e+03,1.500000000000000000e+03,-1.840805061076548510e+00,4.372340161258593261e-01,1.328297093465454548e+00
8.910000000000000142e+00,1.625000000000000000e+03,1.500000000000000000e+03,-1.843771127207658234e+00,4.384531547348246017e-01,1.323338372719661482e+00
8.926999999999999602e+00,1.625000000000000000e+03,1.500000000000000000e+03,-1.846741116281606754e+00,4.396739978456879472e-01,1.320839338622635140e+00
8.944000000000000838e+00,1.625000000000000000e+03,1.500000000000000000e+03,-1.850126931834933597e+00,4.397906476127194653e-01,1.322086912835435779e+00
8.961000000000000298e+00,1.625000000000000000e+03,1.500000000000000000e+03,-1.852673738306764628e+00,4.404385136853473659e-01,1.322711214538018210e+00
8.977999999999999758e+00,1.625000000000000000e+03,1.500000000000000000e+03,-1.852673738306764628e+00,4.404385136853473659e-01,1.322711214538018210e+00
8.994999999999999218e+00,1.625000000000000000e+03,1.500000000000000000e+03,-1.873985192282932477e+00,4.462363242320416257e-01,1.317173868136506831e+00
9.012000000000000455e+00,1.625000000000000000e+03,1.500000000000000000e+03,-1.873985192282932477e+00,4.462363242320416257e-01,1.317173868136506831e+00
9.029999999999999361e+00,1.625000000000000000e+03,1.500000000000000000e+03,-1.877403747043290272e+00,4.469200096984330406e-01,1.318421362596305269e+00
9.045999999999999375e+00,1.625000000000000000e+03,1.500000000000000000e+03,-1.877403747043290272e+00,4.469200096984330406e-01,1.318421362596305269e+00
9.064999999999999503e+00,1.625000000000000000e+03,1.500000000000000000e+03,-1.880399185691529196e+00,4.475894190309653853e-01,1.313739781219031011e+00
9.082000000000000739e+00,1.625000000000000000e+03,1.500000000000000000e+03,-1.883410619876578318e+00,4.488245162767906526e-01,1.310883028603456069e+00
9.099999999999999645e+00,1.625000000000000000e+03,1.500000000000000000e+03,-1.889843194130667037e+00,4.501827162531769622e-01,1.307598700632297328e+00
9.117000000000000881e+00,1.625000000000000000e+03,1.500000000000000000e+03,-1.889843194130667037e+00,4.501827162531769622e-01,1.307598700632297328e+00
9.134000000000000341e+00,1.625000000000000000e+03,1.500000000000000000e+03,-1.892865625870413515e+00,4.514217701620620860e-01,1.314271088155155809e+00
9.150999999999999801e+00,1.625000000000000000e+03,1.500000000000000000e+03,-1.896287402266663813e+00,4.515438146917757356e-01,1.315518161832553101e+00
9.167999999999999261e+00,1.625000000000000000e+03,1.500000000000000000e+03,-1.899727937102501985e+00,4.522331081819025433e-01,1.316766617448886123e+00
9.185999999999999943e+00,1.625000000000000000e+03,1.500000000000000000e+03,-1.899727937102501985e+00,4.522331081819025433e-01,1.316766617448886123e+00
9.202999999999999403e+00,1.625000000000000000e+03,1.500000000000000000e+03,-1.901921763114175157e+00,4.540127355827584532e-01,1.308003056547223819e+00
9.220000000000000639e+00,1.625000000000000000e+03,1.500000000000000000e+03,-1.909210815936626560e+00,4.542747334684201777e-01,1.310490276851442371e+00
9.237000000000000099e+00,1.625000000000000000e+03,1.500000000000000000e+03,-1.909210815936626560e+00,4.542747334684201777e-01,1.310490276851442371e+00
9.253999999999999559e+00,1.625000000000000000e+03,1.500000000000000000e+03,-1.914442497430999257e+00,4.567368792647620301e-01,1.312645093153357978e+00
9.272000000000000242e+00,1.625000000000000000e+03,1.500000000000000000e+03,-1.917880825025922720e+00,4.568614019727071929e-01,1.313893123259284090e+00
9.288000000000000256e+00,1.625000000000000000e+03,1.500000000000000000e+03,-1.917880825025922720e+00,4.568614019727071929e-01,1.313893123259284090e+00
9.305999999999999162e+00,1.625000000000000000e+03,1.500000000000000000e+03,-1.921365011390332667e+00,4.581266724740448160e-01,1.310787102502708024e+00
9.323000000000000398e+00,1.625000000000000000e+03,1.500000000000000000e+03,-1.924423359537582590e+00,4.593781245580671468e-01,1.306395627490925415e+00
9.339000000000000412e+00,1.625000000000000000e+03,1.500000000000000000e+03,-1.927438718128419382e+00,4.594881198894386065e-01,1.307639478526967158e+00
9.355999999999999872e+00,1.625000000000000000e+03,1.500000000000000000e+03,-1.927438718128419382e+00,4.594881198894386065e-01,1.307639478526967158e+00
9.372999999999999332e+00,1.625000000000000000e+03,1.500000000000000000e+03,-1.930503792315110934e+00,4.607417664650942379e-01,1.314197894405178868e+00
9.390000000000000568e+00,1.625000000000000000e+03,1.500000000000000000e+03,-1.934004579776631427e+00,4.620130294293688378e-01,1.300171697526768533e+00
9.407999999999999474e+00,1.625000000000000000e+03,1.500000000000000000e+03,-1.934004579776631427e+00,4.620130294293688378e-01,1.300171697526768533e+00
9.425000000000000711e+00,1.625000000000000000e+03,1.500000000000000000e+03,-1.937026689712520122e+00,4.621240559866069963e-01,1.311049661393196120e+00
9.442000000000000171e+00,1.625000000000000000e+03,1.500000000000000000e+03,-1.940102982861737990e+00,4.633817350720189632e-01,1.307814152635374372e+00
9.460000000000000853e+00,1.625000000000000000e+03,1.500000000000000000e+03,-1.943156193685664057e+00,4.640671332090317014e-01,1.303575251348139119e+00
9.477000000000000313e+00,1.625000000000000000e+03,1.500000000000000000e+03,-1.946267892472319572e+00,4.659024205816880704e-01,1.300215695128215998e+00
9.494999999999999218e+00,1.625000000000000000e+03,1.500000000000000000e+03,-1.949732415080013048e+00,4.660309749230712173e-01,1.301456591814241115e+00
9.512999999999999901e+00,1.625000000000000000e+03,1.500000000000000000e+03,-1.968647371582027850e+00,4.713410377541290552e-01,1.298537083682902660e+00
9.529999999999999361e+00,1.625000000000000000e+03,1.500000000000000000e+03,-1.975280708291546450e+00,4.733232706482880525e-01,1.290993361706623821e+00
9.547000000000000597e+00,1.625000000000000000e+03,1.500000000000000000e+03,-1.975280708291546450e+00,4.733232706482880525e-01,1.290993361706623821e+00
9.564999999999999503e+00,1.625000000000000000e+03,1.500000000000000000e+03,-1.981929159700560827e+00,4.753104653947904934e-01,1.298334029453565686e+00
9.582000000000000739e+00,1.625000000000000000e+03,1.500000000000000000e+03,-1.984985140479215815e+00,4.754266812797006692e-01,1.299576713073177459e+00
9.599000000000000199e+00,1.625000000000000000e+03,1.500000000000000000e+03,-1.984985140479215815e+00,4.754266812797006692e-01,1.299576713073177459e+00
9.615999999999999659e+00,1.625000000000000000e+03,1.500000000000000000e+03,-1.988117854422753794e+00,4.767047046579345748e-01,1.295647512946416002e+00
9.632999999999999119e+00,1.625000000000000000e+03,1.500000000000000000e+03,-1.988117854422753794e+00,4.767047046579345748e-01,1.295647512946416002e+00
9.650999999999999801e+00,1.625000000000000000e+03,1.500000000000000000e+03,-1.995192720613513382e+00,4.781353129707061056e-01,1.293132500677953045e+00
9.667999999999999261e+00,1.625000000000000000e+03,1.500000000000000000e+03,-1.995192720613513382e+00,4.781353129707061056e-01,1.293132500677953045e+00
9.685999999999999943e+00,1.625000000000000000e+03,1.500000000000000000e+03,-2.000609319382324447e+00,4.806677857653741670e-01,1.295319738904052720e+00
9.702999999999999403e+00,1.625000000000000000e+03,1.500000000000000000e+03,-2.000609319382324447e+00,4.806677857653741670e-01,1.295319738904052720e+00
9.721000000000000085e+00,1.625000000000000000e+03,1.500000000000000000e+03,-2.007357289116807664e+00,4.832580863489880363e-01,1.287667839968111183e+00
9.737999999999999545e+00,1.625000000000000000e+03,1.500000000000000000e+03,-2.007357289116807664e+00,4.832580863489880363e-01,1.287667839968111183e+00
9.755000000000000782e+00,1.625000000000000000e+03,1.500000000000000000e+03,-2.014827383957074947e+00,4.835478122809390156e-01,1.290140791277582411e+00
9.772000000000000242e+00,1.625000000000000000e+03,1.500000000000000000e+03,-2.014827383957074947e+00,4.835478122809390156e-01,1.290140791277582411e+00
9.788999999999999702e+00,1.625000000000000000e+03,1.500000000000000000e+03,-2.018084876832251684e+00,4.860104040710645501e-01,1.291715374937210115e+00
9.807000000000000384e+00,1.625000000000000000e+03,1.500000000000000000e+03,-2.020726770759367685e+00,4.861135070797467650e-01,1.282514930140330023e+00
9.823999999999999844e+00,1.625000000000000000e+03,1.500000000000000000e+03,-2.020726770759367685e+00,4.861135070797467650e-01,1.282514930140330023e+00
9.842000000000000526e+00,1.625000000000000000e+03,1.500000000000000000e+03,-2.024784298117619841e+00,4.874421610569564800e-01,1.288922909055273847e+00
9.858999999999999986e+00,1.625000000000000000e+03,1.500000000000000000e+03,-2.024784298117619841e+00,4.874421610569564800e-01,1.288922909055273847e+00
9.875999999999999446e+00,1.625000000000000000e+03,1.500000000000000000e+03,-2.031054514741817307e+00,4.888596270186861270e-01,1.296399579517997891e+00
9.893000000000000682e+00,1.625000000000000000e+03,1.500000000000000000e+03,-2.031054514741817307e+00,4.888596270186861270e-01,1.296399579517997891e+00
9.910000000000000142e+00,1.625000000000000000e+03,1.500000000000000000e+03,-2.037385284566731958e+00,4.908689850583695113e-01,1.288760925243941813e+00
9.926999999999999602e+00,1.625000000000000000e+03,1.500000000000000000e+03,-2.040973236232625165e+00,4.915981742231222418e-01,1.290000228130876003e+00
9.942999999999999616e+00,1.625000000000000000e+03,1.500000000000000000e+03,-2.044513372667080553e+00,4.917382842514154140e-01,1.291240892624692771e+00
9.960000000000000853e+00,1.625000000000000000e+03,1.500000000000000000e+03,-2.047768240064522516e+00,4.936320007213991223e-01,1.282393362368908329e+00
9.977000000000000313e+00,1.625000000000000000e+03,1.500000000000000000e+03,-2.051366897125371569e+00,4.943640378244783529e-01,1.283627843933946133e+00
9.993999999999999773e+00,1.625000000000000000e+03,1.500000000000000000e+03,-2.068578191364948804e+00,4.985942606665610954e-01,1.274085834389938388e+00
1.001099999999999923e+01,1.625000000000000000e+03,1.500000000000000000e+03,-2.070861451203949599e+00,4.992777366821935514e-01,1.280723884559875847e+00
1.002999999999999936e+01,1.625000000000000000e+03,1.500000000000000000e+03,-2.070861451203949599e+00,4.992777366821935514e-01,1.280723884559875847e+00
1.004700000000000060e+01,1.625000000000000000e+03,1.500000000000000000e+03,-2.070861451203949599e+00,4.992777366821935514e-01,1.280723884559875847e+00
1.006400000000000006e+01,1.625000000000000000e+03,1.500000000000000000e+03,-2.078167775314014420e+00,5.013496580350699228e-01,1.277525721838723705e+00
1.008099999999999952e+01,1.625000000000000000e+03,1.500000000000000000e+03,-2.081797297543181546e+00,5.020897599759074348e-01,1.284794640100962893e+00
1.009800000000000075e+01,1.625000000000000000e+03,1.500000000000000000e+03,-2.081797297543181546e+00,5.020897599759074348e-01,1.284794640100962893e+00
1.011500000000000021e+01,1.625000000000000000e+03,1.500000000000000000e+03,-2.088681512794850370e+00,5.041509708366470610e-01,1.281593949475817507e+00
1.013299999999999912e+01,1.625000000000000000e+03,1.500000000000000000e+03,-2.088681512794850370e+00,5.041509708366470610e-01,1.281593949475817507e+00
1.015000000000000036e+01,1.625000000000000000e+03,1.500000000000000000e+03,-2.091874506013618795e+00,5.048757044190562704e-01,1.278464399030189824e+00
1.016699999999999982e+01,1.625000000000000000e+03,1.500000000000000000e+03,-2.091874506013618795e+00,5.048757044190562704e-01,1.278464399030189824e+00
1.018500000000000050e+01,1.625000000000000000e+03,1.500000000000000000e+03,-2.098781325017804011e+00,5.069440658052225546e-01,1.285056535765916941e+00
1.020199999999999996e+01,1.625000000000000000e+03,1.500000000000000000e+03,-2.098781325017804011e+00,5.069440658052225546e-01,1.285056535765916941e+00
1.021899999999999942e+01,1.625000000000000000e+03,1.500000000000000000e+03,-2.102367109745663765e+00,5.070911303068877940e-01,1.286296945836518102e+00
1.023600000000000065e+01,1.625000000000000000e+03,1.500000000000000000e+03,-2.108913428754578767e+00,5.097470413984658277e-01,1.278588041949621168e+00
1.025300000000000011e+01,1.625000000000000000e+03,1.500000000000000000e+03,-2.112575080427918639e+00,5.104957594416615896e-01,1.273851981135552425e+00
1.026999999999999957e+01,1.625000000000000000e+03,1.500000000000000000e+03,-2.115409111407852816e+00,5.118091797903444595e-01,1.270918309164132065e+00
1.028700000000000081e+01,1.625000000000000000e+03,1.500000000000000000e+03,-2.119528144142038606e+00,5.125786245828393151e-01,1.272146933061960361e+00
1.030400000000000027e+01,1.625000000000000000e+03,1.500000000000000000e+03,-2.119528144142038606e+00,5.125786245828393151e-01,1.272146933061960361e+00
1.032099999999999973e+01,1.625000000000000000e+03,1.500000000000000000e+03,-2.122820553576027613e+00,5.139138467831280144e-01,1.267280732072320726e+00
1.033799999999999919e+01,1.625000000000000000e+03,2.000000000000000000e+03,-2.126948223274571337e+00,5.146855499611701079e-01,1.274992734139376971e+00
1.035500000000000043e+01,1.625000000000000000e+03,2.000000000000000000e+03,-2.133103730101973738e+00,5.173454598528800519e-01,1.267349651521186837e+00
1.037199999999999989e+01,1.625000000000000000e+03,2.000000000000000000e+03,-2.133103730101973738e+00,5.173454598528800519e-01,1.267349651521186837e+00
1.038899999999999935e+01,1.625000000000000000e+03,2.000000000000000000e+03,-2.133103730101973738e+00,5.173454598528800519e-01,1.267349651521186837e+00
1.040600000000000058e+01,1.625000000000000000e+03,2.000000000000000000e+03,-2.136340093669766738e+00,5.180827439589131833e-01,1.278463313305447935e+00
1.042300000000000004e+01,1.625000000000000000e+03,2.000000000000000000e+03,-2.140106212550461073e+00,5.194452298070618701e-01,1.273586668367795882e+00
1.043999999999999950e+01,1.625000000000000000e+03,2.000000000000000000e+03,-2.142896707667690137e+00,5.201654202939233196e-01,1.270810696847060495e+00
1.045700000000000074e+01,1.625000000000000000e+03,2.000000000000000000e+03,-2.146671762149873430e+00,5.215311499629765590e-01,1.265808675891735513e+00
1.047499999999999964e+01,1.625000000000000000e+03,2.000000000000000000e+03,-2.150375104965076556e+00,5.222915959719777179e-01,1.267034083607111228e+00
1.049300000000000033e+01,1.625000000000000000e+03,2.000000000000000000e+03,-2.172088540957560099e+00,5.292754939573368622e-01,1.258040311390946187e+00
1.050900000000000034e+01,1.625000000000000000e+03,2.000000000000000000e+03,-2.172088540957560099e+00,5.292754939573368622e-01,1.258040311390946187e+00
1.052800000000000047e+01,1.625000000000000000e+03,2.000000000000000000e+03,-2.175363617463533572e+00,5.300240910432990615e-01,1.255641787641561979e+00
1.054499999999999993e+01,1.625000000000000000e+03,2.000000000000000000e+03,-2.182921444615689044e+00,5.321757303385293847e-01,1.251409064394176873e+00
1.056199999999999939e+01,1.625000000000000000e+03,2.000000000000000000e+03,-2.182921444615689044e+00,5.321757303385293847e-01,1.251409064394176873e+00
1.057900000000000063e+01,1.625000000000000000e+03,2.000000000000000000e+03,-2.185749561098119909e+00,5.329073890428356330e-01,1.249174933434346269e+00
1.059600000000000009e+01,1.625000000000000000e+03,2.000000000000000000e+03,-2.190126738422768504e+00,5.349273829186785845e-01,1.264362231856286156e+00
1.061299999999999955e+01,1.625000000000000000e+03,2.000000000000000000e+03,-2.192874119168835900e+00,5.350467457927582382e-01,1.254863447947996979e+00
1.063100000000000023e+01,1.625000000000000000e+03,2.000000000000000000e+03,-2.196804915417304827e+00,5.370514771639772755e-01,1.256500517615629198e+00
1.064799999999999969e+01,1.625000000000000000e+03,2.000000000000000000e+03,-2.200474127501450994e+00,5.372115669992091336e-01,1.257718555130687310e+00
1.066600000000000037e+01,1.625000000000000000e+03,2.000000000000000000e+03,-2.208184033116968870e+00,5.399992538782006912e-01,1.249891338048940925e+00
1.068399999999999928e+01,1.625000000000000000e+03,2.000000000000000000e+03,-2.208184033116968870e+00,5.399992538782006912e-01,1.249891338048940925e+00
1.070100000000000051e+01,1.625000000000000000e+03,2.000000000000000000e+03,-2.211402357731636847e+00,5.401405123624017923e-01,1.251103069149823499e+00
1.071799999999999997e+01,1.625000000000000000e+03,2.000000000000000000e+03,-2.215175455341899635e+00,5.409199559283212055e-01,1.245317129254295274e+00
1.073600000000000065e+01,1.625000000000000000e+03,2.000000000000000000e+03,-2.222462096098996920e+00,5.436995395147196097e-01,1.237398803335102881e+00
1.075399999999999956e+01,1.625000000000000000e+03,2.000000000000000000e+03,-2.222462096098996920e+00,5.436995395147196097e-01,1.237398803335102881e+00
1.077200000000000024e+01,1.625000000000000000e+03,2.000000000000000000e+03,-2.229575316509500915e+00,5.452459386068907454e-01,1.229524875901993219e+00
1.078899999999999970e+01,1.625000000000000000e+03,2.000000000000000000e+03,-2.233465959777136245e+00,5.466517360049635288e-01,1.223285281514610912e+00
1.080599999999999916e+01,1.625000000000000000e+03,2.000000000000000000e+03,-2.233465959777136245e+00,5.466517360049635288e-01,1.223285281514610912e+00
1.082300000000000040e+01,1.625000000000000000e+03,2.000000000000000000e+03,-2.233465959777136245e+00,5.466517360049635288e-01,1.223285281514610912e+00
1.083999999999999986e+01,1.625000000000000000e+03,2.000000000000000000e+03,-2.240338077181991849e+00,5.494284244376520521e-01,1.215332024966298885e+00
1.085699999999999932e+01,1.625000000000000000e+03,2.000000000000000000e+03,-2.246924835596357806e+00,5.503416738827516808e-01,1.204541707737148526e+00
1.087400000000000055e+01,1.625000000000000000e+03,2.000000000000000000e+03,-2.250736568145821348e+00,5.511316055678162629e-01,1.197938409215352218e+00
1.089100000000000001e+01,1.625000000000000000e+03,2.000000000000000000e+03,-2.250736568145821348e+00,5.511316055678162629e-01,1.197938409215352218e+00
1.090900000000000070e+01,1.625000000000000000e+03,2.000000000000000000e+03,-2.254448692704190460e+00,5.512982036260077878e-01,1.199095915837822268e+00
1.092699999999999960e+01,1.625000000000000000e+03,2.000000000000000000e+03,-2.257650392262796402e+00,5.539225785872122776e-01,1.190130085840126473e+00
1.094400000000000084e+01,1.625000000000000000e+03,2.000000000000000000e+03,-2.261834440046341044e+00,5.541112913504829818e-01,1.191278798729380695e+00
1.096100000000000030e+01,1.625000000000000000e+03,2.000000000000000000e+03,-2.261834440046341044e+00,5.541112913504829818e-01,1.191278798729380695e+00
1.097799999999999976e+01,1.625000000000000000e+03,2.000000000000000000e+03,-2.268561430502503029e+00,5.556579377564657696e-01,1.183509834678884154e+00
1.099499999999999922e+01,1.625000000000000000e+03,2.000000000000000000e+03,-2.268561430502503029e+00,5.556579377564657696e-01,1.183509834678884154e+00
1.101200000000000045e+01,1.625000000000000000e+03,2.000000000000000000e+03,-2.279718242942782247e+00,5.586545748956369684e-01,1.178632789030273909e+00
1.102899999999999991e+01,1.625000000000000000e+03,2.000000000000000000e+03,-2.282986561385284663e+00,5.588034124515764978e-01,1.179767715218961621e+00
1.104700000000000060e+01,1.625000000000000000e+03,2.000000000000000000e+03,-2.286590866270737266e+00,5.608398568500893022e-01,1.170788519440548070e+00
1.106400000000000006e+01,1.625000000000000000e+03,2.000000000000000000e+03,-2.290687497006645756e+00,5.604026568271133213e-01,1.180246803692048374e+00
1.108099999999999952e+01,1.625000000000000000e+03,2.000000000000000000e+03,-2.290687497006645756e+00,5.604026568271133213e-01,1.180246803692048374e+00
1.109800000000000075e+01,1.625000000000000000e+03,2.000000000000000000e+03,-2.297581251081613818e+00,5.625932114863608779e-01,1.154954829470719480e+00
1.111599999999999966e+01,1.625000000000000000e+03,2.000000000000000000e+03,-2.297581251081613818e+00,5.625932114863608779e-01,1.154954829470719480e+00
1.113299999999999912e+01,1.625000000000000000e+03,2.000000000000000000e+03,-2.300976540418173233e+00,5.633748736035218974e-01,1.154745258008291531e+00
1.115000000000000036e+01,1.625000000000000000e+03,2.000000000000000000e+03,-2.300976540418173233e+00,5.633748736035218974e-01,1.154745258008291531e+00
1.116799999999999926e+01,1.625000000000000000e+03,2.000000000000000000e+03,-2.308480411826337786e+00,5.662273746725371426e-01,1.147047230558930986e+00
1.118500000000000050e+01,1.625000000000000000e+03,2.000000000000000000e+03,-2.311769183270207861e+00,5.663793179829216262e-01,1.148143333362608098e+00
1.120199999999999996e+01,1.625000000000000000e+03,2.000000000000000000e+03,-2.316118913307933624e+00,5.672083190863000945e-01,1.140370855232246017e+00
1.121899999999999942e+01,1.625000000000000000e+03,2.000000000000000000e+03,-2.316118913307933624e+00,5.672083190863000945e-01,1.140370855232246017e+00
1.123600000000000065e+01,1.625000000000000000e+03,2.000000000000000000e+03,-2.323069054372279396e+00,5.694165728640513402e-01,1.132605271044274442e+00
1.125300000000000011e+01,1.625000000000000000e+03,2.000000000000000000e+03,-2.323069054372279396e+00,5.694165728640513402e-01,1.132605271044274442e+00
1.126999999999999957e+01,1.625000000000000000e+03,2.000000000000000000e+03,-2.326017909092810143e+00,5.701831404366247691e-01,1.123947928448568501e+00
1.128700000000000081e+01,1.625000000000000000e+03,2.000000000000000000e+03,-2.329441050102992072e+00,5.709724291754320058e-01,1.124359663381103935e+00
1.130400000000000027e+01,1.625000000000000000e+03,2.000000000000000000e+03,-2.334283724660933146e+00,5.718286816786898319e-01,1.115647562269179494e+00
1.132199999999999918e+01,1.625000000000000000e+03,2.000000000000000000e+03,-2.337714296971402650e+00,5.726197766869806083e-01,1.117189344882792090e+00
1.133900000000000041e+01,1.625000000000000000e+03,2.000000000000000000e+03,-2.340800874366650852e+00,5.740269854272769257e-01,1.117761711400584002e+00
1.135599999999999987e+01,1.625000000000000000e+03,2.000000000000000000e+03,-2.344711728635187953e+00,5.748424049250847601e-01,1.109419876880936462e+00
1.137299999999999933e+01,1.625000000000000000e+03,2.000000000000000000e+03,-2.344711728635187953e+00,5.748424049250847601e-01,1.109419876880936462e+00
1.139000000000000057e+01,1.625000000000000000e+03,2.000000000000000000e+03,-2.344711728635187953e+00,5.748424049250847601e-01,1.109419876880936462e+00
1.140799999999999947e+01,1.625000000000000000e+03,2.000000000000000000e+03,-2.348626529667571461e+00,5.756587629033315112e-01,1.110150363201368062e+00
1.142500000000000071e+01,1.625000000000000000e+03,2.000000000000000000e+03,-2.356252888096692644e+00,5.785517752023364713e-01,1.102592105023145086e+00
1.144200000000000017e+01,1.625000000000000000e+03,2.000000000000000000e+03,-2.356252888096692644e+00,5.785517752023364713e-01,1.102592105023145086e+00
1.145899999999999963e+01,1.625000000000000000e+03,2.000000000000000000e+03,-2.363031574453500649e+00,5.795069127045430202e-01,1.094559245854881846e+00
1.147600000000000087e+01,1.625000000000000000e+03,2.000000000000000000e+03,-2.363031574453500649e+00,5.795069127045430202e-01,1.094559245854881846e+00
1.149399999999999977e+01,1.625000000000000000e+03,2.000000000000000000e+03,-2.388206266151538415e+00,5.870743668418917371e-01,1.062316839507048138e+00
1.151099999999999923e+01,1.625000000000000000e+03,2.000000000000000000e+03,-2.388206266151538415e+00,5.870743668418917371e-01,1.062316839507048138e+00
1.152800000000000047e+01,1.625000000000000000e+03,2.000000000000000000e+03,-2.391352348882509027e+00,5.885037384320014331e-01,1.042881821384790575e+00
1.154599999999999937e+01,1.625000000000000000e+03,2.000000000000000000e+03,-2.391352348882509027e+00,5.885037384320014331e-01,1.042881821384790575e+00
1.156400000000000006e+01,1.625000000000000000e+03,2.000000000000000000e+03,-2.394981624768079520e+00,5.899582307679868132e-01,1.044841413084397708e+00
1.158099999999999952e+01,1.625000000000000000e+03,2.000000000000000000e+03,-2.398616179868896747e+00,5.914149079494656069e-01,1.044874117053795626e+00
1.159900000000000020e+01,1.625000000000000000e+03,2.000000000000000000e+03,-2.401776248693629157e+00,5.928505263034519190e-01,1.036378487049851804e+00
1.161599999999999966e+01,1.625000000000000000e+03,2.000000000000000000e+03,-2.405758265879725410e+00,5.936855725368545000e-01,1.037319111328714571e+00
1.163400000000000034e+01,1.625000000000000000e+03,2.000000000000000000e+03,-2.409407750646143764e+00,5.951480126070859411e-01,1.027071288335981381e+00
1.165099999999999980e+01,1.625000000000000000e+03,2.000000000000000000e+03,-2.416576890727404781e+00,5.974280886800488188e-01,1.019496294273604997e+00
1.166799999999999926e+01,1.625000000000000000e+03,2.000000000000000000e+03,-2.416576890727404781e+00,5.974280886800488188e-01,1.019496294273604997e+00
1.168599999999999994e+01,1.625000000000000000e+03,2.000000000000000000e+03,-2.422799022568113969e+00,5.996667444603559494e-01,1.000436980739599857e+00
1.170400000000000063e+01,1.625000000000000000e+03,2.000000000000000000e+03,-2.422799022568113969e+00,5.996667444603559494e-01,1.000436980739599857e+00
1.172100000000000009e+01,1.625000000000000000e+03,2.000000000000000000e+03,-2.422799022568113969e+00,5.996667444603559494e-01,1.000436980739599857e+00
1.173900000000000077e+01,1.625000000000000000e+03,2.000000000000000000e+03,-2.426620940092105716e+00,6.017919935183541069e-01,1.003195768169085733e+00
1.175600000000000023e+01,1.625000000000000000e+03,2.000000000000000000e+03,-2.430300710828788180e+00,6.032667609007434928e-01,9.929239127222503347e-01
1.177399999999999913e+01,1.625000000000000000e+03,2.000000000000000000e+03,-2.433018370919206141e+00,6.046959589175063821e-01,9.841824176852821404e-01
1.179100000000000037e+01,1.625000000000000000e+03,2.000000000000000000e+03,-2.433018370919206141e+00,6.046959589175063821e-01,9.841824176852821404e-01
1.180799999999999983e+01,1.625000000000000000e+03,2.000000000000000000e+03,-2.440250770808181979e+00,6.069995400675415320e-01,9.768139002962935580e-01
1.182499999999999929e+01,1.625000000000000000e+03,2.000000000000000000e+03,-2.443950353145320609e+00,6.084822950144027631e-01,9.657283647991219411e-01
1.184200000000000053e+01,1.625000000000000000e+03,2.000000000000000000e+03,-2.446838572355315655e+00,6.105774035265428834e-01,9.575398636545586761e-01
1.185999999999999943e+01,1.625000000000000000e+03,2.000000000000000000e+03,-2.450238787877389690e+00,6.107470364853538891e-01,9.675600800987265160e-01
1.187800000000000011e+01,1.625000000000000000e+03,2.000000000000000000e+03,-2.453952870826045185e+00,6.122355814998633461e-01,9.565962541837302879e-01
1.189499999999999957e+01,1.625000000000000000e+03,2.000000000000000000e+03,-2.453952870826045185e+00,6.122355814998633461e-01,9.565962541837302879e-01
1.191300000000000026e+01,1.625000000000000000e+03,2.000000000000000000e+03,-2.457672490467713189e+00,6.137264046669247408e-01,9.387990801489431991e-01
1.192999999999999972e+01,1.625000000000000000e+03,2.000000000000000000e+03,-2.461239461781127957e+00,6.145582889051587339e-01,9.487399636949653825e-01
1.194699999999999918e+01,1.625000000000000000e+03,2.000000000000000000e+03,-2.464152776486460805e+00,6.166657592901741980e-01,9.405683055228653000e-01
1.196499999999999986e+01,1.625000000000000000e+03,2.000000000000000000e+03,-2.467568112671939318e+00,6.168378637967147915e-01,9.409631182987632236e-01
1.198199999999999932e+01,1.625000000000000000e+03,2.000000000000000000e+03,-2.471306954215791940e+00,6.183359815511891844e-01,9.328767876946180149e-01
1.199900000000000055e+01,1.625000000000000000e+03,2.000000000000000000e+03,-2.491559136831871246e+00,6.259366562796443434e-01,9.033962731534724844e-01
1.201600000000000001e+01,1.625000000000000000e+03,2.000000000000000000e+03,-2.491559136831871246e+00,6.259366562796443434e-01,9.033962731534724844e-01
1.203400000000000070e+01,1.625000000000000000e+03,2.000000000000000000e+03,-2.495333493330785579e+00,6.274489740940919491e-01,8.862139799423356390e-01
1.205100000000000016e+01,1.625000000000000000e+03,2.000000000000000000e+03,-2.502729619901393754e+00,6.298105827682761726e-01,8.836829137635621167e-01
1.206900000000000084e+01,1.625000000000000000e+03,2.000000000000000000e+03,-2.506027073018443740e+00,6.313036498930951756e-01,8.757477136739565404e-01
1.208600000000000030e+01,1.625000000000000000e+03,2.000000000000000000e+03,-2.506027073018443740e+00,6.313036498930951756e-01,8.757477136739565404e-01
1.210299999999999976e+01,1.625000000000000000e+03,2.000000000000000000e+03,-2.513130411171787593e+00,6.343219902099038743e-01,8.682430176181755721e-01
1.211999999999999922e+01,1.625000000000000000e+03,2.000000000000000000e+03,-2.516269098646967795e+00,6.351485811307443496e-01,8.776948630849141786e-01
1.213700000000000045e+01,1.625000000000000000e+03,2.000000000000000000e+03,-2.519585319297878545e+00,6.366497007954176057e-01,8.608208283729265053e-01
1.215399999999999991e+01,1.625000000000000000e+03,2.000000000000000000e+03,-2.519585319297878545e+00,6.366497007954176057e-01,8.608208283729265053e-01
1.217099999999999937e+01,1.625000000000000000e+03,2.000000000000000000e+03,-2.522906385687097242e+00,6.381530396490492363e-01,8.570563452614152755e-01
1.218800000000000061e+01,1.625000000000000000e+03,2.000000000000000000e+03,-2.527224179906321311e+00,6.397104635941061046e-01,8.623861717625189716e-01
1.220500000000000007e+01,1.625000000000000000e+03,2.000000000000000000e+03,-2.527224179906321311e+00,6.397104635941061046e-01,8.623861717625189716e-01
1.222300000000000075e+01,1.625000000000000000e+03,2.000000000000000000e+03,-2.529881975035112252e+00,6.405161322491396136e-01,8.495904794630706469e-01
1.224000000000000021e+01,1.625000000000000000e+03,2.000000000000000000e+03,-2.529881975035112252e+00,6.405161322491396136e-01,8.495904794630706469e-01
1.225699999999999967e+01,1.625000000000000000e+03,2.000000000000000000e+03,-2.536377923575423132e+00,6.428592322028133799e-01,8.422085021635540292e-01
1.227599999999999980e+01,1.625000000000000000e+03,2.000000000000000000e+03,-2.544747362475561658e+00,6.466456789011859607e-01,8.218250026565282473e-01
1.229400000000000048e+01,1.625000000000000000e+03,2.000000000000000000e+03,-2.544747362475561658e+00,6.466456789011859607e-01,8.218250026565282473e-01
1.231199999999999939e+01,1.625000000000000000e+03,2.000000000000000000e+03,-2.547106085703096490e+00,6.481113490545639122e-01,8.084889769375762647e-01
1.232900000000000063e+01,1.625000000000000000e+03,2.000000000000000000e+03,-2.550283052037212173e+00,6.489508148800996468e-01,8.229872619235981679e-01
1.234699999999999953e+01,1.625000000000000000e+03,2.000000000000000000e+03,-2.553962707198776272e+00,6.498177052126449249e-01,8.012520505790801106e-01
1.236400000000000077e+01,1.625000000000000000e+03,2.000000000000000000e+03,-2.560204984991822919e+00,6.528403190099286713e-01,8.023732888610154435e-01
1.238100000000000023e+01,1.625000000000000000e+03,2.000000000000000000e+03,-2.560204984991822919e+00,6.528403190099286713e-01,8.023732888610154435e-01
1.239799999999999969e+01,1.625000000000000000e+03,2.000000000000000000e+03,-2.564271986516207136e+00,6.550794965450817964e-01,7.949368550179833903e-01
1.241499999999999915e+01,1.625000000000000000e+03,2.000000000000000000e+03,-2.564271986516207136e+00,6.550794965450817964e-01,7.949368550179833903e-01
1.243299999999999983e+01,1.625000000000000000e+03,2.000000000000000000e+03,-2.570042619640615644e+00,6.580903248036383824e-01,7.960439103085408252e-01
1.244999999999999929e+01,1.625000000000000000e+03,2.000000000000000000e+03,-2.570042619640615644e+00,6.580903248036383824e-01,7.960439103085408252e-01
1.246700000000000053e+01,1.625000000000000000e+03,2.000000000000000000e+03,-2.574251826468918480e+00,6.589932904175822559e-01,7.826654952672160714e-01
1.248499999999999943e+01,1.625000000000000000e+03,2.000000000000000000e+03,-2.593599674660974852e+00,6.695543472525732343e-01,7.491068918451684322e-01
1.250200000000000067e+01,1.625000000000000000e+03,2.000000000000000000e+03,-2.593599674660974852e+00,6.695543472525732343e-01,7.491068918451684322e-01
1.251999999999999957e+01,1.625000000000000000e+03,2.000000000000000000e+03,-2.595820580185030479e+00,6.703582631362313693e-01,7.560130199679450103e-01
1.253800000000000026e+01,1.625000000000000000e+03,2.000000000000000000e+03,-2.599761190388556908e+00,6.719403227504475717e-01,7.420933935911433466e-01
1.255499999999999972e+01,1.625000000000000000e+03,2.000000000000000000e+03,-2.602892476476426076e+00,6.741643177241137819e-01,7.347339208284034973e-01
1.257199999999999918e+01,1.625000000000000000e+03,2.000000000000000000e+03,-2.605829875560603526e+00,6.756961355301273064e-01,7.203847121525890351e-01
1.258900000000000041e+01,1.625000000000000000e+03,2.000000000000000000e+03,-2.605829875560603526e+00,6.756961355301273064e-01,7.203847121525890351e-01
1.260699999999999932e+01,1.625000000000000000e+03,2.000000000000000000e+03,-2.608263129608257902e+00,6.772020097442309483e-01,7.357112568621574367e-01
1.262400000000000055e+01,1.625000000000000000e+03,2.000000000000000000e+03,-2.616092566190433288e+00,6.817602759692439340e-01,6.995474897269137182e-01
1.264100000000000001e+01,1.625000000000000000e+03,2.000000000000000000e+03,-2.616092566190433288e+00,6.817602759692439340e-01,6.995474897269137182e-01
1.265799999999999947e+01,1.625000000000000000e+03,2.000000000000000000e+03,-2.619049830895780140e+00,6.833029129253217482e-01,6.770714440629388431e-01
1.267500000000000071e+01,1.625000000000000000e+03,2.000000000000000000e+03,-2.621295894132826376e+00,6.841179052069396027e-01,6.926668160776828786e-01
1.269299999999999962e+01,1.625000000000000000e+03,2.000000000000000000e+03,-2.624466053764736184e+00,6.863662142891920892e-01,6.779251434928171838e-01
1.271000000000000085e+01,1.625000000000000000e+03,2.000000000000000000e+03,-2.624466053764736184e+00,6.863662142891920892e-01,6.779251434928171838e-01
1.272700000000000031e+01,1.625000000000000000e+03,2.000000000000000000e+03,-2.628154359771337489e+00,6.886477328015853105e-01,6.786075293863411684e-01
1.274399999999999977e+01,1.625000000000000000e+03,2.000000000000000000e+03,-2.630409843610213017e+00,6.894670165974642329e-01,6.489008320570219812e-01
1.276200000000000045e+01,1.625000000000000000e+03,2.000000000000000000e+03,-2.634318489133816055e+00,6.924606472248283628e-01,6.642915657921529826e-01
1.277899999999999991e+01,1.625000000000000000e+03,2.000000000000000000e+03,-2.637513463444673967e+00,6.947254792384575106e-01,6.649538914922614730e-01
1.279599999999999937e+01,1.625000000000000000e+03,2.000000000000000000e+03,-2.639568640664043730e+00,6.948422176304630549e-01,6.503321370427919135e-01
1.282099999999999973e+01,1.625000000000000000e+03,2.000000000000000000e+03,-2.644013565013001887e+00,6.978794035079641800e-01,6.583889789958691230e-01
1.283999999999999986e+01,1.625000000000000000e+03,2.000000000000000000e+03,-2.644013565013001887e+00,6.978794035079641800e-01,6.583889789958691230e-01
1.286200000000000010e+01,1.625000000000000000e+03,2.000000000000000000e+03,-2.644013565013001887e+00,6.978794035079641800e-01,6.583889789958691230e-01
1.288000000000000078e+01,1.625000000000000000e+03,2.000000000000000000e+03,-2.644013565013001887e+00,6.978794035079641800e-01,6.583889789958691230e-01
1.289899999999999913e+01,1.625000000000000000e+03,2.000000000000000000e+03,-2.646498123222879251e+00,6.994157518593832057e-01,6.358744700151509610e-01
1.291600000000000037e+01,1.625000000000000000e+03,2.000000000000000000e+03,-2.646498123222879251e+00,6.994157518593832057e-01,6.358744700151509610e-01
1.293399999999999928e+01,1.625000000000000000e+03,2.000000000000000000e+03,-2.652724659138012697e+00,7.032658787664934907e-01,6.211751983524665954e-01
1.295100000000000051e+01,1.625000000000000000e+03,2.000000000000000000e+03,-2.652724659138012697e+00,7.032658787664934907e-01,6.211751983524665954e-01
1.296799999999999997e+01,1.625000000000000000e+03,2.000000000000000000e+03,-2.661996479251329983e+00,7.087084292699828980e-01,6.224957487562755576e-01
1.298499999999999943e+01,1.625000000000000000e+03,2.000000000000000000e+03,-2.661996479251329983e+00,7.087084292699828980e-01,6.224957487562755576e-01
1.300200000000000067e+01,1.625000000000000000e+03,2.000000000000000000e+03,-2.664724369603753029e+00,7.109759326753649633e-01,5.998928464955753936e-01
1.301999999999999957e+01,1.625000000000000000e+03,2.000000000000000000e+03,-2.688070668300551525e+00,7.236575238286709899e-01,5.639231751255957548e-01
1.303700000000000081e+01,1.625000000000000000e+03,2.000000000000000000e+03,-2.691593435974241277e+00,7.267110962187436352e-01,5.644290377433732742e-01
1.305300000000000082e+01,1.625000000000000000e+03,2.000000000000000000e+03,-2.691593435974241277e+00,7.267110962187436352e-01,5.644290377433732742e-01
1.307099999999999973e+01,1.625000000000000000e+03,2.000000000000000000e+03,-2.694144518645279263e+00,7.282876383995030567e-01,5.419153909140302927e-01
1.308699999999999974e+01,1.625000000000000000e+03,2.000000000000000000e+03,-2.696995110019661634e+00,7.291706629591315769e-01,5.650134310004893967e-01
1.310399999999999920e+01,1.625000000000000000e+03,2.000000000000000000e+03,-2.700078314237877475e+00,7.307822592892502245e-01,5.424514372912890847e-01
1.312199999999999989e+01,1.625000000000000000e+03,2.000000000000000000e+03,-2.703628090767724146e+00,7.338546542440921305e-01,5.429220951175096621e-01
1.313899999999999935e+01,1.625000000000000000e+03,2.000000000000000000e+03,-2.703628090767724146e+00,7.338546542440921305e-01,5.429220951175096621e-01
1.315600000000000058e+01,1.625000000000000000e+03,2.000000000000000000e+03,-2.705669657342652634e+00,7.354096274557438973e-01,5.205419650704149470e-01
1.317300000000000004e+01,1.625000000000000000e+03,2.000000000000000000e+03,-2.711870970143883230e+00,7.386533516508210218e-01,5.210269694208149449e-01
1.318999999999999950e+01,1.625000000000000000e+03,2.000000000000000000e+03,-2.715448517761056557e+00,7.417463481808198589e-01,5.214620000925125343e-01
1.320700000000000074e+01,1.625000000000000000e+03,2.000000000000000000e+03,-2.715448517761056557e+00,7.417463481808198589e-01,5.214620000925125343e-01
1.322400000000000020e+01,1.625000000000000000e+03,2.000000000000000000e+03,-2.715448517761056557e+00,7.417463481808198589e-01,5.214620000925125343e-01
1.324099999999999966e+01,1.625000000000000000e+03,2.000000000000000000e+03,-2.718327211614025352e+00,7.426414536398767696e-01,5.052725031344470485e-01
1.325799999999999912e+01,1.625000000000000000e+03,2.000000000000000000e+03,-2.721153042039053727e+00,7.449764753167634757e-01,5.118041297318527416e-01
1.327500000000000036e+01,1.625000000000000000e+03,2.000000000000000000e+03,-2.723454321628828723e+00,7.472835746051803563e-01,4.893045709580957081e-01
1.329199999999999982e+01,1.625000000000000000e+03,2.000000000000000000e+03,-2.726344134229521821e+00,7.481836287344730829e-01,5.060903891920642828e-01
1.330899999999999928e+01,1.625000000000000000e+03,2.000000000000000000e+03,-2.726344134229521821e+00,7.481836287344730829e-01,5.060903891920642828e-01
1.332600000000000051e+01,1.625000000000000000e+03,2.000000000000000000e+03,-2.732031223278478471e+00,7.528802469758536509e-01,4.841728237756431907e-01
1.334299999999999997e+01,1.625000000000000000e+03,2.000000000000000000e+03,-2.735415854713326489e+00,7.552684102608518968e-01,4.845460279027384853e-01
1.335999999999999943e+01,1.625000000000000000e+03,2.000000000000000000e+03,-2.735415854713326489e+00,7.552684102608518968e-01,4.845460279027384853e-01
1.337700000000000067e+01,1.625000000000000000e+03,2.000000000000000000e+03,-2.737498525666302918e+00,7.568522200160127111e-01,4.739098707686011380e-01
1.339400000000000013e+01,1.625000000000000000e+03,2.000000000000000000e+03,-2.740894766876333044e+00,7.592485261806026786e-01,4.742657305814481639e-01
1.341099999999999959e+01,1.625000000000000000e+03,2.000000000000000000e+03,-2.743519104584294155e+00,7.608710340062793120e-01,4.684822965699519948e-01
1.342800000000000082e+01,1.625000000000000000e+03,2.000000000000000000e+03,-2.743519104584294155e+00,7.608710340062793120e-01,4.684822965699519948e-01
1.344599999999999973e+01,1.625000000000000000e+03,2.000000000000000000e+03,-2.749272141723798857e+00,7.656180248135299182e-01,4.691733654807986320e-01
1.346299999999999919e+01,1.625000000000000000e+03,2.000000000000000000e+03,-2.749272141723798857e+00,7.656180248135299182e-01,4.691733654807986320e-01
1.348000000000000043e+01,1.625000000000000000e+03,2.000000000000000000e+03,-2.749272141723798857e+00,7.656180248135299182e-01,4.691733654807986320e-01
1.349699999999999989e+01,1.625000000000000000e+03,2.000000000000000000e+03,-2.771213551694100552e+00,7.824850383533393794e-01,4.201600625452154847e-01
1.351399999999999935e+01,1.625000000000000000e+03,2.000000000000000000e+03,-2.773600706716178088e+00,7.848643639950872997e-01,4.151449696051495164e-01
1.353100000000000058e+01,1.625000000000000000e+03,2.000000000000000000e+03,-2.776278419881275994e+00,7.865230890621418558e-01,3.983062576353477158e-01
1.354800000000000004e+01,1.625000000000000000e+03,2.000000000000000000e+03,-2.778931617048713942e+00,7.896717593636116694e-01,3.985651662956085639e-01
1.356499999999999950e+01,1.625000000000000000e+03,2.000000000000000000e+03,-2.781360755175877664e+00,7.905747367467775844e-01,3.985339214029173793e-01
1.358200000000000074e+01,1.625000000000000000e+03,2.000000000000000000e+03,-2.786720440420723754e+00,7.954049384749012352e-01,3.990193710374294600e-01
1.359900000000000020e+01,1.625000000000000000e+03,2.000000000000000000e+03,-2.786720440420723754e+00,7.954049384749012352e-01,3.990193710374294600e-01
1.361599999999999966e+01,1.625000000000000000e+03,2.000000000000000000e+03,-2.789965170795085658e+00,7.971144397512482938e-01,3.820381509811456300e-01
1.363400000000000034e+01,1.625000000000000000e+03,2.000000000000000000e+03,-2.794548142259139389e+00,8.011660560535794895e-01,3.652181538782439119e-01
1.365099999999999980e+01,1.625000000000000000e+03,2.000000000000000000e+03,-2.797524144933167811e+00,8.036178927448259790e-01,3.824338148181682384e-01
1.366799999999999926e+01,1.625000000000000000e+03,2.000000000000000000e+03,-2.799411002788367409e+00,8.060020550924292815e-01,3.483104766729033797e-01
1.368599999999999994e+01,1.625000000000000000e+03,2.000000000000000000e+03,-2.802397907147796907e+00,8.084634857501201699e-01,3.655599098898424382e-01
1.370299999999999940e+01,1.625000000000000000e+03,2.000000000000000000e+03,-2.804026763456421989e+00,8.100828226906356955e-01,3.484551744958411246e-01
1.372000000000000064e+01,1.625000000000000000e+03,2.000000000000000000e+03,-2.804026763456421989e+00,8.100828226906356955e-01,3.484551744958411246e-01
1.373799999999999955e+01,1.625000000000000000e+03,2.000000000000000000e+03,-2.804026763456421989e+00,8.100828226906356955e-01,3.484551744958411246e-01
1.375500000000000078e+01,1.625000000000000000e+03,2.000000000000000000e+03,-2.809208207515378142e+00,8.142139720282332016e-01,3.270047853803956239e-01
1.377299999999999969e+01,1.625000000000000000e+03,2.000000000000000000e+03,-2.809208207515378142e+00,8.142139720282332016e-01,3.270047853803956239e-01
1.378999999999999915e+01,1.625000000000000000e+03,2.000000000000000000e+03,-2.811383205427332221e+00,8.173956106373240216e-01,3.271808074806140665e-01
1.380700000000000038e+01,1.625000000000000000e+03,2.000000000000000000e+03,-2.816593028163070223e+00,8.215512802151258009e-01,3.272898242773029653e-01
1.382399999999999984e+01,1.625000000000000000e+03,2.000000000000000000e+03,-2.816593028163070223e+00,8.215512802151258009e-01,3.272898242773029653e-01
1.384099999999999930e+01,1.625000000000000000e+03,2.000000000000000000e+03,-2.819617197908008244e+00,8.240440447302396221e-01,3.273972458502530380e-01
1.385800000000000054e+01,1.625000000000000000e+03,2.000000000000000000e+03,-2.821540739454500901e+00,8.264665348210601392e-01,3.103322543622750729e-01
1.387599999999999945e+01,1.625000000000000000e+03,2.000000000000000000e+03,-2.824021996401254953e+00,8.289313244425143834e-01,3.147032480097305962e-01
1.389300000000000068e+01,1.625000000000000000e+03,2.000000000000000000e+03,-2.824021996401254953e+00,8.289313244425143834e-01,3.147032480097305962e-01
1.391099999999999959e+01,1.625000000000000000e+03,2.000000000000000000e+03,-2.826508210907533680e+00,8.314009102900118409e-01,2.933222838788214215e-01
1.392800000000000082e+01,1.625000000000000000e+03,2.000000000000000000e+03,-2.830662966514916334e+00,8.355275888064946921e-01,2.802093329610553796e-01
1.394500000000000028e+01,1.625000000000000000e+03,2.000000000000000000e+03,-2.830662966514916334e+00,8.355275888064946921e-01,2.802093329610553796e-01
1.396199999999999974e+01,1.625000000000000000e+03,2.000000000000000000e+03,-2.833162487706869292e+00,8.380100436423828514e-01,2.763857662060866804e-01
1.397899999999999920e+01,1.625000000000000000e+03,2.000000000000000000e+03,-2.835388786196065602e+00,8.397062884639078240e-01,2.976944934796024178e-01
1.399699999999999989e+01,1.625000000000000000e+03,2.000000000000000000e+03,-2.843773862927748031e+00,8.495808042718230313e-01,2.593791295025543731e-01
1.401399999999999935e+01,1.625000000000000000e+03,2.000000000000000000e+03,-2.846018150242913602e+00,8.512928425755882378e-01,2.457313787571178965e-01
1.403100000000000058e+01,1.625000000000000000e+03,2.000000000000000000e+03,-2.848832589729533460e+00,8.546054337522995814e-01,2.422111063353244720e-01
1.404800000000000004e+01,1.625000000000000000e+03,2.000000000000000000e+03,-2.850523393454626131e+00,8.562847169823558646e-01,2.494668183446104304e-01
1.406499999999999950e+01,1.625000000000000000e+03,2.000000000000000000e+03,-2.850523393454626131e+00,8.562847169823558646e-01,2.494668183446104304e-01
1.408200000000000074e+01,1.625000000000000000e+03,2.000000000000000000e+03,-2.853341002153291228e+00,8.580458834111727162e-01,2.421851972584458113e-01
1.409999999999999964e+01,1.625000000000000000e+03,2.000000000000000000e+03,-2.853341002153291228e+00,8.580458834111727162e-01,2.421851972584458113e-01
1.411700000000000088e+01,1.625000000000000000e+03,2.000000000000000000e+03,-2.857873225862851640e+00,8.630642050326474690e-01,2.284054939110780891e-01
1.413499999999999979e+01,1.625000000000000000e+03,2.000000000000000000e+03,-2.860428281617569901e+00,8.656008131707749742e-01,2.250353236835302695e-01
1.415099999999999980e+01,1.625000000000000000e+03,2.000000000000000000e+03,-2.861004883544728372e+00,8.672137222380970067e-01,2.078943443834178062e-01
1.416900000000000048e+01,1.625000000000000000e+03,2.000000000000000000e+03,-2.863567202368961784e+00,8.697583777900278479e-01,2.110593896840226025e-01
1.418699999999999939e+01,1.625000000000000000e+03,2.000000000000000000e+03,-2.865844344554469014e+00,8.714984076715698302e-01,2.078178343132229267e-01
1.420400000000000063e+01,1.625000000000000000e+03,2.000000000000000000e+03,-2.865844344554469014e+00,8.714984076715698302e-01,2.078178343132229267e-01
1.422100000000000009e+01,1.625000000000000000e+03,2.000000000000000000e+03,-2.868416157275414768e+00,8.740517029364417434e-01,2.109854784201287692e-01
1.423799999999999955e+01,1.625000000000000000e+03,2.000000000000000000e+03,-2.871285742907226268e+00,8.774228220216609975e-01,2.077678215763177072e-01
1.425500000000000078e+01,1.625000000000000000e+03,2.000000000000000000e+03,-2.873575660096800100e+00,8.791736063636036436e-01,1.935741776533861924e-01
1.427200000000000024e+01,1.625000000000000000e+03,2.000000000000000000e+03,-2.873575660096800100e+00,8.791736063636036436e-01,1.935741776533861924e-01
1.428899999999999970e+01,1.625000000000000000e+03,2.000000000000000000e+03,-2.875888821265399464e+00,8.825164584183681216e-01,1.935855792422638832e-01
1.430700000000000038e+01,1.625000000000000000e+03,2.000000000000000000e+03,-2.877617143000945177e+00,8.842326449414220635e-01,1.763033561480763789e-01
1.432300000000000040e+01,1.625000000000000000e+03,2.000000000000000000e+03,-2.880488158879063398e+00,8.860347814357215634e-01,1.934838755236719943e-01
1.434099999999999930e+01,1.625000000000000000e+03,2.000000000000000000e+03,-2.882816423909101200e+00,8.893950072807578211e-01,1.934940639013534858e-01
1.435800000000000054e+01,1.625000000000000000e+03,2.000000000000000000e+03,-2.885125923538103709e+00,8.911626142164242870e-01,1.760540608209102409e-01
1.437500000000000000e+01,1.625000000000000000e+03,2.000000000000000000e+03,-2.885125923538103709e+00,8.911626142164242870e-01,1.760540608209102409e-01
1.439199999999999946e+01,1.625000000000000000e+03,2.000000000000000000e+03,-2.885125923538103709e+00,8.911626142164242870e-01,1.760540608209102409e-01
1.440900000000000070e+01,1.625000000000000000e+03,2.000000000000000000e+03,-2.889782423913671572e+00,8.963105660486280213e-01,1.788653148548009497e-01
1.442500000000000071e+01,1.625000000000000000e+03,2.000000000000000000e+03,-2.891257120830247551e+00,8.988279950801342233e-01,1.613869566469803840e-01
1.444299999999999962e+01,1.625000000000000000e+03,2.000000000000000000e+03,-2.891257120830247551e+00,8.988279950801342233e-01,1.613869566469803840e-01
1.446000000000000085e+01,1.625000000000000000e+03,2.000000000000000000e+03,-2.893883305631375080e+00,9.014358244196963854e-01,1.759009450366198490e-01
1.447700000000000031e+01,1.625000000000000000e+03,2.000000000000000000e+03,-2.896514979837924386e+00,9.040489426845371712e-01,1.787280605531580413e-01
1.449499999999999922e+01,1.625000000000000000e+03,2.000000000000000000e+03,-2.896514979837924386e+00,9.040489426845371712e-01,1.787280605531580413e-01
1.451200000000000045e+01,1.625000000000000000e+03,2.000000000000000000e+03,-2.910991305892168590e+00,9.205452231858824996e-01,1.260032372726733185e-01
1.452899999999999991e+01,1.625000000000000000e+03,2.000000000000000000e+03,-2.914862474745803844e+00,9.249230086477931989e-01,1.235439050766364150e-01
1.454599999999999937e+01,1.625000000000000000e+03,2.000000000000000000e+03,-2.914862474745803844e+00,9.249230086477931989e-01,1.235439050766364150e-01
1.456300000000000061e+01,1.625000000000000000e+03,2.000000000000000000e+03,-2.917270572285200370e+00,9.283817450452463982e-01,1.257278352360932383e-01
1.458099999999999952e+01,1.625000000000000000e+03,2.000000000000000000e+03,-2.918164643664627356e+00,9.292702803045552740e-01,1.084287641300383659e-01
1.459900000000000020e+01,1.625000000000000000e+03,2.000000000000000000e+03,-2.922375054101793879e+00,9.345235328051008095e-01,9.114165760573343655e-02
1.461599999999999966e+01,1.625000000000000000e+03,2.000000000000000000e+03,-2.923632877418918419e+00,9.379154215448867182e-01,9.102492100955865417e-02
1.463299999999999912e+01,1.625000000000000000e+03,2.000000000000000000e+03,-2.926017397397322028e+00,9.397515016081195993e-01,1.102584553685462265e-01
1.465099999999999980e+01,1.625000000000000000e+03,2.000000000000000000e+03,-2.926017397397322028e+00,9.397515016081195993e-01,1.102584553685462265e-01
1.466799999999999926e+01,1.625000000000000000e+03,2.000000000000000000e+03,-2.926017397397322028e+00,9.397515016081195993e-01,1.102584553685462265e-01
1.468500000000000050e+01,1.625000000000000000e+03,2.000000000000000000e+03,-2.929405080552688112e+00,9.458066019787599865e-01,9.271433145546165155e-02
1.470199999999999996e+01,1.625000000000000000e+03,2.000000000000000000e+03,-2.929405080552688112e+00,9.458066019787599865e-01,9.271433145546165155e-02
1.472000000000000064e+01,1.625000000000000000e+03,2.000000000000000000e+03,-2.930040400646484855e+00,9.475149277022519856e-01,7.540688328634419235e-02
1.473700000000000010e+01,1.625000000000000000e+03,2.000000000000000000e+03,-2.930040400646484855e+00,9.475149277022519856e-01,7.540688328634419235e-02
1.475399999999999956e+01,1.625000000000000000e+03,2.000000000000000000e+03,-2.932488578295902037e+00,9.510305848986723154e-01,7.527043403269732813e-02
1.477100000000000080e+01,1.625000000000000000e+03,2.000000000000000000e+03,-2.934943162474887401e+00,9.545551741841719062e-01,7.513330015947690399e-02
1.478899999999999970e+01,1.625000000000000000e+03,2.000000000000000000e+03,-2.934943162474887401e+00,9.545551741841719062e-01,7.513330015947690399e-02
1.480700000000000038e+01,1.625000000000000000e+03,2.000000000000000000e+03,-2.936761985990648860e+00,9.563677651983820693e-01,5.951074735580967612e-02
1.482399999999999984e+01,1.625000000000000000e+03,2.000000000000000000e+03,-2.939871662680038966e+00,9.616312983039451145e-01,4.210257353585145773e-02
1.484099999999999930e+01,1.625000000000000000e+03,2.000000000000000000e+03,-2.939871662680038966e+00,9.616312983039451145e-01,4.210257353585145773e-02
1.485800000000000054e+01,1.625000000000000000e+03,2.000000000000000000e+03,-2.941163015723001095e+00,9.650877819536872737e-01,4.192693562994439377e-02
1.487500000000000000e+01,1.625000000000000000e+03,2.000000000000000000e+03,-2.941163015723001095e+00,9.650877819536872737e-01,4.192693562994439377e-02
1.489199999999999946e+01,1.625000000000000000e+03,2.000000000000000000e+03,-2.942993249588633731e+00,9.669144133005066477e-01,2.482552575067153294e-02
1.490900000000000070e+01,1.625000000000000000e+03,2.000000000000000000e+03,-2.943966141422702520e+00,9.695154741567096890e-01,4.175051837331083399e-02
1.492699999999999960e+01,1.625000000000000000e+03,2.000000000000000000e+03,-2.946126821352945235e+00,9.722172275417052534e-01,2.463038592020756062e-02
1.494400000000000084e+01,1.625000000000000000e+03,2.000000000000000000e+03,-2.946126821352945235e+00,9.722172275417052534e-01,2.463038592020756062e-02
1.496100000000000030e+01,1.625000000000000000e+03,2.000000000000000000e+03,-2.946778351800422246e+00,9.739570983897097856e-01,2.443442329522925102e-02
1.497799999999999976e+01,1.625000000000000000e+03,2.000000000000000000e+03,-2.948351229357465186e+00,9.766191126872146855e-01,7.474189708305385704e-03
1.499499999999999922e+01,1.625000000000000000e+03,2.000000000000000000e+03,-2.950521981097516289e+00,9.793346919751050317e-01,7.259129412668948074e-03
1.501299999999999990e+01,1.625000000000000000e+03,2.000000000000000000e+03,-2.961310425787500034e+00,9.972609394597878874e-01,-2.570347255109174667e-02
1.502999999999999936e+01,1.625000000000000000e+03,2.000000000000000000e+03,-2.961310425787500034e+00,9.972609394597878874e-01,-2.570347255109174667e-02
1.504700000000000060e+01,1.625000000000000000e+03,2.000000000000000000e+03,-2.962910784366361128e+00,9.999668723694915551e-01,-9.869534606362681539e-03
1.506400000000000006e+01,1.625000000000000000e+03,2.000000000000000000e+03,-2.963913559345892068e+00,1.002627613051302102e+00,-2.674188349713768273e-02
1.508099999999999952e+01,1.625000000000000000e+03,2.000000000000000000e+03,-2.966120860307231322e+00,1.005394090232276216e+00,-2.699710490044101088e-02
1.509900000000000020e+01,1.625000000000000000e+03,2.000000000000000000e+03,-2.969077859816162679e+00,1.011683885389380588e+00,-4.335778889594704005e-02
1.511599999999999966e+01,1.625000000000000000e+03,2.000000000000000000e+03,-2.971224898142839521e+00,1.012730502178309067e+00,-2.683836155872054707e-02
1.513299999999999912e+01,1.625000000000000000e+03,2.000000000000000000e+03,-2.971224898142839521e+00,1.012730502178309067e+00,-2.683836155872054707e-02
1.515000000000000036e+01,1.625000000000000000e+03,2.000000000000000000e+03,-2.971224898142839521e+00,1.012730502178309067e+00,-2.683836155872054707e-02
1.516799999999999926e+01,1.625000000000000000e+03,2.000000000000000000e+03,-2.974466207817203944e+00,1.018206471373444000e+00,-4.401730175739675122e-02
1.518500000000000050e+01,1.625000000000000000e+03,2.000000000000000000e+03,-2.974466207817203944e+00,1.018206471373444000e+00,-4.401730175739675122e-02
1.520299999999999940e+01,1.625000000000000000e+03,2.000000000000000000e+03,-2.977720261078218300e+00,1.023703315607753073e+00,-4.429326797027013929e-02
1.522000000000000064e+01,1.625000000000000000e+03,2.000000000000000000e+03,-2.977720261078218300e+00,1.023703315607753073e+00,-4.429326797027013929e-02
1.523700000000000010e+01,1.625000000000000000e+03,2.000000000000000000e+03,-2.979772275380779600e+00,1.029116537059183489e+00,-6.088618991552541271e-02
1.525399999999999956e+01,1.625000000000000000e+03,2.000000000000000000e+03,-2.979772275380779600e+00,1.029116537059183489e+00,-6.088618991552541271e-02
1.526999999999999957e+01,1.625000000000000000e+03,2.000000000000000000e+03,-2.979772275380779600e+00,1.029116537059183489e+00,-6.088618991552541271e-02
1.528800000000000026e+01,1.625000000000000000e+03,2.000000000000000000e+03,-2.983313625355077825e+00,1.033800389255974839e+00,-7.775950691833828643e-02
1.530499999999999972e+01,1.625000000000000000e+03,2.000000000000000000e+03,-2.986257385494447636e+00,1.038446927083449545e+00,-7.807092625246946083e-02
1.532199999999999918e+01,1.625000000000000000e+03,2.000000000000000000e+03,-2.986257385494447636e+00,1.038446927083449545e+00,-7.807092625246946083e-02
1.533900000000000041e+01,1.625000000000000000e+03,2.000000000000000000e+03,-2.986257385494447636e+00,1.038446927083449545e+00,-7.807092625246946083e-02
1.535599999999999987e+01,1.625000000000000000e+03,2.000000000000000000e+03,-2.988253024795218593e+00,1.042143009773315310e+00,-7.838343680732455521e-02
1.537400000000000055e+01,1.625000000000000000e+03,2.000000000000000000e+03,-2.989294624247460952e+00,1.044881059987851302e+00,-6.174770683988297509e-02
1.539000000000000057e+01,1.625000000000000000e+03,2.000000000000000000e+03,-2.990601926665052090e+00,1.046762834853280921e+00,-7.869704470732254153e-02
1.540700000000000003e+01,1.625000000000000000e+03,2.000000000000000000e+03,-2.992259937738757092e+00,1.049563231013676656e+00,-7.901175610878694022e-02
1.542500000000000071e+01,1.625000000000000000e+03,2.000000000000000000e+03,-2.992958434593756323e+00,1.051397150776764988e+00,-9.568146320566289775e-02
1.544200000000000017e+01,1.625000000000000000e+03,2.000000000000000000e+03,-2.994358060607313909e+00,1.055071658751236985e+00,-9.601277659092279093e-02
1.545899999999999963e+01,1.625000000000000000e+03,2.000000000000000000e+03,-2.995673473302668199e+00,1.056966673893801278e+00,-9.601277659092279093e-02
1.547600000000000087e+01,1.625000000000000000e+03,2.000000000000000000e+03,-2.997342450267438618e+00,1.059786598372335131e+00,-9.634522690021692093e-02
1.549300000000000033e+01,1.625000000000000000e+03,2.000000000000000000e+03,-3.003171254666802792e+00,1.071939915989001957e+00,-1.305205278183328710e-01
1.550999999999999979e+01,1.625000000000000000e+03,2.000000000000000000e+03,-3.003171254666802792e+00,1.071939915989001957e+00,-1.305205278183328710e-01
1.552800000000000047e+01,1.625000000000000000e+03,2.000000000000000000e+03,-3.003975046672959337e+00,1.075609162551239173e+00,-1.312151093000717417e-01
1.554499999999999993e+01,1.625000000000000000e+03,2.000000000000000000e+03,-3.005663087113653820e+00,1.078464780563453740e+00,-1.145755685784884542e-01
1.556199999999999939e+01,1.625000000000000000e+03,2.000000000000000000e+03,-3.006377072346537727e+00,1.080334161157531891e+00,-1.315822402647086609e-01
1.558000000000000007e+01,1.625000000000000000e+03,2.000000000000000000e+03,-3.007449751246408454e+00,1.083142526501065461e+00,-1.319505743683958843e-01
1.559600000000000009e+01,1.625000000000000000e+03,2.000000000000000000e+03,-3.007449751246408454e+00,1.083142526501065461e+00,-1.319505743683958843e-01
1.561299999999999955e+01,1.625000000000000000e+03,2.000000000000000000e+03,-3.009242100742008041e+00,1.087834624103401815e+00,-1.323201179687035212e-01
1.563100000000000023e+01,1.625000000000000000e+03,2.000000000000000000e+03,-3.009242100742008041e+00,1.087834624103401815e+00,-1.323201179687035212e-01
1.564899999999999913e+01,1.625000000000000000e+03,2.000000000000000000e+03,-3.011400465129819626e+00,1.093484183102082063e+00,-1.498496268531075148e-01
1.566600000000000037e+01,1.625000000000000000e+03,2.000000000000000000e+03,-3.011400465129819626e+00,1.093484183102082063e+00,-1.498496268531075148e-01
1.568299999999999983e+01,1.625000000000000000e+03,2.000000000000000000e+03,-3.011859287973159383e+00,1.096259433716502141e+00,-1.671065433943415002e-01
1.569999999999999929e+01,1.625000000000000000e+03,2.000000000000000000e+03,-3.013205423462026022e+00,1.098208099147951256e+00,-1.507742339985977120e-01
1.571700000000000053e+01,1.625000000000000000e+03,2.000000000000000000e+03,-3.013304699075868065e+00,1.100044107000698990e+00,-1.667121711369971837e-01
1.573399999999999999e+01,1.625000000000000000e+03,2.000000000000000000e+03,-3.013304699075868065e+00,1.100044107000698990e+00,-1.667121711369971837e-01
1.575099999999999945e+01,1.625000000000000000e+03,2.000000000000000000e+03,-3.014391186362940012e+00,1.102888742486393348e+00,-1.678364598598751367e-01
1.576800000000000068e+01,1.625000000000000000e+03,2.000000000000000000e+03,-3.015944253320108182e+00,1.108535593004591036e+00,-1.682388505761090447e-01
1.578500000000000014e+01,1.625000000000000000e+03,2.000000000000000000e+03,-3.017298715940448073e+00,1.110500251985756748e+00,-1.847106136814426758e-01
1.580199999999999960e+01,1.625000000000000000e+03,2.000000000000000000e+03,-3.018130599528749070e+00,1.114261474856727663e+00,-1.860512768498011615e-01
1.581900000000000084e+01,1.625000000000000000e+03,2.000000000000000000e+03,-3.017240681104852662e+00,1.115100424890727471e+00,-2.023574905205500207e-01
1.583600000000000030e+01,1.625000000000000000e+03,2.000000000000000000e+03,-3.017240681104852662e+00,1.115100424890727471e+00,-2.023574905205500207e-01
1.585299999999999976e+01,1.625000000000000000e+03,2.000000000000000000e+03,-3.017240681104852662e+00,1.115100424890727471e+00,-2.023574905205500207e-01
1.587199999999999989e+01,1.625000000000000000e+03,2.000000000000000000e+03,-3.019696689623344810e+00,1.119949597530363494e+00,-2.027878697319685231e-01
1.588899999999999935e+01,1.625000000000000000e+03,2.000000000000000000e+03,-3.021793318258212402e+00,1.123852076342743977e+00,-2.032195363420899181e-01
1.590600000000000058e+01,1.625000000000000000e+03,2.000000000000000000e+03,-3.021636345521205413e+00,1.126621721608541460e+00,-2.206045940852071618e-01
1.592300000000000004e+01,1.625000000000000000e+03,2.000000000000000000e+03,-3.021741772798418602e+00,1.128490611733879767e+00,-2.035968791134702693e-01
1.593999999999999950e+01,1.625000000000000000e+03,2.000000000000000000e+03,-3.023477945280369727e+00,1.131447700717133742e+00,-2.210498629289087136e-01
1.595700000000000074e+01,1.625000000000000000e+03,2.000000000000000000e+03,-3.023477945280369727e+00,1.131447700717133742e+00,-2.210498629289087136e-01
1.597400000000000020e+01,1.625000000000000000e+03,2.000000000000000000e+03,-3.023477945280369727e+00,1.131447700717133742e+00,-2.210498629289087136e-01
1.599099999999999966e+01,1.625000000000000000e+03,2.000000000000000000e+03,-3.023322211555262484e+00,1.134230264521907117e+00,-2.214505863963309173e-01
1.600799999999999912e+01,1.625000000000000000e+03,2.000000000000000000e+03,-3.023322211555262484e+00,1.134230264521907117e+00,-2.214505863963309173e-01
1.602599999999999980e+01,1.625000000000000000e+03,2.000000000000000000e+03,-3.029370955158746881e+00,1.151697888150403415e+00,-2.561305341111306255e-01
1.604400000000000048e+01,1.625000000000000000e+03,2.000000000000000000e+03,-3.030229687591670107e+00,1.155558168444418943e+00,-2.583047571164815981e-01
1.606099999999999994e+01,1.625000000000000000e+03,2.000000000000000000e+03,-3.030229687591670107e+00,1.155558168444418943e+00,-2.583047571164815981e-01
1.607900000000000063e+01,1.625000000000000000e+03,2.000000000000000000e+03,-3.030978296869683675e+00,1.157522715429002425e+00,-2.427350500648778331e-01
1.609600000000000009e+01,1.625000000000000000e+03,2.000000000000000000e+03,-3.032103047542849872e+00,1.160474178176041260e+00,-2.587798732328857043e-01
1.611400000000000077e+01,1.625000000000000000e+03,2.000000000000000000e+03,-3.033230008427079127e+00,1.163431226431027365e+00,-2.609991448017353055e-01
1.613100000000000023e+01,1.625000000000000000e+03,2.000000000000000000e+03,-3.033982546981687456e+00,1.165405703236486623e+00,-2.609991448017353055e-01
1.614799999999999969e+01,1.625000000000000000e+03,2.000000000000000000e+03,-3.035375250788162393e+00,1.167445305418246537e+00,-2.614777436784055942e-01
1.616400000000000148e+01,1.625000000000000000e+03,2.000000000000000000e+03,-3.034588792737396012e+00,1.170227175826019206e+00,-2.773533014155499798e-01
1.618100000000000094e+01,1.625000000000000000e+03,2.000000000000000000e+03,-3.034588792737396012e+00,1.170227175826019206e+00,-2.773533014155499798e-01
1.619900000000000162e+01,1.625000000000000000e+03,2.000000000000000000e+03,-3.035721800170466445e+00,1.173202497613193174e+00,-2.619321376503472298e-01
1.621600000000000108e+01,1.625000000000000000e+03,2.000000000000000000e+03,-3.035837674822912557e+00,1.175126016014881092e+00,-2.797912190243944663e-01
1.623300000000000054e+01,1.625000000000000000e+03,2.000000000000000000e+03,-3.036973726791976524e+00,1.178110540399700756e+00,-2.802825953255272950e-01
1.625000000000000000e+01,1.625000000000000000e+03,2.000000000000000000e+03,-3.036973726791976524e+00,1.178110540399700756e+00,-2.802825953255272950e-01
1.626699999999999946e+01,1.625000000000000000e+03,2.000000000000000000e+03,-3.037470042945034088e+00,1.181037135450073272e+00,-2.981672850996766044e-01
1.628500000000000014e+01,1.625000000000000000e+03,2.000000000000000000e+03,-3.038229700517052656e+00,1.183033616503921248e+00,-2.827717732112800531e-01
1.630300000000000082e+01,1.625000000000000000e+03,2.000000000000000000e+03,-3.038728033945936602e+00,1.185969119474734157e+00,-2.965134915263320514e-01
1.632000000000000028e+01,1.625000000000000000e+03,2.000000000000000000e+03,-3.040776835433565140e+00,1.188100101405484832e+00,-2.832667267924457999e-01
1.633800000000000097e+01,1.625000000000000000e+03,2.000000000000000000e+03,-3.040252456753807841e+00,1.189977027114502039e+00,-2.991711964737832075e-01
1.635500000000000043e+01,1.625000000000000000e+03,2.000000000000000000e+03,-3.042163667738064348e+00,1.195001293469405645e+00,-2.996760135125120517e-01
1.637300000000000111e+01,1.625000000000000000e+03,2.000000000000000000e+03,-3.042163667738064348e+00,1.195001293469405645e+00,-2.996760135125120517e-01
1.639000000000000057e+01,1.625000000000000000e+03,2.000000000000000000e+03,-3.042405405843897626e+00,1.198902314159886906e+00,-3.023896063015957258e-01
1.640700000000000003e+01,1.625000000000000000e+03,2.000000000000000000e+03,-3.042788959815888816e+00,1.199911505913969556e+00,-3.205317467741866655e-01
1.642399999999999949e+01,1.625000000000000000e+03,2.000000000000000000e+03,-3.043941151378213306e+00,1.202942955158233129e+00,-3.006865150800818176e-01
1.644099999999999895e+01,1.625000000000000000e+03,2.000000000000000000e+03,-3.044063408555621741e+00,1.204901740377748887e+00,-3.186450205433961069e-01
1.645799999999999841e+01,1.625000000000000000e+03,2.000000000000000000e+03,-3.044063408555621741e+00,1.204901740377748887e+00,-3.186450205433961069e-01
1.647500000000000142e+01,1.625000000000000000e+03,2.000000000000000000e+03,-3.044956372530362998e+00,1.208891892927952405e+00,-3.215789837419929520e-01
1.649200000000000088e+01,1.625000000000000000e+03,2.000000000000000000e+03,-3.045727917434110754e+00,1.210923565785655853e+00,-3.215789837419929520e-01
1.650900000000000034e+01,1.625000000000000000e+03,2.000000000000000000e+03,-3.046986342497226552e+00,1.225775678432672322e+00,-3.413734208083127331e-01
1.652599999999999980e+01,1.625000000000000000e+03,2.000000000000000000e+03,-3.048015471220842265e+00,1.231807474748662479e+00,-3.629890948721452015e-01
1.654299999999999926e+01,1.625000000000000000e+03,2.000000000000000000e+03,-3.049447666359837772e+00,1.233935479087620024e+00,-3.424611231172896564e-01
1.656099999999999994e+01,1.625000000000000000e+03,2.000000000000000000e+03,-3.049447666359837772e+00,1.233935479087620024e+00,-3.424611231172896564e-01
1.657700000000000173e+01,1.625000000000000000e+03,2.000000000000000000e+03,-3.049447666359837772e+00,1.233935479087620024e+00,-3.424611231172896564e-01
1.659400000000000119e+01,1.625000000000000000e+03,2.000000000000000000e+03,-3.048658393474589445e+00,1.236828255003427302e+00,-3.606717374814080723e-01
1.661199999999999832e+01,1.625000000000000000e+03,2.000000000000000000e+03,-3.049566865495111578e+00,1.240896578820953611e+00,-3.641116408235015589e-01
1.662800000000000011e+01,1.625000000000000000e+03,2.000000000000000000e+03,-3.048912624478770095e+00,1.240828593757195009e+00,-3.641116408235015589e-01
1.664499999999999957e+01,1.625000000000000000e+03,2.000000000000000000e+03,-3.049167643977603426e+00,1.244838437648248419e+00,-3.646941278929289876e-01
1.666199999999999903e+01,1.625000000000000000e+03,2.000000000000000000e+03,-3.049167643977603426e+00,1.244838437648248419e+00,-3.646941278929289876e-01
1.667899999999999849e+01,1.625000000000000000e+03,2.000000000000000000e+03,-3.051127573754029765e+00,1.250035753028147845e+00,-3.652387378175591670e-01
1.669600000000000151e+01,1.625000000000000000e+03,2.000000000000000000e+03,-3.051127573754029765e+00,1.250035753028147845e+00,-3.652387378175591670e-01
1.671399999999999864e+01,1.625000000000000000e+03,2.000000000000000000e+03,-3.050993178433578645e+00,1.253024460631277037e+00,-3.836443181478897402e-01
1.673100000000000165e+01,1.625000000000000000e+03,2.000000000000000000e+03,-3.050465547547823952e+00,1.254973828696824167e+00,-3.842495457992128882e-01
1.674800000000000111e+01,1.625000000000000000e+03,2.000000000000000000e+03,-3.050594728193748661e+00,1.256994458891162125e+00,-3.842495457992128882e-01
1.676599999999999824e+01,1.625000000000000000e+03,2.000000000000000000e+03,-3.050983474031297771e+00,1.263070839142528268e+00,-4.032424093251825159e-01
1.678399999999999892e+01,1.625000000000000000e+03,2.000000000000000000e+03,-3.050983474031297771e+00,1.263070839142528268e+00,-4.032424093251825159e-01
1.680199999999999960e+01,1.625000000000000000e+03,2.000000000000000000e+03,-3.052167199497363370e+00,1.266221883943844162e+00,-3.885954353839084496e-01
1.681899999999999906e+01,1.625000000000000000e+03,2.000000000000000000e+03,-3.051243644696530311e+00,1.267133878908055955e+00,-4.038697553724771572e-01
1.684700000000000131e+01,1.625000000000000000e+03,2.000000000000000000e+03,-3.051243644696530311e+00,1.267133878908055955e+00,-4.038697553724771572e-01
1.689000000000000057e+01,1.625000000000000000e+03,2.000000000000000000e+03,-3.051109414234145056e+00,1.270152527202436765e+00,-4.222032750911449694e-01
1.690800000000000125e+01,1.625000000000000000e+03,2.000000000000000000e+03,-3.051109414234145056e+00,1.270152527202436765e+00,-4.222032750911449694e-01
1.692500000000000071e+01,1.625000000000000000e+03,2.000000000000000000e+03,-3.051900102956734084e+00,1.272261476038569317e+00,-4.078230297987957553e-01
1.694999999999999929e+01,1.625000000000000000e+03,2.000000000000000000e+03,-3.052162482463107729e+00,1.276346620892179651e+00,-4.050606470929101754e-01
1.696799999999999997e+01,1.625000000000000000e+03,2.000000000000000000e+03,-3.052162482463107729e+00,1.276346620892179651e+00,-4.050606470929101754e-01
1.698499999999999943e+01,1.625000000000000000e+03,2.000000000000000000e+03,-3.052557583220588455e+00,1.282492762691518795e+00,-4.275822699841643759e-01
1.700300000000000011e+01,1.625000000000000000e+03,2.000000000000000000e+03,-3.052027187352299720e+00,1.284475349092028651e+00,-4.240682431993772483e-01
1.701999999999999957e+01,1.625000000000000000e+03,2.000000000000000000e+03,-3.051893650686190007e+00,1.287524610624978472e+00,-4.282370779093994662e-01
1.703699999999999903e+01,1.625000000000000000e+03,2.000000000000000000e+03,-3.052822270175481023e+00,1.301994280310117436e+00,-4.664957036286246916e-01
1.705399999999999849e+01,1.625000000000000000e+03,2.000000000000000000e+03,-3.053355747801870912e+00,1.305147140901290914e+00,-4.525416223164619445e-01
1.707000000000000028e+01,1.625000000000000000e+03,2.000000000000000000e+03,-3.052423003968690374e+00,1.306078458124245056e+00,-4.671906834373705242e-01
1.708800000000000097e+01,1.625000000000000000e+03,2.000000000000000000e+03,-3.052423003968690374e+00,1.306078458124245056e+00,-4.671906834373705242e-01
1.710500000000000043e+01,1.625000000000000000e+03,2.000000000000000000e+03,-3.052956857280865854e+00,1.309238791115304057e+00,-4.532234989525519842e-01
1.712199999999999989e+01,1.625000000000000000e+03,2.000000000000000000e+03,-3.052290377052520043e+00,1.314348511735520031e+00,-4.725584627431695939e-01
1.713899999999999935e+01,1.625000000000000000e+03,2.000000000000000000e+03,-3.052424328464714343e+00,1.316440496092474710e+00,-4.725584627431695939e-01
1.715599999999999881e+01,1.625000000000000000e+03,2.000000000000000000e+03,-3.052960093313831891e+00,1.319619992450140167e+00,-4.773242560617200758e-01
1.717399999999999949e+01,1.625000000000000000e+03,2.000000000000000000e+03,-3.053094767829921174e+00,1.321718424891921373e+00,-4.773242560617200758e-01
1.719099999999999895e+01,1.625000000000000000e+03,2.000000000000000000e+03,-3.052559994018659850e+00,1.323745629314417638e+00,-4.918040923118173757e-01
1.720799999999999841e+01,1.625000000000000000e+03,2.000000000000000000e+03,-3.052694691634694646e+00,1.325849030168352094e+00,-4.780315241488098388e-01
1.722500000000000142e+01,1.625000000000000000e+03,2.000000000000000000e+03,-3.052694691634694646e+00,1.325849030168352094e+00,-4.780315241488098388e-01
1.724200000000000088e+01,1.625000000000000000e+03,2.000000000000000000e+03,-3.052428900543739054e+00,1.332100292537986785e+00,-4.974930479435791253e-01
1.725900000000000034e+01,1.625000000000000000e+03,2.000000000000000000e+03,-3.052428900543739054e+00,1.332100292537986785e+00,-4.974930479435791253e-01
1.727599999999999980e+01,1.625000000000000000e+03,2.000000000000000000e+03,-3.052428900543739054e+00,1.332100292537986785e+00,-4.974930479435791253e-01
1.729400000000000048e+01,1.625000000000000000e+03,2.000000000000000000e+03,-3.052160809575815037e+00,1.333119535374778231e+00,-4.974930479435791253e-01
1.731099999999999994e+01,1.625000000000000000e+03,2.000000000000000000e+03,-3.052160809575815037e+00,1.333119535374778231e+00,-4.974930479435791253e-01
1.732799999999999940e+01,1.625000000000000000e+03,2.000000000000000000e+03,-3.052699397898614997e+00,1.336329969044957711e+00,-4.982199420682527635e-01
1.734600000000000009e+01,1.625000000000000000e+03,2.000000000000000000e+03,-3.052162715765954992e+00,1.338373902886727862e+00,-4.982199420682527635e-01
1.736299999999999955e+01,1.625000000000000000e+03,2.000000000000000000e+03,-3.052029474415340005e+00,1.341519127344108053e+00,-5.078777070743076827e-01
1.737999999999999901e+01,1.625000000000000000e+03,2.000000000000000000e+03,-3.050818881105695102e+00,1.343493901875012053e+00,-5.222624317376276526e-01
1.739699999999999847e+01,1.625000000000000000e+03,2.000000000000000000e+03,-3.052031744755478115e+00,1.346798812089919029e+00,-5.086147974352936973e-01
1.741400000000000148e+01,1.625000000000000000e+03,2.000000000000000000e+03,-3.050819566871550315e+00,1.348779297002852484e+00,-5.276326622614336825e-01
1.743100000000000094e+01,1.625000000000000000e+03,2.000000000000000000e+03,-3.052303608085774833e+00,1.351064316012680511e+00,-5.139006128679129981e-01
1.744800000000000040e+01,1.625000000000000000e+03,2.000000000000000000e+03,-3.052303608085774833e+00,1.351064316012680511e+00,-5.139006128679129981e-01
1.746499999999999986e+01,1.625000000000000000e+03,2.000000000000000000e+03,-3.051495503610804239e+00,1.354156518821149735e+00,-5.283872660766432139e-01
1.748300000000000054e+01,1.625000000000000000e+03,2.000000000000000000e+03,-3.048792421870153202e+00,1.375215840300425096e+00,-5.554308399375024186e-01
1.750000000000000000e+01,1.625000000000000000e+03,2.000000000000000000e+03,-3.049199543204101914e+00,1.376337183654148699e+00,-5.554308399375024186e-01
1.751800000000000068e+01,1.625000000000000000e+03,2.000000000000000000e+03,-3.048792239690850003e+00,1.380597180589455686e+00,-5.612319976590041115e-01
1.753600000000000136e+01,1.625000000000000000e+03,2.000000000000000000e+03,-3.048792239690850003e+00,1.380597180589455686e+00,-5.612319976590041115e-01
1.755300000000000082e+01,1.625000000000000000e+03,2.000000000000000000e+03,-3.047840925316389615e+00,1.381566695106573928e+00,-5.751345731198093114e-01
1.757000000000000028e+01,1.625000000000000000e+03,2.000000000000000000e+03,-3.047839773392518659e+00,1.386967240221450570e+00,-5.569920494032363223e-01
1.758800000000000097e+01,1.625000000000000000e+03,2.000000000000000000e+03,-3.046206408989984737e+00,1.387861994800444254e+00,-5.813233539371284175e-01
1.760500000000000043e+01,1.625000000000000000e+03,2.000000000000000000e+03,-3.046476357045700745e+00,1.392227575423199415e+00,-5.821238606196358356e-01
1.762199999999999989e+01,1.625000000000000000e+03,2.000000000000000000e+03,-3.046476357045700745e+00,1.392227575423199415e+00,-5.821238606196358356e-01
1.763899999999999935e+01,1.625000000000000000e+03,2.000000000000000000e+03,-3.046203291190649587e+00,1.393281464160441185e+00,-5.821238606196358356e-01
1.765599999999999881e+01,1.625000000000000000e+03,2.000000000000000000e+03,-3.044293674756745727e+00,1.395234076931232803e+00,-5.956862250844462414e-01
1.767299999999999827e+01,1.625000000000000000e+03,2.000000000000000000e+03,-3.044427833014986540e+00,1.397424469150340354e+00,-5.777257398770974106e-01
1.769000000000000128e+01,1.625000000000000000e+03,2.000000000000000000e+03,-3.043605859441917527e+00,1.400596921187146737e+00,-6.020746733132885664e-01
1.770700000000000074e+01,1.625000000000000000e+03,2.000000000000000000e+03,-3.043605859441917527e+00,1.400596921187146737e+00,-6.020746733132885664e-01
1.772400000000000020e+01,1.625000000000000000e+03,2.000000000000000000e+03,-3.043605859441917527e+00,1.400596921187146737e+00,-6.020746733132885664e-01
1.774200000000000088e+01,1.625000000000000000e+03,2.000000000000000000e+03,-3.042508086321200622e+00,1.404835431482196029e+00,-6.028909094746510711e-01
1.776000000000000156e+01,1.625000000000000000e+03,2.000000000000000000e+03,-3.042508086321200622e+00,1.404835431482196029e+00,-6.028909094746510711e-01
1.777700000000000102e+01,1.625000000000000000e+03,2.000000000000000000e+03,-3.042916480981022076e+00,1.405975748303131212e+00,-6.028909094746510711e-01
1.779400000000000048e+01,1.625000000000000000e+03,2.000000000000000000e+03,-3.043184636327559200e+00,1.410385742015646482e+00,-6.091862603235517204e-01
1.781099999999999994e+01,1.625000000000000000e+03,2.000000000000000000e+03,-3.041816738583472457e+00,1.410226811969468308e+00,-6.037083977444965832e-01
1.782900000000000063e+01,1.625000000000000000e+03,2.000000000000000000e+03,-3.041399434804736845e+00,1.414567459715468711e+00,-6.158379278947836433e-01
1.784600000000000009e+01,1.625000000000000000e+03,2.000000000000000000e+03,-3.040439125761288164e+00,1.415554534815760768e+00,-6.102367059134954363e-01
1.786299999999999955e+01,1.625000000000000000e+03,2.000000000000000000e+03,-3.039610985311512970e+00,1.418758604952984115e+00,-6.235170590012542036e-01
1.787999999999999901e+01,1.625000000000000000e+03,2.000000000000000000e+03,-3.039610985311512970e+00,1.418758604952984115e+00,-6.235170590012542036e-01
1.789699999999999847e+01,1.625000000000000000e+03,2.000000000000000000e+03,-3.037410716825220902e+00,1.421808046442580853e+00,-6.302315079636379158e-01
1.791400000000000148e+01,1.625000000000000000e+03,2.000000000000000000e+03,-3.038637253398389859e+00,1.425263908903654286e+00,-6.234587603050961713e-01
1.793100000000000094e+01,1.625000000000000000e+03,2.000000000000000000e+03,-3.038637253398389859e+00,1.425263908903654286e+00,-6.234587603050961713e-01
1.794900000000000162e+01,1.625000000000000000e+03,2.000000000000000000e+03,-3.038083232820090629e+00,1.427410682999044944e+00,-6.368297421818548409e-01
1.796600000000000108e+01,1.625000000000000000e+03,2.000000000000000000e+03,-3.038083232820090629e+00,1.427410682999044944e+00,-6.368297421818548409e-01
1.798300000000000054e+01,1.625000000000000000e+03,2.000000000000000000e+03,-3.036432959919140639e+00,1.428323926652773856e+00,-6.310684178991862181e-01
1.800000000000000000e+01,1.625000000000000000e+03,2.000000000000000000e+03,-3.036286533618548056e+00,1.431630994668191548e+00,-6.438114666413012888e-01
1.801599999999999824e+01,1.625000000000000000e+03,2.000000000000000000e+03,-3.034190149029675432e+00,1.442508503275336196e+00,-6.455049288969597621e-01
1.803300000000000125e+01,1.625000000000000000e+03,2.000000000000000000e+03,-3.033482955489157362e+00,1.448012421164654118e+00,-6.526377047494597017e-01
1.805099999999999838e+01,1.625000000000000000e+03,2.000000000000000000e+03,-3.033482955489157362e+00,1.448012421164654118e+00,-6.526377047494597017e-01
1.806800000000000139e+01,1.625000000000000000e+03,2.000000000000000000e+03,-3.030573861901039834e+00,1.451027665274770229e+00,-6.721130199700955377e-01
1.808599999999999852e+01,1.625000000000000000e+03,2.000000000000000000e+03,-3.029731967461950504e+00,1.454293927808986808e+00,-6.792780104525441009e-01
1.810399999999999920e+01,1.625000000000000000e+03,2.000000000000000000e+03,-3.029731967461950504e+00,1.454293927808986808e+00,-6.792780104525441009e-01
1.812099999999999866e+01,1.625000000000000000e+03,2.000000000000000000e+03,-3.029017226508715410e+00,1.459832980765913835e+00,-6.868723575941487747e-01
1.813800000000000168e+01,1.625000000000000000e+03,2.000000000000000000e+03,-3.027635015300655930e+00,1.459668088088301285e+00,-6.804320033844731830e-01
1.815599999999999881e+01,1.625000000000000000e+03,2.000000000000000000e+03,-3.027635015300655930e+00,1.459668088088301285e+00,-6.804320033844731830e-01
1.817299999999999827e+01,1.625000000000000000e+03,2.000000000000000000e+03,-3.027635015300655930e+00,1.459668088088301285e+00,-6.804320033844731830e-01
1.819000000000000128e+01,1.625000000000000000e+03,2.000000000000000000e+03,-3.027198868876892934e+00,1.464127366105736794e+00,-6.813010304970341657e-01
1.820700000000000074e+01,1.625000000000000000e+03,2.000000000000000000e+03,-3.024967722808773907e+00,1.467251005885429560e+00,-7.006964208866695021e-01
1.822400000000000020e+01,1.625000000000000000e+03,2.000000000000000000e+03,-3.024528076104109342e+00,1.471728557798873904e+00,-7.081560985656077944e-01
1.824099999999999966e+01,1.625000000000000000e+03,2.000000000000000000e+03,-3.024528076104109342e+00,1.471728557798873904e+00,-7.081560985656077944e-01
1.825799999999999912e+01,1.625000000000000000e+03,2.000000000000000000e+03,-3.024244792078485400e+00,1.472828851344746948e+00,-7.015754848537866240e-01
1.827599999999999980e+01,1.625000000000000000e+03,2.000000000000000000e+03,-3.023110255712538219e+00,1.477236535782651128e+00,-7.160719785303902851e-01
1.829299999999999926e+01,1.625000000000000000e+03,2.000000000000000000e+03,-3.022416676837867300e+00,1.477153047251421825e+00,-7.093493210723008646e-01
1.830999999999999872e+01,1.625000000000000000e+03,2.000000000000000000e+03,-3.022667819305758563e+00,1.481738466177263902e+00,-7.169586163595692563e-01
1.832700000000000173e+01,1.625000000000000000e+03,2.000000000000000000e+03,-3.020585091876486938e+00,1.481487170407121745e+00,-7.172755798534411475e-01
1.834499999999999886e+01,1.625000000000000000e+03,2.000000000000000000e+03,-3.020585091876486938e+00,1.481487170407121745e+00,-7.172755798534411475e-01
1.836199999999999832e+01,1.625000000000000000e+03,2.000000000000000000e+03,-3.019035493045190144e+00,1.484723326339252303e+00,-7.295127280205072617e-01
1.837900000000000134e+01,1.625000000000000000e+03,2.000000000000000000e+03,-3.019035493045190144e+00,1.484723326339252303e+00,-7.295127280205072617e-01
1.839699999999999847e+01,1.625000000000000000e+03,2.000000000000000000e+03,-3.018750019995100509e+00,1.485831255728116584e+00,-7.181636528774464345e-01
1.841400000000000148e+01,1.625000000000000000e+03,2.000000000000000000e+03,-3.018178647065878906e+00,1.488049087261765102e+00,-7.114299130155269379e-01
1.843199999999999861e+01,1.625000000000000000e+03,2.000000000000000000e+03,-3.015234551624359938e+00,1.491128028248639215e+00,-7.307334615629050845e-01
1.844900000000000162e+01,1.625000000000000000e+03,2.000000000000000000e+03,-3.014782251805307567e+00,1.495663180528153280e+00,-7.458227591308722593e-01
1.846600000000000108e+01,1.625000000000000000e+03,2.000000000000000000e+03,-3.014782251805307567e+00,1.495663180528153280e+00,-7.458227591308722593e-01
1.848199999999999932e+01,1.625000000000000000e+03,2.000000000000000000e+03,-3.013390580862730594e+00,1.495494229002768627e+00,-7.388212236104859665e-01
1.850000000000000000e+01,1.625000000000000000e+03,2.000000000000000000e+03,-3.013390580862730594e+00,1.495494229002768627e+00,-7.388212236104859665e-01
1.851699999999999946e+01,1.625000000000000000e+03,2.000000000000000000e+03,-3.008534811655451335e+00,1.508738620578380374e+00,-7.672416020391779057e-01
1.853399999999999892e+01,1.625000000000000000e+03,2.000000000000000000e+03,-3.007955348868148526e+00,1.510983501539250984e+00,-7.492090224537276688e-01
1.855099999999999838e+01,1.625000000000000000e+03,2.000000000000000000e+03,-3.005979053554575842e+00,1.513060136536056088e+00,-7.757772304439727318e-01
1.856800000000000139e+01,1.625000000000000000e+03,2.000000000000000000e+03,-3.004990330914274921e+00,1.514099301592699565e+00,-7.685080779754092095e-01
1.858500000000000085e+01,1.625000000000000000e+03,2.000000000000000000e+03,-3.004117174005606294e+00,1.517477068619858649e+00,-7.844724235402458223e-01
1.860200000000000031e+01,1.625000000000000000e+03,2.000000000000000000e+03,-3.004117174005606294e+00,1.517477068619858649e+00,-7.844724235402458223e-01
1.862000000000000099e+01,1.625000000000000000e+03,2.000000000000000000e+03,-3.002835442761903728e+00,1.519646479890059076e+00,-7.770535204032414933e-01
1.863800000000000168e+01,1.625000000000000000e+03,2.000000000000000000e+03,-3.002835442761903728e+00,1.519646479890059076e+00,-7.770535204032414933e-01
1.865500000000000114e+01,1.625000000000000000e+03,2.000000000000000000e+03,-3.002835442761903728e+00,1.519646479890059076e+00,-7.770535204032414933e-01
1.867200000000000060e+01,1.625000000000000000e+03,2.000000000000000000e+03,-2.999975695624183203e+00,1.525123774546842004e+00,-8.018245404808453936e-01
1.868900000000000006e+01,1.625000000000000000e+03,2.000000000000000000e+03,-3.000496732178273618e+00,1.528693845307572463e+00,-8.049600634030340540e-01
1.870599999999999952e+01,1.625000000000000000e+03,2.000000000000000000e+03,-2.999503392882752362e+00,1.529741404674991756e+00,-8.027418194894259118e-01
1.872299999999999898e+01,1.625000000000000000e+03,2.000000000000000000e+03,-2.999503392882752362e+00,1.529741404674991756e+00,-8.027418194894259118e-01
1.873999999999999844e+01,1.625000000000000000e+03,2.000000000000000000e+03,-2.995709118748147048e+00,1.530444077681252235e+00,-8.114179204754801145e-01
1.875700000000000145e+01,1.625000000000000000e+03,2.000000000000000000e+03,-2.995820596903031152e+00,1.532801026021092028e+00,-8.143381304480648009e-01
1.877499999999999858e+01,1.625000000000000000e+03,2.000000000000000000e+03,-2.994530817528370914e+00,1.534987793098175235e+00,-8.123376403768144405e-01
1.879200000000000159e+01,1.625000000000000000e+03,2.000000000000000000e+03,-2.994641774301882720e+00,1.537350498987684055e+00,-8.230860802309337698e-01
1.880799999999999983e+01,1.625000000000000000e+03,2.000000000000000000e+03,-2.994641774301882720e+00,1.537350498987684055e+00,-8.230860802309337698e-01
1.882499999999999929e+01,1.625000000000000000e+03,2.000000000000000000e+03,-2.992944409824831453e+00,1.538315974959795884e+00,-8.234900678516972050e-01
1.884199999999999875e+01,1.625000000000000000e+03,2.000000000000000000e+03,-2.992944409824831453e+00,1.538315974959795884e+00,-8.234900678516972050e-01
1.885900000000000176e+01,1.625000000000000000e+03,2.000000000000000000e+03,-2.992057197582938421e+00,1.541736894495873145e+00,-8.244124502839127455e-01
1.887699999999999889e+01,1.625000000000000000e+03,2.000000000000000000e+03,-2.990357898894210109e+00,1.542704529942350078e+00,-8.328083029181168051e-01
1.889399999999999835e+01,1.625000000000000000e+03,2.000000000000000000e+03,-2.990061354314073050e+00,1.543846752777276787e+00,-8.413714337767992379e-01
1.891199999999999903e+01,1.625000000000000000e+03,2.000000000000000000e+03,-2.989170798141732810e+00,1.547277556759262929e+00,-8.337323406136022408e-01
1.892899999999999849e+01,1.625000000000000000e+03,2.000000000000000000e+03,-2.987873804088281293e+00,1.549480802141184554e+00,-8.427149645423001045e-01
1.894600000000000151e+01,1.625000000000000000e+03,2.000000000000000000e+03,-2.986873568892566055e+00,1.550539645937544453e+00,-8.528833260491622825e-01
1.896300000000000097e+01,1.625000000000000000e+03,2.000000000000000000e+03,-2.985979182513737840e+00,1.553982457342945267e+00,-8.436407220694068787e-01
1.898000000000000043e+01,1.625000000000000000e+03,2.000000000000000000e+03,-2.985979182513737840e+00,1.553982457342945267e+00,-8.436407220694068787e-01
1.899800000000000111e+01,1.625000000000000000e+03,2.000000000000000000e+03,-2.984573257348102526e+00,1.553807225814687776e+00,-8.523826223964601212e-01
1.901500000000000057e+01,1.625000000000000000e+03,2.000000000000000000e+03,-2.984573257348102526e+00,1.553807225814687776e+00,-8.523826223964601212e-01
1.903300000000000125e+01,1.625000000000000000e+03,2.000000000000000000e+03,-2.975340930777332193e+00,1.566932720178839666e+00,-8.830274732891932876e-01
1.905000000000000071e+01,1.625000000000000000e+03,2.000000000000000000e+03,-2.975340930777332193e+00,1.566932720178839666e+00,-8.830274732891932876e-01
1.906700000000000017e+01,1.625000000000000000e+03,2.000000000000000000e+03,-2.975138923707523197e+00,1.570493137080441581e+00,-8.840459014839109342e-01
1.908500000000000085e+01,1.625000000000000000e+03,2.000000000000000000e+03,-2.973729549097987146e+00,1.570316313284145338e+00,-8.929518202525108528e-01
1.910300000000000153e+01,1.625000000000000000e+03,2.000000000000000000e+03,-2.971714222897596791e+00,1.572457355462082873e+00,-8.935923836729938730e-01
1.912099999999999866e+01,1.625000000000000000e+03,2.000000000000000000e+03,-2.970402181171220235e+00,1.574689309015325556e+00,-8.943392832349940091e-01
1.913800000000000168e+01,1.625000000000000000e+03,2.000000000000000000e+03,-2.970402181171220235e+00,1.574689309015325556e+00,-8.943392832349940091e-01
1.915500000000000114e+01,1.625000000000000000e+03,2.000000000000000000e+03,-2.969794182960383999e+00,1.577012522983534115e+00,-9.034181597223160942e-01
1.917200000000000060e+01,1.625000000000000000e+03,2.000000000000000000e+03,-2.966058258556577343e+00,1.580147142222077417e+00,-8.957283054082645357e-01
1.918900000000000006e+01,1.625000000000000000e+03,2.000000000000000000e+03,-2.965047213754808730e+00,1.581222768211003160e+00,-9.140680859030552163e-01
1.920700000000000074e+01,1.625000000000000000e+03,2.000000000000000000e+03,-2.965047213754808730e+00,1.581222768211003160e+00,-9.140680859030552163e-01
1.922400000000000020e+01,1.625000000000000000e+03,2.000000000000000000e+03,-2.965047213754808730e+00,1.581222768211003160e+00,-9.140680859030552163e-01
1.924099999999999966e+01,1.625000000000000000e+03,2.000000000000000000e+03,-2.963023866835286846e+00,1.583375800515293363e+00,-9.057455325193046747e-01
1.925799999999999912e+01,1.625000000000000000e+03,2.000000000000000000e+03,-2.963116894232600274e+00,1.585798391430701670e+00,-9.149964217527692956e-01
1.927499999999999858e+01,1.625000000000000000e+03,2.000000000000000000e+03,-2.960691689151369488e+00,1.586698872127529913e+00,-9.154710939935726266e-01
1.929200000000000159e+01,1.625000000000000000e+03,2.000000000000000000e+03,-2.958048120220922783e+00,1.591197946247263406e+00,-9.258319360525760766e-01
1.930900000000000105e+01,1.625000000000000000e+03,2.000000000000000000e+03,-2.958048120220922783e+00,1.591197946247263406e+00,-9.258319360525760766e-01
1.932700000000000173e+01,1.625000000000000000e+03,2.000000000000000000e+03,-2.957033095319907545e+00,1.592279647737078641e+00,-9.263144961080213013e-01
1.934400000000000119e+01,1.625000000000000000e+03,2.000000000000000000e+03,-2.956415577913001691e+00,1.594623797825419853e+00,-9.350429905903128169e-01
1.936100000000000065e+01,1.625000000000000000e+03,2.000000000000000000e+03,-2.955090083350429886e+00,1.596881167297473869e+00,-9.272435122127066220e-01
1.937900000000000134e+01,1.625000000000000000e+03,2.000000000000000000e+03,-2.954073168603006838e+00,1.597965986795067739e+00,-9.368555625373330420e-01
1.939600000000000080e+01,1.625000000000000000e+03,2.000000000000000000e+03,-2.952745612666736630e+00,1.600227199229158348e+00,-9.459418790597381443e-01
1.941300000000000026e+01,1.625000000000000000e+03,2.000000000000000000e+03,-2.951019855970884898e+00,1.601224048625888408e+00,-9.382742683375843162e-01
1.942999999999999972e+01,1.625000000000000000e+03,2.000000000000000000e+03,-2.951019855970884898e+00,1.601224048625888408e+00,-9.382742683375843162e-01
1.944699999999999918e+01,1.625000000000000000e+03,2.000000000000000000e+03,-2.951019855970884898e+00,1.601224048625888408e+00,-9.382742683375843162e-01
1.946600000000000108e+01,1.625000000000000000e+03,2.000000000000000000e+03,-2.949066947111377068e+00,1.605846605920869585e+00,-9.473659242276244452e-01
1.948300000000000054e+01,1.625000000000000000e+03,2.000000000000000000e+03,-2.946630446512631174e+00,1.606756212732614486e+00,-9.589695964769184844e-01
1.950000000000000000e+01,1.625000000000000000e+03,2.000000000000000000e+03,-2.938609601957275608e+00,1.620423506790329427e+00,-9.801349327958598368e-01
1.951699999999999946e+01,1.625000000000000000e+03,2.000000000000000000e+03,-2.936874432911253940e+00,1.621430535881835500e+00,-9.806561871974294187e-01
1.953399999999999892e+01,1.625000000000000000e+03,2.000000000000000000e+03,-2.935138753669285006e+00,1.622438123322622161e+00,-9.832727894204443819e-01
1.955099999999999838e+01,1.625000000000000000e+03,2.000000000000000000e+03,-2.934188148633777082e+00,1.626009710655764717e+00,-9.917602113217390825e-01
1.956800000000000139e+01,1.625000000000000000e+03,2.000000000000000000e+03,-2.932057949118575202e+00,1.625736816412094221e+00,-1.002121148049279542e+00
1.958500000000000085e+01,1.625000000000000000e+03,2.000000000000000000e+03,-2.932057949118575202e+00,1.625736816412094221e+00,-1.002121148049279542e+00
1.960200000000000031e+01,1.625000000000000000e+03,2.000000000000000000e+03,-2.931814647500357474e+00,1.629405469462211542e+00,-9.952577839716151287e-01
1.961899999999999977e+01,1.625000000000000000e+03,2.000000000000000000e+03,-2.930075231077846176e+00,1.630417060237176585e+00,-9.932086473143865168e-01
1.963700000000000045e+01,1.625000000000000000e+03,2.000000000000000000e+03,-2.928726883243056633e+00,1.632715713978420968e+00,-9.937381849906686826e-01
1.965399999999999991e+01,1.625000000000000000e+03,2.000000000000000000e+03,-2.926985870954181390e+00,1.633729015033329013e+00,-1.011533939599880139e+00
1.967200000000000060e+01,1.625000000000000000e+03,2.000000000000000000e+03,-2.925314838333291867e+00,1.637229492298642342e+00,-1.005026724069783439e+00
1.969000000000000128e+01,1.625000000000000000e+03,2.000000000000000000e+03,-2.924282987503145748e+00,1.638336643954196425e+00,-1.008357561211576714e+00
1.970700000000000074e+01,1.625000000000000000e+03,2.000000000000000000e+03,-2.924282987503145748e+00,1.638336643954196425e+00,-1.008357561211576714e+00
1.972400000000000020e+01,1.625000000000000000e+03,2.000000000000000000e+03,-2.922217937097895124e+00,1.640552798873196938e+00,-1.008897335210842350e+00
1.974099999999999966e+01,1.625000000000000000e+03,2.000000000000000000e+03,-2.920473160706318794e+00,1.641570113098279826e+00,-1.017033487376070022e+00
1.975900000000000034e+01,1.625000000000000000e+03,2.000000000000000000e+03,-2.917370582426345837e+00,1.644900702461659314e+00,-1.021287080609912135e+00
1.977599999999999980e+01,1.625000000000000000e+03,2.000000000000000000e+03,-2.915623652006901878e+00,1.645920301649380857e+00,-1.025369410153713856e+00
1.979299999999999926e+01,1.625000000000000000e+03,2.000000000000000000e+03,-2.913876186935103973e+00,1.646940464627761003e+00,-1.040151458582796895e+00
1.980999999999999872e+01,1.625000000000000000e+03,2.000000000000000000e+03,-2.913876186935103973e+00,1.646940464627761003e+00,-1.040151458582796895e+00
1.982700000000000173e+01,1.625000000000000000e+03,2.000000000000000000e+03,-2.913227459270586017e+00,1.649350165643658439e+00,-1.029783503954650348e+00
1.984499999999999886e+01,1.625000000000000000e+03,2.000000000000000000e+03,-2.911153163586881920e+00,1.651578624261793138e+00,-1.037385412436583332e+00
1.986199999999999832e+01,1.625000000000000000e+03,2.000000000000000000e+03,-2.909402961273240162e+00,1.652601676903363348e+00,-1.041617301243255467e+00
1.987900000000000134e+01,1.625000000000000000e+03,2.000000000000000000e+03,-2.909402961273240162e+00,1.652601676903363348e+00,-1.041617301243255467e+00
1.989600000000000080e+01,1.625000000000000000e+03,2.000000000000000000e+03,-2.907652217521870863e+00,1.653625294751870367e+00,-1.042178743073892244e+00
1.991400000000000148e+01,1.625000000000000000e+03,2.000000000000000000e+03,-2.903109065869185379e+00,1.656791697660744855e+00,-1.050148393951797265e+00
1.993199999999999861e+01,1.625000000000000000e+03,2.000000000000000000e+03,-2.903109065869185379e+00,1.656791697660744855e+00,-1.050148393951797265e+00
1.994900000000000162e+01,1.625000000000000000e+03,2.000000000000000000e+03,-2.903109065869185379e+00,1.656791697660744855e+00,-1.050148393951797265e+00
1.996499999999999986e+01,1.625000000000000000e+03,2.000000000000000000e+03,-2.902396722094745751e+00,1.656699540025125206e+00,-1.061062740185749087e+00
1.998300000000000054e+01,1.625000000000000000e+03,2.000000000000000000e+03,-2.891256806145978686e+00,1.667815602679010301e+00,-1.086373628548519710e+00
2.000000000000000000e+01,1.625000000000000000e+03,2.000000000000000000e+03,-2.891256806145978686e+00,1.667815602679010301e+00,-1.086373628548519710e+00
2.001699999999999946e+01,1.625000000000000000e+03,2.000000000000000000e+03,-2.889117870636919605e+00,1.667538026446352628e+00,-1.086962832315154115e+00
2.003399999999999892e+01,1.625000000000000000e+03,2.000000000000000000e+03,-2.889117870636919605e+00,1.667538026446352628e+00,-1.086962832315154115e+00
2.005099999999999838e+01,1.625000000000000000e+03,2.000000000000000000e+03,-2.885979624023134793e+00,1.670912291979167907e+00,-1.104645908204710203e+00
2.006800000000000139e+01,1.625000000000000000e+03,2.000000000000000000e+03,-2.885979624023134793e+00,1.670912291979167907e+00,-1.104645908204710203e+00
2.008500000000000085e+01,1.625000000000000000e+03,2.000000000000000000e+03,-2.881032647440798566e+00,1.672794364552884439e+00,-1.100495497618452889e+00
2.010300000000000153e+01,1.625000000000000000e+03,2.000000000000000000e+03,-2.879984302211790137e+00,1.673921447217523006e+00,-1.112143612134172121e+00
2.012000000000000099e+01,1.625000000000000000e+03,2.000000000000000000e+03,-2.877509443532010991e+00,1.674863875632135013e+00,-1.112747784258440786e+00
2.013700000000000045e+01,1.625000000000000000e+03,2.000000000000000000e+03,-2.877509443532010991e+00,1.674863875632135013e+00,-1.112747784258440786e+00
2.015399999999999991e+01,1.625000000000000000e+03,2.000000000000000000e+03,-2.876459960183906706e+00,1.675992123601594219e+00,-1.124584542425652200e+00
2.017099999999999937e+01,1.625000000000000000e+03,2.000000000000000000e+03,-2.874359567370220248e+00,1.678250514611807631e+00,-1.120058546619146833e+00
2.018900000000000006e+01,1.625000000000000000e+03,2.000000000000000000e+03,-2.872632591613780484e+00,1.681828714336931707e+00,-1.131179483508414352e+00
2.020700000000000074e+01,1.625000000000000000e+03,2.000000000000000000e+03,-2.872632591613780484e+00,1.681828714336931707e+00,-1.131179483508414352e+00
2.022400000000000020e+01,1.625000000000000000e+03,2.000000000000000000e+03,-2.870153059440192944e+00,1.682774890037551874e+00,-1.131794305369463460e+00
2.024200000000000088e+01,1.625000000000000000e+03,2.000000000000000000e+03,-2.870153059440192944e+00,1.682774890037551874e+00,-1.131794305369463460e+00
2.025900000000000034e+01,1.625000000000000000e+03,2.000000000000000000e+03,-2.868012693544409686e+00,1.682496188965628914e+00,-1.143548355139471617e+00
2.027700000000000102e+01,1.625000000000000000e+03,2.000000000000000000e+03,-2.868012693544409686e+00,1.682496188965628914e+00,-1.143548355139471617e+00
2.029400000000000048e+01,1.625000000000000000e+03,2.000000000000000000e+03,-2.866993151440560439e+00,1.686174830643841993e+00,-1.139553428050652739e+00
2.031099999999999994e+01,1.625000000000000000e+03,2.000000000000000000e+03,-2.864511107819199154e+00,1.687123187238038113e+00,-1.145023362071847073e+00
2.032900000000000063e+01,1.625000000000000000e+03,2.000000000000000000e+03,-2.863487528637826074e+00,1.690810299932526739e+00,-1.156947328583803003e+00
2.034600000000000009e+01,1.625000000000000000e+03,2.000000000000000000e+03,-2.859945908929736991e+00,1.692898511491791158e+00,-1.146499172179873183e+00
2.036299999999999955e+01,1.625000000000000000e+03,2.000000000000000000e+03,-2.859945908929736991e+00,1.692898511491791158e+00,-1.146499172179873183e+00
2.037999999999999901e+01,1.625000000000000000e+03,2.000000000000000000e+03,-2.859260240363656003e+00,1.695362859288549018e+00,-1.158420889897477490e+00
2.039699999999999847e+01,1.625000000000000000e+03,2.000000000000000000e+03,-2.856031486728404456e+00,1.693663483624809896e+00,-1.159049890747125167e+00
2.041400000000000148e+01,1.625000000000000000e+03,2.000000000000000000e+03,-2.854654745240300606e+00,1.698596701287095279e+00,-1.159895201629828509e+00
2.043100000000000094e+01,1.625000000000000000e+03,2.000000000000000000e+03,-2.852880126272040684e+00,1.699644612595889726e+00,-1.160524417236758810e+00
2.044900000000000162e+01,1.625000000000000000e+03,2.000000000000000000e+03,-2.850735910202114365e+00,1.699363866508592835e+00,-1.161153664545048647e+00
2.046499999999999986e+01,1.625000000000000000e+03,2.000000000000000000e+03,-2.848246116826119945e+00,1.700318761860366568e+00,-1.173257160713902403e+00
2.048199999999999932e+01,1.625000000000000000e+03,2.000000000000000000e+03,-2.848246116826119945e+00,1.700318761860366568e+00,-1.173257160713902403e+00
2.049899999999999878e+01,1.625000000000000000e+03,2.000000000000000000e+03,-2.838311718897792879e+00,1.709289267111274935e+00,-1.188469883262519122e+00
2.051699999999999946e+01,1.625000000000000000e+03,2.000000000000000000e+03,-2.838311718897792879e+00,1.709289267111274935e+00,-1.188469883262519122e+00
2.053399999999999892e+01,1.625000000000000000e+03,2.000000000000000000e+03,-2.834749896230210453e+00,1.711397207268649634e+00,-1.201555271131750979e+00
2.055099999999999838e+01,1.625000000000000000e+03,2.000000000000000000e+03,-2.834749896230210453e+00,1.711397207268649634e+00,-1.201555271131750979e+00
2.056800000000000139e+01,1.625000000000000000e+03,2.000000000000000000e+03,-2.831890018510626383e+00,1.711021854721419988e+00,-1.202204592747772693e+00
2.058500000000000085e+01,1.625000000000000000e+03,2.000000000000000000e+03,-2.831185637285314805e+00,1.713507444151664227e+00,-1.217992545636089163e+00
2.060200000000000031e+01,1.625000000000000000e+03,2.000000000000000000e+03,-2.827257448646785853e+00,1.714281681058359652e+00,-1.231123799565244648e+00
2.061899999999999977e+01,1.625000000000000000e+03,2.000000000000000000e+03,-2.827257448646785853e+00,1.714281681058359652e+00,-1.231123799565244648e+00
2.063599999999999923e+01,1.625000000000000000e+03,2.000000000000000000e+03,-2.827257448646785853e+00,1.714281681058359652e+00,-1.231123799565244648e+00
2.065399999999999991e+01,1.625000000000000000e+03,2.000000000000000000e+03,-2.822619510663868958e+00,1.717546826922479841e+00,-1.229724875949884222e+00
2.067099999999999937e+01,1.625000000000000000e+03,2.000000000000000000e+03,-2.822619510663868958e+00,1.717546826922479841e+00,-1.229724875949884222e+00
2.068799999999999883e+01,1.625000000000000000e+03,2.000000000000000000e+03,-2.819762935123605541e+00,1.719757892413730449e+00,-1.245872829720536590e+00
2.070499999999999829e+01,1.625000000000000000e+03,2.000000000000000000e+03,-2.817261055369024714e+00,1.720723259594624022e+00,-1.246541876373229218e+00
2.072200000000000131e+01,1.625000000000000000e+03,2.000000000000000000e+03,-2.817261055369024714e+00,1.720723259594624022e+00,-1.246541876373229218e+00
2.073999999999999844e+01,1.625000000000000000e+03,2.000000000000000000e+03,-2.814401475834565680e+00,1.720347416235583626e+00,-1.242124856767023999e+00
2.075700000000000145e+01,1.625000000000000000e+03,2.000000000000000000e+03,-2.814758193518708485e+00,1.724281470796767746e+00,-1.247322021511201307e+00
2.077499999999999858e+01,1.625000000000000000e+03,2.000000000000000000e+03,-2.812253535754202005e+00,1.725249022450844993e+00,-1.247991174520691082e+00
2.079200000000000159e+01,1.625000000000000000e+03,2.000000000000000000e+03,-2.812253535754202005e+00,1.725249022450844993e+00,-1.247991174520691082e+00
2.080900000000000105e+01,1.625000000000000000e+03,2.000000000000000000e+03,-2.809392648410100168e+00,1.724872453343944123e+00,-1.248660320729565898e+00
2.082600000000000051e+01,1.625000000000000000e+03,2.000000000000000000e+03,-2.806172804889126127e+00,1.725746549067121549e+00,-1.274394057949846948e+00
2.084299999999999997e+01,1.625000000000000000e+03,2.000000000000000000e+03,-2.806172804889126127e+00,1.725746549067121549e+00,-1.274394057949846948e+00
2.086599999999999966e+01,1.625000000000000000e+03,2.000000000000000000e+03,-2.806172804889126127e+00,1.725746549067121549e+00,-1.274394057949846948e+00
2.088299999999999912e+01,1.625000000000000000e+03,2.000000000000000000e+03,-2.806172804889126127e+00,1.725746549067121549e+00,-1.274394057949846948e+00
2.090099999999999980e+01,1.625000000000000000e+03,2.000000000000000000e+03,-2.803659617133581250e+00,1.729313254821209789e+00,-1.262893567981077769e+00
2.091799999999999926e+01,1.625000000000000000e+03,2.000000000000000000e+03,-2.803659617133581250e+00,1.729313254821209789e+00,-1.262893567981077769e+00
2.093499999999999872e+01,1.625000000000000000e+03,2.000000000000000000e+03,-2.803659617133581250e+00,1.729313254821209789e+00,-1.262893567981077769e+00
2.095200000000000173e+01,1.625000000000000000e+03,2.000000000000000000e+03,-2.803659617133581250e+00,1.729313254821209789e+00,-1.262893567981077769e+00
2.097800000000000153e+01,1.625000000000000000e+03,2.000000000000000000e+03,-2.799721722963333104e+00,1.730095213265482990e+00,-1.276509376490863490e+00
2.099500000000000099e+01,1.625000000000000000e+03,2.000000000000000000e+03,-2.799721722963333104e+00,1.730095213265482990e+00,-1.276509376490863490e+00
2.101200000000000045e+01,1.625000000000000000e+03,2.000000000000000000e+03,-2.797928639207339252e+00,1.731160303242269993e+00,-1.277189499978472087e+00
2.102899999999999991e+01,1.625000000000000000e+03,2.000000000000000000e+03,-2.777817329646563138e+00,1.741559717539404417e+00,-1.308437726816764846e+00
2.104700000000000060e+01,1.625000000000000000e+03,2.000000000000000000e+03,-2.775302178629917904e+00,1.742536719558115621e+00,-1.321822729108975469e+00
2.106400000000000006e+01,1.625000000000000000e+03,2.000000000000000000e+03,-2.774216264089305106e+00,1.743702990985291468e+00,-1.322517553193238049e+00
2.108099999999999952e+01,1.625000000000000000e+03,2.000000000000000000e+03,-2.774216264089305106e+00,1.743702990985291468e+00,-1.322517553193238049e+00
2.109799999999999898e+01,1.625000000000000000e+03,2.000000000000000000e+03,-2.771356932506501725e+00,1.743325682245458363e+00,-1.323212327756467577e+00
2.111499999999999844e+01,1.625000000000000000e+03,2.000000000000000000e+03,-2.771356932506501725e+00,1.743325682245458363e+00,-1.323212327756467577e+00
2.113299999999999912e+01,1.625000000000000000e+03,2.000000000000000000e+03,-2.767379804732352788e+00,1.746733352865861733e+00,-1.337446222239656146e+00
2.114999999999999858e+01,1.625000000000000000e+03,2.000000000000000000e+03,-2.767379804732352788e+00,1.746733352865861733e+00,-1.337446222239656146e+00
2.116799999999999926e+01,1.625000000000000000e+03,2.000000000000000000e+03,-2.763057215650529752e+00,1.748787841491830530e+00,-1.351807209164688217e+00
2.118499999999999872e+01,1.625000000000000000e+03,2.000000000000000000e+03,-2.763057215650529752e+00,1.748787841491830530e+00,-1.351807209164688217e+00
2.120299999999999940e+01,1.625000000000000000e+03,2.000000000000000000e+03,-2.760161788747916400e+00,1.751033521505611645e+00,-1.339900836678232343e+00
2.121999999999999886e+01,1.625000000000000000e+03,2.000000000000000000e+03,-2.760161788747916400e+00,1.751033521505611645e+00,-1.339900836678232343e+00
2.123699999999999832e+01,1.625000000000000000e+03,2.000000000000000000e+03,-2.760161788747916400e+00,1.751033521505611645e+00,-1.339900836678232343e+00
2.125499999999999901e+01,1.625000000000000000e+03,2.000000000000000000e+03,-2.755833828817706443e+00,1.753092514898928034e+00,-1.353896987120102979e+00
2.127100000000000080e+01,1.625000000000000000e+03,2.000000000000000000e+03,-2.755833828817706443e+00,1.753092514898928034e+00,-1.353896987120102979e+00
2.128900000000000148e+01,1.625000000000000000e+03,2.000000000000000000e+03,-2.754026325834998179e+00,1.754170124838076994e+00,-1.354600181989340735e+00
2.130600000000000094e+01,1.625000000000000000e+03,2.000000000000000000e+03,-2.749358866536831592e+00,1.754870183906902970e+00,-1.369098756403721584e+00
2.132300000000000040e+01,1.625000000000000000e+03,2.000000000000000000e+03,-2.749358866536831592e+00,1.754870183906902970e+00,-1.369098756403721584e+00
2.133999999999999986e+01,1.625000000000000000e+03,2.000000000000000000e+03,-2.747169905594387451e+00,1.757217182773512132e+00,-1.369420322650231503e+00
2.135800000000000054e+01,1.625000000000000000e+03,2.000000000000000000e+03,-2.745740332987687271e+00,1.757028065770341652e+00,-1.382967011146386094e+00
2.137600000000000122e+01,1.625000000000000000e+03,2.000000000000000000e+03,-2.742833915164557990e+00,1.759282854652372219e+00,-1.384384607769231668e+00
2.139300000000000068e+01,1.625000000000000000e+03,2.000000000000000000e+03,-2.741022327613370724e+00,1.760363842670072287e+00,-1.385095042435443125e+00
2.141000000000000014e+01,1.625000000000000000e+03,2.000000000000000000e+03,-2.741022327613370724e+00,1.760363842670072287e+00,-1.385095042435443125e+00
2.142699999999999960e+01,1.625000000000000000e+03,2.000000000000000000e+03,-2.737449083406630734e+00,1.759890986799375057e+00,-1.399848565238946518e+00
2.144399999999999906e+01,1.625000000000000000e+03,2.000000000000000000e+03,-2.737449083406630734e+00,1.759890986799375057e+00,-1.399848565238946518e+00
2.146099999999999852e+01,1.625000000000000000e+03,2.000000000000000000e+03,-2.735252771229303104e+00,1.762243577160493846e+00,-1.385749142531402800e+00
2.147800000000000153e+01,1.625000000000000000e+03,2.000000000000000000e+03,-2.734153809689601200e+00,1.763420868027085753e+00,-1.399407762892511009e+00
2.149599999999999866e+01,1.625000000000000000e+03,2.000000000000000000e+03,-2.718644564834233890e+00,1.767990606829098255e+00,-1.430537850789608711e+00
2.151300000000000168e+01,1.625000000000000000e+03,2.000000000000000000e+03,-2.718644564834233890e+00,1.767990606829098255e+00,-1.430537850789608711e+00
2.153099999999999881e+01,1.625000000000000000e+03,2.000000000000000000e+03,-2.716826563627195323e+00,1.769076461827272961e+00,-1.431256123245191025e+00
2.154799999999999827e+01,1.625000000000000000e+03,2.000000000000000000e+03,-2.711829389170750115e+00,1.768414980250809787e+00,-1.445958964088197130e+00
2.156500000000000128e+01,1.625000000000000000e+03,2.000000000000000000e+03,-2.711829389170750115e+00,1.768414980250809787e+00,-1.445958964088197130e+00
2.158200000000000074e+01,1.625000000000000000e+03,2.000000000000000000e+03,-2.709226019634507487e+00,1.772053548780198273e+00,-1.448890256538775123e+00
2.159900000000000020e+01,1.625000000000000000e+03,2.000000000000000000e+03,-2.709226019634507487e+00,1.772053548780198273e+00,-1.448890256538775123e+00
2.161599999999999966e+01,1.625000000000000000e+03,2.000000000000000000e+03,-2.706370635144009107e+00,1.771675354218407161e+00,-1.449610829599953465e+00
2.163400000000000034e+01,1.625000000000000000e+03,2.000000000000000000e+03,-2.706370635144009107e+00,1.771675354218407161e+00,-1.449610829599953465e+00
2.165099999999999980e+01,1.625000000000000000e+03,2.000000000000000000e+03,-2.703516588885643390e+00,1.771297604306729667e+00,-1.450331262247345654e+00
2.166799999999999926e+01,1.625000000000000000e+03,2.000000000000000000e+03,-2.700905659512379930e+00,1.774940912793613990e+00,-1.448701851110052008e+00
2.168499999999999872e+01,1.625000000000000000e+03,2.000000000000000000e+03,-2.700191929618299014e+00,1.774846338546946622e+00,-1.462773621667975199e+00
2.170200000000000173e+01,1.625000000000000000e+03,2.000000000000000000e+03,-2.697337842875829672e+00,1.774468317366653114e+00,-1.463495410206825609e+00
2.171900000000000119e+01,1.625000000000000000e+03,2.000000000000000000e+03,-2.695198150776722645e+00,1.774185090157815115e+00,-1.477662310898247622e+00
2.173600000000000065e+01,1.625000000000000000e+03,2.000000000000000000e+03,-2.692264064286338687e+00,1.776458941664222468e+00,-1.478385567783474297e+00
2.175300000000000011e+01,1.625000000000000000e+03,2.000000000000000000e+03,-2.692264064286338687e+00,1.776458941664222468e+00,-1.478385567783474297e+00
2.176999999999999957e+01,1.625000000000000000e+03,2.000000000000000000e+03,-2.690837723111096924e+00,1.776270075865743703e+00,-1.479108661660797353e+00
2.178800000000000026e+01,1.625000000000000000e+03,2.000000000000000000e+03,-2.685848132733986038e+00,1.775609902482372604e+00,-1.494090707009104513e+00
2.180399999999999849e+01,1.625000000000000000e+03,2.000000000000000000e+03,-2.683622829230828621e+00,1.777979700093078375e+00,-1.494814742994730050e+00
2.182199999999999918e+01,1.625000000000000000e+03,2.000000000000000000e+03,-2.681796532339924433e+00,1.779071218675249089e+00,-1.498925901472273114e+00
2.183899999999999864e+01,1.625000000000000000e+03,2.000000000000000000e+03,-2.678946091961564413e+00,1.778693957300530926e+00,-1.499649926647378617e+00
2.185600000000000165e+01,1.625000000000000000e+03,2.000000000000000000e+03,-2.678946091961564413e+00,1.778693957300530926e+00,-1.499649926647378617e+00
2.187399999999999878e+01,1.625000000000000000e+03,2.000000000000000000e+03,-2.678946091961564413e+00,1.778693957300530926e+00,-1.499649926647378617e+00
2.189000000000000057e+01,1.625000000000000000e+03,2.000000000000000000e+03,-2.674175157606631714e+00,1.782065936786382476e+00,-1.511113476042223347e+00
2.190700000000000003e+01,1.625000000000000000e+03,2.000000000000000000e+03,-2.672750060570869390e+00,1.781877210816797064e+00,-1.511837830139859173e+00
2.192500000000000071e+01,1.625000000000000000e+03,2.000000000000000000e+03,-2.670613028147972301e+00,1.781594321754691457e+00,-1.526239153798111925e+00
2.194200000000000017e+01,1.625000000000000000e+03,2.000000000000000000e+03,-2.668476730257753893e+00,1.781311671808769592e+00,-1.512561995440562912e+00
2.195899999999999963e+01,1.625000000000000000e+03,2.000000000000000000e+03,-2.668476730257753893e+00,1.781311671808769592e+00,-1.512561995440562912e+00
2.197700000000000031e+01,1.625000000000000000e+03,2.000000000000000000e+03,-2.665629473309189645e+00,1.780935175711892082e+00,-1.513285971711920697e+00
2.199399999999999977e+01,1.625000000000000000e+03,2.000000000000000000e+03,-2.653217374437994991e+00,1.787315112582832821e+00,-1.544800200731228923e+00
2.201099999999999923e+01,1.625000000000000000e+03,2.000000000000000000e+03,-2.651082620015368541e+00,1.787032542721415762e+00,-1.559315155549418686e+00
2.202799999999999869e+01,1.625000000000000000e+03,2.000000000000000000e+03,-2.647114374017061955e+00,1.787846671836785362e+00,-1.574609901829714387e+00
2.204599999999999937e+01,1.625000000000000000e+03,2.000000000000000000e+03,-2.647114374017061955e+00,1.787846671836785362e+00,-1.574609901829714387e+00
2.206299999999999883e+01,1.625000000000000000e+03,2.000000000000000000e+03,-2.645279438355895074e+00,1.788943710925195774e+00,-1.560762238324769235e+00
2.207999999999999829e+01,1.625000000000000000e+03,2.000000000000000000e+03,-2.645279438355895074e+00,1.788943710925195774e+00,-1.560762238324769235e+00
2.209700000000000131e+01,1.625000000000000000e+03,2.000000000000000000e+03,-2.642732488445888261e+00,1.789947155289653313e+00,-1.566469131907948897e+00
2.211400000000000077e+01,1.625000000000000000e+03,2.000000000000000000e+03,-2.642732488445888261e+00,1.789947155289653313e+00,-1.566469131907948897e+00
2.213100000000000023e+01,1.625000000000000000e+03,2.000000000000000000e+03,-2.639888112014186383e+00,1.789570738066218691e+00,-1.567192063720468376e+00
2.214799999999999969e+01,1.625000000000000000e+03,2.000000000000000000e+03,-2.639473650002019944e+00,1.790856973111868200e+00,-1.582166001998973615e+00
2.216499999999999915e+01,1.625000000000000000e+03,2.000000000000000000e+03,-2.636629761365664848e+00,1.790480614690022954e+00,-1.582888015143938398e+00
2.218199999999999861e+01,1.625000000000000000e+03,2.000000000000000000e+03,-2.633370853383592447e+00,1.791391019664250628e+00,-1.583609783797272463e+00
2.219900000000000162e+01,1.625000000000000000e+03,2.000000000000000000e+03,-2.633370853383592447e+00,1.791391019664250628e+00,-1.583609783797272463e+00
2.221699999999999875e+01,1.625000000000000000e+03,2.000000000000000000e+03,-2.629693792781238493e+00,1.793589601390639388e+00,-1.593244735220337160e+00
2.223400000000000176e+01,1.625000000000000000e+03,2.000000000000000000e+03,-2.629693792781238493e+00,1.793589601390639388e+00,-1.593244735220337160e+00
2.225199999999999889e+01,1.625000000000000000e+03,2.000000000000000000e+03,-2.625430608435054491e+00,1.793025463992068858e+00,-1.608603221315711318e+00
2.226899999999999835e+01,1.625000000000000000e+03,2.000000000000000000e+03,-2.622880460004807901e+00,1.794031418308727144e+00,-1.623276942537467793e+00
2.228600000000000136e+01,1.625000000000000000e+03,2.000000000000000000e+03,-2.621039835641270521e+00,1.795131880072232011e+00,-1.623994522400036278e+00
2.230300000000000082e+01,1.625000000000000000e+03,2.000000000000000000e+03,-2.621039835641270521e+00,1.795131880072232011e+00,-1.623994522400036278e+00
2.232000000000000028e+01,1.625000000000000000e+03,2.000000000000000000e+03,-2.621039835641270521e+00,1.795131880072232011e+00,-1.623994522400036278e+00
2.233699999999999974e+01,1.625000000000000000e+03,2.000000000000000000e+03,-2.617067838820350989e+00,1.795950920889224811e+00,-1.616945499048554558e+00
2.235500000000000043e+01,1.625000000000000000e+03,2.000000000000000000e+03,-2.617067838820350989e+00,1.795950920889224811e+00,-1.616945499048554558e+00
2.237199999999999989e+01,1.625000000000000000e+03,2.000000000000000000e+03,-2.611675937425947946e+00,1.796582731059845006e+00,-1.618380938318146001e+00
2.238899999999999935e+01,1.625000000000000000e+03,2.000000000000000000e+03,-2.611675937425947946e+00,1.796582731059845006e+00,-1.618380938318146001e+00
2.240599999999999881e+01,1.625000000000000000e+03,2.000000000000000000e+03,-2.609547064205488986e+00,1.796301217574201914e+00,-1.633448584051450991e+00
2.242299999999999827e+01,1.625000000000000000e+03,2.000000000000000000e+03,-2.604866236731606222e+00,1.797027815527695971e+00,-1.634879210556941631e+00
2.244000000000000128e+01,1.625000000000000000e+03,2.000000000000000000e+03,-2.602738886480937985e+00,1.796746701381490841e+00,-1.649969118904905274e+00
2.245799999999999841e+01,1.625000000000000000e+03,2.000000000000000000e+03,-2.602738886480937985e+00,1.796746701381490841e+00,-1.649969118904905274e+00
2.247500000000000142e+01,1.625000000000000000e+03,2.000000000000000000e+03,-2.599903513346466521e+00,1.796372223602558549e+00,-1.650681769617429850e+00
2.249200000000000088e+01,1.625000000000000000e+03,2.000000000000000000e+03,-2.599903513346466521e+00,1.796372223602558549e+00,-1.650681769617429850e+00
2.250900000000000034e+01,1.625000000000000000e+03,2.000000000000000000e+03,-2.584175974837970013e+00,1.796988037616825462e+00,-1.669333925440538158e+00
2.252599999999999980e+01,1.625000000000000000e+03,2.000000000000000000e+03,-2.581897154713709952e+00,1.799380038299185802e+00,-1.670042148293064077e+00
2.254299999999999926e+01,1.625000000000000000e+03,2.000000000000000000e+03,-2.581897154713709952e+00,1.799380038299185802e+00,-1.670042148293064077e+00
2.255999999999999872e+01,1.625000000000000000e+03,2.000000000000000000e+03,-2.579774420191052187e+00,1.799100036492610410e+00,-1.685142580977020632e+00
2.257799999999999940e+01,1.625000000000000000e+03,2.000000000000000000e+03,-2.576945185322477627e+00,1.798727031355290329e+00,-1.685847480828045475e+00
2.259499999999999886e+01,1.625000000000000000e+03,2.000000000000000000e+03,-2.574117179845365477e+00,1.798354402489439341e+00,-1.686552062926927054e+00
2.261199999999999832e+01,1.625000000000000000e+03,2.000000000000000000e+03,-2.571996980952361511e+00,1.798075176748158643e+00,-1.701648611392382104e+00
2.262900000000000134e+01,1.625000000000000000e+03,2.000000000000000000e+03,-2.571996980952361511e+00,1.798075176748158643e+00,-1.701648611392382104e+00
2.264600000000000080e+01,1.625000000000000000e+03,2.000000000000000000e+03,-2.570855016217963751e+00,1.799271291395254213e+00,-1.702349495372992960e+00
2.266300000000000026e+01,1.625000000000000000e+03,2.000000000000000000e+03,-2.568028673958769659e+00,1.798899060855799092e+00,-1.703050051164680223e+00
2.267999999999999972e+01,1.625000000000000000e+03,2.000000000000000000e+03,-2.565472691549970818e+00,1.799909487404789399e+00,-1.718134394188778780e+00
2.269699999999999918e+01,1.625000000000000000e+03,2.000000000000000000e+03,-2.562647698990911937e+00,1.799537556846042552e+00,-1.718830884258871317e+00
2.271399999999999864e+01,1.625000000000000000e+03,2.000000000000000000e+03,-2.561235659682925991e+00,1.799351729995353644e+00,-1.733898831482356906e+00
2.273100000000000165e+01,1.625000000000000000e+03,2.000000000000000000e+03,-2.559823924600472367e+00,1.799165995155142195e+00,-1.719527036206178305e+00
2.274899999999999878e+01,1.625000000000000000e+03,2.000000000000000000e+03,-2.557001365852386687e+00,1.798794800683982231e+00,-1.720222849532496046e+00
2.276599999999999824e+01,1.625000000000000000e+03,2.000000000000000000e+03,-2.555150493628866926e+00,1.799898298422303533e+00,-1.735282633053066847e+00
2.278300000000000125e+01,1.625000000000000000e+03,2.000000000000000000e+03,-2.553034235616161496e+00,1.799620017910925185e+00,-1.735974012814804679e+00
2.280099999999999838e+01,1.625000000000000000e+03,2.000000000000000000e+03,-2.550213617310094438e+00,1.799249295458312581e+00,-1.736665044545314673e+00
2.281800000000000139e+01,1.625000000000000000e+03,2.000000000000000000e+03,-2.547656666423850691e+00,1.800260401057600657e+00,-1.751695826763657760e+00
2.283500000000000085e+01,1.625000000000000000e+03,2.000000000000000000e+03,-2.544837375461232121e+00,1.799889963261723125e+00,-1.752382076314850323e+00
2.285300000000000153e+01,1.625000000000000000e+03,2.000000000000000000e+03,-2.542723697707075736e+00,1.799612371043030734e+00,-1.753067968991791847e+00
2.287000000000000099e+01,1.625000000000000000e+03,2.000000000000000000e+03,-2.542540458836477502e+00,1.802284123455969667e+00,-1.743312795315985486e+00
2.288700000000000045e+01,1.625000000000000000e+03,2.000000000000000000e+03,-2.539276351620464833e+00,1.803204037286135097e+00,-1.738959065355175859e+00
2.290399999999999991e+01,1.625000000000000000e+03,2.000000000000000000e+03,-2.539276351620464833e+00,1.803204037286135097e+00,-1.738959065355175859e+00
2.292099999999999937e+01,1.625000000000000000e+03,2.000000000000000000e+03,-2.537162259652657070e+00,1.802926064083755442e+00,-1.753955290389549226e+00
2.293799999999999883e+01,1.625000000000000000e+03,2.000000000000000000e+03,-2.534344520605894324e+00,1.802555745363492168e+00,-1.754640392480046884e+00
2.295499999999999829e+01,1.625000000000000000e+03,2.000000000000000000e+03,-2.534344520605894324e+00,1.802555745363492168e+00,-1.754640392480046884e+00
2.297200000000000131e+01,1.625000000000000000e+03,2.000000000000000000e+03,-2.529416358776678919e+00,1.801908541798832086e+00,-1.780961264472396666e+00
2.298900000000000077e+01,1.625000000000000000e+03,2.000000000000000000e+03,-2.518417301968559396e+00,1.801814113354982538e+00,-1.813541808108566578e+00
2.300600000000000023e+01,1.625000000000000000e+03,2.000000000000000000e+03,-2.515606526831452250e+00,1.801445729978650157e+00,-1.814205453471877227e+00
2.302299999999999969e+01,1.625000000000000000e+03,2.000000000000000000e+03,-2.512796935265351639e+00,1.801077692291124244e+00,-1.814868713453855031e+00
2.304100000000000037e+01,1.625000000000000000e+03,2.000000000000000000e+03,-2.512796935265351639e+00,1.801077692291124244e+00,-1.814868713453855031e+00
2.305799999999999983e+01,1.625000000000000000e+03,2.000000000000000000e+03,-2.510690516952046369e+00,1.800801889982151405e+00,-1.800297309440986648e+00
2.307400000000000162e+01,1.625000000000000000e+03,2.000000000000000000e+03,-2.509080995903748335e+00,1.803288004632768615e+00,-1.815531587504700894e+00
2.309100000000000108e+01,1.625000000000000000e+03,2.000000000000000000e+03,-2.506272202617580547e+00,1.802919960322583837e+00,-1.816194075078929160e+00
2.310800000000000054e+01,1.625000000000000000e+03,2.000000000000000000e+03,-2.502061220606262459e+00,1.802368534219586760e+00,-1.832020082786640414e+00
2.312600000000000122e+01,1.625000000000000000e+03,2.000000000000000000e+03,-2.502061220606262459e+00,1.802368534219586760e+00,-1.832020082786640414e+00
2.314300000000000068e+01,1.625000000000000000e+03,2.000000000000000000e+03,-2.499956721149615646e+00,1.802093107988170573e+00,-1.832675720885551751e+00
2.316000000000000014e+01,1.625000000000000000e+03,2.000000000000000000e+03,-2.499956721149615646e+00,1.802093107988170573e+00,-1.832675720885551751e+00
2.317699999999999960e+01,1.625000000000000000e+03,2.000000000000000000e+03,-2.499956721149615646e+00,1.802093107988170573e+00,-1.832675720885551751e+00
2.319399999999999906e+01,1.625000000000000000e+03,2.000000000000000000e+03,-2.497151748074219135e+00,1.801726169072653150e+00,-1.833330965966988746e+00
2.321199999999999974e+01,1.625000000000000000e+03,2.000000000000000000e+03,-2.497151748074219135e+00,1.801726169072653150e+00,-1.833330965966988746e+00
2.322899999999999920e+01,1.625000000000000000e+03,2.000000000000000000e+03,-2.492245861158003173e+00,1.801084836070254713e+00,-1.849065241198880605e+00
2.324699999999999989e+01,1.625000000000000000e+03,2.000000000000000000e+03,-2.490385585840444893e+00,1.802189771402909368e+00,-1.834640274904325574e+00
2.326399999999999935e+01,1.625000000000000000e+03,2.000000000000000000e+03,-2.490385585840444893e+00,1.802189771402909368e+00,-1.834640274904325574e+00
2.328099999999999881e+01,1.625000000000000000e+03,2.000000000000000000e+03,-2.486643509027889998e+00,1.800353138039159084e+00,-1.852771438051586728e+00
2.329799999999999827e+01,1.625000000000000000e+03,2.000000000000000000e+03,-2.486643509027889998e+00,1.800353138039159084e+00,-1.852771438051586728e+00
2.331500000000000128e+01,1.625000000000000000e+03,2.000000000000000000e+03,-2.481283489255708297e+00,1.801000853750726716e+00,-1.865995247218725561e+00
2.333200000000000074e+01,1.625000000000000000e+03,2.000000000000000000e+03,-2.479184747566264946e+00,1.800726984120397223e+00,-1.868635430349602222e+00
2.334900000000000020e+01,1.625000000000000000e+03,2.000000000000000000e+03,-2.476387438523369511e+00,1.800362111897902739e+00,-1.869274395244947762e+00
2.336599999999999966e+01,1.625000000000000000e+03,2.000000000000000000e+03,-2.473356533294922333e+00,1.798620651736434262e+00,-1.882760327715029547e+00
2.338299999999999912e+01,1.625000000000000000e+03,2.000000000000000000e+03,-2.471494928247989886e+00,1.799724371660513800e+00,-1.897580217296495952e+00
2.339999999999999858e+01,1.625000000000000000e+03,2.000000000000000000e+03,-2.471494928247989886e+00,1.799724371660513800e+00,-1.897580217296495952e+00
2.341700000000000159e+01,1.625000000000000000e+03,2.000000000000000000e+03,-2.467304157629661709e+00,1.799178528798085708e+00,-1.884024302148975760e+00
2.343400000000000105e+01,1.625000000000000000e+03,2.000000000000000000e+03,-2.467304157629661709e+00,1.799178528798085708e+00,-1.884024302148975760e+00
2.345100000000000051e+01,1.625000000000000000e+03,2.000000000000000000e+03,-2.463115973312564044e+00,1.798633411828550077e+00,-1.899454211612088494e+00
2.346799999999999997e+01,1.625000000000000000e+03,2.000000000000000000e+03,-2.463115973312564044e+00,1.798633411828550077e+00,-1.899454211612088494e+00
2.348499999999999943e+01,1.625000000000000000e+03,2.000000000000000000e+03,-2.448702990892301923e+00,1.798105271686454287e+00,-1.931200372105440932e+00
2.350199999999999889e+01,1.625000000000000000e+03,2.000000000000000000e+03,-2.446613566532837236e+00,1.797833915524169157e+00,-1.917238199548184419e+00
2.351999999999999957e+01,1.625000000000000000e+03,2.000000000000000000e+03,-2.444524781078044384e+00,1.797562735604659956e+00,-1.917852640310673262e+00
2.353699999999999903e+01,1.625000000000000000e+03,2.000000000000000000e+03,-2.441740726271483197e+00,1.797201435597316710e+00,-1.932414603954635712e+00
2.355399999999999849e+01,1.625000000000000000e+03,2.000000000000000000e+03,-2.441740726271483197e+00,1.797201435597316710e+00,-1.932414603954635712e+00
2.357100000000000151e+01,1.625000000000000000e+03,2.000000000000000000e+03,-2.439653428483518294e+00,1.796930664807039779e+00,-1.933021095597116767e+00
2.358899999999999864e+01,1.625000000000000000e+03,2.000000000000000000e+03,-2.439653428483518294e+00,1.796930664807039779e+00,-1.933021095597116767e+00
2.360600000000000165e+01,1.625000000000000000e+03,2.000000000000000000e+03,-2.434090409460135440e+00,1.796209460766042820e+00,-1.962839082212413766e+00
2.362300000000000111e+01,1.625000000000000000e+03,2.000000000000000000e+03,-2.431310591961866052e+00,1.795849320786480519e+00,-1.963428905939892388e+00
2.364000000000000057e+01,1.625000000000000000e+03,2.000000000000000000e+03,-2.429444663407519300e+00,1.796951609390466498e+00,-1.964018312616075068e+00
2.365800000000000125e+01,1.625000000000000000e+03,2.000000000000000000e+03,-2.429444663407519300e+00,1.796951609390466498e+00,-1.964018312616075068e+00
2.367500000000000071e+01,1.625000000000000000e+03,2.000000000000000000e+03,-2.428055074217869702e+00,1.796771560533287015e+00,-1.964018312616075068e+00
2.369200000000000017e+01,1.625000000000000000e+03,2.000000000000000000e+03,-2.425971217366924559e+00,1.796501630352884238e+00,-1.964607301655259874e+00
2.370899999999999963e+01,1.625000000000000000e+03,2.000000000000000000e+03,-2.423887992156162685e+00,1.796231871437712790e+00,-1.965195872478257444e+00
2.372599999999999909e+01,1.625000000000000000e+03,2.000000000000000000e+03,-2.421805397824259742e+00,1.795962283271337778e+00,-1.979793517477360876e+00
2.374299999999999855e+01,1.625000000000000000e+03,2.000000000000000000e+03,-2.419029585440545027e+00,1.795603097104405688e+00,-1.980373410503550202e+00
2.376000000000000156e+01,1.625000000000000000e+03,2.000000000000000000e+03,-2.415561392549067321e+00,1.795154538140125489e+00,-1.980952885479586145e+00
2.377700000000000102e+01,1.625000000000000000e+03,2.000000000000000000e+03,-2.415561392549067321e+00,1.795154538140125489e+00,-1.980952885479586145e+00
2.379400000000000048e+01,1.625000000000000000e+03,2.000000000000000000e+03,-2.415561392549067321e+00,1.795154538140125489e+00,-1.980952885479586145e+00
2.381200000000000117e+01,1.625000000000000000e+03,2.000000000000000000e+03,-2.412788094149612483e+00,1.794796028500099005e+00,-1.981531941825596332e+00
2.382900000000000063e+01,1.625000000000000000e+03,2.000000000000000000e+03,-2.407517465739996698e+00,1.791432398184444885e+00,-1.997203782197149780e+00
2.384700000000000131e+01,1.625000000000000000e+03,2.000000000000000000e+03,-2.406133248476214348e+00,1.791253927855073425e+00,-2.011517614255994957e+00
2.386400000000000077e+01,1.625000000000000000e+03,2.000000000000000000e+03,-2.406133248476214348e+00,1.791253927855073425e+00,-2.011517614255994957e+00
2.388100000000000023e+01,1.625000000000000000e+03,2.000000000000000000e+03,-2.406133248476214348e+00,1.791253927855073425e+00,-2.011517614255994957e+00
2.389799999999999969e+01,1.625000000000000000e+03,2.000000000000000000e+03,-2.403365645181091192e+00,1.790897208274622177e+00,-2.012078438959941540e+00
2.391600000000000037e+01,1.625000000000000000e+03,2.000000000000000000e+03,-2.403365645181091192e+00,1.790897208274622177e+00,-2.012078438959941540e+00
2.393299999999999983e+01,1.625000000000000000e+03,2.000000000000000000e+03,-2.398525001837794157e+00,1.790273655281352738e+00,-1.998910563556229425e+00
2.394900000000000162e+01,1.625000000000000000e+03,2.000000000000000000e+03,-2.396451475859764368e+00,1.790006692196903781e+00,-2.013198841026799801e+00
2.396699999999999875e+01,1.625000000000000000e+03,2.000000000000000000e+03,-2.393687739264581893e+00,1.789650995904142228e+00,-2.013758417205603113e+00
2.398400000000000176e+01,1.625000000000000000e+03,2.000000000000000000e+03,-2.393687739264581893e+00,1.789650995904142228e+00,-2.013758417205603113e+00
2.400100000000000122e+01,1.625000000000000000e+03,2.000000000000000000e+03,-2.381753913426431613e+00,1.786779308034644576e+00,-2.044202690885613016e+00
2.401800000000000068e+01,1.625000000000000000e+03,2.000000000000000000e+03,-2.378996968749591989e+00,1.786425526862783553e+00,-2.044742790946621813e+00
2.403500000000000014e+01,1.625000000000000000e+03,2.000000000000000000e+03,-2.378996968749591989e+00,1.786425526862783553e+00,-2.044742790946621813e+00
2.405199999999999960e+01,1.625000000000000000e+03,2.000000000000000000e+03,-2.374863597755260347e+00,1.785895386232497550e+00,-2.059104071065894992e+00
2.406899999999999906e+01,1.625000000000000000e+03,2.000000000000000000e+03,-2.374863597755260347e+00,1.785895386232497550e+00,-2.059104071065894992e+00
2.408599999999999852e+01,1.625000000000000000e+03,2.000000000000000000e+03,-2.369848737475209521e+00,1.783917203536716123e+00,-2.063094583857199016e+00
2.410399999999999920e+01,1.625000000000000000e+03,2.000000000000000000e+03,-2.367785167057951945e+00,1.783653041906949621e+00,-2.077130312746588547e+00
2.412099999999999866e+01,1.625000000000000000e+03,2.000000000000000000e+03,-2.365034688422579912e+00,1.783301070134378108e+00,-2.077649044298470304e+00
2.413800000000000168e+01,1.625000000000000000e+03,2.000000000000000000e+03,-2.362972540041196279e+00,1.783037273531777878e+00,-2.078167371408817132e+00
2.415500000000000114e+01,1.625000000000000000e+03,2.000000000000000000e+03,-2.360911000020720074e+00,1.782773632634941485e+00,-2.092024594240934565e+00
2.417200000000000060e+01,1.625000000000000000e+03,2.000000000000000000e+03,-2.360911000020720074e+00,1.782773632634941485e+00,-2.092024594240934565e+00
2.418900000000000006e+01,1.625000000000000000e+03,2.000000000000000000e+03,-2.360911000020720074e+00,1.782773632634941485e+00,-2.092024594240934565e+00
2.420700000000000074e+01,1.625000000000000000e+03,2.000000000000000000e+03,-2.356103102204789579e+00,1.782159073613518441e+00,-2.079202809840438704e+00
2.422400000000000020e+01,1.625000000000000000e+03,2.000000000000000000e+03,-2.353853918222784891e+00,1.780538759036061514e+00,-2.110980072308579647e+00
2.424200000000000088e+01,1.625000000000000000e+03,2.000000000000000000e+03,-2.353853918222784891e+00,1.780538759036061514e+00,-2.110980072308579647e+00
2.425900000000000034e+01,1.625000000000000000e+03,2.000000000000000000e+03,-2.353853918222784891e+00,1.780538759036061514e+00,-2.110980072308579647e+00
2.427599999999999980e+01,1.625000000000000000e+03,2.000000000000000000e+03,-2.351109856765036810e+00,1.780188564634880954e+00,-2.111476073716330504e+00
2.429299999999999926e+01,1.625000000000000000e+03,2.000000000000000000e+03,-2.347681290346865346e+00,1.779751203942480764e+00,-2.121413312320767464e+00
2.430999999999999872e+01,1.625000000000000000e+03,2.000000000000000000e+03,-2.347681290346865346e+00,1.779751203942480764e+00,-2.121413312320767464e+00
2.432799999999999940e+01,1.625000000000000000e+03,2.000000000000000000e+03,-2.344939643733584766e+00,1.779401620016670904e+00,-2.121902100329594365e+00
2.434400000000000119e+01,1.625000000000000000e+03,2.000000000000000000e+03,-2.344939643733584766e+00,1.779401620016670904e+00,-2.121902100329594365e+00
2.436100000000000065e+01,1.625000000000000000e+03,2.000000000000000000e+03,-2.340144338073000707e+00,1.778790496532797860e+00,-2.109400204907823984e+00
2.437900000000000134e+01,1.625000000000000000e+03,2.000000000000000000e+03,-2.337906525511801892e+00,1.777174920951082093e+00,-2.141160351178899912e+00
2.439499999999999957e+01,1.625000000000000000e+03,2.000000000000000000e+03,-2.336354905680424032e+00,1.775648024390909185e+00,-2.141635415771752537e+00
2.441300000000000026e+01,1.625000000000000000e+03,2.000000000000000000e+03,-2.330885273652144374e+00,1.774952850272028204e+00,-2.142584398334005602e+00
2.442999999999999972e+01,1.625000000000000000e+03,2.000000000000000000e+03,-2.330885273652144374e+00,1.774952850272028204e+00,-2.142584398334005602e+00
2.444800000000000040e+01,1.625000000000000000e+03,2.000000000000000000e+03,-2.330201868533870790e+00,1.774866027872852303e+00,-2.142584398334005602e+00
2.446499999999999986e+01,1.625000000000000000e+03,2.000000000000000000e+03,-2.330201868533870790e+00,1.774866027872852303e+00,-2.142584398334005602e+00
2.448199999999999932e+01,1.625000000000000000e+03,2.000000000000000000e+03,-2.325923712058584947e+00,1.772995156653838666e+00,-2.175725918570757145e+00
2.449899999999999878e+01,1.625000000000000000e+03,2.000000000000000000e+03,-2.313296613408253766e+00,1.768744565661577006e+00,-2.191164526652955580e+00
2.451699999999999946e+01,1.625000000000000000e+03,2.000000000000000000e+03,-2.308530986369439209e+00,1.768142048075517003e+00,-2.192043067251462585e+00
2.453399999999999892e+01,1.625000000000000000e+03,2.000000000000000000e+03,-2.308530986369439209e+00,1.768142048075517003e+00,-2.192043067251462585e+00
2.455099999999999838e+01,1.625000000000000000e+03,2.000000000000000000e+03,-2.303427289916236909e+00,1.764852797314605759e+00,-2.206344980350065210e+00
2.456800000000000139e+01,1.625000000000000000e+03,2.000000000000000000e+03,-2.303427289916236909e+00,1.764852797314605759e+00,-2.206344980350065210e+00
2.458500000000000085e+01,1.625000000000000000e+03,2.000000000000000000e+03,-2.303427289916236909e+00,1.764852797314605759e+00,-2.206344980350065210e+00
2.460200000000000031e+01,1.625000000000000000e+03,2.000000000000000000e+03,-2.300030019310832952e+00,1.764424429501429081e+00,-2.206773351365870717e+00
2.461899999999999977e+01,1.625000000000000000e+03,2.000000000000000000e+03,-2.300030019310832952e+00,1.764424429501429081e+00,-2.206773351365870717e+00
2.463599999999999923e+01,1.625000000000000000e+03,2.000000000000000000e+03,-2.296466417023717899e+00,1.762655113822598540e+00,-2.194490641026047850e+00
2.465299999999999869e+01,1.625000000000000000e+03,2.000000000000000000e+03,-2.296466417023717899e+00,1.762655113822598540e+00,-2.194490641026047850e+00
2.467000000000000171e+01,1.625000000000000000e+03,2.000000000000000000e+03,-2.294096499686499424e+00,1.759719593428815454e+00,-2.233604245801676935e+00
2.468799999999999883e+01,1.625000000000000000e+03,2.000000000000000000e+03,-2.292062715062201939e+00,1.759464002348750000e+00,-2.221266313706537154e+00
2.470499999999999829e+01,1.625000000000000000e+03,2.000000000000000000e+03,-2.289351909068281010e+00,1.759123430948386524e+00,-2.221683727539315978e+00
2.472200000000000131e+01,1.625000000000000000e+03,2.000000000000000000e+03,-2.287319484014162185e+00,1.758868164472154216e+00,-2.234420877017350371e+00
2.473900000000000077e+01,1.625000000000000000e+03,2.000000000000000000e+03,-2.287319484014162185e+00,1.758868164472154216e+00,-2.234420877017350371e+00
2.475700000000000145e+01,1.625000000000000000e+03,2.000000000000000000e+03,-2.285287640752263538e+00,1.758613036528497542e+00,-2.222100795318306066e+00
2.477400000000000091e+01,1.625000000000000000e+03,2.000000000000000000e+03,-2.285287640752263538e+00,1.758613036528497542e+00,-2.222100795318306066e+00
2.479100000000000037e+01,1.625000000000000000e+03,2.000000000000000000e+03,-2.280387036632375075e+00,1.756682024935958708e+00,-2.243201079107827400e+00
2.480799999999999983e+01,1.625000000000000000e+03,2.000000000000000000e+03,-2.278872910611379421e+00,1.755177320024438714e+00,-2.248450449589290301e+00
2.482499999999999929e+01,1.625000000000000000e+03,2.000000000000000000e+03,-2.276008804140783326e+00,1.753504911252311338e+00,-2.248847895447867007e+00
2.484299999999999997e+01,1.625000000000000000e+03,2.000000000000000000e+03,-2.274817405518565483e+00,1.754669444282873414e+00,-2.236740918957676794e+00
2.485999999999999943e+01,1.625000000000000000e+03,2.000000000000000000e+03,-2.272790519823610467e+00,1.754415710534376505e+00,-2.249245010702664249e+00
2.487699999999999889e+01,1.625000000000000000e+03,2.000000000000000000e+03,-2.272790519823610467e+00,1.754415710534376505e+00,-2.249245010702664249e+00
2.489499999999999957e+01,1.625000000000000000e+03,2.000000000000000000e+03,-2.268266403451119739e+00,1.749913345188393698e+00,-2.270441937664180010e+00
2.491199999999999903e+01,1.625000000000000000e+03,2.000000000000000000e+03,-2.268266403451119739e+00,1.749913345188393698e+00,-2.270441937664180010e+00
2.492899999999999849e+01,1.625000000000000000e+03,2.000000000000000000e+03,-2.268266403451119739e+00,1.749913345188393698e+00,-2.270441937664180010e+00
2.494600000000000151e+01,1.625000000000000000e+03,2.000000000000000000e+03,-2.264221082882871272e+00,1.749408523885485511e+00,-2.270823108828248671e+00
2.496399999999999864e+01,1.625000000000000000e+03,2.000000000000000000e+03,-2.262562929589942762e+00,1.746583098619410634e+00,-2.295646542579077742e+00
2.498100000000000165e+01,1.625000000000000000e+03,2.000000000000000000e+03,-2.260542979281776166e+00,1.746331540986004960e+00,-2.296009083919678062e+00
2.499800000000000111e+01,1.625000000000000000e+03,2.000000000000000000e+03,-2.250150803944094946e+00,1.742425624197094347e+00,-2.306536945326255861e+00
2.503500000000000014e+01,1.625000000000000000e+03,2.000000000000000000e+03,-2.247464175218617743e+00,1.742092042608186286e+00,-2.306891296271941894e+00
2.508399999999999963e+01,1.625000000000000000e+03,2.000000000000000000e+03,-2.246643557933876600e+00,1.740685510063068708e+00,-2.310040300496852161e+00
2.510300000000000153e+01,1.625000000000000000e+03,2.000000000000000000e+03,-2.246643557933876600e+00,1.740685510063068708e+00,-2.310040300496852161e+00
2.512000000000000099e+01,1.625000000000000000e+03,2.000000000000000000e+03,-2.243959161867292718e+00,1.740352588915174525e+00,-2.310392011701798420e+00
2.514300000000000068e+01,1.625000000000000000e+03,2.000000000000000000e+03,-2.241946526213762780e+00,1.740103048988602463e+00,-2.298855166541882156e+00
2.516000000000000014e+01,1.625000000000000000e+03,2.000000000000000000e+03,-2.241946526213762780e+00,1.740103048988602463e+00,-2.298855166541882156e+00
2.517699999999999960e+01,1.625000000000000000e+03,2.000000000000000000e+03,-2.237777093246525517e+00,1.738283329421705048e+00,-2.332315208177317079e+00
2.519399999999999906e+01,1.625000000000000000e+03,2.000000000000000000e+03,-2.234282506722141459e+00,1.736548981207604481e+00,-2.323442602927032752e+00
2.521099999999999852e+01,1.625000000000000000e+03,2.000000000000000000e+03,-2.231986630034664909e+00,1.733664709675437177e+00,-2.345007116834908256e+00
2.522800000000000153e+01,1.625000000000000000e+03,2.000000000000000000e+03,-2.231986630034664909e+00,1.733664709675437177e+00,-2.345007116834908256e+00
2.524500000000000099e+01,1.625000000000000000e+03,2.000000000000000000e+03,-2.229311369704544354e+00,1.733334460055720339e+00,-2.345332844220359370e+00
2.526200000000000045e+01,1.625000000000000000e+03,2.000000000000000000e+03,-2.229311369704544354e+00,1.733334460055720339e+00,-2.345332844220359370e+00
2.527899999999999991e+01,1.625000000000000000e+03,2.000000000000000000e+03,-2.225968698798737044e+00,1.732921963820153177e+00,-2.345658300785958605e+00
2.529700000000000060e+01,1.625000000000000000e+03,2.000000000000000000e+03,-2.223155302392708865e+00,1.731276871411198126e+00,-2.367921120394612000e+00
2.531400000000000006e+01,1.625000000000000000e+03,2.000000000000000000e+03,-2.219816635315480902e+00,1.730865460445882853e+00,-2.368229868782738112e+00
2.533099999999999952e+01,1.625000000000000000e+03,2.000000000000000000e+03,-2.217675818872974602e+00,1.729305096044890799e+00,-2.358411320776589548e+00
2.534799999999999898e+01,1.625000000000000000e+03,2.000000000000000000e+03,-2.217008697793741323e+00,1.729222988130073357e+00,-2.358411320776589548e+00
2.536499999999999844e+01,1.625000000000000000e+03,2.000000000000000000e+03,-2.215399654590300305e+00,1.726434783233500525e+00,-2.391543883224661382e+00
2.538200000000000145e+01,1.625000000000000000e+03,2.000000000000000000e+03,-2.212734198206808500e+00,1.726107326053002655e+00,-2.391835218552015974e+00
2.539799999999999969e+01,1.625000000000000000e+03,2.000000000000000000e+03,-2.212734198206808500e+00,1.726107326053002655e+00,-2.391835218552015974e+00
2.541600000000000037e+01,1.625000000000000000e+03,2.000000000000000000e+03,-2.208737868583003028e+00,1.725616550837107965e+00,-2.381218888452429017e+00
2.543299999999999983e+01,1.625000000000000000e+03,2.000000000000000000e+03,-2.205940878992176835e+00,1.723980285676888435e+00,-2.404121013092354708e+00
2.545100000000000051e+01,1.625000000000000000e+03,2.000000000000000000e+03,-2.204476801181464385e+00,1.722508844613080736e+00,-2.404039505361730278e+00
2.546799999999999997e+01,1.625000000000000000e+03,2.000000000000000000e+03,-2.204476801181464385e+00,1.722508844613080736e+00,-2.404039505361730278e+00
2.548499999999999943e+01,1.625000000000000000e+03,2.000000000000000000e+03,-2.188431611609188643e+00,1.712820313399074923e+00,-2.439202515931526705e+00
2.550199999999999889e+01,1.625000000000000000e+03,2.000000000000000000e+03,-2.188431611609188643e+00,1.712820313399074923e+00,-2.439202515931526705e+00
2.551899999999999835e+01,1.625000000000000000e+03,2.000000000000000000e+03,-2.188431611609188643e+00,1.712820313399074923e+00,-2.439202515931526705e+00
2.553699999999999903e+01,1.625000000000000000e+03,2.000000000000000000e+03,-2.184995247975868971e+00,1.711117929122590198e+00,-2.482647159050295205e+00
2.555399999999999849e+01,1.625000000000000000e+03,2.000000000000000000e+03,-2.184995247975868971e+00,1.711117929122590198e+00,-2.482647159050295205e+00
2.557199999999999918e+01,1.625000000000000000e+03,2.000000000000000000e+03,-2.180116411214411354e+00,1.707960160868816413e+00,-2.440328522489675578e+00
2.558899999999999864e+01,1.625000000000000000e+03,2.000000000000000000e+03,-2.180116411214411354e+00,1.707960160868816413e+00,-2.440328522489675578e+00
2.560600000000000165e+01,1.625000000000000000e+03,2.000000000000000000e+03,-2.178671245245284549e+00,1.706503965398607381e+00,-2.483685558724247677e+00
2.562300000000000111e+01,1.625000000000000000e+03,2.000000000000000000e+03,-2.178671245245284549e+00,1.706503965398607381e+00,-2.483685558724247677e+00
2.564000000000000057e+01,1.625000000000000000e+03,2.000000000000000000e+03,-2.173927852306259734e+00,1.704649251705556257e+00,-2.461855589064963379e+00
2.565800000000000125e+01,1.625000000000000000e+03,2.000000000000000000e+03,-2.172365597809373217e+00,1.701904000336643463e+00,-2.484720367322692525e+00
2.567500000000000071e+01,1.625000000000000000e+03,2.000000000000000000e+03,-2.168291809786573321e+00,1.700135010409561609e+00,-2.484944467951548663e+00
2.569200000000000017e+01,1.625000000000000000e+03,2.000000000000000000e+03,-2.168291809786573321e+00,1.700135010409561609e+00,-2.484944467951548663e+00
2.570899999999999963e+01,1.625000000000000000e+03,2.000000000000000000e+03,-2.166855439531058192e+00,1.698686156614943599e+00,-2.518279259453737318e+00
2.572700000000000031e+01,1.625000000000000000e+03,2.000000000000000000e+03,-2.166855439531058192e+00,1.698686156614943599e+00,-2.518279259453737318e+00
2.574399999999999977e+01,1.625000000000000000e+03,2.000000000000000000e+03,-2.164762494925142278e+00,1.697159267469713129e+00,-2.495664662377571119e+00
2.576099999999999923e+01,1.625000000000000000e+03,2.000000000000000000e+03,-2.162789362438942931e+00,1.696921328802914797e+00,-2.495881089431826183e+00
2.577799999999999869e+01,1.625000000000000000e+03,2.000000000000000000e+03,-2.161356910914339569e+00,1.695475526826773383e+00,-2.519240474537451924e+00
2.579500000000000171e+01,1.625000000000000000e+03,2.000000000000000000e+03,-2.158611994615637020e+00,1.693872907326187338e+00,-2.528827751413917913e+00
2.581200000000000117e+01,1.625000000000000000e+03,2.000000000000000000e+03,-2.158611994615637020e+00,1.693872907326187338e+00,-2.528827751413917913e+00
2.582999999999999829e+01,1.625000000000000000e+03,2.000000000000000000e+03,-2.154442668394460192e+00,1.690830610095066522e+00,-2.506569316082727816e+00
2.584700000000000131e+01,1.625000000000000000e+03,2.000000000000000000e+03,-2.154442668394460192e+00,1.690830610095066522e+00,-2.506569316082727816e+00
2.586400000000000077e+01,1.625000000000000000e+03,2.000000000000000000e+03,-2.153016610989328061e+00,1.689390431676556226e+00,-2.529765515861298830e+00
2.588100000000000023e+01,1.625000000000000000e+03,2.000000000000000000e+03,-2.152361012831419007e+00,1.689311751100361469e+00,-2.539128579030384802e+00
2.589799999999999969e+01,1.625000000000000000e+03,2.000000000000000000e+03,-2.150281358024978662e+00,1.687794414821335298e+00,-2.507344059545605575e+00
2.591499999999999915e+01,1.625000000000000000e+03,2.000000000000000000e+03,-2.150281358024978662e+00,1.687794414821335298e+00,-2.507344059545605575e+00
2.593299999999999983e+01,1.625000000000000000e+03,2.000000000000000000e+03,-2.146128037916029463e+00,1.684764299374534868e+00,-2.530700029119076433e+00
2.594999999999999929e+01,1.625000000000000000e+03,2.000000000000000000e+03,-2.144819469117092758e+00,1.684607711104565198e+00,-2.540043371235415126e+00
2.596699999999999875e+01,1.625000000000000000e+03,2.000000000000000000e+03,-2.143289860621492071e+00,1.681896391288621118e+00,-2.572676750011823277e+00
2.598400000000000176e+01,1.625000000000000000e+03,2.000000000000000000e+03,-2.131547723028474284e+00,1.672936267524110399e+00,-2.565394803410770752e+00
2.600100000000000122e+01,1.625000000000000000e+03,2.000000000000000000e+03,-2.129594153746052321e+00,1.672704198687089416e+00,-2.574358214459524508e+00
2.601899999999999835e+01,1.625000000000000000e+03,2.000000000000000000e+03,-2.129594153746052321e+00,1.672704198687089416e+00,-2.574358214459524508e+00
2.603600000000000136e+01,1.625000000000000000e+03,2.000000000000000000e+03,-2.129594153746052321e+00,1.672704198687089416e+00,-2.574358214459524508e+00
2.605300000000000082e+01,1.625000000000000000e+03,2.000000000000000000e+03,-2.127431560057800652e+00,1.669935507215466686e+00,-2.606924444783183858e+00
2.607000000000000028e+01,1.625000000000000000e+03,2.000000000000000000e+03,-2.124076398774534802e+00,1.668283353277848491e+00,-2.575194601000967420e+00
2.608800000000000097e+01,1.625000000000000000e+03,2.000000000000000000e+03,-2.122673603805012466e+00,1.666863809780336769e+00,-2.583942831869785017e+00
2.610500000000000043e+01,1.625000000000000000e+03,2.000000000000000000e+03,-2.121272019937125997e+00,1.665445523464288868e+00,-2.607690962958506553e+00
2.612199999999999989e+01,1.625000000000000000e+03,2.000000000000000000e+03,-2.119324477986974209e+00,1.665215241741071939e+00,-2.616081143028666567e+00
2.613899999999999935e+01,1.625000000000000000e+03,2.000000000000000000e+03,-2.119324477986974209e+00,1.665215241741071939e+00,-2.616081143028666567e+00
2.615700000000000003e+01,1.625000000000000000e+03,2.000000000000000000e+03,-2.119324477986974209e+00,1.665215241741071939e+00,-2.616081143028666567e+00
2.617500000000000071e+01,1.625000000000000000e+03,2.000000000000000000e+03,-2.119324477986974209e+00,1.665215241741071939e+00,-2.616081143028666567e+00
2.619099999999999895e+01,1.625000000000000000e+03,2.000000000000000000e+03,-2.114482011945761908e+00,1.660892446426784907e+00,-2.608454870912220169e+00
2.620899999999999963e+01,1.625000000000000000e+03,2.000000000000000000e+03,-2.113734318042015836e+00,1.659555906217718757e+00,-2.616827020627333411e+00
2.622599999999999909e+01,1.625000000000000000e+03,2.000000000000000000e+03,-2.112438978463444972e+00,1.659403293187397654e+00,-2.625011775721758145e+00
2.624299999999999855e+01,1.625000000000000000e+03,2.000000000000000000e+03,-2.110397884723504980e+00,1.657915609801443590e+00,-2.641004982497108244e+00
2.626000000000000156e+01,1.625000000000000000e+03,2.000000000000000000e+03,-2.107614457783634876e+00,1.655096553772315016e+00,-2.617570358275139508e+00
2.627700000000000102e+01,1.625000000000000000e+03,2.000000000000000000e+03,-2.105675114276191806e+00,1.654868703716880329e+00,-2.625737530694380872e+00
2.629400000000000048e+01,1.625000000000000000e+03,2.000000000000000000e+03,-2.102994282252113489e+00,1.653309719916059795e+00,-2.649671545882366086e+00
2.631200000000000117e+01,1.625000000000000000e+03,2.000000000000000000e+03,-2.102994282252113489e+00,1.653309719916059795e+00,-2.649671545882366086e+00
2.632799999999999940e+01,1.625000000000000000e+03,2.000000000000000000e+03,-2.102994282252113489e+00,1.653309719916059795e+00,-2.649671545882366086e+00
2.634600000000000009e+01,1.625000000000000000e+03,2.000000000000000000e+03,-2.098836753390631582e+00,1.649095718954749934e+00,-2.650226743807810426e+00
2.636299999999999955e+01,1.625000000000000000e+03,2.000000000000000000e+03,-2.098836753390631582e+00,1.649095718954749934e+00,-2.650226743807810426e+00
2.637999999999999901e+01,1.625000000000000000e+03,2.000000000000000000e+03,-2.097453286679310747e+00,1.647693519874665835e+00,-2.658007611162280792e+00
2.639699999999999847e+01,1.625000000000000000e+03,2.000000000000000000e+03,-2.095426815098404116e+00,1.646217273257375435e+00,-2.650343185721987460e+00
2.641499999999999915e+01,1.625000000000000000e+03,2.000000000000000000e+03,-2.093402257510738274e+00,1.644742474150564071e+00,-2.682158998946094997e+00
2.643199999999999861e+01,1.625000000000000000e+03,2.000000000000000000e+03,-2.093402257510738274e+00,1.644742474150564071e+00,-2.682158998946094997e+00
2.644999999999999929e+01,1.625000000000000000e+03,2.000000000000000000e+03,-2.090644951059271506e+00,1.641947089361765588e+00,-2.682662108003319723e+00
2.646699999999999875e+01,1.625000000000000000e+03,2.000000000000000000e+03,-2.090644951059271506e+00,1.641947089361765588e+00,-2.682662108003319723e+00
2.648400000000000176e+01,1.625000000000000000e+03,2.000000000000000000e+03,-2.087982657964576383e+00,1.640401557804380239e+00,-2.682759978533917788e+00
2.650100000000000122e+01,1.625000000000000000e+03,2.000000000000000000e+03,-2.077828330951466906e+00,1.631830645032706251e+00,-2.683858718945935973e+00
2.651899999999999835e+01,1.625000000000000000e+03,2.000000000000000000e+03,-2.077828330951466906e+00,1.631830645032706251e+00,-2.683858718945935973e+00
2.653699999999999903e+01,1.625000000000000000e+03,2.000000000000000000e+03,-2.074455674308038233e+00,1.628984209799398286e+00,-2.715344277508343840e+00
2.655399999999999849e+01,1.625000000000000000e+03,2.000000000000000000e+03,-2.074455674308038233e+00,1.628984209799398286e+00,-2.715344277508343840e+00
2.657100000000000151e+01,1.625000000000000000e+03,2.000000000000000000e+03,-2.073730761568805647e+00,1.627673761278982667e+00,-2.722304571450475663e+00
2.658800000000000097e+01,1.625000000000000000e+03,2.000000000000000000e+03,-2.071643697018865637e+00,1.624982212365515544e+00,-2.715792393822659800e+00
2.660500000000000043e+01,1.625000000000000000e+03,2.000000000000000000e+03,-2.069643636522749297e+00,1.623527719683579562e+00,-2.715872466531316753e+00
2.662300000000000111e+01,1.625000000000000000e+03,2.000000000000000000e+03,-2.067728435521568819e+00,1.623307043732105992e+00,-2.722817986044646421e+00
2.664000000000000057e+01,1.625000000000000000e+03,2.000000000000000000e+03,-2.067007378821686281e+00,1.622001179579699137e+00,-2.747086804960981343e+00
2.665700000000000003e+01,1.625000000000000000e+03,2.000000000000000000e+03,-2.067007378821686281e+00,1.622001179579699137e+00,-2.747086804960981343e+00
2.667399999999999949e+01,1.625000000000000000e+03,2.000000000000000000e+03,-2.063573172713062398e+00,1.617943279385487987e+00,-2.723253552835451785e+00
2.669099999999999895e+01,1.625000000000000000e+03,2.000000000000000000e+03,-2.063573172713062398e+00,1.617943279385487987e+00,-2.723253552835451785e+00
2.670899999999999963e+01,1.625000000000000000e+03,2.000000000000000000e+03,-2.061581294985807666e+00,1.616495487671083087e+00,-2.754020048561485190e+00
2.672599999999999909e+01,1.625000000000000000e+03,2.000000000000000000e+03,-2.060864070606795106e+00,1.615195005145712237e+00,-2.723687851244797287e+00
2.674299999999999855e+01,1.625000000000000000e+03,2.000000000000000000e+03,-2.058954964786392061e+00,1.614976156999556434e+00,-2.730448412704743255e+00
2.676099999999999923e+01,1.625000000000000000e+03,2.000000000000000000e+03,-2.056888071614478175e+00,1.612305973607051079e+00,-2.747942495216213477e+00
2.677799999999999869e+01,1.625000000000000000e+03,2.000000000000000000e+03,-2.055538182947507675e+00,1.610936191147418928e+00,-2.754465561210759361e+00
2.679500000000000171e+01,1.625000000000000000e+03,2.000000000000000000e+03,-2.054824493724811241e+00,1.609640146235050917e+00,-2.778779897448357072e+00
2.681299999999999883e+01,1.625000000000000000e+03,2.000000000000000000e+03,-2.054824493724811241e+00,1.609640146235050917e+00,-2.778779897448357072e+00
2.682999999999999829e+01,1.625000000000000000e+03,2.000000000000000000e+03,-2.052764222756693346e+00,1.606978663374319272e+00,-2.754849185283279045e+00
2.684700000000000131e+01,1.625000000000000000e+03,2.000000000000000000e+03,-2.052764222756693346e+00,1.606978663374319272e+00,-2.754849185283279045e+00
2.686400000000000077e+01,1.625000000000000000e+03,2.000000000000000000e+03,-2.050150021556928603e+00,1.605468879510980162e+00,-2.785234999906107234e+00
2.688100000000000023e+01,1.625000000000000000e+03,2.000000000000000000e+03,-2.050150021556928603e+00,1.605468879510980162e+00,-2.785234999906107234e+00
2.689799999999999969e+01,1.625000000000000000e+03,2.000000000000000000e+03,-2.048729668673082482e+00,1.602886429250759193e+00,-2.755231705494643357e+00
2.691499999999999915e+01,1.625000000000000000e+03,2.000000000000000000e+03,-2.046045630704884211e+00,1.600164144888595708e+00,-2.785568557521082234e+00
2.693199999999999861e+01,1.625000000000000000e+03,2.000000000000000000e+03,-2.046045630704884211e+00,1.600164144888595708e+00,-2.785568557521082234e+00
2.694900000000000162e+01,1.625000000000000000e+03,2.000000000000000000e+03,-2.042733924085231578e+00,1.597374857063437403e+00,-2.785901176387985068e+00
2.696699999999999875e+01,1.625000000000000000e+03,2.000000000000000000e+03,-2.042733924085231578e+00,1.597374857063437403e+00,-2.785901176387985068e+00
2.698499999999999943e+01,1.625000000000000000e+03,2.000000000000000000e+03,-2.041322690588539324e+00,1.594805110415369764e+00,-2.791845607526935336e+00
2.700199999999999889e+01,1.625000000000000000e+03,2.000000000000000000e+03,-2.041322690588539324e+00,1.594805110415369764e+00,-2.791845607526935336e+00
2.701899999999999835e+01,1.625000000000000000e+03,2.000000000000000000e+03,-2.031993197894715664e+00,1.585345744907918686e+00,-2.792532420361760082e+00
2.703600000000000136e+01,1.625000000000000000e+03,2.000000000000000000e+03,-2.031293953646740924e+00,1.584069775395358981e+00,-2.816470910029332142e+00
2.705399999999999849e+01,1.625000000000000000e+03,2.000000000000000000e+03,-2.030035858571448415e+00,1.583928295278043130e+00,-2.822000018532869081e+00
2.707100000000000151e+01,1.625000000000000000e+03,2.000000000000000000e+03,-2.027314702804809965e+00,1.580036246266619315e+00,-2.816752764180500357e+00
2.708899999999999864e+01,1.625000000000000000e+03,2.000000000000000000e+03,-2.027314702804809965e+00,1.580036246266619315e+00,-2.816752764180500357e+00
2.710600000000000165e+01,1.625000000000000000e+03,2.000000000000000000e+03,-2.025294941897714640e+00,1.577423242091984257e+00,-2.846203651924593014e+00
2.712399999999999878e+01,1.625000000000000000e+03,2.000000000000000000e+03,-2.025294941897714640e+00,1.577423242091984257e+00,-2.846203651924593014e+00
2.714099999999999824e+01,1.625000000000000000e+03,2.000000000000000000e+03,-2.022651433432305357e+00,1.574744340961582445e+00,-2.822545325016119655e+00
2.715800000000000125e+01,1.625000000000000000e+03,2.000000000000000000e+03,-2.020704758092634723e+00,1.573336602767984704e+00,-2.851556459832456980e+00
2.717500000000000071e+01,1.625000000000000000e+03,2.000000000000000000e+03,-2.020704758092634723e+00,1.573336602767984704e+00,-2.851556459832456980e+00
2.719200000000000017e+01,1.625000000000000000e+03,2.000000000000000000e+03,-2.019189272107007938e+00,1.568415279340269031e+00,-2.846671027517869490e+00
2.720899999999999963e+01,1.625000000000000000e+03,2.000000000000000000e+03,-2.018563696152935627e+00,1.568345606473511289e+00,-2.846671027517869490e+00
2.722599999999999909e+01,1.625000000000000000e+03,2.000000000000000000e+03,-2.015997464114284377e+00,1.566874040623881914e+00,-2.851781723274631197e+00
2.724299999999999855e+01,1.625000000000000000e+03,2.000000000000000000e+03,-2.015997464114284377e+00,1.566874040623881914e+00,-2.851781723274631197e+00
2.726000000000000156e+01,1.625000000000000000e+03,2.000000000000000000e+03,-2.014555438016421007e+00,1.563161256273216448e+00,-2.852006390486895526e+00
2.727700000000000102e+01,1.625000000000000000e+03,2.000000000000000000e+03,-2.011932261350356743e+00,1.560506171160557454e+00,-2.870991783320665292e+00
2.729400000000000048e+01,1.625000000000000000e+03,2.000000000000000000e+03,-2.011932261350356743e+00,1.560506171160557454e+00,-2.870991783320665292e+00
2.731200000000000117e+01,1.625000000000000000e+03,2.000000000000000000e+03,-2.010684846295490935e+00,1.560367930106102197e+00,-2.875821788012728586e+00
2.732900000000000063e+01,1.625000000000000000e+03,2.000000000000000000e+03,-2.010684846295490935e+00,1.560367930106102197e+00,-2.875821788012728586e+00
2.734700000000000131e+01,1.625000000000000000e+03,2.000000000000000000e+03,-2.009251400673849552e+00,1.556669694383132629e+00,-2.852230459937791895e+00
2.736400000000000077e+01,1.625000000000000000e+03,2.000000000000000000e+03,-2.007944076263358468e+00,1.555347016667742999e+00,-2.880702546427100330e+00
2.738100000000000023e+01,1.625000000000000000e+03,2.000000000000000000e+03,-2.007260159165094038e+00,1.554094150676058828e+00,-2.899990529869929112e+00
2.739799999999999969e+01,1.625000000000000000e+03,2.000000000000000000e+03,-2.004650297325333952e+00,1.551454195758474430e+00,-2.880881089309285770e+00
2.741499999999999915e+01,1.625000000000000000e+03,2.000000000000000000e+03,-2.004650297325333952e+00,1.551454195758474430e+00,-2.880881089309285770e+00
2.743199999999999861e+01,1.625000000000000000e+03,2.000000000000000000e+03,-2.003287058678651977e+00,1.548955379821634448e+00,-2.880881089309285770e+00
2.744900000000000162e+01,1.625000000000000000e+03,2.000000000000000000e+03,-2.003287058678651977e+00,1.548955379821634448e+00,-2.880881089309285770e+00
2.746699999999999875e+01,1.625000000000000000e+03,2.000000000000000000e+03,-2.001305184440886897e+00,1.546392131727090558e+00,-2.881059181793062862e+00
2.748400000000000176e+01,1.625000000000000000e+03,2.000000000000000000e+03,-2.001305184440886897e+00,1.546392131727090558e+00,-2.881059181793062862e+00
2.750100000000000122e+01,1.625000000000000000e+03,2.000000000000000000e+03,-2.000684577103084116e+00,1.546323956985774295e+00,-2.881059181793062862e+00
2.751899999999999835e+01,1.625000000000000000e+03,2.000000000000000000e+03,-1.991442270695403582e+00,1.533636849389174550e+00,-2.909273906273245558e+00
2.753600000000000136e+01,1.625000000000000000e+03,2.000000000000000000e+03,-1.988135337885138743e+00,1.528629983260831438e+00,-2.932848397676929952e+00
2.755399999999999849e+01,1.625000000000000000e+03,2.000000000000000000e+03,-1.988135337885138743e+00,1.528629983260831438e+00,-2.932848397676929952e+00
2.757100000000000151e+01,1.625000000000000000e+03,2.000000000000000000e+03,-1.987464286852972162e+00,1.527397398587850841e+00,-2.932848397676929952e+00
2.758899999999999864e+01,1.625000000000000000e+03,2.000000000000000000e+03,-1.986793730725722629e+00,1.526165732450633694e+00,-2.960076836418929602e+00
2.760600000000000165e+01,1.625000000000000000e+03,2.000000000000000000e+03,-1.986793730725722629e+00,1.526165732450633694e+00,-2.960076836418929602e+00
2.762300000000000111e+01,1.625000000000000000e+03,2.000000000000000000e+03,-1.984222807992083171e+00,1.523571813387073703e+00,-2.932945519235712339e+00
2.764000000000000057e+01,1.625000000000000000e+03,2.000000000000000000e+03,-1.984222807992083171e+00,1.523571813387073703e+00,-2.932945519235712339e+00
2.765700000000000003e+01,1.625000000000000000e+03,2.000000000000000000e+03,-1.982938928190279615e+00,1.522276478473286954e+00,-2.960132716814540377e+00
2.767599999999999838e+01,1.625000000000000000e+03,2.000000000000000000e+03,-1.980322443077379813e+00,1.518529588833335442e+00,-2.933042440678634843e+00
2.769300000000000139e+01,1.625000000000000000e+03,2.000000000000000000e+03,-1.979553163325021403e+00,1.514989660009546046e+00,-2.983560193327167376e+00
2.771099999999999852e+01,1.625000000000000000e+03,2.000000000000000000e+03,-1.979553163325021403e+00,1.514989660009546046e+00,-2.983560193327167376e+00
2.772800000000000153e+01,1.625000000000000000e+03,2.000000000000000000e+03,-1.979553163325021403e+00,1.514989660009546046e+00,-2.983560193327167376e+00
2.774500000000000099e+01,1.625000000000000000e+03,2.000000000000000000e+03,-1.977559231376367910e+00,1.511325229743946785e+00,-3.007031947815651751e+00
2.776200000000000045e+01,1.625000000000000000e+03,2.000000000000000000e+03,-1.975670050129230138e+00,1.509973990882423234e+00,-2.983581186360750870e+00
2.777899999999999991e+01,1.625000000000000000e+03,2.000000000000000000e+03,-1.975670050129230138e+00,1.509973990882423234e+00,-2.983581186360750870e+00
2.779700000000000060e+01,1.625000000000000000e+03,2.000000000000000000e+03,-1.973071548703261069e+00,1.506255335237020265e+00,-2.983618450838840808e+00
2.781400000000000006e+01,1.625000000000000000e+03,2.000000000000000000e+03,-1.973584507575797620e+00,1.504020760628637099e+00,-3.007025765144648144e+00
2.783200000000000074e+01,1.625000000000000000e+03,2.000000000000000000e+03,-1.973584507575797620e+00,1.504020760628637099e+00,-3.007025765144648144e+00
2.784900000000000020e+01,1.625000000000000000e+03,2.000000000000000000e+03,-1.971701255662705821e+00,1.502675858625056815e+00,-3.009983712318070381e+00
2.786599999999999966e+01,1.625000000000000000e+03,2.000000000000000000e+03,-1.969723385791700032e+00,1.499038914508892262e+00,-3.007012632976179933e+00
2.788299999999999912e+01,1.625000000000000000e+03,2.000000000000000000e+03,-1.969112966943859844e+00,1.498973839148286302e+00,-3.009966347710159251e+00
2.789999999999999858e+01,1.625000000000000000e+03,2.000000000000000000e+03,-1.969112966943859844e+00,1.498973839148286302e+00,-3.009966347710159251e+00
2.791700000000000159e+01,1.625000000000000000e+03,2.000000000000000000e+03,-1.967797294471054892e+00,1.496553834125171178e+00,-3.033125929356405681e+00
2.793400000000000105e+01,1.625000000000000000e+03,2.000000000000000000e+03,-1.967797294471054892e+00,1.496553834125171178e+00,-3.033125929356405681e+00
2.795100000000000051e+01,1.625000000000000000e+03,2.000000000000000000e+03,-1.965264855859947479e+00,1.494007885150360426e+00,-3.009949132931017068e+00
2.796799999999999997e+01,1.625000000000000000e+03,2.000000000000000000e+03,-1.965171705710081040e+00,1.491724514878152608e+00,-3.033075777716517596e+00
2.798600000000000065e+01,1.625000000000000000e+03,2.000000000000000000e+03,-1.963861780810440383e+00,1.489315184183524821e+00,-3.033049449778185025e+00
2.800300000000000011e+01,1.625000000000000000e+03,2.000000000000000000e+03,-1.956734781208565588e+00,1.477257795704078003e+00,-3.056029666957160273e+00
2.801999999999999957e+01,1.625000000000000000e+03,2.000000000000000000e+03,-1.956734781208565588e+00,1.477257795704078003e+00,-3.056029666957160273e+00
2.803800000000000026e+01,1.625000000000000000e+03,2.000000000000000000e+03,-1.956734781208565588e+00,1.477257795704078003e+00,-3.056029666957160273e+00
2.805499999999999972e+01,1.625000000000000000e+03,2.000000000000000000e+03,-1.954183297782862816e+00,1.473613563263518333e+00,-3.058270540450663155e+00
2.807199999999999918e+01,1.625000000000000000e+03,2.000000000000000000e+03,-1.952241888559611782e+00,1.470040868494319142e+00,-3.081029430528902768e+00
2.808899999999999864e+01,1.625000000000000000e+03,2.000000000000000000e+03,-1.952241888559611782e+00,1.470040868494319142e+00,-3.081029430528902768e+00
2.810699999999999932e+01,1.625000000000000000e+03,2.000000000000000000e+03,-1.950949956482231240e+00,1.467663419060081686e+00,-3.058186451102898218e+00
2.812300000000000111e+01,1.625000000000000000e+03,2.000000000000000000e+03,-1.950866731756839334e+00,1.465415331868637594e+00,-3.080942109166135978e+00
2.814000000000000057e+01,1.625000000000000000e+03,2.000000000000000000e+03,-1.950866731756839334e+00,1.465415331868637594e+00,-3.080942109166135978e+00
2.815800000000000125e+01,1.625000000000000000e+03,2.000000000000000000e+03,-1.949659892147026508e+00,1.465289438019221624e+00,-3.080942109166135978e+00
2.817500000000000071e+01,1.625000000000000000e+03,2.000000000000000000e+03,-1.948371691413637752e+00,1.462918917456729417e+00,-3.105370378980819801e+00
2.819200000000000017e+01,1.625000000000000000e+03,2.000000000000000000e+03,-1.947085350155275396e+00,1.460551849484351905e+00,-3.080827851997999023e+00
2.821000000000000085e+01,1.625000000000000000e+03,2.000000000000000000e+03,-1.946362743796540284e+00,1.457132564887422710e+00,-3.080740993375804315e+00
2.822700000000000031e+01,1.625000000000000000e+03,2.000000000000000000e+03,-1.946362743796540284e+00,1.457132564887422710e+00,-3.080740993375804315e+00
2.824399999999999977e+01,1.625000000000000000e+03,2.000000000000000000e+03,-1.945681365313156164e+00,1.454836096727958328e+00,-3.103435957067200768e+00
2.826099999999999923e+01,1.625000000000000000e+03,2.000000000000000000e+03,-1.945681365313156164e+00,1.454836096727958328e+00,-3.103435957067200768e+00
2.827799999999999869e+01,1.625000000000000000e+03,2.000000000000000000e+03,-1.944439413999213384e+00,1.453595703848361342e+00,-3.105106626723756591e+00
2.829500000000000171e+01,1.625000000000000000e+03,2.000000000000000000e+03,-1.943760076983917839e+00,1.451304152392792979e+00,-3.104989157497632046e+00
2.831200000000000117e+01,1.625000000000000000e+03,2.000000000000000000e+03,-1.943081662806377619e+00,1.449015731857882017e+00,-3.104989157497632046e+00
2.832900000000000063e+01,1.625000000000000000e+03,2.000000000000000000e+03,-1.941804460833817858e+00,1.446668633902409518e+00,-3.103177873080805504e+00
2.834600000000000009e+01,1.625000000000000000e+03,2.000000000000000000e+03,-1.939892095528624072e+00,1.443154358913461000e+00,-3.127176285663068711e+00
2.836400000000000077e+01,1.625000000000000000e+03,2.000000000000000000e+03,-1.939217975591640331e+00,1.440877185539005900e+00,-3.104727522811693952e+00
2.838100000000000023e+01,1.625000000000000000e+03,2.000000000000000000e+03,-1.938582107418360456e+00,1.439709075004728778e+00,-3.127031430850530924e+00
2.839900000000000091e+01,1.625000000000000000e+03,2.000000000000000000e+03,-1.937237944297729886e+00,1.435167250542255690e+00,-3.125477824006430705e+00
2.841600000000000037e+01,1.625000000000000000e+03,2.000000000000000000e+03,-1.937237944297729886e+00,1.435167250542255690e+00,-3.125477824006430705e+00
2.843299999999999983e+01,1.625000000000000000e+03,2.000000000000000000e+03,-1.936640540901831908e+00,1.435106154305570314e+00,-3.126859567191624834e+00
2.844999999999999929e+01,1.625000000000000000e+03,2.000000000000000000e+03,-1.935300866437949630e+00,1.430576935243538461e+00,-3.126715473272430934e+00
2.846699999999999875e+01,1.625000000000000000e+03,2.000000000000000000e+03,-1.934036316991523563e+00,1.428256251120252784e+00,3.134267005785060345e+00
2.848400000000000176e+01,1.625000000000000000e+03,2.000000000000000000e+03,-1.934036316991523563e+00,1.428256251120252784e+00,3.134267005785060345e+00
2.850199999999999889e+01,1.625000000000000000e+03,2.000000000000000000e+03,-1.934036316991523563e+00,1.428256251120252784e+00,3.134267005785060345e+00
2.851899999999999835e+01,1.625000000000000000e+03,2.000000000000000000e+03,-1.929624584690909472e+00,1.420160113058093199e+00,3.134635496738953364e+00
2.853699999999999903e+01,1.625000000000000000e+03,2.000000000000000000e+03,-1.929624584690909472e+00,1.420160113058093199e+00,3.134635496738953364e+00
2.855399999999999849e+01,1.625000000000000000e+03,2.000000000000000000e+03,-1.928859968723075413e+00,1.414641425060925162e+00,3.112749962763320610e+00
2.857100000000000151e+01,1.625000000000000000e+03,2.000000000000000000e+03,-1.928859968723075413e+00,1.414641425060925162e+00,3.112749962763320610e+00
2.858800000000000097e+01,1.625000000000000000e+03,2.000000000000000000e+03,-1.927046592079768805e+00,1.413372433197497724e+00,3.111953411132152958e+00
2.860500000000000043e+01,1.625000000000000000e+03,2.000000000000000000e+03,-1.927046592079768805e+00,1.413372433197497724e+00,3.111953411132152958e+00
2.862300000000000111e+01,1.625000000000000000e+03,2.000000000000000000e+03,-1.925728600152117442e+00,1.408902547324708099e+00,3.112971646023995564e+00
2.864000000000000057e+01,1.625000000000000000e+03,2.000000000000000000e+03,-1.925103659780662113e+00,1.407757234641824784e+00,3.091026491093042505e+00
2.865700000000000003e+01,1.625000000000000000e+03,2.000000000000000000e+03,-1.925103659780662113e+00,1.407757234641824784e+00,3.091026491093042505e+00
2.867399999999999949e+01,1.625000000000000000e+03,2.000000000000000000e+03,-1.923199388652040653e+00,1.403243333944840021e+00,3.090724677839630452e+00
2.869099999999999895e+01,1.625000000000000000e+03,2.000000000000000000e+03,-1.923199388652040653e+00,1.403243333944840021e+00,3.090724677839630452e+00
2.870899999999999963e+01,1.625000000000000000e+03,2.000000000000000000e+03,-1.922480848219711769e+00,1.398859759129591929e+00,3.090947694486767094e+00
2.872700000000000031e+01,1.625000000000000000e+03,2.000000000000000000e+03,-1.922480848219711769e+00,1.398859759129591929e+00,3.090947694486767094e+00
2.874399999999999977e+01,1.625000000000000000e+03,2.000000000000000000e+03,-1.920647680720865891e+00,1.396525288063009462e+00,3.069704104573916403e+00
2.876099999999999923e+01,1.625000000000000000e+03,2.000000000000000000e+03,-1.920616460680090176e+00,1.395447437985457118e+00,3.069704104573916403e+00
2.877899999999999991e+01,1.625000000000000000e+03,2.000000000000000000e+03,-1.919964882218030633e+00,1.393235186601450515e+00,3.069951817022267271e+00
2.879500000000000171e+01,1.625000000000000000e+03,2.000000000000000000e+03,-1.919344941457301168e+00,1.392100913323622180e+00,3.069951817022267271e+00
2.881200000000000117e+01,1.625000000000000000e+03,2.000000000000000000e+03,-1.917457587035222177e+00,1.387630125819880433e+00,3.069942903502627107e+00
2.882999999999999829e+01,1.625000000000000000e+03,2.000000000000000000e+03,-1.917457587035222177e+00,1.387630125819880433e+00,3.069942903502627107e+00
2.884799999999999898e+01,1.625000000000000000e+03,2.000000000000000000e+03,-1.917457587035222177e+00,1.387630125819880433e+00,3.069942903502627107e+00
2.886499999999999844e+01,1.625000000000000000e+03,2.000000000000000000e+03,-1.917397334314735025e+00,1.385486540759141239e+00,3.048591465674716616e+00
2.888200000000000145e+01,1.625000000000000000e+03,2.000000000000000000e+03,-1.916192314650773332e+00,1.384299632933613911e+00,3.027378345929090386e+00
2.892899999999999849e+01,1.625000000000000000e+03,2.000000000000000000e+03,-1.916132914562296730e+00,1.382160326726231236e+00,3.048863235630668189e+00
2.894699999999999918e+01,1.625000000000000000e+03,2.000000000000000000e+03,-1.916132914562296730e+00,1.382160326726231236e+00,3.048863235630668189e+00
2.896799999999999997e+01,1.625000000000000000e+03,2.000000000000000000e+03,-1.916132914562296730e+00,1.382160326726231236e+00,3.048863235630668189e+00
2.898499999999999943e+01,1.625000000000000000e+03,2.000000000000000000e+03,-1.914900328195170642e+00,1.379908091183337238e+00,3.027674472888095547e+00
2.900199999999999889e+01,1.625000000000000000e+03,2.000000000000000000e+03,-1.914900328195170642e+00,1.379908091183337238e+00,3.027674472888095547e+00
2.901999999999999957e+01,1.625000000000000000e+03,2.000000000000000000e+03,-1.914168543553064872e+00,1.374521351428674265e+00,3.027713779474104694e+00
2.903699999999999903e+01,1.625000000000000000e+03,2.000000000000000000e+03,-1.909794054397375040e+00,1.363515254492003059e+00,3.007603696165679796e+00
2.905399999999999849e+01,1.625000000000000000e+03,2.000000000000000000e+03,-1.909794054397375040e+00,1.363515254492003059e+00,3.007603696165679796e+00
2.907100000000000151e+01,1.625000000000000000e+03,2.000000000000000000e+03,-1.909711514792504561e+00,1.360346996216744930e+00,3.007920544688638564e+00
2.908800000000000097e+01,1.625000000000000000e+03,2.000000000000000000e+03,-1.907909089807982017e+00,1.358068486616569981e+00,2.987145615877685234e+00
2.910500000000000043e+01,1.625000000000000000e+03,2.000000000000000000e+03,-1.907828441991727741e+00,1.354910611181626034e+00,2.966555018217062134e+00
2.912300000000000111e+01,1.625000000000000000e+03,2.000000000000000000e+03,-1.907219913743372963e+00,1.353803001956237928e+00,2.987484539312630805e+00
2.914000000000000057e+01,1.625000000000000000e+03,2.000000000000000000e+03,-1.907140014714959975e+00,1.350653149148448140e+00,2.966916036362246878e+00
2.915700000000000003e+01,1.625000000000000000e+03,2.000000000000000000e+03,-1.905899207535336259e+00,1.347397295518458105e+00,2.967276232937174907e+00
2.917399999999999949e+01,1.625000000000000000e+03,2.000000000000000000e+03,-1.905899207535336259e+00,1.347397295518458105e+00,2.967276232937174907e+00
2.919099999999999895e+01,1.625000000000000000e+03,2.000000000000000000e+03,-1.905899207535336259e+00,1.347397295518458105e+00,2.967276232937174907e+00
2.920799999999999841e+01,1.625000000000000000e+03,2.000000000000000000e+03,-1.905846848118382564e+00,1.345304786093035165e+00,2.988160062057804822e+00
2.922500000000000142e+01,1.625000000000000000e+03,2.000000000000000000e+03,-1.905794556405723039e+00,1.343214870411837403e+00,2.967635610886444564e+00
2.924200000000000088e+01,1.625000000000000000e+03,2.000000000000000000e+03,-1.904532161669702406e+00,1.338931888267930415e+00,2.967994173139389069e+00
2.926000000000000156e+01,1.625000000000000000e+03,2.000000000000000000e+03,-1.904532161669702406e+00,1.338931888267930415e+00,2.967994173139389069e+00
2.927700000000000102e+01,1.625000000000000000e+03,2.000000000000000000e+03,-1.904532161669702406e+00,1.338931888267930415e+00,2.967994173139389069e+00
2.929400000000000048e+01,1.625000000000000000e+03,2.000000000000000000e+03,-1.903273073370952417e+00,1.334660169164191945e+00,2.968351922610197757e+00
2.931099999999999994e+01,1.625000000000000000e+03,2.000000000000000000e+03,-1.903273073370952417e+00,1.334660169164191945e+00,2.968351922610197757e+00
2.932799999999999940e+01,1.625000000000000000e+03,2.000000000000000000e+03,-1.903222541322039385e+00,1.332583606340624893e+00,2.948066733154980135e+00
2.934499999999999886e+01,1.625000000000000000e+03,2.000000000000000000e+03,-1.903146865395972887e+00,1.329473566437042731e+00,2.948444809049842519e+00
2.936199999999999832e+01,1.625000000000000000e+03,2.000000000000000000e+03,-1.903121672599938252e+00,1.328438165177602048e+00,2.948444809049842519e+00
2.937900000000000134e+01,1.625000000000000000e+03,2.000000000000000000e+03,-1.903121672599938252e+00,1.328438165177602048e+00,2.948444809049842519e+00
2.939600000000000080e+01,1.625000000000000000e+03,2.000000000000000000e+03,-1.901942763731694352e+00,1.327293805205710164e+00,2.928389039097446300e+00
2.941300000000000026e+01,1.625000000000000000e+03,2.000000000000000000e+03,-1.901868393027201121e+00,1.324193681450316795e+00,2.948822036242568334e+00
2.942999999999999972e+01,1.625000000000000000e+03,2.000000000000000000e+03,-1.901843634711821052e+00,1.323161579252053244e+00,2.928786601096519782e+00
2.944699999999999918e+01,1.625000000000000000e+03,2.000000000000000000e+03,-1.900594038781759476e+00,1.318930853320303687e+00,2.929183279300567655e+00
2.946399999999999864e+01,1.625000000000000000e+03,2.000000000000000000e+03,-1.900594038781759476e+00,1.318930853320303687e+00,2.929183279300567655e+00
2.948100000000000165e+01,1.625000000000000000e+03,2.000000000000000000e+03,-1.901120387249859434e+00,1.316928061736206690e+00,2.907680846099547356e+00
2.949800000000000111e+01,1.625000000000000000e+03,2.000000000000000000e+03,-1.901120387249859434e+00,1.316928061736206690e+00,2.907680846099547356e+00
2.951500000000000057e+01,1.625000000000000000e+03,2.000000000000000000e+03,-1.898465801108550011e+00,1.301366383430056395e+00,2.909343159534018231e+00
2.953200000000000003e+01,1.625000000000000000e+03,2.000000000000000000e+03,-1.898442261179162482e+00,1.300348393975709005e+00,2.891581971355062564e+00
2.955000000000000071e+01,1.625000000000000000e+03,2.000000000000000000e+03,-1.897800250427541524e+00,1.297245024570789607e+00,2.909756465551539328e+00
2.956700000000000017e+01,1.625000000000000000e+03,2.000000000000000000e+03,-1.897182564563455909e+00,1.295161730034666281e+00,2.890066427140367544e+00
2.958399999999999963e+01,1.625000000000000000e+03,2.000000000000000000e+03,-1.897159461870239872e+00,1.294147572614000374e+00,2.890066427140367544e+00
2.960099999999999909e+01,1.625000000000000000e+03,2.000000000000000000e+03,-1.896519891992857421e+00,1.291056020752562095e+00,2.890497505328475825e+00
2.961799999999999855e+01,1.625000000000000000e+03,2.000000000000000000e+03,-1.896519891992857421e+00,1.291056020752562095e+00,2.890497505328475825e+00
2.963500000000000156e+01,1.625000000000000000e+03,2.000000000000000000e+03,-1.895881537295439179e+00,1.287970351706268612e+00,2.871069889793782526e+00
2.965200000000000102e+01,1.625000000000000000e+03,2.000000000000000000e+03,-1.895858883156483543e+00,1.286960618538551593e+00,2.890927653492652460e+00
2.966900000000000048e+01,1.625000000000000000e+03,2.000000000000000000e+03,-1.895858883156483543e+00,1.286960618538551593e+00,2.890927653492652460e+00
2.968599999999999994e+01,1.625000000000000000e+03,2.000000000000000000e+03,-1.895221955862363750e+00,1.283882709829373248e+00,2.871517860825222535e+00
2.970400000000000063e+01,1.625000000000000000e+03,2.000000000000000000e+03,-1.896314581520581077e+00,1.281973439693602668e+00,2.852405831283077120e+00
2.972200000000000131e+01,1.625000000000000000e+03,2.000000000000000000e+03,-1.896314581520581077e+00,1.281973439693602668e+00,2.852405831283077120e+00
2.973799999999999955e+01,1.625000000000000000e+03,2.000000000000000000e+03,-1.896314581520581077e+00,1.281973439693602668e+00,2.852405831283077120e+00
2.975600000000000023e+01,1.625000000000000000e+03,2.000000000000000000e+03,-1.895655645672347678e+00,1.277900580979591361e+00,2.852869737427374375e+00
2.977299999999999969e+01,1.625000000000000000e+03,2.000000000000000000e+03,-1.895020653237216246e+00,1.274839644965109375e+00,2.853332668684918971e+00
2.979100000000000037e+01,1.625000000000000000e+03,2.000000000000000000e+03,-1.895020653237216246e+00,1.274839644965109375e+00,2.853332668684918971e+00
2.980999999999999872e+01,1.625000000000000000e+03,2.000000000000000000e+03,-1.895020653237216246e+00,1.274839644965109375e+00,2.853332668684918971e+00
2.982700000000000173e+01,1.625000000000000000e+03,2.000000000000000000e+03,-1.894386861254837573e+00,1.271784502631985170e+00,2.834477682441640667e+00
2.984400000000000119e+01,1.625000000000000000e+03,2.000000000000000000e+03,-1.893798047119694461e+00,1.270732956935062941e+00,2.853794628353408580e+00
2.985999999999999943e+01,1.625000000000000000e+03,2.000000000000000000e+03,-1.893798047119694461e+00,1.270732956935062941e+00,2.853794628353408580e+00
2.987900000000000134e+01,1.625000000000000000e+03,2.000000000000000000e+03,-1.894254578489026342e+00,1.265794340376454219e+00,2.832859486638237723e+00
2.989600000000000080e+01,1.625000000000000000e+03,2.000000000000000000e+03,-1.893601471531599856e+00,1.261761751273010379e+00,2.814110633079674351e+00
2.991300000000000026e+01,1.625000000000000000e+03,2.000000000000000000e+03,-1.893601471531599856e+00,1.261761751273010379e+00,2.814110633079674351e+00
2.992999999999999972e+01,1.625000000000000000e+03,2.000000000000000000e+03,-1.893014714820993927e+00,1.260716821657725362e+00,2.833337699298979384e+00
2.994699999999999918e+01,1.625000000000000000e+03,2.000000000000000000e+03,-1.893514465023815374e+00,1.257790164256619381e+00,2.817428589432553476e+00
2.996399999999999864e+01,1.625000000000000000e+03,2.000000000000000000e+03,-1.894035225533377664e+00,1.255858833453255219e+00,2.815158749648538627e+00
2.998100000000000165e+01,1.625000000000000000e+03,2.000000000000000000e+03,-1.894035225533377664e+00,1.255858833453255219e+00,2.815158749648538627e+00
2.999899999999999878e+01,1.625000000000000000e+03,2.000000000000000000e+03,-1.893125655494559467e+00,1.240035806862790579e+00,2.780218280197303216e+00
3.001599999999999824e+01,1.625000000000000000e+03,2.000000000000000000e+03,-1.893125655494559467e+00,1.240035806862790579e+00,2.780218280197303216e+00
3.003200000000000003e+01,1.625000000000000000e+03,2.000000000000000000e+03,-1.893082727225249062e+00,1.238074910172457521e+00,2.780218280197303216e+00
3.004899999999999949e+01,1.625000000000000000e+03,2.000000000000000000e+03,-1.893018436428485218e+00,1.235137962530445055e+00,2.780734361535101229e+00
3.006599999999999895e+01,1.625000000000000000e+03,2.000000000000000000e+03,-1.893018436428485218e+00,1.235137962530445055e+00,2.780734361535101229e+00
3.008399999999999963e+01,1.625000000000000000e+03,2.000000000000000000e+03,-1.892372967146503049e+00,1.231180654106385663e+00,2.778072009817931676e+00
3.010200000000000031e+01,1.625000000000000000e+03,2.000000000000000000e+03,-1.892372967146503049e+00,1.231180654106385663e+00,2.778072009817931676e+00
3.012000000000000099e+01,1.625000000000000000e+03,2.000000000000000000e+03,-1.892868897074932111e+00,1.228305530557014968e+00,2.760119683560665838e+00
3.013700000000000045e+01,1.625000000000000000e+03,2.000000000000000000e+03,-1.892288316756016719e+00,1.227282439434834949e+00,2.778588387319542719e+00
3.015500000000000114e+01,1.625000000000000000e+03,2.000000000000000000e+03,-1.893321136827181617e+00,1.223491825882170758e+00,2.743106243029669766e+00
3.017200000000000060e+01,1.625000000000000000e+03,2.000000000000000000e+03,-1.893321136827181617e+00,1.223491825882170758e+00,2.743106243029669766e+00
3.018900000000000006e+01,1.625000000000000000e+03,2.000000000000000000e+03,-1.893256953742322723e+00,1.220580900359428345e+00,2.761266145742380829e+00
3.020700000000000074e+01,1.625000000000000000e+03,2.000000000000000000e+03,-1.893214232236378081e+00,1.218643168953991829e+00,2.743645913992121432e+00
3.022400000000000020e+01,1.625000000000000000e+03,2.000000000000000000e+03,-1.893214232236378081e+00,1.218643168953991829e+00,2.743645913992121432e+00
3.024099999999999966e+01,1.625000000000000000e+03,2.000000000000000000e+03,-1.893686154338195760e+00,1.214823319183522266e+00,2.744283023078776029e+00
3.025799999999999912e+01,1.625000000000000000e+03,2.000000000000000000e+03,-1.894200181047679177e+00,1.212940995602523220e+00,2.741244756994872134e+00
3.027599999999999980e+01,1.625000000000000000e+03,2.000000000000000000e+03,-1.894157014577391829e+00,1.211012251050474831e+00,2.741244756994872134e+00
3.029299999999999926e+01,1.625000000000000000e+03,2.000000000000000000e+03,-1.894113902190303511e+00,1.209085793729143266e+00,2.723799846658757406e+00
3.030999999999999872e+01,1.625000000000000000e+03,2.000000000000000000e+03,-1.894113902190303511e+00,1.209085793729143266e+00,2.723799846658757406e+00
3.032799999999999940e+01,1.625000000000000000e+03,2.000000000000000000e+03,-1.894070843792258874e+00,1.207161619478763104e+00,2.741783541134332314e+00
3.034499999999999886e+01,1.625000000000000000e+03,2.000000000000000000e+03,-1.895139171110158838e+00,1.205336156840480566e+00,2.724459022747065085e+00
3.036299999999999955e+01,1.625000000000000000e+03,2.000000000000000000e+03,-1.895095564309090541e+00,1.203416335587829344e+00,2.707344041585427963e+00
3.037999999999999901e+01,1.625000000000000000e+03,2.000000000000000000e+03,-1.894496980394301033e+00,1.201450766686116278e+00,2.725007558102610528e+00
3.039699999999999847e+01,1.625000000000000000e+03,2.000000000000000000e+03,-1.894496980394301033e+00,1.201450766686116278e+00,2.725007558102610528e+00
3.041400000000000148e+01,1.625000000000000000e+03,2.000000000000000000e+03,-1.896073953478661922e+00,1.197766136794070846e+00,2.725664074474460019e+00
3.043100000000000094e+01,1.625000000000000000e+03,2.000000000000000000e+03,-1.896029910926243289e+00,1.195855175932451608e+00,2.704624868308618257e+00
3.044800000000000040e+01,1.625000000000000000e+03,2.000000000000000000e+03,-1.896029910926243289e+00,1.195855175932451608e+00,2.704624868308618257e+00
3.046499999999999986e+01,1.625000000000000000e+03,2.000000000000000000e+03,-1.896539775930090155e+00,1.193994107204242816e+00,2.722409277492366275e+00
3.048199999999999932e+01,1.625000000000000000e+03,2.000000000000000000e+03,-1.895941990415830336e+00,1.192040015270237951e+00,2.705183594148338866e+00
3.049899999999999878e+01,1.625000000000000000e+03,2.000000000000000000e+03,-1.897908554612414811e+00,1.181782584972421279e+00,2.689667591423697157e+00
3.051699999999999946e+01,1.625000000000000000e+03,2.000000000000000000e+03,-1.898392691974631452e+00,1.178991818429318439e+00,2.686061602575311458e+00
3.053500000000000014e+01,1.625000000000000000e+03,2.000000000000000000e+03,-1.898876027944077727e+00,1.176205758375985511e+00,2.664982516880804564e+00
3.055199999999999960e+01,1.625000000000000000e+03,2.000000000000000000e+03,-1.898876027944077727e+00,1.176205758375985511e+00,2.664982516880804564e+00
3.056899999999999906e+01,1.625000000000000000e+03,2.000000000000000000e+03,-1.898808022602639589e+00,1.173377802930536618e+00,2.670096216948695478e+00
3.058599999999999852e+01,1.625000000000000000e+03,2.000000000000000000e+03,-1.899290202616414014e+00,1.170601259463069699e+00,2.649235024844826203e+00
3.060300000000000153e+01,1.625000000000000000e+03,2.000000000000000000e+03,-1.899267443461865934e+00,1.169661316854385458e+00,2.666278127245513829e+00
3.062099999999999866e+01,1.625000000000000000e+03,2.000000000000000000e+03,-1.899267443461865934e+00,1.169661316854385458e+00,2.666278127245513829e+00
3.063800000000000168e+01,1.625000000000000000e+03,2.000000000000000000e+03,-1.899267443461865934e+00,1.169661316854385458e+00,2.666278127245513829e+00
3.065500000000000114e+01,1.625000000000000000e+03,2.000000000000000000e+03,-1.899748709172655703e+00,1.166891043441473652e+00,2.654488327408754955e+00
3.067200000000000060e+01,1.625000000000000000e+03,2.000000000000000000e+03,-1.899748709172655703e+00,1.166891043441473652e+00,2.654488327408754955e+00
3.069000000000000128e+01,1.625000000000000000e+03,2.000000000000000000e+03,-1.900206200188142791e+00,1.163189224762083640e+00,2.650553033726177787e+00
3.070700000000000074e+01,1.625000000000000000e+03,2.000000000000000000e+03,-1.900160280331354201e+00,1.161318467019664791e+00,2.634439457724013778e+00
3.072400000000000020e+01,1.625000000000000000e+03,2.000000000000000000e+03,-1.900160280331354201e+00,1.161318467019664791e+00,2.634439457724013778e+00
3.074200000000000088e+01,1.625000000000000000e+03,2.000000000000000000e+03,-1.900160280331354201e+00,1.161318467019664791e+00,2.634439457724013778e+00
3.075900000000000034e+01,1.625000000000000000e+03,2.000000000000000000e+03,-1.900091506574085987e+00,1.158516422340138963e+00,2.651133614614046952e+00
3.077700000000000102e+01,1.625000000000000000e+03,2.000000000000000000e+03,-1.901164537708727176e+00,1.157675074615240884e+00,2.635189939912681467e+00
3.079299999999999926e+01,1.625000000000000000e+03,2.000000000000000000e+03,-1.901071818337190411e+00,1.153948423337828100e+00,2.635776185926240966e+00
3.080999999999999872e+01,1.625000000000000000e+03,2.000000000000000000e+03,-1.901048674103289260e+00,1.153018116652343661e+00,2.635776185926240966e+00
3.082700000000000173e+01,1.625000000000000000e+03,2.000000000000000000e+03,-1.902026078242289753e+00,1.148465343288056051e+00,2.615943389486109716e+00
3.084499999999999886e+01,1.625000000000000000e+03,2.000000000000000000e+03,-1.902026078242289753e+00,1.148465343288056051e+00,2.615943389486109716e+00
3.086199999999999832e+01,1.625000000000000000e+03,2.000000000000000000e+03,-1.902525541216316673e+00,1.146656799672112204e+00,2.615943389486109716e+00
3.087900000000000134e+01,1.625000000000000000e+03,2.000000000000000000e+03,-1.901909339987604364e+00,1.143834927213222663e+00,2.616535467956871308e+00
3.089600000000000080e+01,1.625000000000000000e+03,2.000000000000000000e+03,-1.902455066160754438e+00,1.143880022559135679e+00,2.621538309532162270e+00
3.091300000000000026e+01,1.625000000000000000e+03,2.000000000000000000e+03,-1.902930013765150807e+00,1.141153036421576505e+00,2.601196261789242570e+00
3.093100000000000094e+01,1.625000000000000000e+03,2.000000000000000000e+03,-1.902930013765150807e+00,1.141153036421576505e+00,2.601196261789242570e+00
3.094800000000000040e+01,1.625000000000000000e+03,2.000000000000000000e+03,-1.903404184768054952e+00,1.138430592620655268e+00,2.601792544393391804e+00
3.096499999999999986e+01,1.625000000000000000e+03,2.000000000000000000e+03,-1.903380492557233739e+00,1.137509191937369213e+00,2.601792544393391804e+00
3.098199999999999932e+01,1.625000000000000000e+03,2.000000000000000000e+03,-1.903309502718554036e+00,1.134748189717241562e+00,2.597358297919306835e+00
3.099899999999999878e+01,1.625000000000000000e+03,2.000000000000000000e+03,-1.903309502718554036e+00,1.134748189717241562e+00,2.597358297919306835e+00
3.101699999999999946e+01,1.625000000000000000e+03,2.000000000000000000e+03,-1.906799875545482914e+00,1.123147412400518963e+00,2.563450355641321732e+00
3.103399999999999892e+01,1.625000000000000000e+03,2.000000000000000000e+03,-1.907268348564796989e+00,1.120454779476599327e+00,2.579056879633089494e+00
3.105099999999999838e+01,1.625000000000000000e+03,2.000000000000000000e+03,-1.907785632684501076e+00,1.119587490069326563e+00,2.564263579288407424e+00
3.106800000000000139e+01,1.625000000000000000e+03,2.000000000000000000e+03,-1.908203013829498529e+00,1.115082867756870932e+00,2.559456461946116868e+00
3.108500000000000085e+01,1.625000000000000000e+03,2.000000000000000000e+03,-1.910317237706934845e+00,1.113441489803068674e+00,2.544938654743836626e+00
3.110200000000000031e+01,1.625000000000000000e+03,2.000000000000000000e+03,-1.910317237706934845e+00,1.113441489803068674e+00,2.544938654743836626e+00
3.111899999999999977e+01,1.625000000000000000e+03,2.000000000000000000e+03,-1.910317237706934845e+00,1.113441489803068674e+00,2.544938654743836626e+00
3.113700000000000045e+01,1.625000000000000000e+03,2.000000000000000000e+03,-1.910755937763350065e+00,1.109858940520267456e+00,2.545766543147123695e+00
3.115299999999999869e+01,1.625000000000000000e+03,2.000000000000000000e+03,-1.910755937763350065e+00,1.109858940520267456e+00,2.545766543147123695e+00
3.117000000000000171e+01,1.625000000000000000e+03,2.000000000000000000e+03,-1.911193684310843910e+00,1.106284351258960186e+00,2.540781112176844658e+00
3.118799999999999883e+01,1.625000000000000000e+03,2.000000000000000000e+03,-1.912735295502490773e+00,1.103705642432752931e+00,2.526559682327101264e+00
3.120499999999999829e+01,1.625000000000000000e+03,2.000000000000000000e+03,-1.912709226100826942e+00,1.102803850862913215e+00,2.541611062882396244e+00
3.122299999999999898e+01,1.625000000000000000e+03,2.000000000000000000e+03,-1.912709226100826942e+00,1.102803850862913215e+00,2.541611062882396244e+00
3.123999999999999844e+01,1.625000000000000000e+03,2.000000000000000000e+03,-1.914248143598429097e+00,1.100230438646625952e+00,2.527401426398555806e+00
3.125700000000000145e+01,1.625000000000000000e+03,2.000000000000000000e+03,-1.914248143598429097e+00,1.100230438646625952e+00,2.527401426398555806e+00
3.127400000000000091e+01,1.625000000000000000e+03,2.000000000000000000e+03,-1.914680835895384181e+00,1.096676857503782632e+00,2.522242504390289408e+00
3.129100000000000037e+01,1.625000000000000000e+03,2.000000000000000000e+03,-1.916242474007704866e+00,1.095009783667737935e+00,2.508324177484579920e+00
3.130799999999999983e+01,1.625000000000000000e+03,2.000000000000000000e+03,-1.917210079582479354e+00,1.091510092607359539e+00,2.509178959588721280e+00
3.132600000000000051e+01,1.625000000000000000e+03,2.000000000000000000e+03,-1.917210079582479354e+00,1.091510092607359539e+00,2.509178959588721280e+00
3.134400000000000119e+01,1.625000000000000000e+03,2.000000000000000000e+03,-1.917210079582479354e+00,1.091510092607359539e+00,2.509178959588721280e+00
3.136100000000000065e+01,1.625000000000000000e+03,2.000000000000000000e+03,-1.918258167195908026e+00,1.090700098049585343e+00,2.509178959588721280e+00
3.137800000000000011e+01,1.625000000000000000e+03,2.000000000000000000e+03,-1.918175649697474228e+00,1.088017884146918135e+00,2.503851626329677948e+00
3.139499999999999957e+01,1.625000000000000000e+03,2.000000000000000000e+03,-1.919194666768444080e+00,1.086316872135598466e+00,2.510032135905455597e+00
3.141199999999999903e+01,1.625000000000000000e+03,2.000000000000000000e+03,-1.920212685214152781e+00,1.084617558868322451e+00,2.504708386400436471e+00
3.142999999999999972e+01,1.625000000000000000e+03,2.000000000000000000e+03,-1.921173141113019955e+00,1.081139908053951881e+00,2.491109338019312780e+00
3.144699999999999918e+01,1.625000000000000000e+03,2.000000000000000000e+03,-1.921173141113019955e+00,1.081139908053951881e+00,2.491109338019312780e+00
3.146499999999999986e+01,1.625000000000000000e+03,2.000000000000000000e+03,-1.922131583146844180e+00,1.077669668232477118e+00,2.485618901403232606e+00
3.148199999999999932e+01,1.625000000000000000e+03,2.000000000000000000e+03,-1.922131583146844180e+00,1.077669668232477118e+00,2.485618901403232606e+00
3.149899999999999878e+01,1.625000000000000000e+03,2.000000000000000000e+03,-1.922131583146844180e+00,1.077669668232477118e+00,2.485618901403232606e+00
3.151599999999999824e+01,1.625000000000000000e+03,2.000000000000000000e+03,-1.926597488590745977e+00,1.067427357891622020e+00,2.467830500486687839e+00
3.153300000000000125e+01,1.625000000000000000e+03,2.000000000000000000e+03,-1.928080112011919534e+00,1.064027269556665711e+00,2.474954236824959963e+00
3.155099999999999838e+01,1.625000000000000000e+03,2.000000000000000000e+03,-1.928553542327022363e+00,1.062309260228471608e+00,2.449063954613004412e+00
3.156800000000000139e+01,1.625000000000000000e+03,2.000000000000000000e+03,-1.929529324806294355e+00,1.059756178354227529e+00,2.443145909201775545e+00
3.158500000000000085e+01,1.625000000000000000e+03,2.000000000000000000e+03,-1.930031926200968861e+00,1.058919699620354926e+00,2.449955680389912072e+00
3.160200000000000031e+01,1.625000000000000000e+03,2.000000000000000000e+03,-1.930031926200968861e+00,1.058919699620354926e+00,2.449955680389912072e+00
3.161899999999999977e+01,1.625000000000000000e+03,2.000000000000000000e+03,-1.930472966059206374e+00,1.056330983709506288e+00,2.444040939809319468e+00
3.163599999999999923e+01,1.625000000000000000e+03,2.000000000000000000e+03,-1.931507332764887952e+00,1.055537077182014727e+00,2.450845851099825445e+00
3.165399999999999991e+01,1.625000000000000000e+03,2.000000000000000000e+03,-1.933511845137078966e+00,1.052202059484750762e+00,2.419037333789606947e+00
3.167099999999999937e+01,1.625000000000000000e+03,2.000000000000000000e+03,-1.932917204807912848e+00,1.050415199863285576e+00,2.432266599295011655e+00
3.168799999999999883e+01,1.625000000000000000e+03,2.000000000000000000e+03,-1.934949022530832785e+00,1.047961555249244725e+00,2.419945959930443369e+00
3.170499999999999829e+01,1.625000000000000000e+03,2.000000000000000000e+03,-1.934949022530832785e+00,1.047961555249244725e+00,2.419945959930443369e+00
3.172200000000000131e+01,1.625000000000000000e+03,2.000000000000000000e+03,-1.934949022530832785e+00,1.047961555249244725e+00,2.419945959930443369e+00
3.173999999999999844e+01,1.625000000000000000e+03,2.000000000000000000e+03,-1.936945692726178558e+00,1.044641631028671025e+00,2.407059962872112102e+00
3.175700000000000145e+01,1.625000000000000000e+03,2.000000000000000000e+03,-1.936913368965479165e+00,1.043772373649784591e+00,2.414175620376376674e+00
3.177400000000000091e+01,1.625000000000000000e+03,2.000000000000000000e+03,-1.936913368965479165e+00,1.043772373649784591e+00,2.414175620376376674e+00
3.179100000000000037e+01,1.625000000000000000e+03,2.000000000000000000e+03,-1.936913368965479165e+00,1.043772373649784591e+00,2.414175620376376674e+00
3.180799999999999983e+01,1.625000000000000000e+03,2.000000000000000000e+03,-1.938872828799774517e+00,1.039593785662805026e+00,2.395966602726754324e+00
3.182499999999999929e+01,1.625000000000000000e+03,2.000000000000000000e+03,-1.940297753276431392e+00,1.035385842048682559e+00,2.396885649018097197e+00
3.184199999999999875e+01,1.625000000000000000e+03,2.000000000000000000e+03,-1.941323670555390901e+00,1.034601381086926342e+00,2.396885649018097197e+00
3.185900000000000176e+01,1.625000000000000000e+03,2.000000000000000000e+03,-1.941323670555390901e+00,1.034601381086926342e+00,2.396885649018097197e+00
3.187600000000000122e+01,1.625000000000000000e+03,2.000000000000000000e+03,-1.942281758347867093e+00,1.032090942279496382e+00,2.383500649341915523e+00
3.189300000000000068e+01,1.625000000000000000e+03,2.000000000000000000e+03,-1.943272326456208177e+00,1.030445918145593609e+00,2.390880863195619987e+00
3.191000000000000014e+01,1.625000000000000000e+03,2.000000000000000000e+03,-1.943272326456208177e+00,1.030445918145593609e+00,2.390880863195619987e+00
3.192699999999999960e+01,1.625000000000000000e+03,2.000000000000000000e+03,-1.944296149826902909e+00,1.029663658574448970e+00,2.379217392062245473e+00
3.194399999999999906e+01,1.625000000000000000e+03,2.000000000000000000e+03,-1.945675444847145386e+00,1.024622193285979144e+00,2.361422364445667110e+00
3.196199999999999974e+01,1.625000000000000000e+03,2.000000000000000000e+03,-1.945675444847145386e+00,1.024622193285979144e+00,2.361422364445667110e+00
3.197899999999999920e+01,1.625000000000000000e+03,2.000000000000000000e+03,-1.951054761503232982e+00,1.014781429777763755e+00,2.330105183081059739e+00
3.199599999999999866e+01,1.625000000000000000e+03,2.000000000000000000e+03,-1.951999863786526790e+00,1.012301207171344863e+00,2.342383458821519771e+00
3.201299999999999812e+01,1.625000000000000000e+03,2.000000000000000000e+03,-1.951999863786526790e+00,1.012301207171344863e+00,2.342383458821519771e+00
3.203000000000000114e+01,1.625000000000000000e+03,2.000000000000000000e+03,-1.951999863786526790e+00,1.012301207171344863e+00,2.342383458821519771e+00
3.204699999999999704e+01,1.625000000000000000e+03,2.000000000000000000e+03,-1.953396599623395069e+00,1.008163046137908747e+00,2.320411054618379154e+00
3.206499999999999773e+01,1.625000000000000000e+03,2.000000000000000000e+03,-1.953396599623395069e+00,1.008163046137908747e+00,2.320411054618379154e+00
3.208200000000000074e+01,1.625000000000000000e+03,2.000000000000000000e+03,-1.954411518449414853e+00,1.007390765853422021e+00,2.324482210819132533e+00
3.209899999999999665e+01,1.625000000000000000e+03,2.000000000000000000e+03,-1.956928289708582014e+00,1.005037354752573719e+00,2.306255321096323918e+00
3.211599999999999966e+01,1.625000000000000000e+03,2.000000000000000000e+03,-1.956928289708582014e+00,1.005037354752573719e+00,2.306255321096323918e+00
3.213300000000000267e+01,1.625000000000000000e+03,2.000000000000000000e+03,-1.957303651906413089e+00,1.001686841108435200e+00,2.314816485450403860e+00
3.214999999999999858e+01,1.625000000000000000e+03,2.000000000000000000e+03,-1.959365653388436268e+00,1.000994108666691140e+00,2.307597572658540486e+00
3.216700000000000159e+01,1.625000000000000000e+03,2.000000000000000000e+03,-1.959776109543114764e+00,9.984964081625365973e-01,2.296943389850945039e+00
3.218399999999999750e+01,1.625000000000000000e+03,2.000000000000000000e+03,-1.959776109543114764e+00,9.984964081625365973e-01,2.296943389850945039e+00
3.220199999999999818e+01,1.625000000000000000e+03,2.000000000000000000e+03,-1.961311355532136869e+00,9.977665844317263888e-01,2.308547221943961336e+00
3.221900000000000119e+01,1.625000000000000000e+03,2.000000000000000000e+03,-1.962807131042900943e+00,9.961933068501266364e-01,2.290196810544870676e+00
3.223599999999999710e+01,1.625000000000000000e+03,2.000000000000000000e+03,-1.963253345757606905e+00,9.945453271123440020e-01,2.301772886657304173e+00
3.225399999999999778e+01,1.625000000000000000e+03,2.000000000000000000e+03,-1.963659967230503289e+00,9.920575911150960602e-01,2.291151103924331522e+00
3.227100000000000080e+01,1.625000000000000000e+03,2.000000000000000000e+03,-1.965152105521982051e+00,9.904896624442817155e-01,2.273042059105037982e+00
3.228900000000000148e+01,1.625000000000000000e+03,2.000000000000000000e+03,-1.968132437822116110e+00,9.873580570651049326e-01,2.274414377325206793e+00
3.230599999999999739e+01,1.625000000000000000e+03,2.000000000000000000e+03,-1.968132437822116110e+00,9.873580570651049326e-01,2.274414377325206793e+00
3.232300000000000040e+01,1.625000000000000000e+03,2.000000000000000000e+03,-1.969661334858907598e+00,9.866326082372222084e-01,2.266513391062146887e+00
3.234000000000000341e+01,1.625000000000000000e+03,2.000000000000000000e+03,-1.969661334858907598e+00,9.866326082372222084e-01,2.266513391062146887e+00
3.235699999999999932e+01,1.625000000000000000e+03,2.000000000000000000e+03,-1.972111833070500975e+00,9.834702915058942674e-01,2.267890560197037164e+00
3.237400000000000233e+01,1.625000000000000000e+03,2.000000000000000000e+03,-1.971987909003927619e+00,9.809619324274755359e-01,2.257950786631340634e+00
3.239099999999999824e+01,1.625000000000000000e+03,2.000000000000000000e+03,-1.974557847122318410e+00,9.803138830741054965e-01,2.260832862616389605e+00
3.240899999999999892e+01,1.625000000000000000e+03,2.000000000000000000e+03,-1.974473948876589446e+00,9.786444725315094351e-01,2.252693951733105049e+00
3.242600000000000193e+01,1.625000000000000000e+03,2.000000000000000000e+03,-1.974473948876589446e+00,9.786444725315094351e-01,2.252693951733105049e+00
3.244400000000000261e+01,1.625000000000000000e+03,2.000000000000000000e+03,-1.976519933350824765e+00,9.779597788487802701e-01,2.243278674584558985e+00
3.246200000000000330e+01,1.625000000000000000e+03,2.000000000000000000e+03,-1.976871697033576458e+00,9.746648600786794736e-01,2.243803931814133179e+00
3.247999999999999687e+01,1.625000000000000000e+03,2.000000000000000000e+03,-1.976871697033576458e+00,9.746648600786794736e-01,2.243803931814133179e+00
3.249699999999999989e+01,1.625000000000000000e+03,2.000000000000000000e+03,-1.984684369210444776e+00,9.652999547937427538e-01,2.220624552070219693e+00
3.251500000000000057e+01,1.625000000000000000e+03,2.000000000000000000e+03,-1.986200711815429010e+00,9.645831341040985718e-01,2.221075779243971482e+00
3.253199999999999648e+01,1.625000000000000000e+03,2.000000000000000000e+03,-1.987151066933800392e+00,9.630034810478725893e-01,2.212688082965035719e+00
3.254899999999999949e+01,1.625000000000000000e+03,2.000000000000000000e+03,-1.988620460985003335e+00,9.614619679931460938e-01,2.213649333638706196e+00
3.256600000000000250e+01,1.625000000000000000e+03,2.000000000000000000e+03,-1.989568808222112128e+00,9.598852812731809570e-01,2.205138822305989788e+00
3.258299999999999841e+01,1.625000000000000000e+03,2.000000000000000000e+03,-1.991509092932461256e+00,9.575595433083269326e-01,2.206099881866260937e+00
3.260099999999999909e+01,1.625000000000000000e+03,2.000000000000000000e+03,-1.991509092932461256e+00,9.575595433083269326e-01,2.206099881866260937e+00
3.261800000000000210e+01,1.625000000000000000e+03,2.000000000000000000e+03,-1.993446766841829199e+00,9.552370038370191496e-01,2.188977222281164536e+00
3.263600000000000279e+01,1.625000000000000000e+03,2.000000000000000000e+03,-1.994297136216510058e+00,9.520245236131624766e-01,2.198499222116822249e+00
3.265299999999999869e+01,1.625000000000000000e+03,2.000000000000000000e+03,-1.995334573140171264e+00,9.520969530161277339e-01,2.189938043575013538e+00
3.267000000000000171e+01,1.625000000000000000e+03,2.000000000000000000e+03,-1.995334573140171264e+00,9.520969530161277339e-01,2.189938043575013538e+00
3.268699999999999761e+01,1.625000000000000000e+03,2.000000000000000000e+03,-1.996748093675486224e+00,9.497458640945636299e-01,2.181734090558598016e+00
3.270499999999999829e+01,1.625000000000000000e+03,2.000000000000000000e+03,-1.996748093675486224e+00,9.497458640945636299e-01,2.181734090558598016e+00
3.272200000000000131e+01,1.625000000000000000e+03,2.000000000000000000e+03,-1.996748093675486224e+00,9.497458640945636299e-01,2.181734090558598016e+00
3.273899999999999721e+01,1.625000000000000000e+03,2.000000000000000000e+03,-1.999147716242103856e+00,9.466523130115910289e-01,2.174088411416374544e+00
3.275600000000000023e+01,1.625000000000000000e+03,2.000000000000000000e+03,-2.001171456382110581e+00,9.459787021098667870e-01,2.174570937850233587e+00
3.277300000000000324e+01,1.625000000000000000e+03,2.000000000000000000e+03,-2.002011741560642655e+00,9.427844600576210654e-01,2.175529405896968971e+00
3.279099999999999682e+01,1.625000000000000000e+03,2.000000000000000000e+03,-2.002011741560642655e+00,9.427844600576210654e-01,2.175529405896968971e+00
3.280799999999999983e+01,1.625000000000000000e+03,2.000000000000000000e+03,-2.002997743679005183e+00,9.420405991179231497e-01,2.158550879357574281e+00
3.282600000000000051e+01,1.625000000000000000e+03,2.000000000000000000e+03,-2.004451229688252845e+00,9.405180766891271249e-01,2.159043569672507878e+00
3.284400000000000119e+01,1.625000000000000000e+03,2.000000000000000000e+03,-2.005903451291771944e+00,9.389969120580435868e-01,2.158925936876875618e+00
3.285999999999999943e+01,1.625000000000000000e+03,2.000000000000000000e+03,-2.006837460291026165e+00,9.374415060405382194e-01,2.151246089117180293e+00
3.288600000000000279e+01,1.625000000000000000e+03,2.000000000000000000e+03,-2.008854778879643810e+00,9.367710639669378780e-01,2.151743599102004634e+00
3.290599999999999881e+01,1.625000000000000000e+03,2.000000000000000000e+03,-2.008854778879643810e+00,9.367710639669378780e-01,2.151743599102004634e+00
3.294100000000000250e+01,1.625000000000000000e+03,2.000000000000000000e+03,-2.009735943758752974e+00,9.344060759887790057e-01,2.135045349287334471e+00
3.296800000000000352e+01,1.625000000000000000e+03,2.000000000000000000e+03,-2.009735943758752974e+00,9.344060759887790057e-01,2.135045349287334471e+00
3.298599999999999710e+01,1.625000000000000000e+03,2.000000000000000000e+03,-2.011751132796035790e+00,9.337366713167406518e-01,2.143831219987865300e+00
3.301100000000000279e+01,1.625000000000000000e+03,2.000000000000000000e+03,-2.014178265259032319e+00,9.314820994158873324e-01,2.127614747703447939e+00
3.302700000000000102e+01,1.625000000000000000e+03,2.000000000000000000e+03,-2.015570190778985360e+00,9.291599454806772629e-01,2.128567071865578697e+00
3.304599999999999937e+01,1.625000000000000000e+03,2.000000000000000000e+03,-2.016497054774484710e+00,9.276136857953111159e-01,2.129079155988330641e+00
3.306300000000000239e+01,1.625000000000000000e+03,2.000000000000000000e+03,-2.025642885700009277e+00,9.186106161985742036e-01,2.106598849852754363e+00
3.307900000000000063e+01,1.625000000000000000e+03,2.000000000000000000e+03,-2.025642885700009277e+00,9.186106161985742036e-01,2.106598849852754363e+00
3.309599999999999653e+01,1.625000000000000000e+03,2.000000000000000000e+03,-2.026672589382292333e+00,9.186802681964475470e-01,2.097469398210532354e+00
3.311299999999999955e+01,1.625000000000000000e+03,2.000000000000000000e+03,-2.027995147682240873e+00,9.155738471116104948e-01,2.098413418028220345e+00
3.313000000000000256e+01,1.625000000000000000e+03,2.000000000000000000e+03,-2.030511573734901987e+00,9.149455399243536791e-01,2.089704108886339284e+00
3.314699999999999847e+01,1.625000000000000000e+03,2.000000000000000000e+03,-2.030913492064587711e+00,9.133777838119533365e-01,2.082843102331121798e+00
3.316400000000000148e+01,1.625000000000000000e+03,2.000000000000000000e+03,-2.033485083355951240e+00,9.135508794903360874e-01,2.074141538061011314e+00
3.318200000000000216e+01,1.625000000000000000e+03,2.000000000000000000e+03,-2.034285270863607220e+00,9.104194363240588617e-01,2.084322835913568372e+00
3.319899999999999807e+01,1.625000000000000000e+03,2.000000000000000000e+03,-2.035769671701368022e+00,9.097237192992403410e-01,2.065723319010805969e+00
3.321699999999999875e+01,1.625000000000000000e+03,2.000000000000000000e+03,-2.035769671701368022e+00,9.097237192992403410e-01,2.065723319010805969e+00
3.323400000000000176e+01,1.625000000000000000e+03,2.000000000000000000e+03,-2.040557488811886255e+00,9.052801996822851249e-01,2.067757641725672002e+00
3.325099999999999767e+01,1.625000000000000000e+03,2.000000000000000000e+03,-2.040557488811886255e+00,9.052801996822851249e-01,2.067757641725672002e+00
3.326800000000000068e+01,1.625000000000000000e+03,2.000000000000000000e+03,-2.041466455057868501e+00,9.037559507333413622e-01,2.051994007914419882e+00
3.328499999999999659e+01,1.625000000000000000e+03,2.000000000000000000e+03,-2.043460057756288251e+00,9.030969577624657907e-01,2.059228800473796639e+00
3.330199999999999960e+01,1.625000000000000000e+03,2.000000000000000000e+03,-2.045393185326147556e+00,9.016429622732539118e-01,2.053481118093129165e+00
3.332000000000000028e+01,1.625000000000000000e+03,2.000000000000000000e+03,-2.045393185326147556e+00,9.016429622732539118e-01,2.053481118093129165e+00
3.333800000000000097e+01,1.625000000000000000e+03,2.000000000000000000e+03,-2.047716636479578689e+00,8.986364783668726597e-01,2.038612560791242867e+00
3.335499999999999687e+01,1.625000000000000000e+03,2.000000000000000000e+03,-2.047716636479578689e+00,8.986364783668726597e-01,2.038612560791242867e+00
3.337199999999999989e+01,1.625000000000000000e+03,2.000000000000000000e+03,-2.050609479334069896e+00,8.964615687026228352e-01,2.026294914338140796e+00
3.339000000000000057e+01,1.625000000000000000e+03,2.000000000000000000e+03,-2.050609479334069896e+00,8.964615687026228352e-01,2.026294914338140796e+00
3.340699999999999648e+01,1.625000000000000000e+03,2.000000000000000000e+03,-2.053172311829035035e+00,8.966313112737923641e-01,2.026867863050060503e+00
3.342499999999999716e+01,1.625000000000000000e+03,2.000000000000000000e+03,-2.054523503038177434e+00,8.943570600925928593e-01,2.021710220892124710e+00
3.344200000000000017e+01,1.625000000000000000e+03,2.000000000000000000e+03,-2.054523503038177434e+00,8.943570600925928593e-01,2.021710220892124710e+00
3.345900000000000318e+01,1.625000000000000000e+03,2.000000000000000000e+03,-2.055935405744798938e+00,8.928764821412958907e-01,2.018011657025137406e+00
3.347599999999999909e+01,1.625000000000000000e+03,2.000000000000000000e+03,-2.057921227139845488e+00,8.922211282627040552e-01,2.008710537999669921e+00
3.349300000000000210e+01,1.625000000000000000e+03,2.000000000000000000e+03,-2.070318693188347048e+00,8.820639348255409073e-01,1.982601009120228186e+00
3.350999999999999801e+01,1.625000000000000000e+03,2.000000000000000000e+03,-2.071719034932510528e+00,8.805939568488051483e-01,1.983197437461082790e+00
3.352700000000000102e+01,1.625000000000000000e+03,2.000000000000000000e+03,-2.075026768286076795e+00,8.776910905341989144e-01,1.964178549517280992e+00
3.354500000000000171e+01,1.625000000000000000e+03,2.000000000000000000e+03,-2.075026768286076795e+00,8.776910905341989144e-01,1.964178549517280992e+00
3.356199999999999761e+01,1.625000000000000000e+03,2.000000000000000000e+03,-2.075026768286076795e+00,8.776910905341989144e-01,1.964178549517280992e+00
3.357900000000000063e+01,1.625000000000000000e+03,2.000000000000000000e+03,-2.077069727924200304e+00,8.778239902507348758e-01,1.964784136749727628e+00
3.359599999999999653e+01,1.625000000000000000e+03,2.000000000000000000e+03,-2.078465613632886289e+00,8.763575913188371702e-01,1.965389534845914943e+00
3.361299999999999955e+01,1.625000000000000000e+03,2.000000000000000000e+03,-2.080302012973784809e+00,8.741438644441884565e-01,1.966274716375461917e+00
3.363000000000000256e+01,1.625000000000000000e+03,2.000000000000000000e+03,-2.081764111150308239e+00,8.734617157650560459e-01,1.951755099635717139e+00
3.364600000000000080e+01,1.625000000000000000e+03,2.000000000000000000e+03,-2.081764111150308239e+00,8.734617157650560459e-01,1.951755099635717139e+00
3.366400000000000148e+01,1.625000000000000000e+03,2.000000000000000000e+03,-2.083156240966454575e+00,8.719991178374829621e-01,1.952366842392396107e+00
3.368099999999999739e+01,1.625000000000000000e+03,2.000000000000000000e+03,-2.085637334020257860e+00,8.713837368357199020e-01,1.942933796458875317e+00
3.369800000000000040e+01,1.625000000000000000e+03,2.000000000000000000e+03,-2.086587414660000750e+00,8.706696187427228617e-01,1.932793086688524342e+00
3.371600000000000108e+01,1.625000000000000000e+03,2.000000000000000000e+03,-2.086587414660000750e+00,8.706696187427228617e-01,1.932793086688524342e+00
3.373299999999999699e+01,1.625000000000000000e+03,2.000000000000000000e+03,-2.088415631637773551e+00,8.684632647263222927e-01,1.933659659945836884e+00
3.375000000000000000e+01,1.625000000000000000e+03,2.000000000000000000e+03,-2.089874156335460587e+00,8.677832179194445716e-01,1.934279918156746270e+00
3.376599999999999824e+01,1.625000000000000000e+03,2.000000000000000000e+03,-2.092423702048809009e+00,8.679475213134945077e-01,1.928613959543547196e+00
3.378300000000000125e+01,1.625000000000000000e+03,2.000000000000000000e+03,-2.093155500336764785e+00,8.649017065736300802e-01,1.914339270665525117e+00
3.380100000000000193e+01,1.625000000000000000e+03,2.000000000000000000e+03,-2.096431459138288211e+00,8.620250734992088715e-01,1.915822023505957539e+00
3.381799999999999784e+01,1.625000000000000000e+03,2.000000000000000000e+03,-2.096431459138288211e+00,8.620250734992088715e-01,1.915822023505957539e+00
3.383500000000000085e+01,1.625000000000000000e+03,2.000000000000000000e+03,-2.096431459138288211e+00,8.620250734992088715e-01,1.915822023505957539e+00
3.385300000000000153e+01,1.625000000000000000e+03,2.000000000000000000e+03,-2.099849326866900068e+00,8.607026125872015987e-01,1.902536912585078399e+00
3.386999999999999744e+01,1.625000000000000000e+03,2.000000000000000000e+03,-2.101737928257252808e+00,8.592834105851135940e-01,1.896358643987694270e+00
3.388700000000000045e+01,1.625000000000000000e+03,2.000000000000000000e+03,-2.103625045135168126e+00,8.578653688959795298e-01,1.893665629214364765e+00
3.390500000000000114e+01,1.625000000000000000e+03,2.000000000000000000e+03,-2.103625045135168126e+00,8.578653688959795298e-01,1.893665629214364765e+00
3.392199999999999704e+01,1.625000000000000000e+03,2.000000000000000000e+03,-2.105585789817875586e+00,8.572217001067760078e-01,1.894303446729823648e+00
3.393900000000000006e+01,1.625000000000000000e+03,2.000000000000000000e+03,-2.107037140981756984e+00,8.565457891385469535e-01,1.880815693576102898e+00
3.395600000000000307e+01,1.625000000000000000e+03,2.000000000000000000e+03,-2.107037140981756984e+00,8.565457891385469535e-01,1.880815693576102898e+00
3.397399999999999665e+01,1.625000000000000000e+03,2.000000000000000000e+03,-2.108336353208742686e+00,8.543253330156442837e-01,1.884699616704270220e+00
3.399099999999999966e+01,1.625000000000000000e+03,2.000000000000000000e+03,-2.108336353208742686e+00,8.543253330156442837e-01,1.884699616704270220e+00
3.400800000000000267e+01,1.625000000000000000e+03,2.000000000000000000e+03,-2.121795459006672324e+00,8.475237440041510917e-01,1.854382488651392658e+00
3.402600000000000335e+01,1.625000000000000000e+03,2.000000000000000000e+03,-2.123668936574975241e+00,8.461150988455049538e-01,1.855189609106909776e+00
3.404299999999999926e+01,1.625000000000000000e+03,2.000000000000000000e+03,-2.124525232940892572e+00,8.446435802558814876e-01,1.844582096468205590e+00
3.406099999999999994e+01,1.625000000000000000e+03,2.000000000000000000e+03,-2.127064772812964133e+00,8.448036690382242364e-01,1.834554280597336939e+00
3.407800000000000296e+01,1.625000000000000000e+03,2.000000000000000000e+03,-2.128934906695796769e+00,8.433971662363960453e-01,1.833106772167567344e+00
3.409499999999999886e+01,1.625000000000000000e+03,2.000000000000000000e+03,-2.129788198875762095e+00,8.419279704436234413e-01,1.822523932858139073e+00
3.411200000000000188e+01,1.625000000000000000e+03,2.000000000000000000e+03,-2.132245032086891534e+00,8.413214639706340092e-01,1.836665889345176383e+00
3.412899999999999778e+01,1.625000000000000000e+03,2.000000000000000000e+03,-2.132245032086891534e+00,8.413214639706340092e-01,1.836665889345176383e+00
3.414600000000000080e+01,1.625000000000000000e+03,2.000000000000000000e+03,-2.136566601254288322e+00,8.393118562124116666e-01,1.813974303510036856e+00
3.416299999999999670e+01,1.625000000000000000e+03,2.000000000000000000e+03,-2.137922903881229963e+00,8.378779463275601858e-01,1.814641384526073153e+00
3.417999999999999972e+01,1.625000000000000000e+03,2.000000000000000000e+03,-2.137922903881229963e+00,8.378779463275601858e-01,1.814641384526073153e+00
3.419700000000000273e+01,1.625000000000000000e+03,2.000000000000000000e+03,-2.139361661628186972e+00,8.372090964824844272e-01,1.802399343873851034e+00
3.421399999999999864e+01,1.625000000000000000e+03,2.000000000000000000e+03,-2.141814725448289547e+00,8.366039715717109582e-01,1.795245934962872436e+00
3.423100000000000165e+01,1.625000000000000000e+03,2.000000000000000000e+03,-2.143167872937734586e+00,8.351722832559503873e-01,1.794538621954825830e+00
3.424799999999999756e+01,1.625000000000000000e+03,2.000000000000000000e+03,-2.145112035689756169e+00,8.345360808345806403e-01,1.795211550027698610e+00
3.426599999999999824e+01,1.625000000000000000e+03,2.000000000000000000e+03,-2.146970132131819309e+00,8.331377467453099372e-01,1.794552517139521353e+00
3.428199999999999648e+01,1.625000000000000000e+03,2.000000000000000000e+03,-2.146970132131819309e+00,8.331377467453099372e-01,1.794552517139521353e+00
3.429999999999999716e+01,1.625000000000000000e+03,2.000000000000000000e+03,-2.151362102419245748e+00,8.318984673569370658e-01,1.786434308207622834e+00
3.431700000000000017e+01,1.625000000000000000e+03,2.000000000000000000e+03,-2.151362102419245748e+00,8.318984673569370658e-01,1.786434308207622834e+00
3.433400000000000318e+01,1.625000000000000000e+03,2.000000000000000000e+03,-2.152709617394677366e+00,8.304706160543361415e-01,1.775486414294703996e+00
3.435099999999999909e+01,1.625000000000000000e+03,2.000000000000000000e+03,-2.154737816414760143e+00,8.305968031453684342e-01,1.776164708205601794e+00
3.436800000000000210e+01,1.625000000000000000e+03,2.000000000000000000e+03,-2.155995668129064402e+00,8.284098230454955969e-01,1.775879296086166237e+00
3.438499999999999801e+01,1.625000000000000000e+03,2.000000000000000000e+03,-2.158111574879395533e+00,8.292960095133746767e-01,1.754757163307983259e+00
3.440200000000000102e+01,1.625000000000000000e+03,2.000000000000000000e+03,-2.158111574879395533e+00,8.292960095133746767e-01,1.754757163307983259e+00
3.442000000000000171e+01,1.625000000000000000e+03,2.000000000000000000e+03,-2.162318561958708862e+00,8.265398815915913078e-01,1.756158704897346379e+00
3.443699999999999761e+01,1.625000000000000000e+03,2.000000000000000000e+03,-2.162318561958708862e+00,8.265398815915913078e-01,1.756158704897346379e+00
3.445400000000000063e+01,1.625000000000000000e+03,2.000000000000000000e+03,-2.166103040728120099e+00,8.245148226164539240e-01,1.745990201031965672e+00
3.447099999999999653e+01,1.625000000000000000e+03,2.000000000000000000e+03,-2.166103040728120099e+00,8.245148226164539240e-01,1.745990201031965672e+00
3.448799999999999955e+01,1.625000000000000000e+03,2.000000000000000000e+03,-2.168130166860257724e+00,8.246402665709474666e-01,1.746675783837388307e+00
3.450500000000000256e+01,1.625000000000000000e+03,2.000000000000000000e+03,-2.168130166860257724e+00,8.246402665709474666e-01,1.746675783837388307e+00
3.452199999999999847e+01,1.625000000000000000e+03,2.000000000000000000e+03,-2.177619524886016400e+00,8.199649287521232344e-01,1.727360897541810436e+00
3.453999999999999915e+01,1.625000000000000000e+03,2.000000000000000000e+03,-2.181484526098398824e+00,8.187025756787812414e-01,1.705750043192352683e+00
3.455700000000000216e+01,1.625000000000000000e+03,2.000000000000000000e+03,-2.181484526098398824e+00,8.187025756787812414e-01,1.705750043192352683e+00
3.457500000000000284e+01,1.625000000000000000e+03,2.000000000000000000e+03,-2.183416286836763476e+00,8.180716984018961968e-01,1.706828707272881829e+00
3.459199999999999875e+01,1.625000000000000000e+03,2.000000000000000000e+03,-2.183416286836763476e+00,8.180716984018961968e-01,1.706828707272881829e+00
3.460999999999999943e+01,1.625000000000000000e+03,2.000000000000000000e+03,-2.187689016353434823e+00,8.160869219366827521e-01,1.696566948610485515e+00
3.462700000000000244e+01,1.625000000000000000e+03,2.000000000000000000e+03,-2.189715212399517608e+00,8.162113864732493118e-01,1.697261828027234021e+00
3.464500000000000313e+01,1.625000000000000000e+03,2.000000000000000000e+03,-2.189715212399517608e+00,8.162113864732493118e-01,1.697261828027234021e+00
3.466199999999999903e+01,1.625000000000000000e+03,2.000000000000000000e+03,-2.191041637088213090e+00,8.147959887770998000e-01,1.685976896910209133e+00
3.467900000000000205e+01,1.625000000000000000e+03,2.000000000000000000e+03,-2.192970441288326633e+00,8.141663742820733907e-01,1.687451991859497680e+00
3.469599999999999795e+01,1.625000000000000000e+03,2.000000000000000000e+03,-2.195503108126665381e+00,8.143216999302297365e-01,1.676039714053981777e+00
3.471300000000000097e+01,1.625000000000000000e+03,2.000000000000000000e+03,-2.197234710915710654e+00,8.121857299177911438e-01,1.676673834825491038e+00
3.472999999999999687e+01,1.625000000000000000e+03,2.000000000000000000e+03,-2.199667912771320122e+00,8.115879414604120212e-01,1.677371482919537637e+00
3.474699999999999989e+01,1.625000000000000000e+03,2.000000000000000000e+03,-2.201594260095538491e+00,8.109593573934387178e-01,1.666685016564202648e+00
3.476400000000000290e+01,1.625000000000000000e+03,2.000000000000000000e+03,-2.203013751717167956e+00,8.103000260548726130e-01,1.656638140411340165e+00
3.478099999999999881e+01,1.625000000000000000e+03,2.000000000000000000e+03,-2.203013751717167956e+00,8.103000260548726130e-01,1.656638140411340165e+00
3.479800000000000182e+01,1.625000000000000000e+03,2.000000000000000000e+03,-2.204939117853364827e+00,8.096718573826954257e-01,1.657337749252922432e+00
3.481499999999999773e+01,1.625000000000000000e+03,2.000000000000000000e+03,-2.207977824947703116e+00,8.098575070449848257e-01,1.646774148939647464e+00
3.483200000000000074e+01,1.625000000000000000e+03,2.000000000000000000e+03,-2.211725045731448791e+00,8.078503199913070754e-01,1.646491732173267497e+00
3.485000000000000142e+01,1.625000000000000000e+03,2.000000000000000000e+03,-2.213443540008952048e+00,8.057221173765193312e-01,1.648776561801966078e+00
3.486699999999999733e+01,1.625000000000000000e+03,2.000000000000000000e+03,-2.213443540008952048e+00,8.057221173765193312e-01,1.648776561801966078e+00
3.488400000000000034e+01,1.625000000000000000e+03,2.000000000000000000e+03,-2.215974699239793733e+00,8.058762087550191966e-01,1.638167073029286991e+00
3.490100000000000335e+01,1.625000000000000000e+03,2.000000000000000000e+03,-2.215974699239793733e+00,8.058762087550191966e-01,1.638167073029286991e+00
3.491799999999999926e+01,1.625000000000000000e+03,2.000000000000000000e+03,-2.215974699239793733e+00,8.058762087550191966e-01,1.638167073029286991e+00
3.493500000000000227e+01,1.625000000000000000e+03,2.000000000000000000e+03,-2.220428656776713972e+00,8.054035744134434571e-01,1.616146746171838844e+00
3.495199999999999818e+01,1.625000000000000000e+03,2.000000000000000000e+03,-2.220428656776713972e+00,8.054035744134434571e-01,1.616146746171838844e+00
3.496900000000000119e+01,1.625000000000000000e+03,2.000000000000000000e+03,-2.222350112199076300e+00,8.047769411780397730e-01,1.616848801128210944e+00
3.498599999999999710e+01,1.625000000000000000e+03,2.000000000000000000e+03,-2.222350112199076300e+00,8.047769411780397730e-01,1.616848801128210944e+00
3.500300000000000011e+01,1.625000000000000000e+03,2.000000000000000000e+03,-2.238826233174029845e+00,8.005804509633839272e-01,1.587293272044246972e+00
3.502100000000000080e+01,1.625000000000000000e+03,2.000000000000000000e+03,-2.241250514594202325e+00,7.999860496444316516e-01,1.576501281234438334e+00
3.503900000000000148e+01,1.625000000000000000e+03,2.000000000000000000e+03,-2.243057522282445149e+00,7.986136290691067119e-01,1.580126309514103822e+00
3.505700000000000216e+01,1.625000000000000000e+03,2.000000000000000000e+03,-2.244863128159632737e+00,7.972423257364099625e-01,1.577720597384389301e+00
3.507399999999999807e+01,1.625000000000000000e+03,2.000000000000000000e+03,-2.247284744193208006e+00,7.966489267946917918e-01,1.566894847448701222e+00
3.509199999999999875e+01,1.625000000000000000e+03,2.000000000000000000e+03,-2.249422679488617405e+00,7.975181628983761817e-01,1.558881884068501034e+00
3.510900000000000176e+01,1.625000000000000000e+03,2.000000000000000000e+03,-2.251337822072246198e+00,7.968940110885659456e-01,1.559583278719210320e+00
3.512599999999999767e+01,1.625000000000000000e+03,2.000000000000000000e+03,-2.253139836503604165e+00,7.955238537211301031e-01,1.556751885979661187e+00
3.514300000000000068e+01,1.625000000000000000e+03,2.000000000000000000e+03,-2.256066868715984608e+00,7.949615536109558844e-01,1.545890844666724107e+00
3.515999999999999659e+01,1.625000000000000000e+03,2.000000000000000000e+03,-2.257587140981760943e+00,7.950533701734608938e-01,1.546591363582105583e+00
3.517699999999999960e+01,1.625000000000000000e+03,2.000000000000000000e+03,-2.257587140981760943e+00,7.950533701734608938e-01,1.546591363582105583e+00
3.519400000000000261e+01,1.625000000000000000e+03,2.000000000000000000e+03,-2.259386112238417343e+00,7.936845507617710238e-01,1.550819638980442505e+00
3.521099999999999852e+01,1.625000000000000000e+03,2.000000000000000000e+03,-2.261805046653501350e+00,7.930922003728485548e-01,1.551520790983952791e+00
3.522800000000000153e+01,1.625000000000000000e+03,2.000000000000000000e+03,-2.264223535798945086e+00,7.925000252834496495e-01,1.536881386472386923e+00
3.524499999999999744e+01,1.625000000000000000e+03,2.000000000000000000e+03,-2.264223535798945086e+00,7.925000252834496495e-01,1.536881386472386923e+00
3.526200000000000045e+01,1.625000000000000000e+03,2.000000000000000000e+03,-2.268668973544135881e+00,7.920301923911240438e-01,1.518755233050541831e+00
3.528000000000000114e+01,1.625000000000000000e+03,2.000000000000000000e+03,-2.268668973544135881e+00,7.920301923911240438e-01,1.518755233050541831e+00
3.529699999999999704e+01,1.625000000000000000e+03,2.000000000000000000e+03,-2.270696917987332419e+00,7.921524305099373331e-01,1.519453002322575408e+00
3.531400000000000006e+01,1.625000000000000000e+03,2.000000000000000000e+03,-2.272607729316108216e+00,7.915299674836525634e-01,1.520150949434483367e+00
3.533200000000000074e+01,1.625000000000000000e+03,2.000000000000000000e+03,-2.275413863769883527e+00,7.902246061204770688e-01,1.504848206495322582e+00
3.534899999999999665e+01,1.625000000000000000e+03,2.000000000000000000e+03,-2.277442098389578895e+00,7.903467023823506077e-01,1.505544109794686669e+00
3.536599999999999966e+01,1.625000000000000000e+03,2.000000000000000000e+03,-2.279470885341233100e+00,7.904688705275219052e-01,1.506240199436516436e+00
3.538300000000000267e+01,1.625000000000000000e+03,2.000000000000000000e+03,-2.281260369207327887e+00,7.891031266521891796e-01,1.483001049388485759e+00
3.539999999999999858e+01,1.625000000000000000e+03,2.000000000000000000e+03,-2.281260369207327887e+00,7.891031266521891796e-01,1.483001049388485759e+00
3.541799999999999926e+01,1.625000000000000000e+03,2.000000000000000000e+03,-2.285947070929267078e+00,7.901219331215431074e-01,1.479496001669140526e+00
3.543500000000000227e+01,1.625000000000000000e+03,2.000000000000000000e+03,-2.285947070929267078e+00,7.901219331215431074e-01,1.479496001669140526e+00
3.545300000000000296e+01,1.625000000000000000e+03,2.000000000000000000e+03,-2.288120148085497352e+00,7.880432844706440898e-01,1.473458035410008415e+00
3.546999999999999886e+01,1.625000000000000000e+03,2.000000000000000000e+03,-2.290657284751189238e+00,7.881958488599326573e-01,1.474148558095924155e+00
3.548700000000000188e+01,1.625000000000000000e+03,2.000000000000000000e+03,-2.303869175793583857e+00,7.860474973440002566e-01,1.442754266921884465e+00
3.550399999999999778e+01,1.625000000000000000e+03,2.000000000000000000e+03,-2.303869175793583857e+00,7.860474973440002566e-01,1.442754266921884465e+00
3.552100000000000080e+01,1.625000000000000000e+03,2.000000000000000000e+03,-2.303869175793583857e+00,7.860474973440002566e-01,1.442754266921884465e+00
3.553900000000000148e+01,1.625000000000000000e+03,2.000000000000000000e+03,-2.308314734944492130e+00,7.855794751366264039e-01,1.438085161691038172e+00
3.555599999999999739e+01,1.625000000000000000e+03,2.000000000000000000e+03,-2.310474863510605381e+00,7.864446055358317311e-01,1.420950644943652641e+00
3.557300000000000040e+01,1.625000000000000000e+03,2.000000000000000000e+03,-2.310474863510605381e+00,7.864446055358317311e-01,1.420950644943652641e+00
3.559000000000000341e+01,1.625000000000000000e+03,2.000000000000000000e+03,-2.310474863510605381e+00,7.864446055358317311e-01,1.420950644943652641e+00
3.560799999999999699e+01,1.625000000000000000e+03,2.000000000000000000e+03,-2.314794018701153977e+00,7.852338036212317407e-01,1.422307002155045685e+00
3.562599999999999767e+01,1.625000000000000000e+03,2.000000000000000000e+03,-2.314794018701153977e+00,7.852338036212317407e-01,1.422307002155045685e+00
3.564300000000000068e+01,1.625000000000000000e+03,2.000000000000000000e+03,-2.317715567083850292e+00,7.846745046818653924e-01,1.417212432458392568e+00
3.566100000000000136e+01,1.625000000000000000e+03,2.000000000000000000e+03,-2.319619781051013963e+00,7.840542933296924533e-01,1.405443698150689480e+00
3.567799999999999727e+01,1.625000000000000000e+03,2.000000000000000000e+03,-2.319619781051013963e+00,7.840542933296924533e-01,1.405443698150689480e+00
3.569500000000000028e+01,1.625000000000000000e+03,2.000000000000000000e+03,-2.323557698746885336e+00,7.835564029039964185e-01,1.406791077885524599e+00
3.571300000000000097e+01,1.625000000000000000e+03,2.000000000000000000e+03,-2.323557698746885336e+00,7.835564029039964185e-01,1.406791077885524599e+00
3.573100000000000165e+01,1.625000000000000000e+03,2.000000000000000000e+03,-2.328004503582007167e+00,7.830892245620298953e-01,1.396382555751568555e+00
3.574900000000000233e+01,1.625000000000000000e+03,2.000000000000000000e+03,-2.328004503582007167e+00,7.830892245620298953e-01,1.396382555751568555e+00
3.576599999999999824e+01,1.625000000000000000e+03,2.000000000000000000e+03,-2.330416142678070290e+00,7.825000336559216896e-01,1.397053376049644857e+00
3.578300000000000125e+01,1.625000000000000000e+03,2.000000000000000000e+03,-2.330416142678070290e+00,7.825000336559216896e-01,1.397053376049644857e+00
3.579999999999999716e+01,1.625000000000000000e+03,2.000000000000000000e+03,-2.334487913880034959e+00,7.827444976863510151e-01,1.374285297591175459e+00
3.581700000000000017e+01,1.625000000000000000e+03,2.000000000000000000e+03,-2.336899431755103507e+00,7.821554142469139270e-01,1.374948715184650228e+00
3.583500000000000085e+01,1.625000000000000000e+03,2.000000000000000000e+03,-2.339445627792846150e+00,7.823083128337390280e-01,1.368523803543400863e+00
3.585199999999999676e+01,1.625000000000000000e+03,2.000000000000000000e+03,-2.339445627792846150e+00,7.823083128337390280e-01,1.368523803543400863e+00
3.586999999999999744e+01,1.625000000000000000e+03,2.000000000000000000e+03,-2.341856913079279234e+00,7.817193653487110039e-01,1.364594885035927074e+00
3.588700000000000045e+01,1.625000000000000000e+03,2.000000000000000000e+03,-2.343894661838102245e+00,7.818417340579698616e-01,1.365254831656864010e+00
3.590400000000000347e+01,1.625000000000000000e+03,2.000000000000000000e+03,-2.346305678633351377e+00,7.812529323254261415e-01,1.365915015938971688e+00
3.592099999999999937e+01,1.625000000000000000e+03,2.000000000000000000e+03,-2.348344151039303718e+00,7.813753420819394835e-01,1.342649530091214904e+00
3.593900000000000006e+01,1.625000000000000000e+03,2.000000000000000000e+03,-2.350754902032416549e+00,7.807866868284220052e-01,1.343301104282667691e+00
3.595700000000000074e+01,1.625000000000000000e+03,2.000000000000000000e+03,-2.350754902032416549e+00,7.807866868284220052e-01,1.343301104282667691e+00
3.597399999999999665e+01,1.625000000000000000e+03,2.000000000000000000e+03,-2.352794100539967737e+00,7.809091383493523830e-01,1.343952919358401221e+00
3.599099999999999966e+01,1.625000000000000000e+03,2.000000000000000000e+03,-2.355204588508455821e+00,7.803206303035511437e-01,1.333021097921401443e+00
3.600800000000000267e+01,1.625000000000000000e+03,2.000000000000000000e+03,-2.371619890261690511e+00,7.791075774308752200e-01,1.302352170407191201e+00
3.602499999999999858e+01,1.625000000000000000e+03,2.000000000000000000e+03,-2.376583473785615741e+00,7.786730497687505137e-01,1.292192390499673937e+00
3.604099999999999682e+01,1.625000000000000000e+03,2.000000000000000000e+03,-2.378992815702039465e+00,7.780852641145800108e-01,1.292821844171024415e+00
3.605899999999999750e+01,1.625000000000000000e+03,2.000000000000000000e+03,-2.381036860141532152e+00,7.782080411539470388e-01,1.293451529843954839e+00
3.607600000000000051e+01,1.625000000000000000e+03,1.500000000000000000e+03,-2.381036860141532152e+00,7.782080411539470388e-01,1.293451529843954839e+00
3.609400000000000119e+01,1.625000000000000000e+03,1.500000000000000000e+03,-2.383592729760398043e+00,7.783616243701511062e-01,1.282691746501209096e+00
3.611099999999999710e+01,1.625000000000000000e+03,1.500000000000000000e+03,-2.386002038138358650e+00,7.777739502350212719e-01,1.283316530350109508e+00
3.612899999999999778e+01,1.625000000000000000e+03,1.500000000000000000e+03,-2.387536121132707301e+00,7.778661359057194025e-01,1.271978300019708907e+00
3.614600000000000080e+01,1.625000000000000000e+03,1.500000000000000000e+03,-2.390093652861835061e+00,7.780198789384827895e-01,1.263736138155567401e+00
3.616299999999999670e+01,1.625000000000000000e+03,1.500000000000000000e+03,-2.393014551653608102e+00,7.774630819737992082e-01,1.261927397956437824e+00
3.617999999999999972e+01,1.625000000000000000e+03,1.500000000000000000e+03,-2.395061548958642650e+00,7.775861554898503281e-01,1.262541755740758109e+00
3.619800000000000040e+01,1.625000000000000000e+03,1.500000000000000000e+03,-2.400030384322028532e+00,7.771526659973889695e-01,1.252525188156172087e+00
3.621600000000000108e+01,1.625000000000000000e+03,1.500000000000000000e+03,-2.400030384322028532e+00,7.771526659973889695e-01,1.252525188156172087e+00
3.623299999999999699e+01,1.625000000000000000e+03,1.500000000000000000e+03,-2.402439250298851192e+00,7.765654071547692938e-01,1.253134471022508523e+00
3.625000000000000000e+01,1.625000000000000000e+03,1.500000000000000000e+03,-2.404487911757511753e+00,7.766886013592758653e-01,1.253743968566268130e+00
3.626800000000000068e+01,1.625000000000000000e+03,1.500000000000000000e+03,-2.406537161051123697e+00,7.768118772890056922e-01,1.254353679062837568e+00
3.628499999999999659e+01,1.625000000000000000e+03,1.500000000000000000e+03,-2.411150126078234202e+00,7.770895481072478406e-01,1.223133488601460428e+00
3.630299999999999727e+01,1.625000000000000000e+03,1.500000000000000000e+03,-2.413714176321497540e+00,7.772439898923518831e-01,1.212510849817642233e+00
3.632000000000000028e+01,1.625000000000000000e+03,1.500000000000000000e+03,-2.416279151719780138e+00,7.773985609732391167e-01,1.213098042388709219e+00
3.633700000000000330e+01,1.625000000000000000e+03,1.500000000000000000e+03,-2.416279151719780138e+00,7.773985609732391167e-01,1.213098042388709219e+00
3.635399999999999920e+01,1.625000000000000000e+03,1.500000000000000000e+03,-2.417974618735957204e+00,7.782336660814067608e-01,1.212251490520942721e+00
3.637199999999999989e+01,1.625000000000000000e+03,1.500000000000000000e+03,-2.417974618735957204e+00,7.782336660814067608e-01,1.212251490520942721e+00
3.638900000000000290e+01,1.625000000000000000e+03,1.500000000000000000e+03,-2.420385041425997308e+00,7.776461447677821548e-01,1.214273017913713115e+00
3.640699999999999648e+01,1.625000000000000000e+03,1.500000000000000000e+03,-2.423109873304627904e+00,7.785436882086692600e-01,1.213425454039790630e+00
3.642399999999999949e+01,1.625000000000000000e+03,1.500000000000000000e+03,-2.428248858428832868e+00,7.788542347910242247e-01,1.193727719309604529e+00
3.644200000000000017e+01,1.625000000000000000e+03,1.500000000000000000e+03,-2.428248858428832868e+00,7.788542347910242247e-01,1.193727719309604529e+00
3.645900000000000318e+01,1.625000000000000000e+03,1.500000000000000000e+03,-2.432717029716896739e+00,7.783909079011271936e-01,1.194879413594167161e+00
3.647699999999999676e+01,1.625000000000000000e+03,1.500000000000000000e+03,-2.432717029716896739e+00,7.783909079011271936e-01,1.194879413594167161e+00
3.649399999999999977e+01,1.625000000000000000e+03,1.500000000000000000e+03,-2.442142877980427507e+00,7.796953596777719264e-01,1.175764943490780867e+00
3.651100000000000279e+01,1.625000000000000000e+03,1.500000000000000000e+03,-2.444203593759563198e+00,7.798203028418165816e-01,1.176329099682463131e+00
3.652799999999999869e+01,1.625000000000000000e+03,1.500000000000000000e+03,-2.447295807161443904e+00,7.800078797109818440e-01,1.165781188088456988e+00
3.654500000000000171e+01,1.625000000000000000e+03,1.500000000000000000e+03,-2.447295807161443904e+00,7.800078797109818440e-01,1.165781188088456988e+00
3.656199999999999761e+01,1.625000000000000000e+03,1.500000000000000000e+03,-2.452102139227449129e+00,7.810345222693456657e-01,1.177973902584258159e+00
3.657900000000000063e+01,1.625000000000000000e+03,1.500000000000000000e+03,-2.452102139227449129e+00,7.810345222693456657e-01,1.177973902584258159e+00
3.659700000000000131e+01,1.625000000000000000e+03,1.500000000000000000e+03,-2.456747407201406830e+00,7.813170014702847110e-01,1.179103440023035354e+00
3.661399999999999721e+01,1.625000000000000000e+03,1.500000000000000000e+03,-2.459329455675320020e+00,7.814741268629959992e-01,1.179668432946767931e+00
3.663100000000000023e+01,1.625000000000000000e+03,1.500000000000000000e+03,-2.462080698111420496e+00,7.823773408690276598e-01,1.158637524381949335e+00
3.664800000000000324e+01,1.625000000000000000e+03,1.500000000000000000e+03,-2.464665387297540811e+00,7.825349133917983702e-01,1.159189589588721869e+00
3.666599999999999682e+01,1.625000000000000000e+03,1.500000000000000000e+03,-2.466733835560828147e+00,7.826610717454124400e-01,1.159741787143470759e+00
3.668399999999999750e+01,1.625000000000000000e+03,1.500000000000000000e+03,-2.471907674774752373e+00,7.829768596936500513e-01,1.149839771415192891e+00
3.670100000000000051e+01,1.625000000000000000e+03,1.500000000000000000e+03,-2.473978301077996989e+00,7.831033324135457940e-01,1.150385371459833550e+00
3.671900000000000119e+01,1.625000000000000000e+03,1.500000000000000000e+03,-2.473978301077996989e+00,7.831033324135457940e-01,1.150385371459833550e+00
3.673599999999999710e+01,1.625000000000000000e+03,1.500000000000000000e+03,-2.478121501688313355e+00,7.855681823771959449e-01,1.140585573201901015e+00
3.675399999999999778e+01,1.625000000000000000e+03,1.500000000000000000e+03,-2.478121501688313355e+00,7.855681823771959449e-01,1.140585573201901015e+00
3.677199999999999847e+01,1.625000000000000000e+03,1.500000000000000000e+03,-2.481232840645077431e+00,7.857589184760508383e-01,1.141124793550026384e+00
3.678900000000000148e+01,1.625000000000000000e+03,1.500000000000000000e+03,-2.483826706194939060e+00,7.859180228629026876e-01,1.130808090364214369e+00
3.680599999999999739e+01,1.625000000000000000e+03,1.500000000000000000e+03,-2.485902509365523816e+00,7.860454099534840422e-01,1.142203548407035862e+00
3.682300000000000040e+01,1.625000000000000000e+03,1.500000000000000000e+03,-2.487978945698114952e+00,7.861728894263980694e-01,1.142743077925884476e+00
3.684000000000000341e+01,1.625000000000000000e+03,1.500000000000000000e+03,-2.490751718664860448e+00,7.870817600441196715e-01,1.121043752612022049e+00
3.685799999999999699e+01,1.625000000000000000e+03,1.500000000000000000e+03,-2.493349870929522982e+00,7.872415583330024669e-01,1.133091719202800274e+00
3.687599999999999767e+01,1.625000000000000000e+03,1.500000000000000000e+03,-2.495949020313703137e+00,7.874015027730086880e-01,1.133624408958739282e+00
3.689300000000000068e+01,1.625000000000000000e+03,1.500000000000000000e+03,-2.495949020313703137e+00,7.874015027730086880e-01,1.133624408958739282e+00
3.690999999999999659e+01,1.625000000000000000e+03,1.500000000000000000e+03,-2.498029059510433303e+00,7.875295639408946835e-01,1.134157180585561253e+00
3.692799999999999727e+01,1.625000000000000000e+03,1.500000000000000000e+03,-2.502891245248408225e+00,7.885686352688375811e-01,1.124845801210086593e+00
3.694500000000000028e+01,1.625000000000000000e+03,1.500000000000000000e+03,-2.502891245248408225e+00,7.885686352688375811e-01,1.124845801210086593e+00
3.696200000000000330e+01,1.625000000000000000e+03,1.500000000000000000e+03,-2.505675301687184220e+00,7.894804480320390949e-01,1.113867945833130202e+00
3.697999999999999687e+01,1.625000000000000000e+03,1.500000000000000000e+03,-2.508280521125443308e+00,7.896414217225816712e-01,1.114386679999850971e+00
3.699699999999999989e+01,1.625000000000000000e+03,1.500000000000000000e+03,-2.515242123493035109e+00,7.908128503646710827e-01,1.115943205645043568e+00
3.701500000000000057e+01,1.625000000000000000e+03,1.500000000000000000e+03,-2.520647200822957679e+00,7.918893338956748407e-01,1.105618888218197426e+00
3.703199999999999648e+01,1.625000000000000000e+03,1.500000000000000000e+03,-2.522922549218942656e+00,7.927725508872384141e-01,1.107224856200184959e+00
3.704899999999999949e+01,1.625000000000000000e+03,1.500000000000000000e+03,-2.525722842117813727e+00,7.936890939272681633e-01,1.107736915304157854e+00
3.706700000000000017e+01,1.625000000000000000e+03,1.500000000000000000e+03,-2.525722842117813727e+00,7.936890939272681633e-01,1.107736915304157854e+00
3.708400000000000318e+01,1.625000000000000000e+03,1.500000000000000000e+03,-2.528189497867415536e+00,7.953289572184146783e-01,1.096258148394885668e+00
3.710199999999999676e+01,1.625000000000000000e+03,1.500000000000000000e+03,-2.532902648229352849e+00,7.956229829383788532e-01,1.086356107224713430e+00
3.711899999999999977e+01,1.625000000000000000e+03,1.500000000000000000e+03,-2.532902648229352849e+00,7.956229829383788532e-01,1.086356107224713430e+00
3.713600000000000279e+01,1.625000000000000000e+03,1.500000000000000000e+03,-2.536046625099166896e+00,7.958192823365498603e-01,1.098274164731327440e+00
3.715400000000000347e+01,1.625000000000000000e+03,1.500000000000000000e+03,-2.537809057502006915e+00,7.966735799099177173e-01,1.100082085753945060e+00
3.717199999999999704e+01,1.625000000000000000e+03,1.500000000000000000e+03,-2.540622271307567015e+00,7.975942563633230398e-01,1.088465705502953407e+00
3.718800000000000239e+01,1.625000000000000000e+03,1.500000000000000000e+03,-2.543246556541401304e+00,7.977586248679416903e-01,1.078125744819594223e+00
3.720499999999999829e+01,1.625000000000000000e+03,1.500000000000000000e+03,-2.545871897963576380e+00,7.979231533243084096e-01,1.078614777956533155e+00
3.722200000000000131e+01,1.625000000000000000e+03,1.500000000000000000e+03,-2.548498298736542989e+00,7.980878424077558764e-01,1.079103786771934637e+00
3.724000000000000199e+01,1.625000000000000000e+03,1.500000000000000000e+03,-2.548498298736542989e+00,7.980878424077558764e-01,1.079103786771934637e+00
3.725800000000000267e+01,1.625000000000000000e+03,1.500000000000000000e+03,-2.553285708816562138e+00,8.006265372395980906e-01,1.080707497514188820e+00
3.727499999999999858e+01,1.625000000000000000e+03,1.500000000000000000e+03,-2.553285708816562138e+00,8.006265372395980906e-01,1.080707497514188820e+00
3.729200000000000159e+01,1.625000000000000000e+03,1.500000000000000000e+03,-2.558745574169178916e+00,8.017174678466273408e-01,1.070907495005887666e+00
3.731000000000000227e+01,1.625000000000000000e+03,1.500000000000000000e+03,-2.558745574169178916e+00,8.017174678466273408e-01,1.070907495005887666e+00
3.732699999999999818e+01,1.625000000000000000e+03,1.500000000000000000e+03,-2.564542419716108412e+00,8.020832448244753499e-01,1.083154038167380095e+00
3.734400000000000119e+01,1.625000000000000000e+03,1.500000000000000000e+03,-2.566850011276157861e+00,8.029768697622546858e-01,1.071008489264398289e+00
3.736099999999999710e+01,1.625000000000000000e+03,1.500000000000000000e+03,-2.569159597954276286e+00,8.038713026045419818e-01,1.071488690851617021e+00
3.737899999999999778e+01,1.625000000000000000e+03,1.500000000000000000e+03,-2.573584310064144010e+00,8.049005161086485449e-01,1.074427792412928850e+00
3.739699999999999847e+01,1.625000000000000000e+03,1.500000000000000000e+03,-2.576755316651708760e+00,8.051016763315123059e-01,1.075390930805263157e+00
3.741400000000000148e+01,1.625000000000000000e+03,1.500000000000000000e+03,-2.576755316651708760e+00,8.051016763315123059e-01,1.075390930805263157e+00
3.743099999999999739e+01,1.625000000000000000e+03,1.500000000000000000e+03,-2.582246713848747266e+00,8.062001621412783203e-01,1.063584345361972883e+00
3.744899999999999807e+01,1.625000000000000000e+03,1.500000000000000000e+03,-2.582246713848747266e+00,8.062001621412783203e-01,1.063584345361972883e+00
3.746699999999999875e+01,1.625000000000000000e+03,1.500000000000000000e+03,-2.585097113290411919e+00,8.071317795432751963e-01,1.053217962427521304e+00
3.748400000000000176e+01,1.625000000000000000e+03,1.500000000000000000e+03,-2.592603346504090744e+00,8.098645052990075532e-01,1.055249639252769711e+00
3.750200000000000244e+01,1.625000000000000000e+03,1.500000000000000000e+03,-2.595257064988361950e+00,8.100342269255403904e-01,1.055713754742940269e+00
3.752000000000000313e+01,1.625000000000000000e+03,1.500000000000000000e+03,-2.597380852639298521e+00,8.101701316330253144e-01,1.056177743197172836e+00
3.753799999999999670e+01,1.625000000000000000e+03,1.500000000000000000e+03,-2.600244842845691018e+00,8.111060958883761218e-01,1.043388330385787377e+00
3.755499999999999972e+01,1.625000000000000000e+03,1.500000000000000000e+03,-2.602998079180695257e+00,8.135431111692775774e-01,1.057747879126717860e+00
3.757300000000000040e+01,1.625000000000000000e+03,1.500000000000000000e+03,-2.602998079180695257e+00,8.135431111692775774e-01,1.057747879126717860e+00
3.759000000000000341e+01,1.625000000000000000e+03,1.500000000000000000e+03,-2.606191215513900428e+00,8.137484721136590826e-01,1.047420005889732497e+00
3.760799999999999699e+01,1.625000000000000000e+03,1.500000000000000000e+03,-2.608320890012474358e+00,8.138855243521213589e-01,1.047875775124124775e+00
3.762500000000000000e+01,1.625000000000000000e+03,1.500000000000000000e+03,-2.610451300416042564e+00,8.140226930372388425e-01,1.048331385638531454e+00
3.764200000000000301e+01,1.625000000000000000e+03,1.500000000000000000e+03,-2.614073094391725860e+00,8.157660558640059678e-01,1.049433114923892463e+00
3.765899999999999892e+01,1.625000000000000000e+03,1.500000000000000000e+03,-2.616419754441079881e+00,8.166732934297017410e-01,1.049888877689203026e+00
3.767600000000000193e+01,1.625000000000000000e+03,1.500000000000000000e+03,-2.618768496983495009e+00,8.175813712771003994e-01,1.050344469502580536e+00
3.769299999999999784e+01,1.625000000000000000e+03,1.500000000000000000e+03,-2.621973063702541573e+00,8.177888793354805008e-01,1.040069201344485217e+00
3.771099999999999852e+01,1.625000000000000000e+03,1.500000000000000000e+03,-2.626897314726902355e+00,8.203802155565392829e-01,1.041613289168872303e+00
3.772699999999999676e+01,1.625000000000000000e+03,1.500000000000000000e+03,-2.629037977952179084e+00,8.205194070478408763e-01,1.042060396408685641e+00
3.774499999999999744e+01,1.625000000000000000e+03,1.500000000000000000e+03,-2.629037977952179084e+00,8.205194070478408763e-01,1.042060396408685641e+00
3.776200000000000045e+01,1.625000000000000000e+03,1.500000000000000000e+03,-2.633222521519104298e+00,8.223090549089410173e-01,1.040275548237307168e+00
3.777900000000000347e+01,1.625000000000000000e+03,1.500000000000000000e+03,-2.637730949804631742e+00,8.233626786443971612e-01,1.044053263864368031e+00
3.779599999999999937e+01,1.625000000000000000e+03,1.500000000000000000e+03,-2.637730949804631742e+00,8.233626786443971612e-01,1.044053263864368031e+00
3.781400000000000006e+01,1.625000000000000000e+03,1.500000000000000000e+03,-2.639560756495506588e+00,8.242422099641059097e-01,1.044500008267058577e+00
3.783100000000000307e+01,1.625000000000000000e+03,1.500000000000000000e+03,-2.643540573810041483e+00,8.252632069373421198e-01,1.031835505318486668e+00
3.784799999999999898e+01,1.625000000000000000e+03,1.500000000000000000e+03,-2.645689876758474224e+00,8.254040732341915154e-01,1.032271389609600076e+00
3.786500000000000199e+01,1.625000000000000000e+03,1.500000000000000000e+03,-2.648823721146094101e+00,8.271324190922074715e-01,1.035792917068888874e+00
3.788199999999999790e+01,1.625000000000000000e+03,1.500000000000000000e+03,-2.654116905767550438e+00,8.290053832268456935e-01,1.034235151675008790e+00
3.789900000000000091e+01,1.625000000000000000e+03,1.500000000000000000e+03,-2.657350162030529983e+00,8.292185373052735065e-01,1.023871069772866571e+00
3.791599999999999682e+01,1.625000000000000000e+03,1.500000000000000000e+03,-2.659506653611577232e+00,8.293608019671062648e-01,1.024297629499260509e+00
3.793399999999999750e+01,1.625000000000000000e+03,1.500000000000000000e+03,-2.662345557151158282e+00,8.318397740599486889e-01,1.039076450642038463e+00
3.795100000000000051e+01,1.625000000000000000e+03,1.500000000000000000e+03,-2.665273870030882897e+00,8.327984584964481796e-01,1.025810422962877055e+00
3.796800000000000352e+01,1.625000000000000000e+03,1.500000000000000000e+03,-2.665273870030882897e+00,8.327984584964481796e-01,1.025810422962877055e+00
3.798499999999999943e+01,1.625000000000000000e+03,1.500000000000000000e+03,-2.672993570356338555e+00,8.356086144189470710e-01,1.027750638313241316e+00
3.800300000000000011e+01,1.625000000000000000e+03,1.500000000000000000e+03,-2.672993570356338555e+00,8.356086144189470710e-01,1.027750638313241316e+00
