timestamp,u_propeller_pwm,u_rudder_pwm,x,y,yaw
1.600000000000000033e-02,1.500000000000000000e+03,1.500000000000000000e+03,nan,nan,nan
3.400000000000000244e-02,1.500000000000000000e+03,1.500000000000000000e+03,nan,nan,nan
5.099999999999999672e-02,1.500000000000000000e+03,1.500000000000000000e+03,nan,nan,nan
6.800000000000000488e-02,1.500000000000000000e+03,1.500000000000000000e+03,nan,nan,nan
8.500000000000000611e-02,1.500000000000000000e+03,1.500000000000000000e+03,nan,nan,nan
1.019999999999999934e-01,1.500000000000000000e+03,1.500000000000000000e+03,nan,nan,nan
1.189999999999999947e-01,1.500000000000000000e+03,1.500000000000000000e+03,nan,nan,nan
1.360000000000000098e-01,1.500000000000000000e+03,1.500000000000000000e+03,nan,nan,nan
1.529999999999999971e-01,1.500000000000000000e+03,1.500000000000000000e+03,nan,nan,nan
1.700000000000000122e-01,1.500000000000000000e+03,1.500000000000000000e+03,nan,nan,nan
1.880000000000000004e-01,1.500000000000000000e+03,1.500000000000000000e+03,nan,nan,nan
2.049999999999999878e-01,1.500000000000000000e+03,1.500000000000000000e+03,nan,nan,nan
2.220000000000000029e-01,1.500000000000000000e+03,1.500000000000000000e+03,nan,nan,nan
2.399999999999999911e-01,1.500000000000000000e+03,1.500000000000000000e+03,nan,nan,nan
2.580000000000000071e-01,1.500000000000000000e+03,1.500000000000000000e+03,nan,nan,nan
2.750000000000000222e-01,1.500000000000000000e+03,1.500000000000000000e+03,nan,nan,nan
2.919999999999999818e-01,1.500000000000000000e+03,1.500000000000000000e+03,nan,nan,nan
3.099999999999999978e-01,1.500000000000000000e+03,1.500000000000000000e+03,nan,nan,nan
3.260000000000000120e-01,1.500000000000000000e+03,1.500000000000000000e+03,nan,nan,nan
3.439999999999999725e-01,1.500000000000000000e+03,1.500000000000000000e+03,nan,nan,nan
3.609999999999999876e-01,1.500000000000000000e+03,1.500000000000000000e+03,nan,nan,nan
3.780000000000000027e-01,1.500000000000000000e+03,1.500000000000000000e+03,nan,nan,nan
3.950000000000000178e-01,1.500000000000000000e+03,1.500000000000000000e+03,nan,nan,nan
4.119999999999999774e-01,1.500000000000000000e+03,1.500000000000000000e+03,nan,nan,nan
4.289999999999999925e-01,1.500000000000000000e+03,1.500000000000000000e+03,nan,nan,nan
4.460000000000000075e-01,1.500000000000000000e+03,1.500000000000000000e+03,nan,nan,nan
4.630000000000000226e-01,1.500000000000000000e+03,1.500000000000000000e+03,nan,nan,nan
4.809999999999999831e-01,1.500000000000000000e+03,1.500000000000000000e+03,nan,nan,nan
4.979999999999999982e-01,1.500000000000000000e+03,1.500000000000000000e+03,nan,nan,nan
5.150000000000000133e-01,1.500000000000000000e+03,1.500000000000000000e+03,nan,nan,nan
5.330000000000000293e-01,1.500000000000000000e+03,1.500000000000000000e+03,nan,nan,nan
5.500000000000000444e-01,1.500000000000000000e+03,1.500000000000000000e+03,nan,nan,nan
5.679999999999999494e-01,1.500000000000000000e+03,1.500000000000000000e+03,nan,nan,nan
5.849999999999999645e-01,1.500000000000000000e+03,1.500000000000000000e+03,nan,nan,nan
6.019999999999999796e-01,1.500000000000000000e+03,1.500000000000000000e+03,nan,nan,nan
6.189999999999999947e-01,1.500000000000000000e+03,1.500000000000000000e+03,nan,nan,nan
6.370000000000000107e-01,1.500000000000000000e+03,1.500000000000000000e+03,nan,nan,nan
6.540000000000000258e-01,1.500000000000000000e+03,1.500000000000000000e+03,nan,nan,nan
6.710000000000000409e-01,1.500000000000000000e+03,1.500000000000000000e+03,nan,nan,nan
6.879999999999999449e-01,1.500000000000000000e+03,1.500000000000000000e+03,nan,nan,nan
7.059999999999999609e-01,1.500000000000000000e+03,1.500000000000000000e+03,nan,nan,nan
7.229999999999999760e-01,1.500000000000000000e+03,1.500000000000000000e+03,nan,nan,nan
7.399999999999999911e-01,1.500000000000000000e+03,1.500000000000000000e+03,nan,nan,nan
7.570000000000000062e-01,1.500000000000000000e+03,1.500000000000000000e+03,nan,nan,nan
7.740000000000000213e-01,1.500000000000000000e+03,1.500000000000000000e+03,nan,nan,nan
7.910000000000000364e-01,1.500000000000000000e+03,1.500000000000000000e+03,nan,nan,nan
8.090000000000000524e-01,1.500000000000000000e+03,1.500000000000000000e+03,nan,nan,nan
8.269999999999999574e-01,1.500000000000000000e+03,1.500000000000000000e+03,nan,nan,nan
8.459999999999999742e-01,1.500000000000000000e+03,1.500000000000000000e+03,nan,nan,nan
8.629999999999999893e-01,1.500000000000000000e+03,1.500000000000000000e+03,nan,nan,nan
8.820000000000000062e-01,1.675000000000000000e+03,1.500000000000000000e+03,nan,nan,nan
8.990000000000000213e-01,1.675000000000000000e+03,1.500000000000000000e+03,nan,nan,nan
9.160000000000000364e-01,1.675000000000000000e+03,1.500000000000000000e+03,nan,nan,nan
9.330000000000000515e-01,1.675000000000000000e+03,1.500000000000000000e+03,nan,nan,nan
9.499999999999999556e-01,1.675000000000000000e+03,1.500000000000000000e+03,nan,nan,nan
9.669999999999999707e-01,1.675000000000000000e+03,1.500000000000000000e+03,nan,nan,nan
9.839999999999999858e-01,1.675000000000000000e+03,1.500000000000000000e+03,nan,nan,nan
1.000999999999999890e+00,1.675000000000000000e+03,1.500000000000000000e+03,nan,nan,nan
1.018000000000000016e+00,1.675000000000000000e+03,1.500000000000000000e+03,nan,nan,nan
1.034999999999999920e+00,1.675000000000000000e+03,1.500000000000000000e+03,nan,nan,nan
1.052000000000000046e+00,1.675000000000000000e+03,1.500000000000000000e+03,nan,nan,nan
1.068999999999999950e+00,1.675000000000000000e+03,1.500000000000000000e+03,nan,nan,nan
1.086000000000000076e+00,1.675000000000000000e+03,1.500000000000000000e+03,nan,nan,nan
1.104000000000000092e+00,1.675000000000000000e+03,1.500000000000000000e+03,nan,nan,nan
1.120999999999999996e+00,1.675000000000000000e+03,1.500000000000000000e+03,nan,nan,nan
1.139999999999999902e+00,1.675000000000000000e+03,1.500000000000000000e+03,nan,nan,nan
1.157000000000000028e+00,1.675000000000000000e+03,1.500000000000000000e+03,nan,nan,nan
1.173999999999999932e+00,1.675000000000000000e+03,1.500000000000000000e+03,nan,nan,nan
1.191000000000000059e+00,1.675000000000000000e+03,1.500000000000000000e+03,nan,nan,nan
1.209000000000000075e+00,1.675000000000000000e+03,1.500000000000000000e+03,nan,nan,nan
1.227000000000000091e+00,1.675000000000000000e+03,1.500000000000000000e+03,nan,nan,nan
1.243999999999999995e+00,1.675000000000000000e+03,1.500000000000000000e+03,nan,nan,nan
1.260999999999999899e+00,1.675000000000000000e+03,1.500000000000000000e+03,nan,nan,nan
1.278000000000000025e+00,1.675000000000000000e+03,1.500000000000000000e+03,nan,nan,nan
1.294999999999999929e+00,1.675000000000000000e+03,1.500000000000000000e+03,nan,nan,nan
1.312999999999999945e+00,1.675000000000000000e+03,1.500000000000000000e+03,nan,nan,nan
1.330000000000000071e+00,1.675000000000000000e+03,1.500000000000000000e+03,nan,nan,nan
1.346999999999999975e+00,1.675000000000000000e+03,1.500000000000000000e+03,nan,nan,nan
1.364000000000000101e+00,1.675000000000000000e+03,1.500000000000000000e+03,nan,nan,nan
1.381000000000000005e+00,1.675000000000000000e+03,1.500000000000000000e+03,nan,nan,nan
1.397999999999999909e+00,1.675000000000000000e+03,1.500000000000000000e+03,nan,nan,nan
1.415000000000000036e+00,1.675000000000000000e+03,1.500000000000000000e+03,nan,nan,nan
1.431999999999999940e+00,1.675000000000000000e+03,1.500000000000000000e+03,nan,nan,nan
1.449000000000000066e+00,1.675000000000000000e+03,1.500000000000000000e+03,nan,nan,nan
1.465999999999999970e+00,1.675000000000000000e+03,1.500000000000000000e+03,nan,nan,nan
1.483000000000000096e+00,1.675000000000000000e+03,1.500000000000000000e+03,nan,nan,nan
1.500000000000000000e+00,1.675000000000000000e+03,1.500000000000000000e+03,nan,nan,nan
1.516999999999999904e+00,1.675000000000000000e+03,1.500000000000000000e+03,nan,nan,nan
1.534000000000000030e+00,1.675000000000000000e+03,1.500000000000000000e+03,nan,nan,nan
1.550999999999999934e+00,1.675000000000000000e+03,1.500000000000000000e+03,nan,nan,nan
1.568000000000000060e+00,1.675000000000000000e+03,1.500000000000000000e+03,nan,nan,nan
1.586000000000000076e+00,1.675000000000000000e+03,1.500000000000000000e+03,nan,nan,nan
1.602999999999999980e+00,1.675000000000000000e+03,1.500000000000000000e+03,nan,nan,nan
1.620000000000000107e+00,1.675000000000000000e+03,1.500000000000000000e+03,1.922705267709616583e+00,-1.350071275878181876e+00,1.889918212202638115e+00
1.637000000000000011e+00,1.675000000000000000e+03,1.500000000000000000e+03,1.922705267709616583e+00,-1.350071275878181876e+00,1.889918212202638115e+00
1.653999999999999915e+00,1.675000000000000000e+03,1.500000000000000000e+03,1.922705267709616583e+00,-1.350071275878181876e+00,1.889918212202638115e+00
1.671999999999999931e+00,1.675000000000000000e+03,1.500000000000000000e+03,1.920018110387805343e+00,-1.350646500060859623e+00,1.890417043299385647e+00
1.689000000000000057e+00,1.675000000000000000e+03,1.500000000000000000e+03,1.920018110387805343e+00,-1.350646500060859623e+00,1.890417043299385647e+00
1.705999999999999961e+00,1.675000000000000000e+03,1.500000000000000000e+03,1.919416408199519530e+00,-1.350620223515898388e+00,1.890666402690567294e+00
1.723999999999999977e+00,1.675000000000000000e+03,1.500000000000000000e+03,1.919416408199519530e+00,-1.350620223515898388e+00,1.890666402690567294e+00
1.741000000000000103e+00,1.675000000000000000e+03,1.500000000000000000e+03,1.916106857962671661e+00,-1.350475670013638663e+00,1.886344954365918536e+00
1.758000000000000007e+00,1.675000000000000000e+03,1.500000000000000000e+03,1.916106857962671661e+00,-1.350475670013638663e+00,1.886344954365918536e+00
1.774999999999999911e+00,1.675000000000000000e+03,1.500000000000000000e+03,1.915204198049993201e+00,-1.350436236795262257e+00,1.886595039271907748e+00
1.792000000000000037e+00,1.675000000000000000e+03,1.500000000000000000e+03,1.915204198049993201e+00,-1.350436236795262257e+00,1.886595039271907748e+00
1.808999999999999941e+00,1.675000000000000000e+03,1.500000000000000000e+03,1.915204198049993201e+00,-1.350436236795262257e+00,1.886595039271907748e+00
1.826000000000000068e+00,1.675000000000000000e+03,1.500000000000000000e+03,1.914301514424049389e+00,-1.350396799495132694e+00,1.886845086917167125e+00
1.842999999999999972e+00,1.675000000000000000e+03,1.500000000000000000e+03,1.914301514424049389e+00,-1.350396799495132694e+00,1.886845086917167125e+00
1.860000000000000098e+00,1.675000000000000000e+03,1.500000000000000000e+03,1.907959315568837466e+00,-1.349426925676867395e+00,1.888094764984638463e+00
1.877000000000000002e+00,1.675000000000000000e+03,1.500000000000000000e+03,1.907959315568837466e+00,-1.349426925676867395e+00,1.888094764984638463e+00
1.897999999999999909e+00,1.675000000000000000e+03,1.500000000000000000e+03,1.907959315568837466e+00,-1.349426925676867395e+00,1.888094764984638463e+00
1.929999999999999938e+00,1.675000000000000000e+03,1.500000000000000000e+03,1.907959315568837466e+00,-1.349426925676867395e+00,1.888094764984638463e+00
1.951999999999999957e+00,1.675000000000000000e+03,1.500000000000000000e+03,1.907959315568837466e+00,-1.349426925676867395e+00,1.888094764984638463e+00
1.969000000000000083e+00,1.675000000000000000e+03,1.500000000000000000e+03,1.907959315568837466e+00,-1.349426925676867395e+00,1.888094764984638463e+00
1.985999999999999988e+00,1.675000000000000000e+03,1.500000000000000000e+03,1.905226993812316749e+00,-1.348614489462198307e+00,1.886880125010842013e+00
2.003000000000000114e+00,1.675000000000000000e+03,1.500000000000000000e+03,1.905226993812316749e+00,-1.348614489462198307e+00,1.886880125010842013e+00
2.040000000000000036e+00,1.675000000000000000e+03,1.500000000000000000e+03,1.905226993812316749e+00,-1.348614489462198307e+00,1.886880125010842013e+00
2.065999999999999837e+00,1.675000000000000000e+03,1.500000000000000000e+03,1.905226993812316749e+00,-1.348614489462198307e+00,1.886880125010842013e+00
2.083000000000000185e+00,1.675000000000000000e+03,1.500000000000000000e+03,nan,nan,nan
2.100000000000000089e+00,1.675000000000000000e+03,1.500000000000000000e+03,nan,nan,nan
2.116999999999999993e+00,1.675000000000000000e+03,1.500000000000000000e+03,1.900963920117044070e+00,-1.347041310835607852e+00,1.882573560609763996e+00
2.133999999999999897e+00,1.675000000000000000e+03,1.500000000000000000e+03,1.900963920117044070e+00,-1.347041310835607852e+00,1.882573560609763996e+00
2.164000000000000146e+00,1.675000000000000000e+03,1.500000000000000000e+03,1.899433703905966109e+00,-1.346280634635127260e+00,1.882824359206628051e+00
2.182999999999999829e+00,1.675000000000000000e+03,1.500000000000000000e+03,1.897349222029432125e+00,-1.346883035517997040e+00,1.883325844689948569e+00
2.201000000000000068e+00,1.675000000000000000e+03,1.500000000000000000e+03,1.897349222029432125e+00,-1.346883035517997040e+00,1.883325844689948569e+00
2.217999999999999972e+00,1.675000000000000000e+03,1.500000000000000000e+03,1.897349222029432125e+00,-1.346883035517997040e+00,1.883325844689948569e+00
2.233999999999999986e+00,1.675000000000000000e+03,1.500000000000000000e+03,1.897349222029432125e+00,-1.346883035517997040e+00,1.883325844689948569e+00
2.251999999999999780e+00,1.675000000000000000e+03,1.500000000000000000e+03,1.897349222029432125e+00,-1.346883035517997040e+00,1.883325844689948569e+00
2.269000000000000128e+00,1.675000000000000000e+03,1.500000000000000000e+03,1.895240471830902607e+00,-1.346790678505854544e+00,1.888717861835279566e+00
2.286000000000000032e+00,1.675000000000000000e+03,1.500000000000000000e+03,1.895240471830902607e+00,-1.346790678505854544e+00,1.888717861835279566e+00
2.302999999999999936e+00,1.675000000000000000e+03,1.500000000000000000e+03,1.890067380640727990e+00,-1.345176276121297754e+00,1.887959082383244169e+00
2.321000000000000174e+00,1.675000000000000000e+03,1.500000000000000000e+03,1.890067380640727990e+00,-1.345176276121297754e+00,1.887959082383244169e+00
2.338000000000000078e+00,1.675000000000000000e+03,1.500000000000000000e+03,1.890067380640727990e+00,-1.345176276121297754e+00,1.887959082383244169e+00
2.354999999999999982e+00,1.675000000000000000e+03,1.500000000000000000e+03,1.888861752446461484e+00,-1.345123419275025878e+00,1.888209004597535046e+00
2.371999999999999886e+00,1.675000000000000000e+03,1.500000000000000000e+03,1.888861752446461484e+00,-1.345123419275025878e+00,1.888209004597535046e+00
2.388999999999999790e+00,1.675000000000000000e+03,1.500000000000000000e+03,1.869681703423843988e+00,-1.347057292980248899e+00,1.882198243981973995e+00
2.406000000000000139e+00,1.675000000000000000e+03,1.500000000000000000e+03,1.869681703423843988e+00,-1.347057292980248899e+00,1.882198243981973995e+00
2.424999999999999822e+00,1.675000000000000000e+03,1.500000000000000000e+03,1.868476128761628274e+00,-1.347004399315367973e+00,1.879282005046999160e+00
2.442000000000000171e+00,1.675000000000000000e+03,1.500000000000000000e+03,1.868476128761628274e+00,-1.347004399315367973e+00,1.879282005046999160e+00
2.459000000000000075e+00,1.675000000000000000e+03,1.500000000000000000e+03,1.868476128761628274e+00,-1.347004399315367973e+00,1.879282005046999160e+00
2.475999999999999979e+00,1.675000000000000000e+03,1.500000000000000000e+03,1.864587469653014029e+00,-1.347527111493893148e+00,1.872226022856277483e+00
2.492999999999999883e+00,1.675000000000000000e+03,1.500000000000000000e+03,1.864587469653014029e+00,-1.347527111493893148e+00,1.872226022856277483e+00
2.509999999999999787e+00,1.675000000000000000e+03,1.500000000000000000e+03,1.864587469653014029e+00,-1.347527111493893148e+00,1.872226022856277483e+00
2.528000000000000025e+00,1.675000000000000000e+03,1.500000000000000000e+03,1.864587469653014029e+00,-1.347527111493893148e+00,1.872226022856277483e+00
2.544999999999999929e+00,1.675000000000000000e+03,1.500000000000000000e+03,1.864587469653014029e+00,-1.347527111493893148e+00,1.872226022856277483e+00
2.561999999999999833e+00,1.675000000000000000e+03,1.500000000000000000e+03,1.864587469653014029e+00,-1.347527111493893148e+00,1.872226022856277483e+00
2.579000000000000181e+00,1.675000000000000000e+03,1.500000000000000000e+03,1.858559232730395916e+00,-1.347262530229468513e+00,1.873489119100518963e+00
2.596000000000000085e+00,1.675000000000000000e+03,1.500000000000000000e+03,1.858559232730395916e+00,-1.347262530229468513e+00,1.873489119100518963e+00
2.612999999999999989e+00,1.675000000000000000e+03,1.500000000000000000e+03,1.855877331939182806e+00,-1.347838003291664588e+00,1.869111607313331591e+00
2.630999999999999783e+00,1.675000000000000000e+03,1.500000000000000000e+03,1.855877331939182806e+00,-1.347838003291664588e+00,1.869111607313331591e+00
2.648000000000000131e+00,1.675000000000000000e+03,1.500000000000000000e+03,1.850720923458726297e+00,-1.346918318377842372e+00,1.865227912287000800e+00
2.665000000000000036e+00,1.675000000000000000e+03,1.500000000000000000e+03,1.850720923458726297e+00,-1.346918318377842372e+00,1.865227912287000800e+00
2.681999999999999940e+00,1.675000000000000000e+03,1.500000000000000000e+03,1.849547045960898473e+00,-1.347560036126421945e+00,1.865481805275997385e+00
2.698999999999999844e+00,1.675000000000000000e+03,1.500000000000000000e+03,1.849547045960898473e+00,-1.347560036126421945e+00,1.865481805275997385e+00
2.717000000000000082e+00,1.675000000000000000e+03,1.500000000000000000e+03,1.849547045960898473e+00,-1.347560036126421945e+00,1.865481805275997385e+00
2.734999999999999876e+00,1.675000000000000000e+03,1.500000000000000000e+03,1.842579221355422847e+00,-1.346560563971294311e+00,1.861842009305675560e+00
2.751999999999999780e+00,1.675000000000000000e+03,1.500000000000000000e+03,1.840468090002965962e+00,-1.346467762742168173e+00,1.862350905471111595e+00
2.769000000000000128e+00,1.675000000000000000e+03,1.500000000000000000e+03,1.840468090002965962e+00,-1.346467762742168173e+00,1.862350905471111595e+00
2.786000000000000032e+00,1.675000000000000000e+03,1.500000000000000000e+03,1.840468090002965962e+00,-1.346467762742168173e+00,1.862350905471111595e+00
2.803999999999999826e+00,1.675000000000000000e+03,1.500000000000000000e+03,1.838356826882154405e+00,-1.346374941009069737e+00,1.867765185291790253e+00
2.821000000000000174e+00,1.675000000000000000e+03,1.500000000000000000e+03,1.838356826882154405e+00,-1.346374941009069737e+00,1.867765185291790253e+00
2.838000000000000078e+00,1.675000000000000000e+03,1.500000000000000000e+03,1.830780317266667234e+00,-1.345348026057013424e+00,1.864385022569400752e+00
2.854999999999999982e+00,1.675000000000000000e+03,1.500000000000000000e+03,1.824745088051209718e+00,-1.345082399036840126e+00,1.863393991824420670e+00
2.871999999999999886e+00,1.675000000000000000e+03,1.500000000000000000e+03,1.824745088051209718e+00,-1.345082399036840126e+00,1.863393991824420670e+00
2.888999999999999790e+00,1.675000000000000000e+03,1.500000000000000000e+03,1.819010620165143255e+00,-1.344829901978384257e+00,1.864410883709931355e+00
2.906000000000000139e+00,1.675000000000000000e+03,1.500000000000000000e+03,1.819010620165143255e+00,-1.344829901978384257e+00,1.864410883709931355e+00
2.924999999999999822e+00,1.675000000000000000e+03,1.500000000000000000e+03,1.816897675578895477e+00,-1.344736839842892273e+00,1.864919107073376825e+00
2.942000000000000171e+00,1.675000000000000000e+03,1.500000000000000000e+03,1.816897675578895477e+00,-1.344736839842892273e+00,1.864919107073376825e+00
2.959000000000000075e+00,1.675000000000000000e+03,1.500000000000000000e+03,1.814746794799827256e+00,-1.343948018282228318e+00,1.868141919093905479e+00
2.975999999999999979e+00,1.675000000000000000e+03,1.500000000000000000e+03,1.814746794799827256e+00,-1.343948018282228318e+00,1.868141919093905479e+00
2.992999999999999883e+00,1.675000000000000000e+03,1.500000000000000000e+03,1.812633243592940202e+00,-1.343854880567953547e+00,1.863359327498242068e+00
3.009999999999999787e+00,1.675000000000000000e+03,1.500000000000000000e+03,1.812633243592940202e+00,-1.343854880567953547e+00,1.863359327498242068e+00
3.027000000000000135e+00,1.675000000000000000e+03,1.500000000000000000e+03,1.806856707927178451e+00,-1.342905881613297492e+00,1.869662589630347815e+00
3.044000000000000039e+00,1.675000000000000000e+03,1.500000000000000000e+03,1.804702882567833733e+00,-1.342116277022193049e+00,1.862498438324639682e+00
3.060999999999999943e+00,1.675000000000000000e+03,1.500000000000000000e+03,1.804702882567833733e+00,-1.342116277022193049e+00,1.862498438324639682e+00
3.077999999999999847e+00,1.675000000000000000e+03,1.500000000000000000e+03,1.802548227731015196e+00,-1.341326356462362757e+00,1.865256663264410752e+00
3.095000000000000195e+00,1.675000000000000000e+03,1.500000000000000000e+03,1.802548227731015196e+00,-1.341326356462362757e+00,1.865256663264410752e+00
3.112999999999999989e+00,1.675000000000000000e+03,1.500000000000000000e+03,1.794086085247064810e+00,-1.340952812487360646e+00,1.867034139670606496e+00
3.129999999999999893e+00,1.675000000000000000e+03,1.500000000000000000e+03,1.794086085247064810e+00,-1.340952812487360646e+00,1.867034139670606496e+00
3.146999999999999797e+00,1.675000000000000000e+03,1.500000000000000000e+03,1.791928698566324307e+00,-1.340162354836482272e+00,1.859791982067069416e+00
3.164000000000000146e+00,1.675000000000000000e+03,1.500000000000000000e+03,1.791928698566324307e+00,-1.340162354836482272e+00,1.859791982067069416e+00
3.182999999999999829e+00,1.675000000000000000e+03,1.500000000000000000e+03,1.789510008532036345e+00,-1.340055509148710300e+00,1.860301828610001040e+00
3.198999999999999844e+00,1.675000000000000000e+03,1.500000000000000000e+03,1.789510008532036345e+00,-1.340055509148710300e+00,1.860301828610001040e+00
3.216000000000000192e+00,1.675000000000000000e+03,1.500000000000000000e+03,1.789510008532036345e+00,-1.340055509148710300e+00,1.860301828610001040e+00
3.233000000000000096e+00,1.675000000000000000e+03,1.500000000000000000e+03,1.789510008532036345e+00,-1.340055509148710300e+00,1.860301828610001040e+00
3.251999999999999780e+00,1.675000000000000000e+03,1.500000000000000000e+03,1.781345643126755141e+00,-1.339694724569541417e+00,1.856703760230203004e+00
3.269000000000000128e+00,1.675000000000000000e+03,1.500000000000000000e+03,1.779228631548753548e+00,-1.339601142796667421e+00,1.857214636831246102e+00
3.285000000000000142e+00,1.675000000000000000e+03,1.500000000000000000e+03,1.779228631548753548e+00,-1.339601142796667421e+00,1.857214636831246102e+00
3.302000000000000046e+00,1.675000000000000000e+03,1.500000000000000000e+03,1.776809026143167269e+00,-1.339494169699584347e+00,1.857725364647253352e+00
3.318999999999999950e+00,1.675000000000000000e+03,1.500000000000000000e+03,1.776809026143167269e+00,-1.339494169699584347e+00,1.857725364647253352e+00
3.335999999999999854e+00,1.675000000000000000e+03,1.500000000000000000e+03,1.760867833150831396e+00,-1.340179764033592846e+00,1.842987993946445524e+00
3.353000000000000203e+00,1.675000000000000000e+03,1.500000000000000000e+03,1.760867833150831396e+00,-1.340179764033592846e+00,1.842987993946445524e+00
3.370999999999999996e+00,1.675000000000000000e+03,1.500000000000000000e+03,1.758447678745824527e+00,-1.340072694803295050e+00,1.843503196067123318e+00
3.387999999999999901e+00,1.675000000000000000e+03,1.500000000000000000e+03,1.758447678745824527e+00,-1.340072694803295050e+00,1.843503196067123318e+00
3.404999999999999805e+00,1.675000000000000000e+03,1.500000000000000000e+03,1.756027349387691672e+00,-1.339965602697594793e+00,1.844018252797601232e+00
3.422000000000000153e+00,1.675000000000000000e+03,1.500000000000000000e+03,1.756027349387691672e+00,-1.339965602697594793e+00,1.844018252797601232e+00
3.439000000000000057e+00,1.675000000000000000e+03,1.500000000000000000e+03,1.746139485038474604e+00,-1.340918104104086961e+00,1.843791130430437297e+00
3.455999999999999961e+00,1.675000000000000000e+03,1.500000000000000000e+03,1.746139485038474604e+00,-1.340918104104086961e+00,1.843791130430437297e+00
3.472999999999999865e+00,1.675000000000000000e+03,1.500000000000000000e+03,1.746139485038474604e+00,-1.340918104104086961e+00,1.843791130430437297e+00
3.490000000000000213e+00,1.675000000000000000e+03,1.500000000000000000e+03,1.746139485038474604e+00,-1.340918104104086961e+00,1.843791130430437297e+00
3.507000000000000117e+00,1.675000000000000000e+03,1.500000000000000000e+03,1.743416474307276642e+00,-1.340797587349869424e+00,1.839252153610382967e+00
3.523000000000000131e+00,1.675000000000000000e+03,1.500000000000000000e+03,1.743416474307276642e+00,-1.340797587349869424e+00,1.839252153610382967e+00
3.540999999999999925e+00,1.675000000000000000e+03,1.500000000000000000e+03,1.734035517563228490e+00,-1.340382262224806720e+00,1.835993465522984591e+00
3.557999999999999829e+00,1.675000000000000000e+03,1.500000000000000000e+03,1.734035517563228490e+00,-1.340382262224806720e+00,1.835993465522984591e+00
3.575000000000000178e+00,1.675000000000000000e+03,1.500000000000000000e+03,1.729192703331684067e+00,-1.340167774399532608e+00,1.837028096031671165e+00
3.592000000000000082e+00,1.675000000000000000e+03,1.500000000000000000e+03,1.729192703331684067e+00,-1.340167774399532608e+00,1.837028096031671165e+00
3.608999999999999986e+00,1.675000000000000000e+03,1.500000000000000000e+03,1.729192703331684067e+00,-1.340167774399532608e+00,1.837028096031671165e+00
3.625999999999999890e+00,1.675000000000000000e+03,1.500000000000000000e+03,1.729192703331684067e+00,-1.340167774399532608e+00,1.837028096031671165e+00
3.642999999999999794e+00,1.675000000000000000e+03,1.500000000000000000e+03,1.718133483110931392e+00,-1.337591366267104842e+00,1.828829493304970244e+00
3.660000000000000142e+00,1.675000000000000000e+03,1.500000000000000000e+03,1.715406878300970162e+00,-1.337470435648923317e+00,1.829349003860252232e+00
3.677000000000000046e+00,1.675000000000000000e+03,1.500000000000000000e+03,1.715406878300970162e+00,-1.337470435648923317e+00,1.829349003860252232e+00
3.696000000000000174e+00,1.675000000000000000e+03,1.500000000000000000e+03,1.712983042813708945e+00,-1.337362920240337427e+00,1.829868371618955436e+00
3.713000000000000078e+00,1.675000000000000000e+03,1.500000000000000000e+03,1.712983042813708945e+00,-1.337362920240337427e+00,1.829868371618955436e+00
3.729000000000000092e+00,1.675000000000000000e+03,1.500000000000000000e+03,1.702208556105709425e+00,-1.334795972122730490e+00,1.826750154855458996e+00
3.746999999999999886e+00,1.675000000000000000e+03,1.500000000000000000e+03,1.702208556105709425e+00,-1.334795972122730490e+00,1.826750154855458996e+00
3.765000000000000124e+00,1.675000000000000000e+03,1.500000000000000000e+03,1.702208556105709425e+00,-1.334795972122730490e+00,1.826750154855458996e+00
3.782000000000000028e+00,1.675000000000000000e+03,1.500000000000000000e+03,1.696332561497635449e+00,-1.333141165929836891e+00,1.830018742997953085e+00
3.798999999999999932e+00,1.675000000000000000e+03,1.500000000000000000e+03,1.696332561497635449e+00,-1.333141165929836891e+00,1.830018742997953085e+00
3.815999999999999837e+00,1.675000000000000000e+03,1.500000000000000000e+03,1.696332561497635449e+00,-1.333141165929836891e+00,1.830018742997953085e+00
3.833000000000000185e+00,1.675000000000000000e+03,1.500000000000000000e+03,1.696332561497635449e+00,-1.333141165929836891e+00,1.830018742997953085e+00
3.850000000000000089e+00,1.675000000000000000e+03,1.500000000000000000e+03,1.679219060312278966e+00,-1.330985302799050807e+00,1.828137255676201445e+00
3.866999999999999993e+00,1.675000000000000000e+03,1.500000000000000000e+03,1.679219060312278966e+00,-1.330985302799050807e+00,1.828137255676201445e+00
3.883999999999999897e+00,1.675000000000000000e+03,1.500000000000000000e+03,1.676242870358949588e+00,-1.331550540574526487e+00,1.825472285772572256e+00
3.902000000000000135e+00,1.675000000000000000e+03,1.500000000000000000e+03,1.676242870358949588e+00,-1.331550540574526487e+00,1.825472285772572256e+00
3.919999999999999929e+00,1.675000000000000000e+03,1.500000000000000000e+03,1.668105874937574340e+00,-1.331886012219415605e+00,1.827293552656843234e+00
3.936999999999999833e+00,1.675000000000000000e+03,1.500000000000000000e+03,1.668105874937574340e+00,-1.331886012219415605e+00,1.827293552656843234e+00
3.954000000000000181e+00,1.675000000000000000e+03,1.500000000000000000e+03,1.665372995859888183e+00,-1.331764419767771823e+00,1.827813589353660451e+00
3.971000000000000085e+00,1.675000000000000000e+03,1.500000000000000000e+03,1.665372995859888183e+00,-1.331764419767771823e+00,1.827813589353660451e+00
3.987999999999999989e+00,1.675000000000000000e+03,1.500000000000000000e+03,1.662336201878248376e+00,-1.331629292209198123e+00,1.823090042011545231e+00
4.004999999999999893e+00,1.675000000000000000e+03,1.500000000000000000e+03,1.662336201878248376e+00,-1.331629292209198123e+00,1.823090042011545231e+00
4.022999999999999687e+00,1.675000000000000000e+03,1.500000000000000000e+03,1.659539837935899653e+00,-1.330807252289756715e+00,1.821699072899082728e+00
4.040000000000000036e+00,1.675000000000000000e+03,1.500000000000000000e+03,1.659539837935899653e+00,-1.330807252289756715e+00,1.821699072899082728e+00
4.057000000000000384e+00,1.675000000000000000e+03,1.500000000000000000e+03,1.647083064843558153e+00,-1.330252660326690872e+00,1.819121707588775561e+00
4.073999999999999844e+00,1.675000000000000000e+03,1.500000000000000000e+03,1.644348031547242739e+00,-1.330130865825990494e+00,1.819644060759481263e+00
4.091999999999999638e+00,1.675000000000000000e+03,1.500000000000000000e+03,1.644348031547242739e+00,-1.330130865825990494e+00,1.819644060759481263e+00
4.108999999999999986e+00,1.675000000000000000e+03,1.500000000000000000e+03,1.644348031547242739e+00,-1.330130865825990494e+00,1.819644060759481263e+00
4.126000000000000334e+00,1.675000000000000000e+03,1.500000000000000000e+03,1.644348031547242739e+00,-1.330130865825990494e+00,1.819644060759481263e+00
4.144000000000000128e+00,1.675000000000000000e+03,1.500000000000000000e+03,1.641308844078762430e+00,-1.329995516168515302e+00,1.814968716469298693e+00
4.160999999999999588e+00,1.675000000000000000e+03,1.500000000000000000e+03,1.641308844078762430e+00,-1.329995516168515302e+00,1.814968716469298693e+00
4.177999999999999936e+00,1.675000000000000000e+03,1.500000000000000000e+03,1.628541250873642099e+00,-1.329426798100300733e+00,1.812378108163202439e+00
4.195000000000000284e+00,1.675000000000000000e+03,1.500000000000000000e+03,1.628541250873642099e+00,-1.329426798100300733e+00,1.812378108163202439e+00
4.211999999999999744e+00,1.675000000000000000e+03,1.500000000000000000e+03,1.628541250873642099e+00,-1.329426798100300733e+00,1.812378108163202439e+00
4.229000000000000092e+00,1.675000000000000000e+03,1.500000000000000000e+03,1.628541250873642099e+00,-1.329426798100300733e+00,1.812378108163202439e+00
4.246999999999999886e+00,1.675000000000000000e+03,1.500000000000000000e+03,1.625804706569806246e+00,-1.329304879285343688e+00,1.812902318042745486e+00
4.264000000000000234e+00,1.675000000000000000e+03,1.500000000000000000e+03,1.625804706569806246e+00,-1.329304879285343688e+00,1.812902318042745486e+00
4.280000000000000249e+00,1.675000000000000000e+03,1.500000000000000000e+03,1.612960633613147898e+00,-1.328034284101560214e+00,1.806561777591277451e+00
4.296999999999999709e+00,1.675000000000000000e+03,1.500000000000000000e+03,1.612960633613147898e+00,-1.328034284101560214e+00,1.806561777591277451e+00
4.315000000000000391e+00,1.675000000000000000e+03,1.500000000000000000e+03,1.612960633613147898e+00,-1.328034284101560214e+00,1.806561777591277451e+00
4.331999999999999851e+00,1.675000000000000000e+03,1.500000000000000000e+03,1.612960633613147898e+00,-1.328034284101560214e+00,1.806561777591277451e+00
4.349999999999999645e+00,1.675000000000000000e+03,1.500000000000000000e+03,1.606195040188624690e+00,-1.327034133072352518e+00,1.807875929581270524e+00
4.366999999999999993e+00,1.675000000000000000e+03,1.500000000000000000e+03,1.606195040188624690e+00,-1.327034133072352518e+00,1.807875929581270524e+00
4.384000000000000341e+00,1.675000000000000000e+03,1.500000000000000000e+03,1.581382397518274141e+00,-1.324529309238113850e+00,1.800837770009345196e+00
4.400999999999999801e+00,1.675000000000000000e+03,1.500000000000000000e+03,1.581382397518274141e+00,-1.324529309238113850e+00,1.800837770009345196e+00
4.418000000000000149e+00,1.675000000000000000e+03,1.500000000000000000e+03,1.577802524879942769e+00,-1.325068850484630634e+00,1.801628593563430192e+00
4.434999999999999609e+00,1.675000000000000000e+03,1.500000000000000000e+03,1.577802524879942769e+00,-1.325068850484630634e+00,1.801628593563430192e+00
4.451999999999999957e+00,1.675000000000000000e+03,1.500000000000000000e+03,1.567364739409530916e+00,-1.323903797921157199e+00,1.799763403382090843e+00
4.469000000000000306e+00,1.675000000000000000e+03,1.500000000000000000e+03,1.567364739409530916e+00,-1.323903797921157199e+00,1.799763403382090843e+00
4.485999999999999766e+00,1.675000000000000000e+03,1.500000000000000000e+03,1.564621477658222570e+00,-1.323781380853365608e+00,1.794958855524299901e+00
4.503000000000000114e+00,1.675000000000000000e+03,1.500000000000000000e+03,1.561268301915522461e+00,-1.323631745743503174e+00,1.795751914324964948e+00
4.519999999999999574e+00,1.675000000000000000e+03,1.500000000000000000e+03,1.561268301915522461e+00,-1.323631745743503174e+00,1.795751914324964948e+00
4.536999999999999922e+00,1.675000000000000000e+03,1.500000000000000000e+03,1.558219673887726309e+00,-1.323495700682882692e+00,1.796280449454967787e+00
4.554000000000000270e+00,1.675000000000000000e+03,1.500000000000000000e+03,1.558219673887726309e+00,-1.323495700682882692e+00,1.796280449454967787e+00
4.570999999999999730e+00,1.675000000000000000e+03,1.500000000000000000e+03,1.558219673887726309e+00,-1.323495700682882692e+00,1.796280449454967787e+00
4.588000000000000078e+00,1.675000000000000000e+03,1.500000000000000000e+03,1.547689805203310121e+00,-1.321625996385872082e+00,1.792995385930161278e+00
4.605000000000000426e+00,1.675000000000000000e+03,1.500000000000000000e+03,1.547689805203310121e+00,-1.321625996385872082e+00,1.792995385930161278e+00
4.623000000000000220e+00,1.675000000000000000e+03,1.500000000000000000e+03,1.544333889370076207e+00,-1.321476178944787971e+00,1.788174497348490988e+00
4.641000000000000014e+00,1.675000000000000000e+03,1.500000000000000000e+03,1.540977644531147828e+00,-1.321326349374509324e+00,1.788970060481519964e+00
4.658000000000000362e+00,1.675000000000000000e+03,1.500000000000000000e+03,1.540977644531147828e+00,-1.321326349374509324e+00,1.788970060481519964e+00
4.674999999999999822e+00,1.675000000000000000e+03,1.500000000000000000e+03,1.530822919794025516e+00,-1.320172639338335063e+00,1.791090082652343929e+00
4.692000000000000171e+00,1.675000000000000000e+03,1.500000000000000000e+03,1.530822919794025516e+00,-1.320172639338335063e+00,1.791090082652343929e+00
4.708999999999999631e+00,1.675000000000000000e+03,1.500000000000000000e+03,1.524326618265882338e+00,-1.319181914977537673e+00,1.791290449884677782e+00
4.725999999999999979e+00,1.675000000000000000e+03,1.500000000000000000e+03,1.524326618265882338e+00,-1.319181914977537673e+00,1.791290449884677782e+00
4.743000000000000327e+00,1.675000000000000000e+03,1.500000000000000000e+03,1.513157560307500038e+00,-1.317280941893906210e+00,1.783767192152950321e+00
4.761000000000000121e+00,1.675000000000000000e+03,1.500000000000000000e+03,1.513157560307500038e+00,-1.317280941893906210e+00,1.783767192152950321e+00
4.777000000000000135e+00,1.675000000000000000e+03,1.500000000000000000e+03,1.509708607084285337e+00,-1.316425390468615841e+00,1.784564299803418574e+00
4.796000000000000263e+00,1.675000000000000000e+03,1.500000000000000000e+03,1.509708607084285337e+00,-1.316425390468615841e+00,1.784564299803418574e+00
4.814000000000000057e+00,1.675000000000000000e+03,1.500000000000000000e+03,1.506651970135006735e+00,-1.316288846214863195e+00,1.785095538547677663e+00
4.831000000000000405e+00,1.675000000000000000e+03,1.500000000000000000e+03,1.502806349764440386e+00,-1.314713248395732670e+00,1.780475424842001830e+00
4.847999999999999865e+00,1.675000000000000000e+03,1.500000000000000000e+03,1.502806349764440386e+00,-1.314713248395732670e+00,1.780475424842001830e+00
4.865000000000000213e+00,1.675000000000000000e+03,1.500000000000000000e+03,1.484483938322012087e+00,-1.311786718262931029e+00,1.779633538774274770e+00
4.881999999999999673e+00,1.675000000000000000e+03,1.500000000000000000e+03,1.484483938322012087e+00,-1.311786718262931029e+00,1.779633538774274770e+00
4.899000000000000021e+00,1.675000000000000000e+03,1.500000000000000000e+03,1.480810339036023437e+00,-1.311622534351114755e+00,1.780432054777283390e+00
4.916999999999999815e+00,1.675000000000000000e+03,1.500000000000000000e+03,1.480810339036023437e+00,-1.311622534351114755e+00,1.780432054777283390e+00
4.934000000000000163e+00,1.675000000000000000e+03,1.500000000000000000e+03,1.465922623657850199e+00,-1.309550562287332465e+00,1.777396725563301638e+00
4.950000000000000178e+00,1.675000000000000000e+03,1.500000000000000000e+03,1.465922623657850199e+00,-1.309550562287332465e+00,1.777396725563301638e+00
4.966999999999999638e+00,1.675000000000000000e+03,1.500000000000000000e+03,1.462456980109064553e+00,-1.308691933534377405e+00,1.773203814594688232e+00
4.983999999999999986e+00,1.675000000000000000e+03,1.500000000000000000e+03,1.462456980109064553e+00,-1.308691933534377405e+00,1.773203814594688232e+00
5.001000000000000334e+00,1.675000000000000000e+03,1.500000000000000000e+03,1.458779311234901899e+00,-1.308527577429321465e+00,1.774004537220372768e+00
5.019000000000000128e+00,1.675000000000000000e+03,1.500000000000000000e+03,1.458779311234901899e+00,-1.308527577429321465e+00,1.774004537220372768e+00
5.035000000000000142e+00,1.675000000000000000e+03,1.500000000000000000e+03,1.447646250010080848e+00,-1.307326046878327652e+00,1.776404957170792498e+00
5.052999999999999936e+00,1.675000000000000000e+03,1.500000000000000000e+03,1.447646250010080848e+00,-1.307326046878327652e+00,1.776404957170792498e+00
5.070000000000000284e+00,1.675000000000000000e+03,1.500000000000000000e+03,1.443156091533959184e+00,-1.305716434551160710e+00,1.772344083494224565e+00
5.086999999999999744e+00,1.675000000000000000e+03,1.500000000000000000e+03,1.443156091533959184e+00,-1.305716434551160710e+00,1.772344083494224565e+00
5.105000000000000426e+00,1.675000000000000000e+03,1.500000000000000000e+03,1.439682340695621843e+00,-1.304856326626831819e+00,1.766761581986483254e+00
5.121999999999999886e+00,1.675000000000000000e+03,1.500000000000000000e+03,1.439682340695621843e+00,-1.304856326626831819e+00,1.766761581986483254e+00
5.139000000000000234e+00,1.675000000000000000e+03,1.500000000000000000e+03,1.436306833793246973e+00,-1.304705482932672300e+00,1.767564457413481449e+00
5.155999999999999694e+00,1.675000000000000000e+03,1.500000000000000000e+03,1.436306833793246973e+00,-1.304705482932672300e+00,1.767564457413481449e+00
5.173000000000000043e+00,1.675000000000000000e+03,1.500000000000000000e+03,1.436306833793246973e+00,-1.304705482932672300e+00,1.767564457413481449e+00
5.190000000000000391e+00,1.675000000000000000e+03,1.500000000000000000e+03,1.436306833793246973e+00,-1.304705482932672300e+00,1.767564457413481449e+00
5.208000000000000185e+00,1.675000000000000000e+03,1.500000000000000000e+03,1.424848973043484346e+00,-1.303488381067624324e+00,1.764942620877872903e+00
5.224999999999999645e+00,1.675000000000000000e+03,1.500000000000000000e+03,1.421164475158497087e+00,-1.303323810702329499e+00,1.765746068065981333e+00
5.241999999999999993e+00,1.675000000000000000e+03,1.500000000000000000e+03,1.421164475158497087e+00,-1.303323810702329499e+00,1.765746068065981333e+00
5.259999999999999787e+00,1.675000000000000000e+03,1.500000000000000000e+03,1.406108839992408877e+00,-1.300534025451199671e+00,1.757524006988985921e+00
5.277999999999999581e+00,1.675000000000000000e+03,1.500000000000000000e+03,1.406108839992408877e+00,-1.300534025451199671e+00,1.757524006988985921e+00
5.294999999999999929e+00,1.675000000000000000e+03,1.500000000000000000e+03,1.402113298221649984e+00,-1.300355629943491298e+00,1.758329868972941856e+00
5.312000000000000277e+00,1.675000000000000000e+03,1.500000000000000000e+03,1.402113298221649984e+00,-1.300355629943491298e+00,1.758329868972941856e+00
5.328999999999999737e+00,1.675000000000000000e+03,1.500000000000000000e+03,1.394629207580058150e+00,-1.299315143310428855e+00,1.759619307078031047e+00
5.346000000000000085e+00,1.675000000000000000e+03,1.500000000000000000e+03,1.394629207580058150e+00,-1.299315143310428855e+00,1.759619307078031047e+00
5.363000000000000433e+00,1.675000000000000000e+03,1.500000000000000000e+03,1.394629207580058150e+00,-1.299315143310428855e+00,1.759619307078031047e+00
5.379999999999999893e+00,1.675000000000000000e+03,1.500000000000000000e+03,1.394629207580058150e+00,-1.299315143310428855e+00,1.759619307078031047e+00
5.397000000000000242e+00,1.675000000000000000e+03,1.500000000000000000e+03,1.363225714810833100e+00,-1.295793355232579103e+00,1.755203322606130545e+00
5.413999999999999702e+00,1.675000000000000000e+03,1.500000000000000000e+03,1.363225714810833100e+00,-1.295793355232579103e+00,1.755203322606130545e+00
5.431000000000000050e+00,1.675000000000000000e+03,1.500000000000000000e+03,1.359222972556094255e+00,-1.295614989989292809e+00,1.750412920062113242e+00
5.448000000000000398e+00,1.675000000000000000e+03,1.500000000000000000e+03,1.359222972556094255e+00,-1.295614989989292809e+00,1.750412920062113242e+00
5.464999999999999858e+00,1.675000000000000000e+03,1.500000000000000000e+03,1.346560692653846258e+00,-1.292927001541871679e+00,1.747228385028592346e+00
5.482000000000000206e+00,1.675000000000000000e+03,1.500000000000000000e+03,1.346560692653846258e+00,-1.292927001541871679e+00,1.747228385028592346e+00
5.498999999999999666e+00,1.675000000000000000e+03,1.500000000000000000e+03,1.342554254936918046e+00,-1.292748588698908740e+00,1.742422684357081142e+00
5.516000000000000014e+00,1.675000000000000000e+03,1.500000000000000000e+03,1.342554254936918046e+00,-1.292748588698908740e+00,1.742422684357081142e+00
5.533999999999999808e+00,1.675000000000000000e+03,1.500000000000000000e+03,1.338855631052451756e+00,-1.292583934809281132e+00,1.743233213539455484e+00
5.549999999999999822e+00,1.675000000000000000e+03,1.500000000000000000e+03,1.338855631052451756e+00,-1.292583934809281132e+00,1.743233213539455484e+00
5.567000000000000171e+00,1.675000000000000000e+03,1.500000000000000000e+03,1.326832637777630275e+00,-1.292049052332838510e+00,1.740041445265296804e+00
5.584999999999999964e+00,1.675000000000000000e+03,1.500000000000000000e+03,1.326832637777630275e+00,-1.292049052332838510e+00,1.740041445265296804e+00
5.602000000000000313e+00,1.675000000000000000e+03,1.775000000000000000e+03,1.322705681205428085e+00,-1.291156864714168240e+00,1.746742557589764822e+00
5.618999999999999773e+00,1.675000000000000000e+03,1.775000000000000000e+03,1.322705681205428085e+00,-1.291156864714168240e+00,1.746742557589764822e+00
5.636000000000000121e+00,1.675000000000000000e+03,1.775000000000000000e+03,1.317959962786934502e+00,-1.290236934864012142e+00,1.741774595246227353e+00
5.652999999999999581e+00,1.675000000000000000e+03,1.775000000000000000e+03,1.317959962786934502e+00,-1.290236934864012142e+00,1.741774595246227353e+00
5.669999999999999929e+00,1.675000000000000000e+03,1.775000000000000000e+03,1.301979517511751894e+00,-1.288108191205033837e+00,1.739559592127359666e+00
5.687000000000000277e+00,1.675000000000000000e+03,1.775000000000000000e+03,1.301979517511751894e+00,-1.288108191205033837e+00,1.739559592127359666e+00
5.703999999999999737e+00,1.675000000000000000e+03,1.775000000000000000e+03,1.301979517511751894e+00,-1.288108191205033837e+00,1.739559592127359666e+00
5.721000000000000085e+00,1.675000000000000000e+03,1.775000000000000000e+03,1.297597939993386795e+00,-1.285783409647159647e+00,1.734750974546946711e+00
5.738000000000000433e+00,1.675000000000000000e+03,1.775000000000000000e+03,1.297597939993386795e+00,-1.285783409647159647e+00,1.734750974546946711e+00
5.754999999999999893e+00,1.675000000000000000e+03,1.775000000000000000e+03,1.285114928272049095e+00,-1.284518723825355480e+00,1.731152436488194724e+00
5.772000000000000242e+00,1.675000000000000000e+03,1.775000000000000000e+03,1.285114928272049095e+00,-1.284518723825355480e+00,1.731152436488194724e+00
5.788999999999999702e+00,1.675000000000000000e+03,1.775000000000000000e+03,1.276573988757033762e+00,-1.281294710835082284e+00,1.727072559138592700e+00
5.807000000000000384e+00,1.675000000000000000e+03,1.775000000000000000e+03,1.276573988757033762e+00,-1.281294710835082284e+00,1.727072559138592700e+00
5.823999999999999844e+00,1.675000000000000000e+03,1.775000000000000000e+03,1.276573988757033762e+00,-1.281294710835082284e+00,1.727072559138592700e+00
5.841000000000000192e+00,1.675000000000000000e+03,1.775000000000000000e+03,1.276573988757033762e+00,-1.281294710835082284e+00,1.727072559138592700e+00
5.857999999999999652e+00,1.675000000000000000e+03,1.775000000000000000e+03,1.246879166036980902e+00,-1.274989580351067353e+00,1.721636626971365658e+00
5.875000000000000000e+00,1.675000000000000000e+03,1.775000000000000000e+03,1.246879166036980902e+00,-1.274989580351067353e+00,1.721636626971365658e+00
5.892000000000000348e+00,1.675000000000000000e+03,1.775000000000000000e+03,1.241966328467127401e+00,-1.273344230473131056e+00,1.715970093607375402e+00
5.910000000000000142e+00,1.675000000000000000e+03,1.775000000000000000e+03,1.241966328467127401e+00,-1.273344230473131056e+00,1.715970093607375402e+00
5.926999999999999602e+00,1.675000000000000000e+03,1.775000000000000000e+03,1.241966328467127401e+00,-1.273344230473131056e+00,1.715970093607375402e+00
5.945000000000000284e+00,1.675000000000000000e+03,1.775000000000000000e+03,1.224681483886465028e+00,-1.269720660262292800e+00,1.713718430040983565e+00
5.963000000000000078e+00,1.675000000000000000e+03,1.775000000000000000e+03,1.219928736885661280e+00,-1.267363640306318207e+00,1.708738106445716998e+00
5.980000000000000426e+00,1.675000000000000000e+03,1.775000000000000000e+03,1.219928736885661280e+00,-1.267363640306318207e+00,1.708738106445716998e+00
5.998000000000000220e+00,1.675000000000000000e+03,1.775000000000000000e+03,1.219928736885661280e+00,-1.267363640306318207e+00,1.708738106445716998e+00
6.014999999999999680e+00,1.675000000000000000e+03,1.775000000000000000e+03,1.219928736885661280e+00,-1.267363640306318207e+00,1.708738106445716998e+00
6.032000000000000028e+00,1.675000000000000000e+03,1.775000000000000000e+03,1.202567989734540488e+00,-1.265164160841062202e+00,1.705430527347040037e+00
6.049000000000000377e+00,1.675000000000000000e+03,1.775000000000000000e+03,1.202567989734540488e+00,-1.265164160841062202e+00,1.705430527347040037e+00
6.065999999999999837e+00,1.675000000000000000e+03,1.775000000000000000e+03,1.198388326723302644e+00,-1.264262985526761973e+00,1.707314599951285539e+00
6.083999999999999631e+00,1.675000000000000000e+03,1.775000000000000000e+03,1.198388326723302644e+00,-1.264262985526761973e+00,1.707314599951285539e+00
6.102000000000000313e+00,1.675000000000000000e+03,1.775000000000000000e+03,1.193274122552449024e+00,-1.263320397385507388e+00,1.695236467172497097e+00
6.118999999999999773e+00,1.675000000000000000e+03,1.775000000000000000e+03,1.193274122552449024e+00,-1.263320397385507388e+00,1.695236467172497097e+00
6.136000000000000121e+00,1.675000000000000000e+03,1.775000000000000000e+03,1.180070414681147817e+00,-1.262021341802724184e+00,1.690711257218746821e+00
6.152999999999999581e+00,1.675000000000000000e+03,1.775000000000000000e+03,1.180070414681147817e+00,-1.262021341802724184e+00,1.690711257218746821e+00
6.169999999999999929e+00,1.675000000000000000e+03,1.775000000000000000e+03,1.175404024343680076e+00,-1.261815999461369131e+00,1.685480890283466593e+00
6.187000000000000277e+00,1.675000000000000000e+03,1.775000000000000000e+03,1.175404024343680076e+00,-1.261815999461369131e+00,1.685480890283466593e+00
6.203999999999999737e+00,1.675000000000000000e+03,1.775000000000000000e+03,1.171215384319047592e+00,-1.260914071360408339e+00,1.687774772818004587e+00
6.222000000000000419e+00,1.675000000000000000e+03,1.775000000000000000e+03,1.158162451722407393e+00,-1.258904270414153981e+00,1.676721184909338191e+00
6.238999999999999879e+00,1.675000000000000000e+03,1.775000000000000000e+03,1.158162451722407393e+00,-1.258904270414153981e+00,1.676721184909338191e+00
6.256999999999999673e+00,1.675000000000000000e+03,1.775000000000000000e+03,1.153508892562793875e+00,-1.257262618014612254e+00,1.671545940029370181e+00
6.274000000000000021e+00,1.675000000000000000e+03,1.775000000000000000e+03,1.144637255539176834e+00,-1.256154353042054250e+00,1.665303005813926873e+00
6.291000000000000369e+00,1.675000000000000000e+03,1.775000000000000000e+03,1.144637255539176834e+00,-1.256154353042054250e+00,1.665303005813926873e+00
6.307999999999999829e+00,1.675000000000000000e+03,1.775000000000000000e+03,1.144637255539176834e+00,-1.256154353042054250e+00,1.665303005813926873e+00
6.325000000000000178e+00,1.675000000000000000e+03,1.775000000000000000e+03,1.139975705126256678e+00,-1.254511001090544031e+00,1.661943691898066566e+00
6.342999999999999972e+00,1.675000000000000000e+03,1.775000000000000000e+03,1.109581277034857649e+00,-1.248136135594851037e+00,1.653939890313632199e+00
6.360000000000000320e+00,1.675000000000000000e+03,1.775000000000000000e+03,1.109581277034857649e+00,-1.248136135594851037e+00,1.653939890313632199e+00
6.378000000000000114e+00,1.675000000000000000e+03,1.775000000000000000e+03,1.104741141707424656e+00,-1.247202989810444862e+00,1.640023254009697729e+00
6.395999999999999908e+00,1.675000000000000000e+03,1.775000000000000000e+03,1.104741141707424656e+00,-1.247202989810444862e+00,1.640023254009697729e+00
6.413000000000000256e+00,1.675000000000000000e+03,1.775000000000000000e+03,1.104741141707424656e+00,-1.247202989810444862e+00,1.640023254009697729e+00
6.429999999999999716e+00,1.675000000000000000e+03,1.775000000000000000e+03,1.095210259293343924e+00,-1.244620130814221515e+00,1.635495258327753110e+00
6.448000000000000398e+00,1.675000000000000000e+03,1.775000000000000000e+03,1.095210259293343924e+00,-1.244620130814221515e+00,1.635495258327753110e+00
6.464999999999999858e+00,1.675000000000000000e+03,1.775000000000000000e+03,1.095210259293343924e+00,-1.244620130814221515e+00,1.635495258327753110e+00
6.482000000000000206e+00,1.675000000000000000e+03,1.775000000000000000e+03,1.081914458059228368e+00,-1.241871378128029502e+00,1.625495589554516895e+00
6.500000000000000000e+00,1.675000000000000000e+03,1.775000000000000000e+03,1.081914458059228368e+00,-1.241871378128029502e+00,1.625495589554516895e+00
6.517999999999999794e+00,1.675000000000000000e+03,1.775000000000000000e+03,1.077214438677999597e+00,-1.240219160259849129e+00,1.620134954707447505e+00
6.538000000000000256e+00,1.675000000000000000e+03,1.775000000000000000e+03,1.077214438677999597e+00,-1.240219160259849129e+00,1.620134954707447505e+00
6.554999999999999716e+00,1.675000000000000000e+03,1.775000000000000000e+03,1.073145793666567815e+00,-1.240042190613201978e+00,1.620974265064782482e+00
6.572000000000000064e+00,1.675000000000000000e+03,1.775000000000000000e+03,1.073145793666567815e+00,-1.240042190613201978e+00,1.620974265064782482e+00
6.589000000000000412e+00,1.675000000000000000e+03,1.775000000000000000e+03,1.054960329307915501e+00,-1.236353729437977389e+00,1.608643370556664509e+00
6.605999999999999872e+00,1.675000000000000000e+03,1.775000000000000000e+03,1.054960329307915501e+00,-1.236353729437977389e+00,1.608643370556664509e+00
6.623000000000000220e+00,1.675000000000000000e+03,1.775000000000000000e+03,1.049617676680708822e+00,-1.234671077344239087e+00,1.593797383785034993e+00
6.639999999999999680e+00,1.675000000000000000e+03,1.775000000000000000e+03,1.049617676680708822e+00,-1.234671077344239087e+00,1.593797383785034993e+00
6.657000000000000028e+00,1.675000000000000000e+03,1.775000000000000000e+03,1.049617676680708822e+00,-1.234671077344239087e+00,1.593797383785034993e+00
6.674000000000000377e+00,1.675000000000000000e+03,1.775000000000000000e+03,1.049617676680708822e+00,-1.234671077344239087e+00,1.593797383785034993e+00
6.690999999999999837e+00,1.675000000000000000e+03,1.775000000000000000e+03,1.031413399492456362e+00,-1.232431011209619953e+00,1.591258219178865341e+00
6.708000000000000185e+00,1.675000000000000000e+03,1.775000000000000000e+03,1.026684824168740739e+00,-1.230773400964926267e+00,1.579294048810274242e+00
6.724999999999999645e+00,1.675000000000000000e+03,1.775000000000000000e+03,1.026684824168740739e+00,-1.230773400964926267e+00,1.579294048810274242e+00
6.743000000000000327e+00,1.675000000000000000e+03,1.775000000000000000e+03,1.021978135534510335e+00,-1.230570193135614776e+00,1.573795923420187259e+00
6.759999999999999787e+00,1.675000000000000000e+03,1.775000000000000000e+03,1.021978135534510335e+00,-1.230570193135614776e+00,1.573795923420187259e+00
6.777000000000000135e+00,1.675000000000000000e+03,1.775000000000000000e+03,1.017244147794025944e+00,-1.228911519245842854e+00,1.571211974230947606e+00
6.794999999999999929e+00,1.675000000000000000e+03,1.775000000000000000e+03,1.017244147794025944e+00,-1.228911519245842854e+00,1.571211974230947606e+00
6.812000000000000277e+00,1.675000000000000000e+03,1.775000000000000000e+03,1.003712614347370913e+00,-1.226872979672047670e+00,1.567470220652498414e+00
6.828999999999999737e+00,1.675000000000000000e+03,1.775000000000000000e+03,1.003712614347370913e+00,-1.226872979672047670e+00,1.567470220652498414e+00
6.846000000000000085e+00,1.675000000000000000e+03,1.775000000000000000e+03,9.992494913802347778e-01,-1.223766643232695905e+00,1.555320570536879332e+00
6.863000000000000433e+00,1.675000000000000000e+03,1.775000000000000000e+03,9.992494913802347778e-01,-1.223766643232695905e+00,1.555320570536879332e+00
6.879999999999999893e+00,1.675000000000000000e+03,1.775000000000000000e+03,9.756451156587517826e-01,-1.216180172531475367e+00,1.531600445585762804e+00
6.897000000000000242e+00,1.675000000000000000e+03,1.775000000000000000e+03,9.617868771811415307e-01,-1.210459714298702139e+00,1.523080148233686870e+00
6.915000000000000036e+00,1.675000000000000000e+03,1.775000000000000000e+03,9.617868771811415307e-01,-1.210459714298702139e+00,1.523080148233686870e+00
6.932000000000000384e+00,1.675000000000000000e+03,1.775000000000000000e+03,9.571908460112539263e-01,-1.209529498047285045e+00,1.517186551443224118e+00
6.948999999999999844e+00,1.675000000000000000e+03,1.775000000000000000e+03,9.571908460112539263e-01,-1.209529498047285045e+00,1.517186551443224118e+00
6.966999999999999638e+00,1.675000000000000000e+03,1.775000000000000000e+03,9.528603534508999218e-01,-1.207142465039279244e+00,1.518240794890223011e+00
6.983999999999999986e+00,1.675000000000000000e+03,1.775000000000000000e+03,9.528603534508999218e-01,-1.207142465039279244e+00,1.518240794890223011e+00
7.001000000000000334e+00,1.675000000000000000e+03,1.775000000000000000e+03,9.387614872855754022e-01,-1.200657077051153987e+00,1.495335383692788955e+00
7.017999999999999794e+00,1.675000000000000000e+03,1.775000000000000000e+03,9.387614872855754022e-01,-1.200657077051153987e+00,1.495335383692788955e+00
7.035000000000000142e+00,1.675000000000000000e+03,1.775000000000000000e+03,9.342275575061940174e-01,-1.197516003819226516e+00,1.489298169682461426e+00
7.051999999999999602e+00,1.675000000000000000e+03,1.775000000000000000e+03,9.342275575061940174e-01,-1.197516003819226516e+00,1.489298169682461426e+00
7.068999999999999950e+00,1.675000000000000000e+03,1.775000000000000000e+03,9.291103348579470289e-01,-1.195822185533378157e+00,1.491677149506761779e+00
7.086999999999999744e+00,1.675000000000000000e+03,1.775000000000000000e+03,9.244354003106372009e-01,-1.193407836948515932e+00,1.478607893339709989e+00
7.104000000000000092e+00,1.675000000000000000e+03,1.775000000000000000e+03,9.244354003106372009e-01,-1.193407836948515932e+00,1.478607893339709989e+00
7.121000000000000441e+00,1.675000000000000000e+03,1.775000000000000000e+03,9.054968112063868091e-01,-1.186682796363546455e+00,1.462432211064216725e+00
7.137999999999999901e+00,1.675000000000000000e+03,1.775000000000000000e+03,9.054968112063868091e-01,-1.186682796363546455e+00,1.462432211064216725e+00
7.155999999999999694e+00,1.675000000000000000e+03,1.775000000000000000e+03,9.008000999517737917e-01,-1.184259432464132900e+00,1.463526740930017889e+00
7.173000000000000043e+00,1.675000000000000000e+03,1.775000000000000000e+03,8.961655043174705515e-01,-1.183320543008008485e+00,1.450831149224876437e+00
7.190000000000000391e+00,1.675000000000000000e+03,1.775000000000000000e+03,8.961655043174705515e-01,-1.183320543008008485e+00,1.450831149224876437e+00
7.208000000000000185e+00,1.675000000000000000e+03,1.775000000000000000e+03,8.815945321309059945e-01,-1.176758484131153804e+00,1.446765838312517705e+00
7.224999999999999645e+00,1.675000000000000000e+03,1.775000000000000000e+03,8.815945321309059945e-01,-1.176758484131153804e+00,1.446765838312517705e+00
7.241999999999999993e+00,1.675000000000000000e+03,1.775000000000000000e+03,8.815945321309059945e-01,-1.176758484131153804e+00,1.446765838312517705e+00
7.259000000000000341e+00,1.675000000000000000e+03,1.775000000000000000e+03,8.815945321309059945e-01,-1.176758484131153804e+00,1.446765838312517705e+00
7.275999999999999801e+00,1.675000000000000000e+03,1.775000000000000000e+03,8.728619948891234159e-01,-1.173410142990800598e+00,1.427148675408152156e+00
7.293000000000000149e+00,1.675000000000000000e+03,1.775000000000000000e+03,8.728619948891234159e-01,-1.173410142990800598e+00,1.427148675408152156e+00
7.312000000000000277e+00,1.675000000000000000e+03,1.775000000000000000e+03,8.584257198401599176e-01,-1.167577143220458691e+00,1.423031865359304593e+00
7.328999999999999737e+00,1.675000000000000000e+03,1.775000000000000000e+03,8.397202845000735216e-01,-1.160053987951702226e+00,1.397394345031360841e+00
7.347000000000000419e+00,1.675000000000000000e+03,1.775000000000000000e+03,8.397202845000735216e-01,-1.160053987951702226e+00,1.397394345031360841e+00
7.363999999999999879e+00,1.675000000000000000e+03,1.775000000000000000e+03,8.348459276880204616e-01,-1.158349198407271796e+00,1.398529257474883991e+00
7.381000000000000227e+00,1.675000000000000000e+03,1.775000000000000000e+03,8.348459276880204616e-01,-1.158349198407271796e+00,1.398529257474883991e+00
7.397999999999999687e+00,1.675000000000000000e+03,1.775000000000000000e+03,8.348459276880204616e-01,-1.158349198407271796e+00,1.398529257474883991e+00
7.416000000000000369e+00,1.675000000000000000e+03,1.775000000000000000e+03,8.348459276880204616e-01,-1.158349198407271796e+00,1.398529257474883991e+00
7.432999999999999829e+00,1.675000000000000000e+03,1.775000000000000000e+03,8.154441286213647277e-01,-1.148515197501998486e+00,1.372421620137293630e+00
7.450000000000000178e+00,1.675000000000000000e+03,1.775000000000000000e+03,8.154441286213647277e-01,-1.148515197501998486e+00,1.372421620137293630e+00
7.466999999999999638e+00,1.675000000000000000e+03,1.775000000000000000e+03,8.109809873202384889e-01,-1.146067330139410423e+00,1.374471922106971222e+00
7.483999999999999986e+00,1.675000000000000000e+03,1.775000000000000000e+03,8.109809873202384889e-01,-1.146067330139410423e+00,1.374471922106971222e+00
7.501999999999999780e+00,1.675000000000000000e+03,1.775000000000000000e+03,8.062903787307524883e-01,-1.145115985419414617e+00,1.374402163548810396e+00
7.519000000000000128e+00,1.675000000000000000e+03,1.775000000000000000e+03,8.062903787307524883e-01,-1.145115985419414617e+00,1.374402163548810396e+00
7.535000000000000142e+00,1.675000000000000000e+03,1.775000000000000000e+03,8.009685975436611205e-01,-1.141874109547617255e+00,1.368241229181552221e+00
7.552999999999999936e+00,1.675000000000000000e+03,1.775000000000000000e+03,8.009685975436611205e-01,-1.141874109547617255e+00,1.368241229181552221e+00
7.570000000000000284e+00,1.675000000000000000e+03,1.775000000000000000e+03,7.817472052173510821e-01,-1.131986956454085647e+00,1.348698569862598617e+00
7.586999999999999744e+00,1.675000000000000000e+03,1.775000000000000000e+03,7.817472052173510821e-01,-1.131986956454085647e+00,1.348698569862598617e+00
7.604000000000000092e+00,1.675000000000000000e+03,1.775000000000000000e+03,7.770359925083187846e-01,-1.128754270242593449e+00,1.342224614644029757e+00
7.621000000000000441e+00,1.675000000000000000e+03,1.775000000000000000e+03,7.770359925083187846e-01,-1.128754270242593449e+00,1.342224614644029757e+00
7.637999999999999901e+00,1.675000000000000000e+03,1.775000000000000000e+03,7.627661077848453264e-01,-1.122073036196190365e+00,1.320816754615958821e+00
7.655000000000000249e+00,1.675000000000000000e+03,1.775000000000000000e+03,7.627661077848453264e-01,-1.122073036196190365e+00,1.320816754615958821e+00
7.671999999999999709e+00,1.675000000000000000e+03,1.775000000000000000e+03,7.580316796215567088e-01,-1.118826912424609077e+00,1.321986264637596165e+00
7.690000000000000391e+00,1.675000000000000000e+03,1.775000000000000000e+03,7.580316796215567088e-01,-1.118826912424609077e+00,1.321986264637596165e+00
7.706999999999999851e+00,1.675000000000000000e+03,1.775000000000000000e+03,7.535097140440067953e-01,-1.116348871669071929e+00,1.315485710654100249e+00
7.724000000000000199e+00,1.675000000000000000e+03,1.775000000000000000e+03,7.535097140440067953e-01,-1.116348871669071929e+00,1.315485710654100249e+00
7.740999999999999659e+00,1.675000000000000000e+03,1.775000000000000000e+03,7.342825124738521225e-01,-1.104832190166002981e+00,1.302005464673430701e+00
7.759000000000000341e+00,1.675000000000000000e+03,1.775000000000000000e+03,7.342825124738521225e-01,-1.104832190166002981e+00,1.302005464673430701e+00
7.775999999999999801e+00,1.675000000000000000e+03,1.775000000000000000e+03,7.296348726764481096e-01,-1.103103232615008089e+00,1.295459613163833401e+00
7.793000000000000149e+00,1.675000000000000000e+03,1.775000000000000000e+03,7.296348726764481096e-01,-1.103103232615008089e+00,1.295459613163833401e+00
7.809999999999999609e+00,1.675000000000000000e+03,1.775000000000000000e+03,7.296348726764481096e-01,-1.103103232615008089e+00,1.295459613163833401e+00
7.826999999999999957e+00,1.675000000000000000e+03,1.775000000000000000e+03,6.970723768882558513e-01,-1.082470209284720042e+00,1.250319372011811980e+00
7.844000000000000306e+00,1.675000000000000000e+03,1.775000000000000000e+03,6.970723768882558513e-01,-1.082470209284720042e+00,1.250319372011811980e+00
7.860000000000000320e+00,1.675000000000000000e+03,1.775000000000000000e+03,6.873312701285794191e-01,-1.076637098933540759e+00,1.228303850278835263e+00
7.876999999999999780e+00,1.675000000000000000e+03,1.775000000000000000e+03,6.873312701285794191e-01,-1.076637098933540759e+00,1.228303850278835263e+00
7.894999999999999574e+00,1.675000000000000000e+03,1.775000000000000000e+03,6.873312701285794191e-01,-1.076637098933540759e+00,1.228303850278835263e+00
7.910999999999999588e+00,1.675000000000000000e+03,1.775000000000000000e+03,6.873312701285794191e-01,-1.076637098933540759e+00,1.228303850278835263e+00
7.927999999999999936e+00,1.675000000000000000e+03,1.775000000000000000e+03,6.831485393844023424e-01,-1.073355718467156272e+00,1.221519430779379967e+00
7.945000000000000284e+00,1.675000000000000000e+03,1.775000000000000000e+03,6.644011392224244972e-01,-1.060102827883543597e+00,1.197274924996606371e+00
7.961999999999999744e+00,1.675000000000000000e+03,1.775000000000000000e+03,6.644011392224244972e-01,-1.060102827883543597e+00,1.197274924996606371e+00
7.979000000000000092e+00,1.675000000000000000e+03,1.775000000000000000e+03,6.601876241480801877e-01,-1.056798482906623704e+00,1.198207074155069440e+00
7.996000000000000441e+00,1.675000000000000000e+03,1.775000000000000000e+03,6.601876241480801877e-01,-1.056798482906623704e+00,1.198207074155069440e+00
8.013999999999999346e+00,1.675000000000000000e+03,1.775000000000000000e+03,6.550758391355546717e-01,-1.052668379171505908e+00,1.178004590351400926e+00
8.029999999999999361e+00,1.675000000000000000e+03,1.775000000000000000e+03,6.550758391355546717e-01,-1.052668379171505908e+00,1.178004590351400926e+00
8.047000000000000597e+00,1.675000000000000000e+03,1.775000000000000000e+03,6.416367932028341770e-01,-1.043466625681024773e+00,1.173321713049417125e+00
8.064000000000000057e+00,1.675000000000000000e+03,1.775000000000000000e+03,6.416367932028341770e-01,-1.043466625681024773e+00,1.173321713049417125e+00
8.082000000000000739e+00,1.675000000000000000e+03,1.775000000000000000e+03,6.365794163232814107e-01,-1.038528211647973265e+00,1.160509343504201096e+00
8.099000000000000199e+00,1.675000000000000000e+03,1.775000000000000000e+03,6.365794163232814107e-01,-1.038528211647973265e+00,1.160509343504201096e+00
8.115999999999999659e+00,1.675000000000000000e+03,1.775000000000000000e+03,6.316708063980127630e-01,-1.035166345002304311e+00,1.153661481138442468e+00
8.132999999999999119e+00,1.675000000000000000e+03,1.775000000000000000e+03,6.316708063980127630e-01,-1.035166345002304311e+00,1.153661481138442468e+00
8.150000000000000355e+00,1.675000000000000000e+03,1.775000000000000000e+03,6.136119869768514867e-01,-1.021740179404313498e+00,1.095841888006423348e+00
8.166999999999999815e+00,1.675000000000000000e+03,1.775000000000000000e+03,6.092474006096801897e-01,-1.019174055552715785e+00,1.088903430090848889e+00
8.185999999999999943e+00,1.675000000000000000e+03,1.775000000000000000e+03,6.092474006096801897e-01,-1.019174055552715785e+00,1.088903430090848889e+00
8.202999999999999403e+00,1.675000000000000000e+03,1.775000000000000000e+03,6.039698173491667710e-01,-1.015771226183351583e+00,1.090069428682818309e+00
8.220000000000000639e+00,1.675000000000000000e+03,1.775000000000000000e+03,6.039698173491667710e-01,-1.015771226183351583e+00,1.090069428682818309e+00
8.237000000000000099e+00,1.675000000000000000e+03,1.775000000000000000e+03,6.039698173491667710e-01,-1.015771226183351583e+00,1.090069428682818309e+00
8.253999999999999559e+00,1.675000000000000000e+03,1.775000000000000000e+03,5.996739132958091023e-01,-1.012404809131910000e+00,1.091000842213264654e+00
8.272000000000000242e+00,1.675000000000000000e+03,1.775000000000000000e+03,5.805213167051035406e-01,-9.980099433795848185e-01,1.070952302022290192e+00
8.288999999999999702e+00,1.675000000000000000e+03,1.775000000000000000e+03,5.805213167051035406e-01,-9.980099433795848185e-01,1.070952302022290192e+00
8.305999999999999162e+00,1.675000000000000000e+03,1.775000000000000000e+03,5.761926892478768103e-01,-9.946184323121314286e-01,1.071882326048749334e+00
8.323000000000000398e+00,1.675000000000000000e+03,1.775000000000000000e+03,5.761926892478768103e-01,-9.946184323121314286e-01,1.071882326048749334e+00
8.339999999999999858e+00,1.675000000000000000e+03,1.775000000000000000e+03,5.718579009205149166e-01,-9.912221117557349359e-01,1.064977349929642436e+00
8.356999999999999318e+00,1.675000000000000000e+03,1.775000000000000000e+03,5.718579009205149166e-01,-9.912221117557349359e-01,1.064977349929642436e+00
8.375000000000000000e+00,1.675000000000000000e+03,1.775000000000000000e+03,5.494260905534900097e-01,-9.741402490490735921e-01,1.018759899222458909e+00
8.391999999999999460e+00,1.675000000000000000e+03,1.775000000000000000e+03,5.447914152317492320e-01,-9.698923738898881375e-01,1.001392261277796569e+00
8.409000000000000696e+00,1.675000000000000000e+03,1.775000000000000000e+03,5.447914152317492320e-01,-9.698923738898881375e-01,1.001392261277796569e+00
8.426000000000000156e+00,1.675000000000000000e+03,1.775000000000000000e+03,5.404116639540619271e-01,-9.664608493491124719e-01,9.945005924396936869e-01
8.442999999999999616e+00,1.675000000000000000e+03,1.775000000000000000e+03,5.404116639540619271e-01,-9.664608493491124719e-01,9.945005924396936869e-01
8.460000000000000853e+00,1.675000000000000000e+03,1.775000000000000000e+03,5.360256351105601169e-01,-9.630244203603282038e-01,9.954097121742347953e-01
8.477000000000000313e+00,1.675000000000000000e+03,1.775000000000000000e+03,5.360256351105601169e-01,-9.630244203603282038e-01,9.954097121742347953e-01
8.493999999999999773e+00,1.675000000000000000e+03,1.775000000000000000e+03,5.222956402592346947e-01,-9.510278569272756499e-01,9.714351095814295345e-01
8.510999999999999233e+00,1.675000000000000000e+03,1.775000000000000000e+03,5.222956402592346947e-01,-9.510278569272756499e-01,9.714351095814295345e-01
8.528000000000000469e+00,1.675000000000000000e+03,1.775000000000000000e+03,5.222956402592346947e-01,-9.510278569272756499e-01,9.714351095814295345e-01
8.544999999999999929e+00,1.675000000000000000e+03,1.775000000000000000e+03,5.222956402592346947e-01,-9.510278569272756499e-01,9.714351095814295345e-01
8.561999999999999389e+00,1.675000000000000000e+03,1.775000000000000000e+03,5.185512194002057651e-01,-9.475971979481920826e-01,9.723358531416343986e-01
8.579000000000000625e+00,1.675000000000000000e+03,1.775000000000000000e+03,5.185512194002057651e-01,-9.475971979481920826e-01,9.723358531416343986e-01
8.596000000000000085e+00,1.675000000000000000e+03,1.775000000000000000e+03,4.999572243337073729e-01,-9.320281108976460338e-01,9.766435901115828599e-01
8.612999999999999545e+00,1.675000000000000000e+03,1.775000000000000000e+03,4.999572243337073729e-01,-9.320281108976460338e-01,9.766435901115828599e-01
8.630000000000000782e+00,1.675000000000000000e+03,1.775000000000000000e+03,4.959088924764740725e-01,-9.277330348906347446e-01,9.500051885973351817e-01
8.647000000000000242e+00,1.675000000000000000e+03,1.775000000000000000e+03,4.915171751818261381e-01,-9.234161877630291393e-01,9.508979915793341897e-01
8.666000000000000369e+00,1.675000000000000000e+03,1.775000000000000000e+03,4.915171751818261381e-01,-9.234161877630291393e-01,9.508979915793341897e-01
8.682999999999999829e+00,1.675000000000000000e+03,1.775000000000000000e+03,4.737527928505194108e-01,-9.077319011142255256e-01,9.265278575215043499e-01
8.699999999999999289e+00,1.675000000000000000e+03,1.775000000000000000e+03,4.737527928505194108e-01,-9.077319011142255256e-01,9.265278575215043499e-01
8.717000000000000526e+00,1.675000000000000000e+03,1.775000000000000000e+03,4.737527928505194108e-01,-9.077319011142255256e-01,9.265278575215043499e-01
8.734999999999999432e+00,1.675000000000000000e+03,1.775000000000000000e+03,4.737527928505194108e-01,-9.077319011142255256e-01,9.265278575215043499e-01
8.752000000000000668e+00,1.675000000000000000e+03,1.775000000000000000e+03,4.737527928505194108e-01,-9.077319011142255256e-01,9.265278575215043499e-01
8.769000000000000128e+00,1.675000000000000000e+03,1.775000000000000000e+03,4.737527928505194108e-01,-9.077319011142255256e-01,9.265278575215043499e-01
8.785999999999999588e+00,1.675000000000000000e+03,1.775000000000000000e+03,4.568875449278759771e-01,-8.919876719597601422e-01,8.798415024432751919e-01
8.803000000000000824e+00,1.675000000000000000e+03,1.775000000000000000e+03,4.568875449278759771e-01,-8.919876719597601422e-01,8.798415024432751919e-01
8.820000000000000284e+00,1.675000000000000000e+03,1.775000000000000000e+03,4.517503833036660144e-01,-8.875778239243494738e-01,8.806963481007709094e-01
8.836999999999999744e+00,1.675000000000000000e+03,1.775000000000000000e+03,4.517503833036660144e-01,-8.875778239243494738e-01,8.806963481007709094e-01
8.855000000000000426e+00,1.675000000000000000e+03,1.775000000000000000e+03,4.479051011016306205e-01,-8.840555499660016636e-01,8.815519258002370018e-01
8.872999999999999332e+00,1.675000000000000000e+03,1.775000000000000000e+03,4.479051011016306205e-01,-8.840555499660016636e-01,8.815519258002370018e-01
8.890000000000000568e+00,1.675000000000000000e+03,1.775000000000000000e+03,4.125577489530238839e-01,-8.486926065789996976e-01,8.051744132964120393e-01
8.907000000000000028e+00,1.675000000000000000e+03,1.775000000000000000e+03,4.125577489530238839e-01,-8.486926065789996976e-01,8.051744132964120393e-01
8.923999999999999488e+00,1.675000000000000000e+03,1.775000000000000000e+03,4.093363702276746618e-01,-8.451422380908395482e-01,8.058190602379874390e-01
8.941000000000000725e+00,1.675000000000000000e+03,1.775000000000000000e+03,4.093363702276746618e-01,-8.451422380908395482e-01,8.058190602379874390e-01
8.958000000000000185e+00,1.675000000000000000e+03,1.775000000000000000e+03,4.044954772163289469e-01,-8.398069386367557065e-01,7.826301943841230679e-01
8.974999999999999645e+00,1.675000000000000000e+03,1.775000000000000000e+03,4.044954772163289469e-01,-8.398069386367557065e-01,7.826301943841230679e-01
8.992000000000000881e+00,1.675000000000000000e+03,1.775000000000000000e+03,3.876852272797821630e-01,-8.201872235272782419e-01,7.613004784448567097e-01
9.009999999999999787e+00,1.675000000000000000e+03,1.775000000000000000e+03,3.876852272797821630e-01,-8.201872235272782419e-01,7.613004784448567097e-01
9.026999999999999247e+00,1.675000000000000000e+03,1.775000000000000000e+03,3.876852272797821630e-01,-8.201872235272782419e-01,7.613004784448567097e-01
9.044000000000000483e+00,1.675000000000000000e+03,1.775000000000000000e+03,3.837389160863238224e-01,-8.165657968013628754e-01,7.620682336478057373e-01
9.060999999999999943e+00,1.675000000000000000e+03,1.775000000000000000e+03,3.837389160863238224e-01,-8.165657968013628754e-01,7.620682336478057373e-01
9.077999999999999403e+00,1.675000000000000000e+03,1.775000000000000000e+03,3.798741457914038833e-01,-8.112113719158644543e-01,7.374151474674521811e-01
9.095000000000000639e+00,1.675000000000000000e+03,1.775000000000000000e+03,3.798741457914038833e-01,-8.112113719158644543e-01,7.374151474674521811e-01
9.112000000000000099e+00,1.675000000000000000e+03,1.775000000000000000e+03,3.674546694865818974e-01,-7.967869542425409790e-01,7.065083721139917561e-01
9.128999999999999559e+00,1.675000000000000000e+03,1.775000000000000000e+03,3.674546694865818974e-01,-7.967869542425409790e-01,7.065083721139917561e-01
9.147000000000000242e+00,1.675000000000000000e+03,1.775000000000000000e+03,3.674546694865818974e-01,-7.967869542425409790e-01,7.065083721139917561e-01
9.164999999999999147e+00,1.675000000000000000e+03,1.775000000000000000e+03,3.595687403124658843e-01,-7.877246395123793654e-01,7.082808863605050131e-01
9.182000000000000384e+00,1.675000000000000000e+03,1.775000000000000000e+03,3.595687403124658843e-01,-7.877246395123793654e-01,7.082808863605050131e-01
9.198999999999999844e+00,1.675000000000000000e+03,1.775000000000000000e+03,3.473380598466944136e-01,-7.740532129064003897e-01,6.769663970659630658e-01
9.215999999999999304e+00,1.675000000000000000e+03,1.775000000000000000e+03,3.473380598466944136e-01,-7.740532129064003897e-01,6.769663970659630658e-01
9.233000000000000540e+00,1.675000000000000000e+03,1.775000000000000000e+03,3.430519875453823531e-01,-7.685900631494892998e-01,6.574108206982242075e-01
9.250000000000000000e+00,1.675000000000000000e+03,1.775000000000000000e+03,3.430519875453823531e-01,-7.685900631494892998e-01,6.574108206982242075e-01
9.266999999999999460e+00,1.675000000000000000e+03,1.775000000000000000e+03,3.347271798680140353e-01,-7.594079479530599919e-01,6.590852454059540344e-01
9.284000000000000696e+00,1.675000000000000000e+03,1.775000000000000000e+03,3.347271798680140353e-01,-7.594079479530599919e-01,6.590852454059540344e-01
9.301000000000000156e+00,1.675000000000000000e+03,1.775000000000000000e+03,3.227392595551741294e-01,-7.447051563349593728e-01,6.332196431496195377e-01
9.317999999999999616e+00,1.675000000000000000e+03,1.775000000000000000e+03,3.227392595551741294e-01,-7.447051563349593728e-01,6.332196431496195377e-01
9.336000000000000298e+00,1.675000000000000000e+03,1.775000000000000000e+03,3.190322980697750666e-01,-7.409856026128807116e-01,6.272588442412149190e-01
9.352999999999999758e+00,1.675000000000000000e+03,1.775000000000000000e+03,3.190322980697750666e-01,-7.409856026128807116e-01,6.272588442412149190e-01
9.371000000000000441e+00,1.675000000000000000e+03,1.775000000000000000e+03,3.190322980697750666e-01,-7.409856026128807116e-01,6.272588442412149190e-01
9.388999999999999346e+00,1.675000000000000000e+03,1.775000000000000000e+03,3.032503885488095907e-01,-7.215288295910027294e-01,6.082886414162512745e-01
9.406000000000000583e+00,1.675000000000000000e+03,1.775000000000000000e+03,2.917505459107840871e-01,-7.075304442274372718e-01,5.748643491734829469e-01
9.423000000000000043e+00,1.675000000000000000e+03,1.775000000000000000e+03,2.917505459107840871e-01,-7.075304442274372718e-01,5.748643491734829469e-01
9.441000000000000725e+00,1.675000000000000000e+03,1.775000000000000000e+03,2.883724355354695401e-01,-7.028671444850003169e-01,5.462950495001911433e-01
9.458000000000000185e+00,1.675000000000000000e+03,1.775000000000000000e+03,2.883724355354695401e-01,-7.028671444850003169e-01,5.462950495001911433e-01
9.476000000000000867e+00,1.675000000000000000e+03,1.775000000000000000e+03,2.846354415260237136e-01,-6.981797384196055667e-01,5.467664091430561868e-01
9.493000000000000327e+00,1.675000000000000000e+03,1.775000000000000000e+03,2.846354415260237136e-01,-6.981797384196055667e-01,5.467664091430561868e-01
9.509999999999999787e+00,1.675000000000000000e+03,1.775000000000000000e+03,2.846354415260237136e-01,-6.981797384196055667e-01,5.467664091430561868e-01
9.526999999999999247e+00,1.675000000000000000e+03,1.775000000000000000e+03,2.733821031617293951e-01,-6.840643312914256313e-01,5.486556714067073459e-01
9.544000000000000483e+00,1.675000000000000000e+03,1.775000000000000000e+03,2.733821031617293951e-01,-6.840643312914256313e-01,5.486556714067073459e-01
9.560999999999999943e+00,1.675000000000000000e+03,1.775000000000000000e+03,2.692876885984916147e-01,-6.784142974019848893e-01,5.195382795134169118e-01
9.577999999999999403e+00,1.675000000000000000e+03,1.775000000000000000e+03,2.692876885984916147e-01,-6.784142974019848893e-01,5.195382795134169118e-01
9.595000000000000639e+00,1.675000000000000000e+03,1.775000000000000000e+03,2.617571530566529248e-01,-6.680226086862397494e-01,4.904558355818868787e-01
9.612000000000000099e+00,1.675000000000000000e+03,1.775000000000000000e+03,2.617571530566529248e-01,-6.680226086862397494e-01,4.904558355818868787e-01
9.628999999999999559e+00,1.675000000000000000e+03,1.775000000000000000e+03,2.617571530566529248e-01,-6.680226086862397494e-01,4.904558355818868787e-01
9.647999999999999687e+00,1.675000000000000000e+03,1.775000000000000000e+03,2.479636437351613321e-01,-6.499397325787672486e-01,4.617707818719503643e-01
9.664999999999999147e+00,1.675000000000000000e+03,1.775000000000000000e+03,2.431396561472320972e-01,-6.423314626147353934e-01,4.678648696594077117e-01
9.682999999999999829e+00,1.675000000000000000e+03,1.775000000000000000e+03,2.431396561472320972e-01,-6.423314626147353934e-01,4.678648696594077117e-01
9.701000000000000512e+00,1.675000000000000000e+03,1.775000000000000000e+03,2.396513503811799062e-01,-6.384713551971032963e-01,4.993537274068568510e-01
9.717999999999999972e+00,1.675000000000000000e+03,1.775000000000000000e+03,2.396513503811799062e-01,-6.384713551971032963e-01,4.993537274068568510e-01
9.736000000000000654e+00,1.675000000000000000e+03,1.775000000000000000e+03,2.396513503811799062e-01,-6.384713551971032963e-01,4.993537274068568510e-01
9.753000000000000114e+00,1.675000000000000000e+03,1.775000000000000000e+03,2.288671235069918986e-01,-6.231142967966065704e-01,4.698214852778919148e-01
9.769999999999999574e+00,1.675000000000000000e+03,1.775000000000000000e+03,2.288671235069918986e-01,-6.231142967966065704e-01,4.698214852778919148e-01
9.787000000000000810e+00,1.675000000000000000e+03,1.775000000000000000e+03,2.253715275578780375e-01,-6.182909914644052485e-01,4.391123630623162133e-01
9.804999999999999716e+00,1.675000000000000000e+03,1.775000000000000000e+03,2.253715275578780375e-01,-6.182909914644052485e-01,4.391123630623162133e-01
9.820999999999999730e+00,1.675000000000000000e+03,1.775000000000000000e+03,2.225702334106534064e-01,-6.144256985965710349e-01,4.030337583130412238e-01
9.839000000000000412e+00,1.675000000000000000e+03,1.775000000000000000e+03,2.225702334106534064e-01,-6.144256985965710349e-01,4.030337583130412238e-01
9.856999999999999318e+00,1.675000000000000000e+03,1.775000000000000000e+03,2.225702334106534064e-01,-6.144256985965710349e-01,4.030337583130412238e-01
9.874000000000000554e+00,1.675000000000000000e+03,1.775000000000000000e+03,1.843766847150476451e-01,-5.568806875041985016e-01,3.529948456569887427e-01
9.891000000000000014e+00,1.675000000000000000e+03,1.775000000000000000e+03,1.843766847150476451e-01,-5.568806875041985016e-01,3.529948456569887427e-01
9.907999999999999474e+00,1.675000000000000000e+03,1.775000000000000000e+03,1.808010307782910164e-01,-5.509712914817952445e-01,3.532868031364060912e-01
9.925000000000000711e+00,1.675000000000000000e+03,1.775000000000000000e+03,1.808010307782910164e-01,-5.509712914817952445e-01,3.532868031364060912e-01
9.942000000000000171e+00,1.675000000000000000e+03,1.775000000000000000e+03,1.808010307782910164e-01,-5.509712914817952445e-01,3.532868031364060912e-01
9.958999999999999631e+00,1.675000000000000000e+03,1.775000000000000000e+03,1.808010307782910164e-01,-5.509712914817952445e-01,3.532868031364060912e-01
9.977000000000000313e+00,1.675000000000000000e+03,1.775000000000000000e+03,1.678625737535264228e-01,-5.291972030391400850e-01,2.895674782236826728e-01
9.993999999999999773e+00,1.675000000000000000e+03,1.775000000000000000e+03,1.678625737535264228e-01,-5.291972030391400850e-01,2.895674782236826728e-01
1.001099999999999923e+01,1.675000000000000000e+03,1.775000000000000000e+03,1.646076724195961738e-01,-5.242090455447101505e-01,3.224712679752781419e-01
1.002800000000000047e+01,1.675000000000000000e+03,1.775000000000000000e+03,1.646076724195961738e-01,-5.242090455447101505e-01,3.224712679752781419e-01
1.004499999999999993e+01,1.675000000000000000e+03,1.775000000000000000e+03,1.646076724195961738e-01,-5.242090455447101505e-01,3.224712679752781419e-01
1.006199999999999939e+01,1.675000000000000000e+03,1.775000000000000000e+03,1.646076724195961738e-01,-5.242090455447101505e-01,3.224712679752781419e-01
1.007900000000000063e+01,1.675000000000000000e+03,1.775000000000000000e+03,1.522620807967529633e-01,-5.032164350572694289e-01,2.986957090443949081e-01
1.009600000000000009e+01,1.675000000000000000e+03,1.775000000000000000e+03,1.522620807967529633e-01,-5.032164350572694289e-01,2.986957090443949081e-01
1.011299999999999955e+01,1.675000000000000000e+03,1.775000000000000000e+03,1.493427534614910623e-01,-4.981945184535216953e-01,2.950973611675335451e-01
1.013000000000000078e+01,1.675000000000000000e+03,1.775000000000000000e+03,1.493427534614910623e-01,-4.981945184535216953e-01,2.950973611675335451e-01
1.014700000000000024e+01,1.675000000000000000e+03,1.775000000000000000e+03,1.431210693313851312e-01,-4.871220294911591253e-01,2.626135098199222084e-01
1.016499999999999915e+01,1.675000000000000000e+03,1.775000000000000000e+03,1.431210693313851312e-01,-4.871220294911591253e-01,2.626135098199222084e-01
1.018200000000000038e+01,1.675000000000000000e+03,1.775000000000000000e+03,1.431210693313851312e-01,-4.871220294911591253e-01,2.626135098199222084e-01
1.019999999999999929e+01,1.675000000000000000e+03,1.775000000000000000e+03,1.309673877784196527e-01,-4.668324035934965366e-01,2.670941766582503041e-01
1.021700000000000053e+01,1.675000000000000000e+03,1.775000000000000000e+03,1.309673877784196527e-01,-4.668324035934965366e-01,2.670941766582503041e-01
1.023499999999999943e+01,1.675000000000000000e+03,1.775000000000000000e+03,1.309673877784196527e-01,-4.668324035934965366e-01,2.670941766582503041e-01
1.025200000000000067e+01,1.675000000000000000e+03,1.775000000000000000e+03,1.280058572950693030e-01,-4.607471312958457688e-01,2.339782597708962297e-01
1.026900000000000013e+01,1.675000000000000000e+03,1.775000000000000000e+03,1.280058572950693030e-01,-4.607471312958457688e-01,2.339782597708962297e-01
1.028700000000000081e+01,1.675000000000000000e+03,1.775000000000000000e+03,1.250386445481759257e-01,-4.556422139100000379e-01,2.373437202695868609e-01
1.030400000000000027e+01,1.675000000000000000e+03,1.775000000000000000e+03,1.250386445481759257e-01,-4.556422139100000379e-01,2.373437202695868609e-01
1.032099999999999973e+01,1.675000000000000000e+03,1.775000000000000000e+03,1.172195053461924097e-01,-4.413193063946323491e-01,2.042941493250837737e-01
1.033900000000000041e+01,1.675000000000000000e+03,1.775000000000000000e+03,1.172195053461924097e-01,-4.413193063946323491e-01,2.042941493250837737e-01
1.035599999999999987e+01,1.675000000000000000e+03,1.775000000000000000e+03,1.172195053461924097e-01,-4.413193063946323491e-01,2.042941493250837737e-01
1.037400000000000055e+01,1.675000000000000000e+03,1.775000000000000000e+03,1.006746177722392943e-01,-4.073417155138283618e-01,1.408900293038039264e-01
1.039199999999999946e+01,1.675000000000000000e+03,1.775000000000000000e+03,1.006746177722392943e-01,-4.073417155138283618e-01,1.408900293038039264e-01
1.040900000000000070e+01,1.675000000000000000e+03,1.775000000000000000e+03,1.006746177722392943e-01,-4.073417155138283618e-01,1.408900293038039264e-01
1.042600000000000016e+01,1.675000000000000000e+03,1.775000000000000000e+03,9.194212602940354806e-02,-3.896593815540860817e-01,1.434422404835089260e-01
1.044299999999999962e+01,1.675000000000000000e+03,1.775000000000000000e+03,9.194212602940354806e-02,-3.896593815540860817e-01,1.434422404835089260e-01
1.046100000000000030e+01,1.675000000000000000e+03,1.775000000000000000e+03,9.040924435569630546e-02,-3.855067457276604159e-01,1.435379614182120123e-01
1.047799999999999976e+01,1.675000000000000000e+03,1.775000000000000000e+03,9.040924435569630546e-02,-3.855067457276604159e-01,1.435379614182120123e-01
1.049499999999999922e+01,1.675000000000000000e+03,1.775000000000000000e+03,8.735314377394121088e-02,-3.792297829764201822e-01,1.100512450443818929e-01
1.051200000000000045e+01,1.675000000000000000e+03,1.775000000000000000e+03,8.735314377394121088e-02,-3.792297829764201822e-01,1.100512450443818929e-01
1.052899999999999991e+01,1.675000000000000000e+03,1.775000000000000000e+03,8.237849930727736414e-02,-3.697683589760920597e-01,1.083829900757138226e-01
1.054599999999999937e+01,1.675000000000000000e+03,1.775000000000000000e+03,8.237849930727736414e-02,-3.697683589760920597e-01,1.083829900757138226e-01
1.056300000000000061e+01,1.675000000000000000e+03,1.775000000000000000e+03,7.503404553966319668e-02,-3.519048243652989072e-01,7.867846325599509028e-02
1.058000000000000007e+01,1.675000000000000000e+03,1.775000000000000000e+03,7.503404553966319668e-02,-3.519048243652989072e-01,7.867846325599509028e-02
1.059800000000000075e+01,1.675000000000000000e+03,1.775000000000000000e+03,7.233007254414136611e-02,-3.466022885926225428e-01,7.872003417711115336e-02
1.061400000000000077e+01,1.675000000000000000e+03,1.775000000000000000e+03,7.233007254414136611e-02,-3.466022885926225428e-01,7.872003417711115336e-02
1.063199999999999967e+01,1.675000000000000000e+03,1.775000000000000000e+03,6.727286770565044094e-02,-3.349432702536061512e-01,4.570203123126522632e-02
1.064799999999999969e+01,1.675000000000000000e+03,1.775000000000000000e+03,6.727286770565044094e-02,-3.349432702536061512e-01,4.570203123126522632e-02
1.066600000000000037e+01,1.675000000000000000e+03,1.775000000000000000e+03,6.494509461627151481e-02,-3.306676526837506458e-01,4.680323063994484140e-02
1.068299999999999983e+01,1.675000000000000000e+03,1.775000000000000000e+03,6.494509461627151481e-02,-3.306676526837506458e-01,4.680323063994484140e-02
1.069899999999999984e+01,1.675000000000000000e+03,1.775000000000000000e+03,6.261357173323478520e-02,-3.263851623146427627e-01,4.571299558179789391e-02
1.071700000000000053e+01,1.675000000000000000e+03,1.775000000000000000e+03,6.261357173323478520e-02,-3.263851623146427627e-01,4.571299558179789391e-02
1.073399999999999999e+01,1.675000000000000000e+03,1.775000000000000000e+03,6.026455940894814844e-02,-3.210499793274372848e-01,4.572707264959956219e-02
1.075099999999999945e+01,1.675000000000000000e+03,1.775000000000000000e+03,5.082140665478629415e-02,-2.996024063708420115e-01,4.802522349449532546e-02
1.076800000000000068e+01,1.675000000000000000e+03,1.775000000000000000e+03,5.082140665478629415e-02,-2.996024063708420115e-01,4.802522349449532546e-02
1.078500000000000014e+01,1.675000000000000000e+03,1.775000000000000000e+03,4.766765584738852368e-02,-2.931196581772326226e-01,1.458378203565575092e-02
1.080199999999999960e+01,1.675000000000000000e+03,1.775000000000000000e+03,4.766765584738852368e-02,-2.931196581772326226e-01,1.458378203565575092e-02
1.081900000000000084e+01,1.675000000000000000e+03,1.775000000000000000e+03,4.567189321443176908e-02,-2.877365839695649186e-01,1.457198720504568334e-02
1.083600000000000030e+01,1.675000000000000000e+03,1.775000000000000000e+03,4.567189321443176908e-02,-2.877365839695649186e-01,1.457198720504568334e-02
1.085299999999999976e+01,1.675000000000000000e+03,1.775000000000000000e+03,4.567189321443176908e-02,-2.877365839695649186e-01,1.457198720504568334e-02
1.086999999999999922e+01,1.675000000000000000e+03,1.775000000000000000e+03,4.567189321443176908e-02,-2.877365839695649186e-01,1.457198720504568334e-02
1.088700000000000045e+01,1.675000000000000000e+03,1.775000000000000000e+03,3.087661861774648742e-02,-2.529336394167911450e-01,-1.805395080603415872e-02
1.090399999999999991e+01,1.675000000000000000e+03,1.775000000000000000e+03,3.087661861774648742e-02,-2.529336394167911450e-01,-1.805395080603415872e-02
1.092099999999999937e+01,1.675000000000000000e+03,1.775000000000000000e+03,2.805704852497070689e-02,-2.463567845397625078e-01,1.599646774213675515e-02
1.093900000000000006e+01,1.675000000000000000e+03,1.775000000000000000e+03,2.194606291533807152e-02,-2.298927343844745508e-01,-1.747844169240924880e-02
1.095599999999999952e+01,1.675000000000000000e+03,1.775000000000000000e+03,2.194606291533807152e-02,-2.298927343844745508e-01,-1.747844169240924880e-02
1.097400000000000020e+01,1.675000000000000000e+03,1.775000000000000000e+03,2.031020956209061978e-02,-2.254854696344610332e-01,-1.789704810108512859e-02
1.099099999999999966e+01,1.675000000000000000e+03,1.775000000000000000e+03,2.031020956209061978e-02,-2.254854696344610332e-01,-1.789704810108512859e-02
1.100799999999999912e+01,1.675000000000000000e+03,1.775000000000000000e+03,1.826166964833042528e-02,-2.199663620729408464e-01,-1.793645846847435887e-02
1.102500000000000036e+01,1.675000000000000000e+03,1.775000000000000000e+03,1.492961190098807123e-02,-2.089334519931167478e-01,-5.109342893630121341e-02
1.104299999999999926e+01,1.675000000000000000e+03,1.775000000000000000e+03,1.492961190098807123e-02,-2.089334519931167478e-01,-5.109342893630121341e-02
1.106000000000000050e+01,1.675000000000000000e+03,1.775000000000000000e+03,1.082875234513602791e-02,-1.989110889310872210e-01,-5.121564798319951789e-02
1.107699999999999996e+01,1.675000000000000000e+03,1.775000000000000000e+03,1.082875234513602791e-02,-1.989110889310872210e-01,-5.121564798319951789e-02
1.109500000000000064e+01,1.675000000000000000e+03,1.775000000000000000e+03,7.078521887572186699e-03,-1.877733766819265071e-01,-8.439989936119431102e-02
1.111200000000000010e+01,1.675000000000000000e+03,1.775000000000000000e+03,7.078521887572186699e-03,-1.877733766819265071e-01,-8.439989936119431102e-02
1.112899999999999956e+01,1.675000000000000000e+03,1.775000000000000000e+03,7.078521887572186699e-03,-1.877733766819265071e-01,-8.439989936119431102e-02
1.114600000000000080e+01,1.675000000000000000e+03,1.775000000000000000e+03,7.078521887572186699e-03,-1.877733766819265071e-01,-8.439989936119431102e-02
1.116200000000000081e+01,1.675000000000000000e+03,1.775000000000000000e+03,3.313048946993468746e-03,-1.765903777387816120e-01,-8.495932574163780893e-02
1.117900000000000027e+01,1.675000000000000000e+03,1.775000000000000000e+03,-2.560128693144481105e-03,-1.597204185718172909e-01,-8.530856783537330013e-02
1.119800000000000040e+01,1.675000000000000000e+03,1.775000000000000000e+03,-2.560128693144481105e-03,-1.597204185718172909e-01,-8.530856783537330013e-02
1.121499999999999986e+01,1.675000000000000000e+03,1.775000000000000000e+03,-4.264003332275390079e-03,-1.540874035887727089e-01,-1.187951957857925067e-01
1.123300000000000054e+01,1.675000000000000000e+03,1.775000000000000000e+03,-4.264003332275390079e-03,-1.540874035887727089e-01,-1.187951957857925067e-01
1.125000000000000000e+01,1.675000000000000000e+03,1.775000000000000000e+03,-5.998613003539876587e-03,-1.473286182866271332e-01,-1.196935176321833605e-01
1.126699999999999946e+01,1.675000000000000000e+03,1.775000000000000000e+03,-5.998613003539876587e-03,-1.473286182866271332e-01,-1.196935176321833605e-01
1.128400000000000070e+01,1.675000000000000000e+03,1.775000000000000000e+03,-1.071984747945098349e-02,-1.314603128512317198e-01,-1.512839973461733156e-01
1.130100000000000016e+01,1.675000000000000000e+03,1.775000000000000000e+03,-1.071984747945098349e-02,-1.314603128512317198e-01,-1.512839973461733156e-01
1.131799999999999962e+01,1.675000000000000000e+03,1.775000000000000000e+03,-1.201733432828477888e-02,-1.269127011422392926e-01,-1.525664361840646799e-01
1.133500000000000085e+01,1.675000000000000000e+03,1.775000000000000000e+03,-1.334578584575485394e-02,-1.212328877182047293e-01,-1.515498872027893351e-01
1.135200000000000031e+01,1.675000000000000000e+03,1.775000000000000000e+03,-1.334578584575485394e-02,-1.212328877182047293e-01,-1.515498872027893351e-01
1.136999999999999922e+01,1.675000000000000000e+03,1.775000000000000000e+03,-2.655751204292444712e-02,-7.181773487958054147e-02,-2.196467190657274138e-01
1.138700000000000045e+01,1.675000000000000000e+03,1.775000000000000000e+03,-2.655751204292444712e-02,-7.181773487958054147e-02,-2.196467190657274138e-01
1.140399999999999991e+01,1.675000000000000000e+03,1.775000000000000000e+03,-2.748279859827151839e-02,-6.719278628753055926e-02,-2.198251550006205812e-01
1.142099999999999937e+01,1.675000000000000000e+03,1.775000000000000000e+03,-2.880906059177235079e-02,-6.253949061354635575e-02,-2.219313373138676604e-01
1.143900000000000006e+01,1.675000000000000000e+03,1.775000000000000000e+03,-2.880906059177235079e-02,-6.253949061354635575e-02,-2.219313373138676604e-01
1.145700000000000074e+01,1.675000000000000000e+03,1.775000000000000000e+03,-3.020259667828684158e-02,-5.557631637681836878e-02,-2.523853365591074427e-01
1.147400000000000020e+01,1.675000000000000000e+03,1.775000000000000000e+03,-3.020259667828684158e-02,-5.557631637681836878e-02,-2.523853365591074427e-01
1.149200000000000088e+01,1.675000000000000000e+03,1.775000000000000000e+03,-3.020259667828684158e-02,-5.557631637681836878e-02,-2.523853365591074427e-01
1.150999999999999979e+01,1.675000000000000000e+03,1.775000000000000000e+03,-3.380192128953529718e-02,-4.155641901577933339e-02,-2.552741845648391350e-01
1.152699999999999925e+01,1.675000000000000000e+03,1.775000000000000000e+03,-3.380192128953529718e-02,-4.155641901577933339e-02,-2.552741845648391350e-01
1.154400000000000048e+01,1.675000000000000000e+03,1.775000000000000000e+03,-3.614525114616551349e-02,-2.985491327745126711e-02,-2.556882012926983694e-01
1.156099999999999994e+01,1.675000000000000000e+03,1.775000000000000000e+03,-3.614525114616551349e-02,-2.985491327745126711e-02,-2.556882012926983694e-01
1.157799999999999940e+01,1.675000000000000000e+03,1.775000000000000000e+03,-3.614525114616551349e-02,-2.985491327745126711e-02,-2.556882012926983694e-01
1.159600000000000009e+01,1.675000000000000000e+03,1.775000000000000000e+03,-4.021339648092725483e-02,-1.451753495303087504e-02,-2.586456260853516875e-01
1.161200000000000010e+01,1.675000000000000000e+03,1.775000000000000000e+03,-4.021339648092725483e-02,-1.451753495303087504e-02,-2.586456260853516875e-01
1.163000000000000078e+01,1.675000000000000000e+03,1.775000000000000000e+03,-4.079094460254983900e-02,-8.648679643292744856e-03,-2.913309733469709450e-01
1.164700000000000024e+01,1.675000000000000000e+03,1.775000000000000000e+03,-4.079094460254983900e-02,-8.648679643292744856e-03,-2.913309733469709450e-01
1.166399999999999970e+01,1.675000000000000000e+03,1.775000000000000000e+03,-4.268720991695795774e-02,8.178109535297295452e-04,-2.945283675581773508e-01
1.168099999999999916e+01,1.675000000000000000e+03,1.775000000000000000e+03,-4.268720991695795774e-02,8.178109535297295452e-04,-2.945283675581773508e-01
1.169800000000000040e+01,1.675000000000000000e+03,1.775000000000000000e+03,-4.488684352272409583e-02,6.803783281477571165e-03,-2.947595062726256487e-01
1.171499999999999986e+01,1.675000000000000000e+03,1.775000000000000000e+03,-4.488684352272409583e-02,6.803783281477571165e-03,-2.947595062726256487e-01
1.173199999999999932e+01,1.675000000000000000e+03,1.775000000000000000e+03,-4.488684352272409583e-02,6.803783281477571165e-03,-2.947595062726256487e-01
1.175000000000000000e+01,1.675000000000000000e+03,1.775000000000000000e+03,-4.488684352272409583e-02,6.803783281477571165e-03,-2.947595062726256487e-01
1.176699999999999946e+01,1.675000000000000000e+03,1.775000000000000000e+03,-4.878310009429931426e-02,2.824239807773132327e-02,-2.956971482709926935e-01
1.178400000000000070e+01,1.675000000000000000e+03,1.775000000000000000e+03,-4.878310009429931426e-02,2.824239807773132327e-02,-2.956971482709926935e-01
1.180100000000000016e+01,1.675000000000000000e+03,1.775000000000000000e+03,-4.974318918773068532e-02,3.303319905416657321e-02,-2.987392365236097858e-01
1.181799999999999962e+01,1.675000000000000000e+03,1.775000000000000000e+03,-5.744282471374528853e-02,7.044609287379444140e-02,-3.363830933751363328e-01
1.183600000000000030e+01,1.675000000000000000e+03,1.775000000000000000e+03,-5.744282471374528853e-02,7.044609287379444140e-02,-3.363830933751363328e-01
1.185399999999999920e+01,1.675000000000000000e+03,1.775000000000000000e+03,-5.902251811514158675e-02,8.136319484939757984e-02,-3.402050586597935022e-01
1.187100000000000044e+01,1.675000000000000000e+03,1.775000000000000000e+03,-5.902251811514158675e-02,8.136319484939757984e-02,-3.402050586597935022e-01
1.189000000000000057e+01,1.675000000000000000e+03,1.775000000000000000e+03,-5.902251811514158675e-02,8.136319484939757984e-02,-3.402050586597935022e-01
1.190700000000000003e+01,1.675000000000000000e+03,1.775000000000000000e+03,-6.056851720534517369e-02,9.110932708371066724e-02,-3.407412667188364219e-01
1.192399999999999949e+01,1.675000000000000000e+03,1.775000000000000000e+03,-6.056851720534517369e-02,9.110932708371066724e-02,-3.407412667188364219e-01
1.194100000000000072e+01,1.675000000000000000e+03,1.775000000000000000e+03,-6.056851720534517369e-02,9.110932708371066724e-02,-3.407412667188364219e-01
1.195800000000000018e+01,1.675000000000000000e+03,1.775000000000000000e+03,-6.056851720534517369e-02,9.110932708371066724e-02,-3.407412667188364219e-01
1.197499999999999964e+01,1.675000000000000000e+03,1.775000000000000000e+03,-6.265123515366166629e-02,1.045611601462770324e-01,-3.703786804487034234e-01
1.199300000000000033e+01,1.675000000000000000e+03,1.775000000000000000e+03,-6.265123515366166629e-02,1.045611601462770324e-01,-3.703786804487034234e-01
1.200999999999999979e+01,1.675000000000000000e+03,1.775000000000000000e+03,-6.285191207666684932e-02,1.106557314486718013e-01,-3.742998330789965578e-01
1.202800000000000047e+01,1.675000000000000000e+03,1.775000000000000000e+03,-6.285191207666684932e-02,1.106557314486718013e-01,-3.742998330789965578e-01
1.204599999999999937e+01,1.675000000000000000e+03,1.775000000000000000e+03,-6.473699680621347596e-02,1.303117363124259853e-01,-4.071094971562575493e-01
1.206300000000000061e+01,1.675000000000000000e+03,1.775000000000000000e+03,-6.473699680621347596e-02,1.303117363124259853e-01,-4.071094971562575493e-01
1.208099999999999952e+01,1.675000000000000000e+03,1.775000000000000000e+03,-6.531365949225920176e-02,1.352521020721315637e-01,-4.074199560696842859e-01
1.209800000000000075e+01,1.675000000000000000e+03,1.775000000000000000e+03,-6.531365949225920176e-02,1.352521020721315637e-01,-4.074199560696842859e-01
1.211500000000000021e+01,1.675000000000000000e+03,1.775000000000000000e+03,-6.531365949225920176e-02,1.352521020721315637e-01,-4.074199560696842859e-01
1.213199999999999967e+01,1.675000000000000000e+03,1.775000000000000000e+03,-6.792063474430332093e-02,1.514057629487073342e-01,-4.123588476713220263e-01
1.215000000000000036e+01,1.675000000000000000e+03,1.775000000000000000e+03,-6.792063474430332093e-02,1.514057629487073342e-01,-4.123588476713220263e-01
1.216799999999999926e+01,1.675000000000000000e+03,1.775000000000000000e+03,-6.808668275694040872e-02,1.563591817163159092e-01,-4.126734116531437513e-01
1.218500000000000050e+01,1.675000000000000000e+03,1.775000000000000000e+03,-6.808668275694040872e-02,1.563591817163159092e-01,-4.126734116531437513e-01
1.220199999999999996e+01,1.675000000000000000e+03,1.775000000000000000e+03,-6.841955208376937492e-02,1.662911339599677518e-01,-4.133039799457359775e-01
1.221899999999999942e+01,1.675000000000000000e+03,1.775000000000000000e+03,-6.841955208376937492e-02,1.662911339599677518e-01,-4.133039799457359775e-01
1.223600000000000065e+01,1.675000000000000000e+03,1.775000000000000000e+03,-6.858637460269800812e-02,1.712697096333677393e-01,-4.447563819274995556e-01
1.225300000000000011e+01,1.675000000000000000e+03,1.775000000000000000e+03,-6.858637460269800812e-02,1.712697096333677393e-01,-4.447563819274995556e-01
1.226999999999999957e+01,1.675000000000000000e+03,1.775000000000000000e+03,-6.858637460269800812e-02,1.712697096333677393e-01,-4.447563819274995556e-01
1.228800000000000026e+01,1.675000000000000000e+03,1.775000000000000000e+03,-7.050971952343010329e-02,1.913374632811946086e-01,-4.504692451012403120e-01
1.230499999999999972e+01,1.675000000000000000e+03,1.775000000000000000e+03,-7.050971952343010329e-02,1.913374632811946086e-01,-4.504692451012403120e-01
1.232199999999999918e+01,1.675000000000000000e+03,1.775000000000000000e+03,-7.113953430579789128e-02,1.976381585539019881e-01,-4.508063980691406347e-01
1.233900000000000041e+01,1.675000000000000000e+03,1.775000000000000000e+03,-7.113953430579789128e-02,1.976381585539019881e-01,-4.508063980691406347e-01
1.235599999999999987e+01,1.675000000000000000e+03,1.775000000000000000e+03,-7.157155702774931072e-02,2.228595941545634673e-01,-5.128825883051078005e-01
1.237299999999999933e+01,1.675000000000000000e+03,1.775000000000000000e+03,-7.157155702774931072e-02,2.228595941545634673e-01,-5.128825883051078005e-01
1.239100000000000001e+01,1.675000000000000000e+03,1.775000000000000000e+03,-7.297034106494670880e-02,2.394310923284299619e-01,-5.240415409483097919e-01
1.241000000000000014e+01,1.675000000000000000e+03,1.775000000000000000e+03,-7.297034106494670880e-02,2.394310923284299619e-01,-5.240415409483097919e-01
1.242699999999999960e+01,1.675000000000000000e+03,1.775000000000000000e+03,-7.314280244203308357e-02,2.445342017068803386e-01,-5.244152496758365256e-01
1.244400000000000084e+01,1.675000000000000000e+03,1.775000000000000000e+03,-7.273008933053404235e-02,2.572831829296093886e-01,-5.252187139836070884e-01
1.246100000000000030e+01,1.675000000000000000e+03,1.775000000000000000e+03,-7.273008933053404235e-02,2.572831829296093886e-01,-5.252187139836070884e-01
1.247899999999999920e+01,1.675000000000000000e+03,1.775000000000000000e+03,-7.247988726692389250e-02,2.623933196878809326e-01,-5.205338614160304189e-01
1.249600000000000044e+01,1.675000000000000000e+03,1.775000000000000000e+03,-7.247988726692389250e-02,2.623933196878809326e-01,-5.205338614160304189e-01
1.251299999999999990e+01,1.675000000000000000e+03,1.775000000000000000e+03,-7.345563042264879883e-02,2.662966145949425822e-01,-5.259698347497954174e-01
1.252999999999999936e+01,1.675000000000000000e+03,1.775000000000000000e+03,-7.345563042264879883e-02,2.662966145949425822e-01,-5.259698347497954174e-01
1.254700000000000060e+01,1.675000000000000000e+03,1.775000000000000000e+03,-7.345563042264879883e-02,2.662966145949425822e-01,-5.259698347497954174e-01
1.256499999999999950e+01,1.675000000000000000e+03,1.775000000000000000e+03,-7.278209843524674483e-02,2.713985048054912141e-01,-5.315694451520280861e-01
1.258200000000000074e+01,1.675000000000000000e+03,1.775000000000000000e+03,-7.278209843524674483e-02,2.713985048054912141e-01,-5.315694451520280861e-01
1.259900000000000020e+01,1.675000000000000000e+03,1.775000000000000000e+03,-7.198510809753466688e-02,2.855330472677755083e-01,-5.674642564695104863e-01
1.261599999999999966e+01,1.675000000000000000e+03,1.775000000000000000e+03,-7.198510809753466688e-02,2.855330472677755083e-01,-5.674642564695104863e-01
1.263400000000000034e+01,1.675000000000000000e+03,1.775000000000000000e+03,-7.215782222710931393e-02,2.907153997207947427e-01,-5.678572766951931472e-01
1.265099999999999980e+01,1.675000000000000000e+03,1.775000000000000000e+03,-7.139414439724856010e-02,2.932622472139518877e-01,-5.570198214516888235e-01
1.266799999999999926e+01,1.675000000000000000e+03,1.775000000000000000e+03,-7.139414439724856010e-02,2.932622472139518877e-01,-5.570198214516888235e-01
1.268500000000000050e+01,1.675000000000000000e+03,1.775000000000000000e+03,-7.139414439724856010e-02,2.932622472139518877e-01,-5.570198214516888235e-01
1.270199999999999996e+01,1.675000000000000000e+03,1.775000000000000000e+03,-7.139414439724856010e-02,2.932622472139518877e-01,-5.570198214516888235e-01
1.271899999999999942e+01,1.675000000000000000e+03,1.775000000000000000e+03,-7.029328264140088933e-02,3.113905558606777646e-01,-5.979093421935401942e-01
1.273600000000000065e+01,1.675000000000000000e+03,1.775000000000000000e+03,-7.029328264140088933e-02,3.113905558606777646e-01,-5.979093421935401942e-01
1.275300000000000011e+01,1.675000000000000000e+03,1.775000000000000000e+03,-7.089185159226785160e-02,3.166416363531396883e-01,-5.640859012416186147e-01
1.276999999999999957e+01,1.675000000000000000e+03,1.775000000000000000e+03,-7.089185159226785160e-02,3.166416363531396883e-01,-5.640859012416186147e-01
1.278800000000000026e+01,1.675000000000000000e+03,1.775000000000000000e+03,-7.059420554600048803e-02,3.205438375977553989e-01,-5.700304871168995202e-01
1.280599999999999916e+01,1.675000000000000000e+03,1.775000000000000000e+03,-6.995669804908954958e-02,3.401791182515019329e-01,-6.058487417981291978e-01
1.282300000000000040e+01,1.675000000000000000e+03,1.775000000000000000e+03,-6.995669804908954958e-02,3.401791182515019329e-01,-6.058487417981291978e-01
1.283999999999999986e+01,1.675000000000000000e+03,1.775000000000000000e+03,-6.995669804908954958e-02,3.401791182515019329e-01,-6.058487417981291978e-01
1.285800000000000054e+01,1.675000000000000000e+03,1.775000000000000000e+03,-6.995669804908954958e-02,3.401791182515019329e-01,-6.058487417981291978e-01
1.287599999999999945e+01,1.675000000000000000e+03,1.775000000000000000e+03,-6.858359390614454654e-02,3.638762202722336525e-01,-6.195988971477296436e-01
1.289300000000000068e+01,1.675000000000000000e+03,1.775000000000000000e+03,-6.858359390614454654e-02,3.638762202722336525e-01,-6.195988971477296436e-01
1.291000000000000014e+01,1.675000000000000000e+03,1.775000000000000000e+03,-6.819391696232024458e-02,3.784750153298768183e-01,-5.916273401476180860e-01
1.292699999999999960e+01,1.675000000000000000e+03,1.775000000000000000e+03,-6.819391696232024458e-02,3.784750153298768183e-01,-5.916273401476180860e-01
1.294400000000000084e+01,1.675000000000000000e+03,1.775000000000000000e+03,-6.789120279381766210e-02,3.824574837068617228e-01,-6.149213628933514197e-01
1.296100000000000030e+01,1.675000000000000000e+03,1.775000000000000000e+03,-6.789120279381766210e-02,3.824574837068617228e-01,-6.149213628933514197e-01
1.297799999999999976e+01,1.675000000000000000e+03,1.775000000000000000e+03,-6.719911657793398163e-02,3.877591116966820906e-01,-6.214212573546401552e-01
1.299499999999999922e+01,1.675000000000000000e+03,1.775000000000000000e+03,-6.719911657793398163e-02,3.877591116966820906e-01,-6.214212573546401552e-01
1.301200000000000045e+01,1.675000000000000000e+03,1.775000000000000000e+03,-6.693790845204938833e-02,3.930946097674690165e-01,-6.280444769974516950e-01
1.302999999999999936e+01,1.675000000000000000e+03,1.775000000000000000e+03,-6.450283917067567430e-02,4.117555009801820987e-01,-6.294688357726510031e-01
1.304800000000000004e+01,1.675000000000000000e+03,1.775000000000000000e+03,-6.450283917067567430e-02,4.117555009801820987e-01,-6.294688357726510031e-01
1.306499999999999950e+01,1.675000000000000000e+03,1.775000000000000000e+03,-6.462961106233722219e-02,4.158063442469002169e-01,-6.362283279537139791e-01
1.308200000000000074e+01,1.675000000000000000e+03,1.775000000000000000e+03,-6.462961106233722219e-02,4.158063442469002169e-01,-6.362283279537139791e-01
1.309900000000000020e+01,1.675000000000000000e+03,1.775000000000000000e+03,-6.436478652207355822e-02,4.211908945913389601e-01,-6.431170608612585271e-01
1.311599999999999966e+01,1.675000000000000000e+03,1.775000000000000000e+03,-6.436478652207355822e-02,4.211908945913389601e-01,-6.431170608612585271e-01
1.313299999999999912e+01,1.675000000000000000e+03,1.775000000000000000e+03,-6.126625989782130688e-02,4.331969790520542318e-01,-6.441421531287934155e-01
1.315000000000000036e+01,1.675000000000000000e+03,1.775000000000000000e+03,-6.056232185063548101e-02,4.385870106660023637e-01,-6.511711489793984287e-01
1.316699999999999982e+01,1.675000000000000000e+03,1.775000000000000000e+03,-6.056232185063548101e-02,4.385870106660023637e-01,-6.511711489793984287e-01
1.318500000000000050e+01,1.675000000000000000e+03,1.775000000000000000e+03,-5.981575000997230163e-02,4.426231910696314387e-01,-6.799580502605634402e-01
1.320199999999999996e+01,1.675000000000000000e+03,1.775000000000000000e+03,-5.981575000997230163e-02,4.426231910696314387e-01,-6.799580502605634402e-01
1.322000000000000064e+01,1.675000000000000000e+03,1.775000000000000000e+03,-5.950403997271980217e-02,4.466897502326530045e-01,-6.872489390001094156e-01
1.323700000000000010e+01,1.675000000000000000e+03,1.775000000000000000e+03,-5.950403997271980217e-02,4.466897502326530045e-01,-6.872489390001094156e-01
1.325300000000000011e+01,1.675000000000000000e+03,1.775000000000000000e+03,-5.654562995048850738e-02,4.642810201383147373e-01,-6.819895210548082565e-01
1.326999999999999957e+01,1.675000000000000000e+03,1.775000000000000000e+03,-5.654562995048850738e-02,4.642810201383147373e-01,-6.819895210548082565e-01
1.328700000000000081e+01,1.675000000000000000e+03,1.775000000000000000e+03,-5.654562995048850738e-02,4.642810201383147373e-01,-6.819895210548082565e-01
1.330400000000000027e+01,1.675000000000000000e+03,1.775000000000000000e+03,-5.575259629952311613e-02,4.669768313436488683e-01,-6.753482317168306714e-01
1.332199999999999918e+01,1.675000000000000000e+03,1.775000000000000000e+03,-5.575259629952311613e-02,4.669768313436488683e-01,-6.753482317168306714e-01
1.333999999999999986e+01,1.675000000000000000e+03,1.775000000000000000e+03,-4.797857009996286948e-02,5.010010891432283842e-01,-6.990071978997338675e-01
1.335699999999999932e+01,1.675000000000000000e+03,1.775000000000000000e+03,-4.589609188025001174e-02,5.050426605647038159e-01,-7.268894588417688096e-01
1.337500000000000000e+01,1.675000000000000000e+03,1.775000000000000000e+03,-4.589609188025001174e-02,5.050426605647038159e-01,-7.268894588417688096e-01
1.339300000000000068e+01,1.675000000000000000e+03,1.775000000000000000e+03,-4.333273407742055383e-02,5.076717872004286036e-01,-7.463055986919334694e-01
1.341000000000000014e+01,1.675000000000000000e+03,1.775000000000000000e+03,-4.333273407742055383e-02,5.076717872004286036e-01,-7.463055986919334694e-01
1.342699999999999960e+01,1.675000000000000000e+03,1.775000000000000000e+03,-4.333273407742055383e-02,5.076717872004286036e-01,-7.463055986919334694e-01
1.344400000000000084e+01,1.675000000000000000e+03,1.775000000000000000e+03,-4.333273407742055383e-02,5.076717872004286036e-01,-7.463055986919334694e-01
1.346100000000000030e+01,1.675000000000000000e+03,1.775000000000000000e+03,-4.384902324186157330e-02,5.104822540990614499e-01,-7.204505032165631206e-01
1.347799999999999976e+01,1.675000000000000000e+03,1.775000000000000000e+03,-4.384902324186157330e-02,5.104822540990614499e-01,-7.204505032165631206e-01
1.349600000000000044e+01,1.675000000000000000e+03,1.775000000000000000e+03,-3.812755671467948915e-02,5.268838330977887452e-01,-7.437428343000868081e-01
1.351299999999999990e+01,1.675000000000000000e+03,1.775000000000000000e+03,-3.812755671467948915e-02,5.268838330977887452e-01,-7.437428343000868081e-01
1.352999999999999936e+01,1.675000000000000000e+03,1.775000000000000000e+03,-3.647160477110578114e-02,5.309848257806590865e-01,-7.630428517425014157e-01
1.354700000000000060e+01,1.675000000000000000e+03,1.775000000000000000e+03,-3.647160477110578114e-02,5.309848257806590865e-01,-7.630428517425014157e-01
1.356499999999999950e+01,1.675000000000000000e+03,1.775000000000000000e+03,-3.278240033749568738e-02,5.419901661230959178e-01,-7.716204612207715474e-01
1.358200000000000074e+01,1.675000000000000000e+03,1.775000000000000000e+03,-3.278240033749568738e-02,5.419901661230959178e-01,-7.716204612207715474e-01
1.359900000000000020e+01,1.675000000000000000e+03,1.775000000000000000e+03,-3.152608597387640543e-02,5.447281548047939737e-01,-7.571248433494699448e-01
1.361599999999999966e+01,1.675000000000000000e+03,1.775000000000000000e+03,-2.826325880048186079e-02,5.558077775661915965e-01,-7.880411304314682841e-01
1.363400000000000034e+01,1.675000000000000000e+03,1.775000000000000000e+03,-2.826325880048186079e-02,5.558077775661915965e-01,-7.880411304314682841e-01
1.365099999999999980e+01,1.675000000000000000e+03,1.775000000000000000e+03,-2.826325880048186079e-02,5.558077775661915965e-01,-7.880411304314682841e-01
1.366799999999999926e+01,1.675000000000000000e+03,1.775000000000000000e+03,-2.826325880048186079e-02,5.558077775661915965e-01,-7.880411304314682841e-01
1.368500000000000050e+01,1.675000000000000000e+03,1.775000000000000000e+03,-2.498872925771511433e-02,5.669265239896850161e-01,-7.970444307524705563e-01
1.370199999999999996e+01,1.675000000000000000e+03,1.775000000000000000e+03,-2.280164837870435335e-02,5.682149984778694929e-01,-8.052953301861632829e-01
1.372000000000000064e+01,1.675000000000000000e+03,1.775000000000000000e+03,-2.280164837870435335e-02,5.682149984778694929e-01,-8.052953301861632829e-01
1.373700000000000010e+01,1.675000000000000000e+03,1.775000000000000000e+03,-2.280164837870435335e-02,5.682149984778694929e-01,-8.052953301861632829e-01
1.375300000000000011e+01,1.675000000000000000e+03,1.775000000000000000e+03,-2.245799806061654635e-02,5.724484942299543633e-01,-8.227088666907145242e-01
1.376999999999999957e+01,1.675000000000000000e+03,1.775000000000000000e+03,nan,nan,nan
1.378800000000000026e+01,1.675000000000000000e+03,1.775000000000000000e+03,nan,nan,nan
1.380599999999999916e+01,1.675000000000000000e+03,1.775000000000000000e+03,-1.751291920244435474e-02,5.892297759857436645e-01,-8.154987087280805014e-01
1.382300000000000040e+01,1.675000000000000000e+03,1.775000000000000000e+03,-1.751291920244435474e-02,5.892297759857436645e-01,-8.154987087280805014e-01
1.383999999999999986e+01,1.675000000000000000e+03,1.775000000000000000e+03,-1.624026569389380725e-02,5.920091022800058056e-01,-8.157780406702421772e-01
1.385699999999999932e+01,1.675000000000000000e+03,1.775000000000000000e+03,-1.624026569389380725e-02,5.920091022800058056e-01,-8.157780406702421772e-01
1.387400000000000055e+01,1.675000000000000000e+03,1.775000000000000000e+03,-9.088836092346674889e-03,6.116384280629461045e-01,-8.344019316160259381e-01
1.389100000000000001e+01,1.675000000000000000e+03,1.775000000000000000e+03,-9.088836092346674889e-03,6.116384280629461045e-01,-8.344019316160259381e-01
1.390799999999999947e+01,1.675000000000000000e+03,1.775000000000000000e+03,-4.554214383620802664e-03,6.301017939285236125e-01,-8.361959314993739900e-01
1.392500000000000071e+01,1.675000000000000000e+03,1.775000000000000000e+03,-4.554214383620802664e-03,6.301017939285236125e-01,-8.361959314993739900e-01
1.394200000000000017e+01,1.675000000000000000e+03,1.775000000000000000e+03,-2.340895795257758039e-03,6.314162156714138163e-01,-8.536523845958545742e-01
1.395899999999999963e+01,1.675000000000000000e+03,1.775000000000000000e+03,-2.340895795257758039e-03,6.314162156714138163e-01,-8.536523845958545742e-01
1.397600000000000087e+01,1.675000000000000000e+03,1.775000000000000000e+03,-1.559590015696610266e-03,6.371580010606656685e-01,-8.455232169703211786e-01
1.399300000000000033e+01,1.675000000000000000e+03,1.775000000000000000e+03,-1.559590015696610266e-03,6.371580010606656685e-01,-8.455232169703211786e-01
1.401099999999999923e+01,1.675000000000000000e+03,1.775000000000000000e+03,6.726680998556666680e-03,6.497277320610201912e-01,-8.646565161494015328e-01
1.402800000000000047e+01,1.675000000000000000e+03,1.775000000000000000e+03,6.726680998556666680e-03,6.497277320610201912e-01,-8.646565161494015328e-01
1.404599999999999937e+01,1.675000000000000000e+03,1.775000000000000000e+03,6.726680998556666680e-03,6.497277320610201912e-01,-8.646565161494015328e-01
1.406300000000000061e+01,1.675000000000000000e+03,1.775000000000000000e+03,7.545566423456939731e-03,6.540444597470163046e-01,-8.811174585638404944e-01
1.408000000000000007e+01,1.675000000000000000e+03,1.775000000000000000e+03,7.545566423456939731e-03,6.540444597470163046e-01,-8.811174585638404944e-01
1.409699999999999953e+01,1.675000000000000000e+03,1.775000000000000000e+03,1.369384737565715326e-02,6.624274406740049415e-01,-8.752323544565143720e-01
1.411500000000000021e+01,1.675000000000000000e+03,1.775000000000000000e+03,1.369384737565715326e-02,6.624274406740049415e-01,-8.752323544565143720e-01
1.413199999999999967e+01,1.675000000000000000e+03,1.775000000000000000e+03,1.499541713662155829e-02,6.652713367756817320e-01,-8.914967745473955096e-01
1.414899999999999913e+01,1.675000000000000000e+03,1.775000000000000000e+03,1.499541713662155829e-02,6.652713367756817320e-01,-8.914967745473955096e-01
1.416600000000000037e+01,1.675000000000000000e+03,1.775000000000000000e+03,1.717555338814769073e-02,6.695284842141147053e-01,-8.852132284050459043e-01
1.418299999999999983e+01,1.675000000000000000e+03,1.775000000000000000e+03,1.717555338814769073e-02,6.695284842141147053e-01,-8.852132284050459043e-01
1.420100000000000051e+01,1.675000000000000000e+03,1.775000000000000000e+03,2.556453167167793694e-02,6.807558759281979732e-01,-8.961372268921803386e-01
1.421899999999999942e+01,1.675000000000000000e+03,1.775000000000000000e+03,2.640045833584858670e-02,6.851144813545788637e-01,-9.029817129451598312e-01
1.423700000000000010e+01,1.675000000000000000e+03,1.775000000000000000e+03,2.640045833584858670e-02,6.851144813545788637e-01,-9.029817129451598312e-01
1.425399999999999956e+01,1.675000000000000000e+03,1.775000000000000000e+03,2.863937918770531610e-02,6.864517448756970452e-01,-9.178605856832886545e-01
1.427100000000000080e+01,1.675000000000000000e+03,1.775000000000000000e+03,2.863937918770531610e-02,6.864517448756970452e-01,-9.178605856832886545e-01
1.428899999999999970e+01,1.675000000000000000e+03,1.775000000000000000e+03,3.083598935907216898e-02,6.907370111674211444e-01,-9.129116384096367387e-01
1.430599999999999916e+01,1.675000000000000000e+03,1.775000000000000000e+03,3.880404088071154334e-02,7.035456661057768457e-01,-9.237845627403618032e-01
1.432300000000000040e+01,1.675000000000000000e+03,1.775000000000000000e+03,3.880404088071154334e-02,7.035456661057768457e-01,-9.237845627403618032e-01
1.434099999999999930e+01,1.675000000000000000e+03,1.775000000000000000e+03,4.411534282538998042e-02,7.135975272741976738e-01,-9.391700772192081992e-01
1.435800000000000054e+01,1.675000000000000000e+03,1.775000000000000000e+03,4.411534282538998042e-02,7.135975272741976738e-01,-9.391700772192081992e-01
1.437500000000000000e+01,1.675000000000000000e+03,1.775000000000000000e+03,4.411534282538998042e-02,7.135975272741976738e-01,-9.391700772192081992e-01
1.439199999999999946e+01,1.675000000000000000e+03,1.775000000000000000e+03,4.411534282538998042e-02,7.135975272741976738e-01,-9.391700772192081992e-01
1.440900000000000070e+01,1.675000000000000000e+03,1.775000000000000000e+03,4.634989417365575903e-02,7.164324356391631454e-01,-9.444363967289676198e-01
1.442600000000000016e+01,1.675000000000000000e+03,1.775000000000000000e+03,4.634989417365575903e-02,7.164324356391631454e-01,-9.444363967289676198e-01
1.444299999999999962e+01,1.675000000000000000e+03,1.775000000000000000e+03,5.391003842786989964e-02,7.308629914740576439e-01,-9.505871832323536941e-01
1.446100000000000030e+01,1.675000000000000000e+03,1.775000000000000000e+03,5.569948465296725715e-02,7.337403766046088904e-01,-9.601169614144678954e-01
1.447899999999999920e+01,1.675000000000000000e+03,1.775000000000000000e+03,5.569948465296725715e-02,7.337403766046088904e-01,-9.601169614144678954e-01
1.449600000000000044e+01,1.675000000000000000e+03,1.775000000000000000e+03,5.703483609408799282e-02,7.366477074296904348e-01,-9.605550677377816537e-01
1.451299999999999990e+01,1.675000000000000000e+03,1.775000000000000000e+03,5.703483609408799282e-02,7.366477074296904348e-01,-9.605550677377816537e-01
1.452899999999999991e+01,1.675000000000000000e+03,1.775000000000000000e+03,6.469851682075677957e-02,7.451654872241402217e-01,-9.714012329532354384e-01
1.454599999999999937e+01,1.675000000000000000e+03,1.775000000000000000e+03,6.469851682075677957e-02,7.451654872241402217e-01,-9.714012329532354384e-01
1.456300000000000061e+01,1.675000000000000000e+03,1.775000000000000000e+03,6.602687157680264818e-02,7.495840295774458539e-01,-9.718372722971281297e-01
1.458000000000000007e+01,1.675000000000000000e+03,1.775000000000000000e+03,6.602687157680264818e-02,7.495840295774458539e-01,-9.718372722971281297e-01
1.459699999999999953e+01,1.675000000000000000e+03,1.775000000000000000e+03,7.009830573846986823e-02,7.538432602586775388e-01,-9.820368345827339418e-01
1.461400000000000077e+01,1.675000000000000000e+03,1.775000000000000000e+03,7.009830573846986823e-02,7.538432602586775388e-01,-9.820368345827339418e-01
1.463199999999999967e+01,1.675000000000000000e+03,1.775000000000000000e+03,7.507803309191318775e-02,7.595584611677796971e-01,-9.926356414548789253e-01
1.464899999999999913e+01,1.675000000000000000e+03,1.775000000000000000e+03,7.507803309191318775e-02,7.595584611677796971e-01,-9.926356414548789253e-01
1.466600000000000037e+01,1.675000000000000000e+03,1.775000000000000000e+03,7.594787447126716273e-02,7.655324933125609022e-01,-9.834669122461554558e-01
1.468299999999999983e+01,1.675000000000000000e+03,1.775000000000000000e+03,7.594787447126716273e-02,7.655324933125609022e-01,-9.834669122461554558e-01
1.469999999999999929e+01,1.675000000000000000e+03,1.775000000000000000e+03,7.960899388023001677e-02,7.653112842971667718e-01,-1.003382974834992947e+00
1.471700000000000053e+01,1.675000000000000000e+03,1.775000000000000000e+03,7.960899388023001677e-02,7.653112842971667718e-01,-1.003382974834992947e+00
1.473399999999999999e+01,1.675000000000000000e+03,1.775000000000000000e+03,nan,nan,nan
1.475099999999999945e+01,1.675000000000000000e+03,1.775000000000000000e+03,nan,nan,nan
1.476900000000000013e+01,1.675000000000000000e+03,1.775000000000000000e+03,9.325774075345805159e-02,7.811141924536162406e-01,-1.017335626890167211e+00
1.478599999999999959e+01,1.675000000000000000e+03,1.775000000000000000e+03,9.325774075345805159e-02,7.811141924536162406e-01,-1.017335626890167211e+00
1.480300000000000082e+01,1.675000000000000000e+03,1.775000000000000000e+03,9.325774075345805159e-02,7.811141924536162406e-01,-1.017335626890167211e+00
1.482099999999999973e+01,1.675000000000000000e+03,1.775000000000000000e+03,9.553140996741316116e-02,7.855257979474741248e-01,-1.016501527353161460e+00
1.483799999999999919e+01,1.675000000000000000e+03,1.775000000000000000e+03,9.553140996741316116e-02,7.855257979474741248e-01,-1.016501527353161460e+00
1.485500000000000043e+01,1.675000000000000000e+03,1.775000000000000000e+03,1.111082140292689591e-01,7.982651995268783551e-01,-1.039578604747831481e+00
1.487199999999999989e+01,1.675000000000000000e+03,1.775000000000000000e+03,1.111082140292689591e-01,7.982651995268783551e-01,-1.039578604747831481e+00
1.488899999999999935e+01,1.675000000000000000e+03,1.775000000000000000e+03,nan,nan,nan
1.490600000000000058e+01,1.675000000000000000e+03,1.775000000000000000e+03,nan,nan,nan
1.492300000000000004e+01,1.675000000000000000e+03,1.775000000000000000e+03,1.184588612634593918e-01,8.054446936915473643e-01,-1.051359295862908771e+00
1.493999999999999950e+01,1.675000000000000000e+03,1.775000000000000000e+03,1.184588612634593918e-01,8.054446936915473643e-01,-1.051359295862908771e+00
1.495800000000000018e+01,1.675000000000000000e+03,1.775000000000000000e+03,nan,nan,nan
1.497600000000000087e+01,1.675000000000000000e+03,1.775000000000000000e+03,nan,nan,nan
1.499200000000000088e+01,1.675000000000000000e+03,1.775000000000000000e+03,nan,nan,nan
1.500900000000000034e+01,1.675000000000000000e+03,1.775000000000000000e+03,nan,nan,nan
1.502599999999999980e+01,1.675000000000000000e+03,1.775000000000000000e+03,nan,nan,nan
1.504400000000000048e+01,1.675000000000000000e+03,1.775000000000000000e+03,nan,nan,nan
1.506099999999999994e+01,1.675000000000000000e+03,1.775000000000000000e+03,nan,nan,nan
1.507900000000000063e+01,1.675000000000000000e+03,1.775000000000000000e+03,nan,nan,nan
1.509600000000000009e+01,1.675000000000000000e+03,1.775000000000000000e+03,nan,nan,nan
1.511299999999999955e+01,1.675000000000000000e+03,1.775000000000000000e+03,nan,nan,nan
1.513100000000000023e+01,1.675000000000000000e+03,1.775000000000000000e+03,nan,nan,nan
1.514700000000000024e+01,1.675000000000000000e+03,1.775000000000000000e+03,nan,nan,nan
1.516399999999999970e+01,1.675000000000000000e+03,1.775000000000000000e+03,nan,nan,nan
1.518200000000000038e+01,1.675000000000000000e+03,1.775000000000000000e+03,nan,nan,nan
1.519999999999999929e+01,1.675000000000000000e+03,1.775000000000000000e+03,nan,nan,nan
1.521700000000000053e+01,1.675000000000000000e+03,1.775000000000000000e+03,nan,nan,nan
1.523399999999999999e+01,1.675000000000000000e+03,1.775000000000000000e+03,nan,nan,nan
1.525099999999999945e+01,1.675000000000000000e+03,1.775000000000000000e+03,nan,nan,nan
1.526800000000000068e+01,1.675000000000000000e+03,1.775000000000000000e+03,nan,nan,nan
1.528500000000000014e+01,1.675000000000000000e+03,1.775000000000000000e+03,nan,nan,nan
1.530199999999999960e+01,1.675000000000000000e+03,1.775000000000000000e+03,nan,nan,nan
1.531900000000000084e+01,1.675000000000000000e+03,1.775000000000000000e+03,nan,nan,nan
1.533600000000000030e+01,1.675000000000000000e+03,1.775000000000000000e+03,nan,nan,nan
1.535399999999999920e+01,1.675000000000000000e+03,1.775000000000000000e+03,nan,nan,nan
1.536999999999999922e+01,1.675000000000000000e+03,1.775000000000000000e+03,nan,nan,nan
1.538700000000000045e+01,1.675000000000000000e+03,1.775000000000000000e+03,nan,nan,nan
1.540499999999999936e+01,1.675000000000000000e+03,1.775000000000000000e+03,nan,nan,nan
1.542200000000000060e+01,1.675000000000000000e+03,1.775000000000000000e+03,nan,nan,nan
1.543999999999999950e+01,1.675000000000000000e+03,1.775000000000000000e+03,nan,nan,nan
1.545599999999999952e+01,1.675000000000000000e+03,1.775000000000000000e+03,nan,nan,nan
1.547400000000000020e+01,1.675000000000000000e+03,1.775000000000000000e+03,nan,nan,nan
1.549200000000000088e+01,1.675000000000000000e+03,1.775000000000000000e+03,nan,nan,nan
1.550900000000000034e+01,1.675000000000000000e+03,1.775000000000000000e+03,nan,nan,nan
1.552599999999999980e+01,1.675000000000000000e+03,1.775000000000000000e+03,nan,nan,nan
1.554299999999999926e+01,1.675000000000000000e+03,1.775000000000000000e+03,nan,nan,nan
1.556000000000000050e+01,1.675000000000000000e+03,1.775000000000000000e+03,nan,nan,nan
1.557799999999999940e+01,1.675000000000000000e+03,1.775000000000000000e+03,nan,nan,nan
1.559600000000000009e+01,1.675000000000000000e+03,1.775000000000000000e+03,nan,nan,nan
1.561299999999999955e+01,1.675000000000000000e+03,1.775000000000000000e+03,nan,nan,nan
1.563000000000000078e+01,1.675000000000000000e+03,1.775000000000000000e+03,nan,nan,nan
1.564700000000000024e+01,1.675000000000000000e+03,1.775000000000000000e+03,nan,nan,nan
1.566699999999999982e+01,1.675000000000000000e+03,1.775000000000000000e+03,nan,nan,nan
1.568500000000000050e+01,1.675000000000000000e+03,1.775000000000000000e+03,nan,nan,nan
1.570199999999999996e+01,1.675000000000000000e+03,1.775000000000000000e+03,nan,nan,nan
1.571899999999999942e+01,1.675000000000000000e+03,1.775000000000000000e+03,nan,nan,nan
1.573499999999999943e+01,1.675000000000000000e+03,1.775000000000000000e+03,nan,nan,nan
1.575200000000000067e+01,1.675000000000000000e+03,1.775000000000000000e+03,nan,nan,nan
1.576999999999999957e+01,1.675000000000000000e+03,1.775000000000000000e+03,nan,nan,nan
1.578599999999999959e+01,1.675000000000000000e+03,1.775000000000000000e+03,nan,nan,nan
1.580300000000000082e+01,1.675000000000000000e+03,1.775000000000000000e+03,nan,nan,nan
1.582000000000000028e+01,1.675000000000000000e+03,1.775000000000000000e+03,nan,nan,nan
1.583699999999999974e+01,1.675000000000000000e+03,1.775000000000000000e+03,nan,nan,nan
1.585399999999999920e+01,1.675000000000000000e+03,1.775000000000000000e+03,nan,nan,nan
1.587100000000000044e+01,1.675000000000000000e+03,1.775000000000000000e+03,nan,nan,nan
1.588799999999999990e+01,1.675000000000000000e+03,1.775000000000000000e+03,nan,nan,nan
1.590600000000000058e+01,1.675000000000000000e+03,1.775000000000000000e+03,nan,nan,nan
1.592300000000000004e+01,1.675000000000000000e+03,1.775000000000000000e+03,nan,nan,nan
1.593999999999999950e+01,1.675000000000000000e+03,1.775000000000000000e+03,nan,nan,nan
1.595700000000000074e+01,1.675000000000000000e+03,1.775000000000000000e+03,nan,nan,nan
1.597400000000000020e+01,1.675000000000000000e+03,1.775000000000000000e+03,nan,nan,nan
1.599200000000000088e+01,1.675000000000000000e+03,1.775000000000000000e+03,nan,nan,nan
1.600900000000000034e+01,1.675000000000000000e+03,1.775000000000000000e+03,nan,nan,nan
1.602599999999999980e+01,1.675000000000000000e+03,1.775000000000000000e+03,nan,nan,nan
1.604299999999999926e+01,1.675000000000000000e+03,1.775000000000000000e+03,nan,nan,nan
1.605999999999999872e+01,1.675000000000000000e+03,1.775000000000000000e+03,nan,nan,nan
1.607799999999999940e+01,1.675000000000000000e+03,1.775000000000000000e+03,nan,nan,nan
1.609499999999999886e+01,1.675000000000000000e+03,1.775000000000000000e+03,nan,nan,nan
1.611199999999999832e+01,1.675000000000000000e+03,1.775000000000000000e+03,nan,nan,nan
1.612900000000000134e+01,1.675000000000000000e+03,1.775000000000000000e+03,nan,nan,nan
1.614600000000000080e+01,1.675000000000000000e+03,1.775000000000000000e+03,nan,nan,nan
1.616300000000000026e+01,1.675000000000000000e+03,1.775000000000000000e+03,nan,nan,nan
1.617999999999999972e+01,1.675000000000000000e+03,1.775000000000000000e+03,nan,nan,nan
1.619800000000000040e+01,1.675000000000000000e+03,1.775000000000000000e+03,nan,nan,nan
1.621499999999999986e+01,1.675000000000000000e+03,1.775000000000000000e+03,nan,nan,nan
1.623199999999999932e+01,1.675000000000000000e+03,1.775000000000000000e+03,nan,nan,nan
1.625100000000000122e+01,1.675000000000000000e+03,1.775000000000000000e+03,nan,nan,nan
1.626800000000000068e+01,1.675000000000000000e+03,1.775000000000000000e+03,nan,nan,nan
1.628500000000000014e+01,1.675000000000000000e+03,1.775000000000000000e+03,nan,nan,nan
1.630199999999999960e+01,1.675000000000000000e+03,1.775000000000000000e+03,nan,nan,nan
1.631899999999999906e+01,1.675000000000000000e+03,1.775000000000000000e+03,nan,nan,nan
1.633599999999999852e+01,1.675000000000000000e+03,1.775000000000000000e+03,nan,nan,nan
1.635300000000000153e+01,1.675000000000000000e+03,1.775000000000000000e+03,nan,nan,nan
1.637000000000000099e+01,1.675000000000000000e+03,1.775000000000000000e+03,nan,nan,nan
1.638800000000000168e+01,1.675000000000000000e+03,1.775000000000000000e+03,nan,nan,nan
1.640500000000000114e+01,1.675000000000000000e+03,1.775000000000000000e+03,nan,nan,nan
1.642099999999999937e+01,1.675000000000000000e+03,1.775000000000000000e+03,nan,nan,nan
1.643799999999999883e+01,1.675000000000000000e+03,1.775000000000000000e+03,nan,nan,nan
1.645499999999999829e+01,1.675000000000000000e+03,1.775000000000000000e+03,nan,nan,nan
1.647200000000000131e+01,1.675000000000000000e+03,1.775000000000000000e+03,nan,nan,nan
1.648999999999999844e+01,1.675000000000000000e+03,1.775000000000000000e+03,nan,nan,nan
1.650700000000000145e+01,1.675000000000000000e+03,1.775000000000000000e+03,nan,nan,nan
1.652599999999999980e+01,1.675000000000000000e+03,1.775000000000000000e+03,nan,nan,nan
1.654299999999999926e+01,1.675000000000000000e+03,1.775000000000000000e+03,nan,nan,nan
1.655999999999999872e+01,1.675000000000000000e+03,1.775000000000000000e+03,nan,nan,nan
1.657700000000000173e+01,1.675000000000000000e+03,1.775000000000000000e+03,nan,nan,nan
1.659400000000000119e+01,1.675000000000000000e+03,1.775000000000000000e+03,nan,nan,nan
1.661100000000000065e+01,1.675000000000000000e+03,1.775000000000000000e+03,nan,nan,nan
1.662800000000000011e+01,1.675000000000000000e+03,1.775000000000000000e+03,nan,nan,nan
1.664499999999999957e+01,1.675000000000000000e+03,1.775000000000000000e+03,nan,nan,nan
1.666300000000000026e+01,1.675000000000000000e+03,1.775000000000000000e+03,nan,nan,nan
1.668100000000000094e+01,1.675000000000000000e+03,1.775000000000000000e+03,nan,nan,nan
1.669800000000000040e+01,1.675000000000000000e+03,1.775000000000000000e+03,nan,nan,nan
1.671499999999999986e+01,1.675000000000000000e+03,1.775000000000000000e+03,nan,nan,nan
1.673300000000000054e+01,1.675000000000000000e+03,1.775000000000000000e+03,nan,nan,nan
1.675000000000000000e+01,1.675000000000000000e+03,1.775000000000000000e+03,nan,nan,nan
1.676699999999999946e+01,1.675000000000000000e+03,1.775000000000000000e+03,nan,nan,nan
1.678399999999999892e+01,1.675000000000000000e+03,1.775000000000000000e+03,nan,nan,nan
1.680099999999999838e+01,1.675000000000000000e+03,1.775000000000000000e+03,nan,nan,nan
1.681800000000000139e+01,1.675000000000000000e+03,1.775000000000000000e+03,nan,nan,nan
1.683500000000000085e+01,1.675000000000000000e+03,1.775000000000000000e+03,nan,nan,nan
1.685200000000000031e+01,1.675000000000000000e+03,1.775000000000000000e+03,nan,nan,nan
1.686899999999999977e+01,1.675000000000000000e+03,1.775000000000000000e+03,nan,nan,nan
1.688599999999999923e+01,1.675000000000000000e+03,1.775000000000000000e+03,nan,nan,nan
1.690299999999999869e+01,1.675000000000000000e+03,1.775000000000000000e+03,nan,nan,nan
1.692000000000000171e+01,1.675000000000000000e+03,1.775000000000000000e+03,nan,nan,nan
1.693700000000000117e+01,1.675000000000000000e+03,1.775000000000000000e+03,nan,nan,nan
1.695400000000000063e+01,1.675000000000000000e+03,1.775000000000000000e+03,nan,nan,nan
1.697200000000000131e+01,1.675000000000000000e+03,1.775000000000000000e+03,nan,nan,nan
1.698900000000000077e+01,1.675000000000000000e+03,1.775000000000000000e+03,nan,nan,nan
1.700499999999999901e+01,1.675000000000000000e+03,1.775000000000000000e+03,nan,nan,nan
1.702199999999999847e+01,1.675000000000000000e+03,1.775000000000000000e+03,nan,nan,nan
1.703999999999999915e+01,1.675000000000000000e+03,1.775000000000000000e+03,nan,nan,nan
1.705699999999999861e+01,1.675000000000000000e+03,1.775000000000000000e+03,nan,nan,nan
1.707400000000000162e+01,1.675000000000000000e+03,1.775000000000000000e+03,nan,nan,nan
1.709100000000000108e+01,1.675000000000000000e+03,1.775000000000000000e+03,nan,nan,nan
1.710800000000000054e+01,1.675000000000000000e+03,1.775000000000000000e+03,nan,nan,nan
1.712500000000000000e+01,1.675000000000000000e+03,1.775000000000000000e+03,nan,nan,nan
1.714199999999999946e+01,1.675000000000000000e+03,1.775000000000000000e+03,nan,nan,nan
1.715899999999999892e+01,1.675000000000000000e+03,1.775000000000000000e+03,nan,nan,nan
1.717599999999999838e+01,1.675000000000000000e+03,1.775000000000000000e+03,nan,nan,nan
1.719300000000000139e+01,1.675000000000000000e+03,1.775000000000000000e+03,nan,nan,nan
1.721000000000000085e+01,1.675000000000000000e+03,1.775000000000000000e+03,nan,nan,nan
1.722800000000000153e+01,1.675000000000000000e+03,1.775000000000000000e+03,nan,nan,nan
1.724500000000000099e+01,1.675000000000000000e+03,1.775000000000000000e+03,nan,nan,nan
1.726300000000000168e+01,1.675000000000000000e+03,1.775000000000000000e+03,nan,nan,nan
1.728000000000000114e+01,1.675000000000000000e+03,1.775000000000000000e+03,nan,nan,nan
1.729700000000000060e+01,1.675000000000000000e+03,1.775000000000000000e+03,nan,nan,nan
1.731400000000000006e+01,1.675000000000000000e+03,1.775000000000000000e+03,nan,nan,nan
1.733099999999999952e+01,1.675000000000000000e+03,1.775000000000000000e+03,nan,nan,nan
1.734799999999999898e+01,1.675000000000000000e+03,1.775000000000000000e+03,nan,nan,nan
1.736499999999999844e+01,1.675000000000000000e+03,1.775000000000000000e+03,nan,nan,nan
1.738200000000000145e+01,1.675000000000000000e+03,1.775000000000000000e+03,nan,nan,nan
1.739900000000000091e+01,1.675000000000000000e+03,1.775000000000000000e+03,nan,nan,nan
1.741600000000000037e+01,1.675000000000000000e+03,1.775000000000000000e+03,nan,nan,nan
1.743299999999999983e+01,1.675000000000000000e+03,1.775000000000000000e+03,nan,nan,nan
1.744999999999999929e+01,1.675000000000000000e+03,1.775000000000000000e+03,nan,nan,nan
1.746699999999999875e+01,1.675000000000000000e+03,1.775000000000000000e+03,nan,nan,nan
1.748400000000000176e+01,1.675000000000000000e+03,1.775000000000000000e+03,nan,nan,nan
1.750199999999999889e+01,1.675000000000000000e+03,1.775000000000000000e+03,nan,nan,nan
1.751899999999999835e+01,1.675000000000000000e+03,1.775000000000000000e+03,nan,nan,nan
1.753800000000000026e+01,1.675000000000000000e+03,1.775000000000000000e+03,nan,nan,nan
1.755499999999999972e+01,1.675000000000000000e+03,1.775000000000000000e+03,nan,nan,nan
1.757199999999999918e+01,1.675000000000000000e+03,1.775000000000000000e+03,nan,nan,nan
1.758899999999999864e+01,1.675000000000000000e+03,1.775000000000000000e+03,nan,nan,nan
1.760600000000000165e+01,1.675000000000000000e+03,1.775000000000000000e+03,nan,nan,nan
1.762300000000000111e+01,1.675000000000000000e+03,1.775000000000000000e+03,nan,nan,nan
1.764199999999999946e+01,1.675000000000000000e+03,1.775000000000000000e+03,nan,nan,nan
1.766000000000000014e+01,1.675000000000000000e+03,1.775000000000000000e+03,nan,nan,nan
1.767699999999999960e+01,1.675000000000000000e+03,1.775000000000000000e+03,nan,nan,nan
1.769399999999999906e+01,1.675000000000000000e+03,1.775000000000000000e+03,nan,nan,nan
1.771199999999999974e+01,1.675000000000000000e+03,1.775000000000000000e+03,nan,nan,nan
1.772899999999999920e+01,1.675000000000000000e+03,1.775000000000000000e+03,nan,nan,nan
1.774599999999999866e+01,1.675000000000000000e+03,1.775000000000000000e+03,nan,nan,nan
1.776399999999999935e+01,1.675000000000000000e+03,1.775000000000000000e+03,nan,nan,nan
1.778099999999999881e+01,1.675000000000000000e+03,1.775000000000000000e+03,nan,nan,nan
1.779799999999999827e+01,1.675000000000000000e+03,1.775000000000000000e+03,nan,nan,nan
1.781500000000000128e+01,1.675000000000000000e+03,1.775000000000000000e+03,nan,nan,nan
1.783299999999999841e+01,1.675000000000000000e+03,1.775000000000000000e+03,nan,nan,nan
1.785200000000000031e+01,1.675000000000000000e+03,1.775000000000000000e+03,nan,nan,nan
1.786899999999999977e+01,1.675000000000000000e+03,1.775000000000000000e+03,nan,nan,nan
1.788599999999999923e+01,1.675000000000000000e+03,1.775000000000000000e+03,nan,nan,nan
1.790299999999999869e+01,1.675000000000000000e+03,1.775000000000000000e+03,nan,nan,nan
1.792000000000000171e+01,1.675000000000000000e+03,1.775000000000000000e+03,nan,nan,nan
1.793700000000000117e+01,1.675000000000000000e+03,1.775000000000000000e+03,nan,nan,nan
1.795400000000000063e+01,1.675000000000000000e+03,1.775000000000000000e+03,nan,nan,nan
1.797200000000000131e+01,1.675000000000000000e+03,1.775000000000000000e+03,nan,nan,nan
1.798900000000000077e+01,1.675000000000000000e+03,1.775000000000000000e+03,nan,nan,nan
1.800700000000000145e+01,1.675000000000000000e+03,1.775000000000000000e+03,nan,nan,nan
1.802400000000000091e+01,1.675000000000000000e+03,1.775000000000000000e+03,nan,nan,nan
1.804100000000000037e+01,1.675000000000000000e+03,1.775000000000000000e+03,nan,nan,nan
1.805900000000000105e+01,1.675000000000000000e+03,1.775000000000000000e+03,nan,nan,nan
1.807600000000000051e+01,1.675000000000000000e+03,1.775000000000000000e+03,nan,nan,nan
1.809400000000000119e+01,1.675000000000000000e+03,1.775000000000000000e+03,nan,nan,nan
1.811100000000000065e+01,1.675000000000000000e+03,1.775000000000000000e+03,nan,nan,nan
1.812800000000000011e+01,1.675000000000000000e+03,1.775000000000000000e+03,nan,nan,nan
1.814499999999999957e+01,1.675000000000000000e+03,1.775000000000000000e+03,nan,nan,nan
1.816199999999999903e+01,1.675000000000000000e+03,1.775000000000000000e+03,nan,nan,nan
1.817899999999999849e+01,1.675000000000000000e+03,1.775000000000000000e+03,nan,nan,nan
1.819600000000000151e+01,1.675000000000000000e+03,1.775000000000000000e+03,nan,nan,nan
1.821300000000000097e+01,1.675000000000000000e+03,1.775000000000000000e+03,nan,nan,nan
1.823000000000000043e+01,1.675000000000000000e+03,1.775000000000000000e+03,nan,nan,nan
1.824800000000000111e+01,1.675000000000000000e+03,1.775000000000000000e+03,nan,nan,nan
1.826500000000000057e+01,1.675000000000000000e+03,1.775000000000000000e+03,nan,nan,nan
1.828200000000000003e+01,1.675000000000000000e+03,1.775000000000000000e+03,nan,nan,nan
1.830000000000000071e+01,1.675000000000000000e+03,1.775000000000000000e+03,nan,nan,nan
1.831700000000000017e+01,1.675000000000000000e+03,1.775000000000000000e+03,nan,nan,nan
1.833500000000000085e+01,1.675000000000000000e+03,1.775000000000000000e+03,nan,nan,nan
1.835200000000000031e+01,1.675000000000000000e+03,1.775000000000000000e+03,nan,nan,nan
1.836899999999999977e+01,1.675000000000000000e+03,1.775000000000000000e+03,nan,nan,nan
1.838599999999999923e+01,1.675000000000000000e+03,1.775000000000000000e+03,nan,nan,nan
1.840299999999999869e+01,1.675000000000000000e+03,1.775000000000000000e+03,nan,nan,nan
1.842000000000000171e+01,1.675000000000000000e+03,1.775000000000000000e+03,nan,nan,nan
1.843700000000000117e+01,1.675000000000000000e+03,1.775000000000000000e+03,nan,nan,nan
1.845400000000000063e+01,1.675000000000000000e+03,1.775000000000000000e+03,nan,nan,nan
1.847100000000000009e+01,1.675000000000000000e+03,1.775000000000000000e+03,nan,nan,nan
1.848799999999999955e+01,1.675000000000000000e+03,1.775000000000000000e+03,nan,nan,nan
1.850499999999999901e+01,1.675000000000000000e+03,1.775000000000000000e+03,nan,nan,nan
1.852199999999999847e+01,1.675000000000000000e+03,1.775000000000000000e+03,nan,nan,nan
1.853900000000000148e+01,1.675000000000000000e+03,1.775000000000000000e+03,nan,nan,nan
1.855600000000000094e+01,1.675000000000000000e+03,1.775000000000000000e+03,nan,nan,nan
1.857300000000000040e+01,1.675000000000000000e+03,1.775000000000000000e+03,nan,nan,nan
1.859100000000000108e+01,1.675000000000000000e+03,1.775000000000000000e+03,nan,nan,nan
1.860800000000000054e+01,1.675000000000000000e+03,1.775000000000000000e+03,nan,nan,nan
1.862500000000000000e+01,1.675000000000000000e+03,1.775000000000000000e+03,nan,nan,nan
1.864199999999999946e+01,1.675000000000000000e+03,1.775000000000000000e+03,nan,nan,nan
1.865899999999999892e+01,1.675000000000000000e+03,1.775000000000000000e+03,nan,nan,nan
1.867599999999999838e+01,1.675000000000000000e+03,1.775000000000000000e+03,nan,nan,nan
1.869399999999999906e+01,1.675000000000000000e+03,1.775000000000000000e+03,nan,nan,nan
1.871199999999999974e+01,1.675000000000000000e+03,1.775000000000000000e+03,nan,nan,nan
1.873000000000000043e+01,1.675000000000000000e+03,1.775000000000000000e+03,nan,nan,nan
1.874699999999999989e+01,1.675000000000000000e+03,1.775000000000000000e+03,nan,nan,nan
1.876500000000000057e+01,1.675000000000000000e+03,1.775000000000000000e+03,nan,nan,nan
1.878200000000000003e+01,1.675000000000000000e+03,1.775000000000000000e+03,nan,nan,nan
1.879899999999999949e+01,1.675000000000000000e+03,1.775000000000000000e+03,nan,nan,nan
1.881599999999999895e+01,1.675000000000000000e+03,1.775000000000000000e+03,nan,nan,nan
1.883299999999999841e+01,1.675000000000000000e+03,1.775000000000000000e+03,nan,nan,nan
1.885099999999999909e+01,1.675000000000000000e+03,1.775000000000000000e+03,nan,nan,nan
1.886799999999999855e+01,1.675000000000000000e+03,1.775000000000000000e+03,nan,nan,nan
1.888599999999999923e+01,1.675000000000000000e+03,1.775000000000000000e+03,nan,nan,nan
1.890399999999999991e+01,1.675000000000000000e+03,1.775000000000000000e+03,nan,nan,nan
1.892099999999999937e+01,1.675000000000000000e+03,1.775000000000000000e+03,nan,nan,nan
1.893900000000000006e+01,1.675000000000000000e+03,1.775000000000000000e+03,nan,nan,nan
1.895700000000000074e+01,1.675000000000000000e+03,1.775000000000000000e+03,nan,nan,nan
1.897299999999999898e+01,1.675000000000000000e+03,1.775000000000000000e+03,nan,nan,nan
1.899099999999999966e+01,1.675000000000000000e+03,1.775000000000000000e+03,nan,nan,nan
1.900799999999999912e+01,1.675000000000000000e+03,1.775000000000000000e+03,nan,nan,nan
1.902499999999999858e+01,1.675000000000000000e+03,1.775000000000000000e+03,nan,nan,nan
1.904200000000000159e+01,1.675000000000000000e+03,1.775000000000000000e+03,nan,nan,nan
1.905999999999999872e+01,1.675000000000000000e+03,1.775000000000000000e+03,nan,nan,nan
1.907600000000000051e+01,1.675000000000000000e+03,1.775000000000000000e+03,nan,nan,nan
1.909400000000000119e+01,1.675000000000000000e+03,1.775000000000000000e+03,nan,nan,nan
1.911100000000000065e+01,1.675000000000000000e+03,1.775000000000000000e+03,nan,nan,nan
1.912800000000000011e+01,1.675000000000000000e+03,1.775000000000000000e+03,nan,nan,nan
1.914499999999999957e+01,1.675000000000000000e+03,1.775000000000000000e+03,nan,nan,nan
1.916300000000000026e+01,1.675000000000000000e+03,1.775000000000000000e+03,nan,nan,nan
1.917999999999999972e+01,1.675000000000000000e+03,1.775000000000000000e+03,nan,nan,nan
1.919800000000000040e+01,1.675000000000000000e+03,1.775000000000000000e+03,nan,nan,nan
1.921499999999999986e+01,1.675000000000000000e+03,1.775000000000000000e+03,nan,nan,nan
1.923199999999999932e+01,1.675000000000000000e+03,1.775000000000000000e+03,nan,nan,nan
1.924899999999999878e+01,1.675000000000000000e+03,1.775000000000000000e+03,nan,nan,nan
1.926599999999999824e+01,1.675000000000000000e+03,1.775000000000000000e+03,nan,nan,nan
1.928300000000000125e+01,1.675000000000000000e+03,1.775000000000000000e+03,nan,nan,nan
1.930099999999999838e+01,1.675000000000000000e+03,1.775000000000000000e+03,nan,nan,nan
1.931899999999999906e+01,1.675000000000000000e+03,1.775000000000000000e+03,nan,nan,nan
1.933599999999999852e+01,1.675000000000000000e+03,1.775000000000000000e+03,nan,nan,nan
1.935300000000000153e+01,1.675000000000000000e+03,1.775000000000000000e+03,1.074100422402156862e+00,7.282963147916614588e-01,-2.299936693923070763e+00
1.937000000000000099e+01,1.675000000000000000e+03,1.775000000000000000e+03,1.074100422402156862e+00,7.282963147916614588e-01,-2.299936693923070763e+00
1.938700000000000045e+01,1.675000000000000000e+03,1.775000000000000000e+03,1.074100422402156862e+00,7.282963147916614588e-01,-2.299936693923070763e+00
1.940399999999999991e+01,1.675000000000000000e+03,1.775000000000000000e+03,1.074100422402156862e+00,7.282963147916614588e-01,-2.299936693923070763e+00
1.942099999999999937e+01,1.675000000000000000e+03,1.775000000000000000e+03,1.090110300235989316e+00,7.167292846570187947e-01,-2.302371922804306692e+00
1.943799999999999883e+01,1.675000000000000000e+03,1.775000000000000000e+03,1.094834239675860577e+00,7.119267291644861828e-01,-2.357836695436160479e+00
1.945499999999999829e+01,1.675000000000000000e+03,1.775000000000000000e+03,1.094834239675860577e+00,7.119267291644861828e-01,-2.357836695436160479e+00
1.947299999999999898e+01,1.675000000000000000e+03,1.775000000000000000e+03,1.094834239675860577e+00,7.119267291644861828e-01,-2.357836695436160479e+00
1.949099999999999966e+01,1.675000000000000000e+03,1.775000000000000000e+03,1.098654959231598394e+00,7.101762868086991531e-01,-2.303585069897722271e+00
1.950900000000000034e+01,1.675000000000000000e+03,1.775000000000000000e+03,1.109647888521699599e+00,7.019804786269681074e-01,-2.384143574809062915e+00
1.952599999999999980e+01,1.675000000000000000e+03,1.775000000000000000e+03,1.109647888521699599e+00,7.019804786269681074e-01,-2.384143574809062915e+00
1.954400000000000048e+01,1.675000000000000000e+03,1.775000000000000000e+03,1.113458603256049395e+00,7.002350551161953263e-01,-2.395836965015423647e+00
1.956099999999999994e+01,1.675000000000000000e+03,1.775000000000000000e+03,1.117256153111856776e+00,6.955167144464367013e-01,-2.396790220475506050e+00
1.957999999999999829e+01,1.675000000000000000e+03,1.775000000000000000e+03,1.117256153111856776e+00,6.955167144464367013e-01,-2.396790220475506050e+00
1.959900000000000020e+01,1.675000000000000000e+03,1.775000000000000000e+03,1.121726733985171975e+00,6.922443674191134377e-01,-2.441964025960896567e+00
1.961599999999999966e+01,1.675000000000000000e+03,1.775000000000000000e+03,1.121726733985171975e+00,6.922443674191134377e-01,-2.441964025960896567e+00
1.963299999999999912e+01,1.675000000000000000e+03,1.775000000000000000e+03,1.132874003584031675e+00,6.825970017797757805e-01,-2.443768944564032708e+00
1.965099999999999980e+01,1.675000000000000000e+03,1.775000000000000000e+03,1.137987959618324441e+00,6.778139718850155759e-01,-2.399781619815371414e+00
1.966799999999999926e+01,1.675000000000000000e+03,1.775000000000000000e+03,1.137987959618324441e+00,6.778139718850155759e-01,-2.399781619815371414e+00
1.968599999999999994e+01,1.675000000000000000e+03,1.775000000000000000e+03,1.141988735572714964e+00,6.745891206357406134e-01,-2.456002769230160698e+00
1.970299999999999940e+01,1.675000000000000000e+03,1.775000000000000000e+03,1.141988735572714964e+00,6.745891206357406134e-01,-2.456002769230160698e+00
1.972100000000000009e+01,1.675000000000000000e+03,1.775000000000000000e+03,1.141988735572714964e+00,6.745891206357406134e-01,-2.456002769230160698e+00
1.973799999999999955e+01,1.675000000000000000e+03,1.775000000000000000e+03,1.145538901841883561e+00,6.713974393969088794e-01,-2.389241386662190880e+00
1.975400000000000134e+01,1.675000000000000000e+03,1.775000000000000000e+03,1.145538901841883561e+00,6.713974393969088794e-01,-2.389241386662190880e+00
1.977100000000000080e+01,1.675000000000000000e+03,1.775000000000000000e+03,1.160356964788432865e+00,6.571481270869332647e-01,-2.447484461110996712e+00
1.978800000000000026e+01,1.675000000000000000e+03,1.775000000000000000e+03,1.160356964788432865e+00,6.571481270869332647e-01,-2.447484461110996712e+00
1.980499999999999972e+01,1.675000000000000000e+03,1.775000000000000000e+03,1.163681758797287191e+00,6.554556831001789874e-01,-2.480201896603658973e+00
1.982199999999999918e+01,1.675000000000000000e+03,1.775000000000000000e+03,1.163681758797287191e+00,6.554556831001789874e-01,-2.480201896603658973e+00
1.983899999999999864e+01,1.675000000000000000e+03,1.775000000000000000e+03,1.168100586575709920e+00,6.522228115606516496e-01,-2.470418792962195464e+00
1.985699999999999932e+01,1.675000000000000000e+03,1.775000000000000000e+03,1.193539954006220816e+00,6.271278224564236226e-01,-2.484327714623919103e+00
1.987500000000000000e+01,1.675000000000000000e+03,1.775000000000000000e+03,1.193539954006220816e+00,6.271278224564236226e-01,-2.484327714623919103e+00
1.989300000000000068e+01,1.675000000000000000e+03,1.775000000000000000e+03,1.197037933569624846e+00,6.239823006513605108e-01,-2.495384617992532306e+00
1.991000000000000014e+01,1.675000000000000000e+03,1.775000000000000000e+03,1.197037933569624846e+00,6.239823006513605108e-01,-2.495384617992532306e+00
1.992599999999999838e+01,1.675000000000000000e+03,1.775000000000000000e+03,1.197037933569624846e+00,6.239823006513605108e-01,-2.495384617992532306e+00
1.994300000000000139e+01,1.675000000000000000e+03,1.775000000000000000e+03,nan,nan,nan
1.996000000000000085e+01,1.675000000000000000e+03,1.775000000000000000e+03,nan,nan,nan
1.997700000000000031e+01,1.675000000000000000e+03,1.775000000000000000e+03,1.218337220083781425e+00,6.022558419393728713e-01,-2.571989194075308127e+00
1.999399999999999977e+01,1.675000000000000000e+03,1.775000000000000000e+03,1.218337220083781425e+00,6.022558419393728713e-01,-2.571989194075308127e+00
2.001099999999999923e+01,1.675000000000000000e+03,1.775000000000000000e+03,1.218337220083781425e+00,6.022558419393728713e-01,-2.571989194075308127e+00
2.002899999999999991e+01,1.675000000000000000e+03,1.775000000000000000e+03,1.218337220083781425e+00,6.022558419393728713e-01,-2.571989194075308127e+00
2.004599999999999937e+01,1.675000000000000000e+03,1.775000000000000000e+03,1.218337220083781425e+00,6.022558419393728713e-01,-2.571989194075308127e+00
2.006200000000000117e+01,1.675000000000000000e+03,1.775000000000000000e+03,1.234089562089451197e+00,5.853464618769468331e-01,-2.573992524732575227e+00
2.007999999999999829e+01,1.675000000000000000e+03,1.775000000000000000e+03,1.234089562089451197e+00,5.853464618769468331e-01,-2.573992524732575227e+00
2.009700000000000131e+01,1.675000000000000000e+03,1.775000000000000000e+03,1.238171083435947617e+00,5.807636621222522777e-01,-2.583627287103537729e+00
2.011299999999999955e+01,1.675000000000000000e+03,1.775000000000000000e+03,1.238171083435947617e+00,5.807636621222522777e-01,-2.583627287103537729e+00
2.013100000000000023e+01,1.675000000000000000e+03,1.775000000000000000e+03,1.248879748127575517e+00,5.685847580646639088e-01,-2.584964009063297929e+00
2.014900000000000091e+01,1.675000000000000000e+03,1.775000000000000000e+03,1.248879748127575517e+00,5.685847580646639088e-01,-2.584964009063297929e+00
2.016700000000000159e+01,1.675000000000000000e+03,1.775000000000000000e+03,1.248879748127575517e+00,5.685847580646639088e-01,-2.584964009063297929e+00
2.018299999999999983e+01,1.675000000000000000e+03,1.775000000000000000e+03,1.248879748127575517e+00,5.685847580646639088e-01,-2.584964009063297929e+00
2.020100000000000051e+01,1.675000000000000000e+03,1.775000000000000000e+03,1.248879748127575517e+00,5.685847580646639088e-01,-2.584964009063297929e+00
2.021799999999999997e+01,1.675000000000000000e+03,1.775000000000000000e+03,nan,nan,nan
2.023499999999999943e+01,1.675000000000000000e+03,1.775000000000000000e+03,nan,nan,nan
2.025199999999999889e+01,1.675000000000000000e+03,1.775000000000000000e+03,1.267270703610226867e+00,5.502427559650096001e-01,-2.624371622813684191e+00
2.026899999999999835e+01,1.675000000000000000e+03,1.775000000000000000e+03,nan,nan,nan
2.028699999999999903e+01,1.675000000000000000e+03,1.775000000000000000e+03,nan,nan,nan
2.030399999999999849e+01,1.675000000000000000e+03,1.775000000000000000e+03,nan,nan,nan
2.032100000000000151e+01,1.675000000000000000e+03,1.775000000000000000e+03,nan,nan,nan
2.033899999999999864e+01,1.675000000000000000e+03,1.775000000000000000e+03,1.301727236613960281e+00,5.126007982643310257e-01,-2.720582034574132280e+00
2.035600000000000165e+01,1.675000000000000000e+03,1.775000000000000000e+03,1.301727236613960281e+00,5.126007982643310257e-01,-2.720582034574132280e+00
2.037300000000000111e+01,1.675000000000000000e+03,1.775000000000000000e+03,nan,nan,nan
2.039000000000000057e+01,1.675000000000000000e+03,1.775000000000000000e+03,nan,nan,nan
2.040700000000000003e+01,1.675000000000000000e+03,1.775000000000000000e+03,nan,nan,nan
2.042399999999999949e+01,1.675000000000000000e+03,1.775000000000000000e+03,1.319265205166470611e+00,4.918206456676221805e-01,-2.774275241095554456e+00
2.044099999999999895e+01,1.675000000000000000e+03,1.775000000000000000e+03,1.319265205166470611e+00,4.918206456676221805e-01,-2.774275241095554456e+00
2.045899999999999963e+01,1.675000000000000000e+03,1.775000000000000000e+03,1.323657069360708594e+00,4.873424759055060562e-01,-2.780777685891692386e+00
2.047599999999999909e+01,1.675000000000000000e+03,1.775000000000000000e+03,1.323657069360708594e+00,4.873424759055060562e-01,-2.780777685891692386e+00
2.049299999999999855e+01,1.675000000000000000e+03,1.775000000000000000e+03,1.326745463210490472e+00,4.829568532000525494e-01,-2.775088124930340960e+00
2.051000000000000156e+01,1.675000000000000000e+03,1.775000000000000000e+03,1.326745463210490472e+00,4.829568532000525494e-01,-2.775088124930340960e+00
2.052700000000000102e+01,1.675000000000000000e+03,1.775000000000000000e+03,1.326745463210490472e+00,4.829568532000525494e-01,-2.775088124930340960e+00
2.054400000000000048e+01,1.675000000000000000e+03,1.775000000000000000e+03,1.326745463210490472e+00,4.829568532000525494e-01,-2.775088124930340960e+00
2.056099999999999994e+01,1.675000000000000000e+03,1.775000000000000000e+03,1.339756800513613566e+00,4.668144459700060978e-01,-2.782367845088360436e+00
2.057799999999999940e+01,1.675000000000000000e+03,1.775000000000000000e+03,1.339756800513613566e+00,4.668144459700060978e-01,-2.782367845088360436e+00
2.059499999999999886e+01,1.675000000000000000e+03,1.775000000000000000e+03,1.343685182938342049e+00,4.624004664913803353e-01,-2.833450897742825436e+00
2.061199999999999832e+01,1.675000000000000000e+03,1.775000000000000000e+03,1.343685182938342049e+00,4.624004664913803353e-01,-2.833450897742825436e+00
2.062900000000000134e+01,1.675000000000000000e+03,1.775000000000000000e+03,1.347336104067244911e+00,4.566294387143248201e-01,-2.838960036816674748e+00
2.064600000000000080e+01,1.675000000000000000e+03,1.775000000000000000e+03,1.347336104067244911e+00,4.566294387143248201e-01,-2.838960036816674748e+00
2.066400000000000148e+01,1.675000000000000000e+03,1.775000000000000000e+03,1.360667400147000716e+00,4.405942663453918939e-01,-2.845007795653371918e+00
2.068100000000000094e+01,1.675000000000000000e+03,1.775000000000000000e+03,1.360667400147000716e+00,4.405942663453918939e-01,-2.845007795653371918e+00
2.069800000000000040e+01,1.675000000000000000e+03,1.775000000000000000e+03,1.364135145719213460e+00,4.362456860679824189e-01,-2.840279305963697265e+00
2.071499999999999986e+01,1.675000000000000000e+03,1.775000000000000000e+03,1.364135145719213460e+00,4.362456860679824189e-01,-2.840279305963697265e+00
2.073199999999999932e+01,1.675000000000000000e+03,1.775000000000000000e+03,1.368026519962973531e+00,4.318748712468645223e-01,-2.840606896588689700e+00
2.074899999999999878e+01,1.675000000000000000e+03,1.775000000000000000e+03,1.368026519962973531e+00,4.318748712468645223e-01,-2.840606896588689700e+00
2.076599999999999824e+01,1.675000000000000000e+03,1.775000000000000000e+03,1.379540610859063765e+00,4.160797236098154883e-01,-2.895027969724637718e+00
2.078300000000000125e+01,1.675000000000000000e+03,1.775000000000000000e+03,1.379540610859063765e+00,4.160797236098154883e-01,-2.895027969724637718e+00
2.080000000000000071e+01,1.675000000000000000e+03,1.775000000000000000e+03,1.379540610859063765e+00,4.160797236098154883e-01,-2.895027969724637718e+00
2.081700000000000017e+01,1.675000000000000000e+03,1.775000000000000000e+03,1.383984499630313225e+00,4.103381110317734226e-01,-2.895293267916398516e+00
2.083399999999999963e+01,1.675000000000000000e+03,1.775000000000000000e+03,1.383984499630313225e+00,4.103381110317734226e-01,-2.895293267916398516e+00
2.085099999999999909e+01,1.675000000000000000e+03,1.775000000000000000e+03,1.400400718883008100e+00,3.875620879307328792e-01,-2.947632084786781625e+00
2.086799999999999855e+01,1.675000000000000000e+03,1.775000000000000000e+03,1.400400718883008100e+00,3.875620879307328792e-01,-2.947632084786781625e+00
2.088500000000000156e+01,1.675000000000000000e+03,1.775000000000000000e+03,1.400400718883008100e+00,3.875620879307328792e-01,-2.947632084786781625e+00
2.090200000000000102e+01,1.675000000000000000e+03,1.775000000000000000e+03,1.403385403907822404e+00,3.833155742976890323e-01,-2.900789639870322123e+00
2.091900000000000048e+01,1.675000000000000000e+03,1.775000000000000000e+03,1.403385403907822404e+00,3.833155742976890323e-01,-2.900789639870322123e+00
2.093700000000000117e+01,1.675000000000000000e+03,1.775000000000000000e+03,1.415847246846539953e+00,3.650096011254655437e-01,-2.951874319388878565e+00
2.095400000000000063e+01,1.675000000000000000e+03,1.775000000000000000e+03,1.415847246846539953e+00,3.650096011254655437e-01,-2.951874319388878565e+00
2.097100000000000009e+01,1.675000000000000000e+03,1.775000000000000000e+03,1.419373541365520630e+00,3.594182074486287348e-01,-2.955405552692649707e+00
2.098799999999999955e+01,1.675000000000000000e+03,1.775000000000000000e+03,1.419373541365520630e+00,3.594182074486287348e-01,-2.955405552692649707e+00
2.100499999999999901e+01,1.675000000000000000e+03,1.775000000000000000e+03,1.431601179433149795e+00,3.425949499796017150e-01,-3.000548822691211370e+00
2.102299999999999969e+01,1.675000000000000000e+03,1.775000000000000000e+03,1.431601179433149795e+00,3.425949499796017150e-01,-3.000548822691211370e+00
2.103999999999999915e+01,1.675000000000000000e+03,1.775000000000000000e+03,1.431601179433149795e+00,3.425949499796017150e-01,-3.000548822691211370e+00
2.105699999999999861e+01,1.675000000000000000e+03,1.775000000000000000e+03,1.431601179433149795e+00,3.425949499796017150e-01,-3.000548822691211370e+00
2.107400000000000162e+01,1.675000000000000000e+03,1.775000000000000000e+03,1.434678324725476184e+00,3.370721132405849474e-01,-2.997970801884536574e+00
2.109199999999999875e+01,1.675000000000000000e+03,1.775000000000000000e+03,1.434678324725476184e+00,3.370721132405849474e-01,-2.997970801884536574e+00
2.110900000000000176e+01,1.675000000000000000e+03,1.775000000000000000e+03,1.434678324725476184e+00,3.370721132405849474e-01,-2.997970801884536574e+00
2.112600000000000122e+01,1.675000000000000000e+03,1.775000000000000000e+03,1.446531187615928804e+00,3.190687590036818122e-01,-3.044509067854054063e+00
2.114499999999999957e+01,1.675000000000000000e+03,1.775000000000000000e+03,1.450002482504985757e+00,3.135612599312294080e-01,-3.044597753649393557e+00
2.116199999999999903e+01,1.675000000000000000e+03,1.775000000000000000e+03,1.450002482504985757e+00,3.135612599312294080e-01,-3.044597753649393557e+00
2.117999999999999972e+01,1.675000000000000000e+03,1.775000000000000000e+03,1.459281051894849579e+00,2.997954226496348795e-01,-3.004300524417905294e+00
2.119699999999999918e+01,1.675000000000000000e+03,1.775000000000000000e+03,1.459281051894849579e+00,2.997954226496348795e-01,-3.004300524417905294e+00
2.121399999999999864e+01,1.675000000000000000e+03,1.775000000000000000e+03,1.462181845851968642e+00,2.956697255984686024e-01,-3.048953119902651387e+00
2.123100000000000165e+01,1.675000000000000000e+03,1.775000000000000000e+03,1.468517012854936299e+00,2.860921509554019693e-01,-3.049131730477736113e+00
2.124800000000000111e+01,1.675000000000000000e+03,1.775000000000000000e+03,1.468517012854936299e+00,2.860921509554019693e-01,-3.049131730477736113e+00
2.126500000000000057e+01,1.675000000000000000e+03,1.775000000000000000e+03,1.468517012854936299e+00,2.860921509554019693e-01,-3.049131730477736113e+00
2.128200000000000003e+01,1.675000000000000000e+03,1.775000000000000000e+03,1.468517012854936299e+00,2.860921509554019693e-01,-3.049131730477736113e+00
2.129899999999999949e+01,1.675000000000000000e+03,1.775000000000000000e+03,1.476877107034744618e+00,2.725050784313474139e-01,-3.049391710057722360e+00
2.131599999999999895e+01,1.675000000000000000e+03,1.775000000000000000e+03,1.476877107034744618e+00,2.725050784313474139e-01,-3.049391710057722360e+00
2.133399999999999963e+01,1.675000000000000000e+03,1.775000000000000000e+03,1.479460992530898356e+00,2.671359874763430398e-01,-3.128916441838232476e+00
2.135200000000000031e+01,1.675000000000000000e+03,1.775000000000000000e+03,1.490872611932368974e+00,2.469734176624172051e-01,-3.129907521582429020e+00
2.136899999999999977e+01,1.675000000000000000e+03,1.775000000000000000e+03,1.490872611932368974e+00,2.469734176624172051e-01,-3.129907521582429020e+00
2.138599999999999923e+01,1.675000000000000000e+03,1.775000000000000000e+03,1.494676395605240682e+00,2.415697043194509064e-01,-3.129924224451047454e+00
2.140299999999999869e+01,1.675000000000000000e+03,1.775000000000000000e+03,1.502739491978864805e+00,2.256300209347976704e-01,-3.130866843045982062e+00
2.142000000000000171e+01,1.675000000000000000e+03,1.775000000000000000e+03,1.502739491978864805e+00,2.256300209347976704e-01,-3.130866843045982062e+00
2.144000000000000128e+01,1.675000000000000000e+03,1.775000000000000000e+03,1.505279898503362634e+00,2.203445836626425347e-01,-3.130874869941119076e+00
2.145700000000000074e+01,1.675000000000000000e+03,1.775000000000000000e+03,1.505279898503362634e+00,2.203445836626425347e-01,-3.130874869941119076e+00
2.147400000000000020e+01,1.675000000000000000e+03,1.775000000000000000e+03,nan,nan,nan
2.149099999999999966e+01,1.675000000000000000e+03,1.775000000000000000e+03,nan,nan,nan
2.150799999999999912e+01,1.675000000000000000e+03,1.775000000000000000e+03,nan,nan,nan
2.152599999999999980e+01,1.675000000000000000e+03,1.775000000000000000e+03,1.518736123876546440e+00,1.940051594695013648e-01,3.115207474564588352e+00
2.154299999999999926e+01,1.675000000000000000e+03,1.775000000000000000e+03,1.518736123876546440e+00,1.940051594695013648e-01,3.115207474564588352e+00
2.155999999999999872e+01,1.675000000000000000e+03,1.775000000000000000e+03,1.521134410289967986e+00,1.900494064415783058e-01,3.078482364280144434e+00
2.157700000000000173e+01,1.675000000000000000e+03,1.775000000000000000e+03,1.523643152282427415e+00,1.848270630177042406e-01,3.078536852100752785e+00
2.159600000000000009e+01,1.675000000000000000e+03,1.775000000000000000e+03,1.523643152282427415e+00,1.848270630177042406e-01,3.078536852100752785e+00
2.161400000000000077e+01,1.675000000000000000e+03,1.775000000000000000e+03,1.523643152282427415e+00,1.848270630177042406e-01,3.078536852100752785e+00
2.163100000000000023e+01,1.675000000000000000e+03,1.775000000000000000e+03,1.523643152282427415e+00,1.848270630177042406e-01,3.078536852100752785e+00
2.164799999999999969e+01,1.675000000000000000e+03,1.775000000000000000e+03,1.534340367260815796e+00,1.652405143266619802e-01,3.078748316115875294e+00
2.166499999999999915e+01,1.675000000000000000e+03,1.775000000000000000e+03,1.534340367260815796e+00,1.652405143266619802e-01,3.078748316115875294e+00
2.168100000000000094e+01,1.675000000000000000e+03,1.775000000000000000e+03,1.537235357417453319e+00,1.600359138388345315e-01,3.078799818215165462e+00
2.169800000000000040e+01,1.675000000000000000e+03,1.775000000000000000e+03,1.537235357417453319e+00,1.600359138388345315e-01,3.078799818215165462e+00
2.171499999999999986e+01,1.675000000000000000e+03,1.775000000000000000e+03,1.539607347045954366e+00,1.561255041332234583e-01,3.043927160770704798e+00
2.173199999999999932e+01,1.675000000000000000e+03,1.775000000000000000e+03,1.541976153700380880e+00,1.522202983616267602e-01,3.044009155820523560e+00
2.174899999999999878e+01,1.675000000000000000e+03,1.775000000000000000e+03,1.541976153700380880e+00,1.522202983616267602e-01,3.044009155820523560e+00
2.176599999999999824e+01,1.675000000000000000e+03,1.775000000000000000e+03,1.549792300844125226e+00,1.367546719404577615e-01,3.044648985122481832e+00
2.180199999999999960e+01,1.675000000000000000e+03,1.775000000000000000e+03,1.549792300844125226e+00,1.367546719404577615e-01,3.044648985122481832e+00
2.181899999999999906e+01,1.675000000000000000e+03,1.775000000000000000e+03,1.549792300844125226e+00,1.367546719404577615e-01,3.044648985122481832e+00
2.183999999999999986e+01,1.675000000000000000e+03,1.775000000000000000e+03,nan,nan,nan
2.185699999999999932e+01,1.675000000000000000e+03,1.775000000000000000e+03,nan,nan,nan
2.187399999999999878e+01,1.675000000000000000e+03,1.775000000000000000e+03,nan,nan,nan
2.189099999999999824e+01,1.675000000000000000e+03,1.775000000000000000e+03,nan,nan,nan
2.190899999999999892e+01,1.675000000000000000e+03,1.775000000000000000e+03,1.570062528218786557e+00,9.715998607229892059e-02,2.980467888255336817e+00
2.192500000000000071e+01,1.675000000000000000e+03,1.775000000000000000e+03,1.570062528218786557e+00,9.715998607229892059e-02,2.980467888255336817e+00
2.195200000000000173e+01,1.675000000000000000e+03,1.775000000000000000e+03,1.570062528218786557e+00,9.715998607229892059e-02,2.980467888255336817e+00
2.196900000000000119e+01,1.675000000000000000e+03,1.775000000000000000e+03,1.574406328404032607e+00,8.830568108304515107e-02,2.980724507647347643e+00
2.198600000000000065e+01,1.675000000000000000e+03,1.775000000000000000e+03,1.574406328404032607e+00,8.830568108304515107e-02,2.980724507647347643e+00
2.200300000000000011e+01,1.675000000000000000e+03,1.775000000000000000e+03,1.581748744808190388e+00,7.197676385875428906e-02,2.950644316092989161e+00
2.201999999999999957e+01,1.675000000000000000e+03,1.775000000000000000e+03,1.581748744808190388e+00,7.197676385875428906e-02,2.950644316092989161e+00
2.203699999999999903e+01,1.675000000000000000e+03,1.775000000000000000e+03,1.587749132737592994e+00,5.703179156555027163e-02,2.952470139475189548e+00
2.205499999999999972e+01,1.675000000000000000e+03,1.775000000000000000e+03,1.587749132737592994e+00,5.703179156555027163e-02,2.952470139475189548e+00
2.207400000000000162e+01,1.675000000000000000e+03,1.775000000000000000e+03,1.587749132737592994e+00,5.703179156555027163e-02,2.952470139475189548e+00
2.209199999999999875e+01,1.675000000000000000e+03,1.775000000000000000e+03,1.587749132737592994e+00,5.703179156555027163e-02,2.952470139475189548e+00
2.210900000000000176e+01,1.675000000000000000e+03,1.775000000000000000e+03,1.587749132737592994e+00,5.703179156555027163e-02,2.952470139475189548e+00
2.212600000000000122e+01,1.675000000000000000e+03,1.775000000000000000e+03,1.587749132737592994e+00,5.703179156555027163e-02,2.952470139475189548e+00
2.214399999999999835e+01,1.675000000000000000e+03,1.775000000000000000e+03,1.587749132737592994e+00,5.703179156555027163e-02,2.952470139475189548e+00
2.216100000000000136e+01,1.675000000000000000e+03,1.775000000000000000e+03,1.596596040829399099e+00,3.596667384141660762e-02,2.924194200679202993e+00
2.217800000000000082e+01,1.675000000000000000e+03,1.775000000000000000e+03,1.598669252984570077e+00,2.983254142450952884e-02,2.894731749274821020e+00
2.219600000000000151e+01,1.675000000000000000e+03,1.775000000000000000e+03,1.598669252984570077e+00,2.983254142450952884e-02,2.894731749274821020e+00
2.221399999999999864e+01,1.675000000000000000e+03,1.775000000000000000e+03,1.601136673061608340e+00,2.368666999729640565e-02,2.894913473418004202e+00
2.223100000000000165e+01,1.675000000000000000e+03,1.775000000000000000e+03,1.601136673061608340e+00,2.368666999729640565e-02,2.894913473418004202e+00
2.224800000000000111e+01,1.675000000000000000e+03,1.775000000000000000e+03,1.609301787258839544e+00,5.278526029068864034e-03,2.897542202007722167e+00
2.226500000000000057e+01,1.675000000000000000e+03,1.775000000000000000e+03,1.609301787258839544e+00,5.278526029068864034e-03,2.897542202007722167e+00
2.228200000000000003e+01,1.675000000000000000e+03,1.775000000000000000e+03,1.611350329050679209e+00,-7.902257778038546121e-04,2.869063344885793398e+00
2.229899999999999949e+01,1.675000000000000000e+03,1.775000000000000000e+03,1.611350329050679209e+00,-7.902257778038546121e-04,2.869063344885793398e+00
2.231599999999999895e+01,1.675000000000000000e+03,1.775000000000000000e+03,1.613303238705672049e+00,-5.655600918212932982e-03,2.869258650810443179e+00
2.233299999999999841e+01,1.675000000000000000e+03,1.775000000000000000e+03,1.613303238705672049e+00,-5.655600918212932982e-03,2.869258650810443179e+00
2.235000000000000142e+01,1.675000000000000000e+03,1.775000000000000000e+03,1.615343588212614812e+00,-1.170114112541487117e-02,2.871583616517470627e+00
2.236700000000000088e+01,1.675000000000000000e+03,1.775000000000000000e+03,1.615343588212614812e+00,-1.170114112541487117e-02,2.871583616517470627e+00
2.238400000000000034e+01,1.675000000000000000e+03,1.775000000000000000e+03,1.634125493102770221e+00,-6.325453128004365766e-02,2.821465326058784306e+00
2.240099999999999980e+01,1.675000000000000000e+03,1.775000000000000000e+03,1.637554847060576080e+00,-7.274127686422993122e-02,2.824408711718042309e+00
2.242000000000000171e+01,1.675000000000000000e+03,1.775000000000000000e+03,1.637554847060576080e+00,-7.274127686422993122e-02,2.824408711718042309e+00
2.243799999999999883e+01,1.675000000000000000e+03,1.775000000000000000e+03,1.643124114164396854e+00,-9.039253788616719021e-02,2.825323608339333603e+00
2.245499999999999829e+01,1.675000000000000000e+03,1.775000000000000000e+03,1.644936072137268113e+00,-9.395230029231349533e-02,2.825538409326245670e+00
2.247299999999999898e+01,1.675000000000000000e+03,1.775000000000000000e+03,1.644936072137268113e+00,-9.395230029231349533e-02,2.825538409326245670e+00
2.249099999999999966e+01,1.675000000000000000e+03,1.775000000000000000e+03,1.646604760681548152e+00,-1.009397326418586260e-01,2.802549236056825599e+00
2.250799999999999912e+01,1.675000000000000000e+03,1.775000000000000000e+03,1.646604760681548152e+00,-1.009397326418586260e-01,2.802549236056825599e+00
2.252499999999999858e+01,1.675000000000000000e+03,1.775000000000000000e+03,1.646604760681548152e+00,-1.009397326418586260e-01,2.802549236056825599e+00
2.254200000000000159e+01,1.675000000000000000e+03,1.775000000000000000e+03,1.646604760681548152e+00,-1.009397326418586260e-01,2.802549236056825599e+00
2.255900000000000105e+01,1.675000000000000000e+03,1.775000000000000000e+03,1.647714910137768385e+00,-1.055883591399915389e-01,2.802803755122088347e+00
2.257600000000000051e+01,1.675000000000000000e+03,1.775000000000000000e+03,1.647714910137768385e+00,-1.055883591399915389e-01,2.802803755122088347e+00
2.259299999999999997e+01,1.675000000000000000e+03,1.775000000000000000e+03,1.652362311153185992e+00,-1.218450158555439700e-01,2.778475606584232427e+00
2.261100000000000065e+01,1.675000000000000000e+03,1.775000000000000000e+03,1.653932454137771346e+00,-1.276230668660591760e-01,2.757270769546737998e+00
2.262800000000000011e+01,1.675000000000000000e+03,1.775000000000000000e+03,1.653932454137771346e+00,-1.276230668660591760e-01,2.757270769546737998e+00
2.264499999999999957e+01,1.675000000000000000e+03,1.775000000000000000e+03,1.656274033880225538e+00,-1.334359886087925773e-01,2.757511680329558068e+00
2.266199999999999903e+01,1.675000000000000000e+03,1.775000000000000000e+03,1.656274033880225538e+00,-1.334359886087925773e-01,2.757511680329558068e+00
2.267899999999999849e+01,1.675000000000000000e+03,1.775000000000000000e+03,1.658850333309847214e+00,-1.426414649709411009e-01,2.758030481605607154e+00
2.269600000000000151e+01,1.675000000000000000e+03,1.775000000000000000e+03,1.658850333309847214e+00,-1.426414649709411009e-01,2.758030481605607154e+00
2.271300000000000097e+01,1.675000000000000000e+03,1.775000000000000000e+03,1.660180580524613925e+00,-1.506160821852002840e-01,2.758585610353760931e+00
2.273000000000000043e+01,1.675000000000000000e+03,1.775000000000000000e+03,1.662821263702503050e+00,-1.608918860528820716e-01,2.735504067173087250e+00
2.274699999999999989e+01,1.675000000000000000e+03,1.775000000000000000e+03,1.662821263702503050e+00,-1.608918860528820716e-01,2.735504067173087250e+00
2.276500000000000057e+01,1.675000000000000000e+03,1.775000000000000000e+03,1.662821263702503050e+00,-1.608918860528820716e-01,2.735504067173087250e+00
2.278200000000000003e+01,1.675000000000000000e+03,1.775000000000000000e+03,1.662821263702503050e+00,-1.608918860528820716e-01,2.735504067173087250e+00
2.280000000000000071e+01,1.675000000000000000e+03,1.775000000000000000e+03,1.669763174947460405e+00,-1.836576484835479306e-01,2.716802227817771698e+00
2.281700000000000017e+01,1.675000000000000000e+03,1.775000000000000000e+03,1.669763174947460405e+00,-1.836576484835479306e-01,2.716802227817771698e+00
2.283399999999999963e+01,1.675000000000000000e+03,1.775000000000000000e+03,1.669763174947460405e+00,-1.836576484835479306e-01,2.716802227817771698e+00
2.285099999999999909e+01,1.675000000000000000e+03,1.775000000000000000e+03,1.669763174947460405e+00,-1.836576484835479306e-01,2.716802227817771698e+00
2.286799999999999855e+01,1.675000000000000000e+03,1.775000000000000000e+03,1.678536705580619515e+00,-2.228582344725706932e-01,2.678671771711373495e+00
2.288500000000000156e+01,1.675000000000000000e+03,1.775000000000000000e+03,1.678536705580619515e+00,-2.228582344725706932e-01,2.678671771711373495e+00
2.290299999999999869e+01,1.675000000000000000e+03,1.775000000000000000e+03,1.682692750615290667e+00,-2.395141135940033195e-01,2.679864813278017177e+00
2.292099999999999937e+01,1.675000000000000000e+03,1.775000000000000000e+03,1.683819553731324525e+00,-2.450286385272217871e-01,2.683537898565123925e+00
2.293799999999999883e+01,1.675000000000000000e+03,1.775000000000000000e+03,1.683819553731324525e+00,-2.450286385272217871e-01,2.683537898565123925e+00
2.295499999999999829e+01,1.675000000000000000e+03,1.775000000000000000e+03,1.685309123019816502e+00,-2.559797294656345201e-01,2.663371905269778850e+00
2.297200000000000131e+01,1.675000000000000000e+03,1.775000000000000000e+03,1.685309123019816502e+00,-2.559797294656345201e-01,2.663371905269778850e+00
2.298999999999999844e+01,1.675000000000000000e+03,1.775000000000000000e+03,1.686284567020539082e+00,-2.592876806106163556e-01,2.667113105035335607e+00
2.300700000000000145e+01,1.675000000000000000e+03,1.775000000000000000e+03,1.689706973652191468e+00,-2.767591114509837524e-01,2.644674177324043196e+00
2.302400000000000091e+01,1.675000000000000000e+03,1.775000000000000000e+03,1.689706973652191468e+00,-2.767591114509837524e-01,2.644674177324043196e+00
2.304100000000000037e+01,1.675000000000000000e+03,1.775000000000000000e+03,1.691195818915204319e+00,-2.822207710605271203e-01,2.648524930975410197e+00
2.305799999999999983e+01,1.675000000000000000e+03,1.775000000000000000e+03,1.691195818915204319e+00,-2.822207710605271203e-01,2.648524930975410197e+00
2.307499999999999929e+01,1.675000000000000000e+03,1.775000000000000000e+03,1.691928932822827747e+00,-2.876273864570633165e-01,2.648845931534693943e+00
2.309199999999999875e+01,1.675000000000000000e+03,1.775000000000000000e+03,1.691928932822827747e+00,-2.876273864570633165e-01,2.648845931534693943e+00
2.310900000000000176e+01,1.675000000000000000e+03,1.775000000000000000e+03,1.693107474937026513e+00,-2.941186756821991821e-01,2.629586355631079453e+00
2.312600000000000122e+01,1.675000000000000000e+03,1.775000000000000000e+03,1.693107474937026513e+00,-2.941186756821991821e-01,2.629586355631079453e+00
2.314399999999999835e+01,1.675000000000000000e+03,1.775000000000000000e+03,1.696251676604536573e+00,-3.134776529792153710e-01,2.615501733630535952e+00
2.316000000000000014e+01,1.675000000000000000e+03,1.775000000000000000e+03,1.696251676604536573e+00,-3.134776529792153710e-01,2.615501733630535952e+00
2.317699999999999960e+01,1.675000000000000000e+03,1.775000000000000000e+03,1.697279989831007807e+00,-3.177801684097314450e-01,2.615832825900309633e+00
2.319399999999999906e+01,1.675000000000000000e+03,1.775000000000000000e+03,1.697279989831007807e+00,-3.177801684097314450e-01,2.615832825900309633e+00
2.321099999999999852e+01,1.675000000000000000e+03,1.775000000000000000e+03,1.697279989831007807e+00,-3.177801684097314450e-01,2.615832825900309633e+00
2.322800000000000153e+01,1.675000000000000000e+03,1.775000000000000000e+03,1.700229560681831398e+00,-3.401158818583311927e-01,2.599045056578235702e+00
2.324599999999999866e+01,1.675000000000000000e+03,1.775000000000000000e+03,1.700229560681831398e+00,-3.401158818583311927e-01,2.599045056578235702e+00
2.326399999999999935e+01,1.675000000000000000e+03,1.775000000000000000e+03,1.700945975668967325e+00,-3.454076420375873369e-01,2.599379830329232366e+00
2.328099999999999881e+01,1.675000000000000000e+03,1.775000000000000000e+03,1.700945975668967325e+00,-3.454076420375873369e-01,2.599379830329232366e+00
2.329799999999999827e+01,1.675000000000000000e+03,1.775000000000000000e+03,1.701964472356074287e+00,-3.496592931657200864e-01,2.559978637226801634e+00
2.331500000000000128e+01,1.675000000000000000e+03,1.775000000000000000e+03,1.701964472356074287e+00,-3.496592931657200864e-01,2.559978637226801634e+00
2.333299999999999841e+01,1.675000000000000000e+03,1.775000000000000000e+03,1.705619291330564113e+00,-3.831766437505113032e-01,2.566680771499399327e+00
2.335000000000000142e+01,1.675000000000000000e+03,1.775000000000000000e+03,1.705619291330564113e+00,-3.831766437505113032e-01,2.566680771499399327e+00
2.336799999999999855e+01,1.675000000000000000e+03,1.775000000000000000e+03,1.706089749840620895e+00,-3.904342102782862867e-01,2.567363387777066741e+00
2.338599999999999923e+01,1.675000000000000000e+03,1.775000000000000000e+03,1.707128024389383825e+00,-4.007888949955882296e-01,2.551150048702504503e+00
2.340299999999999869e+01,1.675000000000000000e+03,1.775000000000000000e+03,1.707128024389383825e+00,-4.007888949955882296e-01,2.551150048702504503e+00
2.342099999999999937e+01,1.675000000000000000e+03,1.775000000000000000e+03,1.707128024389383825e+00,-4.007888949955882296e-01,2.551150048702504503e+00
2.343799999999999883e+01,1.675000000000000000e+03,1.775000000000000000e+03,1.707128024389383825e+00,-4.007888949955882296e-01,2.551150048702504503e+00
2.345499999999999829e+01,1.675000000000000000e+03,1.775000000000000000e+03,1.708524936780169146e+00,-4.223591036602396542e-01,2.556819965445879195e+00
2.347299999999999898e+01,1.675000000000000000e+03,1.775000000000000000e+03,1.708855882245792657e+00,-4.274690242131695683e-01,2.536790976441083867e+00
2.348999999999999844e+01,1.675000000000000000e+03,1.775000000000000000e+03,1.708855882245792657e+00,-4.274690242131695683e-01,2.536790976441083867e+00
2.350700000000000145e+01,1.675000000000000000e+03,1.775000000000000000e+03,1.708855882245792657e+00,-4.274690242131695683e-01,2.536790976441083867e+00
2.352400000000000091e+01,1.675000000000000000e+03,1.775000000000000000e+03,1.708855882245792657e+00,-4.274690242131695683e-01,2.536790976441083867e+00
2.354100000000000037e+01,1.675000000000000000e+03,1.775000000000000000e+03,nan,nan,nan
2.355799999999999983e+01,1.675000000000000000e+03,1.775000000000000000e+03,nan,nan,nan
2.357600000000000051e+01,1.675000000000000000e+03,1.775000000000000000e+03,1.710201990201837940e+00,-4.538614233632554118e-01,2.526961016567948803e+00
2.359299999999999997e+01,1.675000000000000000e+03,1.775000000000000000e+03,1.710893708885641740e+00,-4.589310784847135949e-01,2.527306973321254091e+00
2.360999999999999943e+01,1.675000000000000000e+03,1.775000000000000000e+03,1.710893708885641740e+00,-4.589310784847135949e-01,2.527306973321254091e+00
2.362800000000000011e+01,1.675000000000000000e+03,1.775000000000000000e+03,1.711220144363027940e+00,-4.639704831641422444e-01,2.508074374452103239e+00
2.364499999999999957e+01,1.675000000000000000e+03,1.775000000000000000e+03,1.711220144363027940e+00,-4.639704831641422444e-01,2.508074374452103239e+00
2.366199999999999903e+01,1.675000000000000000e+03,1.775000000000000000e+03,1.711209762302791981e+00,-4.749824237144917305e-01,2.509212965204299817e+00
2.367899999999999849e+01,1.675000000000000000e+03,1.775000000000000000e+03,1.711209762302791981e+00,-4.749824237144917305e-01,2.509212965204299817e+00
2.369600000000000151e+01,1.675000000000000000e+03,1.775000000000000000e+03,1.711172089265526219e+00,-4.799707231695071741e-01,2.513661036754231137e+00
2.371300000000000097e+01,1.675000000000000000e+03,1.775000000000000000e+03,1.711172089265526219e+00,-4.799707231695071741e-01,2.513661036754231137e+00
2.373000000000000043e+01,1.675000000000000000e+03,1.775000000000000000e+03,1.712183407959453119e+00,-4.899795149857464338e-01,2.499217275300118501e+00
2.374699999999999989e+01,1.675000000000000000e+03,1.775000000000000000e+03,1.712183407959453119e+00,-4.899795149857464338e-01,2.499217275300118501e+00
2.376399999999999935e+01,1.675000000000000000e+03,1.775000000000000000e+03,nan,nan,nan
2.378099999999999881e+01,1.675000000000000000e+03,1.775000000000000000e+03,nan,nan,nan
2.379799999999999827e+01,1.675000000000000000e+03,1.775000000000000000e+03,1.712455247008820347e+00,-5.107712516289577565e-01,2.471734978716182862e+00
2.381500000000000128e+01,1.675000000000000000e+03,1.775000000000000000e+03,1.712455247008820347e+00,-5.107712516289577565e-01,2.471734978716182862e+00
2.383200000000000074e+01,1.675000000000000000e+03,1.775000000000000000e+03,1.713162438615604577e+00,-5.216274634513018427e-01,2.468682709705944500e+00
2.384900000000000020e+01,1.675000000000000000e+03,1.775000000000000000e+03,1.713162438615604577e+00,-5.216274634513018427e-01,2.468682709705944500e+00
2.386599999999999966e+01,1.675000000000000000e+03,1.775000000000000000e+03,1.713162438615604577e+00,-5.216274634513018427e-01,2.468682709705944500e+00
2.388299999999999912e+01,1.675000000000000000e+03,1.775000000000000000e+03,1.713162438615604577e+00,-5.216274634513018427e-01,2.468682709705944500e+00
2.390099999999999980e+01,1.675000000000000000e+03,1.775000000000000000e+03,1.712992984458367784e+00,-5.518610828846823857e-01,2.457473293680808801e+00
2.391799999999999926e+01,1.675000000000000000e+03,1.775000000000000000e+03,1.712992984458367784e+00,-5.518610828846823857e-01,2.457473293680808801e+00
2.393599999999999994e+01,1.675000000000000000e+03,1.775000000000000000e+03,1.712724504920766222e+00,-5.586265980029598843e-01,2.444336089405283907e+00
2.395299999999999940e+01,1.675000000000000000e+03,1.775000000000000000e+03,1.711908267837345399e+00,-5.624482388169402824e-01,2.444796550357969167e+00
2.397100000000000009e+01,1.675000000000000000e+03,1.775000000000000000e+03,1.711908267837345399e+00,-5.624482388169402824e-01,2.444796550357969167e+00
2.398799999999999955e+01,1.675000000000000000e+03,1.775000000000000000e+03,1.711908267837345399e+00,-5.624482388169402824e-01,2.444796550357969167e+00
2.400600000000000023e+01,1.675000000000000000e+03,1.775000000000000000e+03,1.711174812399987255e+00,-5.835703569342749475e-01,2.429338708534568347e+00
2.402499999999999858e+01,1.675000000000000000e+03,1.775000000000000000e+03,1.710363728373178516e+00,-5.873551024252279262e-01,2.429802291913798928e+00
2.404200000000000159e+01,1.675000000000000000e+03,1.775000000000000000e+03,1.710363728373178516e+00,-5.873551024252279262e-01,2.429802291913798928e+00
2.405900000000000105e+01,1.675000000000000000e+03,1.775000000000000000e+03,1.710363728373178516e+00,-5.873551024252279262e-01,2.429802291913798928e+00
2.407600000000000051e+01,1.675000000000000000e+03,1.775000000000000000e+03,1.710363728373178516e+00,-5.873551024252279262e-01,2.429802291913798928e+00
2.409299999999999997e+01,1.675000000000000000e+03,1.775000000000000000e+03,1.708868651803774563e+00,-6.072827211550384519e-01,2.406132212961619832e+00
2.410999999999999943e+01,1.675000000000000000e+03,1.775000000000000000e+03,1.708868651803774563e+00,-6.072827211550384519e-01,2.406132212961619832e+00
2.412699999999999889e+01,1.675000000000000000e+03,1.775000000000000000e+03,1.707804266617904299e+00,-6.176437137580648162e-01,2.407416609842068400e+00
2.414399999999999835e+01,1.675000000000000000e+03,1.775000000000000000e+03,1.707193356868327072e+00,-6.242186499024251489e-01,2.391422064968524719e+00
2.416199999999999903e+01,1.675000000000000000e+03,1.775000000000000000e+03,1.707193356868327072e+00,-6.242186499024251489e-01,2.391422064968524719e+00
2.417899999999999849e+01,1.675000000000000000e+03,1.775000000000000000e+03,1.705336760822022457e+00,-6.382209599714210313e-01,2.372168526033966440e+00
2.419699999999999918e+01,1.675000000000000000e+03,1.775000000000000000e+03,1.705336760822022457e+00,-6.382209599714210313e-01,2.372168526033966440e+00
2.421399999999999864e+01,1.675000000000000000e+03,1.775000000000000000e+03,1.705434336596116207e+00,-6.447806653914773811e-01,2.365440901325829071e+00
2.423100000000000165e+01,1.675000000000000000e+03,1.775000000000000000e+03,1.705434336596116207e+00,-6.447806653914773811e-01,2.365440901325829071e+00
2.424800000000000111e+01,1.675000000000000000e+03,1.775000000000000000e+03,1.705434336596116207e+00,-6.447806653914773811e-01,2.365440901325829071e+00
2.426599999999999824e+01,1.675000000000000000e+03,1.775000000000000000e+03,1.705434336596116207e+00,-6.447806653914773811e-01,2.365440901325829071e+00
2.428300000000000125e+01,1.675000000000000000e+03,1.775000000000000000e+03,1.702989778816279332e+00,-6.651394710604519034e-01,2.356442862023952145e+00
2.430000000000000071e+01,1.675000000000000000e+03,1.775000000000000000e+03,1.701498271135753582e+00,-6.687674053179817335e-01,2.352573196797069777e+00
2.431700000000000017e+01,1.675000000000000000e+03,1.775000000000000000e+03,1.701498271135753582e+00,-6.687674053179817335e-01,2.352573196797069777e+00
2.433399999999999963e+01,1.675000000000000000e+03,1.775000000000000000e+03,1.700901743990503867e+00,-6.752109834453534631e-01,2.353391462404575307e+00
2.435099999999999909e+01,1.675000000000000000e+03,1.775000000000000000e+03,1.700901743990503867e+00,-6.752109834453534631e-01,2.353391462404575307e+00
2.436799999999999855e+01,1.675000000000000000e+03,1.775000000000000000e+03,1.700901743990503867e+00,-6.752109834453534631e-01,2.353391462404575307e+00
2.438500000000000156e+01,1.675000000000000000e+03,1.775000000000000000e+03,1.695295947649685164e+00,-7.088666295256662586e-01,2.335630906415042229e+00
2.440299999999999869e+01,1.675000000000000000e+03,1.775000000000000000e+03,1.695295947649685164e+00,-7.088666295256662586e-01,2.335630906415042229e+00
2.442099999999999937e+01,1.675000000000000000e+03,1.775000000000000000e+03,1.693410699792588625e+00,-7.114999176831489081e-01,2.317915976697756175e+00
2.443799999999999883e+01,1.675000000000000000e+03,1.775000000000000000e+03,1.693410699792588625e+00,-7.114999176831489081e-01,2.317915976697756175e+00
2.445499999999999829e+01,1.675000000000000000e+03,1.775000000000000000e+03,1.692764093864980168e+00,-7.169228957690858550e-01,2.327812926346032540e+00
2.447200000000000131e+01,1.675000000000000000e+03,1.775000000000000000e+03,1.692764093864980168e+00,-7.169228957690858550e-01,2.327812926346032540e+00
2.448900000000000077e+01,1.675000000000000000e+03,1.775000000000000000e+03,1.692764093864980168e+00,-7.169228957690858550e-01,2.327812926346032540e+00
2.450600000000000023e+01,1.675000000000000000e+03,1.775000000000000000e+03,1.690355869021116897e+00,-7.312903959983843016e-01,2.314480122009921370e+00
2.452400000000000091e+01,1.675000000000000000e+03,1.775000000000000000e+03,1.690355869021116897e+00,-7.312903959983843016e-01,2.314480122009921370e+00
2.454200000000000159e+01,1.675000000000000000e+03,1.775000000000000000e+03,1.688547802567301970e+00,-7.348058435866855476e-01,2.315106111324457316e+00
2.455900000000000105e+01,1.675000000000000000e+03,1.775000000000000000e+03,1.688547802567301970e+00,-7.348058435866855476e-01,2.315106111324457316e+00
2.457600000000000051e+01,1.675000000000000000e+03,1.775000000000000000e+03,1.686861929970401519e+00,-7.446195097974395161e-01,2.306022552983754359e+00
2.459299999999999997e+01,1.675000000000000000e+03,1.775000000000000000e+03,1.686861929970401519e+00,-7.446195097974395161e-01,2.306022552983754359e+00
2.460999999999999943e+01,1.675000000000000000e+03,1.775000000000000000e+03,1.686861929970401519e+00,-7.446195097974395161e-01,2.306022552983754359e+00
2.462699999999999889e+01,1.675000000000000000e+03,1.775000000000000000e+03,1.686861929970401519e+00,-7.446195097974395161e-01,2.306022552983754359e+00
2.464399999999999835e+01,1.675000000000000000e+03,1.775000000000000000e+03,1.682070546184089022e+00,-7.631644722059256480e-01,2.294205677498215135e+00
2.466100000000000136e+01,1.675000000000000000e+03,1.775000000000000000e+03,1.682070546184089022e+00,-7.631644722059256480e-01,2.294205677498215135e+00
2.467899999999999849e+01,1.675000000000000000e+03,1.775000000000000000e+03,1.680279901736009496e+00,-7.666351694432731456e-01,2.294837290914382155e+00
2.469600000000000151e+01,1.675000000000000000e+03,1.775000000000000000e+03,1.680279901736009496e+00,-7.666351694432731456e-01,2.294837290914382155e+00
2.471300000000000097e+01,1.675000000000000000e+03,1.775000000000000000e+03,1.679654702578534664e+00,-7.719391811400821979e-01,2.290840963404223274e+00
2.473000000000000043e+01,1.675000000000000000e+03,1.775000000000000000e+03,1.679654702578534664e+00,-7.719391811400821979e-01,2.290840963404223274e+00
2.474699999999999989e+01,1.675000000000000000e+03,1.775000000000000000e+03,1.675124695879153913e+00,-7.841113129942667292e-01,2.278465813368005577e+00
2.476399999999999935e+01,1.675000000000000000e+03,1.775000000000000000e+03,1.675124695879153913e+00,-7.841113129942667292e-01,2.278465813368005577e+00
2.478099999999999881e+01,1.675000000000000000e+03,1.775000000000000000e+03,1.672799636097160647e+00,-7.936962787037127320e-01,2.270381488870941489e+00
2.479799999999999827e+01,1.675000000000000000e+03,1.775000000000000000e+03,1.672799636097160647e+00,-7.936962787037127320e-01,2.270381488870941489e+00
2.481500000000000128e+01,1.675000000000000000e+03,1.775000000000000000e+03,1.668375305878046611e+00,-8.066412812252212738e-01,2.254018710574525741e+00
2.483200000000000074e+01,1.675000000000000000e+03,1.775000000000000000e+03,1.668375305878046611e+00,-8.066412812252212738e-01,2.254018710574525741e+00
2.484900000000000020e+01,1.675000000000000000e+03,1.775000000000000000e+03,1.668375305878046611e+00,-8.066412812252212738e-01,2.254018710574525741e+00
2.486700000000000088e+01,1.675000000000000000e+03,1.775000000000000000e+03,1.660741112071600689e+00,-8.297854028591524767e-01,2.244016761640485580e+00
2.488400000000000034e+01,1.675000000000000000e+03,1.775000000000000000e+03,1.660741112071600689e+00,-8.297854028591524767e-01,2.244016761640485580e+00
2.490200000000000102e+01,1.675000000000000000e+03,1.775000000000000000e+03,1.660741112071600689e+00,-8.297854028591524767e-01,2.244016761640485580e+00
2.491900000000000048e+01,1.675000000000000000e+03,1.775000000000000000e+03,1.654369880424327643e+00,-8.467500053198873111e-01,2.228739450502739583e+00
2.493599999999999994e+01,1.675000000000000000e+03,1.775000000000000000e+03,1.654369880424327643e+00,-8.467500053198873111e-01,2.228739450502739583e+00
2.495400000000000063e+01,1.675000000000000000e+03,1.775000000000000000e+03,1.652770687568280383e+00,-8.518319184550273704e-01,2.221080652354293861e+00
2.497100000000000009e+01,1.675000000000000000e+03,1.775000000000000000e+03,1.652770687568280383e+00,-8.518319184550273704e-01,2.221080652354293861e+00
2.498799999999999955e+01,1.675000000000000000e+03,1.775000000000000000e+03,1.646119713318931588e+00,-8.686269750765287512e-01,2.201667782593836442e+00
2.500499999999999901e+01,1.675000000000000000e+03,1.775000000000000000e+03,1.646119713318931588e+00,-8.686269750765287512e-01,2.201667782593836442e+00
2.502199999999999847e+01,1.675000000000000000e+03,1.775000000000000000e+03,1.644536331631692994e+00,-8.736633309375045897e-01,2.199283449409991764e+00
2.503900000000000148e+01,1.675000000000000000e+03,1.775000000000000000e+03,1.644536331631692994e+00,-8.736633309375045897e-01,2.199283449409991764e+00
2.505699999999999861e+01,1.675000000000000000e+03,1.775000000000000000e+03,1.644536331631692994e+00,-8.736633309375045897e-01,2.199283449409991764e+00
2.507400000000000162e+01,1.675000000000000000e+03,1.775000000000000000e+03,1.644536331631692994e+00,-8.736633309375045897e-01,2.199283449409991764e+00
2.509100000000000108e+01,1.675000000000000000e+03,1.775000000000000000e+03,1.637274244078099183e+00,-8.902744489742318024e-01,2.185139577524690235e+00
2.510800000000000054e+01,1.675000000000000000e+03,1.775000000000000000e+03,1.637274244078099183e+00,-8.902744489742318024e-01,2.185139577524690235e+00
2.512600000000000122e+01,1.675000000000000000e+03,1.775000000000000000e+03,1.634964925053555174e+00,-8.943841600273336745e-01,2.193462344401698960e+00
2.514300000000000068e+01,1.675000000000000000e+03,1.775000000000000000e+03,1.634964925053555174e+00,-8.943841600273336745e-01,2.193462344401698960e+00
2.516000000000000014e+01,1.675000000000000000e+03,1.775000000000000000e+03,1.632659530480670806e+00,-8.984868921335440461e-01,2.189468178612267835e+00
2.517699999999999960e+01,1.675000000000000000e+03,1.775000000000000000e+03,1.632659530480670806e+00,-8.984868921335440461e-01,2.189468178612267835e+00
2.519399999999999906e+01,1.675000000000000000e+03,1.775000000000000000e+03,1.625808167785186553e+00,-9.149452560721806904e-01,2.177400228599232435e+00
2.521099999999999852e+01,1.675000000000000000e+03,1.775000000000000000e+03,1.623445127232711283e+00,-9.181734346896042176e-01,2.161450695091485574e+00
2.522899999999999920e+01,1.675000000000000000e+03,1.775000000000000000e+03,1.623445127232711283e+00,-9.181734346896042176e-01,2.161450695091485574e+00
2.524599999999999866e+01,1.675000000000000000e+03,1.775000000000000000e+03,1.621160839953029065e+00,-9.222358612106411613e-01,2.157473758444110601e+00
2.526399999999999935e+01,1.675000000000000000e+03,1.775000000000000000e+03,1.621160839953029065e+00,-9.222358612106411613e-01,2.157473758444110601e+00
2.528099999999999881e+01,1.675000000000000000e+03,1.775000000000000000e+03,1.614662817669727080e+00,-9.343985919152695274e-01,2.148144800005538535e+00
2.529799999999999827e+01,1.675000000000000000e+03,1.775000000000000000e+03,1.614662817669727080e+00,-9.343985919152695274e-01,2.148144800005538535e+00
2.531500000000000128e+01,1.675000000000000000e+03,1.775000000000000000e+03,1.612979772512659560e+00,-9.376337887897974177e-01,2.148800935112165078e+00
2.533200000000000074e+01,1.675000000000000000e+03,1.775000000000000000e+03,1.612979772512659560e+00,-9.376337887897974177e-01,2.148800935112165078e+00
2.534900000000000020e+01,1.675000000000000000e+03,1.775000000000000000e+03,1.610305114933222592e+00,-9.408151391767947125e-01,2.144802601792149765e+00
2.536700000000000088e+01,1.675000000000000000e+03,1.775000000000000000e+03,1.598212704886072144e+00,-9.591858721477297678e-01,2.134131550705586022e+00
2.538400000000000034e+01,1.675000000000000000e+03,1.775000000000000000e+03,1.598212704886072144e+00,-9.591858721477297678e-01,2.134131550705586022e+00
2.540200000000000102e+01,1.675000000000000000e+03,1.775000000000000000e+03,1.596628665927522395e+00,-9.632119608145970346e-01,2.137868817121775233e+00
2.541900000000000048e+01,1.675000000000000000e+03,1.775000000000000000e+03,1.596628665927522395e+00,-9.632119608145970346e-01,2.137868817121775233e+00
2.543499999999999872e+01,1.675000000000000000e+03,1.775000000000000000e+03,1.591083544650899739e+00,-9.703084194351045966e-01,2.129805385520318506e+00
2.545200000000000173e+01,1.675000000000000000e+03,1.775000000000000000e+03,1.591083544650899739e+00,-9.703084194351045966e-01,2.129805385520318506e+00
2.546999999999999886e+01,1.675000000000000000e+03,1.775000000000000000e+03,1.591083544650899739e+00,-9.703084194351045966e-01,2.129805385520318506e+00
2.548699999999999832e+01,1.675000000000000000e+03,1.775000000000000000e+03,1.588690151612992318e+00,-9.726421482943790053e-01,2.119391066540041724e+00
2.550400000000000134e+01,1.675000000000000000e+03,1.775000000000000000e+03,1.588690151612992318e+00,-9.726421482943790053e-01,2.119391066540041724e+00
2.552299999999999969e+01,1.675000000000000000e+03,1.775000000000000000e+03,1.583167689389111565e+00,-9.797106405483426705e-01,2.116185377283876345e+00
2.553999999999999915e+01,1.675000000000000000e+03,1.775000000000000000e+03,1.580946182597562144e+00,-9.836698210687728761e-01,2.112094411113976999e+00
2.555699999999999861e+01,1.675000000000000000e+03,1.775000000000000000e+03,1.580946182597562144e+00,-9.836698210687728761e-01,2.112094411113976999e+00
2.557300000000000040e+01,1.675000000000000000e+03,1.775000000000000000e+03,1.578071933706372443e+00,-9.875901454696585091e-01,2.107973347017217947e+00
2.558999999999999986e+01,1.675000000000000000e+03,1.775000000000000000e+03,1.578071933706372443e+00,-9.875901454696585091e-01,2.107973347017217947e+00
2.560699999999999932e+01,1.675000000000000000e+03,1.775000000000000000e+03,1.575447919865517576e+00,-9.907056480440710189e-01,2.113604647099867506e+00
2.562399999999999878e+01,1.675000000000000000e+03,1.775000000000000000e+03,1.575447919865517576e+00,-9.907056480440710189e-01,2.113604647099867506e+00
2.564099999999999824e+01,1.675000000000000000e+03,1.775000000000000000e+03,1.564986091279158220e+00,-1.003126943911748725e+00,2.091057602818490846e+00
2.565800000000000125e+01,1.675000000000000000e+03,1.775000000000000000e+03,1.564986091279158220e+00,-1.003126943911748725e+00,2.091057602818490846e+00
2.567599999999999838e+01,1.675000000000000000e+03,1.775000000000000000e+03,1.564986091279158220e+00,-1.003126943911748725e+00,2.091057602818490846e+00
2.569300000000000139e+01,1.675000000000000000e+03,1.775000000000000000e+03,1.562136661780774149e+00,-1.007015263689226892e+00,2.091918276097204377e+00
2.571000000000000085e+01,1.675000000000000000e+03,1.775000000000000000e+03,1.562136661780774149e+00,-1.007015263689226892e+00,2.091918276097204377e+00
2.572800000000000153e+01,1.675000000000000000e+03,1.775000000000000000e+03,1.551591267502853144e+00,-1.020944602539297641e+00,2.084448863012407838e+00
2.574500000000000099e+01,1.675000000000000000e+03,1.775000000000000000e+03,1.551591267502853144e+00,-1.020944602539297641e+00,2.084448863012407838e+00
2.576200000000000045e+01,1.675000000000000000e+03,1.775000000000000000e+03,1.551591267502853144e+00,-1.020944602539297641e+00,2.084448863012407838e+00
2.577899999999999991e+01,1.675000000000000000e+03,1.775000000000000000e+03,1.551591267502853144e+00,-1.020944602539297641e+00,2.084448863012407838e+00
2.579599999999999937e+01,1.675000000000000000e+03,1.775000000000000000e+03,1.551591267502853144e+00,-1.020944602539297641e+00,2.084448863012407838e+00
2.581299999999999883e+01,1.675000000000000000e+03,1.775000000000000000e+03,1.548916327652123393e+00,-1.023213283483139779e+00,2.074796347350899239e+00
2.582999999999999829e+01,1.675000000000000000e+03,1.775000000000000000e+03,1.548916327652123393e+00,-1.023213283483139779e+00,2.074796347350899239e+00
2.584700000000000131e+01,1.675000000000000000e+03,1.775000000000000000e+03,1.546504590666846202e+00,-1.027886462649969967e+00,2.070645772862385048e+00
2.586400000000000077e+01,1.675000000000000000e+03,1.775000000000000000e+03,1.546504590666846202e+00,-1.027886462649969967e+00,2.070645772862385048e+00
2.588100000000000023e+01,1.675000000000000000e+03,1.775000000000000000e+03,1.515149917875184826e+00,-1.061996074594516504e+00,2.034559535549189224e+00
2.589799999999999969e+01,1.675000000000000000e+03,1.775000000000000000e+03,1.512376158256402814e+00,-1.065788400150581072e+00,2.035425709021906115e+00
2.591499999999999915e+01,1.675000000000000000e+03,1.775000000000000000e+03,1.512376158256402814e+00,-1.065788400150581072e+00,2.035425709021906115e+00
2.593199999999999861e+01,1.675000000000000000e+03,1.775000000000000000e+03,1.512376158256402814e+00,-1.065788400150581072e+00,2.035425709021906115e+00
2.594900000000000162e+01,1.675000000000000000e+03,1.775000000000000000e+03,1.509099024524073629e+00,-1.067983359028559676e+00,2.021676429992068424e+00
2.596699999999999875e+01,1.675000000000000000e+03,1.775000000000000000e+03,1.499890282329154889e+00,-1.076928016540359412e+00,2.019144344816040881e+00
2.598400000000000176e+01,1.675000000000000000e+03,1.775000000000000000e+03,1.499890282329154889e+00,-1.076928016540359412e+00,2.019144344816040881e+00
2.600100000000000122e+01,1.675000000000000000e+03,1.775000000000000000e+03,1.496493244799788958e+00,-1.080665434822472015e+00,2.015075983778507496e+00
2.601800000000000068e+01,1.675000000000000000e+03,1.775000000000000000e+03,1.496493244799788958e+00,-1.080665434822472015e+00,2.015075983778507496e+00
2.603600000000000136e+01,1.675000000000000000e+03,1.775000000000000000e+03,1.496493244799788958e+00,-1.080665434822472015e+00,2.015075983778507496e+00
2.605300000000000082e+01,1.675000000000000000e+03,1.775000000000000000e+03,1.496493244799788958e+00,-1.080665434822472015e+00,2.015075983778507496e+00
2.606899999999999906e+01,1.675000000000000000e+03,1.775000000000000000e+03,1.483666310122940590e+00,-1.090939232235381251e+00,1.998815100598951622e+00
2.608599999999999852e+01,1.675000000000000000e+03,1.775000000000000000e+03,1.483666310122940590e+00,-1.090939232235381251e+00,1.998815100598951622e+00
2.610300000000000153e+01,1.675000000000000000e+03,1.775000000000000000e+03,1.483666310122940590e+00,-1.090939232235381251e+00,1.998815100598951622e+00
2.612000000000000099e+01,1.675000000000000000e+03,1.775000000000000000e+03,1.483666310122940590e+00,-1.090939232235381251e+00,1.998815100598951622e+00
2.613700000000000045e+01,1.675000000000000000e+03,1.775000000000000000e+03,1.470993598325233798e+00,-1.101945060326475101e+00,1.988170168562334084e+00
2.615399999999999991e+01,1.675000000000000000e+03,1.775000000000000000e+03,1.470993598325233798e+00,-1.101945060326475101e+00,1.988170168562334084e+00
2.617200000000000060e+01,1.675000000000000000e+03,1.775000000000000000e+03,1.464530582433351658e+00,-1.106266103752278518e+00,1.979544796108456017e+00
2.618900000000000006e+01,1.675000000000000000e+03,1.775000000000000000e+03,1.464530582433351658e+00,-1.106266103752278518e+00,1.979544796108456017e+00
2.620599999999999952e+01,1.675000000000000000e+03,1.775000000000000000e+03,1.464530582433351658e+00,-1.106266103752278518e+00,1.979544796108456017e+00
2.622400000000000020e+01,1.675000000000000000e+03,1.775000000000000000e+03,1.461082930444236538e+00,-1.109182844391026102e+00,1.980410158547834643e+00
2.624099999999999966e+01,1.675000000000000000e+03,1.775000000000000000e+03,1.461082930444236538e+00,-1.109182844391026102e+00,1.980410158547834643e+00
2.625799999999999912e+01,1.675000000000000000e+03,1.775000000000000000e+03,1.457959801898226271e+00,-1.112111091867665102e+00,1.981274873996688113e+00
2.627499999999999858e+01,1.675000000000000000e+03,1.500000000000000000e+03,1.457959801898226271e+00,-1.112111091867665102e+00,1.981274873996688113e+00
2.629299999999999926e+01,1.675000000000000000e+03,1.500000000000000000e+03,1.447872758115974712e+00,-1.120073234098217796e+00,1.968362793157701907e+00
2.630999999999999872e+01,1.675000000000000000e+03,1.500000000000000000e+03,1.447872758115974712e+00,-1.120073234098217796e+00,1.968362793157701907e+00
2.632700000000000173e+01,1.675000000000000000e+03,1.500000000000000000e+03,1.443179280177331325e+00,-1.120617628051288950e+00,1.963987402052034259e+00
2.634299999999999997e+01,1.675000000000000000e+03,1.500000000000000000e+03,1.440714005144432930e+00,-1.123561714094648778e+00,1.956145214677249111e+00
2.635999999999999943e+01,1.675000000000000000e+03,1.500000000000000000e+03,1.440714005144432930e+00,-1.123561714094648778e+00,1.956145214677249111e+00
2.637699999999999889e+01,1.675000000000000000e+03,1.500000000000000000e+03,1.415583026836210845e+00,-1.136864322757354273e+00,1.935962454099057206e+00
2.639399999999999835e+01,1.675000000000000000e+03,1.500000000000000000e+03,1.415583026836210845e+00,-1.136864322757354273e+00,1.935962454099057206e+00
2.641199999999999903e+01,1.675000000000000000e+03,1.500000000000000000e+03,1.411232515041905611e+00,-1.139698569006119655e+00,1.937063168319754780e+00
2.642899999999999849e+01,1.675000000000000000e+03,1.500000000000000000e+03,1.411232515041905611e+00,-1.139698569006119655e+00,1.937063168319754780e+00
2.644600000000000151e+01,1.675000000000000000e+03,1.500000000000000000e+03,1.411232515041905611e+00,-1.139698569006119655e+00,1.937063168319754780e+00
2.646300000000000097e+01,1.675000000000000000e+03,1.500000000000000000e+03,1.411232515041905611e+00,-1.139698569006119655e+00,1.937063168319754780e+00
2.648100000000000165e+01,1.675000000000000000e+03,1.500000000000000000e+03,1.408052703766978109e+00,-1.141825736494681109e+00,1.924493992309925128e+00
2.649800000000000111e+01,1.675000000000000000e+03,1.500000000000000000e+03,1.408052703766978109e+00,-1.141825736494681109e+00,1.924493992309925128e+00
2.651500000000000057e+01,1.675000000000000000e+03,1.500000000000000000e+03,1.392916289447655220e+00,-1.148689946069441969e+00,1.912154728143134585e+00
2.653399999999999892e+01,1.675000000000000000e+03,1.500000000000000000e+03,1.389544003484357360e+00,-1.151554468239956996e+00,1.913009794373039529e+00
2.655099999999999838e+01,1.675000000000000000e+03,1.500000000000000000e+03,1.389544003484357360e+00,-1.151554468239956996e+00,1.913009794373039529e+00
2.656700000000000017e+01,1.675000000000000000e+03,1.500000000000000000e+03,1.385428998237812959e+00,-1.153626649837122820e+00,1.911063249912697826e+00
2.658500000000000085e+01,1.675000000000000000e+03,1.500000000000000000e+03,1.385428998237812959e+00,-1.153626649837122820e+00,1.911063249912697826e+00
2.660099999999999909e+01,1.675000000000000000e+03,1.500000000000000000e+03,1.370908662937319722e+00,-1.161985688907688719e+00,1.901340917562688526e+00
2.661799999999999855e+01,1.675000000000000000e+03,1.500000000000000000e+03,1.370908662937319722e+00,-1.161985688907688719e+00,1.901340917562688526e+00
2.663500000000000156e+01,1.675000000000000000e+03,1.500000000000000000e+03,1.367013753785690344e+00,-1.163307445243765947e+00,1.894662651807753617e+00
2.665399999999999991e+01,1.675000000000000000e+03,1.500000000000000000e+03,1.367013753785690344e+00,-1.163307445243765947e+00,1.894662651807753617e+00
2.667099999999999937e+01,1.675000000000000000e+03,1.500000000000000000e+03,1.356007582849323434e+00,-1.169546705174036472e+00,1.888639699942737282e+00
2.668799999999999883e+01,1.675000000000000000e+03,1.500000000000000000e+03,1.356007582849323434e+00,-1.169546705174036472e+00,1.888639699942737282e+00
2.670499999999999829e+01,1.675000000000000000e+03,1.500000000000000000e+03,1.352439834605180025e+00,-1.170879003299753585e+00,1.887382204413234676e+00
2.672200000000000131e+01,1.675000000000000000e+03,1.500000000000000000e+03,1.352439834605180025e+00,-1.170879003299753585e+00,1.887382204413234676e+00
2.673999999999999844e+01,1.675000000000000000e+03,1.500000000000000000e+03,1.348358247438366853e+00,-1.172934505961154894e+00,1.880984056284950023e+00
2.675700000000000145e+01,1.675000000000000000e+03,1.500000000000000000e+03,1.348358247438366853e+00,-1.172934505961154894e+00,1.880984056284950023e+00
2.677400000000000091e+01,1.675000000000000000e+03,1.500000000000000000e+03,1.344478777498984590e+00,-1.174250383728258740e+00,1.878428023335125374e+00
2.679100000000000037e+01,1.675000000000000000e+03,1.500000000000000000e+03,1.344478777498984590e+00,-1.174250383728258740e+00,1.878428023335125374e+00
2.680799999999999983e+01,1.675000000000000000e+03,1.500000000000000000e+03,1.329223287478519033e+00,-1.181008267302739778e+00,1.867609801057313446e+00
2.682499999999999929e+01,1.675000000000000000e+03,1.500000000000000000e+03,1.329223287478519033e+00,-1.181008267302739778e+00,1.867609801057313446e+00
2.684199999999999875e+01,1.675000000000000000e+03,1.500000000000000000e+03,1.329223287478519033e+00,-1.181008267302739778e+00,1.867609801057313446e+00
2.685900000000000176e+01,1.675000000000000000e+03,1.500000000000000000e+03,1.312942117745754089e+00,-1.186955843045006453e+00,1.860646857352397987e+00
2.687699999999999889e+01,1.675000000000000000e+03,1.500000000000000000e+03,1.312942117745754089e+00,-1.186955843045006453e+00,1.860646857352397987e+00
2.689399999999999835e+01,1.675000000000000000e+03,1.500000000000000000e+03,1.308768506469376813e+00,-1.188249952410263433e+00,1.856176302728780536e+00
2.691100000000000136e+01,1.675000000000000000e+03,1.500000000000000000e+03,1.308768506469376813e+00,-1.188249952410263433e+00,1.856176302728780536e+00
2.692699999999999960e+01,1.675000000000000000e+03,1.500000000000000000e+03,1.295694834316349464e+00,-1.190620180096530589e+00,1.848281945560770412e+00
2.694399999999999906e+01,1.675000000000000000e+03,1.500000000000000000e+03,1.287996718621914116e+00,-1.193233152722199097e+00,1.844599206414715864e+00
2.696199999999999974e+01,1.675000000000000000e+03,1.500000000000000000e+03,1.287996718621914116e+00,-1.193233152722199097e+00,1.844599206414715864e+00
2.697899999999999920e+01,1.675000000000000000e+03,1.500000000000000000e+03,1.287996718621914116e+00,-1.193233152722199097e+00,1.844599206414715864e+00
2.699599999999999866e+01,1.675000000000000000e+03,1.500000000000000000e+03,1.287996718621914116e+00,-1.193233152722199097e+00,1.844599206414715864e+00
2.701300000000000168e+01,1.675000000000000000e+03,1.500000000000000000e+03,1.270216922748315547e+00,-1.195384712109383241e+00,1.842958439447162755e+00
2.703000000000000114e+01,1.675000000000000000e+03,1.500000000000000000e+03,1.270216922748315547e+00,-1.195384712109383241e+00,1.842958439447162755e+00
2.704700000000000060e+01,1.675000000000000000e+03,1.500000000000000000e+03,1.270216922748315547e+00,-1.195384712109383241e+00,1.842958439447162755e+00
2.706400000000000006e+01,1.675000000000000000e+03,1.500000000000000000e+03,1.270216922748315547e+00,-1.195384712109383241e+00,1.842958439447162755e+00
2.708099999999999952e+01,1.675000000000000000e+03,1.500000000000000000e+03,1.261148742570114223e+00,-1.197191263328689637e+00,1.835163215815213578e+00
2.709799999999999898e+01,1.675000000000000000e+03,1.500000000000000000e+03,1.261148742570114223e+00,-1.197191263328689637e+00,1.835163215815213578e+00
2.711499999999999844e+01,1.675000000000000000e+03,1.500000000000000000e+03,1.252270061846204818e+00,-1.198266564131236223e+00,1.836971095842967028e+00
2.713200000000000145e+01,1.675000000000000000e+03,1.500000000000000000e+03,1.252270061846204818e+00,-1.198266564131236223e+00,1.836971095842967028e+00
2.714900000000000091e+01,1.675000000000000000e+03,1.500000000000000000e+03,1.247674578229730491e+00,-1.198797063479101421e+00,1.831416135926880351e+00
2.716600000000000037e+01,1.675000000000000000e+03,1.500000000000000000e+03,1.247674578229730491e+00,-1.198797063479101421e+00,1.831416135926880351e+00
2.718299999999999983e+01,1.675000000000000000e+03,1.500000000000000000e+03,1.239116985456077291e+00,-1.199886565347782597e+00,1.828758993899053165e+00
