timestamp,u_propeller_pwm,u_rudder_pwm,x,y,yaw
5.000000000000000104e-03,1.675000000000000000e+03,1.500000000000000000e+03,nan,nan,nan
2.299999999999999961e-02,1.675000000000000000e+03,1.500000000000000000e+03,nan,nan,nan
4.000000000000000083e-02,1.675000000000000000e+03,1.500000000000000000e+03,nan,nan,nan
5.700000000000000205e-02,1.675000000000000000e+03,1.500000000000000000e+03,nan,nan,nan
7.399999999999999634e-02,1.675000000000000000e+03,1.500000000000000000e+03,nan,nan,nan
9.099999999999999756e-02,1.675000000000000000e+03,1.500000000000000000e+03,nan,nan,nan
1.089999999999999997e-01,1.675000000000000000e+03,1.500000000000000000e+03,nan,nan,nan
1.260000000000000009e-01,1.675000000000000000e+03,1.500000000000000000e+03,nan,nan,nan
1.429999999999999882e-01,1.675000000000000000e+03,1.500000000000000000e+03,nan,nan,nan
1.600000000000000033e-01,1.675000000000000000e+03,1.500000000000000000e+03,nan,nan,nan
1.769999999999999907e-01,1.675000000000000000e+03,1.500000000000000000e+03,nan,nan,nan
1.940000000000000058e-01,1.675000000000000000e+03,1.500000000000000000e+03,nan,nan,nan
2.109999999999999931e-01,1.675000000000000000e+03,1.500000000000000000e+03,nan,nan,nan
2.280000000000000082e-01,1.675000000000000000e+03,1.500000000000000000e+03,nan,nan,nan
2.449999999999999956e-01,1.675000000000000000e+03,1.500000000000000000e+03,nan,nan,nan
2.620000000000000107e-01,1.675000000000000000e+03,1.500000000000000000e+03,nan,nan,nan
2.790000000000000258e-01,1.675000000000000000e+03,1.500000000000000000e+03,nan,nan,nan
2.959999999999999853e-01,1.675000000000000000e+03,1.500000000000000000e+03,nan,nan,nan
3.130000000000000004e-01,1.675000000000000000e+03,1.500000000000000000e+03,nan,nan,nan
3.300000000000000155e-01,1.675000000000000000e+03,1.500000000000000000e+03,nan,nan,nan
3.469999999999999751e-01,1.675000000000000000e+03,1.500000000000000000e+03,nan,nan,nan
3.639999999999999902e-01,1.675000000000000000e+03,1.500000000000000000e+03,nan,nan,nan
3.810000000000000053e-01,1.675000000000000000e+03,1.500000000000000000e+03,nan,nan,nan
3.980000000000000204e-01,1.675000000000000000e+03,1.500000000000000000e+03,nan,nan,nan
4.159999999999999809e-01,1.675000000000000000e+03,1.500000000000000000e+03,nan,nan,nan
4.329999999999999960e-01,1.675000000000000000e+03,1.500000000000000000e+03,nan,nan,nan
4.500000000000000111e-01,1.675000000000000000e+03,1.500000000000000000e+03,nan,nan,nan
4.660000000000000253e-01,1.675000000000000000e+03,1.500000000000000000e+03,nan,nan,nan
4.839999999999999858e-01,1.675000000000000000e+03,1.500000000000000000e+03,nan,nan,nan
5.010000000000000009e-01,1.675000000000000000e+03,1.500000000000000000e+03,nan,nan,nan
5.180000000000000160e-01,1.675000000000000000e+03,1.500000000000000000e+03,nan,nan,nan
5.350000000000000311e-01,1.675000000000000000e+03,1.500000000000000000e+03,nan,nan,nan
5.520000000000000462e-01,1.675000000000000000e+03,1.500000000000000000e+03,nan,nan,nan
5.689999999999999503e-01,1.675000000000000000e+03,1.500000000000000000e+03,nan,nan,nan
5.859999999999999654e-01,1.675000000000000000e+03,1.500000000000000000e+03,nan,nan,nan
6.029999999999999805e-01,1.675000000000000000e+03,1.500000000000000000e+03,nan,nan,nan
6.199999999999999956e-01,1.675000000000000000e+03,1.500000000000000000e+03,nan,nan,nan
6.370000000000000107e-01,1.675000000000000000e+03,1.500000000000000000e+03,nan,nan,nan
6.550000000000000266e-01,1.675000000000000000e+03,1.500000000000000000e+03,nan,nan,nan
6.730000000000000426e-01,1.675000000000000000e+03,1.500000000000000000e+03,nan,nan,nan
6.909999999999999476e-01,1.675000000000000000e+03,1.500000000000000000e+03,nan,nan,nan
7.079999999999999627e-01,1.675000000000000000e+03,1.500000000000000000e+03,nan,nan,nan
7.249999999999999778e-01,1.675000000000000000e+03,1.500000000000000000e+03,nan,nan,nan
7.419999999999999929e-01,1.675000000000000000e+03,1.500000000000000000e+03,nan,nan,nan
7.590000000000000080e-01,1.675000000000000000e+03,1.500000000000000000e+03,nan,nan,nan
7.760000000000000231e-01,1.675000000000000000e+03,1.500000000000000000e+03,nan,nan,nan
7.930000000000000382e-01,1.675000000000000000e+03,1.500000000000000000e+03,nan,nan,nan
8.110000000000000542e-01,1.675000000000000000e+03,1.500000000000000000e+03,nan,nan,nan
8.279999999999999583e-01,1.675000000000000000e+03,1.500000000000000000e+03,1.926519328457531932e+00,-1.249592655021760645e+00,1.977691374128017543e+00
8.449999999999999734e-01,1.675000000000000000e+03,1.500000000000000000e+03,1.925020896610045940e+00,-1.250975173097777837e+00,1.977716163467499788e+00
8.619999999999999885e-01,1.675000000000000000e+03,1.500000000000000000e+03,1.925020896610045940e+00,-1.250975173097777837e+00,1.977716163467499788e+00
8.790000000000000036e-01,1.675000000000000000e+03,1.500000000000000000e+03,1.925020896610045940e+00,-1.250975173097777837e+00,1.977716163467499788e+00
8.960000000000000187e-01,1.675000000000000000e+03,1.500000000000000000e+03,1.923482006516064269e+00,-1.250905774884742971e+00,1.984198235680810773e+00
9.130000000000000338e-01,1.675000000000000000e+03,1.500000000000000000e+03,1.922579484022843621e+00,-1.251589797090749911e+00,1.978604407826662248e+00
9.300000000000000488e-01,1.675000000000000000e+03,1.500000000000000000e+03,1.922579484022843621e+00,-1.251589797090749911e+00,1.978604407826662248e+00
9.479999999999999538e-01,1.675000000000000000e+03,1.500000000000000000e+03,1.921082913703410888e+00,-1.252971081870460246e+00,1.979068638408326697e+00
9.659999999999999698e-01,1.675000000000000000e+03,1.500000000000000000e+03,1.919852273041622537e+00,-1.252915606736253462e+00,1.979300691046480098e+00
9.829999999999999849e-01,1.675000000000000000e+03,1.500000000000000000e+03,1.917434225011407145e+00,-1.254254488245067023e+00,1.979980687340531453e+00
1.000000000000000000e+00,1.675000000000000000e+03,1.500000000000000000e+03,1.917434225011407145e+00,-1.254254488245067023e+00,1.979980687340531453e+00
1.018000000000000016e+00,1.675000000000000000e+03,1.500000000000000000e+03,1.915918184856686857e+00,-1.254909768500791944e+00,1.968064921900425368e+00
1.034999999999999920e+00,1.675000000000000000e+03,1.500000000000000000e+03,1.914358225501997968e+00,-1.254115842400296721e+00,1.968299305440367020e+00
1.052000000000000046e+00,1.675000000000000000e+03,1.500000000000000000e+03,1.912534976683095023e+00,-1.254757291203640435e+00,1.968767948018205871e+00
1.068999999999999950e+00,1.675000000000000000e+03,1.500000000000000000e+03,1.912534976683095023e+00,-1.254757291203640435e+00,1.968767948018205871e+00
1.086000000000000076e+00,1.675000000000000000e+03,1.500000000000000000e+03,1.912534976683095023e+00,-1.254757291203640435e+00,1.968767948018205871e+00
1.102999999999999980e+00,1.675000000000000000e+03,1.500000000000000000e+03,1.911657473326246359e+00,-1.256164332891088531e+00,1.969002207006210758e+00
1.120999999999999996e+00,1.675000000000000000e+03,1.500000000000000000e+03,1.899380457322094928e+00,-1.256333976412969733e+00,1.966075896287611258e+00
1.137999999999999901e+00,1.675000000000000000e+03,1.500000000000000000e+03,1.899380457322094928e+00,-1.256333976412969733e+00,1.966075896287611258e+00
1.155000000000000027e+00,1.675000000000000000e+03,1.500000000000000000e+03,1.899380457322094928e+00,-1.256333976412969733e+00,1.966075896287611258e+00
1.171999999999999931e+00,1.675000000000000000e+03,1.500000000000000000e+03,1.894151782463913580e+00,-1.256098173416308139e+00,1.954919658116401449e+00
1.189000000000000057e+00,1.675000000000000000e+03,1.500000000000000000e+03,1.892306177711560178e+00,-1.256014917984118018e+00,1.961338378355079515e+00
1.205999999999999961e+00,1.675000000000000000e+03,1.500000000000000000e+03,1.892306177711560178e+00,-1.256014917984118018e+00,1.961338378355079515e+00
1.223000000000000087e+00,1.675000000000000000e+03,1.500000000000000000e+03,1.890820186935765035e+00,-1.257393484691650354e+00,1.960945161138203607e+00
1.239999999999999991e+00,1.675000000000000000e+03,1.500000000000000000e+03,1.888975008076044793e+00,-1.257310265834036489e+00,1.961181151617647833e+00
1.256999999999999895e+00,1.675000000000000000e+03,1.500000000000000000e+03,1.888975008076044793e+00,-1.257310265834036489e+00,1.961181151617647833e+00
1.274000000000000021e+00,1.675000000000000000e+03,1.500000000000000000e+03,1.888975008076044793e+00,-1.257310265834036489e+00,1.961181151617647833e+00
1.292000000000000037e+00,1.675000000000000000e+03,1.500000000000000000e+03,1.887156369470953887e+00,-1.257950719931650863e+00,1.961653007790295833e+00
1.308000000000000052e+00,1.675000000000000000e+03,1.500000000000000000e+03,1.884696249261442969e+00,-1.257839759241533351e+00,1.962124697400671192e+00
1.326000000000000068e+00,1.675000000000000000e+03,1.500000000000000000e+03,1.884696249261442969e+00,-1.257839759241533351e+00,1.962124697400671192e+00
1.342999999999999972e+00,1.675000000000000000e+03,1.500000000000000000e+03,1.879216218712032926e+00,-1.259036945647229011e+00,1.962408410375911405e+00
1.358999999999999986e+00,1.675000000000000000e+03,1.500000000000000000e+03,1.877678811692327310e+00,-1.258967596049030746e+00,1.969002798701884327e+00
1.375999999999999890e+00,1.675000000000000000e+03,1.500000000000000000e+03,1.875776832095642277e+00,-1.257437289918255541e+00,1.957733548649873478e+00
1.393999999999999906e+00,1.675000000000000000e+03,1.500000000000000000e+03,1.875776832095642277e+00,-1.257437289918255541e+00,1.957733548649873478e+00
1.411999999999999922e+00,1.675000000000000000e+03,1.500000000000000000e+03,1.873652380237064374e+00,-1.258063779962316886e+00,1.958206950416111702e+00
1.427999999999999936e+00,1.675000000000000000e+03,1.500000000000000000e+03,1.873652380237064374e+00,-1.258063779962316886e+00,1.958206950416111702e+00
1.445999999999999952e+00,1.675000000000000000e+03,1.500000000000000000e+03,1.871777717927862517e+00,-1.257256752794796206e+00,1.958443588740459429e+00
1.463000000000000078e+00,1.675000000000000000e+03,1.500000000000000000e+03,1.871777717927862517e+00,-1.257256752794796206e+00,1.958443588740459429e+00
1.479999999999999982e+00,1.675000000000000000e+03,1.500000000000000000e+03,1.869931815158559552e+00,-1.257173403085077190e+00,1.958916740130781431e+00
1.497999999999999998e+00,1.675000000000000000e+03,1.500000000000000000e+03,1.866299851332910098e+00,-1.258454069069527392e+00,1.964999414882270035e+00
1.514999999999999902e+00,1.675000000000000000e+03,1.500000000000000000e+03,1.863839037279063859e+00,-1.258342957922596206e+00,1.959088975169205993e+00
1.532000000000000028e+00,1.675000000000000000e+03,1.500000000000000000e+03,1.863839037279063859e+00,-1.258342957922596206e+00,1.959088975169205993e+00
1.548999999999999932e+00,1.675000000000000000e+03,1.500000000000000000e+03,1.861716495133590721e+00,-1.258969145393030953e+00,1.954470119653786364e+00
1.566000000000000059e+00,1.675000000000000000e+03,1.500000000000000000e+03,1.861716495133590721e+00,-1.258969145393030953e+00,1.954470119653786364e+00
1.582999999999999963e+00,1.675000000000000000e+03,1.500000000000000000e+03,1.861716495133590721e+00,-1.258969145393030953e+00,1.954470119653786364e+00
1.600000000000000089e+00,1.675000000000000000e+03,1.500000000000000000e+03,1.859902065274141592e+00,-1.259609036731465181e+00,1.961006880367479832e+00
1.618000000000000105e+00,1.675000000000000000e+03,1.500000000000000000e+03,1.844247211459794311e+00,-1.259623603153745552e+00,1.951709479189610130e+00
1.635000000000000009e+00,1.675000000000000000e+03,1.500000000000000000e+03,1.841786013975397207e+00,-1.259512377783329917e+00,1.952185616687482916e+00
1.651999999999999913e+00,1.675000000000000000e+03,1.500000000000000000e+03,1.841786013975397207e+00,-1.259512377783329917e+00,1.952185616687482916e+00
1.669000000000000039e+00,1.675000000000000000e+03,1.500000000000000000e+03,1.841786013975397207e+00,-1.259512377783329917e+00,1.952185616687482916e+00
1.687000000000000055e+00,1.675000000000000000e+03,1.500000000000000000e+03,1.839939998989400083e+00,-1.259428941133625024e+00,1.946312211757821986e+00
1.703999999999999959e+00,1.675000000000000000e+03,1.500000000000000000e+03,1.833584458816392759e+00,-1.261305757039524078e+00,1.946383132200727228e+00
1.721000000000000085e+00,1.675000000000000000e+03,1.500000000000000000e+03,1.831467067970962370e+00,-1.261931000783789614e+00,1.948174537987537036e+00
1.737999999999999989e+00,1.675000000000000000e+03,1.500000000000000000e+03,1.827161054725147782e+00,-1.261736400572087025e+00,1.942754680335184725e+00
1.754999999999999893e+00,1.675000000000000000e+03,1.500000000000000000e+03,1.824737098261219437e+00,-1.262347599417248833e+00,1.943234516525639499e+00
1.772000000000000020e+00,1.675000000000000000e+03,1.500000000000000000e+03,1.824737098261219437e+00,-1.262347599417248833e+00,1.943234516525639499e+00
1.790000000000000036e+00,1.675000000000000000e+03,1.500000000000000000e+03,1.824737098261219437e+00,-1.262347599417248833e+00,1.943234516525639499e+00
1.806999999999999940e+00,1.675000000000000000e+03,1.500000000000000000e+03,1.822584085076551341e+00,-1.262250284469351058e+00,1.943714185285687401e+00
1.824000000000000066e+00,1.675000000000000000e+03,1.500000000000000000e+03,1.820123331202160522e+00,-1.262139042966892610e+00,1.944193686361160855e+00
1.840999999999999970e+00,1.675000000000000000e+03,1.500000000000000000e+03,1.820123331202160522e+00,-1.262139042966892610e+00,1.944193686361160855e+00
1.858000000000000096e+00,1.675000000000000000e+03,1.500000000000000000e+03,1.818353474770188827e+00,-1.263499983980576058e+00,1.933682323909106104e+00
1.875999999999999890e+00,1.675000000000000000e+03,1.500000000000000000e+03,1.816239009250491643e+00,-1.264124563598527651e+00,1.934165756492712607e+00
1.891999999999999904e+00,1.675000000000000000e+03,1.500000000000000000e+03,1.814086512284203589e+00,-1.264027283823492276e+00,1.928298601192389938e+00
1.909999999999999920e+00,1.675000000000000000e+03,1.500000000000000000e+03,1.814086512284203589e+00,-1.264027283823492276e+00,1.928298601192389938e+00
1.927999999999999936e+00,1.675000000000000000e+03,1.500000000000000000e+03,1.814086512284203589e+00,-1.264027283823492276e+00,1.928298601192389938e+00
1.945000000000000062e+00,1.675000000000000000e+03,1.500000000000000000e+03,1.807707494953004090e+00,-1.265178678144283975e+00,1.936035803121861854e+00
1.963000000000000078e+00,1.675000000000000000e+03,1.500000000000000000e+03,1.805247671379558438e+00,-1.265067497461445978e+00,1.936518424799579252e+00
1.979999999999999982e+00,1.675000000000000000e+03,1.500000000000000000e+03,1.805247671379558438e+00,-1.265067497461445978e+00,1.936518424799579252e+00
1.997000000000000108e+00,1.675000000000000000e+03,1.500000000000000000e+03,1.805247671379558438e+00,-1.265067497461445978e+00,1.936518424799579252e+00
2.015000000000000124e+00,1.675000000000000000e+03,1.500000000000000000e+03,1.802787668957079870e+00,-1.264956291513333220e+00,1.937000878950811966e+00
2.032000000000000028e+00,1.675000000000000000e+03,1.500000000000000000e+03,1.800368329964998626e+00,-1.265566512099880470e+00,1.931142810261526455e+00
2.049999999999999822e+00,1.675000000000000000e+03,1.500000000000000000e+03,1.800368329964998626e+00,-1.265566512099880470e+00,1.931142810261526455e+00
2.067000000000000171e+00,1.675000000000000000e+03,1.500000000000000000e+03,1.800368329964998626e+00,-1.265566512099880470e+00,1.931142810261526455e+00
2.084000000000000075e+00,1.675000000000000000e+03,1.500000000000000000e+03,1.795489878675822215e+00,-1.266065364391600667e+00,1.919826046497939975e+00
2.100999999999999979e+00,1.675000000000000000e+03,1.500000000000000000e+03,1.795489878675822215e+00,-1.266065364391600667e+00,1.919826046497939975e+00
2.117999999999999883e+00,1.675000000000000000e+03,1.500000000000000000e+03,1.772113506913870928e+00,-1.265007802475280663e+00,1.918049689130980617e+00
2.136000000000000121e+00,1.675000000000000000e+03,1.500000000000000000e+03,1.772113506913870928e+00,-1.265007802475280663e+00,1.918049689130980617e+00
2.153000000000000025e+00,1.675000000000000000e+03,1.500000000000000000e+03,1.769606001863657019e+00,-1.264174595552824520e+00,1.922762606436702049e+00
2.169999999999999929e+00,1.675000000000000000e+03,1.500000000000000000e+03,1.769606001863657019e+00,-1.264174595552824520e+00,1.922762606436702049e+00
2.186999999999999833e+00,1.675000000000000000e+03,1.500000000000000000e+03,1.766836016315819657e+00,-1.264049139657792420e+00,1.923250525806224465e+00
2.205000000000000071e+00,1.675000000000000000e+03,1.500000000000000000e+03,1.766836016315819657e+00,-1.264049139657792420e+00,1.923250525806224465e+00
2.224000000000000199e+00,1.675000000000000000e+03,1.500000000000000000e+03,1.764018983848203437e+00,-1.263201561042574195e+00,1.917456423773127083e+00
2.241000000000000103e+00,1.675000000000000000e+03,1.500000000000000000e+03,1.761555975392162132e+00,-1.263089950473363476e+00,1.917946347311393795e+00
2.258000000000000007e+00,1.675000000000000000e+03,1.500000000000000000e+03,1.761555975392162132e+00,-1.263089950473363476e+00,1.917946347311393795e+00
2.274999999999999911e+00,1.675000000000000000e+03,1.500000000000000000e+03,1.761555975392162132e+00,-1.263089950473363476e+00,1.917946347311393795e+00
2.291999999999999815e+00,1.675000000000000000e+03,1.500000000000000000e+03,1.754165869750461182e+00,-1.262754981494367712e+00,1.925687606123773987e+00
2.309000000000000163e+00,1.675000000000000000e+03,1.500000000000000000e+03,1.751037215417465598e+00,-1.261892792766991622e+00,1.917769211806450658e+00
2.326000000000000068e+00,1.675000000000000000e+03,1.500000000000000000e+03,1.748572855330743359e+00,-1.261781019721653685e+00,1.918259089127111627e+00
2.342999999999999972e+00,1.675000000000000000e+03,1.500000000000000000e+03,1.748572855330743359e+00,-1.261781019721653685e+00,1.918259089127111627e+00
2.361000000000000210e+00,1.675000000000000000e+03,1.500000000000000000e+03,1.745184065768130344e+00,-1.261627295549436312e+00,1.912326125344004035e+00
2.378000000000000114e+00,1.675000000000000000e+03,1.500000000000000000e+03,1.742411166100159337e+00,-1.261501490263845504e+00,1.919483048721355001e+00
2.395000000000000018e+00,1.675000000000000000e+03,1.500000000000000000e+03,1.739638038069217796e+00,-1.261375657341594625e+00,1.919972338315387050e+00
2.411999999999999922e+00,1.675000000000000000e+03,1.500000000000000000e+03,1.737224093158152183e+00,-1.261986585456010168e+00,1.914047056920591183e+00
2.428999999999999826e+00,1.675000000000000000e+03,1.500000000000000000e+03,1.737224093158152183e+00,-1.261986585456010168e+00,1.914047056920591183e+00
2.446000000000000174e+00,1.675000000000000000e+03,1.500000000000000000e+03,1.737224093158152183e+00,-1.261986585456010168e+00,1.914047056920591183e+00
2.463000000000000078e+00,1.675000000000000000e+03,1.500000000000000000e+03,1.734399284069649161e+00,-1.261137898295616733e+00,1.914538375574481588e+00
2.479999999999999982e+00,1.675000000000000000e+03,1.500000000000000000e+03,1.731677659722724361e+00,-1.261734887103926894e+00,1.915029526540739324e+00
2.498000000000000220e+00,1.675000000000000000e+03,1.500000000000000000e+03,1.731677659722724361e+00,-1.261734887103926894e+00,1.915029526540739324e+00
2.516000000000000014e+00,1.675000000000000000e+03,1.500000000000000000e+03,1.723356295538034377e+00,-1.261357139208991285e+00,1.916747230134404845e+00
2.532999999999999918e+00,1.675000000000000000e+03,1.500000000000000000e+03,1.720273786607120048e+00,-1.261217172614141457e+00,1.910804474247262075e+00
2.549999999999999822e+00,1.675000000000000000e+03,1.500000000000000000e+03,1.720273786607120048e+00,-1.261217172614141457e+00,1.910804474247262075e+00
2.567000000000000171e+00,1.675000000000000000e+03,1.500000000000000000e+03,1.720273786607120048e+00,-1.261217172614141457e+00,1.910804474247262075e+00
2.584000000000000075e+00,1.675000000000000000e+03,1.500000000000000000e+03,1.717499287150068055e+00,-1.261091175376575002e+00,1.911297051063970187e+00
2.600999999999999979e+00,1.675000000000000000e+03,1.500000000000000000e+03,1.714724558937817056e+00,-1.260965152514724519e+00,1.905327080123356387e+00
2.617999999999999883e+00,1.675000000000000000e+03,1.500000000000000000e+03,1.714724558937817056e+00,-1.260965152514724519e+00,1.905327080123356387e+00
2.636000000000000121e+00,1.675000000000000000e+03,1.500000000000000000e+03,1.687938028489034181e+00,-1.264068702275268574e+00,1.900422685866268724e+00
2.653000000000000025e+00,1.675000000000000000e+03,1.500000000000000000e+03,1.687938028489034181e+00,-1.264068702275268574e+00,1.900422685866268724e+00
2.669999999999999929e+00,1.675000000000000000e+03,1.500000000000000000e+03,1.679366378178978270e+00,-1.264398820920908495e+00,1.889065528225390533e+00
2.688000000000000167e+00,1.675000000000000000e+03,1.500000000000000000e+03,1.675975042149874250e+00,-1.264244801561448028e+00,1.889816071297241606e+00
2.705999999999999961e+00,1.675000000000000000e+03,1.500000000000000000e+03,1.675975042149874250e+00,-1.264244801561448028e+00,1.889816071297241606e+00
2.722999999999999865e+00,1.675000000000000000e+03,1.500000000000000000e+03,1.672953482542484327e+00,-1.264826799997642137e+00,1.886864961240068084e+00
2.741000000000000103e+00,1.675000000000000000e+03,1.500000000000000000e+03,1.672953482542484327e+00,-1.264826799997642137e+00,1.886864961240068084e+00
2.758000000000000007e+00,1.675000000000000000e+03,1.500000000000000000e+03,1.670178702239597524e+00,-1.264700784190289529e+00,1.880998019131950416e+00
2.775999999999999801e+00,1.675000000000000000e+03,1.500000000000000000e+03,1.670178702239597524e+00,-1.264700784190289529e+00,1.880998019131950416e+00
2.793000000000000149e+00,1.675000000000000000e+03,1.500000000000000000e+03,1.667095344930006551e+00,-1.264560741550257994e+00,1.881501187332668357e+00
2.810000000000000053e+00,1.675000000000000000e+03,1.500000000000000000e+03,1.664446405281300834e+00,-1.265878361909198890e+00,1.882255633321522570e+00
2.826999999999999957e+00,1.675000000000000000e+03,1.500000000000000000e+03,1.664446405281300834e+00,-1.265878361909198890e+00,1.882255633321522570e+00
2.843999999999999861e+00,1.675000000000000000e+03,1.500000000000000000e+03,1.664446405281300834e+00,-1.265878361909198890e+00,1.882255633321522570e+00
2.861000000000000210e+00,1.675000000000000000e+03,1.500000000000000000e+03,1.652113203761880644e+00,-1.265318274514628971e+00,1.878133194912745330e+00
2.878000000000000114e+00,1.675000000000000000e+03,1.500000000000000000e+03,1.652113203761880644e+00,-1.265318274514628971e+00,1.878133194912745330e+00
2.895999999999999908e+00,1.675000000000000000e+03,1.500000000000000000e+03,1.649337611696969130e+00,-1.265192200551434887e+00,1.872225633808807688e+00
2.914000000000000146e+00,1.675000000000000000e+03,1.500000000000000000e+03,1.645944911308891090e+00,-1.265038083899167720e+00,1.879393294684131410e+00
2.931000000000000050e+00,1.675000000000000000e+03,1.500000000000000000e+03,1.645944911308891090e+00,-1.265038083899167720e+00,1.879393294684131410e+00
2.947999999999999954e+00,1.675000000000000000e+03,1.500000000000000000e+03,1.642860342278794406e+00,-1.264897953195867064e+00,1.873490626429457073e+00
2.964999999999999858e+00,1.675000000000000000e+03,1.500000000000000000e+03,1.642860342278794406e+00,-1.264897953195867064e+00,1.873490626429457073e+00
2.983000000000000096e+00,1.675000000000000000e+03,1.500000000000000000e+03,1.642860342278794406e+00,-1.264897953195867064e+00,1.873490626429457073e+00
3.000000000000000000e+00,1.675000000000000000e+03,1.500000000000000000e+03,1.633296387595973842e+00,-1.264463403070140046e+00,1.868830774404788508e+00
3.017999999999999794e+00,1.675000000000000000e+03,1.500000000000000000e+03,1.629902075568330888e+00,-1.264309156750445418e+00,1.876017561102483633e+00
3.035000000000000142e+00,1.675000000000000000e+03,1.500000000000000000e+03,1.626816041704556071e+00,-1.264168910312374550e+00,1.870098586463813106e+00
3.052000000000000046e+00,1.675000000000000000e+03,1.500000000000000000e+03,1.626816041704556071e+00,-1.264168910312374550e+00,1.870098586463813106e+00
3.068999999999999950e+00,1.675000000000000000e+03,1.500000000000000000e+03,1.623729726333113632e+00,-1.264028642849592821e+00,1.870858787095985631e+00
3.087000000000000188e+00,1.675000000000000000e+03,1.500000000000000000e+03,1.623729726333113632e+00,-1.264028642849592821e+00,1.870858787095985631e+00
3.104000000000000092e+00,1.675000000000000000e+03,1.500000000000000000e+03,1.596792625115929898e+00,-1.262084592870581723e+00,1.859274152966660765e+00
3.120999999999999996e+00,1.675000000000000000e+03,1.500000000000000000e+03,1.596792625115929898e+00,-1.262084592870581723e+00,1.859274152966660765e+00
3.138999999999999790e+00,1.675000000000000000e+03,1.500000000000000000e+03,1.593628248764256794e+00,-1.261220901386675752e+00,1.873182771739925645e+00
3.157000000000000028e+00,1.675000000000000000e+03,1.500000000000000000e+03,1.589535237898940245e+00,-1.260314657900663438e+00,1.863629458793045535e+00
3.174999999999999822e+00,1.675000000000000000e+03,1.500000000000000000e+03,1.586134885041488474e+00,-1.260159944292023049e+00,1.857421023450490205e+00
3.190999999999999837e+00,1.675000000000000000e+03,1.500000000000000000e+03,1.586134885041488474e+00,-1.260159944292023049e+00,1.857421023450490205e+00
3.209000000000000075e+00,1.675000000000000000e+03,1.500000000000000000e+03,1.586134885041488474e+00,-1.260159944292023049e+00,1.857421023450490205e+00
3.225999999999999979e+00,1.675000000000000000e+03,1.500000000000000000e+03,1.575622559387102939e+00,-1.259681622712958138e+00,1.852723267169452237e+00
3.242999999999999883e+00,1.675000000000000000e+03,1.500000000000000000e+03,1.575622559387102939e+00,-1.259681622712958138e+00,1.852723267169452237e+00
3.259999999999999787e+00,1.675000000000000000e+03,1.500000000000000000e+03,1.571602285360557572e+00,-1.259498691372305856e+00,1.853491744866109459e+00
3.278000000000000025e+00,1.675000000000000000e+03,1.500000000000000000e+03,1.567890843631857489e+00,-1.259329811537016841e+00,1.854259863036824552e+00
3.294999999999999929e+00,1.675000000000000000e+03,1.500000000000000000e+03,1.567890843631857489e+00,-1.259329811537016841e+00,1.854259863036824552e+00
3.311999999999999833e+00,1.675000000000000000e+03,1.500000000000000000e+03,1.567890843631857489e+00,-1.259329811537016841e+00,1.854259863036824552e+00
3.330000000000000071e+00,1.675000000000000000e+03,1.500000000000000000e+03,1.565106998189949028e+00,-1.259203139454368792e+00,1.854771741533967511e+00
3.346999999999999975e+00,1.675000000000000000e+03,1.500000000000000000e+03,1.561784317861554694e+00,-1.259772279784536320e+00,1.855539258036992267e+00
3.363999999999999879e+00,1.675000000000000000e+03,1.500000000000000000e+03,1.561784317861554694e+00,-1.259772279784536320e+00,1.855539258036992267e+00
3.380999999999999783e+00,1.675000000000000000e+03,1.500000000000000000e+03,1.551266220313255229e+00,-1.259293790876761410e+00,1.850832442231328256e+00
3.398000000000000131e+00,1.675000000000000000e+03,1.500000000000000000e+03,1.548172049227700242e+00,-1.259153035085413208e+00,1.858350375751456340e+00
3.415000000000000036e+00,1.675000000000000000e+03,1.500000000000000000e+03,1.544375711809851337e+00,-1.258259841184390382e+00,1.847804308598874901e+00
3.432999999999999829e+00,1.675000000000000000e+03,1.500000000000000000e+03,1.540661325656316194e+00,-1.258090843702945438e+00,1.848575007409885007e+00
3.450000000000000178e+00,1.675000000000000000e+03,1.500000000000000000e+03,1.540661325656316194e+00,-1.258090843702945438e+00,1.848575007409885007e+00
3.467000000000000082e+00,1.675000000000000000e+03,1.500000000000000000e+03,1.536946539376573329e+00,-1.257921833504160425e+00,1.849345347108898308e+00
3.484999999999999876e+00,1.675000000000000000e+03,1.500000000000000000e+03,1.533850578755302951e+00,-1.257780982542692882e+00,1.842945942380006974e+00
3.501999999999999780e+00,1.675000000000000000e+03,1.500000000000000000e+03,1.533850578755302951e+00,-1.257780982542692882e+00,1.842945942380006974e+00
3.519000000000000128e+00,1.675000000000000000e+03,1.500000000000000000e+03,1.533850578755302951e+00,-1.257780982542692882e+00,1.842945942380006974e+00
3.536000000000000032e+00,1.675000000000000000e+03,1.500000000000000000e+03,1.530135059869560665e+00,-1.257611951140066076e+00,1.843718824156871383e+00
3.552999999999999936e+00,1.675000000000000000e+03,1.500000000000000000e+03,1.519295851886638182e+00,-1.257118886451535023e+00,1.838844991951460006e+00
3.569999999999999840e+00,1.675000000000000000e+03,1.500000000000000000e+03,1.519295851886638182e+00,-1.257118886451535023e+00,1.838844991951460006e+00
3.587000000000000188e+00,1.675000000000000000e+03,1.500000000000000000e+03,1.515888544136876792e+00,-1.256963908247780815e+00,1.839619675487152106e+00
3.604999999999999982e+00,1.675000000000000000e+03,1.500000000000000000e+03,1.490696263723434223e+00,-1.255097131140476829e+00,1.828529273238805875e+00
3.621999999999999886e+00,1.675000000000000000e+03,1.500000000000000000e+03,1.490696263723434223e+00,-1.255097131140476829e+00,1.828529273238805875e+00
3.638999999999999790e+00,1.675000000000000000e+03,1.500000000000000000e+03,1.490696263723434223e+00,-1.255097131140476829e+00,1.828529273238805875e+00
3.656000000000000139e+00,1.675000000000000000e+03,1.500000000000000000e+03,1.483254410791992051e+00,-1.254758802357007763e+00,1.830087142269402278e+00
3.673000000000000043e+00,1.675000000000000000e+03,1.500000000000000000e+03,1.483254410791992051e+00,-1.254758802357007763e+00,1.830087142269402278e+00
3.689999999999999947e+00,1.675000000000000000e+03,1.500000000000000000e+03,1.479222749901583533e+00,-1.254575540952233670e+00,1.823991204729587423e+00
3.708000000000000185e+00,1.675000000000000000e+03,1.500000000000000000e+03,1.479222749901583533e+00,-1.254575540952233670e+00,1.823991204729587423e+00
3.725000000000000089e+00,1.675000000000000000e+03,1.500000000000000000e+03,1.471373210089474082e+00,-1.253497125243046906e+00,1.825552875796182084e+00
3.741999999999999993e+00,1.675000000000000000e+03,1.500000000000000000e+03,1.467554138712477751e+00,-1.252601607629118874e+00,1.824452183549234885e+00
3.759999999999999787e+00,1.675000000000000000e+03,1.500000000000000000e+03,1.467554138712477751e+00,-1.252601607629118874e+00,1.824452183549234885e+00
3.777000000000000135e+00,1.675000000000000000e+03,1.500000000000000000e+03,1.463829757857928016e+00,-1.252432327342791307e+00,1.825232952126031094e+00
3.794000000000000039e+00,1.675000000000000000e+03,1.500000000000000000e+03,1.460415398900692274e+00,-1.252277158021902981e+00,1.818980992634868787e+00
3.810999999999999943e+00,1.675000000000000000e+03,1.500000000000000000e+03,1.460415398900692274e+00,-1.252277158021902981e+00,1.818980992634868787e+00
3.827999999999999847e+00,1.675000000000000000e+03,1.500000000000000000e+03,1.460415398900692274e+00,-1.252277158021902981e+00,1.818980992634868787e+00
3.846999999999999975e+00,1.675000000000000000e+03,1.500000000000000000e+03,1.456166972854003872e+00,-1.252806168267784681e+00,1.812966584677048631e+00
3.863999999999999879e+00,1.675000000000000000e+03,1.500000000000000000e+03,1.448928334132043361e+00,-1.251755264008496127e+00,1.814537273070637724e+00
3.880999999999999783e+00,1.675000000000000000e+03,1.500000000000000000e+03,1.445202006186819155e+00,-1.251586017093134995e+00,1.815322114748769700e+00
3.899000000000000021e+00,1.675000000000000000e+03,1.500000000000000000e+03,1.445202006186819155e+00,-1.251586017093134995e+00,1.815322114748769700e+00
3.915999999999999925e+00,1.675000000000000000e+03,1.500000000000000000e+03,1.441475290700989120e+00,-1.251416779541351332e+00,1.816106619983709480e+00
3.932999999999999829e+00,1.675000000000000000e+03,1.500000000000000000e+03,1.437538255057279724e+00,-1.251960257091493833e+00,1.816890787708551835e+00
3.951000000000000068e+00,1.675000000000000000e+03,1.500000000000000000e+03,1.437538255057279724e+00,-1.251960257091493833e+00,1.816890787708551835e+00
3.968999999999999861e+00,1.675000000000000000e+03,1.500000000000000000e+03,1.437538255057279724e+00,-1.251960257091493833e+00,1.816890787708551835e+00
3.987000000000000099e+00,1.675000000000000000e+03,1.500000000000000000e+03,1.433298037401526503e+00,-1.250323021049091210e+00,1.812326610694107609e+00
4.003999999999999559e+00,1.675000000000000000e+03,1.500000000000000000e+03,1.429258752152103629e+00,-1.250139651408828101e+00,1.806162869489674305e+00
4.020999999999999908e+00,1.675000000000000000e+03,1.500000000000000000e+03,1.429258752152103629e+00,-1.250139651408828101e+00,1.806162869489674305e+00
4.038000000000000256e+00,1.675000000000000000e+03,1.500000000000000000e+03,1.429258752152103629e+00,-1.250139651408828101e+00,1.806162869489674305e+00
4.056000000000000050e+00,1.675000000000000000e+03,1.500000000000000000e+03,1.417759856274650065e+00,-1.249617842312101157e+00,1.808526341805804183e+00
4.073000000000000398e+00,1.675000000000000000e+03,1.500000000000000000e+03,1.413718839127394933e+00,-1.249434538910701331e+00,1.802347025741300790e+00
4.089999999999999858e+00,1.675000000000000000e+03,1.500000000000000000e+03,1.413718839127394933e+00,-1.249434538910701331e+00,1.802347025741300790e+00
4.107000000000000206e+00,1.675000000000000000e+03,1.500000000000000000e+03,1.374106605617920085e+00,-1.246916698602199780e+00,1.790139132336823202e+00
4.125000000000000000e+00,1.675000000000000000e+03,1.500000000000000000e+03,1.369748861761687975e+00,-1.246719523287340703e+00,1.798340246244172880e+00
4.142000000000000348e+00,1.675000000000000000e+03,1.500000000000000000e+03,1.369748861761687975e+00,-1.246719523287340703e+00,1.798340246244172880e+00
4.160000000000000142e+00,1.675000000000000000e+03,1.500000000000000000e+03,1.365589318095342009e+00,-1.245807743398426481e+00,1.784558668177214535e+00
4.176999999999999602e+00,1.675000000000000000e+03,1.500000000000000000e+03,1.361541281878582588e+00,-1.245624653168216245e+00,1.792785134211222431e+00
4.193999999999999950e+00,1.675000000000000000e+03,1.500000000000000000e+03,1.361541281878582588e+00,-1.245624653168216245e+00,1.792785134211222431e+00
4.211999999999999744e+00,1.675000000000000000e+03,1.800000000000000000e+03,1.357378820091656335e+00,-1.244712501475627064e+00,1.792650424625567229e+00
4.229000000000000092e+00,1.675000000000000000e+03,1.800000000000000000e+03,1.357378820091656335e+00,-1.244712501475627064e+00,1.792650424625567229e+00
4.246000000000000441e+00,1.675000000000000000e+03,1.800000000000000000e+03,1.357378820091656335e+00,-1.244712501475627064e+00,1.792650424625567229e+00
4.262999999999999901e+00,1.675000000000000000e+03,1.800000000000000000e+03,1.344801115902686028e+00,-1.243419741269980783e+00,1.781593616910814637e+00
4.280000000000000249e+00,1.675000000000000000e+03,1.800000000000000000e+03,1.340204122052766511e+00,-1.241762680649873385e+00,1.782390855180624012e+00
4.296999999999999709e+00,1.675000000000000000e+03,1.800000000000000000e+03,1.336774368332842133e+00,-1.241607729451909670e+00,1.783187789628481346e+00
4.314000000000000057e+00,1.675000000000000000e+03,1.800000000000000000e+03,1.336774368332842133e+00,-1.241607729451909670e+00,1.783187789628481346e+00
4.331000000000000405e+00,1.675000000000000000e+03,1.800000000000000000e+03,1.332290563502759539e+00,-1.240680098635066564e+00,1.784913803321661829e+00
4.347999999999999865e+00,1.675000000000000000e+03,1.800000000000000000e+03,1.327923760741234638e+00,-1.240482911826653822e+00,1.785709774237789649e+00
4.365000000000000213e+00,1.675000000000000000e+03,1.800000000000000000e+03,1.327923760741234638e+00,-1.240482911826653822e+00,1.785709774237789649e+00
4.381999999999999673e+00,1.675000000000000000e+03,1.800000000000000000e+03,1.323436757673162933e+00,-1.239554928622865315e+00,1.779184269860879963e+00
4.399000000000000021e+00,1.675000000000000000e+03,1.800000000000000000e+03,1.323436757673162933e+00,-1.239554928622865315e+00,1.779184269860879963e+00
4.416000000000000369e+00,1.675000000000000000e+03,1.800000000000000000e+03,1.307587975174544948e+00,-1.237388143169435128e+00,1.775019232318548523e+00
4.432999999999999829e+00,1.675000000000000000e+03,1.800000000000000000e+03,1.307587975174544948e+00,-1.237388143169435128e+00,1.775019232318548523e+00
4.450999999999999623e+00,1.675000000000000000e+03,1.800000000000000000e+03,1.303216269933510807e+00,-1.237191055302177212e+00,1.775818736157354305e+00
4.467999999999999972e+00,1.675000000000000000e+03,1.800000000000000000e+03,1.298660906999913545e+00,-1.234078786341913592e+00,1.769249914363195675e+00
4.485000000000000320e+00,1.675000000000000000e+03,1.800000000000000000e+03,1.298660906999913545e+00,-1.234078786341913592e+00,1.769249914363195675e+00
4.503999999999999559e+00,1.675000000000000000e+03,1.800000000000000000e+03,1.293972808956811216e+00,-1.233867444855115458e+00,1.770318542215470803e+00
4.520999999999999908e+00,1.675000000000000000e+03,1.800000000000000000e+03,1.293972808956811216e+00,-1.233867444855115458e+00,1.770318542215470803e+00
4.538000000000000256e+00,1.675000000000000000e+03,1.800000000000000000e+03,1.290221932361882207e+00,-1.233698425247967467e+00,1.771119676170588075e+00
4.554999999999999716e+00,1.675000000000000000e+03,1.800000000000000000e+03,1.290221932361882207e+00,-1.233698425247967467e+00,1.771119676170588075e+00
4.573000000000000398e+00,1.675000000000000000e+03,1.800000000000000000e+03,1.290221932361882207e+00,-1.233698425247967467e+00,1.771119676170588075e+00
4.589999999999999858e+00,1.675000000000000000e+03,1.800000000000000000e+03,1.277461527866080360e+00,-1.231668592882523505e+00,1.766294985464428313e+00
4.607000000000000206e+00,1.675000000000000000e+03,1.800000000000000000e+03,1.242327123350586815e+00,-1.227904459577676466e+00,1.750642285536122333e+00
4.623999999999999666e+00,1.675000000000000000e+03,1.800000000000000000e+03,1.242327123350586815e+00,-1.227904459577676466e+00,1.750642285536122333e+00
4.641000000000000014e+00,1.675000000000000000e+03,1.800000000000000000e+03,1.238255194134068038e+00,-1.227721833701338916e+00,1.751450019009510140e+00
4.658000000000000362e+00,1.675000000000000000e+03,1.800000000000000000e+03,1.238255194134068038e+00,-1.227721833701338916e+00,1.751450019009510140e+00
4.674999999999999822e+00,1.675000000000000000e+03,1.800000000000000000e+03,1.233599877732353800e+00,-1.226054628029959570e+00,1.736486792295945492e+00
4.692000000000000171e+00,1.675000000000000000e+03,1.800000000000000000e+03,1.233599877732353800e+00,-1.226054628029959570e+00,1.736486792295945492e+00
4.708999999999999631e+00,1.675000000000000000e+03,1.800000000000000000e+03,1.228898954831637580e+00,-1.225843936922583755e+00,1.730282041207197974e+00
4.727000000000000313e+00,1.675000000000000000e+03,1.800000000000000000e+03,1.224824399139858633e+00,-1.225661419251556250e+00,1.731096102184328744e+00
4.743999999999999773e+00,1.675000000000000000e+03,1.800000000000000000e+03,1.220435979259185455e+00,-1.225464947609884891e+00,1.724268024709574965e+00
4.761000000000000121e+00,1.675000000000000000e+03,1.800000000000000000e+03,1.220435979259185455e+00,-1.225464947609884891e+00,1.724268024709574965e+00
4.778999999999999915e+00,1.675000000000000000e+03,1.800000000000000000e+03,1.220435979259185455e+00,-1.225464947609884891e+00,1.724268024709574965e+00
4.796000000000000263e+00,1.675000000000000000e+03,1.800000000000000000e+03,1.208034311992378207e+00,-1.225639944180594298e+00,1.711373791387054366e+00
4.812999999999999723e+00,1.675000000000000000e+03,1.800000000000000000e+03,1.208034311992378207e+00,-1.225639944180594298e+00,1.711373791387054366e+00
4.830000000000000071e+00,1.675000000000000000e+03,1.800000000000000000e+03,1.199287440216147083e+00,-1.223789750209837823e+00,1.705356708085018935e+00
4.847000000000000419e+00,1.675000000000000000e+03,1.800000000000000000e+03,1.199287440216147083e+00,-1.223789750209837823e+00,1.705356708085018935e+00
4.863999999999999879e+00,1.675000000000000000e+03,1.800000000000000000e+03,1.199287440216147083e+00,-1.223789750209837823e+00,1.705356708085018935e+00
4.881000000000000227e+00,1.675000000000000000e+03,1.800000000000000000e+03,1.195209418866013840e+00,-1.223607749024430369e+00,1.698463215158864115e+00
4.897999999999999687e+00,1.675000000000000000e+03,1.800000000000000000e+03,1.190645606120195987e+00,-1.224134212361131180e+00,1.691552557832144199e+00
4.916000000000000369e+00,1.675000000000000000e+03,1.800000000000000000e+03,1.186253729237729093e+00,-1.223938484011284800e+00,1.700382879929934088e+00
4.932999999999999829e+00,1.675000000000000000e+03,1.800000000000000000e+03,1.181861417592896979e+00,-1.223742857532480244e+00,1.693476229355504126e+00
4.950000000000000178e+00,1.675000000000000000e+03,1.800000000000000000e+03,1.181861417592896979e+00,-1.223742857532480244e+00,1.693476229355504126e+00
4.966999999999999638e+00,1.675000000000000000e+03,1.800000000000000000e+03,1.168850071697567383e+00,-1.222433849194018762e+00,1.678496081336399826e+00
4.983999999999999986e+00,1.675000000000000000e+03,1.800000000000000000e+03,1.164622872362329975e+00,-1.221515503033215655e+00,1.681333760443712411e+00
5.001000000000000334e+00,1.675000000000000000e+03,1.800000000000000000e+03,1.160227018168882296e+00,-1.221320253143533208e+00,1.674387342414092261e+00
5.017999999999999794e+00,1.675000000000000000e+03,1.800000000000000000e+03,1.155830741857531763e+00,-1.221125113652778094e+00,1.667426010558088700e+00
5.035000000000000142e+00,1.675000000000000000e+03,1.800000000000000000e+03,1.155830741857531763e+00,-1.221125113652778094e+00,1.667426010558088700e+00
5.051999999999999602e+00,1.675000000000000000e+03,1.800000000000000000e+03,1.151913639976953174e+00,-1.220220489438937239e+00,1.666005284549389120e+00
5.068999999999999950e+00,1.675000000000000000e+03,1.800000000000000000e+03,1.151913639976953174e+00,-1.220220489438937239e+00,1.666005284549389120e+00
5.086000000000000298e+00,1.675000000000000000e+03,1.800000000000000000e+03,1.147665116434693600e+00,-1.220763009407166866e+00,1.658876363255393116e+00
5.104000000000000092e+00,1.675000000000000000e+03,1.800000000000000000e+03,1.147665116434693600e+00,-1.220763009407166866e+00,1.658876363255393116e+00
5.121000000000000441e+00,1.675000000000000000e+03,1.800000000000000000e+03,1.143431823600846275e+00,-1.219844520858977432e+00,1.662195081018583487e+00
5.137999999999999901e+00,1.675000000000000000e+03,1.800000000000000000e+03,1.117199881573318176e+00,-1.216489949726304420e+00,1.632948774052480845e+00
5.155000000000000249e+00,1.675000000000000000e+03,1.800000000000000000e+03,1.117199881573318176e+00,-1.216489949726304420e+00,1.632948774052480845e+00
5.171999999999999709e+00,1.675000000000000000e+03,1.800000000000000000e+03,1.103677171409926716e+00,-1.212963235158150077e+00,1.607600161377822134e+00
5.190000000000000391e+00,1.675000000000000000e+03,1.800000000000000000e+03,1.099112399674260887e+00,-1.212028847393574083e+00,1.604152297248804482e+00
5.206000000000000405e+00,1.675000000000000000e+03,1.800000000000000000e+03,1.099112399674260887e+00,-1.212028847393574083e+00,1.604152297248804482e+00
5.224000000000000199e+00,1.675000000000000000e+03,1.800000000000000000e+03,1.099112399674260887e+00,-1.212028847393574083e+00,1.604152297248804482e+00
5.241999999999999993e+00,1.675000000000000000e+03,1.800000000000000000e+03,1.094860665444262970e+00,-1.211108074105277765e+00,1.601207104514275725e+00
5.259000000000000341e+00,1.675000000000000000e+03,1.800000000000000000e+03,1.090292150898488188e+00,-1.210173179884215244e+00,1.593841187678948890e+00
5.275999999999999801e+00,1.675000000000000000e+03,1.800000000000000000e+03,1.090292150898488188e+00,-1.210173179884215244e+00,1.593841187678948890e+00
5.293999999999999595e+00,1.675000000000000000e+03,1.800000000000000000e+03,1.085721726772378437e+00,-1.209238036661855364e+00,1.590575440581218025e+00
5.310999999999999943e+00,1.675000000000000000e+03,1.800000000000000000e+03,1.067888884918939407e+00,-1.204780045404494349e+00,1.569087908977045087e+00
5.328000000000000291e+00,1.675000000000000000e+03,1.800000000000000000e+03,1.063308302094603697e+00,-1.203843353414154382e+00,1.561541340828987545e+00
5.344999999999999751e+00,1.675000000000000000e+03,1.800000000000000000e+03,1.063308302094603697e+00,-1.203843353414154382e+00,1.561541340828987545e+00
5.362000000000000099e+00,1.675000000000000000e+03,1.800000000000000000e+03,1.059205910790739891e+00,-1.203663509050209246e+00,1.562385859335124083e+00
5.378999999999999559e+00,1.675000000000000000e+03,1.800000000000000000e+03,1.059205910790739891e+00,-1.203663509050209246e+00,1.562385859335124083e+00
5.395999999999999908e+00,1.675000000000000000e+03,1.800000000000000000e+03,1.054457145616514602e+00,-1.201983075576641635e+00,1.546327379490250342e+00
5.413000000000000256e+00,1.675000000000000000e+03,1.800000000000000000e+03,1.054457145616514602e+00,-1.201983075576641635e+00,1.546327379490250342e+00
5.429999999999999716e+00,1.675000000000000000e+03,1.800000000000000000e+03,1.045282836915791824e+00,-1.200108003386921585e+00,1.542987073416077770e+00
5.448000000000000398e+00,1.675000000000000000e+03,1.800000000000000000e+03,1.045282836915791824e+00,-1.200108003386921585e+00,1.542987073416077770e+00
5.464000000000000412e+00,1.675000000000000000e+03,1.800000000000000000e+03,1.045282836915791824e+00,-1.200108003386921585e+00,1.542987073416077770e+00
5.491999999999999993e+00,1.675000000000000000e+03,1.800000000000000000e+03,1.027203855345138583e+00,-1.194890995741355155e+00,1.520766024543656059e+00
5.535999999999999588e+00,1.675000000000000000e+03,1.800000000000000000e+03,1.027203855345138583e+00,-1.194890995741355155e+00,1.520766024543656059e+00
5.552999999999999936e+00,1.675000000000000000e+03,1.800000000000000000e+03,1.022921212336768804e+00,-1.193965331429975851e+00,1.506814024994301393e+00
5.570999999999999730e+00,1.675000000000000000e+03,1.800000000000000000e+03,1.022921212336768804e+00,-1.193965331429975851e+00,1.506814024994301393e+00
5.588000000000000078e+00,1.675000000000000000e+03,1.800000000000000000e+03,1.018808341311160381e+00,-1.193785983740911050e+00,1.507659442379658099e+00
5.618999999999999773e+00,1.675000000000000000e+03,1.800000000000000000e+03,1.014178408986406543e+00,-1.191366161662441137e+00,1.490977192377753502e+00
5.636000000000000121e+00,1.675000000000000000e+03,1.800000000000000000e+03,1.014178408986406543e+00,-1.191366161662441137e+00,1.490977192377753502e+00
5.652999999999999581e+00,1.675000000000000000e+03,1.800000000000000000e+03,1.009429683690272306e+00,-1.191159322872467285e+00,1.500826486593993092e+00
5.669999999999999929e+00,1.675000000000000000e+03,1.800000000000000000e+03,9.745669882050969068e-01,-1.182976121708392281e+00,1.447748607076585037e+00
5.687000000000000277e+00,1.675000000000000000e+03,1.800000000000000000e+03,9.705799321265171642e-01,-1.182061056469538407e+00,1.447637798341668169e+00
5.705000000000000071e+00,1.675000000000000000e+03,1.800000000000000000e+03,9.705799321265171642e-01,-1.182061056469538407e+00,1.447637798341668169e+00
5.722999999999999865e+00,1.675000000000000000e+03,1.800000000000000000e+03,9.657757374411422013e-01,-1.180367491030319016e+00,1.431745654746333196e+00
5.740000000000000213e+00,1.675000000000000000e+03,1.800000000000000000e+03,9.657757374411422013e-01,-1.180367491030319016e+00,1.431745654746333196e+00
5.756999999999999673e+00,1.675000000000000000e+03,1.800000000000000000e+03,9.657757374411422013e-01,-1.180367491030319016e+00,1.431745654746333196e+00
5.774000000000000021e+00,1.675000000000000000e+03,1.800000000000000000e+03,9.568392450810221384e-01,-1.178494392491512777e+00,1.424880743126243354e+00
5.791000000000000369e+00,1.675000000000000000e+03,1.800000000000000000e+03,9.432105081322206264e-01,-1.174184445012458777e+00,1.410104920526546346e+00
5.807999999999999829e+00,1.675000000000000000e+03,1.800000000000000000e+03,9.432105081322206264e-01,-1.174184445012458777e+00,1.410104920526546346e+00
5.825999999999999623e+00,1.675000000000000000e+03,1.800000000000000000e+03,9.390241607390072964e-01,-1.172513396094108096e+00,1.402000389169646866e+00
5.844000000000000306e+00,1.675000000000000000e+03,1.800000000000000000e+03,9.390241607390072964e-01,-1.172513396094108096e+00,1.402000389169646866e+00
5.860999999999999766e+00,1.675000000000000000e+03,1.800000000000000000e+03,9.347029189779543223e-01,-1.171581523264242364e+00,1.393917485839495596e+00
5.878000000000000114e+00,1.675000000000000000e+03,1.800000000000000000e+03,9.347029189779543223e-01,-1.171581523264242364e+00,1.393917485839495596e+00
5.895999999999999908e+00,1.675000000000000000e+03,1.800000000000000000e+03,9.300057134236980882e-01,-1.169140571107084803e+00,1.385865190770250610e+00
5.913000000000000256e+00,1.675000000000000000e+03,1.800000000000000000e+03,9.253611282200409072e-01,-1.168193924320864774e+00,1.396257565293959058e+00
5.929999999999999716e+00,1.675000000000000000e+03,1.800000000000000000e+03,9.121197063222250545e-01,-1.163138499795023595e+00,1.380906471397847834e+00
5.947000000000000064e+00,1.675000000000000000e+03,1.800000000000000000e+03,9.121197063222250545e-01,-1.163138499795023595e+00,1.380906471397847834e+00
5.964000000000000412e+00,1.675000000000000000e+03,1.800000000000000000e+03,9.074655225906456124e-01,-1.162190030354092407e+00,1.353628008369247571e+00
5.980999999999999872e+00,1.675000000000000000e+03,1.800000000000000000e+03,9.074655225906456124e-01,-1.162190030354092407e+00,1.353628008369247571e+00
5.998000000000000220e+00,1.675000000000000000e+03,1.800000000000000000e+03,9.074655225906456124e-01,-1.162190030354092407e+00,1.353628008369247571e+00
6.014999999999999680e+00,1.675000000000000000e+03,1.800000000000000000e+03,9.025521574721280249e-01,-1.158981930449705100e+00,1.354763425855444403e+00
6.032000000000000028e+00,1.675000000000000000e+03,1.800000000000000000e+03,8.985301894473671780e-01,-1.158059448501538746e+00,1.344999783952074868e+00
6.048000000000000043e+00,1.675000000000000000e+03,1.800000000000000000e+03,8.985301894473671780e-01,-1.158059448501538746e+00,1.344999783952074868e+00
6.065999999999999837e+00,1.675000000000000000e+03,1.800000000000000000e+03,8.934806604401324126e-01,-1.155591453392479817e+00,1.327649562361219671e+00
6.083999999999999631e+00,1.675000000000000000e+03,1.800000000000000000e+03,8.483984866778153666e-01,-1.135565642828912925e+00,1.267207162318365388e+00
6.100999999999999979e+00,1.675000000000000000e+03,1.800000000000000000e+03,8.439069140984722939e-01,-1.135374204478690530e+00,1.268004014188483408e+00
6.118000000000000327e+00,1.675000000000000000e+03,1.800000000000000000e+03,8.400875846845916595e-01,-1.132938268444094732e+00,1.259716987573614944e+00
6.136000000000000121e+00,1.675000000000000000e+03,1.800000000000000000e+03,8.400875846845916595e-01,-1.132938268444094732e+00,1.259716987573614944e+00
6.152999999999999581e+00,1.675000000000000000e+03,1.800000000000000000e+03,8.356218595906594881e-01,-1.130472477148503518e+00,1.251480021826405498e+00
6.169999999999999929e+00,1.675000000000000000e+03,1.800000000000000000e+03,8.313568191935114537e-01,-1.128772517521971608e+00,1.238757511297273739e+00
6.187000000000000277e+00,1.675000000000000000e+03,1.800000000000000000e+03,8.266762073054072513e-01,-1.125533326352842867e+00,1.230422397102969301e+00
6.205000000000000071e+00,1.675000000000000000e+03,1.800000000000000000e+03,8.266762073054072513e-01,-1.125533326352842867e+00,1.230422397102969301e+00
6.222000000000000419e+00,1.675000000000000000e+03,1.800000000000000000e+03,8.224034074738486577e-01,-1.123829978181670075e+00,1.216978065153379474e+00
6.238999999999999879e+00,1.675000000000000000e+03,1.800000000000000000e+03,8.180334896676495493e-01,-1.120597747081503393e+00,1.208551249755551726e+00
6.256000000000000227e+00,1.675000000000000000e+03,1.800000000000000000e+03,8.180334896676495493e-01,-1.120597747081503393e+00,1.208551249755551726e+00
6.272999999999999687e+00,1.675000000000000000e+03,1.800000000000000000e+03,8.180334896676495493e-01,-1.120597747081503393e+00,1.208551249755551726e+00
6.290000000000000036e+00,1.675000000000000000e+03,1.800000000000000000e+03,8.005818187815303411e-01,-1.111456663406208634e+00,1.169015991547859290e+00
6.307000000000000384e+00,1.675000000000000000e+03,1.800000000000000000e+03,7.956412774196512938e-01,-1.109716292282367345e+00,1.163443525358202946e+00
6.325000000000000178e+00,1.675000000000000000e+03,1.800000000000000000e+03,7.914525843007185202e-01,-1.107240501920145004e+00,1.154925615866616351e+00
6.341999999999999638e+00,1.675000000000000000e+03,1.800000000000000000e+03,7.914525843007185202e-01,-1.107240501920145004e+00,1.154925615866616351e+00
6.358999999999999986e+00,1.675000000000000000e+03,1.800000000000000000e+03,7.870455411415175906e-01,-1.103985706561622315e+00,1.155837291453663873e+00
6.376000000000000334e+00,1.675000000000000000e+03,1.800000000000000000e+03,7.826301881762522950e-01,-1.103030919141825716e+00,1.130427825466169933e+00
6.394000000000000128e+00,1.675000000000000000e+03,1.800000000000000000e+03,7.826301881762522950e-01,-1.103030919141825716e+00,1.130427825466169933e+00
6.410999999999999588e+00,1.675000000000000000e+03,1.800000000000000000e+03,7.784286462126417394e-01,-1.100548304590743598e+00,1.121924255894268585e+00
6.427999999999999936e+00,1.675000000000000000e+03,1.800000000000000000e+03,7.743298313821100898e-01,-1.097298110585727571e+00,1.122835401017194590e+00
6.445000000000000284e+00,1.675000000000000000e+03,1.800000000000000000e+03,7.651494818290982547e-01,-1.093057684866432844e+00,1.097417114279207739e+00
6.464000000000000412e+00,1.675000000000000000e+03,1.800000000000000000e+03,7.651494818290982547e-01,-1.093057684866432844e+00,1.097417114279207739e+00
6.480999999999999872e+00,1.675000000000000000e+03,1.800000000000000000e+03,7.569253202586636586e-01,-1.088851197542468174e+00,1.108743192360217344e+00
6.498000000000000220e+00,1.675000000000000000e+03,1.800000000000000000e+03,7.569253202586636586e-01,-1.088851197542468174e+00,1.108743192360217344e+00
6.514999999999999680e+00,1.675000000000000000e+03,1.800000000000000000e+03,7.569253202586636586e-01,-1.088851197542468174e+00,1.108743192360217344e+00
6.530999999999999694e+00,1.675000000000000000e+03,1.800000000000000000e+03,7.530218594345134964e-01,-1.086367721188600921e+00,1.090566041546148224e+00
6.548000000000000043e+00,1.675000000000000000e+03,1.800000000000000000e+03,7.530218594345134964e-01,-1.086367721188600921e+00,1.090566041546148224e+00
6.565999999999999837e+00,1.675000000000000000e+03,1.800000000000000000e+03,7.530218594345134964e-01,-1.086367721188600921e+00,1.090566041546148224e+00
6.583000000000000185e+00,1.675000000000000000e+03,1.800000000000000000e+03,7.175075362682745705e-01,-1.065452533984144967e+00,1.012722439665017404e+00
6.599999999999999645e+00,1.675000000000000000e+03,1.800000000000000000e+03,7.134660404147088464e-01,-1.063721497619750878e+00,1.013836407517692217e+00
6.616999999999999993e+00,1.675000000000000000e+03,1.800000000000000000e+03,7.134660404147088464e-01,-1.063721497619750878e+00,1.013836407517692217e+00
6.634000000000000341e+00,1.675000000000000000e+03,1.800000000000000000e+03,7.089632778340104746e-01,-1.060407050283254993e+00,1.005681068437618064e+00
6.650999999999999801e+00,1.675000000000000000e+03,1.800000000000000000e+03,7.089632778340104746e-01,-1.060407050283254993e+00,1.005681068437618064e+00
6.668000000000000149e+00,1.675000000000000000e+03,1.800000000000000000e+03,7.089632778340104746e-01,-1.060407050283254993e+00,1.005681068437618064e+00
6.685999999999999943e+00,1.675000000000000000e+03,1.800000000000000000e+03,7.049143829342054968e-01,-1.058672492830886824e+00,9.765919472007650315e-01
6.703000000000000291e+00,1.675000000000000000e+03,1.800000000000000000e+03,7.004008029555182091e-01,-1.055351069875666514e+00,9.774749424663549124e-01
6.721000000000000085e+00,1.675000000000000000e+03,1.800000000000000000e+03,6.954590892207543895e-01,-1.052791623807984411e+00,9.785695474828555174e-01
6.738000000000000433e+00,1.675000000000000000e+03,1.800000000000000000e+03,6.954590892207543895e-01,-1.052791623807984411e+00,9.785695474828555174e-01
6.754999999999999893e+00,1.675000000000000000e+03,1.800000000000000000e+03,6.918200564814347420e-01,-1.050284557665840612e+00,9.886911967087651520e-01
6.770999999999999908e+00,1.675000000000000000e+03,1.800000000000000000e+03,6.918200564814347420e-01,-1.050284557665840612e+00,9.886911967087651520e-01
6.788000000000000256e+00,1.675000000000000000e+03,1.800000000000000000e+03,6.918200564814347420e-01,-1.050284557665840612e+00,9.886911967087651520e-01
6.806000000000000050e+00,1.675000000000000000e+03,1.800000000000000000e+03,6.741311350918659517e-01,-1.038522590933723677e+00,9.435326118390344741e-01
6.823999999999999844e+00,1.675000000000000000e+03,1.800000000000000000e+03,6.700508631147177319e-01,-1.036772626431309963e+00,9.041029017279876845e-01
6.841000000000000192e+00,1.675000000000000000e+03,1.800000000000000000e+03,6.700508631147177319e-01,-1.036772626431309963e+00,9.041029017279876845e-01
6.857999999999999652e+00,1.675000000000000000e+03,1.800000000000000000e+03,6.700508631147177319e-01,-1.036772626431309963e+00,9.041029017279876845e-01
6.875000000000000000e+00,1.675000000000000000e+03,1.800000000000000000e+03,6.654917671097668741e-01,-1.033420769197732181e+00,9.138308803652697154e-01
6.892000000000000348e+00,1.675000000000000000e+03,1.800000000000000000e+03,6.611651442938071277e-01,-1.030865852213637357e+00,9.059999944151488904e-01
6.908999999999999808e+00,1.675000000000000000e+03,1.800000000000000000e+03,6.572513535885879943e-01,-1.027533349846206701e+00,9.068540079290262623e-01
6.926000000000000156e+00,1.675000000000000000e+03,1.800000000000000000e+03,6.526743114942286095e-01,-1.024168537166543214e+00,9.166021008135046833e-01
6.943999999999999950e+00,1.675000000000000000e+03,1.800000000000000000e+03,6.526743114942286095e-01,-1.024168537166543214e+00,9.166021008135046833e-01
6.961999999999999744e+00,1.675000000000000000e+03,1.800000000000000000e+03,6.489904848502840995e-01,-1.021631459372054795e+00,8.678705668831614428e-01
6.979000000000000092e+00,1.675000000000000000e+03,1.800000000000000000e+03,6.401363437920413180e-01,-1.014894349309304999e+00,8.544785341332035156e-01
6.996000000000000441e+00,1.675000000000000000e+03,1.800000000000000000e+03,6.401363437920413180e-01,-1.014894349309304999e+00,8.544785341332035156e-01
7.012999999999999901e+00,1.675000000000000000e+03,1.800000000000000000e+03,6.401363437920413180e-01,-1.014894349309304999e+00,8.544785341332035156e-01
7.030000000000000249e+00,1.675000000000000000e+03,1.800000000000000000e+03,6.358647454918124886e-01,-1.011525601670416386e+00,8.468421618351247293e-01
7.046999999999999709e+00,1.675000000000000000e+03,1.800000000000000000e+03,6.358647454918124886e-01,-1.011525601670416386e+00,8.468421618351247293e-01
7.064000000000000057e+00,1.675000000000000000e+03,1.800000000000000000e+03,6.312570735712541570e-01,-1.008138245355636453e+00,8.478396839943940222e-01
7.081000000000000405e+00,1.675000000000000000e+03,1.800000000000000000e+03,6.275493677659289560e-01,-1.005584193061269449e+00,8.571365558479416835e-01
7.097999999999999865e+00,1.675000000000000000e+03,1.800000000000000000e+03,6.232604839257436247e-01,-1.002202333668602563e+00,8.494844183040323182e-01
7.115999999999999659e+00,1.675000000000000000e+03,1.800000000000000000e+03,6.232604839257436247e-01,-1.002202333668602563e+00,8.494844183040323182e-01
7.133000000000000007e+00,1.675000000000000000e+03,1.800000000000000000e+03,5.842069989773077676e-01,-9.699186555378092045e-01,7.216071491304104635e-01
7.150000000000000355e+00,1.675000000000000000e+03,1.800000000000000000e+03,5.759060757812417553e-01,-9.622516455242511313e-01,6.959513351592294672e-01
7.166999999999999815e+00,1.675000000000000000e+03,1.800000000000000000e+03,5.759060757812417553e-01,-9.622516455242511313e-01,6.959513351592294672e-01
7.185999999999999943e+00,1.675000000000000000e+03,1.800000000000000000e+03,5.759060757812417553e-01,-9.622516455242511313e-01,6.959513351592294672e-01
7.203000000000000291e+00,1.675000000000000000e+03,1.800000000000000000e+03,5.716165640703041451e-01,-9.579955999753191342e-01,7.042906780983174686e-01
7.219999999999999751e+00,1.675000000000000000e+03,1.800000000000000000e+03,5.679872609067599942e-01,-9.537600660857785684e-01,6.694414558853707398e-01
7.237000000000000099e+00,1.675000000000000000e+03,1.800000000000000000e+03,5.679872609067599942e-01,-9.537600660857785684e-01,6.694414558853707398e-01
7.253999999999999559e+00,1.675000000000000000e+03,1.800000000000000000e+03,5.642028853613498818e-01,-9.511476593267218504e-01,6.701253302170989690e-01
7.270999999999999908e+00,1.675000000000000000e+03,1.800000000000000000e+03,5.523728782778376534e-01,-9.408108119927716118e-01,6.574104759121034425e-01
7.288000000000000256e+00,1.675000000000000000e+03,1.800000000000000000e+03,5.483782915031565341e-01,-9.365306502805705868e-01,6.369903913534968876e-01
7.307000000000000384e+00,1.675000000000000000e+03,1.800000000000000000e+03,5.483782915031565341e-01,-9.365306502805705868e-01,6.369903913534968876e-01
7.323999999999999844e+00,1.675000000000000000e+03,1.800000000000000000e+03,5.483782915031565341e-01,-9.365306502805705868e-01,6.369903913534968876e-01
7.341000000000000192e+00,1.675000000000000000e+03,1.800000000000000000e+03,5.405623739056035770e-01,-9.296070735971428967e-01,6.018836906540745435e-01
7.357999999999999652e+00,1.675000000000000000e+03,1.800000000000000000e+03,5.405623739056035770e-01,-9.296070735971428967e-01,6.018836906540745435e-01
7.375000000000000000e+00,1.675000000000000000e+03,1.800000000000000000e+03,5.405623739056035770e-01,-9.296070735971428967e-01,6.018836906540745435e-01
7.394000000000000128e+00,1.675000000000000000e+03,1.800000000000000000e+03,5.377515496281672913e-01,-9.270109076119537050e-01,6.023952780594918899e-01
7.410999999999999588e+00,1.675000000000000000e+03,1.800000000000000000e+03,5.339990702550569956e-01,-9.235449989890467393e-01,6.030156685190740662e-01
7.427999999999999936e+00,1.675000000000000000e+03,1.800000000000000000e+03,5.339990702550569956e-01,-9.235449989890467393e-01,6.030156685190740662e-01
7.445000000000000284e+00,1.675000000000000000e+03,1.800000000000000000e+03,5.339990702550569956e-01,-9.235449989890467393e-01,6.030156685190740662e-01
7.461999999999999744e+00,1.675000000000000000e+03,1.800000000000000000e+03,5.217661663456865107e-01,-9.122462978906322739e-01,5.687394363483208037e-01
7.479000000000000092e+00,1.675000000000000000e+03,1.800000000000000000e+03,5.179237619273426851e-01,-9.095887234521295994e-01,5.693260169702839546e-01
7.496000000000000441e+00,1.675000000000000000e+03,1.800000000000000000e+03,5.179237619273426851e-01,-9.095887234521295994e-01,5.693260169702839546e-01
7.514000000000000234e+00,1.675000000000000000e+03,1.800000000000000000e+03,5.151554515224259223e-01,-9.061404261963894591e-01,5.698143903576176061e-01
7.530999999999999694e+00,1.675000000000000000e+03,1.800000000000000000e+03,5.104232778485822131e-01,-9.017696338678655721e-01,5.704022191592240665e-01
7.548000000000000043e+00,1.675000000000000000e+03,1.800000000000000000e+03,5.073071994863920242e-01,-8.982958485676602045e-01,5.105059263611351206e-01
7.565000000000000391e+00,1.675000000000000000e+03,1.800000000000000000e+03,5.073071994863920242e-01,-8.982958485676602045e-01,5.105059263611351206e-01
7.581999999999999851e+00,1.675000000000000000e+03,1.800000000000000000e+03,5.035103175976554102e-01,-8.947884821926752608e-01,5.049249511380410338e-01
7.599000000000000199e+00,1.675000000000000000e+03,1.800000000000000000e+03,5.000463490849647030e-01,-8.912903335134139127e-01,4.994513294118363422e-01
7.615999999999999659e+00,1.675000000000000000e+03,1.800000000000000000e+03,5.000463490849647030e-01,-8.912903335134139127e-01,4.994513294118363422e-01
7.634000000000000341e+00,1.675000000000000000e+03,1.800000000000000000e+03,4.701698103707505627e-01,-8.621893791626815684e-01,4.729789656708405232e-01
7.650999999999999801e+00,1.675000000000000000e+03,1.800000000000000000e+03,4.669990148459850499e-01,-8.586583327272596655e-01,4.733905755148941075e-01
7.668000000000000149e+00,1.675000000000000000e+03,1.800000000000000000e+03,4.669990148459850499e-01,-8.586583327272596655e-01,4.733905755148941075e-01
7.684999999999999609e+00,1.675000000000000000e+03,1.800000000000000000e+03,4.631995857586119758e-01,-8.542445321688507676e-01,4.485706881668574675e-01
7.703000000000000291e+00,1.675000000000000000e+03,1.800000000000000000e+03,4.631995857586119758e-01,-8.542445321688507676e-01,4.485706881668574675e-01
7.719999999999999751e+00,1.675000000000000000e+03,1.800000000000000000e+03,4.590518527249445313e-01,-8.498082032388523110e-01,4.435395025405869940e-01
7.737000000000000099e+00,1.675000000000000000e+03,1.800000000000000000e+03,4.590518527249445313e-01,-8.498082032388523110e-01,4.435395025405869940e-01
7.754999999999999893e+00,1.675000000000000000e+03,1.800000000000000000e+03,4.590518527249445313e-01,-8.498082032388523110e-01,4.435395025405869940e-01
7.772999999999999687e+00,1.675000000000000000e+03,1.800000000000000000e+03,4.555232268267432882e-01,-8.462446011566213677e-01,4.494197500940862455e-01
7.790000000000000036e+00,1.675000000000000000e+03,1.800000000000000000e+03,4.411231244663982309e-01,-8.302093257907237067e-01,4.144517670931055497e-01
7.807000000000000384e+00,1.675000000000000000e+03,1.800000000000000000e+03,4.379102327492163660e-01,-8.266315710358260738e-01,4.148128599329138355e-01
7.823999999999999844e+00,1.675000000000000000e+03,1.800000000000000000e+03,4.379102327492163660e-01,-8.266315710358260738e-01,4.148128599329138355e-01
7.841000000000000192e+00,1.675000000000000000e+03,1.800000000000000000e+03,4.343492955935115418e-01,-8.230339351148647786e-01,4.101237065949201455e-01
7.857999999999999652e+00,1.675000000000000000e+03,1.800000000000000000e+03,4.343492955935115418e-01,-8.230339351148647786e-01,4.101237065949201455e-01
7.875000000000000000e+00,1.675000000000000000e+03,1.800000000000000000e+03,4.302011328092441023e-01,-8.176788579599860718e-01,3.841465192966310171e-01
7.892000000000000348e+00,1.675000000000000000e+03,1.800000000000000000e+03,4.302011328092441023e-01,-8.176788579599860718e-01,3.841465192966310171e-01
7.908999999999999808e+00,1.675000000000000000e+03,1.800000000000000000e+03,4.273159809739299764e-01,-8.140973809537759287e-01,3.844805494540590729e-01
7.926000000000000156e+00,1.675000000000000000e+03,1.800000000000000000e+03,4.244266078158409616e-01,-8.105106515557682911e-01,3.848148992153901937e-01
7.942999999999999616e+00,1.675000000000000000e+03,1.800000000000000000e+03,4.244266078158409616e-01,-8.105106515557682911e-01,3.848148992153901937e-01
7.961000000000000298e+00,1.675000000000000000e+03,1.800000000000000000e+03,4.114950763039597614e-01,-7.951822985941978672e-01,3.499485090350852867e-01
7.977999999999999758e+00,1.675000000000000000e+03,1.800000000000000000e+03,4.114950763039597614e-01,-7.951822985941978672e-01,3.499485090350852867e-01
7.995000000000000107e+00,1.675000000000000000e+03,1.800000000000000000e+03,4.079406358292683166e-01,-7.906669956372800456e-01,3.187151014569649110e-01
8.012000000000000455e+00,1.675000000000000000e+03,1.800000000000000000e+03,4.079406358292683166e-01,-7.906669956372800456e-01,3.187151014569649110e-01
8.028999999999999915e+00,1.675000000000000000e+03,1.800000000000000000e+03,4.079406358292683166e-01,-7.906669956372800456e-01,3.187151014569649110e-01
8.045999999999999375e+00,1.675000000000000000e+03,1.800000000000000000e+03,4.018031854953270088e-01,-7.825303583838043586e-01,3.192641854353620579e-01
8.064000000000000057e+00,1.675000000000000000e+03,1.800000000000000000e+03,4.018031854953270088e-01,-7.825303583838043586e-01,3.192641854353620579e-01
8.082000000000000739e+00,1.675000000000000000e+03,1.800000000000000000e+03,3.988763893785172154e-01,-7.788971460986831019e-01,3.195390425142358160e-01
8.099000000000000199e+00,1.675000000000000000e+03,1.800000000000000000e+03,3.761340772176964276e-01,-7.470078350599251849e-01,2.292775107109165655e-01
8.115999999999999659e+00,1.675000000000000000e+03,1.800000000000000000e+03,3.735162013949664406e-01,-7.433369896241179831e-01,2.294692868432501864e-01
8.131999999999999673e+00,1.675000000000000000e+03,1.800000000000000000e+03,3.735162013949664406e-01,-7.433369896241179831e-01,2.294692868432501864e-01
8.148999999999999133e+00,1.675000000000000000e+03,1.800000000000000000e+03,3.699316236770908706e-01,-7.378356214990349216e-01,2.265457160720338869e-01
8.166000000000000369e+00,1.675000000000000000e+03,1.800000000000000000e+03,3.699316236770908706e-01,-7.378356214990349216e-01,2.265457160720338869e-01
8.183999999999999275e+00,1.675000000000000000e+03,1.800000000000000000e+03,3.587385091696493333e-01,-7.221386912208598297e-01,1.983954215583602632e-01
8.201000000000000512e+00,1.675000000000000000e+03,1.800000000000000000e+03,3.587385091696493333e-01,-7.221386912208598297e-01,1.983954215583602632e-01
8.217000000000000526e+00,1.675000000000000000e+03,1.800000000000000000e+03,3.557839219348246651e-01,-7.175182540136910703e-01,1.667618591196184941e-01
8.236000000000000654e+00,1.675000000000000000e+03,1.800000000000000000e+03,3.521212007294056701e-01,-7.128586650453243578e-01,1.668963352244926535e-01
8.253000000000000114e+00,1.675000000000000000e+03,1.800000000000000000e+03,3.498189605699710825e-01,-7.091522450641840614e-01,1.694699575720158835e-01
8.269999999999999574e+00,1.675000000000000000e+03,1.800000000000000000e+03,3.498189605699710825e-01,-7.091522450641840614e-01,1.694699575720158835e-01
8.287000000000000810e+00,1.675000000000000000e+03,1.800000000000000000e+03,3.468483627946949976e-01,-7.045076220453152516e-01,1.671526488474467387e-01
8.304000000000000270e+00,1.675000000000000000e+03,1.800000000000000000e+03,3.468483627946949976e-01,-7.045076220453152516e-01,1.671526488474467387e-01
8.323000000000000398e+00,1.675000000000000000e+03,1.800000000000000000e+03,3.435199622095099770e-01,-6.998389730208729453e-01,1.356879662566687628e-01
8.339000000000000412e+00,1.675000000000000000e+03,1.800000000000000000e+03,3.435199622095099770e-01,-6.998389730208729453e-01,1.356879662566687628e-01
8.356999999999999318e+00,1.675000000000000000e+03,1.800000000000000000e+03,3.435199622095099770e-01,-6.998389730208729453e-01,1.356879662566687628e-01
8.375000000000000000e+00,1.675000000000000000e+03,1.800000000000000000e+03,3.325465100998665768e-01,-6.830056012509420071e-01,1.064766250251065471e-01
8.391999999999999460e+00,1.675000000000000000e+03,1.800000000000000000e+03,3.298620759003225711e-01,-6.792390915116426342e-01,1.065571468970852725e-01
8.409000000000000696e+00,1.675000000000000000e+03,1.800000000000000000e+03,3.298620759003225711e-01,-6.792390915116426342e-01,1.065571468970852725e-01
8.426000000000000156e+00,1.675000000000000000e+03,1.800000000000000000e+03,3.271736050140152674e-01,-6.754669092569240973e-01,7.390247485327125498e-02
8.442999999999999616e+00,1.675000000000000000e+03,1.800000000000000000e+03,3.238073251823492260e-01,-6.707436841298970442e-01,1.049963590975171029e-01
8.460000000000000853e+00,1.675000000000000000e+03,1.800000000000000000e+03,3.211097365866388831e-01,-6.669586898527941621e-01,1.067921704310483277e-01
8.477000000000000313e+00,1.675000000000000000e+03,1.800000000000000000e+03,3.211097365866388831e-01,-6.669586898527941621e-01,1.067921704310483277e-01
8.493999999999999773e+00,1.675000000000000000e+03,1.800000000000000000e+03,3.211097365866388831e-01,-6.669586898527941621e-01,1.067921704310483277e-01
8.510999999999999233e+00,1.675000000000000000e+03,1.800000000000000000e+03,3.160911249980706828e-01,-6.584684176036481595e-01,4.454161474675571303e-02
8.528000000000000469e+00,1.675000000000000000e+03,1.800000000000000000e+03,3.130585967261620972e-01,-6.537287462525815940e-01,7.556703562234091953e-02
8.544999999999999929e+00,1.675000000000000000e+03,1.800000000000000000e+03,3.130585967261620972e-01,-6.537287462525815940e-01,7.556703562234091953e-02
8.561999999999999389e+00,1.675000000000000000e+03,1.800000000000000000e+03,3.130585967261620972e-01,-6.537287462525815940e-01,7.556703562234091953e-02
8.579000000000000625e+00,1.675000000000000000e+03,1.800000000000000000e+03,3.045767970047748019e-01,-6.413385013495953579e-01,7.572272395175383419e-02
8.596000000000000085e+00,1.675000000000000000e+03,1.800000000000000000e+03,2.906249378222587332e-01,-6.193184905225028736e-01,4.583940821804846633e-02
8.612999999999999545e+00,1.675000000000000000e+03,1.800000000000000000e+03,2.906249378222587332e-01,-6.193184905225028736e-01,4.583940821804846633e-02
8.630000000000000782e+00,1.675000000000000000e+03,1.800000000000000000e+03,2.858654668638644925e-01,-6.106821394544903470e-01,1.555063677985032283e-02
8.647999999999999687e+00,1.675000000000000000e+03,1.800000000000000000e+03,2.831345063935262196e-01,-6.058678864198059344e-01,1.486096447088336610e-02
8.664999999999999147e+00,1.675000000000000000e+03,1.800000000000000000e+03,2.831345063935262196e-01,-6.058678864198059344e-01,1.486096447088336610e-02
8.682000000000000384e+00,1.675000000000000000e+03,1.800000000000000000e+03,2.831345063935262196e-01,-6.058678864198059344e-01,1.486096447088336610e-02
8.698999999999999844e+00,1.675000000000000000e+03,1.800000000000000000e+03,2.807303714349547175e-01,-6.020002971451745566e-01,1.555572794040677685e-02
8.715999999999999304e+00,1.675000000000000000e+03,1.800000000000000000e+03,2.738824701175714971e-01,-5.894341225671086981e-01,1.556284439576373531e-02
8.733000000000000540e+00,1.675000000000000000e+03,1.800000000000000000e+03,2.738824701175714971e-01,-5.894341225671086981e-01,1.556284439576373531e-02
8.750000000000000000e+00,1.675000000000000000e+03,1.800000000000000000e+03,2.714893422070514539e-01,-5.845955974852334869e-01,-1.536080511202365592e-02
8.766999999999999460e+00,1.675000000000000000e+03,1.800000000000000000e+03,2.683696363623633285e-01,-5.797155449776334457e-01,-1.538350707624772801e-02
8.784000000000000696e+00,1.675000000000000000e+03,1.800000000000000000e+03,2.663031381563500943e-01,-5.758242063140230904e-01,-1.540453403957294659e-02
8.801000000000000156e+00,1.675000000000000000e+03,1.800000000000000000e+03,2.663031381563500943e-01,-5.758242063140230904e-01,-1.540453403957294659e-02
8.817999999999999616e+00,1.675000000000000000e+03,1.800000000000000000e+03,2.663031381563500943e-01,-5.758242063140230904e-01,-1.540453403957294659e-02
8.836000000000000298e+00,1.675000000000000000e+03,1.800000000000000000e+03,2.618229667336680055e-01,-5.670551078034349324e-01,-4.580367770221406565e-02
8.885999999999999233e+00,1.675000000000000000e+03,1.800000000000000000e+03,2.601324446756057007e-01,-5.622065853446471806e-01,-4.584748806710272490e-02
8.913999999999999702e+00,1.675000000000000000e+03,1.800000000000000000e+03,2.601324446756057007e-01,-5.622065853446471806e-01,-4.584748806710272490e-02
8.951000000000000512e+00,1.675000000000000000e+03,1.800000000000000000e+03,2.601324446756057007e-01,-5.622065853446471806e-01,-4.584748806710272490e-02
8.967999999999999972e+00,1.675000000000000000e+03,1.800000000000000000e+03,2.535201403197460124e-01,-5.504180086214551793e-01,-7.599410956682801921e-02
8.994999999999999218e+00,1.675000000000000000e+03,1.800000000000000000e+03,2.494034314468560609e-01,-5.396531883253929962e-01,-1.061424029318568940e-01
9.010999999999999233e+00,1.675000000000000000e+03,1.800000000000000000e+03,2.494034314468560609e-01,-5.396531883253929962e-01,-1.061424029318568940e-01
9.028999999999999915e+00,1.675000000000000000e+03,1.800000000000000000e+03,2.494034314468560609e-01,-5.396531883253929962e-01,-1.061424029318568940e-01
9.045999999999999375e+00,1.675000000000000000e+03,1.800000000000000000e+03,2.414013140808999314e-01,-5.218847370247834405e-01,-1.364537944786249068e-01
9.063000000000000611e+00,1.675000000000000000e+03,1.800000000000000000e+03,2.414013140808999314e-01,-5.218847370247834405e-01,-1.364537944786249068e-01
9.080000000000000071e+00,1.675000000000000000e+03,1.800000000000000000e+03,2.255983076550256428e-01,-4.859943502092001211e-01,-1.672475786080589721e-01
9.096999999999999531e+00,1.675000000000000000e+03,1.800000000000000000e+03,2.255983076550256428e-01,-4.859943502092001211e-01,-1.672475786080589721e-01
9.114000000000000767e+00,1.675000000000000000e+03,1.800000000000000000e+03,2.255983076550256428e-01,-4.859943502092001211e-01,-1.672475786080589721e-01
9.131000000000000227e+00,1.675000000000000000e+03,1.800000000000000000e+03,2.220738565009052756e-01,-4.769648835992148506e-01,-1.972151825444302120e-01
9.147999999999999687e+00,1.675000000000000000e+03,1.800000000000000000e+03,2.220738565009052756e-01,-4.769648835992148506e-01,-1.972151825444302120e-01
9.164999999999999147e+00,1.675000000000000000e+03,1.800000000000000000e+03,2.220738565009052756e-01,-4.769648835992148506e-01,-1.972151825444302120e-01
9.182000000000000384e+00,1.675000000000000000e+03,1.800000000000000000e+03,2.199466130058673752e-01,-4.719274343103840863e-01,-1.973635843126162193e-01
9.198999999999999844e+00,1.675000000000000000e+03,1.800000000000000000e+03,2.181680290484089291e-01,-4.678870641345618253e-01,-1.975122508360559470e-01
9.215999999999999304e+00,1.675000000000000000e+03,1.800000000000000000e+03,2.163866907923099880e-01,-4.638404317531357179e-01,-1.976611829413753019e-01
9.233000000000000540e+00,1.675000000000000000e+03,1.800000000000000000e+03,2.163866907923099880e-01,-4.638404317531357179e-01,-1.976611829413753019e-01
9.250000000000000000e+00,1.675000000000000000e+03,1.800000000000000000e+03,2.106708428336498962e-01,-4.506497291253115378e-01,-1.981095810592716777e-01
9.266999999999999460e+00,1.675000000000000000e+03,1.800000000000000000e+03,2.070819681537665602e-01,-4.424965815998200824e-01,-2.000899103669629697e-01
9.285000000000000142e+00,1.675000000000000000e+03,1.800000000000000000e+03,2.056688358100355885e-01,-4.374267021619466789e-01,-2.301166391315367377e-01
9.301999999999999602e+00,1.675000000000000000e+03,1.800000000000000000e+03,2.056688358100355885e-01,-4.374267021619466789e-01,-2.301166391315367377e-01
9.320000000000000284e+00,1.675000000000000000e+03,1.800000000000000000e+03,2.056688358100355885e-01,-4.374267021619466789e-01,-2.301166391315367377e-01
9.336999999999999744e+00,1.675000000000000000e+03,1.800000000000000000e+03,2.031377653828856378e-01,-4.322952713596386332e-01,-2.302860388439720296e-01
9.353999999999999204e+00,1.675000000000000000e+03,1.800000000000000000e+03,2.013459771870602655e-01,-4.271883841300532225e-01,-2.304557280469397840e-01
9.371000000000000441e+00,1.675000000000000000e+03,1.800000000000000000e+03,2.013459771870602655e-01,-4.271883841300532225e-01,-2.304557280469397840e-01
9.388999999999999346e+00,1.675000000000000000e+03,1.800000000000000000e+03,2.013459771870602655e-01,-4.271883841300532225e-01,-2.304557280469397840e-01
9.406000000000000583e+00,1.675000000000000000e+03,1.800000000000000000e+03,1.977392132943138758e-01,-4.179536048795311487e-01,-2.307959783649973506e-01
9.423000000000000043e+00,1.675000000000000000e+03,1.800000000000000000e+03,1.930469536724264135e-01,-4.045823760475535380e-01,-2.632920910188328856e-01
9.439999999999999503e+00,1.675000000000000000e+03,1.800000000000000000e+03,1.908617794627431863e-01,-3.994040289965985480e-01,-2.634811588028900808e-01
9.457000000000000739e+00,1.675000000000000000e+03,1.800000000000000000e+03,1.908617794627431863e-01,-3.994040289965985480e-01,-2.634811588028900808e-01
9.474000000000000199e+00,1.675000000000000000e+03,1.800000000000000000e+03,1.897732366971582874e-01,-3.963026660885802244e-01,-2.903318578782331794e-01
9.490999999999999659e+00,1.675000000000000000e+03,1.800000000000000000e+03,1.886945255576744085e-01,-3.921794243529497237e-01,-2.879440046656606689e-01
9.507999999999999119e+00,1.675000000000000000e+03,1.800000000000000000e+03,1.886945255576744085e-01,-3.921794243529497237e-01,-2.879440046656606689e-01
9.525000000000000355e+00,1.675000000000000000e+03,1.800000000000000000e+03,1.872391865581608528e-01,-3.880321744048194077e-01,-2.907541207005390760e-01
9.541999999999999815e+00,1.675000000000000000e+03,1.800000000000000000e+03,1.857815737776293830e-01,-3.838784326865987140e-01,-2.909579709370084810e-01
9.558999999999999275e+00,1.675000000000000000e+03,1.800000000000000000e+03,1.857815737776293830e-01,-3.838784326865987140e-01,-2.909579709370084810e-01
9.576000000000000512e+00,1.675000000000000000e+03,1.800000000000000000e+03,1.814048076995471437e-01,-3.703514851180669254e-01,-2.915868691548962333e-01
9.592999999999999972e+00,1.675000000000000000e+03,1.800000000000000000e+03,1.759178244987402717e-01,-3.515366405223296908e-01,-3.272881519154596797e-01
9.609999999999999432e+00,1.675000000000000000e+03,1.800000000000000000e+03,1.755663180182194250e-01,-3.484147622450661785e-01,-3.497221294661297386e-01
9.627000000000000668e+00,1.675000000000000000e+03,1.800000000000000000e+03,1.737188959672806288e-01,-3.431437409208575318e-01,-3.277553058114873186e-01
9.644000000000000128e+00,1.675000000000000000e+03,1.800000000000000000e+03,1.722383379030070216e-01,-3.389194346644881506e-01,-3.534173264899448941e-01
9.660999999999999588e+00,1.675000000000000000e+03,1.800000000000000000e+03,1.722383379030070216e-01,-3.389194346644881506e-01,-3.534173264899448941e-01
9.679000000000000270e+00,1.675000000000000000e+03,1.800000000000000000e+03,1.722383379030070216e-01,-3.389194346644881506e-01,-3.534173264899448941e-01
9.695999999999999730e+00,1.675000000000000000e+03,1.800000000000000000e+03,1.711342694065285386e-01,-3.347064627562899020e-01,-3.504461490273953483e-01
9.712999999999999190e+00,1.675000000000000000e+03,1.800000000000000000e+03,1.700284732068788607e-01,-3.304868669692240246e-01,-3.539125473137172961e-01
9.730000000000000426e+00,1.675000000000000000e+03,1.800000000000000000e+03,1.700284732068788607e-01,-3.304868669692240246e-01,-3.539125473137172961e-01
9.746999999999999886e+00,1.675000000000000000e+03,1.800000000000000000e+03,1.685711552646811384e-01,-3.220639535127380881e-01,-3.544091436078719015e-01
9.763999999999999346e+00,1.675000000000000000e+03,1.800000000000000000e+03,1.685711552646811384e-01,-3.220639535127380881e-01,-3.544091436078719015e-01
9.781000000000000583e+00,1.675000000000000000e+03,1.800000000000000000e+03,1.645000777488421217e-01,-3.050840277632005382e-01,-3.869282495731501959e-01
9.798000000000000043e+00,1.675000000000000000e+03,1.800000000000000000e+03,1.645000777488421217e-01,-3.050840277632005382e-01,-3.869282495731501959e-01
9.814000000000000057e+00,1.675000000000000000e+03,1.800000000000000000e+03,1.637642647882995295e-01,-3.008359953505017614e-01,-3.836429185242077322e-01
9.832000000000000739e+00,1.675000000000000000e+03,1.800000000000000000e+03,1.626457345106253616e-01,-2.965629756964789365e-01,-3.874591492999548414e-01
9.849000000000000199e+00,1.675000000000000000e+03,1.800000000000000000e+03,1.626457345106253616e-01,-2.965629756964789365e-01,-3.874591492999548414e-01
9.867000000000000881e+00,1.675000000000000000e+03,1.800000000000000000e+03,1.626457345106253616e-01,-2.965629756964789365e-01,-3.874591492999548414e-01
9.884000000000000341e+00,1.675000000000000000e+03,1.800000000000000000e+03,1.615254411758149100e-01,-2.922831900353601853e-01,-3.913521919599728949e-01
9.900999999999999801e+00,1.675000000000000000e+03,1.800000000000000000e+03,1.604033805678755087e-01,-2.879966222776086937e-01,-3.879914769241106232e-01
9.917999999999999261e+00,1.675000000000000000e+03,1.800000000000000000e+03,1.604033805678755087e-01,-2.879966222776086937e-01,-3.879914769241106232e-01
9.935000000000000497e+00,1.675000000000000000e+03,1.800000000000000000e+03,1.592852490808225330e-01,-2.826426607488983223e-01,-3.918885634939993645e-01
9.952999999999999403e+00,1.675000000000000000e+03,1.800000000000000000e+03,1.592852490808225330e-01,-2.826426607488983223e-01,-3.918885634939993645e-01
9.970000000000000639e+00,1.675000000000000000e+03,1.800000000000000000e+03,1.566851408764944331e-01,-2.665541846044545693e-01,-4.170607022302544875e-01
9.987000000000000099e+00,1.675000000000000000e+03,1.800000000000000000e+03,1.566851408764944331e-01,-2.665541846044545693e-01,-4.170607022302544875e-01
1.000399999999999956e+01,1.675000000000000000e+03,1.800000000000000000e+03,1.555539529712692826e-01,-2.622267553968953280e-01,-4.212182363151315001e-01
1.002100000000000080e+01,1.675000000000000000e+03,1.800000000000000000e+03,1.544209704881411849e-01,-2.578924305444729725e-01,-4.214817124624273825e-01
1.003800000000000026e+01,1.675000000000000000e+03,1.800000000000000000e+03,1.544209704881411849e-01,-2.578924305444729725e-01,-4.214817124624273825e-01
1.005499999999999972e+01,1.675000000000000000e+03,1.800000000000000000e+03,1.540507989547961198e-01,-2.546604420063856011e-01,-4.449677254140467775e-01
1.007300000000000040e+01,1.675000000000000000e+03,1.800000000000000000e+03,1.540507989547961198e-01,-2.546604420063856011e-01,-4.449677254140467775e-01
1.008999999999999986e+01,1.675000000000000000e+03,1.800000000000000000e+03,1.536848702990716298e-01,-2.503513846063976089e-01,-4.493612552277015393e-01
1.010699999999999932e+01,1.675000000000000000e+03,1.800000000000000000e+03,1.525524141886098750e-01,-2.449227539343512561e-01,-4.496780340061090619e-01
1.012500000000000000e+01,1.675000000000000000e+03,1.800000000000000000e+03,1.483870054663343208e-01,-2.231186622492984384e-01,-4.596471627547176197e-01
1.014300000000000068e+01,1.675000000000000000e+03,1.800000000000000000e+03,1.483870054663343208e-01,-2.231186622492984384e-01,-4.596471627547176197e-01
1.016000000000000014e+01,1.675000000000000000e+03,1.800000000000000000e+03,1.483870054663343208e-01,-2.231186622492984384e-01,-4.596471627547176197e-01
1.017699999999999960e+01,1.675000000000000000e+03,1.800000000000000000e+03,1.465024126560536821e-01,-2.067128205565849086e-01,-4.925728971759186781e-01
1.019500000000000028e+01,1.675000000000000000e+03,1.800000000000000000e+03,1.449623675915563403e-01,-2.022705770443495865e-01,-4.608961811547229726e-01
1.021199999999999974e+01,1.675000000000000000e+03,1.800000000000000000e+03,1.438085162583200294e-01,-1.978402163106460776e-01,-4.655683487575718038e-01
1.022899999999999920e+01,1.675000000000000000e+03,1.800000000000000000e+03,1.438085162583200294e-01,-1.978402163106460776e-01,-4.655683487575718038e-01
1.024600000000000044e+01,1.675000000000000000e+03,1.800000000000000000e+03,1.438198145755347213e-01,-1.934600588215280581e-01,-5.153234407821193352e-01
1.026299999999999990e+01,1.675000000000000000e+03,1.800000000000000000e+03,1.434390857918348416e-01,-1.901512400616907073e-01,-4.935380128576733472e-01
1.027999999999999936e+01,1.675000000000000000e+03,1.800000000000000000e+03,1.434390857918348416e-01,-1.901512400616907073e-01,-4.935380128576733472e-01
1.029700000000000060e+01,1.675000000000000000e+03,1.800000000000000000e+03,1.434390857918348416e-01,-1.901512400616907073e-01,-4.935380128576733472e-01
1.031400000000000006e+01,1.675000000000000000e+03,1.800000000000000000e+03,1.430632962529869712e-01,-1.846405091105509655e-01,-5.207626288926762159e-01
1.033099999999999952e+01,1.675000000000000000e+03,1.800000000000000000e+03,1.426841596236689824e-01,-1.802201636285101216e-01,-5.211151123454375034e-01
1.034800000000000075e+01,1.675000000000000000e+03,1.800000000000000000e+03,1.423018769406403372e-01,-1.768954550537840120e-01,-4.945612423073801889e-01
1.036500000000000021e+01,1.675000000000000000e+03,1.800000000000000000e+03,1.423018769406403372e-01,-1.768954550537840120e-01,-4.945612423073801889e-01
1.038199999999999967e+01,1.675000000000000000e+03,1.800000000000000000e+03,1.411453011705534610e-01,-1.702147429502982590e-01,-5.218214149413059610e-01
1.039899999999999913e+01,1.675000000000000000e+03,1.800000000000000000e+03,1.411546740479476814e-01,-1.657906306743370806e-01,-5.221752355099735787e-01
1.041600000000000037e+01,1.675000000000000000e+03,1.800000000000000000e+03,1.411546740479476814e-01,-1.657906306743370806e-01,-5.221752355099735787e-01
1.043299999999999983e+01,1.675000000000000000e+03,1.800000000000000000e+03,1.399923219412073649e-01,-1.601924389169013807e-01,-5.225295032114566363e-01
1.044999999999999929e+01,1.675000000000000000e+03,1.800000000000000000e+03,1.396091427206977986e-01,-1.557329131580704740e-01,-5.277247803157327777e-01
1.046899999999999942e+01,1.675000000000000000e+03,1.800000000000000000e+03,1.388333469833635814e-01,-1.512467759491347152e-01,-5.330165834777775835e-01
1.048600000000000065e+01,1.675000000000000000e+03,1.800000000000000000e+03,1.388409951354521166e-01,-1.467923543087694682e-01,-5.333759630163094068e-01
1.050399999999999956e+01,1.675000000000000000e+03,1.800000000000000000e+03,1.388409951354521166e-01,-1.467923543087694682e-01,-5.333759630163094068e-01
1.052100000000000080e+01,1.675000000000000000e+03,1.800000000000000000e+03,1.388409951354521166e-01,-1.467923543087694682e-01,-5.333759630163094068e-01
1.053800000000000026e+01,1.675000000000000000e+03,1.800000000000000000e+03,1.384615760144596308e-01,-1.389604108755273515e-01,-5.551602299196466417e-01
1.055499999999999972e+01,1.675000000000000000e+03,1.800000000000000000e+03,1.380901444248339160e-01,-1.254969235963159235e-01,-5.666504227376302216e-01
1.057300000000000040e+01,1.675000000000000000e+03,1.800000000000000000e+03,1.380901444248339160e-01,-1.254969235963159235e-01,-5.666504227376302216e-01
1.058900000000000041e+01,1.675000000000000000e+03,1.800000000000000000e+03,1.380955647970778521e-01,-1.221258183175084611e-01,-5.871788689379277004e-01
1.060699999999999932e+01,1.675000000000000000e+03,1.800000000000000000e+03,1.377383258939093302e-01,-9.839406020588903345e-02,-6.000558340608547203e-01
1.062299999999999933e+01,1.675000000000000000e+03,1.800000000000000000e+03,1.381453193853581229e-01,-9.160218281645793326e-02,-5.949841104766037114e-01
1.064000000000000057e+01,1.675000000000000000e+03,1.800000000000000000e+03,1.381453193853581229e-01,-9.160218281645793326e-02,-5.949841104766037114e-01
1.065799999999999947e+01,1.675000000000000000e+03,1.800000000000000000e+03,1.381453193853581229e-01,-9.160218281645793326e-02,-5.949841104766037114e-01
1.067600000000000016e+01,1.675000000000000000e+03,1.800000000000000000e+03,1.381528404019869427e-01,-8.705185089253841824e-02,-5.953687302345910259e-01
1.069299999999999962e+01,1.675000000000000000e+03,1.800000000000000000e+03,1.381528404019869427e-01,-8.705185089253841824e-02,-5.953687302345910259e-01
1.070899999999999963e+01,1.675000000000000000e+03,1.800000000000000000e+03,1.381528404019869427e-01,-8.705185089253841824e-02,-5.953687302345910259e-01
1.072700000000000031e+01,1.675000000000000000e+03,1.800000000000000000e+03,1.385771987689368157e-01,-7.108771110102285462e-02,-6.330931587702425256e-01
1.074399999999999977e+01,1.675000000000000000e+03,1.800000000000000000e+03,1.389790917280646632e-01,-6.881696441362983307e-02,-6.274063385859189879e-01
1.075999999999999979e+01,1.675000000000000000e+03,1.800000000000000000e+03,1.385892493228364497e-01,-6.420960609564652088e-02,-6.278014759435891490e-01
1.077699999999999925e+01,1.675000000000000000e+03,1.800000000000000000e+03,1.385892493228364497e-01,-6.420960609564652088e-02,-6.278014759435891490e-01
1.079400000000000048e+01,1.675000000000000000e+03,1.800000000000000000e+03,1.389937659858933028e-01,-6.078443531753485729e-02,-6.339769285242455865e-01
1.081099999999999994e+01,1.675000000000000000e+03,1.800000000000000000e+03,1.389937659858933028e-01,-6.078443531753485729e-02,-6.339769285242455865e-01
1.082900000000000063e+01,1.675000000000000000e+03,1.800000000000000000e+03,1.389937659858933028e-01,-6.078443531753485729e-02,-6.339769285242455865e-01
1.084600000000000009e+01,1.675000000000000000e+03,1.800000000000000000e+03,1.394009886948255339e-01,-5.620436431638786701e-02,-6.402588924828139794e-01
1.086299999999999955e+01,1.675000000000000000e+03,1.800000000000000000e+03,1.398043303160638740e-01,-5.392166027274303275e-02,-6.344649115356800761e-01
1.088000000000000078e+01,1.675000000000000000e+03,1.800000000000000000e+03,1.398134891997870888e-01,-4.931024195503219687e-02,-6.348629236352874017e-01
1.089700000000000024e+01,1.675000000000000000e+03,1.800000000000000000e+03,1.398134891997870888e-01,-4.931024195503219687e-02,-6.348629236352874017e-01
1.091399999999999970e+01,1.675000000000000000e+03,1.800000000000000000e+03,1.406417237411388133e-01,-3.547160726579434709e-02,-6.479486384212636008e-01
1.093099999999999916e+01,1.675000000000000000e+03,1.800000000000000000e+03,1.406417237411388133e-01,-3.547160726579434709e-02,-6.479486384212636008e-01
1.094899999999999984e+01,1.675000000000000000e+03,1.800000000000000000e+03,1.410522898112063217e-01,-3.085053195095799339e-02,-6.483512072929880077e-01
1.096599999999999930e+01,1.675000000000000000e+03,1.800000000000000000e+03,1.410522898112063217e-01,-3.085053195095799339e-02,-6.483512072929880077e-01
1.098300000000000054e+01,1.675000000000000000e+03,1.800000000000000000e+03,1.410522898112063217e-01,-3.085053195095799339e-02,-6.483512072929880077e-01
1.100000000000000000e+01,1.675000000000000000e+03,1.800000000000000000e+03,1.422739037674169982e-01,-2.277116072907592326e-02,-6.798322364858297995e-01
1.101800000000000068e+01,1.675000000000000000e+03,1.800000000000000000e+03,1.422739037674169982e-01,-2.277116072907592326e-02,-6.798322364858297995e-01
1.103400000000000070e+01,1.675000000000000000e+03,1.800000000000000000e+03,1.422739037674169982e-01,-2.277116072907592326e-02,-6.798322364858297995e-01
1.105100000000000016e+01,1.675000000000000000e+03,1.800000000000000000e+03,1.435053604910816460e-01,-1.233210163509479429e-02,-6.746419621222159435e-01
1.106799999999999962e+01,1.675000000000000000e+03,1.800000000000000000e+03,1.435053604910816460e-01,-1.233210163509479429e-02,-6.746419621222159435e-01
1.108500000000000085e+01,1.675000000000000000e+03,1.800000000000000000e+03,1.439201128595017920e-01,-7.673400253940698690e-03,-6.812697835750433084e-01
1.110299999999999976e+01,1.675000000000000000e+03,1.800000000000000000e+03,1.468123159900662777e-01,1.569285542080667284e-02,-7.135348626953280649e-01
1.111999999999999922e+01,1.675000000000000000e+03,1.800000000000000000e+03,1.464160401446645832e-01,1.807531103023940489e-02,-6.962110269562497011e-01
1.113700000000000045e+01,1.675000000000000000e+03,1.800000000000000000e+03,1.464160401446645832e-01,1.807531103023940489e-02,-6.962110269562497011e-01
1.115499999999999936e+01,1.675000000000000000e+03,1.800000000000000000e+03,1.468356184779762152e-01,2.278368863598068117e-02,-7.031833601883523688e-01
1.117300000000000004e+01,1.675000000000000000e+03,1.800000000000000000e+03,1.468356184779762152e-01,2.278368863598068117e-02,-7.031833601883523688e-01
1.118999999999999950e+01,1.675000000000000000e+03,1.800000000000000000e+03,1.480778073097352987e-01,3.101580816587468092e-02,-7.214266130262709797e-01
1.120700000000000074e+01,1.675000000000000000e+03,1.800000000000000000e+03,1.480778073097352987e-01,3.101580816587468092e-02,-7.214266130262709797e-01
1.122499999999999964e+01,1.675000000000000000e+03,1.800000000000000000e+03,1.480778073097352987e-01,3.101580816587468092e-02,-7.214266130262709797e-01
1.124200000000000088e+01,1.675000000000000000e+03,1.800000000000000000e+03,1.505638099869033297e-01,4.516487674001101738e-02,-7.361895498120800685e-01
1.125900000000000034e+01,1.675000000000000000e+03,1.800000000000000000e+03,1.501717952548176083e-01,4.876558269202213580e-02,-7.189695147208692294e-01
1.127599999999999980e+01,1.675000000000000000e+03,1.800000000000000000e+03,1.501717952548176083e-01,4.876558269202213580e-02,-7.189695147208692294e-01
1.129299999999999926e+01,1.675000000000000000e+03,1.800000000000000000e+03,1.518115431346322985e-01,5.226545924120262754e-02,-7.367312268100558725e-01
1.131000000000000050e+01,1.675000000000000000e+03,1.800000000000000000e+03,1.518115431346322985e-01,5.226545924120262754e-02,-7.367312268100558725e-01
1.132699999999999996e+01,1.675000000000000000e+03,1.800000000000000000e+03,1.518115431346322985e-01,5.226545924120262754e-02,-7.367312268100558725e-01
1.134500000000000064e+01,1.675000000000000000e+03,1.800000000000000000e+03,1.526555041270971635e-01,5.940461406519670362e-02,-7.675373074818054864e-01
1.136100000000000065e+01,1.675000000000000000e+03,1.800000000000000000e+03,1.526555041270971635e-01,5.940461406519670362e-02,-7.675373074818054864e-01
1.137899999999999956e+01,1.675000000000000000e+03,1.800000000000000000e+03,1.530730113910472312e-01,6.178119929491643347e-02,-7.376970708490016015e-01
1.139600000000000080e+01,1.675000000000000000e+03,1.800000000000000000e+03,1.543165329980664691e-01,6.651903578870577149e-02,-7.519746381692090642e-01
1.141399999999999970e+01,1.675000000000000000e+03,1.800000000000000000e+03,1.543165329980664691e-01,6.651903578870577149e-02,-7.519746381692090642e-01
1.143099999999999916e+01,1.675000000000000000e+03,1.800000000000000000e+03,1.572427512160903262e-01,8.082162036948847827e-02,-7.838056333240125406e-01
1.144800000000000040e+01,1.675000000000000000e+03,1.800000000000000000e+03,1.572427512160903262e-01,8.082162036948847827e-02,-7.838056333240125406e-01
1.146499999999999986e+01,1.675000000000000000e+03,1.800000000000000000e+03,1.572427512160903262e-01,8.082162036948847827e-02,-7.838056333240125406e-01
1.148199999999999932e+01,1.675000000000000000e+03,1.800000000000000000e+03,1.580788042861196452e-01,8.440294324505881463e-02,-7.753156844586363006e-01
1.150000000000000000e+01,1.675000000000000000e+03,1.800000000000000000e+03,1.580788042861196452e-01,8.440294324505881463e-02,-7.753156844586363006e-01
1.151699999999999946e+01,1.675000000000000000e+03,1.800000000000000000e+03,1.601564398594046423e-01,9.034598108485969448e-02,-7.920581409863002298e-01
1.153400000000000070e+01,1.675000000000000000e+03,1.800000000000000000e+03,1.601564398594046423e-01,9.034598108485969448e-02,-7.920581409863002298e-01
1.155199999999999960e+01,1.675000000000000000e+03,1.800000000000000000e+03,1.618072598239423954e-01,9.268379720368535857e-02,-7.997142421174801008e-01
1.156900000000000084e+01,1.675000000000000000e+03,1.800000000000000000e+03,1.618072598239423954e-01,9.268379720368535857e-02,-7.997142421174801008e-01
1.158699999999999974e+01,1.675000000000000000e+03,1.800000000000000000e+03,1.622457233448011404e-01,9.751504705923519367e-02,-8.001428565371948576e-01
1.160399999999999920e+01,1.675000000000000000e+03,1.800000000000000000e+03,1.638994697735702832e-01,9.985859107006866964e-02,-8.154187499005108863e-01
1.162100000000000044e+01,1.675000000000000000e+03,1.800000000000000000e+03,1.714790724740495875e-01,1.263247640352096468e-01,-8.332053661528112665e-01
1.163799999999999990e+01,1.675000000000000000e+03,1.800000000000000000e+03,1.735567297246991547e-01,1.286696922202112958e-01,-8.487480530141299218e-01
1.165600000000000058e+01,1.675000000000000000e+03,1.800000000000000000e+03,1.735567297246991547e-01,1.286696922202112958e-01,-8.487480530141299218e-01
1.167300000000000004e+01,1.675000000000000000e+03,1.800000000000000000e+03,1.752241319983249834e-01,1.310381871185279934e-01,-8.415701998595567224e-01
1.168999999999999950e+01,1.675000000000000000e+03,1.800000000000000000e+03,1.756668302156019212e-01,1.347031871453436835e-01,-8.481232034497874217e-01
1.170700000000000074e+01,1.675000000000000000e+03,1.800000000000000000e+03,1.777492145015282521e-01,1.370547667691157656e-01,-8.499096339413675372e-01
1.172400000000000020e+01,1.675000000000000000e+03,1.800000000000000000e+03,1.777492145015282521e-01,1.370547667691157656e-01,-8.499096339413675372e-01
1.174099999999999966e+01,1.675000000000000000e+03,1.800000000000000000e+03,1.777492145015282521e-01,1.370547667691157656e-01,-8.499096339413675372e-01
1.175799999999999912e+01,1.675000000000000000e+03,1.800000000000000000e+03,1.781940000590156448e-01,1.407272668468380061e-01,-8.638474571791073808e-01
1.177399999999999913e+01,1.675000000000000000e+03,1.800000000000000000e+03,1.798668094986461963e-01,1.431054458976452892e-01,-8.506431823776240408e-01
1.179199999999999982e+01,1.675000000000000000e+03,1.800000000000000000e+03,1.798668094986461963e-01,1.431054458976452892e-01,-8.506431823776240408e-01
1.180899999999999928e+01,1.675000000000000000e+03,1.800000000000000000e+03,1.840911775046607524e-01,1.527686098324769759e-01,-8.730745608709724603e-01
1.182600000000000051e+01,1.675000000000000000e+03,1.800000000000000000e+03,1.849426746748485950e-01,1.552002942857066969e-01,-8.735032131135167521e-01
1.184299999999999997e+01,1.675000000000000000e+03,1.800000000000000000e+03,1.849426746748485950e-01,1.552002942857066969e-01,-8.735032131135167521e-01
1.185999999999999943e+01,1.675000000000000000e+03,1.800000000000000000e+03,1.866224715443114412e-01,1.575901115749882564e-01,-8.815222455388334044e-01
1.187800000000000011e+01,1.675000000000000000e+03,1.800000000000000000e+03,1.870873548106064543e-01,1.625293328602479548e-01,-8.819502190362316085e-01
1.189400000000000013e+01,1.675000000000000000e+03,1.800000000000000000e+03,1.870873548106064543e-01,1.625293328602479548e-01,-8.819502190362316085e-01
1.191300000000000026e+01,1.675000000000000000e+03,1.800000000000000000e+03,1.895987671675440911e-01,1.648810682223817992e-01,-8.825393620095861591e-01
1.192999999999999972e+01,1.675000000000000000e+03,1.800000000000000000e+03,1.904543843300776640e-01,1.673227138022319593e-01,-8.906780075233791116e-01
1.194800000000000040e+01,1.675000000000000000e+03,1.800000000000000000e+03,1.904543843300776640e-01,1.673227138022319593e-01,-8.906780075233791116e-01
1.196499999999999986e+01,1.675000000000000000e+03,1.800000000000000000e+03,1.938269882159864288e-01,1.721238103575846168e-01,-8.914322774528824489e-01
1.198199999999999932e+01,1.675000000000000000e+03,1.800000000000000000e+03,1.955739928649382620e-01,1.795169233915423490e-01,-9.083378403245723209e-01
1.199900000000000055e+01,1.675000000000000000e+03,1.800000000000000000e+03,1.964640567797479864e-01,1.844706983567707681e-01,-9.007151502395265297e-01
1.201600000000000001e+01,1.675000000000000000e+03,1.800000000000000000e+03,1.977413303576476267e-01,1.869063201143852382e-01,-9.011426778438532681e-01
1.203299999999999947e+01,1.675000000000000000e+03,1.800000000000000000e+03,1.977413303576476267e-01,1.869063201143852382e-01,-9.011426778438532681e-01
1.205000000000000071e+01,1.675000000000000000e+03,1.800000000000000000e+03,1.994356719852592441e-01,1.893217235465929349e-01,-9.095261659655202724e-01
1.206799999999999962e+01,1.675000000000000000e+03,1.800000000000000000e+03,1.994356719852592441e-01,1.893217235465929349e-01,-9.095261659655202724e-01
1.208500000000000085e+01,1.675000000000000000e+03,1.800000000000000000e+03,2.084856480065457873e-01,2.114842863076944468e-01,-9.288807499401308121e-01
1.210200000000000031e+01,1.675000000000000000e+03,1.800000000000000000e+03,2.084856480065457873e-01,2.114842863076944468e-01,-9.288807499401308121e-01
1.211899999999999977e+01,1.675000000000000000e+03,1.800000000000000000e+03,2.084856480065457873e-01,2.114842863076944468e-01,-9.288807499401308121e-01
1.213599999999999923e+01,1.675000000000000000e+03,1.800000000000000000e+03,2.131526732021535864e-01,2.162895344205217896e-01,-9.298272951408592668e-01
1.215399999999999991e+01,1.675000000000000000e+03,1.800000000000000000e+03,2.131526732021535864e-01,2.162895344205217896e-01,-9.298272951408592668e-01
1.217200000000000060e+01,1.675000000000000000e+03,1.800000000000000000e+03,2.132271537365026948e-01,2.213497874211336480e-01,-9.302524834730562242e-01
1.218900000000000006e+01,1.675000000000000000e+03,1.800000000000000000e+03,2.161546150139255218e-01,2.211923633242607323e-01,-9.477244324501210571e-01
1.220599999999999952e+01,1.675000000000000000e+03,1.800000000000000000e+03,2.161546150139255218e-01,2.211923633242607323e-01,-9.477244324501210571e-01
1.222300000000000075e+01,1.675000000000000000e+03,1.800000000000000000e+03,2.161546150139255218e-01,2.211923633242607323e-01,-9.477244324501210571e-01
1.224000000000000021e+01,1.675000000000000000e+03,1.800000000000000000e+03,2.162317770434871722e-01,2.262609199251430780e-01,-9.394379605066489614e-01
1.225699999999999967e+01,1.675000000000000000e+03,1.800000000000000000e+03,2.183640716490802269e-01,2.286856562725692044e-01,-9.485041126042789150e-01
1.227399999999999913e+01,1.675000000000000000e+03,1.800000000000000000e+03,2.243312416579390511e-01,2.347220644374168330e-01,-9.695325329322584951e-01
1.229100000000000037e+01,1.675000000000000000e+03,1.800000000000000000e+03,2.243312416579390511e-01,2.347220644374168330e-01,-9.695325329322584951e-01
1.230899999999999928e+01,1.675000000000000000e+03,1.800000000000000000e+03,2.243312416579390511e-01,2.347220644374168330e-01,-9.695325329322584951e-01
1.232600000000000051e+01,1.675000000000000000e+03,1.800000000000000000e+03,2.260721726518213348e-01,2.384492965672908582e-01,-9.589073160823778919e-01
1.234299999999999997e+01,1.675000000000000000e+03,1.800000000000000000e+03,2.265563691092626897e-01,2.422491840452671852e-01,-9.703196159873929139e-01
1.235999999999999943e+01,1.675000000000000000e+03,1.800000000000000000e+03,2.265563691092626897e-01,2.422491840452671852e-01,-9.703196159873929139e-01
1.237700000000000067e+01,1.675000000000000000e+03,1.800000000000000000e+03,2.278810527299746092e-01,2.460084731081693121e-01,-9.707371250826326570e-01
1.239400000000000013e+01,1.675000000000000000e+03,1.800000000000000000e+03,2.300029974362443053e-01,2.471717133054314175e-01,-9.711075564679282346e-01
1.241099999999999959e+01,1.675000000000000000e+03,1.800000000000000000e+03,2.325688041574944798e-01,2.495904791355423313e-01,-9.783568634747528137e-01
1.242900000000000027e+01,1.675000000000000000e+03,1.800000000000000000e+03,2.338757503324471188e-01,2.520794681334832532e-01,-9.806432431560986318e-01
1.244899999999999984e+01,1.675000000000000000e+03,1.800000000000000000e+03,2.338757503324471188e-01,2.520794681334832532e-01,-9.806432431560986318e-01
1.247799999999999976e+01,1.675000000000000000e+03,1.800000000000000000e+03,2.338757503324471188e-01,2.520794681334832532e-01,-9.806432431560986318e-01
1.250200000000000067e+01,1.675000000000000000e+03,1.800000000000000000e+03,2.338757503324471188e-01,2.520794681334832532e-01,-9.806432431560986318e-01
1.253800000000000026e+01,1.675000000000000000e+03,1.800000000000000000e+03,2.364214792306129631e-01,2.532222072427874338e-01,-9.896967911516562078e-01
1.255499999999999972e+01,1.675000000000000000e+03,1.800000000000000000e+03,2.403035977223269004e-01,2.581396910470603601e-01,-9.994756410180716255e-01
1.258200000000000074e+01,1.675000000000000000e+03,1.800000000000000000e+03,2.403035977223269004e-01,2.581396910470603601e-01,-9.994756410180716255e-01
1.259900000000000020e+01,1.675000000000000000e+03,1.800000000000000000e+03,2.451116344896115962e-01,2.668732353758338505e-01,-1.010306485225718420e+00
1.261599999999999966e+01,1.675000000000000000e+03,1.800000000000000000e+03,2.476659590564023183e-01,2.680214182757012509e-01,-1.001069550524034790e+00
1.263299999999999912e+01,1.675000000000000000e+03,1.800000000000000000e+03,2.476659590564023183e-01,2.680214182757012509e-01,-1.001069550524034790e+00
1.265099999999999980e+01,1.675000000000000000e+03,1.800000000000000000e+03,2.498266075027837374e-01,2.704796461532597007e-01,-1.019599065609208877e+00
1.266799999999999926e+01,1.675000000000000000e+03,1.800000000000000000e+03,2.663922367080528986e-01,2.928548006015772032e-01,-1.032564604291541954e+00
1.268500000000000050e+01,1.675000000000000000e+03,1.800000000000000000e+03,2.689620024688388344e-01,2.940125218873070878e-01,-1.051071793238714580e+00
1.270199999999999996e+01,1.675000000000000000e+03,1.800000000000000000e+03,2.689620024688388344e-01,2.940125218873070878e-01,-1.051071793238714580e+00
1.271899999999999942e+01,1.675000000000000000e+03,1.800000000000000000e+03,2.689620024688388344e-01,2.940125218873070878e-01,-1.051071793238714580e+00
1.273600000000000065e+01,1.675000000000000000e+03,1.800000000000000000e+03,2.711411343350691450e-01,2.964916291460708564e-01,-1.051483819398483455e+00
1.275300000000000011e+01,1.675000000000000000e+03,1.800000000000000000e+03,2.711411343350691450e-01,2.964916291460708564e-01,-1.051483819398483455e+00
1.276999999999999957e+01,1.675000000000000000e+03,1.800000000000000000e+03,2.790279065596654728e-01,3.064746065500818517e-01,-1.062427702564472165e+00
1.278800000000000026e+01,1.675000000000000000e+03,1.800000000000000000e+03,2.824201376624684290e-01,3.062881443601774833e-01,-1.062845314575552091e+00
1.280499999999999972e+01,1.675000000000000000e+03,1.800000000000000000e+03,2.824201376624684290e-01,3.062881443601774833e-01,-1.062845314575552091e+00
1.282199999999999918e+01,1.675000000000000000e+03,1.800000000000000000e+03,2.849989044902769830e-01,3.074507296041648630e-01,-1.072497541150550848e+00
1.283900000000000041e+01,1.675000000000000000e+03,1.800000000000000000e+03,2.859519068938125574e-01,3.113147271622542789e-01,-1.063656843141510988e+00
1.285599999999999987e+01,1.675000000000000000e+03,1.800000000000000000e+03,2.859519068938125574e-01,3.113147271622542789e-01,-1.063656843141510988e+00
1.287299999999999933e+01,1.675000000000000000e+03,1.800000000000000000e+03,2.885335575471166258e-01,3.124791616993176646e-01,-1.073309812366889160e+00
1.289000000000000057e+01,1.675000000000000000e+03,1.800000000000000000e+03,2.903390938099483787e-01,3.163027036484322707e-01,-1.073911224941971110e+00
1.290799999999999947e+01,1.675000000000000000e+03,1.800000000000000000e+03,2.929237832394875340e-01,3.174689614533798832e-01,-1.083678308181783345e+00
1.292500000000000071e+01,1.675000000000000000e+03,1.800000000000000000e+03,2.929237832394875340e-01,3.174689614533798832e-01,-1.083678308181783345e+00
1.294200000000000017e+01,1.675000000000000000e+03,1.800000000000000000e+03,2.929237832394875340e-01,3.174689614533798832e-01,-1.083678308181783345e+00
1.295899999999999963e+01,1.675000000000000000e+03,1.800000000000000000e+03,2.990597811828503705e-01,3.236822662823533037e-01,-1.084920630855620072e+00
1.297600000000000087e+01,1.675000000000000000e+03,1.800000000000000000e+03,3.030805165353662733e-01,3.300257428083019917e-01,-1.095407459960082930e+00
1.299300000000000033e+01,1.675000000000000000e+03,1.800000000000000000e+03,3.030805165353662733e-01,3.300257428083019917e-01,-1.095407459960082930e+00
1.301099999999999923e+01,1.675000000000000000e+03,1.800000000000000000e+03,3.044357322504289698e-01,3.325809410712219361e-01,-1.098223452915092491e+00
1.302800000000000047e+01,1.675000000000000000e+03,1.800000000000000000e+03,3.044357322504289698e-01,3.325809410712219361e-01,-1.098223452915092491e+00
1.304499999999999993e+01,1.675000000000000000e+03,1.800000000000000000e+03,3.044357322504289698e-01,3.325809410712219361e-01,-1.098223452915092491e+00
1.306300000000000061e+01,1.675000000000000000e+03,1.800000000000000000e+03,3.088141390169725220e-01,3.362877956214305186e-01,-1.106225261757215916e+00
1.307900000000000063e+01,1.675000000000000000e+03,1.800000000000000000e+03,3.088141390169725220e-01,3.362877956214305186e-01,-1.106225261757215916e+00
1.309699999999999953e+01,1.675000000000000000e+03,1.800000000000000000e+03,3.303160844486603409e-01,3.535884029137994489e-01,-1.129924241714603816e+00
1.311299999999999955e+01,1.675000000000000000e+03,1.800000000000000000e+03,3.303160844486603409e-01,3.535884029137994489e-01,-1.129924241714603816e+00
1.313000000000000078e+01,1.675000000000000000e+03,1.800000000000000000e+03,3.343447106742092334e-01,3.586681183479623058e-01,-1.140871113586033214e+00
1.314700000000000024e+01,1.675000000000000000e+03,1.800000000000000000e+03,3.343447106742092334e-01,3.586681183479623058e-01,-1.140871113586033214e+00
1.316399999999999970e+01,1.675000000000000000e+03,1.800000000000000000e+03,3.373376450154501605e-01,3.585009445583313692e-01,-1.151337951287768391e+00
1.318099999999999916e+01,1.675000000000000000e+03,1.800000000000000000e+03,3.373376450154501605e-01,3.585009445583313692e-01,-1.151337951287768391e+00
1.319800000000000040e+01,1.675000000000000000e+03,1.800000000000000000e+03,3.413755878602160454e-01,3.635885427537806081e-01,-1.152155788013606630e+00
1.321499999999999986e+01,1.675000000000000000e+03,1.800000000000000000e+03,3.413755878602160454e-01,3.635885427537806081e-01,-1.152155788013606630e+00
1.323199999999999932e+01,1.675000000000000000e+03,1.800000000000000000e+03,3.413755878602160454e-01,3.635885427537806081e-01,-1.152155788013606630e+00
1.324900000000000055e+01,1.675000000000000000e+03,1.800000000000000000e+03,3.448470292505476653e-01,3.647239896135978654e-01,-1.162967027731541148e+00
1.326600000000000001e+01,1.675000000000000000e+03,1.800000000000000000e+03,3.478427463388689134e-01,3.645562652921467972e-01,-1.163430871976084191e+00
1.328299999999999947e+01,1.675000000000000000e+03,1.800000000000000000e+03,3.575125823266076530e-01,3.706707113006766363e-01,-1.175415316323136006e+00
1.330000000000000071e+01,1.675000000000000000e+03,1.800000000000000000e+03,3.575125823266076530e-01,3.706707113006766363e-01,-1.175415316323136006e+00
1.331700000000000017e+01,1.675000000000000000e+03,1.800000000000000000e+03,3.575125823266076530e-01,3.706707113006766363e-01,-1.175415316323136006e+00
1.333399999999999963e+01,1.675000000000000000e+03,1.800000000000000000e+03,3.601344263237118426e-01,3.718564702002931099e-01,-1.175884378925798668e+00
1.335200000000000031e+01,1.675000000000000000e+03,1.800000000000000000e+03,3.646297035485353000e-01,3.769412361995545524e-01,-1.187282122166606779e+00
1.336899999999999977e+01,1.675000000000000000e+03,1.800000000000000000e+03,3.646297035485353000e-01,3.769412361995545524e-01,-1.187282122166606779e+00
1.338599999999999923e+01,1.675000000000000000e+03,1.800000000000000000e+03,3.646297035485353000e-01,3.769412361995545524e-01,-1.187282122166606779e+00
1.340300000000000047e+01,1.675000000000000000e+03,1.800000000000000000e+03,3.672557247995666962e-01,3.781292448101840620e-01,-1.198207698468109372e+00
1.342099999999999937e+01,1.675000000000000000e+03,1.800000000000000000e+03,3.691326382594963817e-01,3.820342135916261483e-01,-1.188098551585713425e+00
1.343800000000000061e+01,1.675000000000000000e+03,1.800000000000000000e+03,3.691326382594963817e-01,3.820342135916261483e-01,-1.188098551585713425e+00
1.345500000000000007e+01,1.675000000000000000e+03,1.800000000000000000e+03,3.743369519096086950e-01,3.830789013822544220e-01,-1.195133528989035687e+00
1.347199999999999953e+01,1.675000000000000000e+03,1.800000000000000000e+03,3.743369519096086950e-01,3.830789013822544220e-01,-1.195133528989035687e+00
1.348900000000000077e+01,1.675000000000000000e+03,1.800000000000000000e+03,3.769676213830615019e-01,3.842690565522772772e-01,-1.195610640572350780e+00
1.350699999999999967e+01,1.675000000000000000e+03,1.800000000000000000e+03,3.769676213830615019e-01,3.842690565522772772e-01,-1.195610640572350780e+00
1.352399999999999913e+01,1.675000000000000000e+03,1.800000000000000000e+03,3.849233892048673500e-01,3.891793908597751539e-01,-1.208105194301468677e+00
1.354100000000000037e+01,1.675000000000000000e+03,1.800000000000000000e+03,3.883599716641745747e-01,3.889851064074010267e-01,-1.212561165443113431e+00
1.355899999999999928e+01,1.675000000000000000e+03,1.800000000000000000e+03,3.883599716641745747e-01,3.889851064074010267e-01,-1.212561165443113431e+00
1.357600000000000051e+01,1.675000000000000000e+03,1.800000000000000000e+03,3.883599716641745747e-01,3.889851064074010267e-01,-1.212561165443113431e+00
1.359299999999999997e+01,1.675000000000000000e+03,1.800000000000000000e+03,4.038858610173934327e-01,3.988508381419446636e-01,-1.226073575804146554e+00
1.360999999999999943e+01,1.675000000000000000e+03,1.800000000000000000e+03,4.038858610173934327e-01,3.988508381419446636e-01,-1.226073575804146554e+00
1.362700000000000067e+01,1.675000000000000000e+03,1.800000000000000000e+03,4.038858610173934327e-01,3.988508381419446636e-01,-1.226073575804146554e+00
1.364400000000000013e+01,1.675000000000000000e+03,1.800000000000000000e+03,4.068348850652845350e-01,3.973383346378902559e-01,-1.248393755160045249e+00
1.366300000000000026e+01,1.675000000000000000e+03,1.800000000000000000e+03,4.140360019433424466e-01,4.036599459723060335e-01,-1.252281820365311438e+00
1.367999999999999972e+01,1.675000000000000000e+03,1.800000000000000000e+03,4.140360019433424466e-01,4.036599459723060335e-01,-1.252281820365311438e+00
1.369699999999999918e+01,1.675000000000000000e+03,1.800000000000000000e+03,4.175449486474807070e-01,4.048080790280064178e-01,-1.252780628781256400e+00
1.371400000000000041e+01,1.675000000000000000e+03,1.800000000000000000e+03,4.175449486474807070e-01,4.048080790280064178e-01,-1.252780628781256400e+00
1.373099999999999987e+01,1.675000000000000000e+03,1.800000000000000000e+03,4.224131916610958104e-01,4.072280891122899149e-01,-1.262233624074895033e+00
1.374799999999999933e+01,1.675000000000000000e+03,1.800000000000000000e+03,4.224131916610958104e-01,4.072280891122899149e-01,-1.262233624074895033e+00
1.376600000000000001e+01,1.675000000000000000e+03,1.800000000000000000e+03,4.254950402229669137e-01,4.084018570985028518e-01,-1.262735924293365342e+00
1.378299999999999947e+01,1.675000000000000000e+03,1.800000000000000000e+03,4.285781063064268981e-01,4.095759833523722193e-01,-1.265411192388468997e+00
1.380000000000000071e+01,1.675000000000000000e+03,1.800000000000000000e+03,4.285781063064268981e-01,4.095759833523722193e-01,-1.265411192388468997e+00
1.381700000000000017e+01,1.675000000000000000e+03,1.800000000000000000e+03,4.308004309730661952e-01,4.107996975871328615e-01,-1.276578814807496132e+00
1.383399999999999963e+01,1.675000000000000000e+03,1.800000000000000000e+03,4.369723598007970722e-01,4.131498197620731005e-01,-1.275880982651870443e+00
1.385100000000000087e+01,1.675000000000000000e+03,1.800000000000000000e+03,4.395590934798863092e-01,4.130018705918541144e-01,-1.287565598682802959e+00
1.386800000000000033e+01,1.675000000000000000e+03,1.800000000000000000e+03,4.395590934798863092e-01,4.130018705918541144e-01,-1.287565598682802959e+00
1.388499999999999979e+01,1.675000000000000000e+03,1.800000000000000000e+03,4.457367945128576370e-01,4.153531724459345043e-01,-1.288587431396972738e+00
1.390199999999999925e+01,1.675000000000000000e+03,1.800000000000000000e+03,4.457367945128576370e-01,4.153531724459345043e-01,-1.288587431396972738e+00
1.391900000000000048e+01,1.675000000000000000e+03,1.800000000000000000e+03,4.480365650279192202e-01,4.179285519326008114e-01,-1.290425664727534283e+00
1.393599999999999994e+01,1.675000000000000000e+03,1.800000000000000000e+03,4.480365650279192202e-01,4.179285519326008114e-01,-1.290425664727534283e+00
1.395299999999999940e+01,1.675000000000000000e+03,1.800000000000000000e+03,4.480365650279192202e-01,4.179285519326008114e-01,-1.290425664727534283e+00
1.397000000000000064e+01,1.675000000000000000e+03,1.800000000000000000e+03,4.541495337994327919e-01,4.189323205559496444e-01,-1.301429095456078544e+00
1.398700000000000010e+01,1.675000000000000000e+03,1.800000000000000000e+03,4.572437361956083191e-01,4.201096120678915469e-01,-1.301944329291058855e+00
1.400399999999999956e+01,1.675000000000000000e+03,1.800000000000000000e+03,4.598330735310316442e-01,4.199608852034684148e-01,-1.313829621730089547e+00
1.402100000000000080e+01,1.675000000000000000e+03,1.800000000000000000e+03,4.598330735310316442e-01,4.199608852034684148e-01,-1.313829621730089547e+00
1.403800000000000026e+01,1.675000000000000000e+03,1.800000000000000000e+03,4.689713515860387538e-01,4.207909127116895576e-01,-1.326852631989104525e+00
1.405499999999999972e+01,1.675000000000000000e+03,1.800000000000000000e+03,4.713602206815346030e-01,4.247228323159966124e-01,-1.327377306428619175e+00
1.407300000000000040e+01,1.675000000000000000e+03,1.800000000000000000e+03,4.713602206815346030e-01,4.247228323159966124e-01,-1.327377306428619175e+00
1.409099999999999930e+01,1.675000000000000000e+03,1.800000000000000000e+03,4.713602206815346030e-01,4.247228323159966124e-01,-1.327377306428619175e+00
1.410800000000000054e+01,1.675000000000000000e+03,1.800000000000000000e+03,4.916299056601898254e-01,4.303463468812829262e-01,-1.342333501237947146e+00
1.412500000000000000e+01,1.675000000000000000e+03,1.800000000000000000e+03,4.943875040337923910e-01,4.329079626968468375e-01,-1.343344847082119875e+00
1.414199999999999946e+01,1.675000000000000000e+03,1.800000000000000000e+03,4.943875040337923910e-01,4.329079626968468375e-01,-1.343344847082119875e+00
1.415900000000000070e+01,1.675000000000000000e+03,1.800000000000000000e+03,4.943875040337923910e-01,4.329079626968468375e-01,-1.343344847082119875e+00
1.417600000000000016e+01,1.675000000000000000e+03,1.800000000000000000e+03,4.974139722119825802e-01,4.327327231258690787e-01,-1.355026141878433510e+00
1.419299999999999962e+01,1.675000000000000000e+03,1.800000000000000000e+03,5.062300442214680007e-01,4.349449835277008347e-01,-1.368342736779282642e+00
1.421000000000000085e+01,1.675000000000000000e+03,1.800000000000000000e+03,5.085633280152292990e-01,4.375350599516192318e-01,-1.368846751260785588e+00
1.422700000000000031e+01,1.675000000000000000e+03,1.800000000000000000e+03,5.085633280152292990e-01,4.375350599516192318e-01,-1.368846751260785588e+00
1.424399999999999977e+01,1.675000000000000000e+03,1.800000000000000000e+03,5.120244239397739872e-01,4.373340304051920313e-01,-1.369380959899466621e+00
1.426200000000000045e+01,1.675000000000000000e+03,1.800000000000000000e+03,5.150527223446155212e-01,4.371580604587688157e-01,-1.369915273220919660e+00
1.427800000000000047e+01,1.675000000000000000e+03,1.800000000000000000e+03,5.150527223446155212e-01,4.371580604587688157e-01,-1.369915273220919660e+00
1.429499999999999993e+01,1.675000000000000000e+03,1.800000000000000000e+03,nan,nan,nan
1.431199999999999939e+01,1.675000000000000000e+03,1.800000000000000000e+03,5.208527976860475306e-01,4.395482855815036061e-01,-1.382786458394307694e+00
1.432900000000000063e+01,1.675000000000000000e+03,1.800000000000000000e+03,5.208527976860475306e-01,4.395482855815036061e-01,-1.382786458394307694e+00
1.434600000000000009e+01,1.675000000000000000e+03,1.800000000000000000e+03,5.208527976860475306e-01,4.395482855815036061e-01,-1.382786458394307694e+00
1.436400000000000077e+01,1.675000000000000000e+03,1.800000000000000000e+03,5.239709886934142968e-01,4.407313488288924219e-01,-1.383324037895601544e+00
1.438100000000000023e+01,1.675000000000000000e+03,1.800000000000000000e+03,5.239709886934142968e-01,4.407313488288924219e-01,-1.383324037895601544e+00
1.439799999999999969e+01,1.675000000000000000e+03,1.800000000000000000e+03,5.239709886934142968e-01,4.407313488288924219e-01,-1.383324037895601544e+00
1.441600000000000037e+01,1.675000000000000000e+03,1.800000000000000000e+03,nan,nan,nan
1.443299999999999983e+01,1.675000000000000000e+03,1.800000000000000000e+03,5.389624071936836014e-01,4.439539022379079825e-01,-1.407033663241257226e+00
1.444999999999999929e+01,1.675000000000000000e+03,1.800000000000000000e+03,5.389624071936836014e-01,4.439539022379079825e-01,-1.407033663241257226e+00
1.446700000000000053e+01,1.675000000000000000e+03,1.800000000000000000e+03,5.424264164676848576e-01,4.437514964975441956e-01,-1.410340966673768293e+00
1.448399999999999999e+01,1.675000000000000000e+03,1.800000000000000000e+03,5.424264164676848576e-01,4.437514964975441956e-01,-1.410340966673768293e+00
1.450099999999999945e+01,1.675000000000000000e+03,1.800000000000000000e+03,5.482439076171814474e-01,4.461451382557592993e-01,-1.411428479255504520e+00
1.451800000000000068e+01,1.675000000000000000e+03,1.800000000000000000e+03,5.482439076171814474e-01,4.461451382557592993e-01,-1.411428479255504520e+00
1.453500000000000014e+01,1.675000000000000000e+03,1.800000000000000000e+03,5.482439076171814474e-01,4.461451382557592993e-01,-1.411428479255504520e+00
1.455199999999999960e+01,1.675000000000000000e+03,1.800000000000000000e+03,5.512758175754683965e-01,4.459676484314405442e-01,-1.423992792755745862e+00
1.457099999999999973e+01,1.675000000000000000e+03,1.800000000000000000e+03,5.547406719802032704e-01,4.457647187691033963e-01,-1.424539276542613919e+00
1.458799999999999919e+01,1.675000000000000000e+03,1.800000000000000000e+03,5.830896953862974019e-01,4.468355509858730201e-01,-1.453726823297788906e+00
1.460500000000000043e+01,1.675000000000000000e+03,1.800000000000000000e+03,5.830896953862974019e-01,4.468355509858730201e-01,-1.453726823297788906e+00
1.462199999999999989e+01,1.675000000000000000e+03,1.800000000000000000e+03,5.830896953862974019e-01,4.468355509858730201e-01,-1.453726823297788906e+00
1.463899999999999935e+01,1.675000000000000000e+03,1.800000000000000000e+03,5.895856122244791386e-01,4.464530121809815455e-01,-1.467048526504942885e+00
1.465600000000000058e+01,1.675000000000000000e+03,1.800000000000000000e+03,5.895856122244791386e-01,4.464530121809815455e-01,-1.467048526504942885e+00
1.467300000000000004e+01,1.675000000000000000e+03,1.800000000000000000e+03,5.930498137630391131e-01,4.462488565461777412e-01,-1.467602398443029088e+00
1.468999999999999950e+01,1.675000000000000000e+03,1.800000000000000000e+03,5.930498137630391131e-01,4.462488565461777412e-01,-1.467602398443029088e+00
1.470800000000000018e+01,1.675000000000000000e+03,1.800000000000000000e+03,5.930498137630391131e-01,4.462488565461777412e-01,-1.467602398443029088e+00
1.472499999999999964e+01,1.675000000000000000e+03,1.800000000000000000e+03,5.995446518493852128e-01,4.458658103059596201e-01,-1.480983542800195174e+00
1.474200000000000088e+01,1.675000000000000000e+03,1.800000000000000000e+03,5.995446518493852128e-01,4.458658103059596201e-01,-1.480983542800195174e+00
1.475900000000000034e+01,1.675000000000000000e+03,1.800000000000000000e+03,6.022489002645363687e-01,4.470743176406450914e-01,-1.481539423511296194e+00
1.477599999999999980e+01,1.675000000000000000e+03,1.800000000000000000e+03,6.022489002645363687e-01,4.470743176406450914e-01,-1.481539423511296194e+00
1.479299999999999926e+01,1.675000000000000000e+03,1.800000000000000000e+03,6.123168191689172257e-01,4.478479301258930789e-01,-1.495532934704576489e+00
1.481099999999999994e+01,1.675000000000000000e+03,1.800000000000000000e+03,6.153482066690587615e-01,4.476685710255070560e-01,-1.496090660950402773e+00
1.482699999999999996e+01,1.675000000000000000e+03,1.800000000000000000e+03,6.188124602469660118e-01,4.474634989063090984e-01,-1.496648421208835122e+00
1.484399999999999942e+01,1.675000000000000000e+03,1.800000000000000000e+03,6.218435163314717240e-01,4.472839815904432470e-01,-1.509577840320788900e+00
1.486100000000000065e+01,1.675000000000000000e+03,1.800000000000000000e+03,6.253073907316506475e-01,4.470787281742563124e-01,-1.510137167004070635e+00
1.487800000000000011e+01,1.675000000000000000e+03,1.800000000000000000e+03,6.253073907316506475e-01,4.470787281742563124e-01,-1.510137167004070635e+00
1.489499999999999957e+01,1.675000000000000000e+03,1.800000000000000000e+03,6.287710625552951349e-01,4.468733776858870854e-01,-1.510696518857275628e+00
1.491300000000000026e+01,1.675000000000000000e+03,1.800000000000000000e+03,6.321213572479569276e-01,4.453064333681115983e-01,-1.518125443797787355e+00
1.492999999999999972e+01,1.675000000000000000e+03,1.800000000000000000e+03,6.348320000474891867e-01,4.465137799872129776e-01,-1.531649033041380781e+00
1.494699999999999918e+01,1.675000000000000000e+03,1.800000000000000000e+03,6.348320000474891867e-01,4.465137799872129776e-01,-1.531649033041380781e+00
1.496499999999999986e+01,1.675000000000000000e+03,1.800000000000000000e+03,6.382951134918093405e-01,4.463081612550041655e-01,-1.532210465011417000e+00
1.498199999999999932e+01,1.675000000000000000e+03,1.800000000000000000e+03,6.417580234053696930e-01,4.461024445296057905e-01,-1.532771907955153612e+00
1.499900000000000055e+01,1.675000000000000000e+03,1.800000000000000000e+03,6.478176252089919984e-01,4.457422037795870651e-01,-1.546896155580339549e+00
1.501600000000000001e+01,1.675000000000000000e+03,1.800000000000000000e+03,6.478176252089919984e-01,4.457422037795870651e-01,-1.546896155580339549e+00
1.503299999999999947e+01,1.675000000000000000e+03,1.800000000000000000e+03,6.512799740341694843e-01,4.455362164137230963e-01,-1.547458693251413830e+00
1.505100000000000016e+01,1.675000000000000000e+03,1.800000000000000000e+03,6.547421183132693390e-01,4.453301302321497346e-01,-1.548021232017519511e+00
1.506799999999999962e+01,1.675000000000000000e+03,1.800000000000000000e+03,6.547421183132693390e-01,4.453301302321497346e-01,-1.548021232017519511e+00
1.508600000000000030e+01,1.675000000000000000e+03,1.800000000000000000e+03,6.582040577656280700e-01,4.451239450318453805e-01,-1.548583771584337798e+00
1.510299999999999976e+01,1.675000000000000000e+03,1.800000000000000000e+03,6.788478706761944537e-01,4.425246950441721339e-01,-1.591625134529265795e+00
1.511999999999999922e+01,1.675000000000000000e+03,1.800000000000000000e+03,6.788478706761944537e-01,4.425246950441721339e-01,-1.591625134529265795e+00
1.513599999999999923e+01,1.675000000000000000e+03,1.800000000000000000e+03,6.788478706761944537e-01,4.425246950441721339e-01,-1.591625134529265795e+00
1.515300000000000047e+01,1.675000000000000000e+03,1.800000000000000000e+03,6.849022679484628728e-01,4.421627711655338189e-01,-1.605858294649288531e+00
1.517099999999999937e+01,1.675000000000000000e+03,1.800000000000000000e+03,6.883616386033259982e-01,4.419558194068740065e-01,-1.606422881154229154e+00
1.518800000000000061e+01,1.675000000000000000e+03,1.800000000000000000e+03,6.883616386033259982e-01,4.419558194068740065e-01,-1.606422881154229154e+00
1.520500000000000007e+01,1.675000000000000000e+03,1.800000000000000000e+03,6.918208016406881544e-01,4.417487670266071476e-01,-1.606987429357602526e+00
1.522199999999999953e+01,1.675000000000000000e+03,1.800000000000000000e+03,6.952797567394297662e-01,4.415416138920438271e-01,-1.607551938928808877e+00
1.523900000000000077e+01,1.675000000000000000e+03,1.800000000000000000e+03,6.978738364086491952e-01,4.413861828448384372e-01,-1.607834179124228102e+00
1.525600000000000023e+01,1.675000000000000000e+03,1.800000000000000000e+03,6.978738364086491952e-01,4.413861828448384372e-01,-1.607834179124228102e+00
1.527299999999999969e+01,1.675000000000000000e+03,1.800000000000000000e+03,7.050938201330489985e-01,4.395868544511483123e-01,-1.634007283109445652e+00
1.529100000000000037e+01,1.675000000000000000e+03,1.800000000000000000e+03,7.050938201330489985e-01,4.395868544511483123e-01,-1.634007283109445652e+00
1.530799999999999983e+01,1.675000000000000000e+03,1.800000000000000000e+03,7.085512035937802100e-01,4.393794173372720380e-01,-1.634571476531633039e+00
1.532499999999999929e+01,1.675000000000000000e+03,1.800000000000000000e+03,7.085512035937802100e-01,4.393794173372720380e-01,-1.634571476531633039e+00
1.534200000000000053e+01,1.675000000000000000e+03,1.800000000000000000e+03,7.114456001424906972e-01,4.378399932231653580e-01,-1.636845771193483401e+00
1.535899999999999999e+01,1.675000000000000000e+03,1.800000000000000000e+03,7.218136552639595749e-01,4.372171302035967599e-01,-1.651662224996014006e+00
1.537599999999999945e+01,1.675000000000000000e+03,1.800000000000000000e+03,7.244053732714306193e-01,4.370612716623201166e-01,-1.638819666809894660e+00
1.539300000000000068e+01,1.675000000000000000e+03,1.800000000000000000e+03,7.244053732714306193e-01,4.370612716623201166e-01,-1.638819666809894660e+00
1.541099999999999959e+01,1.675000000000000000e+03,1.800000000000000000e+03,7.316128729448863055e-01,4.352627562574182818e-01,-1.652184704242458224e+00
1.542800000000000082e+01,1.675000000000000000e+03,1.800000000000000000e+03,7.316128729448863055e-01,4.352627562574182818e-01,-1.652184704242458224e+00
1.544500000000000028e+01,1.675000000000000000e+03,1.800000000000000000e+03,7.316128729448863055e-01,4.352627562574182818e-01,-1.652184704242458224e+00
1.546199999999999974e+01,1.675000000000000000e+03,1.800000000000000000e+03,7.375213084537943775e-01,4.335428517573260976e-01,-1.667576887037050204e+00
1.547899999999999920e+01,1.675000000000000000e+03,1.800000000000000000e+03,7.375213084537943775e-01,4.335428517573260976e-01,-1.667576887037050204e+00
1.549600000000000044e+01,1.675000000000000000e+03,1.800000000000000000e+03,7.414060287825579021e-01,4.333087550978254043e-01,-1.681532977443880084e+00
1.551299999999999990e+01,1.675000000000000000e+03,1.800000000000000000e+03,7.444272921459651471e-01,4.331265907695005524e-01,-1.668701773948508604e+00
1.552999999999999936e+01,1.675000000000000000e+03,1.800000000000000000e+03,7.444272921459651471e-01,4.331265907695005524e-01,-1.668701773948508604e+00
1.554599999999999937e+01,1.675000000000000000e+03,1.800000000000000000e+03,7.444272921459651471e-01,4.331265907695005524e-01,-1.668701773948508604e+00
1.556400000000000006e+01,1.675000000000000000e+03,1.800000000000000000e+03,7.478799651651633074e-01,4.329183074104587803e-01,-1.669264097163260185e+00
1.558099999999999952e+01,1.675000000000000000e+03,1.800000000000000000e+03,7.576644837833053092e-01,4.309643295618243997e-01,-1.698008066225622725e+00
1.559800000000000075e+01,1.675000000000000000e+03,1.800000000000000000e+03,7.829573737546113854e-01,4.239883429850843655e-01,-1.743334751436379726e+00
1.561500000000000021e+01,1.675000000000000000e+03,1.800000000000000000e+03,7.829573737546113854e-01,4.239883429850843655e-01,-1.743334751436379726e+00
1.563199999999999967e+01,1.675000000000000000e+03,1.800000000000000000e+03,7.829573737546113854e-01,4.239883429850843655e-01,-1.743334751436379726e+00
1.564899999999999913e+01,1.675000000000000000e+03,1.800000000000000000e+03,7.858262697388238571e-01,4.224548264826948341e-01,-1.728330612777603470e+00
1.566699999999999982e+01,1.675000000000000000e+03,1.800000000000000000e+03,7.899854739101528356e-01,4.208436976450027345e-01,-1.758308049136350082e+00
1.568500000000000050e+01,1.675000000000000000e+03,1.800000000000000000e+03,7.929993949414715360e-01,4.206609098413531811e-01,-1.758860284060424606e+00
1.570199999999999996e+01,1.675000000000000000e+03,1.800000000000000000e+03,7.964436725070520584e-01,4.204519141076525912e-01,-1.759412379412756300e+00
1.571899999999999942e+01,1.675000000000000000e+03,1.800000000000000000e+03,7.964436725070520584e-01,4.204519141076525912e-01,-1.759412379412756300e+00
1.573600000000000065e+01,1.675000000000000000e+03,1.800000000000000000e+03,7.964436725070520584e-01,4.204519141076525912e-01,-1.759412379412756300e+00
1.575300000000000011e+01,1.675000000000000000e+03,1.800000000000000000e+03,8.064727759361591808e-01,4.171271276988512966e-01,-1.761121573792050476e+00
1.576999999999999957e+01,1.675000000000000000e+03,1.800000000000000000e+03,8.136338313028419478e-01,4.153350017470671673e-01,-1.775993852793222860e+00
1.578700000000000081e+01,1.675000000000000000e+03,1.800000000000000000e+03,8.136338313028419478e-01,4.153350017470671673e-01,-1.775993852793222860e+00
1.580499999999999972e+01,1.675000000000000000e+03,1.800000000000000000e+03,8.162143591917663255e-01,4.151780396787581040e-01,-1.762775740725704532e+00
1.582199999999999918e+01,1.675000000000000000e+03,1.800000000000000000e+03,8.162143591917663255e-01,4.151780396787581040e-01,-1.762775740725704532e+00
1.583900000000000041e+01,1.675000000000000000e+03,1.800000000000000000e+03,8.200849194427068944e-01,4.149424897376716714e-01,-1.763326846261321856e+00
1.585599999999999987e+01,1.675000000000000000e+03,1.800000000000000000e+03,8.200849194427068944e-01,4.149424897376716714e-01,-1.763326846261321856e+00
1.587299999999999933e+01,1.675000000000000000e+03,1.800000000000000000e+03,8.232156357401874125e-01,4.120404254635872121e-01,-1.791150648375319232e+00
1.589000000000000057e+01,1.675000000000000000e+03,1.800000000000000000e+03,8.307956741896898034e-01,4.102240314516683029e-01,-1.778802337400683165e+00
1.590799999999999947e+01,1.675000000000000000e+03,1.800000000000000000e+03,8.307956741896898034e-01,4.102240314516683029e-01,-1.778802337400683165e+00
1.592500000000000071e+01,1.675000000000000000e+03,1.800000000000000000e+03,8.307956741896898034e-01,4.102240314516683029e-01,-1.778802337400683165e+00
1.594200000000000017e+01,1.675000000000000000e+03,1.800000000000000000e+03,8.402021378805046847e-01,4.055904233286717897e-01,-1.820933936650181995e+00
1.595899999999999963e+01,1.675000000000000000e+03,1.800000000000000000e+03,8.440658216248595469e-01,4.053547744465086922e-01,-1.808155538179905708e+00
1.597600000000000087e+01,1.675000000000000000e+03,1.800000000000000000e+03,8.479292242249687472e-01,4.051189984656637932e-01,-1.808697994614541171e+00
1.599300000000000033e+01,1.675000000000000000e+03,1.800000000000000000e+03,8.518999032946437122e-01,4.021731921440325763e-01,-1.828355069068010152e+00
1.601000000000000156e+01,1.675000000000000000e+03,1.800000000000000000e+03,8.573150472974893077e-01,4.004917573989468238e-01,-1.837247075566335930e+00
1.602700000000000102e+01,1.675000000000000000e+03,1.800000000000000000e+03,8.573150472974893077e-01,4.004917573989468238e-01,-1.837247075566335930e+00
1.604500000000000171e+01,1.675000000000000000e+03,1.800000000000000000e+03,8.573150472974893077e-01,4.004917573989468238e-01,-1.837247075566335930e+00
1.606200000000000117e+01,1.675000000000000000e+03,1.800000000000000000e+03,8.610122076877562147e-01,3.989158072857712511e-01,-1.837782961586129860e+00
1.607900000000000063e+01,1.675000000000000000e+03,1.800000000000000000e+03,8.610122076877562147e-01,3.989158072857712511e-01,-1.837782961586129860e+00
1.612500000000000000e+01,1.675000000000000000e+03,1.800000000000000000e+03,8.610122076877562147e-01,3.989158072857712511e-01,-1.837782961586129860e+00
1.614600000000000080e+01,1.675000000000000000e+03,1.800000000000000000e+03,8.822993889911154852e-01,3.895271720302444507e-01,-1.889081061459489286e+00
1.616600000000000037e+01,1.675000000000000000e+03,1.800000000000000000e+03,8.822993889911154852e-01,3.895271720302444507e-01,-1.889081061459489286e+00
1.618499999999999872e+01,1.675000000000000000e+03,1.800000000000000000e+03,8.822993889911154852e-01,3.895271720302444507e-01,-1.889081061459489286e+00
1.620200000000000173e+01,1.675000000000000000e+03,1.800000000000000000e+03,8.822993889911154852e-01,3.895271720302444507e-01,-1.889081061459489286e+00
1.622899999999999920e+01,1.675000000000000000e+03,1.800000000000000000e+03,8.930879128676567635e-01,3.861760680646399990e-01,-1.890646702942034851e+00
1.624599999999999866e+01,1.675000000000000000e+03,1.800000000000000000e+03,8.961697022818988501e-01,3.832994887921081784e-01,-1.905031871053787906e+00
1.626300000000000168e+01,1.675000000000000000e+03,1.800000000000000000e+03,8.961697022818988501e-01,3.832994887921081784e-01,-1.905031871053787906e+00
1.628000000000000114e+01,1.675000000000000000e+03,1.800000000000000000e+03,8.995898288340209437e-01,3.830898371025330817e-01,-1.905549083015401157e+00
1.629700000000000060e+01,1.675000000000000000e+03,1.800000000000000000e+03,9.134280358515629583e-01,3.768732904340534873e-01,-1.907770753091747373e+00
1.631500000000000128e+01,1.675000000000000000e+03,1.800000000000000000e+03,9.173491653451224526e-01,3.739526180950072387e-01,-1.945572472443754863e+00
1.633200000000000074e+01,1.675000000000000000e+03,1.800000000000000000e+03,9.173491653451224526e-01,3.739526180950072387e-01,-1.945572472443754863e+00
1.634900000000000020e+01,1.675000000000000000e+03,1.800000000000000000e+03,9.208399740895862884e-01,3.710608206575596313e-01,-1.936057288232745366e+00
1.636599999999999966e+01,1.675000000000000000e+03,1.800000000000000000e+03,9.208399740895862884e-01,3.710608206575596313e-01,-1.936057288232745366e+00
1.638400000000000034e+01,1.675000000000000000e+03,1.800000000000000000e+03,9.208399740895862884e-01,3.710608206575596313e-01,-1.936057288232745366e+00
1.639999999999999858e+01,1.675000000000000000e+03,1.800000000000000000e+03,9.208399740895862884e-01,3.710608206575596313e-01,-1.936057288232745366e+00
1.641799999999999926e+01,1.675000000000000000e+03,1.800000000000000000e+03,9.335287304827950550e-01,3.662699533468902757e-01,-1.951380808437354952e+00
1.643499999999999872e+01,1.675000000000000000e+03,1.800000000000000000e+03,9.376118707163341170e-01,3.646831072106104799e-01,-1.962864553935100398e+00
1.645200000000000173e+01,1.675000000000000000e+03,1.800000000000000000e+03,9.376118707163341170e-01,3.646831072106104799e-01,-1.962864553935100398e+00
1.646900000000000119e+01,1.675000000000000000e+03,1.800000000000000000e+03,9.412669569604588116e-01,3.631231470815201590e-01,-1.963362298506045489e+00
1.648600000000000065e+01,1.675000000000000000e+03,1.800000000000000000e+03,9.445603969176892267e-01,3.589186959327941295e-01,-1.977827271232610817e+00
1.650300000000000011e+01,1.675000000000000000e+03,1.800000000000000000e+03,9.445603969176892267e-01,3.589186959327941295e-01,-1.977827271232610817e+00
1.651999999999999957e+01,1.675000000000000000e+03,1.800000000000000000e+03,9.479652479640310325e-01,3.587092968207938881e-01,-1.978319583195454312e+00
1.653699999999999903e+01,1.675000000000000000e+03,1.800000000000000000e+03,9.479652479640310325e-01,3.587092968207938881e-01,-1.978319583195454312e+00
1.655499999999999972e+01,1.675000000000000000e+03,1.800000000000000000e+03,9.550790788145908650e-01,3.542753519879786595e-01,-2.006394380317137127e+00
1.657199999999999918e+01,1.675000000000000000e+03,1.800000000000000000e+03,9.550790788145908650e-01,3.542753519879786595e-01,-2.006394380317137127e+00
1.658899999999999864e+01,1.675000000000000000e+03,1.800000000000000000e+03,9.550790788145908650e-01,3.542753519879786595e-01,-2.006394380317137127e+00
1.660600000000000165e+01,1.675000000000000000e+03,1.800000000000000000e+03,9.915293096241042381e-01,3.334550571773089445e-01,-2.039062828078277878e+00
1.662300000000000111e+01,1.675000000000000000e+03,1.800000000000000000e+03,9.959988741501168974e-01,3.318573174794767766e-01,-2.080701863937843843e+00
1.664000000000000057e+01,1.675000000000000000e+03,1.800000000000000000e+03,9.996193241192130596e-01,3.303124996660438129e-01,-2.081152090111578090e+00
1.665700000000000003e+01,1.675000000000000000e+03,1.800000000000000000e+03,9.996193241192130596e-01,3.303124996660438129e-01,-2.081152090111578090e+00
1.667399999999999949e+01,1.675000000000000000e+03,1.800000000000000000e+03,9.996193241192130596e-01,3.303124996660438129e-01,-2.081152090111578090e+00
1.669099999999999895e+01,1.675000000000000000e+03,1.800000000000000000e+03,1.001776839662116059e+00,3.275382347551856199e-01,-2.053728375508307114e+00
1.670899999999999963e+01,1.675000000000000000e+03,1.800000000000000000e+03,1.005816272629469266e+00,3.259693660742533083e-01,-2.082306985527020426e+00
1.672599999999999909e+01,1.675000000000000000e+03,1.800000000000000000e+03,1.005816272629469266e+00,3.259693660742533083e-01,-2.082306985527020426e+00
1.674299999999999855e+01,1.675000000000000000e+03,1.800000000000000000e+03,1.012656315156168496e+00,3.202747185476590985e-01,-2.096616946681149951e+00
1.676000000000000156e+01,1.675000000000000000e+03,1.800000000000000000e+03,1.012656315156168496e+00,3.202747185476590985e-01,-2.096616946681149951e+00
1.677700000000000102e+01,1.675000000000000000e+03,1.800000000000000000e+03,1.016459719434288145e+00,3.200399870347592213e-01,-2.097059751585086396e+00
1.679400000000000048e+01,1.675000000000000000e+03,1.800000000000000000e+03,1.016459719434288145e+00,3.200399870347592213e-01,-2.097059751585086396e+00
1.681099999999999994e+01,1.675000000000000000e+03,1.800000000000000000e+03,1.030909049230932073e+00,3.112573552843889146e-01,-2.112538173689094911e+00
1.682799999999999940e+01,1.675000000000000000e+03,1.800000000000000000e+03,1.030909049230932073e+00,3.112573552843889146e-01,-2.112538173689094911e+00
1.684499999999999886e+01,1.675000000000000000e+03,1.800000000000000000e+03,1.033888829019122380e+00,3.084480281201580354e-01,-2.156433485309973808e+00
1.686199999999999832e+01,1.675000000000000000e+03,1.800000000000000000e+03,1.033888829019122380e+00,3.084480281201580354e-01,-2.156433485309973808e+00
1.687900000000000134e+01,1.675000000000000000e+03,1.800000000000000000e+03,1.033888829019122380e+00,3.084480281201580354e-01,-2.156433485309973808e+00
1.689600000000000080e+01,1.675000000000000000e+03,1.800000000000000000e+03,1.037262253796655376e+00,3.082396230105857171e-01,-2.130848222511235956e+00
1.691300000000000026e+01,1.675000000000000000e+03,1.800000000000000000e+03,1.040881487362869340e+00,3.040826773094691404e-01,-2.157550576845899570e+00
1.693100000000000094e+01,1.675000000000000000e+03,1.800000000000000000e+03,1.043210115829023676e+00,3.026288883434951060e-01,-2.157964558332552407e+00
1.694800000000000040e+01,1.675000000000000000e+03,1.800000000000000000e+03,1.047222108488379266e+00,3.010716684193894821e-01,-2.140414931133049592e+00
1.696499999999999986e+01,1.675000000000000000e+03,1.800000000000000000e+03,1.047222108488379266e+00,3.010716684193894821e-01,-2.140414931133049592e+00
1.698199999999999932e+01,1.675000000000000000e+03,1.800000000000000000e+03,1.050610141625353045e+00,2.982454885471801376e-01,-2.171882849881524802e+00
1.699899999999999878e+01,1.675000000000000000e+03,1.800000000000000000e+03,1.060117196665880224e+00,2.911263626195310650e-01,-2.173394755396565348e+00
1.701599999999999824e+01,1.675000000000000000e+03,1.800000000000000000e+03,1.063493557694302094e+00,2.883092267986118173e-01,-2.186688782215727933e+00
1.703300000000000125e+01,1.675000000000000000e+03,1.800000000000000000e+03,1.063493557694302094e+00,2.883092267986118173e-01,-2.186688782215727933e+00
1.705099999999999838e+01,1.675000000000000000e+03,1.800000000000000000e+03,1.063493557694302094e+00,2.883092267986118173e-01,-2.186688782215727933e+00
1.706800000000000139e+01,1.675000000000000000e+03,1.800000000000000000e+03,1.067490710549526378e+00,2.867588215778473781e-01,-2.187087961057564645e+00
1.708500000000000085e+01,1.675000000000000000e+03,1.800000000000000000e+03,1.067490710549526378e+00,2.867588215778473781e-01,-2.187087961057564645e+00
1.710200000000000031e+01,1.675000000000000000e+03,1.800000000000000000e+03,1.070656483217210297e+00,2.826567128527637252e-01,-2.200178967718585454e+00
1.712000000000000099e+01,1.675000000000000000e+03,1.800000000000000000e+03,1.070656483217210297e+00,2.826567128527637252e-01,-2.200178967718585454e+00
1.713700000000000045e+01,1.675000000000000000e+03,1.800000000000000000e+03,1.086198391191373958e+00,2.713048843240208896e-01,-2.214727436533898253e+00
1.715399999999999991e+01,1.675000000000000000e+03,1.800000000000000000e+03,1.100427390077771017e+00,2.600718715725367503e-01,-2.285696156973960669e+00
1.717099999999999937e+01,1.675000000000000000e+03,1.800000000000000000e+03,1.103353260654351686e+00,2.598909872430921197e-01,-2.285870030604236547e+00
1.718799999999999883e+01,1.675000000000000000e+03,1.800000000000000000e+03,1.103353260654351686e+00,2.598909872430921197e-01,-2.285870030604236547e+00
1.720499999999999829e+01,1.675000000000000000e+03,1.800000000000000000e+03,1.107521808749950765e+00,2.544706741319080479e-01,-2.286889386493879073e+00
1.722200000000000131e+01,1.675000000000000000e+03,1.800000000000000000e+03,1.109397692822979176e+00,2.530655147291129836e-01,-2.333946375371441562e+00
1.723900000000000077e+01,1.675000000000000000e+03,1.800000000000000000e+03,1.109397692822979176e+00,2.530655147291129836e-01,-2.333946375371441562e+00
1.725700000000000145e+01,1.675000000000000000e+03,1.800000000000000000e+03,1.114185740169356009e+00,2.489054308676390548e-01,-2.287906711588016950e+00
1.727400000000000091e+01,1.675000000000000000e+03,1.800000000000000000e+03,1.116475332633810602e+00,2.474770369324108543e-01,-2.346130662335816464e+00
1.729100000000000037e+01,1.675000000000000000e+03,1.800000000000000000e+03,1.116475332633810602e+00,2.474770369324108543e-01,-2.346130662335816464e+00
1.730799999999999983e+01,1.675000000000000000e+03,1.800000000000000000e+03,1.116475332633810602e+00,2.474770369324108543e-01,-2.346130662335816464e+00
1.732600000000000051e+01,1.675000000000000000e+03,1.800000000000000000e+03,1.120014579510075103e+00,2.459719782208109606e-01,-2.300340438485855010e+00
1.734400000000000119e+01,1.675000000000000000e+03,1.800000000000000000e+03,1.129974010087257508e+00,2.376508402573538348e-01,-2.359031696396673095e+00
1.736100000000000065e+01,1.675000000000000000e+03,1.800000000000000000e+03,1.129974010087257508e+00,2.376508402573538348e-01,-2.359031696396673095e+00
1.737800000000000011e+01,1.675000000000000000e+03,1.800000000000000000e+03,1.133487350297202489e+00,2.335887218604097981e-01,-2.349019379544540431e+00
1.739499999999999957e+01,1.675000000000000000e+03,1.800000000000000000e+03,1.136598129184049899e+00,2.321159753087123079e-01,-2.370735211111661744e+00
1.741199999999999903e+01,1.675000000000000000e+03,1.800000000000000000e+03,1.136598129184049899e+00,2.321159753087123079e-01,-2.370735211111661744e+00
1.742899999999999849e+01,1.675000000000000000e+03,1.800000000000000000e+03,1.139688097566121217e+00,2.280869462524943714e-01,-2.349978149301082730e+00
1.744600000000000151e+01,1.675000000000000000e+03,1.800000000000000000e+03,1.139688097566121217e+00,2.280869462524943714e-01,-2.349978149301082730e+00
1.746300000000000097e+01,1.675000000000000000e+03,1.800000000000000000e+03,1.139688097566121217e+00,2.280869462524943714e-01,-2.349978149301082730e+00
1.748100000000000165e+01,1.675000000000000000e+03,1.800000000000000000e+03,1.143209883837651430e+00,2.265911302695977625e-01,-2.382209711382627937e+00
1.749800000000000111e+01,1.675000000000000000e+03,1.800000000000000000e+03,1.156370073787009289e+00,2.130274441061921209e-01,-2.374177139389773039e+00
1.751500000000000057e+01,1.675000000000000000e+03,1.800000000000000000e+03,1.156370073787009289e+00,2.130274441061921209e-01,-2.374177139389773039e+00
1.753200000000000003e+01,1.675000000000000000e+03,1.800000000000000000e+03,1.158442169613241868e+00,2.128994852063756937e-01,-2.384834742285320885e+00
1.754899999999999949e+01,1.675000000000000000e+03,1.800000000000000000e+03,1.162942134360404278e+00,2.075372426263157877e-01,-2.385608655623309371e+00
1.756599999999999895e+01,1.675000000000000000e+03,1.800000000000000000e+03,1.165204094551057112e+00,2.061279124442307875e-01,-2.422727972484653769e+00
1.758299999999999841e+01,1.675000000000000000e+03,1.800000000000000000e+03,1.165204094551057112e+00,2.061279124442307875e-01,-2.422727972484653769e+00
1.760000000000000142e+01,1.675000000000000000e+03,1.800000000000000000e+03,1.183598033259446458e+00,1.898006066446438211e-01,-2.455033291213977620e+00
1.761700000000000088e+01,1.675000000000000000e+03,1.800000000000000000e+03,1.183598033259446458e+00,1.898006066446438211e-01,-2.455033291213977620e+00
1.763400000000000034e+01,1.675000000000000000e+03,1.800000000000000000e+03,1.190304743758987538e+00,1.830807575058823744e-01,-2.493959857996538076e+00
1.765099999999999980e+01,1.675000000000000000e+03,1.800000000000000000e+03,1.190304743758987538e+00,1.830807575058823744e-01,-2.493959857996538076e+00
1.766900000000000048e+01,1.675000000000000000e+03,1.800000000000000000e+03,1.190304743758987538e+00,1.830807575058823744e-01,-2.493959857996538076e+00
1.768599999999999994e+01,1.675000000000000000e+03,1.800000000000000000e+03,1.193971829513126082e+00,1.803360617639722108e-01,-2.456590224110889675e+00
1.770299999999999940e+01,1.675000000000000000e+03,1.800000000000000000e+03,1.202667241132602927e+00,1.710026322962256984e-01,-2.513830322960257213e+00
1.772100000000000009e+01,1.675000000000000000e+03,1.800000000000000000e+03,1.202667241132602927e+00,1.710026322962256984e-01,-2.513830322960257213e+00
1.773799999999999955e+01,1.675000000000000000e+03,1.800000000000000000e+03,1.206502798147228050e+00,1.670042826154354287e-01,-2.505405567617981166e+00
1.775499999999999901e+01,1.675000000000000000e+03,1.800000000000000000e+03,1.209741514272126839e+00,1.642995172458281417e-01,-2.506074721692790774e+00
1.777199999999999847e+01,1.675000000000000000e+03,1.800000000000000000e+03,1.216209954441269225e+00,1.588972761295943670e-01,-2.515923797070636958e+00
1.778900000000000148e+01,1.675000000000000000e+03,1.800000000000000000e+03,1.216209954441269225e+00,1.588972761295943670e-01,-2.515923797070636958e+00
1.780699999999999861e+01,1.675000000000000000e+03,1.800000000000000000e+03,1.216209954441269225e+00,1.588972761295943670e-01,-2.515923797070636958e+00
1.782499999999999929e+01,1.675000000000000000e+03,1.800000000000000000e+03,1.218798210226595513e+00,1.549908355284603800e-01,-2.555037384692118163e+00
1.784299999999999997e+01,1.675000000000000000e+03,1.800000000000000000e+03,1.218798210226595513e+00,1.549908355284603800e-01,-2.555037384692118163e+00
1.785999999999999943e+01,1.675000000000000000e+03,1.800000000000000000e+03,1.218798210226595513e+00,1.549908355284603800e-01,-2.555037384692118163e+00
1.787600000000000122e+01,1.675000000000000000e+03,1.800000000000000000e+03,1.230867381642013703e+00,1.442799673591830256e-01,-2.573351705622548558e+00
1.789399999999999835e+01,1.675000000000000000e+03,1.800000000000000000e+03,1.235075188240484900e+00,1.402921452150698300e-01,-2.573954200531612724e+00
1.791100000000000136e+01,1.675000000000000000e+03,1.800000000000000000e+03,1.235075188240484900e+00,1.402921452150698300e-01,-2.573954200531612724e+00
1.792800000000000082e+01,1.675000000000000000e+03,1.800000000000000000e+03,1.237059707314110524e+00,1.376868476343329206e-01,-2.613764458619645126e+00
1.794500000000000028e+01,1.675000000000000000e+03,1.800000000000000000e+03,1.237059707314110524e+00,1.376868476343329206e-01,-2.613764458619645126e+00
1.796199999999999974e+01,1.675000000000000000e+03,1.800000000000000000e+03,1.244871009333250900e+00,1.310079761822651179e-01,-2.566984096376794255e+00
1.798000000000000043e+01,1.675000000000000000e+03,1.800000000000000000e+03,1.244871009333250900e+00,1.310079761822651179e-01,-2.566984096376794255e+00
1.799699999999999989e+01,1.675000000000000000e+03,1.800000000000000000e+03,1.246031891261685010e+00,1.284610117978033372e-01,-2.622736519748015471e+00
1.801599999999999824e+01,1.675000000000000000e+03,1.800000000000000000e+03,1.246031891261685010e+00,1.284610117978033372e-01,-2.622736519748015471e+00
1.803300000000000125e+01,1.675000000000000000e+03,1.800000000000000000e+03,1.250217907805492246e+00,1.244943920210106469e-01,-2.623287983960576497e+00
1.805000000000000071e+01,1.675000000000000000e+03,1.800000000000000000e+03,1.251611974715221010e+00,1.231733639128806956e-01,-2.630946068059716758e+00
1.806700000000000017e+01,1.675000000000000000e+03,1.800000000000000000e+03,1.258910868441591280e+00,1.140925560693579754e-01,-2.632029739591079665e+00
1.808399999999999963e+01,1.675000000000000000e+03,1.800000000000000000e+03,1.258910868441591280e+00,1.140925560693579754e-01,-2.632029739591079665e+00
1.810099999999999909e+01,1.675000000000000000e+03,1.800000000000000000e+03,1.278800399689980605e+00,9.201710923466510650e-02,-2.688053672695196017e+00
1.811899999999999977e+01,1.675000000000000000e+03,1.800000000000000000e+03,1.278800399689980605e+00,9.201710923466510650e-02,-2.688053672695196017e+00
1.813500000000000156e+01,1.675000000000000000e+03,1.800000000000000000e+03,1.278800399689980605e+00,9.201710923466510650e-02,-2.688053672695196017e+00
1.815299999999999869e+01,1.675000000000000000e+03,1.800000000000000000e+03,1.281886106141039594e+00,8.694321621565670455e-02,-2.695189704639101791e+00
1.817000000000000171e+01,1.675000000000000000e+03,1.800000000000000000e+03,1.285208526027587617e+00,8.308166722639143131e-02,-2.688944810310955447e+00
1.818799999999999883e+01,1.675000000000000000e+03,1.800000000000000000e+03,1.287555826668512093e+00,8.050188170322059023e-02,-2.741534471825995301e+00
1.820499999999999829e+01,1.675000000000000000e+03,1.800000000000000000e+03,1.290305307301409687e+00,7.789963366429741853e-02,-2.696131681642642164e+00
1.822299999999999898e+01,1.675000000000000000e+03,1.800000000000000000e+03,1.290305307301409687e+00,7.789963366429741853e-02,-2.696131681642642164e+00
1.823999999999999844e+01,1.675000000000000000e+03,1.800000000000000000e+03,1.300947580712330520e+00,6.389944237166744756e-02,-2.704003252518564882e+00
1.825700000000000145e+01,1.675000000000000000e+03,1.800000000000000000e+03,1.300947580712330520e+00,6.389944237166744756e-02,-2.704003252518564882e+00
1.827400000000000091e+01,1.675000000000000000e+03,1.800000000000000000e+03,1.300947580712330520e+00,6.389944237166744756e-02,-2.704003252518564882e+00
1.829100000000000037e+01,1.675000000000000000e+03,1.800000000000000000e+03,1.303841044829785911e+00,6.009288130212908641e-02,-2.704399544868846927e+00
1.830900000000000105e+01,1.675000000000000000e+03,1.800000000000000000e+03,1.307290447607691419e+00,5.504979027449419249e-02,-2.704857940093543966e+00
1.832600000000000051e+01,1.675000000000000000e+03,1.800000000000000000e+03,1.307290447607691419e+00,5.504979027449419249e-02,-2.704857940093543966e+00
1.834299999999999997e+01,1.675000000000000000e+03,1.800000000000000000e+03,1.307290447607691419e+00,5.504979027449419249e-02,-2.704857940093543966e+00
1.836100000000000065e+01,1.675000000000000000e+03,1.800000000000000000e+03,1.311940444270494499e+00,4.994186247801124523e-02,-2.717826592448866929e+00
1.837800000000000011e+01,1.675000000000000000e+03,1.800000000000000000e+03,1.314974810746019518e+00,4.494089109605603483e-02,-2.712063274525703171e+00
1.839499999999999957e+01,1.675000000000000000e+03,1.800000000000000000e+03,1.319763793724646028e+00,3.864070735569047343e-02,-2.756889566413221360e+00
1.841300000000000026e+01,1.675000000000000000e+03,1.800000000000000000e+03,1.322785380507102149e+00,3.365925471948116865e-02,-2.757238517875646888e+00
1.842999999999999972e+01,1.675000000000000000e+03,1.800000000000000000e+03,1.322785380507102149e+00,3.365925471948116865e-02,-2.757238517875646888e+00
1.844699999999999918e+01,1.675000000000000000e+03,1.800000000000000000e+03,1.325344057279484566e+00,3.230541279913889952e-02,-2.757290080249630293e+00
1.846399999999999864e+01,1.675000000000000000e+03,1.800000000000000000e+03,1.327404273090276199e+00,2.858889423342603209e-02,-2.763296934191195930e+00
1.848100000000000165e+01,1.675000000000000000e+03,1.800000000000000000e+03,1.327404273090276199e+00,2.858889423342603209e-02,-2.763296934191195930e+00
1.850000000000000000e+01,1.675000000000000000e+03,1.800000000000000000e+03,1.327404273090276199e+00,2.858889423342603209e-02,-2.763296934191195930e+00
1.851599999999999824e+01,1.675000000000000000e+03,1.800000000000000000e+03,1.333667697456594636e+00,1.984650678040100757e-02,-2.764031299113817841e+00
1.853399999999999892e+01,1.675000000000000000e+03,1.800000000000000000e+03,1.336117746444522636e+00,1.612175802315718443e-02,-2.807507531591599825e+00
1.855099999999999838e+01,1.675000000000000000e+03,1.800000000000000000e+03,1.336117746444522636e+00,1.612175802315718443e-02,-2.807507531591599825e+00
1.856800000000000139e+01,1.675000000000000000e+03,1.800000000000000000e+03,1.336117746444522636e+00,1.612175802315718443e-02,-2.807507531591599825e+00
1.858500000000000085e+01,1.675000000000000000e+03,1.800000000000000000e+03,1.357591124131596327e+00,-1.362370201436657879e-02,-2.852329730013718923e+00
1.860200000000000031e+01,1.675000000000000000e+03,1.800000000000000000e+03,1.360517718034981005e+00,-1.497969923710229523e-02,-2.856771690074007441e+00
1.861899999999999977e+01,1.675000000000000000e+03,1.800000000000000000e+03,1.360517718034981005e+00,-1.497969923710229523e-02,-2.856771690074007441e+00
1.863599999999999923e+01,1.675000000000000000e+03,1.800000000000000000e+03,1.360517718034981005e+00,-1.497969923710229523e-02,-2.856771690074007441e+00
1.865399999999999991e+01,1.675000000000000000e+03,1.800000000000000000e+03,1.365492693209172437e+00,-2.351855105405586954e-02,-2.857283487117314280e+00
1.867099999999999937e+01,1.675000000000000000e+03,1.800000000000000000e+03,1.367903462734941122e+00,-2.718735735806188103e-02,-2.899020633253078572e+00
1.868799999999999883e+01,1.675000000000000000e+03,1.800000000000000000e+03,1.367903462734941122e+00,-2.718735735806188103e-02,-2.899020633253078572e+00
1.870599999999999952e+01,1.675000000000000000e+03,1.800000000000000000e+03,1.367903462734941122e+00,-2.718735735806188103e-02,-2.899020633253078572e+00
1.872299999999999898e+01,1.675000000000000000e+03,1.800000000000000000e+03,1.370707342865637113e+00,-3.087537942300588867e-02,-2.899237831091179718e+00
1.873999999999999844e+01,1.675000000000000000e+03,1.800000000000000000e+03,1.370707342865637113e+00,-3.087537942300588867e-02,-2.899237831091179718e+00
1.875799999999999912e+01,1.675000000000000000e+03,1.800000000000000000e+03,1.373648405305627040e+00,-3.573753821333003344e-02,-2.903211854287858440e+00
1.877499999999999858e+01,1.675000000000000000e+03,1.800000000000000000e+03,1.381235012820737795e+00,-4.670660558693473519e-02,-2.940835373109162987e+00
1.879200000000000159e+01,1.675000000000000000e+03,1.800000000000000000e+03,1.383625726861644978e+00,-5.034564129200447269e-02,-2.941013408441547572e+00
1.880900000000000105e+01,1.675000000000000000e+03,1.800000000000000000e+03,1.383625726861644978e+00,-5.034564129200447269e-02,-2.941013408441547572e+00
1.882600000000000051e+01,1.675000000000000000e+03,1.800000000000000000e+03,1.386545578228891129e+00,-5.517460577570254543e-02,-2.941191045784188773e+00
1.884299999999999997e+01,1.675000000000000000e+03,1.800000000000000000e+03,1.388397895073121502e+00,-5.760973263940272204e-02,-2.944410059244956912e+00
1.885999999999999943e+01,1.675000000000000000e+03,1.800000000000000000e+03,1.388397895073121502e+00,-5.760973263940272204e-02,-2.944410059244956912e+00
1.887699999999999889e+01,1.675000000000000000e+03,1.800000000000000000e+03,1.391173358579451680e+00,-6.125850609055127904e-02,-2.941388750861662071e+00
1.889399999999999835e+01,1.675000000000000000e+03,1.800000000000000000e+03,1.393551486519370330e+00,-6.487891380115229367e-02,-2.944778254793672723e+00
1.891199999999999903e+01,1.675000000000000000e+03,1.800000000000000000e+03,1.395668543668003414e+00,-6.963589946216064419e-02,-2.944951686508281430e+00
1.892899999999999849e+01,1.675000000000000000e+03,1.800000000000000000e+03,1.395668543668003414e+00,-6.963589946216064419e-02,-2.944951686508281430e+00
1.894699999999999918e+01,1.675000000000000000e+03,1.800000000000000000e+03,1.402908151872959586e+00,-8.161107592070759864e-02,-2.984661227256477201e+00
1.896399999999999864e+01,1.675000000000000000e+03,1.800000000000000000e+03,1.402908151872959586e+00,-8.161107592070759864e-02,-2.984661227256477201e+00
1.898000000000000043e+01,1.675000000000000000e+03,1.800000000000000000e+03,1.405270132013979101e+00,-8.520548853151588276e-02,-3.023191563670010851e+00
1.899699999999999989e+01,1.675000000000000000e+03,1.800000000000000000e+03,1.407496537848512697e+00,-8.763837476601032961e-02,-3.023293990397681430e+00
1.901399999999999935e+01,1.675000000000000000e+03,1.800000000000000000e+03,1.407496537848512697e+00,-8.763837476601032961e-02,-3.023293990397681430e+00
1.903200000000000003e+01,1.675000000000000000e+03,1.800000000000000000e+03,1.407496537848512697e+00,-8.763837476601032961e-02,-3.023293990397681430e+00
1.904899999999999949e+01,1.675000000000000000e+03,1.800000000000000000e+03,1.412077866584068975e+00,-9.709138002686401592e-02,-3.023498047111350395e+00
1.906599999999999895e+01,1.675000000000000000e+03,1.800000000000000000e+03,1.412077866584068975e+00,-9.709138002686401592e-02,-3.023498047111350395e+00
1.908299999999999841e+01,1.675000000000000000e+03,1.800000000000000000e+03,1.414558251778828435e+00,-1.018176671975901115e-01,-3.023599678229075050e+00
1.910099999999999909e+01,1.675000000000000000e+03,1.800000000000000000e+03,1.414558251778828435e+00,-1.018176671975901115e-01,-3.023599678229075050e+00
1.911799999999999855e+01,1.675000000000000000e+03,1.800000000000000000e+03,1.414558251778828435e+00,-1.018176671975901115e-01,-3.023599678229075050e+00
1.913599999999999923e+01,1.675000000000000000e+03,1.800000000000000000e+03,1.435792871792116898e+00,-1.428184613134266812e-01,-3.063305957138190649e+00
1.915299999999999869e+01,1.675000000000000000e+03,1.800000000000000000e+03,1.437720350219761745e+00,-1.463121739666330967e-01,-3.099045945119520251e+00
1.917000000000000171e+01,1.675000000000000000e+03,1.800000000000000000e+03,1.437720350219761745e+00,-1.463121739666330967e-01,-3.099045945119520251e+00
1.918700000000000117e+01,1.675000000000000000e+03,1.800000000000000000e+03,1.439769939061480652e+00,-1.509329971666648618e-01,-3.099080885312828215e+00
1.920400000000000063e+01,1.675000000000000000e+03,1.800000000000000000e+03,1.439769939061480652e+00,-1.509329971666648618e-01,-3.099080885312828215e+00
1.922200000000000131e+01,1.675000000000000000e+03,1.800000000000000000e+03,1.439769939061480652e+00,-1.509329971666648618e-01,-3.099080885312828215e+00
1.923900000000000077e+01,1.675000000000000000e+03,1.800000000000000000e+03,1.441816113563329171e+00,-1.555461483983782145e-01,-3.099115676389236906e+00
1.925600000000000023e+01,1.675000000000000000e+03,1.800000000000000000e+03,1.444245665974426940e+00,-1.601745539219994185e-01,-3.099150318636547219e+00
1.927400000000000091e+01,1.675000000000000000e+03,1.800000000000000000e+03,1.446161792731515350e+00,-1.636465174646106746e-01,-3.099184812344746298e+00
1.929100000000000037e+01,1.675000000000000000e+03,1.800000000000000000e+03,1.446161792731515350e+00,-1.636465174646106746e-01,-3.099184812344746298e+00
1.930799999999999983e+01,1.675000000000000000e+03,1.800000000000000000e+03,1.448584149650380404e+00,-1.682614338536518872e-01,-3.100384334968306010e+00
1.932600000000000051e+01,1.675000000000000000e+03,1.800000000000000000e+03,1.448584149650380404e+00,-1.682614338536518872e-01,-3.100384334968306010e+00
1.934499999999999886e+01,1.675000000000000000e+03,1.800000000000000000e+03,1.454044310727420353e+00,-1.797310546381165608e-01,-3.134569560561694335e+00
1.936299999999999955e+01,1.675000000000000000e+03,1.800000000000000000e+03,1.455947509963166020e+00,-1.831785870678332984e-01,-3.134574405218899074e+00
1.938100000000000023e+01,1.675000000000000000e+03,1.800000000000000000e+03,1.457968365154357571e+00,-1.877383667663448108e-01,-3.134579150908585632e+00
1.939799999999999969e+01,1.675000000000000000e+03,1.800000000000000000e+03,1.457968365154357571e+00,-1.877383667663448108e-01,-3.134579150908585632e+00
1.941499999999999915e+01,1.675000000000000000e+03,1.800000000000000000e+03,1.459601425155379273e+00,-1.922679765471828617e-01,-3.134578229914864345e+00
1.943199999999999861e+01,1.675000000000000000e+03,1.800000000000000000e+03,1.459601425155379273e+00,-1.922679765471828617e-01,-3.134578229914864345e+00
1.944900000000000162e+01,1.675000000000000000e+03,1.800000000000000000e+03,1.461615926233966078e+00,-1.968127639728773914e-01,-3.134582836576047526e+00
1.946600000000000108e+01,1.675000000000000000e+03,1.800000000000000000e+03,1.461615926233966078e+00,-1.968127639728773914e-01,-3.134582836576047526e+00
1.948499999999999943e+01,1.675000000000000000e+03,1.800000000000000000e+03,1.463508490225117864e+00,-2.002390203794259804e-01,-3.134587344695052291e+00
1.950100000000000122e+01,1.675000000000000000e+03,1.800000000000000000e+03,1.469023481956339472e+00,-2.126831514165692383e-01,3.115315514791421769e+00
1.951899999999999835e+01,1.675000000000000000e+03,1.800000000000000000e+03,1.470640088693293102e+00,-2.171719082295071601e-01,3.115696011017632827e+00
1.953600000000000136e+01,1.675000000000000000e+03,1.800000000000000000e+03,1.470640088693293102e+00,-2.171719082295071601e-01,3.115696011017632827e+00
1.955199999999999960e+01,1.675000000000000000e+03,1.800000000000000000e+03,1.472902410164595111e+00,-2.205952996420785794e-01,3.115717980776413931e+00
1.957000000000000028e+01,1.675000000000000000e+03,1.800000000000000000e+03,1.472902410164595111e+00,-2.205952996420785794e-01,3.115717980776413931e+00
1.958699999999999974e+01,1.675000000000000000e+03,1.800000000000000000e+03,1.487391637808250344e+00,-2.541307545737554463e-01,3.084208267464314979e+00
1.960399999999999920e+01,1.675000000000000000e+03,1.800000000000000000e+03,1.487391637808250344e+00,-2.541307545737554463e-01,3.084208267464314979e+00
1.962099999999999866e+01,1.675000000000000000e+03,1.800000000000000000e+03,1.488981079101070248e+00,-2.585520148930875450e-01,3.084257062699932384e+00
1.966000000000000014e+01,1.675000000000000000e+03,1.800000000000000000e+03,1.488981079101070248e+00,-2.585520148930875450e-01,3.084257062699932384e+00
1.969399999999999906e+01,1.675000000000000000e+03,1.800000000000000000e+03,1.488981079101070248e+00,-2.585520148930875450e-01,3.084257062699932384e+00
1.971699999999999875e+01,1.675000000000000000e+03,1.800000000000000000e+03,1.490947270012784598e+00,-2.629881678799099731e-01,3.023397311457619807e+00
1.973400000000000176e+01,1.675000000000000000e+03,1.800000000000000000e+03,1.490947270012784598e+00,-2.629881678799099731e-01,3.023397311457619807e+00
1.975799999999999912e+01,1.675000000000000000e+03,1.800000000000000000e+03,1.495959297670802268e+00,-2.751284140812426671e-01,3.023674942094868090e+00
1.977499999999999858e+01,1.675000000000000000e+03,1.800000000000000000e+03,1.501435748730322484e+00,-2.883126221527669841e-01,3.024599913100989301e+00
1.979200000000000159e+01,1.675000000000000000e+03,1.800000000000000000e+03,1.501435748730322484e+00,-2.883126221527669841e-01,3.024599913100989301e+00
1.980900000000000105e+01,1.675000000000000000e+03,1.800000000000000000e+03,1.501435748730322484e+00,-2.883126221527669841e-01,3.024599913100989301e+00
1.982700000000000173e+01,1.675000000000000000e+03,1.800000000000000000e+03,1.502517745245451231e+00,-2.915822960047798063e-01,2.966294518118901546e+00
1.984400000000000119e+01,1.675000000000000000e+03,1.800000000000000000e+03,1.504569416588842801e+00,-2.970375026616967062e-01,2.995448225095580952e+00
1.986100000000000065e+01,1.675000000000000000e+03,1.800000000000000000e+03,1.511288855792054964e+00,-3.154901794343309973e-01,2.938603139319351243e+00
1.987800000000000011e+01,1.675000000000000000e+03,1.800000000000000000e+03,1.511288855792054964e+00,-3.154901794343309973e-01,2.938603139319351243e+00
1.989499999999999957e+01,1.675000000000000000e+03,1.800000000000000000e+03,1.511288855792054964e+00,-3.154901794343309973e-01,2.938603139319351243e+00
1.991199999999999903e+01,1.675000000000000000e+03,1.800000000000000000e+03,1.512841150198422246e+00,-3.198124085216518253e-01,2.940268237563520071e+00
1.992899999999999849e+01,1.675000000000000000e+03,1.800000000000000000e+03,1.513641097056157125e+00,-3.240845928610056603e-01,2.940423929200535191e+00
1.994600000000000151e+01,1.675000000000000000e+03,1.800000000000000000e+03,1.515563646066859338e+00,-3.284145575075214651e-01,2.940566522150642292e+00
1.996300000000000097e+01,1.675000000000000000e+03,1.800000000000000000e+03,1.515563646066859338e+00,-3.284145575075214651e-01,2.940566522150642292e+00
1.997899999999999920e+01,1.675000000000000000e+03,1.800000000000000000e+03,1.516734474474088046e+00,-3.326945820746631810e-01,2.942196513573078764e+00
1.999699999999999989e+01,1.675000000000000000e+03,1.800000000000000000e+03,1.518487224547171000e+00,-3.391018460528689715e-01,2.915136595481547133e+00
2.001399999999999935e+01,1.675000000000000000e+03,1.800000000000000000e+03,1.521980205662683439e+00,-3.518705893990938804e-01,2.915636773174238083e+00
2.003099999999999881e+01,1.675000000000000000e+03,1.800000000000000000e+03,1.521980205662683439e+00,-3.518705893990938804e-01,2.915636773174238083e+00
2.004799999999999827e+01,1.675000000000000000e+03,1.800000000000000000e+03,1.523037209901356714e+00,-3.550639229990446566e-01,2.915808195162739036e+00
2.006500000000000128e+01,1.675000000000000000e+03,1.800000000000000000e+03,1.524671967017338758e+00,-3.603705921828552761e-01,2.915964158788100669e+00
2.008200000000000074e+01,1.675000000000000000e+03,1.800000000000000000e+03,1.524671967017338758e+00,-3.603705921828552761e-01,2.915964158788100669e+00
2.009900000000000020e+01,1.675000000000000000e+03,1.800000000000000000e+03,1.524671967017338758e+00,-3.603705921828552761e-01,2.915964158788100669e+00
2.011599999999999966e+01,1.675000000000000000e+03,1.800000000000000000e+03,1.532360047214967658e+00,-3.898143814248200556e-01,2.866614949639377574e+00
2.013299999999999912e+01,1.675000000000000000e+03,1.800000000000000000e+03,1.533134345680976951e+00,-3.939761709284619329e-01,2.866816409030070734e+00
2.015099999999999980e+01,1.675000000000000000e+03,1.800000000000000000e+03,1.533134345680976951e+00,-3.939761709284619329e-01,2.866816409030070734e+00
2.016700000000000159e+01,1.675000000000000000e+03,1.800000000000000000e+03,1.534277075041737159e+00,-3.981523747256332513e-01,2.867017609982095205e+00
2.018400000000000105e+01,1.675000000000000000e+03,1.800000000000000000e+03,1.537694494966110881e+00,-4.106416136488393320e-01,2.817572302678157392e+00
2.020100000000000051e+01,1.675000000000000000e+03,1.800000000000000000e+03,1.537694494966110881e+00,-4.106416136488393320e-01,2.817572302678157392e+00
2.021799999999999997e+01,1.675000000000000000e+03,1.800000000000000000e+03,1.538093154660572726e+00,-4.147500358491447159e-01,2.817801762366249463e+00
2.023499999999999943e+01,1.675000000000000000e+03,1.800000000000000000e+03,1.539426037111809586e+00,-4.209422050920998970e-01,2.842860815609879577e+00
2.025300000000000011e+01,1.675000000000000000e+03,1.800000000000000000e+03,1.539426037111809586e+00,-4.209422050920998970e-01,2.842860815609879577e+00
2.026999999999999957e+01,1.675000000000000000e+03,1.800000000000000000e+03,1.540656943673069046e+00,-4.260981690945557787e-01,2.870512478878915807e+00
2.028699999999999903e+01,1.675000000000000000e+03,1.800000000000000000e+03,1.541320849532612947e+00,-4.291827794978138044e-01,2.845619432554178818e+00
2.030399999999999849e+01,1.675000000000000000e+03,1.800000000000000000e+03,1.541320849532612947e+00,-4.291827794978138044e-01,2.845619432554178818e+00
2.032100000000000151e+01,1.675000000000000000e+03,1.800000000000000000e+03,1.542351189354913554e+00,-4.322844270706101000e-01,2.845832176986129447e+00
2.033800000000000097e+01,1.675000000000000000e+03,1.800000000000000000e+03,1.543111564818870018e+00,-4.363799257963361100e-01,2.846044654406903351e+00
2.035500000000000043e+01,1.675000000000000000e+03,1.800000000000000000e+03,1.543968740109281867e+00,-4.414852093730452509e-01,2.821928465303678024e+00
2.037199999999999989e+01,1.675000000000000000e+03,1.800000000000000000e+03,1.543968740109281867e+00,-4.414852093730452509e-01,2.821928465303678024e+00
2.038899999999999935e+01,1.675000000000000000e+03,1.800000000000000000e+03,1.543968740109281867e+00,-4.414852093730452509e-01,2.821928465303678024e+00
2.040700000000000003e+01,1.675000000000000000e+03,1.800000000000000000e+03,1.546604322023230838e+00,-4.537303182057250694e-01,2.825082897418603523e+00
2.042399999999999949e+01,1.675000000000000000e+03,1.800000000000000000e+03,1.547820642663746860e+00,-4.588224302004606514e-01,2.825306503232325017e+00
2.044099999999999895e+01,1.675000000000000000e+03,1.800000000000000000e+03,1.547820642663746860e+00,-4.588224302004606514e-01,2.825306503232325017e+00
2.045799999999999841e+01,1.675000000000000000e+03,1.800000000000000000e+03,1.548572981811437099e+00,-4.628767700629952131e-01,2.823027630499978180e+00
2.047500000000000142e+01,1.675000000000000000e+03,1.800000000000000000e+03,1.549785281444334917e+00,-4.679511382260725938e-01,2.799529438936836367e+00
2.049200000000000088e+01,1.675000000000000000e+03,1.800000000000000000e+03,1.551283167446221523e+00,-4.760253549738084899e-01,2.800003357044012819e+00
2.050900000000000034e+01,1.675000000000000000e+03,1.800000000000000000e+03,1.551283167446221523e+00,-4.760253549738084899e-01,2.800003357044012819e+00
2.052599999999999980e+01,1.675000000000000000e+03,1.800000000000000000e+03,1.551283167446221523e+00,-4.760253549738084899e-01,2.800003357044012819e+00
2.054400000000000048e+01,1.675000000000000000e+03,1.800000000000000000e+03,1.552221724406378733e+00,-4.820545614550058033e-01,2.777088478317361719e+00
2.056099999999999994e+01,1.675000000000000000e+03,1.800000000000000000e+03,1.552221724406378733e+00,-4.820545614550058033e-01,2.777088478317361719e+00
2.057900000000000063e+01,1.675000000000000000e+03,1.800000000000000000e+03,1.553979806311993617e+00,-4.891080394754743210e-01,2.777584650867318317e+00
2.059600000000000009e+01,1.675000000000000000e+03,1.800000000000000000e+03,1.553979806311993617e+00,-4.891080394754743210e-01,2.777584650867318317e+00
2.061400000000000077e+01,1.675000000000000000e+03,1.800000000000000000e+03,1.558811569442476674e+00,-5.209374437193563523e-01,2.738000625532365895e+00
2.063100000000000023e+01,1.675000000000000000e+03,1.800000000000000000e+03,1.559746620746956580e+00,-5.307735396571926501e-01,2.713978916814105524e+00
2.064799999999999969e+01,1.675000000000000000e+03,1.800000000000000000e+03,1.559746620746956580e+00,-5.307735396571926501e-01,2.713978916814105524e+00
2.066600000000000037e+01,1.675000000000000000e+03,1.800000000000000000e+03,1.559746620746956580e+00,-5.307735396571926501e-01,2.713978916814105524e+00
2.068299999999999983e+01,1.675000000000000000e+03,1.800000000000000000e+03,1.560212830539820184e+00,-5.356775904913533282e-01,2.714254532965112432e+00
2.069999999999999929e+01,1.675000000000000000e+03,1.800000000000000000e+03,1.560678166356223917e+00,-5.405723448416388521e-01,2.697117168506475871e+00
2.071699999999999875e+01,1.675000000000000000e+03,1.800000000000000000e+03,1.561049807383493526e+00,-5.444814723840174508e-01,2.693997686269030911e+00
2.073499999999999943e+01,1.675000000000000000e+03,1.800000000000000000e+03,1.561049807383493526e+00,-5.444814723840174508e-01,2.693997686269030911e+00
2.075199999999999889e+01,1.675000000000000000e+03,1.800000000000000000e+03,1.561049807383493526e+00,-5.444814723840174508e-01,2.693997686269030911e+00
2.076899999999999835e+01,1.675000000000000000e+03,1.800000000000000000e+03,1.562242611578771090e+00,-5.532750155869696762e-01,2.694563853514001739e+00
2.078600000000000136e+01,1.675000000000000000e+03,1.800000000000000000e+03,1.563175980849900393e+00,-5.668444822774381109e-01,2.675181307374667750e+00
2.080399999999999849e+01,1.675000000000000000e+03,1.800000000000000000e+03,1.563175980849900393e+00,-5.668444822774381109e-01,2.675181307374667750e+00
2.082100000000000151e+01,1.675000000000000000e+03,1.800000000000000000e+03,1.563543889147366528e+00,-5.707139078383267616e-01,2.679038076476969010e+00
2.083899999999999864e+01,1.675000000000000000e+03,1.800000000000000000e+03,1.563543889147366528e+00,-5.707139078383267616e-01,2.679038076476969010e+00
2.085600000000000165e+01,1.675000000000000000e+03,1.800000000000000000e+03,1.563543889147366528e+00,-5.707139078383267616e-01,2.679038076476969010e+00
2.087300000000000111e+01,1.675000000000000000e+03,1.800000000000000000e+03,1.564094724004633674e+00,-5.765071172358360307e-01,2.656075987483244916e+00
2.089000000000000057e+01,1.675000000000000000e+03,1.800000000000000000e+03,1.564461263953195846e+00,-5.803619898242113884e-01,2.656371900949816123e+00
2.090700000000000003e+01,1.675000000000000000e+03,1.800000000000000000e+03,1.564470788551675984e+00,-5.841916919232179595e-01,2.660345011964056372e+00
2.092399999999999949e+01,1.675000000000000000e+03,1.800000000000000000e+03,1.564836509710294088e+00,-5.880350123731834522e-01,2.657021401408364181e+00
2.094099999999999895e+01,1.675000000000000000e+03,1.800000000000000000e+03,1.565137547578493216e+00,-6.023384924392130024e-01,2.638788754569853179e+00
2.095899999999999963e+01,1.675000000000000000e+03,1.800000000000000000e+03,1.565947273706309151e+00,-6.071269163662371682e-01,2.642864135125007952e+00
2.097599999999999909e+01,1.675000000000000000e+03,1.800000000000000000e+03,1.565947273706309151e+00,-6.071269163662371682e-01,2.642864135125007952e+00
2.099299999999999855e+01,1.675000000000000000e+03,1.800000000000000000e+03,1.565955693644846658e+00,-6.109167052039241597e-01,2.639451758516965452e+00
2.101000000000000156e+01,1.675000000000000000e+03,1.800000000000000000e+03,1.565700509874808244e+00,-6.156316877915219976e-01,2.621171063506468002e+00
2.102700000000000102e+01,1.675000000000000000e+03,1.800000000000000000e+03,1.565709116189595296e+00,-6.194088421835410863e-01,2.613630733918268501e+00
2.104500000000000171e+01,1.675000000000000000e+03,1.800000000000000000e+03,1.565709116189595296e+00,-6.194088421835410863e-01,2.613630733918268501e+00
2.106200000000000117e+01,1.675000000000000000e+03,1.800000000000000000e+03,1.566161960478554827e+00,-6.241462033312652480e-01,2.617923421548356888e+00
2.107900000000000063e+01,1.675000000000000000e+03,1.800000000000000000e+03,1.566170226204451232e+00,-6.279107231158760349e-01,2.622152058698073773e+00
2.109600000000000009e+01,1.675000000000000000e+03,1.800000000000000000e+03,1.565597471391388273e+00,-6.475502424951553593e-01,2.579713121588631530e+00
2.111299999999999955e+01,1.675000000000000000e+03,1.800000000000000000e+03,1.565344545086015948e+00,-6.521976662866819652e-01,2.562841046944604795e+00
2.112999999999999901e+01,1.675000000000000000e+03,1.800000000000000000e+03,1.565344545086015948e+00,-6.521976662866819652e-01,2.562841046944604795e+00
2.114799999999999969e+01,1.675000000000000000e+03,1.800000000000000000e+03,1.565794883736698839e+00,-6.568740927393887929e-01,2.580732414076979619e+00
2.116499999999999915e+01,1.675000000000000000e+03,1.800000000000000000e+03,1.564768652924145576e+00,-6.679501471282884850e-01,2.568480431351891635e+00
2.118199999999999861e+01,1.675000000000000000e+03,1.800000000000000000e+03,1.564257250798329668e+00,-6.734699716031706807e-01,2.560801584393956443e+00
2.119900000000000162e+01,1.675000000000000000e+03,1.800000000000000000e+03,1.564356832729308255e+00,-6.780884840216301335e-01,2.565383062279384951e+00
2.121600000000000108e+01,1.675000000000000000e+03,1.800000000000000000e+03,1.564356832729308255e+00,-6.780884840216301335e-01,2.565383062279384951e+00
2.123400000000000176e+01,1.675000000000000000e+03,1.800000000000000000e+03,1.563667112962523698e+00,-6.817363471908497452e-01,2.565779081635364722e+00
2.125000000000000000e+01,1.675000000000000000e+03,1.800000000000000000e+03,1.563237854157745410e+00,-6.844734117881747792e-01,2.549129601446462168e+00
2.126800000000000068e+01,1.675000000000000000e+03,1.800000000000000000e+03,1.563237854157745410e+00,-6.844734117881747792e-01,2.549129601446462168e+00
2.128500000000000014e+01,1.675000000000000000e+03,1.800000000000000000e+03,1.563237854157745410e+00,-6.844734117881747792e-01,2.549129601446462168e+00
2.130199999999999960e+01,1.675000000000000000e+03,1.800000000000000000e+03,1.563428044803130135e+00,-6.899940963485664547e-01,2.562311386400121016e+00
2.132000000000000028e+01,1.675000000000000000e+03,1.800000000000000000e+03,1.562144224245487711e+00,-6.981694369071327344e-01,2.546336546468129125e+00
2.133699999999999974e+01,1.675000000000000000e+03,1.800000000000000000e+03,1.562144224245487711e+00,-6.981694369071327344e-01,2.546336546468129125e+00
2.135399999999999920e+01,1.675000000000000000e+03,1.800000000000000000e+03,1.561458898067598966e+00,-7.017882461811302264e-01,2.546739895002092080e+00
2.137099999999999866e+01,1.675000000000000000e+03,1.800000000000000000e+03,1.561908510212951740e+00,-7.063732693180075906e-01,2.551373599454219043e+00
2.138899999999999935e+01,1.675000000000000000e+03,1.800000000000000000e+03,1.560271427076528994e+00,-7.108399361276886985e-01,2.510742563606884303e+00
2.140599999999999881e+01,1.675000000000000000e+03,1.800000000000000000e+03,1.560271427076528994e+00,-7.108399361276886985e-01,2.510742563606884303e+00
2.142299999999999827e+01,1.675000000000000000e+03,1.800000000000000000e+03,1.560374002163101625e+00,-7.153900877771230959e-01,2.527249038314955509e+00
2.144000000000000128e+01,1.675000000000000000e+03,1.800000000000000000e+03,1.559255141098005115e+00,-7.180540965810098264e-01,2.515961650053722742e+00
2.145799999999999841e+01,1.675000000000000000e+03,1.800000000000000000e+03,1.559255141098005115e+00,-7.180540965810098264e-01,2.515961650053722742e+00
2.147500000000000142e+01,1.675000000000000000e+03,1.800000000000000000e+03,1.557397184907614252e+00,-7.306243340508200568e-01,2.492868898221562102e+00
2.149200000000000088e+01,1.675000000000000000e+03,1.800000000000000000e+03,1.557502017884543788e+00,-7.351385011906366174e-01,2.488655165169278316e+00
2.150900000000000034e+01,1.675000000000000000e+03,1.800000000000000000e+03,1.557502017884543788e+00,-7.351385011906366174e-01,2.488655165169278316e+00
2.152599999999999980e+01,1.675000000000000000e+03,1.800000000000000000e+03,1.557502017884543788e+00,-7.351385011906366174e-01,2.488655165169278316e+00
2.154299999999999926e+01,1.675000000000000000e+03,1.800000000000000000e+03,1.556479419050280644e+00,-7.386860250592794941e-01,2.489079668273478596e+00
2.155999999999999872e+01,1.675000000000000000e+03,1.800000000000000000e+03,1.556479419050280644e+00,-7.386860250592794941e-01,2.489079668273478596e+00
2.157700000000000173e+01,1.675000000000000000e+03,1.800000000000000000e+03,1.554291365538677638e+00,-7.511346376344256726e-01,2.470741103912534431e+00
2.159400000000000119e+01,1.675000000000000000e+03,1.800000000000000000e+03,1.550958497350432896e+00,-7.723510035975147403e-01,2.458334454812215686e+00
2.161100000000000065e+01,1.675000000000000000e+03,1.800000000000000000e+03,1.549695908740391648e+00,-7.767185909157450219e-01,2.440043456196840044e+00
2.162900000000000134e+01,1.675000000000000000e+03,1.800000000000000000e+03,1.549695908740391648e+00,-7.767185909157450219e-01,2.440043456196840044e+00
2.164600000000000080e+01,1.675000000000000000e+03,1.800000000000000000e+03,1.549464014830866709e+00,-7.811317156876644852e-01,2.445195695481187759e+00
2.166300000000000026e+01,1.675000000000000000e+03,1.800000000000000000e+03,1.549464014830866709e+00,-7.811317156876644852e-01,2.445195695481187759e+00
2.167999999999999972e+01,1.675000000000000000e+03,1.800000000000000000e+03,1.549464014830866709e+00,-7.811317156876644852e-01,2.445195695481187759e+00
2.169699999999999918e+01,1.675000000000000000e+03,1.800000000000000000e+03,1.548799207673409395e+00,-7.846317127296016380e-01,2.445631618682337916e+00
2.171399999999999864e+01,1.675000000000000000e+03,1.800000000000000000e+03,1.548799207673409395e+00,-7.846317127296016380e-01,2.445631618682337916e+00
2.173100000000000165e+01,1.675000000000000000e+03,1.800000000000000000e+03,1.548799207673409395e+00,-7.846317127296016380e-01,2.445631618682337916e+00
2.174800000000000111e+01,1.675000000000000000e+03,1.800000000000000000e+03,1.546331550701820934e+00,-8.003467488629234516e-01,2.400695409990116325e+00
2.176500000000000057e+01,1.675000000000000000e+03,1.800000000000000000e+03,1.544306557219699449e+00,-8.037492363046743193e-01,2.396304589532799678e+00
2.178200000000000003e+01,1.675000000000000000e+03,1.800000000000000000e+03,1.543398877048364426e+00,-8.080790292380286566e-01,2.396752323589590006e+00
2.180000000000000071e+01,1.675000000000000000e+03,1.800000000000000000e+03,1.543398877048364426e+00,-8.080790292380286566e-01,2.396752323589590006e+00
2.181700000000000017e+01,1.675000000000000000e+03,1.800000000000000000e+03,1.543174144130898151e+00,-8.124361779523088245e-01,2.389259390006899242e+00
2.183399999999999963e+01,1.675000000000000000e+03,1.800000000000000000e+03,1.543174144130898151e+00,-8.124361779523088245e-01,2.389259390006899242e+00
2.185099999999999909e+01,1.675000000000000000e+03,1.800000000000000000e+03,1.543174144130898151e+00,-8.124361779523088245e-01,2.389259390006899242e+00
2.186899999999999977e+01,1.675000000000000000e+03,1.800000000000000000e+03,1.540933959046792090e+00,-8.201653676416174044e-01,2.380182899384595263e+00
2.188599999999999923e+01,1.675000000000000000e+03,1.800000000000000000e+03,1.538389390663827072e+00,-8.313214992727262498e-01,2.356612957795791718e+00
2.190299999999999869e+01,1.675000000000000000e+03,1.800000000000000000e+03,1.537152984841823500e+00,-8.355854583198820684e-01,2.369626340846258117e+00
2.192000000000000171e+01,1.675000000000000000e+03,1.800000000000000000e+03,1.537152984841823500e+00,-8.355854583198820684e-01,2.369626340846258117e+00
2.193700000000000117e+01,1.675000000000000000e+03,1.800000000000000000e+03,1.535487711040987913e+00,-8.389567008703799900e-01,2.347495952715670242e+00
2.195400000000000063e+01,1.675000000000000000e+03,1.800000000000000000e+03,1.534501994434001704e+00,-8.423578100287434367e-01,2.347951075796646858e+00
2.197100000000000009e+01,1.675000000000000000e+03,1.800000000000000000e+03,1.532840862011592531e+00,-8.457197198176173991e-01,2.348544678180731982e+00
2.198999999999999844e+01,1.675000000000000000e+03,1.800000000000000000e+03,1.532840862011592531e+00,-8.457197198176173991e-01,2.348544678180731982e+00
2.200700000000000145e+01,1.675000000000000000e+03,1.800000000000000000e+03,1.532168843954002213e+00,-8.551384141361597635e-01,2.337754392817464222e+00
2.202400000000000091e+01,1.675000000000000000e+03,1.800000000000000000e+03,1.532168843954002213e+00,-8.551384141361597635e-01,2.337754392817464222e+00
2.204100000000000037e+01,1.675000000000000000e+03,1.800000000000000000e+03,1.532168843954002213e+00,-8.551384141361597635e-01,2.337754392817464222e+00
2.205799999999999983e+01,1.675000000000000000e+03,1.800000000000000000e+03,1.530513697015955188e+00,-8.584827181011407404e-01,2.333064597412343399e+00
2.207499999999999929e+01,1.675000000000000000e+03,1.800000000000000000e+03,1.530513697015955188e+00,-8.584827181011407404e-01,2.333064597412343399e+00
2.209199999999999875e+01,1.675000000000000000e+03,1.800000000000000000e+03,1.518455669124061602e+00,-8.859750654114884050e-01,2.309987098016594409e+00
2.210900000000000176e+01,1.675000000000000000e+03,1.800000000000000000e+03,1.514757171030964411e+00,-8.917086287036841696e-01,2.289197713113168664e+00
2.212600000000000122e+01,1.675000000000000000e+03,1.800000000000000000e+03,1.514757171030964411e+00,-8.917086287036841696e-01,2.289197713113168664e+00
2.214399999999999835e+01,1.675000000000000000e+03,1.800000000000000000e+03,1.514757171030964411e+00,-8.917086287036841696e-01,2.289197713113168664e+00
2.216100000000000136e+01,1.675000000000000000e+03,1.800000000000000000e+03,1.512791273955987670e+00,-8.949860832234777241e-01,2.289810725549035642e+00
2.217800000000000082e+01,1.675000000000000000e+03,1.800000000000000000e+03,1.511258350810873674e+00,-8.991228618006350537e-01,2.290423124491021145e+00
2.219500000000000028e+01,1.675000000000000000e+03,1.800000000000000000e+03,1.509966994719272204e+00,-9.024238230639771707e-01,2.290879930126894948e+00
2.221199999999999974e+01,1.675000000000000000e+03,1.800000000000000000e+03,1.509966994719272204e+00,-9.024238230639771707e-01,2.290879930126894948e+00
2.223000000000000043e+01,1.675000000000000000e+03,1.800000000000000000e+03,1.508008700651503942e+00,-9.056867746036894040e-01,2.280448588887167283e+00
2.224699999999999989e+01,1.675000000000000000e+03,1.800000000000000000e+03,1.504100044468853703e+00,-9.121994726497750783e-01,2.281677396217163256e+00
2.226399999999999935e+01,1.675000000000000000e+03,1.800000000000000000e+03,1.502720458995196351e+00,-9.146413748360742169e-01,2.271605089602773297e+00
2.228099999999999881e+01,1.675000000000000000e+03,1.800000000000000000e+03,1.502720458995196351e+00,-9.146413748360742169e-01,2.271605089602773297e+00
2.229799999999999827e+01,1.675000000000000000e+03,1.800000000000000000e+03,1.500438455854067765e+00,-9.178712016680203867e-01,2.272221780074445086e+00
2.231500000000000128e+01,1.675000000000000000e+03,1.800000000000000000e+03,1.498923362523852720e+00,-9.219688678148272309e-01,2.267192657002570222e+00
2.233200000000000074e+01,1.675000000000000000e+03,1.800000000000000000e+03,1.498923362523852720e+00,-9.219688678148272309e-01,2.267192657002570222e+00
2.234900000000000020e+01,1.675000000000000000e+03,1.800000000000000000e+03,1.496647373191036801e+00,-9.251888844578228799e-01,2.273453358063531660e+00
2.236599999999999966e+01,1.675000000000000000e+03,1.800000000000000000e+03,1.495372960285699993e+00,-9.284542865180811511e-01,2.268426935719271675e+00
2.238299999999999912e+01,1.675000000000000000e+03,1.800000000000000000e+03,1.493435039952919707e+00,-9.316821704586115693e-01,2.263344413699207358e+00
2.239999999999999858e+01,1.675000000000000000e+03,1.800000000000000000e+03,1.491167309871687774e+00,-9.348892109053883459e-01,2.248153183518454501e+00
2.241700000000000159e+01,1.675000000000000000e+03,1.800000000000000000e+03,1.491167309871687774e+00,-9.348892109053883459e-01,2.248153183518454501e+00
2.243400000000000105e+01,1.675000000000000000e+03,1.800000000000000000e+03,1.489567006270856586e+00,-9.381249450815509761e-01,2.248775171983659504e+00
2.245100000000000051e+01,1.675000000000000000e+03,1.800000000000000000e+03,1.484115951905743191e+00,-9.477731601539769457e-01,2.244870355352715841e+00
2.246799999999999997e+01,1.675000000000000000e+03,1.800000000000000000e+03,1.484115951905743191e+00,-9.477731601539769457e-01,2.244870355352715841e+00
2.248600000000000065e+01,1.675000000000000000e+03,1.800000000000000000e+03,1.484115951905743191e+00,-9.477731601539769457e-01,2.244870355352715841e+00
2.250300000000000011e+01,1.675000000000000000e+03,1.800000000000000000e+03,1.481530672805023929e+00,-9.509423846282909487e-01,2.239836277353582705e+00
2.251999999999999957e+01,1.675000000000000000e+03,1.800000000000000000e+03,1.479611083727288445e+00,-9.541401387035199910e-01,2.230673479811385196e+00
2.253699999999999903e+01,1.675000000000000000e+03,1.800000000000000000e+03,1.479611083727288445e+00,-9.541401387035199910e-01,2.230673479811385196e+00
2.255499999999999972e+01,1.675000000000000000e+03,1.800000000000000000e+03,1.477694062015947107e+00,-9.573336193103134661e-01,2.231298198791374254e+00
2.257199999999999918e+01,1.675000000000000000e+03,1.800000000000000000e+03,1.476110313539868546e+00,-9.605391377619358906e-01,2.226090954397811572e+00
2.258899999999999864e+01,1.675000000000000000e+03,1.800000000000000000e+03,1.473537197728763903e+00,-9.636915173523261657e-01,2.221002459958389963e+00
2.260600000000000165e+01,1.675000000000000000e+03,1.800000000000000000e+03,1.473537197728763903e+00,-9.636915173523261657e-01,2.221002459958389963e+00
2.262300000000000111e+01,1.675000000000000000e+03,1.800000000000000000e+03,1.461461975653087553e+00,-9.826802715480358330e-01,2.189042450476121004e+00
2.264000000000000057e+01,1.675000000000000000e+03,1.800000000000000000e+03,1.461461975653087553e+00,-9.826802715480358330e-01,2.189042450476121004e+00
2.265700000000000003e+01,1.675000000000000000e+03,1.800000000000000000e+03,1.461461975653087553e+00,-9.826802715480358330e-01,2.189042450476121004e+00
2.267399999999999949e+01,1.675000000000000000e+03,1.800000000000000000e+03,1.453349792337365720e+00,-9.960581651506443812e-01,2.169215560197053083e+00
2.269099999999999895e+01,1.675000000000000000e+03,1.800000000000000000e+03,1.453349792337365720e+00,-9.960581651506443812e-01,2.169215560197053083e+00
2.270899999999999963e+01,1.675000000000000000e+03,1.800000000000000000e+03,1.449154531328818551e+00,-1.001502561518097245e+00,2.160745289815618975e+00
2.272599999999999909e+01,1.675000000000000000e+03,1.800000000000000000e+03,1.449154531328818551e+00,-1.001502561518097245e+00,2.160745289815618975e+00
2.274299999999999855e+01,1.675000000000000000e+03,1.800000000000000000e+03,1.446948867231268476e+00,-1.004617161032315575e+00,2.161379192490367807e+00
2.275900000000000034e+01,1.675000000000000000e+03,1.800000000000000000e+03,1.446948867231268476e+00,-1.004617161032315575e+00,2.161379192490367807e+00
2.277700000000000102e+01,1.675000000000000000e+03,1.800000000000000000e+03,1.446948867231268476e+00,-1.004617161032315575e+00,2.161379192490367807e+00
2.279400000000000048e+01,1.675000000000000000e+03,1.800000000000000000e+03,1.440243750715907156e+00,-1.013129498134056838e+00,2.135726776500039392e+00
2.281099999999999994e+01,1.675000000000000000e+03,1.800000000000000000e+03,1.434877298110917243e+00,-1.019276679379588213e+00,2.137194149520482256e+00
2.282799999999999940e+01,1.675000000000000000e+03,1.800000000000000000e+03,1.434877298110917243e+00,-1.019276679379588213e+00,2.137194149520482256e+00
2.284600000000000009e+01,1.675000000000000000e+03,1.800000000000000000e+03,1.434877298110917243e+00,-1.019276679379588213e+00,2.137194149520482256e+00
2.286400000000000077e+01,1.675000000000000000e+03,1.800000000000000000e+03,1.433235986731218325e+00,-1.021595552787359029e+00,2.124373252861730066e+00
2.287999999999999901e+01,1.675000000000000000e+03,1.800000000000000000e+03,1.433235986731218325e+00,-1.021595552787359029e+00,2.124373252861730066e+00
2.289699999999999847e+01,1.675000000000000000e+03,1.800000000000000000e+03,1.430723597517449708e+00,-1.024668063870103563e+00,2.119119661008249889e+00
2.291400000000000148e+01,1.675000000000000000e+03,1.800000000000000000e+03,1.429193306476080227e+00,-1.027783859132676447e+00,2.119755496157296193e+00
2.293199999999999861e+01,1.675000000000000000e+03,1.800000000000000000e+03,1.429193306476080227e+00,-1.027783859132676447e+00,2.119755496157296193e+00
2.294900000000000162e+01,1.675000000000000000e+03,1.800000000000000000e+03,1.421357981403449156e+00,-1.036949688605893982e+00,2.108965434521405502e+00
2.296600000000000108e+01,1.675000000000000000e+03,1.800000000000000000e+03,1.418752840694620598e+00,-1.039204275644210806e+00,2.104324426532787840e+00
2.298300000000000054e+01,1.675000000000000000e+03,1.800000000000000000e+03,1.418752840694620598e+00,-1.039204275644210806e+00,2.104324426532787840e+00
2.300100000000000122e+01,1.675000000000000000e+03,1.800000000000000000e+03,1.418752840694620598e+00,-1.039204275644210806e+00,2.104324426532787840e+00
2.301699999999999946e+01,1.675000000000000000e+03,1.800000000000000000e+03,1.413765853075330980e+00,-1.042925916575077938e+00,2.092203168721515016e+00
2.303399999999999892e+01,1.675000000000000000e+03,1.800000000000000000e+03,1.413765853075330980e+00,-1.042925916575077938e+00,2.092203168721515016e+00
2.305199999999999960e+01,1.675000000000000000e+03,1.800000000000000000e+03,1.411277380513230817e+00,-1.045970841149520769e+00,2.086919270872516385e+00
2.306899999999999906e+01,1.675000000000000000e+03,1.800000000000000000e+03,1.411277380513230817e+00,-1.045970841149520769e+00,2.086919270872516385e+00
2.308699999999999974e+01,1.675000000000000000e+03,1.800000000000000000e+03,1.408467224974295995e+00,-1.048996254949040363e+00,2.087762293815990766e+00
2.310500000000000043e+01,1.675000000000000000e+03,1.800000000000000000e+03,1.405874837942697742e+00,-1.051239432470924218e+00,2.088643555984807776e+00
2.312199999999999989e+01,1.675000000000000000e+03,1.800000000000000000e+03,1.383168250642410113e+00,-1.068228284868921296e+00,2.044915327179362308e+00
2.314000000000000057e+01,1.675000000000000000e+03,1.800000000000000000e+03,1.380712777794348867e+00,-1.071240778284414219e+00,2.045545330381798532e+00
2.315700000000000003e+01,1.675000000000000000e+03,1.800000000000000000e+03,1.380712777794348867e+00,-1.071240778284414219e+00,2.045545330381798532e+00
2.317500000000000071e+01,1.675000000000000000e+03,1.800000000000000000e+03,1.377175625378438850e+00,-1.073416934592944294e+00,2.045638813043468840e+00
2.319200000000000017e+01,1.675000000000000000e+03,1.800000000000000000e+03,1.374611405452712098e+00,-1.075637162609569764e+00,2.034438177035629014e+00
2.320899999999999963e+01,1.675000000000000000e+03,1.800000000000000000e+03,1.374611405452712098e+00,-1.075637162609569764e+00,2.034438177035629014e+00
2.322599999999999909e+01,1.675000000000000000e+03,1.800000000000000000e+03,1.372049609655294322e+00,-1.077855307827832565e+00,2.034046544969487780e+00
2.324299999999999855e+01,1.675000000000000000e+03,1.800000000000000000e+03,1.368844351061982323e+00,-1.080040756864939500e+00,2.029470972362779513e+00
2.326099999999999923e+01,1.675000000000000000e+03,1.800000000000000000e+03,1.359891463866673256e+00,-1.086615624612307762e+00,2.018749701926988660e+00
2.327799999999999869e+01,1.675000000000000000e+03,1.800000000000000000e+03,1.359891463866673256e+00,-1.086615624612307762e+00,2.018749701926988660e+00
2.329500000000000171e+01,1.675000000000000000e+03,1.800000000000000000e+03,1.357138177235896581e+00,-1.089589472755362110e+00,2.012988267390149577e+00
2.331299999999999883e+01,1.675000000000000000e+03,1.800000000000000000e+03,1.357138177235896581e+00,-1.089589472755362110e+00,2.012988267390149577e+00
2.332999999999999829e+01,1.675000000000000000e+03,1.800000000000000000e+03,1.350641470116195730e+00,-1.093157167324842582e+00,2.007861962622478735e+00
2.334700000000000131e+01,1.675000000000000000e+03,1.800000000000000000e+03,1.347217531033017224e+00,-1.093769872815624655e+00,2.002075855396815207e+00
2.336400000000000077e+01,1.675000000000000000e+03,1.800000000000000000e+03,1.347217531033017224e+00,-1.093769872815624655e+00,2.002075855396815207e+00
2.338100000000000023e+01,1.675000000000000000e+03,1.800000000000000000e+03,1.347217531033017224e+00,-1.093769872815624655e+00,2.002075855396815207e+00
2.339799999999999969e+01,1.675000000000000000e+03,1.800000000000000000e+03,1.344476484339143907e+00,-1.096734766873553202e+00,1.996186559232660418e+00
2.341499999999999915e+01,1.675000000000000000e+03,1.800000000000000000e+03,1.344476484339143907e+00,-1.096734766873553202e+00,1.996186559232660418e+00
2.343199999999999861e+01,1.675000000000000000e+03,1.800000000000000000e+03,1.338441727561767269e+00,-1.101084374012907929e+00,1.990942933686969729e+00
2.344900000000000162e+01,1.675000000000000000e+03,1.800000000000000000e+03,1.338441727561767269e+00,-1.101084374012907929e+00,1.990942933686969729e+00
2.349099999999999966e+01,1.675000000000000000e+03,1.800000000000000000e+03,1.335146459264846763e+00,-1.102472064763589277e+00,1.980523797095613991e+00
2.353000000000000114e+01,1.675000000000000000e+03,1.800000000000000000e+03,1.335146459264846763e+00,-1.102472064763589277e+00,1.980523797095613991e+00
2.354799999999999827e+01,1.675000000000000000e+03,1.800000000000000000e+03,1.335146459264846763e+00,-1.102472064763589277e+00,1.980523797095613991e+00
2.356500000000000128e+01,1.675000000000000000e+03,1.800000000000000000e+03,1.331974990265402337e+00,-1.104635101349005666e+00,1.979025582555744789e+00
2.358599999999999852e+01,1.675000000000000000e+03,1.800000000000000000e+03,1.319070777868117883e+00,-1.111720968895877792e+00,1.961504868368057819e+00
2.360399999999999920e+01,1.675000000000000000e+03,1.800000000000000000e+03,1.319070777868117883e+00,-1.111720968895877792e+00,1.961504868368057819e+00
2.362399999999999878e+01,1.675000000000000000e+03,1.800000000000000000e+03,1.319070777868117883e+00,-1.111720968895877792e+00,1.961504868368057819e+00
2.364099999999999824e+01,1.675000000000000000e+03,1.800000000000000000e+03,1.290882423208272289e+00,-1.128002578391242849e+00,1.919536294340970173e+00
2.365800000000000125e+01,1.675000000000000000e+03,1.800000000000000000e+03,1.290882423208272289e+00,-1.128002578391242849e+00,1.919536294340970173e+00
2.367500000000000071e+01,1.675000000000000000e+03,1.800000000000000000e+03,1.286980129150119945e+00,-1.129345445482902388e+00,1.916514100534081555e+00
2.369200000000000017e+01,1.675000000000000000e+03,1.800000000000000000e+03,1.284039531963964587e+00,-1.130732090943809443e+00,1.907226438789570100e+00
2.370899999999999963e+01,1.675000000000000000e+03,1.800000000000000000e+03,1.280011567505749515e+00,-1.131306607189051849e+00,1.901091974531571527e+00
2.372599999999999909e+01,1.675000000000000000e+03,1.800000000000000000e+03,1.277524254473561882e+00,-1.133473458785557497e+00,1.897350033832215344e+00
2.374399999999999977e+01,1.675000000000000000e+03,1.800000000000000000e+03,1.277524254473561882e+00,-1.133473458785557497e+00,1.897350033832215344e+00
2.376099999999999923e+01,1.675000000000000000e+03,1.800000000000000000e+03,1.277524254473561882e+00,-1.133473458785557497e+00,1.897350033832215344e+00
2.377799999999999869e+01,1.675000000000000000e+03,1.800000000000000000e+03,1.273630311357220490e+00,-1.134813466374628987e+00,1.895517211517231626e+00
2.379400000000000048e+01,1.675000000000000000e+03,1.800000000000000000e+03,1.273630311357220490e+00,-1.134813466374628987e+00,1.895517211517231626e+00
2.381299999999999883e+01,1.675000000000000000e+03,1.800000000000000000e+03,1.260178631863781984e+00,-1.139505478962999696e+00,1.877163908610046894e+00
2.382999999999999829e+01,1.675000000000000000e+03,1.800000000000000000e+03,1.257385783160336556e+00,-1.141650266582363571e+00,1.868619262198732311e+00
2.384799999999999898e+01,1.675000000000000000e+03,1.800000000000000000e+03,1.257385783160336556e+00,-1.141650266582363571e+00,1.868619262198732311e+00
2.386499999999999844e+01,1.675000000000000000e+03,1.800000000000000000e+03,1.257385783160336556e+00,-1.141650266582363571e+00,1.868619262198732311e+00
2.388200000000000145e+01,1.675000000000000000e+03,1.800000000000000000e+03,1.257385783160336556e+00,-1.141650266582363571e+00,1.868619262198732311e+00
2.389900000000000091e+01,1.675000000000000000e+03,1.800000000000000000e+03,1.253504378267525698e+00,-1.142986031681727521e+00,1.864367825157676295e+00
2.391600000000000037e+01,1.675000000000000000e+03,1.800000000000000000e+03,1.250078782881022033e+00,-1.145098377667004286e+00,1.863253672580371223e+00
2.393299999999999983e+01,1.675000000000000000e+03,1.800000000000000000e+03,1.250078782881022033e+00,-1.145098377667004286e+00,1.863253672580371223e+00
2.394999999999999929e+01,1.675000000000000000e+03,1.800000000000000000e+03,1.246250937611312448e+00,-1.144922446499046842e+00,1.849748256654702550e+00
2.396699999999999875e+01,1.675000000000000000e+03,1.800000000000000000e+03,1.232174254093854504e+00,-1.151074013898746529e+00,1.837176652462485071e+00
2.398499999999999943e+01,1.675000000000000000e+03,1.800000000000000000e+03,1.232174254093854504e+00,-1.151074013898746529e+00,1.837176652462485071e+00
2.400199999999999889e+01,1.675000000000000000e+03,1.800000000000000000e+03,1.232174254093854504e+00,-1.151074013898746529e+00,1.837176652462485071e+00
2.401899999999999835e+01,1.675000000000000000e+03,1.800000000000000000e+03,1.228307872886929220e+00,-1.152404981683496921e+00,1.832197853586464031e+00
2.403600000000000136e+01,1.675000000000000000e+03,1.800000000000000000e+03,1.228307872886929220e+00,-1.152404981683496921e+00,1.832197853586464031e+00
2.405399999999999849e+01,1.675000000000000000e+03,1.800000000000000000e+03,1.225219115072835763e+00,-1.154523854103740366e+00,1.831786287512711553e+00
2.407100000000000151e+01,1.675000000000000000e+03,1.800000000000000000e+03,1.217995271930935708e+00,-1.156451988854528157e+00,1.819989056352354195e+00
2.408800000000000097e+01,1.675000000000000000e+03,1.800000000000000000e+03,1.217995271930935708e+00,-1.156451988854528157e+00,1.819989056352354195e+00
2.410500000000000043e+01,1.675000000000000000e+03,1.800000000000000000e+03,1.188812105294614785e+00,-1.165635079158756415e+00,1.774501270711628775e+00
2.412199999999999989e+01,1.675000000000000000e+03,1.800000000000000000e+03,1.188812105294614785e+00,-1.165635079158756415e+00,1.774501270711628775e+00
2.414000000000000057e+01,1.675000000000000000e+03,1.800000000000000000e+03,1.181157447890012202e+00,-1.166786289318159309e+00,1.761004009516985214e+00
2.415700000000000003e+01,1.675000000000000000e+03,1.800000000000000000e+03,1.177026565241516831e+00,-1.166599432208816900e+00,1.754355719401816227e+00
2.417399999999999949e+01,1.675000000000000000e+03,1.800000000000000000e+03,1.177026565241516831e+00,-1.166599432208816900e+00,1.754355719401816227e+00
2.419099999999999895e+01,1.675000000000000000e+03,1.800000000000000000e+03,1.177026565241516831e+00,-1.166599432208816900e+00,1.754355719401816227e+00
2.420799999999999841e+01,1.675000000000000000e+03,1.800000000000000000e+03,1.172895300891175552e+00,-1.166412668702236921e+00,1.755162122904735833e+00
2.422500000000000142e+01,1.675000000000000000e+03,1.800000000000000000e+03,1.169694027510675305e+00,-1.167765150203624369e+00,1.755523461298852395e+00
2.424200000000000088e+01,1.675000000000000000e+03,1.800000000000000000e+03,1.165711430153659300e+00,-1.168333603215452765e+00,1.740789285544096288e+00
2.425900000000000034e+01,1.675000000000000000e+03,1.800000000000000000e+03,1.165711430153659300e+00,-1.168333603215452765e+00,1.740789285544096288e+00
2.427700000000000102e+01,1.675000000000000000e+03,1.800000000000000000e+03,1.165711430153659300e+00,-1.168333603215452765e+00,1.740789285544096288e+00
2.429400000000000048e+01,1.675000000000000000e+03,1.800000000000000000e+03,1.162365138696000999e+00,-1.168930677503004834e+00,1.741600128110134094e+00
2.431099999999999994e+01,1.675000000000000000e+03,1.800000000000000000e+03,1.158066777496918442e+00,-1.169484752102997405e+00,1.734740783257897823e+00
2.432799999999999940e+01,1.675000000000000000e+03,1.800000000000000000e+03,1.158066777496918442e+00,-1.169484752102997405e+00,1.734740783257897823e+00
2.434499999999999886e+01,1.675000000000000000e+03,1.800000000000000000e+03,1.143120652902360090e+00,-1.170307391614329617e+00,1.714314419409354251e+00
2.436199999999999832e+01,1.675000000000000000e+03,1.800000000000000000e+03,1.143120652902360090e+00,-1.170307391614329617e+00,1.714314419409354251e+00
2.437900000000000134e+01,1.675000000000000000e+03,1.800000000000000000e+03,1.139143421211904483e+00,-1.170876014641900831e+00,1.715133201045293099e+00
2.439600000000000080e+01,1.675000000000000000e+03,1.800000000000000000e+03,1.139143421211904483e+00,-1.170876014641900831e+00,1.715133201045293099e+00
2.441300000000000026e+01,1.675000000000000000e+03,1.800000000000000000e+03,1.134861177215483075e+00,-1.169936570492199124e+00,1.706673396439082779e+00
2.442999999999999972e+01,1.675000000000000000e+03,1.800000000000000000e+03,1.134861177215483075e+00,-1.169936570492199124e+00,1.706673396439082779e+00
2.444699999999999918e+01,1.675000000000000000e+03,1.800000000000000000e+03,1.130884607953221099e+00,-1.170505534145354520e+00,1.691334182999122637e+00
2.446399999999999864e+01,1.675000000000000000e+03,1.800000000000000000e+03,1.130884607953221099e+00,-1.170505534145354520e+00,1.691334182999122637e+00
2.448199999999999932e+01,1.675000000000000000e+03,1.800000000000000000e+03,1.123259807798902443e+00,-1.170163928722633528e+00,1.692983676070595855e+00
2.449899999999999878e+01,1.675000000000000000e+03,1.800000000000000000e+03,1.119284837745807337e+00,-1.170733197907520839e+00,1.683692232027837132e+00
2.451599999999999824e+01,1.675000000000000000e+03,1.800000000000000000e+03,1.119284837745807337e+00,-1.170733197907520839e+00,1.683692232027837132e+00
2.453300000000000125e+01,1.675000000000000000e+03,1.800000000000000000e+03,1.107210750832406276e+00,-1.170193592763187240e+00,1.667055275155870708e+00
2.455000000000000071e+01,1.675000000000000000e+03,1.800000000000000000e+03,1.103555517049354506e+00,-1.170777540458622479e+00,1.653800453961750572e+00
2.456700000000000017e+01,1.675000000000000000e+03,1.800000000000000000e+03,1.099742369409014486e+00,-1.170607493607026761e+00,1.654633605803386365e+00
2.458399999999999963e+01,1.675000000000000000e+03,1.800000000000000000e+03,1.099742369409014486e+00,-1.170607493607026761e+00,1.654633605803386365e+00
2.460099999999999909e+01,1.675000000000000000e+03,1.800000000000000000e+03,1.099742369409014486e+00,-1.170607493607026761e+00,1.654633605803386365e+00
2.461899999999999977e+01,1.675000000000000000e+03,1.800000000000000000e+03,1.071943069902674184e+00,-1.171611856867537327e+00,1.614957810017202178e+00
2.463599999999999923e+01,1.675000000000000000e+03,1.800000000000000000e+03,1.071943069902674184e+00,-1.171611856867537327e+00,1.614957810017202178e+00
2.465299999999999869e+01,1.675000000000000000e+03,1.800000000000000000e+03,1.071943069902674184e+00,-1.171611856867537327e+00,1.614957810017202178e+00
2.467099999999999937e+01,1.675000000000000000e+03,1.800000000000000000e+03,1.068139811147616802e+00,-1.172935923533485525e+00,1.602651304083843709e+00
2.468799999999999883e+01,1.675000000000000000e+03,1.800000000000000000e+03,1.052418491488186003e+00,-1.172986767223825222e+00,1.584695247182544398e+00
2.470499999999999829e+01,1.675000000000000000e+03,1.800000000000000000e+03,1.052418491488186003e+00,-1.172986767223825222e+00,1.584695247182544398e+00
2.472299999999999898e+01,1.675000000000000000e+03,1.800000000000000000e+03,1.047969733212472887e+00,-1.172790435306165779e+00,1.577039854003465136e+00
2.473999999999999844e+01,1.675000000000000000e+03,1.800000000000000000e+03,1.044156215494952855e+00,-1.172622267535485818e+00,1.577883686442775435e+00
2.475700000000000145e+01,1.675000000000000000e+03,1.800000000000000000e+03,1.044156215494952855e+00,-1.172622267535485818e+00,1.577883686442775435e+00
2.477400000000000091e+01,1.675000000000000000e+03,1.800000000000000000e+03,1.040361989690062217e+00,-1.173946745591588847e+00,1.578727540915565442e+00
2.479100000000000037e+01,1.675000000000000000e+03,1.800000000000000000e+03,1.040361989690062217e+00,-1.173946745591588847e+00,1.578727540915565442e+00
2.480900000000000105e+01,1.675000000000000000e+03,1.800000000000000000e+03,1.036379880005510401e+00,-1.173025720235497893e+00,1.567374007809649417e+00
2.482600000000000051e+01,1.675000000000000000e+03,1.800000000000000000e+03,1.032270581263446951e+00,-1.174336285000029179e+00,1.559715424143214291e+00
2.484299999999999997e+01,1.675000000000000000e+03,1.800000000000000000e+03,1.016064611080074176e+00,-1.173625070097181755e+00,1.546297172942125986e+00
2.485999999999999943e+01,1.675000000000000000e+03,1.800000000000000000e+03,1.016064611080074176e+00,-1.173625070097181755e+00,1.546297172942125986e+00
2.487699999999999889e+01,1.675000000000000000e+03,1.800000000000000000e+03,1.016064611080074176e+00,-1.173625070097181755e+00,1.546297172942125986e+00
2.489499999999999957e+01,1.675000000000000000e+03,1.800000000000000000e+03,1.008406533240737479e+00,-1.171797988572730098e+00,1.522576864589654022e+00
2.491199999999999903e+01,1.675000000000000000e+03,1.800000000000000000e+03,1.008406533240737479e+00,-1.171797988572730098e+00,1.522576864589654022e+00
2.492899999999999849e+01,1.675000000000000000e+03,1.800000000000000000e+03,1.008406533240737479e+00,-1.171797988572730098e+00,1.522576864589654022e+00
2.494600000000000151e+01,1.675000000000000000e+03,1.800000000000000000e+03,1.003954936760635741e+00,-1.171603230967657616e+00,1.523423022003246752e+00
2.496300000000000097e+01,1.675000000000000000e+03,1.800000000000000000e+03,1.003954936760635741e+00,-1.171603230967657616e+00,1.523423022003246752e+00
2.498000000000000043e+01,1.675000000000000000e+03,1.800000000000000000e+03,9.999964508160206211e-01,-1.172176284211697173e+00,1.515926651285036009e+00
2.499699999999999989e+01,1.675000000000000000e+03,1.800000000000000000e+03,9.955449341719562195e-01,-1.171981898684953283e+00,1.516772891078875585e+00
2.501500000000000057e+01,1.675000000000000000e+03,1.800000000000000000e+03,9.838802631466141424e-01,-1.169233898528020621e+00,1.487318534727566144e+00
2.503200000000000003e+01,1.675000000000000000e+03,1.800000000000000000e+03,9.838802631466141424e-01,-1.169233898528020621e+00,1.487318534727566144e+00
2.504899999999999949e+01,1.675000000000000000e+03,1.800000000000000000e+03,9.756065153652435651e-01,-1.168873697393541189e+00,1.489009237827627397e+00
2.506500000000000128e+01,1.675000000000000000e+03,1.800000000000000000e+03,9.756065153652435651e-01,-1.168873697393541189e+00,1.489009237827627397e+00
2.508200000000000074e+01,1.675000000000000000e+03,1.800000000000000000e+03,9.709705578420932959e-01,-1.167925036715163678e+00,1.474287568422778527e+00
2.509900000000000020e+01,1.675000000000000000e+03,1.800000000000000000e+03,9.709705578420932959e-01,-1.167925036715163678e+00,1.474287568422778527e+00
2.511599999999999966e+01,1.675000000000000000e+03,1.800000000000000000e+03,9.709705578420932959e-01,-1.167925036715163678e+00,1.474287568422778527e+00
2.513400000000000034e+01,1.675000000000000000e+03,1.800000000000000000e+03,9.550922329326210214e-01,-1.163496073453567092e+00,1.442750642131413130e+00
2.515099999999999980e+01,1.675000000000000000e+03,1.800000000000000000e+03,9.507654659090871707e-01,-1.162559746887873224e+00,1.435532644376888989e+00
2.516799999999999926e+01,1.675000000000000000e+03,1.800000000000000000e+03,9.507654659090871707e-01,-1.162559746887873224e+00,1.435532644376888989e+00
2.518499999999999872e+01,1.675000000000000000e+03,1.800000000000000000e+03,9.467557822513594790e-01,-1.161636997243199243e+00,1.436373093348704444e+00
2.520200000000000173e+01,1.675000000000000000e+03,1.800000000000000000e+03,9.340243315258629497e-01,-1.157336778297111124e+00,1.421525401661748456e+00
2.521900000000000119e+01,1.675000000000000000e+03,1.800000000000000000e+03,9.301383644609657608e-01,-1.155667191091344748e+00,1.394936563408306185e+00
2.523600000000000065e+01,1.675000000000000000e+03,1.800000000000000000e+03,9.301383644609657608e-01,-1.155667191091344748e+00,1.394936563408306185e+00
2.525400000000000134e+01,1.675000000000000000e+03,1.800000000000000000e+03,9.261186466546611484e-01,-1.154742304336560110e+00,1.396174745815844442e+00
2.527100000000000080e+01,1.675000000000000000e+03,1.800000000000000000e+03,9.214585175648359883e-01,-1.153789605113901828e+00,1.387540737986768580e+00
2.528900000000000148e+01,1.675000000000000000e+03,1.800000000000000000e+03,9.175650554026564265e-01,-1.152117787986891351e+00,1.378499275070380170e+00
2.530600000000000094e+01,1.675000000000000000e+03,1.800000000000000000e+03,9.138594253210061691e-01,-1.151205657317168285e+00,1.380173042187057053e+00
2.532300000000000040e+01,1.675000000000000000e+03,1.800000000000000000e+03,9.138594253210061691e-01,-1.151205657317168285e+00,1.380173042187057053e+00
2.533999999999999986e+01,1.675000000000000000e+03,1.800000000000000000e+03,9.095129890251663074e-01,-1.150265729216734201e+00,1.370953657322804942e+00
2.535699999999999932e+01,1.675000000000000000e+03,1.800000000000000000e+03,9.095129890251663074e-01,-1.150265729216734201e+00,1.370953657322804942e+00
2.537399999999999878e+01,1.675000000000000000e+03,1.800000000000000000e+03,9.095129890251663074e-01,-1.150265729216734201e+00,1.370953657322804942e+00
2.539199999999999946e+01,1.675000000000000000e+03,1.800000000000000000e+03,8.967158775106425228e-01,-1.145947726450669890e+00,1.334659022722538557e+00
2.540899999999999892e+01,1.675000000000000000e+03,1.800000000000000000e+03,8.894104967723366340e-01,-1.143370130469405499e+00,1.336347573811529799e+00
2.542599999999999838e+01,1.675000000000000000e+03,1.800000000000000000e+03,8.894104967723366340e-01,-1.143370130469405499e+00,1.336347573811529799e+00
2.544300000000000139e+01,1.675000000000000000e+03,1.800000000000000000e+03,8.894104967723366340e-01,-1.143370130469405499e+00,1.336347573811529799e+00
2.546000000000000085e+01,1.675000000000000000e+03,1.800000000000000000e+03,8.850519278218063057e-01,-1.142427858614922798e+00,1.325672111217966131e+00
2.547700000000000031e+01,1.675000000000000000e+03,1.800000000000000000e+03,8.811358496272860830e-01,-1.140748789710539501e+00,1.328754927069129232e+00
2.549399999999999977e+01,1.675000000000000000e+03,1.800000000000000000e+03,8.811358496272860830e-01,-1.140748789710539501e+00,1.328754927069129232e+00
2.551200000000000045e+01,1.675000000000000000e+03,1.800000000000000000e+03,8.767732122792886162e-01,-1.139805741038159237e+00,1.317900874453075133e+00
2.552899999999999991e+01,1.675000000000000000e+03,1.800000000000000000e+03,8.732478730573733916e-01,-1.139654630717073402e+00,1.309017571445113104e+00
2.554599999999999937e+01,1.675000000000000000e+03,1.800000000000000000e+03,8.608298023416478539e-01,-1.134581606886964966e+00,1.292862204086931976e+00
2.556200000000000117e+01,1.675000000000000000e+03,1.800000000000000000e+03,8.608298023416478539e-01,-1.134581606886964966e+00,1.292862204086931976e+00
2.557999999999999829e+01,1.675000000000000000e+03,1.800000000000000000e+03,8.322585708415042305e-01,-1.125010356998048078e+00,1.248157295553070201e+00
2.559700000000000131e+01,1.675000000000000000e+03,1.800000000000000000e+03,8.268157157879856278e-01,-1.122495094798718007e+00,1.201393389598092387e+00
2.561400000000000077e+01,1.675000000000000000e+03,1.800000000000000000e+03,8.268157157879856278e-01,-1.122495094798718007e+00,1.201393389598092387e+00
2.563100000000000023e+01,1.675000000000000000e+03,1.800000000000000000e+03,8.199649335091527824e-01,-1.120679879143218649e+00,1.227271782468573935e+00
2.564799999999999969e+01,1.675000000000000000e+03,1.800000000000000000e+03,8.199649335091527824e-01,-1.120679879143218649e+00,1.227271782468573935e+00
2.566499999999999915e+01,1.675000000000000000e+03,1.800000000000000000e+03,8.156852342978040404e-01,-1.118973118409695378e+00,1.199928011405084316e+00
2.568199999999999861e+01,1.675000000000000000e+03,1.800000000000000000e+03,8.156852342978040404e-01,-1.118973118409695378e+00,1.199928011405084316e+00
2.569900000000000162e+01,1.675000000000000000e+03,1.800000000000000000e+03,8.116116500853405302e-01,-1.118037203325911833e+00,1.219565987679232189e+00
2.571699999999999875e+01,1.675000000000000000e+03,1.800000000000000000e+03,8.116116500853405302e-01,-1.118037203325911833e+00,1.219565987679232189e+00
2.573499999999999943e+01,1.675000000000000000e+03,1.800000000000000000e+03,8.074388178535307770e-01,-1.115569903881433067e+00,1.201603956468031864e+00
2.575199999999999889e+01,1.675000000000000000e+03,1.800000000000000000e+03,7.941300306341938509e-01,-1.111183016386850131e+00,1.189187953812229415e+00
2.576899999999999835e+01,1.675000000000000000e+03,1.800000000000000000e+03,7.909102385817232683e-01,-1.108749910866821509e+00,1.171181546875497137e+00
2.578600000000000136e+01,1.675000000000000000e+03,1.800000000000000000e+03,7.909102385817232683e-01,-1.108749910866821509e+00,1.171181546875497137e+00
2.580300000000000082e+01,1.675000000000000000e+03,1.800000000000000000e+03,7.861773356858354767e-01,-1.107783326082967257e+00,1.155918880148989025e+00
2.582000000000000028e+01,1.675000000000000000e+03,1.800000000000000000e+03,7.786440330779462737e-01,-1.103629853157651830e+00,1.155095767809122709e+00
2.583699999999999974e+01,1.675000000000000000e+03,1.800000000000000000e+03,7.786440330779462737e-01,-1.103629853157651830e+00,1.155095767809122709e+00
2.585399999999999920e+01,1.675000000000000000e+03,1.800000000000000000e+03,7.786440330779462737e-01,-1.103629853157651830e+00,1.155095767809122709e+00
2.587099999999999866e+01,1.675000000000000000e+03,1.800000000000000000e+03,7.741176500919222381e-01,-1.101134357905525274e+00,1.139569794567509620e+00
2.588899999999999935e+01,1.675000000000000000e+03,1.800000000000000000e+03,7.741176500919222381e-01,-1.101134357905525274e+00,1.139569794567509620e+00
2.590599999999999881e+01,1.675000000000000000e+03,1.800000000000000000e+03,7.706674101438595326e-01,-1.100219910183218186e+00,1.156755164555689941e+00
2.592299999999999827e+01,1.675000000000000000e+03,1.800000000000000000e+03,7.574902404646051135e-01,-1.094275696107526841e+00,1.116573925495617514e+00
2.594000000000000128e+01,1.675000000000000000e+03,1.800000000000000000e+03,7.574902404646051135e-01,-1.094275696107526841e+00,1.116573925495617514e+00
2.595700000000000074e+01,1.675000000000000000e+03,1.800000000000000000e+03,7.530474055892910634e-01,-1.091003569869574363e+00,1.108204420460587203e+00
2.597400000000000020e+01,1.675000000000000000e+03,1.800000000000000000e+03,7.501165055069638488e-01,-1.088563608564492746e+00,1.099671853541181132e+00
2.599099999999999966e+01,1.675000000000000000e+03,1.800000000000000000e+03,7.501165055069638488e-01,-1.088563608564492746e+00,1.099671853541181132e+00
2.600799999999999912e+01,1.675000000000000000e+03,1.800000000000000000e+03,7.455769935145042382e-01,-1.088372118673218036e+00,1.109836694804426260e+00
2.602499999999999858e+01,1.675000000000000000e+03,1.800000000000000000e+03,7.455769935145042382e-01,-1.088372118673218036e+00,1.109836694804426260e+00
2.604200000000000159e+01,1.675000000000000000e+03,1.800000000000000000e+03,7.420937495290853558e-01,-1.085133000088039701e+00,1.101298199559841207e+00
2.605900000000000105e+01,1.675000000000000000e+03,1.800000000000000000e+03,7.420937495290853558e-01,-1.085133000088039701e+00,1.101298199559841207e+00
2.607600000000000051e+01,1.675000000000000000e+03,1.800000000000000000e+03,7.381794715680096708e-01,-1.082645962814865914e+00,1.083779350126838459e+00
2.609299999999999997e+01,1.675000000000000000e+03,1.800000000000000000e+03,7.381794715680096708e-01,-1.082645962814865914e+00,1.083779350126838459e+00
2.610999999999999943e+01,1.675000000000000000e+03,1.800000000000000000e+03,7.059670645106095321e-01,-1.063405817071122694e+00,9.966934727420744267e-01
2.612699999999999889e+01,1.675000000000000000e+03,1.800000000000000000e+03,6.981551131694150314e-01,-1.057605604138505129e+00,1.007662462736899966e+00
2.614399999999999835e+01,1.675000000000000000e+03,1.800000000000000000e+03,6.981551131694150314e-01,-1.057605604138505129e+00,1.007662462736899966e+00
2.616100000000000136e+01,1.675000000000000000e+03,1.800000000000000000e+03,6.981551131694150314e-01,-1.057605604138505129e+00,1.007662462736899966e+00
2.617899999999999849e+01,1.675000000000000000e+03,1.800000000000000000e+03,6.944265944723528872e-01,-1.055883031463963562e+00,9.693932515311729503e-01
2.619500000000000028e+01,1.675000000000000000e+03,1.800000000000000000e+03,6.944265944723528872e-01,-1.055883031463963562e+00,9.693932515311729503e-01
2.621199999999999974e+01,1.675000000000000000e+03,1.800000000000000000e+03,6.944265944723528872e-01,-1.055883031463963562e+00,9.693932515311729503e-01
2.623000000000000043e+01,1.675000000000000000e+03,1.800000000000000000e+03,6.863543710307373757e-01,-1.049269475585362876e+00,9.181295032310056170e-01
2.624699999999999989e+01,1.675000000000000000e+03,1.800000000000000000e+03,6.817260937600251314e-01,-1.046717579398263265e+00,9.191827372322799450e-01
2.626399999999999935e+01,1.675000000000000000e+03,1.800000000000000000e+03,6.714172735083094867e-01,-1.039197358700393536e+00,8.893954629345381946e-01
2.628099999999999881e+01,1.675000000000000000e+03,1.800000000000000000e+03,6.714172735083094867e-01,-1.039197358700393536e+00,8.893954629345381946e-01
2.629799999999999827e+01,1.675000000000000000e+03,1.800000000000000000e+03,6.674270931761929759e-01,-1.036662395182748053e+00,8.815635310537841551e-01
2.631599999999999895e+01,1.675000000000000000e+03,1.800000000000000000e+03,6.631942896361213702e-01,-1.033324252843567770e+00,8.912715663885174555e-01
2.633299999999999841e+01,1.675000000000000000e+03,1.800000000000000000e+03,6.631942896361213702e-01,-1.033324252843567770e+00,8.912715663885174555e-01
2.635000000000000142e+01,1.675000000000000000e+03,1.800000000000000000e+03,6.631942896361213702e-01,-1.033324252843567770e+00,8.912715663885174555e-01
2.636700000000000088e+01,1.675000000000000000e+03,1.800000000000000000e+03,6.555195777826334780e-01,-1.028253068183822894e+00,8.599175474493107041e-01
2.638500000000000156e+01,1.675000000000000000e+03,1.800000000000000000e+03,6.555195777826334780e-01,-1.028253068183822894e+00,8.599175474493107041e-01
2.640200000000000102e+01,1.675000000000000000e+03,1.800000000000000000e+03,6.520811637475953937e-01,-1.026523508886110214e+00,8.521866340560209085e-01
2.641900000000000048e+01,1.675000000000000000e+03,1.800000000000000000e+03,6.520811637475953937e-01,-1.026523508886110214e+00,8.521866340560209085e-01
2.643599999999999994e+01,1.675000000000000000e+03,1.800000000000000000e+03,6.478284886932632602e-01,-1.023171212418310549e+00,8.530091881125180242e-01
2.645400000000000063e+01,1.675000000000000000e+03,1.800000000000000000e+03,6.361818277273461053e-01,-1.014728338091550608e+00,8.305344065001456499e-01
2.647100000000000009e+01,1.675000000000000000e+03,1.800000000000000000e+03,6.361818277273461053e-01,-1.014728338091550608e+00,8.305344065001456499e-01
2.648799999999999955e+01,1.675000000000000000e+03,1.800000000000000000e+03,6.327266435780258824e-01,-1.012989168789408367e+00,7.888856207148013944e-01
2.650499999999999901e+01,1.675000000000000000e+03,1.800000000000000000e+03,6.284481530125649584e-01,-1.009617886187132108e+00,7.896653131580102514e-01
2.652199999999999847e+01,1.675000000000000000e+03,1.800000000000000000e+03,6.244937549923543774e-01,-1.006255698844334301e+00,7.904459711666148580e-01
2.653900000000000148e+01,1.675000000000000000e+03,1.800000000000000000e+03,6.244937549923543774e-01,-1.006255698844334301e+00,7.904459711666148580e-01
2.655699999999999861e+01,1.675000000000000000e+03,1.800000000000000000e+03,6.201203339296657013e-01,-1.003672048521806470e+00,7.996450735070954607e-01
2.657300000000000040e+01,1.675000000000000000e+03,1.800000000000000000e+03,6.179731905967513761e-01,-1.001980439662774724e+00,7.574728057664789072e-01
2.659100000000000108e+01,1.675000000000000000e+03,1.800000000000000000e+03,5.903501538173840935e-01,-9.823223908673233140e-01,7.278630909937919835e-01
2.660900000000000176e+01,1.675000000000000000e+03,1.800000000000000000e+03,5.903501538173840935e-01,-9.823223908673233140e-01,7.278630909937919835e-01
2.662600000000000122e+01,1.675000000000000000e+03,1.500000000000000000e+03,5.872645669640628174e-01,-9.797688601625207383e-01,6.932302782674842900e-01
2.664300000000000068e+01,1.675000000000000000e+03,1.500000000000000000e+03,5.835883937046555392e-01,-9.763785000742974951e-01,6.863174022445782674e-01
2.666000000000000014e+01,1.675000000000000000e+03,1.500000000000000000e+03,5.835883937046555392e-01,-9.763785000742974951e-01,6.863174022445782674e-01
2.667800000000000082e+01,1.675000000000000000e+03,1.500000000000000000e+03,5.794978823975023285e-01,-9.737767920971767133e-01,6.870151799968601258e-01
2.669600000000000151e+01,1.675000000000000000e+03,1.500000000000000000e+03,5.754788502270644646e-01,-9.703639898778977368e-01,6.877138174752285282e-01
2.671300000000000097e+01,1.675000000000000000e+03,1.500000000000000000e+03,5.754788502270644646e-01,-9.703639898778977368e-01,6.877138174752285282e-01
2.673000000000000043e+01,1.675000000000000000e+03,1.500000000000000000e+03,5.754788502270644646e-01,-9.703639898778977368e-01,6.877138174752285282e-01
2.674699999999999989e+01,1.675000000000000000e+03,1.500000000000000000e+03,5.717870638876021427e-01,-9.669602946429467494e-01,6.884133102903075008e-01
2.676399999999999935e+01,1.675000000000000000e+03,1.500000000000000000e+03,5.676821113185139822e-01,-9.643484390226029213e-01,6.891136539948479189e-01
2.678099999999999881e+01,1.675000000000000000e+03,1.500000000000000000e+03,5.676821113185139822e-01,-9.643484390226029213e-01,6.891136539948479189e-01
2.679799999999999827e+01,1.675000000000000000e+03,1.500000000000000000e+03,5.574889724411982161e-01,-9.549530744371979019e-01,6.555859483721084846e-01
2.681500000000000128e+01,1.675000000000000000e+03,1.500000000000000000e+03,5.574889724411982161e-01,-9.549530744371979019e-01,6.555859483721084846e-01
2.683200000000000074e+01,1.675000000000000000e+03,1.500000000000000000e+03,5.574889724411982161e-01,-9.549530744371979019e-01,6.555859483721084846e-01
2.684900000000000020e+01,1.675000000000000000e+03,1.500000000000000000e+03,5.537724515525976887e-01,-9.515274305298380142e-01,6.562566086890139205e-01
2.686599999999999966e+01,1.675000000000000000e+03,1.500000000000000000e+03,5.496444723122366760e-01,-9.488988531009479033e-01,6.569280657598230988e-01
2.688299999999999912e+01,1.675000000000000000e+03,1.500000000000000000e+03,5.453908388861097301e-01,-9.438018123873339604e-01,6.223311737765179208e-01
2.689999999999999858e+01,1.675000000000000000e+03,1.500000000000000000e+03,5.453908388861097301e-01,-9.438018123873339604e-01,6.223311737765179208e-01
2.691700000000000159e+01,1.675000000000000000e+03,1.500000000000000000e+03,5.453908388861097301e-01,-9.438018123873339604e-01,6.223311737765179208e-01
2.693400000000000105e+01,1.675000000000000000e+03,1.500000000000000000e+03,5.419918999834003603e-01,-9.403742834912538484e-01,6.299442003951438718e-01
2.694999999999999929e+01,1.675000000000000000e+03,1.500000000000000000e+03,5.319634873667500319e-01,-9.317205097395229174e-01,5.956299170129430998e-01
2.696699999999999875e+01,1.675000000000000000e+03,1.500000000000000000e+03,5.319634873667500319e-01,-9.317205097395229174e-01,5.956299170129430998e-01
2.698400000000000176e+01,1.675000000000000000e+03,1.500000000000000000e+03,5.285463873885476449e-01,-9.282757000413170978e-01,5.894602649819211670e-01
2.700100000000000122e+01,1.675000000000000000e+03,1.500000000000000000e+03,5.248562444861240017e-01,-9.239874744995670852e-01,5.675754226627333088e-01
2.701800000000000068e+01,1.675000000000000000e+03,1.500000000000000000e+03,5.248562444861240017e-01,-9.239874744995670852e-01,5.675754226627333088e-01
2.703600000000000136e+01,1.675000000000000000e+03,1.500000000000000000e+03,5.248562444861240017e-01,-9.239874744995670852e-01,5.675754226627333088e-01
2.705300000000000082e+01,1.675000000000000000e+03,1.500000000000000000e+03,5.210922284440546726e-01,-9.205173994961191042e-01,5.615862569499240342e-01
2.707000000000000028e+01,1.675000000000000000e+03,1.500000000000000000e+03,5.210922284440546726e-01,-9.205173994961191042e-01,5.615862569499240342e-01
2.708699999999999974e+01,1.675000000000000000e+03,1.500000000000000000e+03,5.176593586730200425e-01,-9.170564929363238527e-01,5.621649057969581031e-01
2.710399999999999920e+01,1.675000000000000000e+03,1.500000000000000000e+03,4.861397112736587367e-01,-8.865062164571275716e-01,5.369257777833633671e-01
2.712099999999999866e+01,1.675000000000000000e+03,1.500000000000000000e+03,4.788910528074199480e-01,-8.786266092932888405e-01,5.077731455650145165e-01
2.713800000000000168e+01,1.675000000000000000e+03,1.500000000000000000e+03,4.754576442704143702e-01,-8.742634735471042084e-01,5.082132974077288035e-01
2.715500000000000114e+01,1.675000000000000000e+03,1.500000000000000000e+03,4.754576442704143702e-01,-8.742634735471042084e-01,5.082132974077288035e-01
2.717299999999999827e+01,1.675000000000000000e+03,1.500000000000000000e+03,4.716187736263126595e-01,-8.707212723283506151e-01,5.087356607526439811e-01
2.719000000000000128e+01,1.675000000000000000e+03,1.500000000000000000e+03,4.716187736263126595e-01,-8.707212723283506151e-01,5.087356607526439811e-01
2.720700000000000074e+01,1.675000000000000000e+03,1.500000000000000000e+03,4.687947846406346208e-01,-8.672170914397017150e-01,5.091768080635447058e-01
2.722400000000000020e+01,1.675000000000000000e+03,1.500000000000000000e+03,4.659083311526772686e-01,-8.645532021646311627e-01,4.786251469746202747e-01
2.723999999999999844e+01,1.675000000000000000e+03,1.500000000000000000e+03,4.659083311526772686e-01,-8.645532021646311627e-01,4.786251469746202747e-01
2.725799999999999912e+01,1.675000000000000000e+03,1.500000000000000000e+03,4.627360212998290478e-01,-8.610256607576127763e-01,4.733434171817805791e-01
2.727499999999999858e+01,1.675000000000000000e+03,1.500000000000000000e+03,4.598999639196728051e-01,-8.575074309690546848e-01,4.737549753415389864e-01
2.729200000000000159e+01,1.675000000000000000e+03,1.500000000000000000e+03,4.598999639196728051e-01,-8.575074309690546848e-01,4.737549753415389864e-01
2.730999999999999872e+01,1.675000000000000000e+03,1.500000000000000000e+03,4.560364557529597018e-01,-8.539407038296435992e-01,4.742396707146067647e-01
2.732700000000000173e+01,1.675000000000000000e+03,1.500000000000000000e+03,4.458897127904459801e-01,-8.415611594488758840e-01,4.447058771741648764e-01
2.734400000000000119e+01,1.675000000000000000e+03,1.500000000000000000e+03,4.417698571124448748e-01,-8.362466906556722535e-01,4.821138754226269585e-01
2.736100000000000065e+01,1.675000000000000000e+03,1.500000000000000000e+03,4.389040784986757426e-01,-8.326923976513365133e-01,4.825334716941973023e-01
2.737800000000000011e+01,1.675000000000000000e+03,1.500000000000000000e+03,4.389040784986757426e-01,-8.326923976513365133e-01,4.825334716941973023e-01
2.739600000000000080e+01,1.675000000000000000e+03,1.500000000000000000e+03,4.389040784986757426e-01,-8.326923976513365133e-01,4.825334716941973023e-01
2.741400000000000148e+01,1.675000000000000000e+03,1.500000000000000000e+03,4.357446954601267297e-01,-8.282604791673922051e-01,4.517154385276707651e-01
2.743100000000000094e+01,1.675000000000000000e+03,1.500000000000000000e+03,4.325266035882475713e-01,-8.246798956845107220e-01,4.466456667804385439e-01
2.744800000000000040e+01,1.675000000000000000e+03,1.500000000000000000e+03,4.325266035882475713e-01,-8.246798956845107220e-01,4.466456667804385439e-01
2.746600000000000108e+01,1.675000000000000000e+03,1.500000000000000000e+03,4.293037977670701721e-01,-8.210940564166304689e-01,4.525693886273554623e-01
2.748300000000000054e+01,1.675000000000000000e+03,1.500000000000000000e+03,4.293037977670701721e-01,-8.210940564166304689e-01,4.525693886273554623e-01
2.750100000000000122e+01,1.675000000000000000e+03,1.500000000000000000e+03,4.206397876953955617e-01,-8.103489667275907138e-01,4.217861798081374847e-01
2.751800000000000068e+01,1.675000000000000000e+03,1.500000000000000000e+03,4.177433251731457187e-01,-8.067567548339051875e-01,4.221534599007932820e-01
2.753500000000000014e+01,1.675000000000000000e+03,1.500000000000000000e+03,4.177433251731457187e-01,-8.067567548339051875e-01,4.221534599007932820e-01
2.755199999999999960e+01,1.675000000000000000e+03,1.500000000000000000e+03,4.148926843608180537e-01,-8.022922348058227904e-01,3.906081518358153204e-01
2.756899999999999906e+01,1.675000000000000000e+03,1.500000000000000000e+03,4.113465079159539517e-01,-7.977900246394606931e-01,3.860748001686185593e-01
2.758599999999999852e+01,1.675000000000000000e+03,1.500000000000000000e+03,4.113465079159539517e-01,-7.977900246394606931e-01,3.860748001686185593e-01
2.760399999999999920e+01,1.675000000000000000e+03,1.500000000000000000e+03,4.113465079159539517e-01,-7.977900246394606931e-01,3.860748001686185593e-01
2.762099999999999866e+01,1.675000000000000000e+03,1.500000000000000000e+03,3.894212758650836825e-01,-7.670557782107256806e-01,3.613430723640927988e-01
2.763899999999999935e+01,1.675000000000000000e+03,1.500000000000000000e+03,3.828755471719027526e-01,-7.588256166458267060e-01,3.619688761470488680e-01
2.765599999999999881e+01,1.675000000000000000e+03,1.500000000000000000e+03,3.828755471719027526e-01,-7.588256166458267060e-01,3.619688761470488680e-01
2.767299999999999827e+01,1.675000000000000000e+03,1.500000000000000000e+03,3.828755471719027526e-01,-7.588256166458267060e-01,3.619688761470488680e-01
2.769000000000000128e+01,1.675000000000000000e+03,1.500000000000000000e+03,3.743464368808804288e-01,-7.478192708515800646e-01,3.676512643901732602e-01
2.770700000000000074e+01,1.675000000000000000e+03,1.500000000000000000e+03,3.710295456983569995e-01,-7.441194674767466211e-01,3.261230608013916399e-01
2.772400000000000020e+01,1.675000000000000000e+03,1.500000000000000000e+03,3.680993530508096523e-01,-7.395398082054818190e-01,3.682881616920253842e-01
2.774099999999999966e+01,1.675000000000000000e+03,1.500000000000000000e+03,3.680993530508096523e-01,-7.395398082054818190e-01,3.682881616920253842e-01
2.775799999999999912e+01,1.675000000000000000e+03,1.500000000000000000e+03,3.651637450079898706e-01,-7.349516681444998589e-01,3.355836704202560528e-01
2.777499999999999858e+01,1.675000000000000000e+03,1.500000000000000000e+03,3.651637450079898706e-01,-7.349516681444998589e-01,3.355836704202560528e-01
2.779200000000000159e+01,1.675000000000000000e+03,1.500000000000000000e+03,3.625313544379806796e-01,-7.312629051369037292e-01,3.358723102331020449e-01
2.780999999999999872e+01,1.675000000000000000e+03,1.500000000000000000e+03,3.625313544379806796e-01,-7.312629051369037292e-01,3.358723102331020449e-01
2.782600000000000051e+01,1.675000000000000000e+03,1.500000000000000000e+03,3.595447887669109832e-01,-7.275534667706686776e-01,3.361611477763944977e-01
2.784299999999999997e+01,1.675000000000000000e+03,1.500000000000000000e+03,3.569042963604025509e-01,-7.238536839363298725e-01,3.364501810876299182e-01
2.785999999999999943e+01,1.675000000000000000e+03,1.500000000000000000e+03,3.569042963604025509e-01,-7.238536839363298725e-01,3.364501810876299182e-01
2.787800000000000011e+01,1.675000000000000000e+03,1.500000000000000000e+03,3.569042963604025509e-01,-7.238536839363298725e-01,3.364501810876299182e-01
2.789499999999999957e+01,1.675000000000000000e+03,1.500000000000000000e+03,3.472800791253729535e-01,-7.108456208424138723e-01,3.329364418958793426e-01
2.791199999999999903e+01,1.675000000000000000e+03,1.500000000000000000e+03,3.449733036845434864e-01,-7.071361941132012774e-01,3.376082321738710368e-01
2.792899999999999849e+01,1.675000000000000000e+03,1.500000000000000000e+03,3.449733036845434864e-01,-7.071361941132012774e-01,3.376082321738710368e-01
2.794600000000000151e+01,1.675000000000000000e+03,1.500000000000000000e+03,3.412928103036447780e-01,-7.024571196547362284e-01,3.045933230404392345e-01
2.796300000000000097e+01,1.675000000000000000e+03,1.500000000000000000e+03,3.383102688372576772e-01,-6.977999876146774305e-01,3.048525049608036275e-01
2.798000000000000043e+01,1.675000000000000000e+03,1.500000000000000000e+03,3.383102688372576772e-01,-6.977999876146774305e-01,3.048525049608036275e-01
2.799699999999999989e+01,1.675000000000000000e+03,1.500000000000000000e+03,3.383102688372576772e-01,-6.977999876146774305e-01,3.048525049608036275e-01
2.801500000000000057e+01,1.675000000000000000e+03,1.200000000000000000e+03,3.349693948641829788e-01,-6.931187526184383607e-01,3.010802177761079945e-01
2.803200000000000003e+01,1.675000000000000000e+03,1.200000000000000000e+03,3.319391446757500308e-01,-6.893520143868117067e-01,3.013358123688014145e-01
2.804899999999999949e+01,1.675000000000000000e+03,1.200000000000000000e+03,3.319391446757500308e-01,-6.893520143868117067e-01,3.013358123688014145e-01
2.806599999999999895e+01,1.675000000000000000e+03,1.200000000000000000e+03,3.319391446757500308e-01,-6.893520143868117067e-01,3.013358123688014145e-01
2.808299999999999841e+01,1.675000000000000000e+03,1.200000000000000000e+03,2.998495939555305689e-01,-6.439080863455712844e-01,2.745273530149169861e-01
2.810000000000000142e+01,1.675000000000000000e+03,1.200000000000000000e+03,2.971194070789089370e-01,-6.400824330023198172e-01,2.747565046855462434e-01
2.811700000000000088e+01,1.675000000000000000e+03,1.200000000000000000e+03,2.971194070789089370e-01,-6.400824330023198172e-01,2.747565046855462434e-01
2.813500000000000156e+01,1.675000000000000000e+03,1.200000000000000000e+03,2.933734137850234625e-01,-6.343488364210054797e-01,3.131981241612911138e-01
2.815200000000000102e+01,1.675000000000000000e+03,1.200000000000000000e+03,2.906622241592915490e-01,-6.295793314854196687e-01,3.177452356509026243e-01
2.817000000000000171e+01,1.675000000000000000e+03,1.200000000000000000e+03,2.879172908186067303e-01,-6.257318846313415506e-01,3.180146081650505607e-01
2.818799999999999883e+01,1.675000000000000000e+03,1.200000000000000000e+03,2.879172908186067303e-01,-6.257318846313415506e-01,3.180146081650505607e-01
2.820499999999999829e+01,1.675000000000000000e+03,1.200000000000000000e+03,2.820566190224584879e-01,-6.180034795639444134e-01,3.185536606900649104e-01
2.822200000000000131e+01,1.675000000000000000e+03,1.200000000000000000e+03,2.796573692612382978e-01,-6.141542951564677999e-01,3.188233356533726193e-01
2.823999999999999844e+01,1.675000000000000000e+03,1.200000000000000000e+03,2.765634571369397499e-01,-6.093305906466310873e-01,3.147616706284442900e-01
2.825700000000000145e+01,1.675000000000000000e+03,1.200000000000000000e+03,2.765634571369397499e-01,-6.093305906466310873e-01,3.147616706284442900e-01
2.827400000000000091e+01,1.675000000000000000e+03,1.200000000000000000e+03,2.738228970861287248e-01,-6.045136910627353366e-01,2.845256677166566606e-01
2.829200000000000159e+01,1.675000000000000000e+03,1.200000000000000000e+03,2.707175420493237450e-01,-5.996716125130303610e-01,2.847628521901957588e-01
2.830900000000000105e+01,1.675000000000000000e+03,1.200000000000000000e+03,2.679410893555460582e-01,-5.957784491083750744e-01,2.850000717523762384e-01
2.832600000000000051e+01,1.675000000000000000e+03,1.200000000000000000e+03,2.679410893555460582e-01,-5.957784491083750744e-01,2.850000717523762384e-01
2.834400000000000119e+01,1.675000000000000000e+03,1.200000000000000000e+03,2.679410893555460582e-01,-5.957784491083750744e-01,2.850000717523762384e-01
2.836100000000000065e+01,1.675000000000000000e+03,1.200000000000000000e+03,2.651603792045151842e-01,-5.918793107186819391e-01,2.852373236567893322e-01
2.837800000000000011e+01,1.675000000000000000e+03,1.200000000000000000e+03,2.627116626316137182e-01,-5.889349211541361484e-01,3.204146104548670215e-01
2.839600000000000080e+01,1.675000000000000000e+03,1.200000000000000000e+03,2.571768374931504564e-01,-5.792141995219979300e-01,2.899712406200584125e-01
2.841300000000000026e+01,1.675000000000000000e+03,1.200000000000000000e+03,2.543787827760797260e-01,-5.752895911555233610e-01,2.902125230753914709e-01
2.843100000000000094e+01,1.675000000000000000e+03,1.200000000000000000e+03,2.512368950346313135e-01,-5.703915597982356367e-01,2.904538311401038686e-01
2.844699999999999918e+01,1.675000000000000000e+03,1.200000000000000000e+03,2.512368950346313135e-01,-5.703915597982356367e-01,2.904538311401038686e-01
2.846499999999999986e+01,1.675000000000000000e+03,1.200000000000000000e+03,2.480889734432243365e-01,-5.654841170713980070e-01,3.264582322684940197e-01
2.848100000000000165e+01,1.675000000000000000e+03,1.200000000000000000e+03,2.480889734432243365e-01,-5.654841170713980070e-01,3.264582322684940197e-01
2.849899999999999878e+01,1.675000000000000000e+03,1.200000000000000000e+03,2.480889734432243365e-01,-5.654841170713980070e-01,3.264582322684940197e-01
2.851599999999999824e+01,1.675000000000000000e+03,1.200000000000000000e+03,2.456387578009391337e-01,-5.615546286720398683e-01,3.267336713724116048e-01
2.853300000000000125e+01,1.675000000000000000e+03,1.200000000000000000e+03,2.428634211734441717e-01,-5.556899269660333651e-01,3.315689400451437008e-01
2.855000000000000071e+01,1.675000000000000000e+03,1.200000000000000000e+03,2.428634211734441717e-01,-5.556899269660333651e-01,3.315689400451437008e-01
2.856700000000000017e+01,1.675000000000000000e+03,1.200000000000000000e+03,2.400413854205958319e-01,-5.517289977626500530e-01,3.318489875873112949e-01
2.858500000000000085e+01,1.675000000000000000e+03,1.200000000000000000e+03,2.134859202403553979e-01,-5.069927194938257387e-01,3.817075485937917456e-01
2.860200000000000031e+01,1.675000000000000000e+03,1.200000000000000000e+03,2.134859202403553979e-01,-5.069927194938257387e-01,3.817075485937917456e-01
2.861899999999999977e+01,1.675000000000000000e+03,1.200000000000000000e+03,2.120656805096798880e-01,-5.039992548333609435e-01,3.395999390138207397e-01
2.863599999999999923e+01,1.675000000000000000e+03,1.200000000000000000e+03,2.088532206879873954e-01,-4.979851519484963518e-01,3.770549983472614719e-01
2.865299999999999869e+01,1.675000000000000000e+03,1.200000000000000000e+03,2.067074312436181227e-01,-4.939679810428048157e-01,3.826507355063972771e-01
2.867099999999999937e+01,1.675000000000000000e+03,1.200000000000000000e+03,2.034825027617568338e-01,-4.879305342777398025e-01,3.455663825656195010e-01
2.868799999999999883e+01,1.675000000000000000e+03,1.200000000000000000e+03,2.034825027617568338e-01,-4.879305342777398025e-01,3.455663825656195010e-01
2.872500000000000142e+01,1.675000000000000000e+03,1.200000000000000000e+03,2.034825027617568338e-01,-4.879305342777398025e-01,3.455663825656195010e-01
2.876699999999999946e+01,1.675000000000000000e+03,1.200000000000000000e+03,2.034825027617568338e-01,-4.879305342777398025e-01,3.455663825656195010e-01
2.878999999999999915e+01,1.675000000000000000e+03,1.200000000000000000e+03,2.034825027617568338e-01,-4.879305342777398025e-01,3.455663825656195010e-01
2.880699999999999861e+01,1.675000000000000000e+03,1.200000000000000000e+03,1.991708999129195856e-01,-4.798587052177998302e-01,3.461203488082716939e-01
2.882600000000000051e+01,1.675000000000000000e+03,1.200000000000000000e+03,1.991708999129195856e-01,-4.798587052177998302e-01,3.461203488082716939e-01
2.884299999999999997e+01,1.675000000000000000e+03,1.200000000000000000e+03,1.886811449790721795e-01,-4.615708684449426613e-01,3.472586195133955389e-01
2.885999999999999943e+01,1.675000000000000000e+03,1.200000000000000000e+03,1.886811449790721795e-01,-4.615708684449426613e-01,3.472586195133955389e-01
2.887699999999999889e+01,1.675000000000000000e+03,1.200000000000000000e+03,1.886811449790721795e-01,-4.615708684449426613e-01,3.472586195133955389e-01
2.889399999999999835e+01,1.675000000000000000e+03,1.200000000000000000e+03,1.781172468830738431e-01,-4.431538095123634946e-01,3.534395677476038222e-01
2.891100000000000136e+01,1.675000000000000000e+03,1.200000000000000000e+03,1.759246241022458523e-01,-4.390511032045321116e-01,3.588763423468444569e-01
2.892800000000000082e+01,1.675000000000000000e+03,1.200000000000000000e+03,1.759246241022458523e-01,-4.390511032045321116e-01,3.588763423468444569e-01
2.894500000000000028e+01,1.675000000000000000e+03,1.200000000000000000e+03,1.759246241022458523e-01,-4.390511032045321116e-01,3.588763423468444569e-01
2.896199999999999974e+01,1.675000000000000000e+03,1.200000000000000000e+03,1.741002480375475336e-01,-4.349592359637703964e-01,3.540060293797572810e-01
2.897899999999999920e+01,1.675000000000000000e+03,1.200000000000000000e+03,1.719010363742239367e-01,-4.308436724725623890e-01,3.594522485981699322e-01
2.899599999999999866e+01,1.675000000000000000e+03,1.200000000000000000e+03,1.719010363742239367e-01,-4.308436724725623890e-01,3.594522485981699322e-01
2.901300000000000168e+01,1.675000000000000000e+03,1.200000000000000000e+03,1.689537741291053941e-01,-4.266869544537410519e-01,3.597546133748101838e-01
2.903000000000000114e+01,1.675000000000000000e+03,1.200000000000000000e+03,1.663811405675665878e-01,-4.215339041044376955e-01,3.600570138412491072e-01
2.904700000000000060e+01,1.675000000000000000e+03,1.200000000000000000e+03,1.663811405675665878e-01,-4.215339041044376955e-01,3.600570138412491072e-01
2.906400000000000006e+01,1.675000000000000000e+03,1.200000000000000000e+03,1.582486458750413938e-01,-4.080220507930514273e-01,3.662653879135981949e-01
2.908099999999999952e+01,1.675000000000000000e+03,1.200000000000000000e+03,1.556515928608257493e-01,-4.038464946597226657e-01,3.665732050821922106e-01
2.909799999999999898e+01,1.675000000000000000e+03,1.200000000000000000e+03,1.556515928608257493e-01,-4.038464946597226657e-01,3.665732050821922106e-01
2.911599999999999966e+01,1.675000000000000000e+03,1.200000000000000000e+03,1.403579688153853144e-01,-3.786708648045484793e-01,4.201163220718517333e-01
2.913200000000000145e+01,1.675000000000000000e+03,1.200000000000000000e+03,1.403579688153853144e-01,-3.786708648045484793e-01,4.201163220718517333e-01
2.914900000000000091e+01,1.675000000000000000e+03,1.200000000000000000e+03,1.381068744681750449e-01,-3.754914017886026301e-01,4.608656632488432048e-01
2.916600000000000037e+01,1.675000000000000000e+03,1.200000000000000000e+03,1.381068744681750449e-01,-3.754914017886026301e-01,4.608656632488432048e-01
2.918299999999999983e+01,1.675000000000000000e+03,1.200000000000000000e+03,1.381068744681750449e-01,-3.754914017886026301e-01,4.608656632488432048e-01
2.919999999999999929e+01,1.675000000000000000e+03,1.200000000000000000e+03,1.347254928939844998e-01,-3.702015787862604768e-01,4.612629301755553635e-01
2.921699999999999875e+01,1.675000000000000000e+03,1.200000000000000000e+03,1.320908627054278028e-01,-3.659656551953984760e-01,4.551013518708543204e-01
2.923400000000000176e+01,1.675000000000000000e+03,1.200000000000000000e+03,1.207557611000649178e-01,-3.499528208068394264e-01,5.107023246285621321e-01
2.925199999999999889e+01,1.675000000000000000e+03,1.200000000000000000e+03,1.207557611000649178e-01,-3.499528208068394264e-01,5.107023246285621321e-01
2.926899999999999835e+01,1.675000000000000000e+03,1.200000000000000000e+03,1.180997563851045040e-01,-3.456843425386137980e-01,5.111447856128269462e-01
2.928800000000000026e+01,1.675000000000000000e+03,1.200000000000000000e+03,1.154394694643539054e-01,-3.414089902580164093e-01,4.636948686771055206e-01
2.930600000000000094e+01,1.675000000000000000e+03,1.200000000000000000e+03,1.154394694643539054e-01,-3.414089902580164093e-01,4.636948686771055206e-01
2.932300000000000040e+01,1.675000000000000000e+03,1.200000000000000000e+03,1.154394694643539054e-01,-3.414089902580164093e-01,4.636948686771055206e-01
2.933999999999999986e+01,1.675000000000000000e+03,1.200000000000000000e+03,1.101060051145128504e-01,-3.328375941642693903e-01,4.782288351918093650e-01
2.935699999999999932e+01,1.675000000000000000e+03,1.200000000000000000e+03,1.101060051145128504e-01,-3.328375941642693903e-01,4.782288351918093650e-01
2.937500000000000000e+01,1.675000000000000000e+03,1.200000000000000000e+03,1.074373410772289095e-01,-3.295843643438134407e-01,5.125296651279467319e-01
2.939199999999999946e+01,1.675000000000000000e+03,1.200000000000000000e+03,1.043804834477632948e-01,-3.252647870098490657e-01,5.129726905885323429e-01
2.941000000000000014e+01,1.675000000000000000e+03,1.200000000000000000e+03,1.043804834477632948e-01,-3.252647870098490657e-01,5.129726905885323429e-01
2.942699999999999960e+01,1.675000000000000000e+03,1.200000000000000000e+03,9.325385043822831399e-02,-3.090219240773848242e-01,5.710528663746244904e-01
2.944500000000000028e+01,1.675000000000000000e+03,1.200000000000000000e+03,8.940266269403651656e-02,-3.035794027633693659e-01,5.797973127231392798e-01
2.946199999999999974e+01,1.675000000000000000e+03,1.200000000000000000e+03,8.708816456993107025e-02,-3.003085450245022159e-01,6.212276158752024768e-01
2.947899999999999920e+01,1.675000000000000000e+03,1.200000000000000000e+03,8.708816456993107025e-02,-3.003085450245022159e-01,6.212276158752024768e-01
2.949599999999999866e+01,1.675000000000000000e+03,1.200000000000000000e+03,8.361567400536928929e-02,-2.959226460278960857e-01,6.305960057280109998e-01
2.951300000000000168e+01,1.675000000000000000e+03,1.200000000000000000e+03,8.245062449041506980e-02,-2.937547664314035245e-01,5.808735210972891805e-01
2.953000000000000114e+01,1.675000000000000000e+03,1.200000000000000000e+03,8.245062449041506980e-02,-2.937547664314035245e-01,5.808735210972891805e-01
2.954700000000000060e+01,1.675000000000000000e+03,1.200000000000000000e+03,8.245062449041506980e-02,-2.937547664314035245e-01,5.808735210972891805e-01
2.956500000000000128e+01,1.675000000000000000e+03,1.200000000000000000e+03,8.012757112613999588e-02,-2.904718296625645735e-01,6.223855991051148173e-01
2.958200000000000074e+01,1.675000000000000000e+03,1.200000000000000000e+03,7.391874874458448375e-02,-2.816975474814640279e-01,6.323165517267005376e-01
2.959900000000000020e+01,1.675000000000000000e+03,1.200000000000000000e+03,5.359813464553075946e-02,-2.529807576170277628e-01,6.539922162050116894e-01
2.961599999999999966e+01,1.675000000000000000e+03,1.200000000000000000e+03,5.359813464553075946e-02,-2.529807576170277628e-01,6.539922162050116894e-01
2.963299999999999912e+01,1.675000000000000000e+03,1.200000000000000000e+03,5.083810728706694704e-02,-2.485543332926161142e-01,6.545543496728721822e-01
2.964999999999999858e+01,1.675000000000000000e+03,1.200000000000000000e+03,4.807353111068835005e-02,-2.441206284572334795e-01,6.551167755294926565e-01
2.966700000000000159e+01,1.675000000000000000e+03,1.200000000000000000e+03,4.491807070975362137e-02,-2.396605630062458303e-01,7.069319677369307886e-01
2.968400000000000105e+01,1.675000000000000000e+03,1.200000000000000000e+03,4.491807070975362137e-02,-2.396605630062458303e-01,7.069319677369307886e-01
2.970100000000000051e+01,1.675000000000000000e+03,1.200000000000000000e+03,4.254803170863530326e-02,-2.363106528396503592e-01,6.557673104602751435e-01
2.971799999999999997e+01,1.675000000000000000e+03,1.200000000000000000e+03,3.621344784893620883e-02,-2.273571203453759182e-01,6.664427701810814453e-01
2.973499999999999943e+01,1.675000000000000000e+03,1.200000000000000000e+03,3.621344784893620883e-02,-2.273571203453759182e-01,6.664427701810814453e-01
2.975300000000000011e+01,1.675000000000000000e+03,1.200000000000000000e+03,3.344501014658973759e-02,-2.239726306386815580e-01,6.670136411187146397e-01
2.976999999999999957e+01,1.675000000000000000e+03,1.200000000000000000e+03,2.789762961954656006e-02,-2.171908020953745577e-01,6.676742089462678331e-01
2.978699999999999903e+01,1.675000000000000000e+03,1.200000000000000000e+03,2.432103568582943964e-02,-2.126664867378780244e-01,6.780352119850978632e-01
2.980399999999999849e+01,1.675000000000000000e+03,1.200000000000000000e+03,2.153746804405853865e-02,-2.092633968690105206e-01,7.311894178267207556e-01
2.982300000000000040e+01,1.675000000000000000e+03,1.200000000000000000e+03,2.153746804405853865e-02,-2.092633968690105206e-01,7.311894178267207556e-01
2.983999999999999986e+01,1.675000000000000000e+03,1.200000000000000000e+03,1.474626582042448675e-02,-2.001998336818280322e-01,7.429862939201333782e-01
2.985699999999999932e+01,1.675000000000000000e+03,1.200000000000000000e+03,1.474626582042448675e-02,-2.001998336818280322e-01,7.429862939201333782e-01
2.987399999999999878e+01,1.675000000000000000e+03,1.200000000000000000e+03,1.233977061504587525e-02,-1.968004530671700891e-01,6.899003637896884422e-01
2.989199999999999946e+01,1.675000000000000000e+03,1.200000000000000000e+03,1.233977061504587525e-02,-1.968004530671700891e-01,6.899003637896884422e-01
2.990899999999999892e+01,1.675000000000000000e+03,1.200000000000000000e+03,9.150480085275525255e-03,-1.933576612352023716e-01,7.437229383334333921e-01
2.992599999999999838e+01,1.675000000000000000e+03,1.200000000000000000e+03,9.150480085275525255e-03,-1.933576612352023716e-01,7.437229383334333921e-01
2.994300000000000139e+01,1.675000000000000000e+03,1.200000000000000000e+03,7.300310822926370236e-04,-1.830616560823514760e-01,7.451952998988117249e-01
2.996000000000000085e+01,1.675000000000000000e+03,1.200000000000000000e+03,7.300310822926370236e-04,-1.830616560823514760e-01,7.451952998988117249e-01
2.997800000000000153e+01,1.675000000000000000e+03,1.200000000000000000e+03,-6.493725939929362312e-03,-1.749933642982561821e-01,8.104177574974369413e-01
2.999500000000000099e+01,1.675000000000000000e+03,1.200000000000000000e+03,-6.493725939929362312e-03,-1.749933642982561821e-01,8.104177574974369413e-01
3.001300000000000168e+01,1.675000000000000000e+03,1.200000000000000000e+03,-6.493725939929362312e-03,-1.749933642982561821e-01,8.104177574974369413e-01
3.003000000000000114e+01,1.675000000000000000e+03,1.200000000000000000e+03,-8.924982677315451696e-03,-1.715620674721778371e-01,7.573914788113949026e-01
3.004700000000000060e+01,1.675000000000000000e+03,1.200000000000000000e+03,-1.295533630303680184e-02,-1.669404854063323285e-01,7.690965229373988299e-01
3.006400000000000006e+01,1.675000000000000000e+03,1.200000000000000000e+03,-1.416002543775274347e-02,-1.657738977113254464e-01,7.474012736024362447e-01
3.008099999999999952e+01,1.675000000000000000e+03,1.200000000000000000e+03,-1.416002543775274347e-02,-1.657738977113254464e-01,7.474012736024362447e-01
3.009900000000000020e+01,1.675000000000000000e+03,1.200000000000000000e+03,-1.416002543775274347e-02,-1.657738977113254464e-01,7.474012736024362447e-01
3.011599999999999966e+01,1.675000000000000000e+03,1.200000000000000000e+03,-1.819922803083073859e-02,-1.611423302263386148e-01,7.588832140543311233e-01
3.013299999999999912e+01,1.675000000000000000e+03,1.200000000000000000e+03,-4.011118128431911956e-02,-1.366645031905715513e-01,8.274363109448366060e-01
3.014999999999999858e+01,1.675000000000000000e+03,1.200000000000000000e+03,-4.011118128431911956e-02,-1.366645031905715513e-01,8.274363109448366060e-01
3.016700000000000159e+01,1.675000000000000000e+03,1.200000000000000000e+03,-4.419477226190249297e-02,-1.319824901992543431e-01,8.519489294794939660e-01
3.018499999999999872e+01,1.675000000000000000e+03,1.200000000000000000e+03,-4.781884129017388574e-02,-1.295569577241391102e-01,9.158205526097225047e-01
3.020200000000000173e+01,1.675000000000000000e+03,1.200000000000000000e+03,-4.947071678708869769e-02,-1.272311375848209636e-01,8.408643588154817161e-01
3.021999999999999886e+01,1.675000000000000000e+03,1.200000000000000000e+03,-4.947071678708869769e-02,-1.272311375848209636e-01,8.408643588154817161e-01
3.023699999999999832e+01,1.675000000000000000e+03,1.200000000000000000e+03,-4.947071678708869769e-02,-1.272311375848209636e-01,8.408643588154817161e-01
3.025400000000000134e+01,1.675000000000000000e+03,1.200000000000000000e+03,-5.356963223134370011e-02,-1.225326193386040430e-01,8.536016126024054129e-01
3.027100000000000080e+01,1.675000000000000000e+03,1.200000000000000000e+03,-5.356963223134370011e-02,-1.225326193386040430e-01,8.536016126024054129e-01
3.028800000000000026e+01,1.675000000000000000e+03,1.200000000000000000e+03,-5.356963223134370011e-02,-1.225326193386040430e-01,8.536016126024054129e-01
3.030499999999999972e+01,1.675000000000000000e+03,1.200000000000000000e+03,-6.670249806504680024e-02,-1.083464560948730337e-01,9.350284077550616857e-01
3.032199999999999918e+01,1.675000000000000000e+03,1.200000000000000000e+03,-7.074980733616476059e-02,-1.058781908873811517e-01,9.750735602362633481e-01
3.033899999999999864e+01,1.675000000000000000e+03,1.200000000000000000e+03,-7.770614324877778145e-02,-9.986321791675134563e-02,9.483910483148265680e-01
3.035600000000000165e+01,1.675000000000000000e+03,1.200000000000000000e+03,-7.770614324877778145e-02,-9.986321791675134563e-02,9.483910483148265680e-01
3.037300000000000111e+01,1.675000000000000000e+03,1.200000000000000000e+03,-7.770614324877778145e-02,-9.986321791675134563e-02,9.483910483148265680e-01
3.039000000000000057e+01,1.675000000000000000e+03,1.200000000000000000e+03,-7.770614324877778145e-02,-9.986321791675134563e-02,9.483910483148265680e-01
3.040700000000000003e+01,1.675000000000000000e+03,1.200000000000000000e+03,-8.021753503003781205e-02,-9.633520230229297709e-02,9.769002777070037169e-01
3.042399999999999949e+01,1.675000000000000000e+03,1.200000000000000000e+03,-8.021753503003781205e-02,-9.633520230229297709e-02,9.769002777070037169e-01
3.044099999999999895e+01,1.675000000000000000e+03,1.200000000000000000e+03,-8.357111283999252294e-02,-9.162409883408884070e-02,9.509460401092113546e-01
3.045899999999999963e+01,1.675000000000000000e+03,1.200000000000000000e+03,-8.640076758387493783e-02,-9.034038989901382877e-02,9.917563501511541535e-01
3.047500000000000142e+01,1.675000000000000000e+03,1.200000000000000000e+03,-8.971896511291355125e-02,-8.675800496570573728e-02,9.787259573606819085e-01
3.049200000000000088e+01,1.675000000000000000e+03,1.200000000000000000e+03,-8.971896511291355125e-02,-8.675800496570573728e-02,9.787259573606819085e-01
3.051000000000000156e+01,1.675000000000000000e+03,1.200000000000000000e+03,-1.008510158945075119e-01,-7.706177050676288331e-02,1.020090178968327210e+00
3.052700000000000102e+01,1.675000000000000000e+03,1.200000000000000000e+03,-1.066800422404896587e-01,-7.104449040568638907e-02,1.034741084561601188e+00
3.054400000000000048e+01,1.675000000000000000e+03,1.200000000000000000e+03,-1.066800422404896587e-01,-7.104449040568638907e-02,1.034741084561601188e+00
3.056200000000000117e+01,1.675000000000000000e+03,1.500000000000000000e+03,-1.066800422404896587e-01,-7.104449040568638907e-02,1.034741084561601188e+00
3.057900000000000063e+01,1.675000000000000000e+03,1.500000000000000000e+03,-1.108236769454129522e-01,-6.739353473875109302e-02,1.009820082804298691e+00
3.059700000000000131e+01,1.675000000000000000e+03,1.500000000000000000e+03,-1.136731696423511906e-01,-6.609718254626795186e-02,1.049793739045951080e+00
3.061400000000000077e+01,1.675000000000000000e+03,1.500000000000000000e+03,-1.136731696423511906e-01,-6.609718254626795186e-02,1.049793739045951080e+00
3.063100000000000023e+01,1.675000000000000000e+03,1.500000000000000000e+03,-1.386181801835082439e-01,-4.522864821057304141e-02,1.111203832738121067e+00
3.064900000000000091e+01,1.675000000000000000e+03,1.500000000000000000e+03,-1.478573835683780757e-01,-3.664606029750672178e-02,1.084012550469431790e+00
3.066600000000000037e+01,1.675000000000000000e+03,1.500000000000000000e+03,-1.478573835683780757e-01,-3.664606029750672178e-02,1.084012550469431790e+00
3.068400000000000105e+01,1.675000000000000000e+03,1.500000000000000000e+03,-1.519988310393864950e-01,-3.410731554342660843e-02,1.074887642308567148e+00
3.070200000000000173e+01,1.675000000000000000e+03,1.500000000000000000e+03,-1.553964442676698532e-01,-3.044826773537945286e-02,1.099742746695425488e+00
3.071900000000000119e+01,1.675000000000000000e+03,1.500000000000000000e+03,-1.582774752510833771e-01,-2.913202797994962623e-02,1.129678425094954530e+00
3.073600000000000065e+01,1.675000000000000000e+03,1.500000000000000000e+03,-1.582774752510833771e-01,-2.913202797994962623e-02,1.129678425094954530e+00
3.075400000000000134e+01,1.675000000000000000e+03,1.500000000000000000e+03,-1.617421293659799808e-01,-2.430194801836726981e-02,1.130448206186631221e+00
3.077100000000000080e+01,1.675000000000000000e+03,1.500000000000000000e+03,-1.617421293659799808e-01,-2.430194801836726981e-02,1.130448206186631221e+00
3.078699999999999903e+01,1.675000000000000000e+03,1.500000000000000000e+03,-1.649716705851616005e-01,-2.412494981617108181e-02,1.130855348317829856e+00
3.080499999999999972e+01,1.675000000000000000e+03,1.500000000000000000e+03,-1.684455291645847730e-01,-1.928582093628339322e-02,1.102058507742155191e+00
3.082199999999999918e+01,1.675000000000000000e+03,1.500000000000000000e+03,-1.684455291645847730e-01,-1.928582093628339322e-02,1.102058507742155191e+00
3.083999999999999986e+01,1.675000000000000000e+03,1.500000000000000000e+03,-1.684455291645847730e-01,-1.928582093628339322e-02,1.102058507742155191e+00
3.085699999999999932e+01,1.675000000000000000e+03,1.500000000000000000e+03,-1.788662312983912983e-01,-1.288986700965288890e-02,1.133205372738449901e+00
3.087399999999999878e+01,1.675000000000000000e+03,1.500000000000000000e+03,-1.818269642185210699e-01,-1.039398554869652713e-02,1.126029967546679833e+00
3.089099999999999824e+01,1.675000000000000000e+03,1.500000000000000000e+03,-1.818269642185210699e-01,-1.039398554869652713e-02,1.126029967546679833e+00
3.090800000000000125e+01,1.675000000000000000e+03,1.500000000000000000e+03,-1.859412477125887975e-01,-8.999123029571620691e-03,1.126428922594640669e+00
3.092699999999999960e+01,1.675000000000000000e+03,1.500000000000000000e+03,-1.859412477125887975e-01,-8.999123029571620691e-03,1.126428922594640669e+00
3.094399999999999906e+01,1.675000000000000000e+03,1.500000000000000000e+03,-1.876917156414115162e-01,-6.566873859924271528e-03,1.149768634345787799e+00
3.096099999999999852e+01,1.675000000000000000e+03,1.500000000000000000e+03,-1.927538996541535710e-01,-2.778947553148114480e-03,1.143493958990499104e+00
3.097800000000000153e+01,1.675000000000000000e+03,1.500000000000000000e+03,-1.958605108900171032e-01,2.076224060460596377e-03,1.112666440702022808e+00
3.099500000000000099e+01,1.675000000000000000e+03,1.500000000000000000e+03,-1.958605108900171032e-01,2.076224060460596377e-03,1.112666440702022808e+00
3.101300000000000168e+01,1.675000000000000000e+03,1.500000000000000000e+03,-2.003270357365929399e-01,2.325927328217680667e-03,1.128957179153961654e+00
3.103000000000000114e+01,1.675000000000000000e+03,1.500000000000000000e+03,-2.003270357365929399e-01,2.325927328217680667e-03,1.128957179153961654e+00
3.104700000000000060e+01,1.675000000000000000e+03,1.500000000000000000e+03,-2.104944042567504781e-01,9.934520572630667345e-03,1.138590634376021926e+00
3.106400000000000006e+01,1.675000000000000000e+03,1.500000000000000000e+03,-2.104944042567504781e-01,9.934520572630667345e-03,1.138590634376021926e+00
