timestamp,u_propeller_pwm,u_rudder_pwm,x,y,yaw
1.700000000000000122e-02,1.650000000000000000e+03,1.500000000000000000e+03,1.563668689755410179e+00,-1.290610953275663331e+00,1.929983935476107915e+00
3.400000000000000244e-02,1.650000000000000000e+03,1.500000000000000000e+03,1.563668689755410179e+00,-1.290610953275663331e+00,1.929983935476107915e+00
5.099999999999999672e-02,1.650000000000000000e+03,1.500000000000000000e+03,1.563668689755410179e+00,-1.290610953275663331e+00,1.929983935476107915e+00
6.800000000000000488e-02,1.650000000000000000e+03,1.500000000000000000e+03,1.563668689755410179e+00,-1.290610953275663331e+00,1.929983935476107915e+00
8.500000000000000611e-02,1.650000000000000000e+03,1.500000000000000000e+03,1.560676852538253723e+00,-1.291186216934292474e+00,1.924252164896925521e+00
1.019999999999999934e-01,1.650000000000000000e+03,1.500000000000000000e+03,1.552690804747877795e+00,-1.290826318178585286e+00,1.919472203874368788e+00
1.189999999999999947e-01,1.650000000000000000e+03,1.500000000000000000e+03,1.552690804747877795e+00,-1.290826318178585286e+00,1.919472203874368788e+00
1.360000000000000098e-01,1.650000000000000000e+03,1.500000000000000000e+03,1.549925969555869365e+00,-1.290701720163974553e+00,1.913688039902282423e+00
1.529999999999999971e-01,1.650000000000000000e+03,1.500000000000000000e+03,1.549925969555869365e+00,-1.290701720163974553e+00,1.913688039902282423e+00
1.700000000000000122e-01,1.650000000000000000e+03,1.500000000000000000e+03,1.547468151063934094e+00,-1.290590959182467579e+00,1.914179978441937102e+00
1.869999999999999996e-01,1.650000000000000000e+03,1.500000000000000000e+03,1.545174665755487009e+00,-1.291907461420309655e+00,1.917545428526354012e+00
2.039999999999999869e-01,1.650000000000000000e+03,1.500000000000000000e+03,1.545174665755487009e+00,-1.291907461420309655e+00,1.917545428526354012e+00
2.210000000000000020e-01,1.650000000000000000e+03,1.500000000000000000e+03,1.534367138514660001e+00,-1.293549033538899273e+00,1.917014844787557237e+00
2.379999999999999893e-01,1.650000000000000000e+03,1.500000000000000000e+03,1.534367138514660001e+00,-1.293549033538899273e+00,1.917014844787557237e+00
2.560000000000000053e-01,1.650000000000000000e+03,1.500000000000000000e+03,1.534367138514660001e+00,-1.293549033538899273e+00,1.917014844787557237e+00
2.730000000000000204e-01,1.650000000000000000e+03,1.500000000000000000e+03,1.531910191139362443e+00,-1.293438442552459655e+00,1.917505561961302396e+00
2.899999999999999800e-01,1.650000000000000000e+03,1.500000000000000000e+03,1.531910191139362443e+00,-1.293438442552459655e+00,1.917505561961302396e+00
3.079999999999999960e-01,1.650000000000000000e+03,1.500000000000000000e+03,1.531910191139362443e+00,-1.293438442552459655e+00,1.917505561961302396e+00
3.250000000000000111e-01,1.650000000000000000e+03,1.500000000000000000e+03,1.531910191139362443e+00,-1.293438442552459655e+00,1.917505561961302396e+00
3.420000000000000262e-01,1.650000000000000000e+03,1.500000000000000000e+03,1.524009558737498882e+00,-1.293791942260166472e+00,1.915678436507475046e+00
3.589999999999999858e-01,1.650000000000000000e+03,1.500000000000000000e+03,1.521245096782456896e+00,-1.293667551519535497e+00,1.909975758756307762e+00
3.770000000000000018e-01,1.650000000000000000e+03,1.500000000000000000e+03,1.521245096782456896e+00,-1.293667551519535497e+00,1.909975758756307762e+00
3.940000000000000169e-01,1.650000000000000000e+03,1.500000000000000000e+03,1.504961010197390259e+00,-1.292934936498120635e+00,1.906967961352759255e+00
4.099999999999999756e-01,1.650000000000000000e+03,1.500000000000000000e+03,1.504961010197390259e+00,-1.292934936498120635e+00,1.906967961352759255e+00
4.279999999999999916e-01,1.650000000000000000e+03,1.500000000000000000e+03,1.502195029331202303e+00,-1.292810517735765607e+00,1.901222599333061147e+00
4.450000000000000067e-01,1.650000000000000000e+03,1.500000000000000000e+03,1.502195029331202303e+00,-1.292810517735765607e+00,1.901222599333061147e+00
4.620000000000000218e-01,1.650000000000000000e+03,1.500000000000000000e+03,1.494727567840547167e+00,-1.291765275788913314e+00,1.899674960810076252e+00
4.799999999999999822e-01,1.650000000000000000e+03,1.500000000000000000e+03,1.494727567840547167e+00,-1.291765275788913314e+00,1.899674960810076252e+00
4.979999999999999982e-01,1.650000000000000000e+03,1.500000000000000000e+03,1.491345357118039061e+00,-1.291613141390876685e+00,1.894004080426715975e+00
5.170000000000000151e-01,1.650000000000000000e+03,1.500000000000000000e+03,1.488885362013560254e+00,-1.291502496940237776e+00,1.894502901679696594e+00
5.340000000000000302e-01,1.650000000000000000e+03,1.500000000000000000e+03,1.488885362013560254e+00,-1.291502496940237776e+00,1.894502901679696594e+00
5.510000000000000453e-01,1.650000000000000000e+03,1.500000000000000000e+03,1.480674359867732770e+00,-1.291842751703685011e+00,1.899183699106218759e+00
5.689999999999999503e-01,1.650000000000000000e+03,1.500000000000000000e+03,1.480674359867732770e+00,-1.291842751703685011e+00,1.899183699106218759e+00
5.859999999999999654e-01,1.650000000000000000e+03,1.500000000000000000e+03,1.477598899170200708e+00,-1.291704495874363090e+00,1.899680693069210502e+00
6.039999999999999813e-01,1.650000000000000000e+03,1.500000000000000000e+03,1.471848971512822679e+00,-1.292155413026786270e+00,1.900922386110762696e+00
6.209999999999999964e-01,1.650000000000000000e+03,1.500000000000000000e+03,1.471848971512822679e+00,-1.292155413026786270e+00,1.900922386110762696e+00
6.390000000000000124e-01,1.650000000000000000e+03,1.500000000000000000e+03,1.471848971512822679e+00,-1.292155413026786270e+00,1.900922386110762696e+00
6.560000000000000275e-01,1.650000000000000000e+03,1.500000000000000000e+03,1.460467412473613891e+00,-1.291644079905094333e+00,1.896889264253969420e+00
6.740000000000000435e-01,1.650000000000000000e+03,1.500000000000000000e+03,1.460467412473613891e+00,-1.291644079905094333e+00,1.896889264253969420e+00
6.909999999999999476e-01,1.650000000000000000e+03,1.500000000000000000e+03,1.457487214055868563e+00,-1.292219499247468040e+00,1.891093072207667980e+00
7.079999999999999627e-01,1.650000000000000000e+03,1.500000000000000000e+03,1.457487214055868563e+00,-1.292219499247468040e+00,1.891093072207667980e+00
7.249999999999999778e-01,1.650000000000000000e+03,1.500000000000000000e+03,1.454621406561019903e+00,-1.291381519749382534e+00,1.898133267045554184e+00
7.419999999999999929e-01,1.650000000000000000e+03,1.500000000000000000e+03,1.454621406561019903e+00,-1.291381519749382534e+00,1.898133267045554184e+00
7.590000000000000080e-01,1.650000000000000000e+03,1.500000000000000000e+03,1.454621406561019903e+00,-1.291381519749382534e+00,1.898133267045554184e+00
7.770000000000000240e-01,1.650000000000000000e+03,1.500000000000000000e+03,1.451236437214175723e+00,-1.291229518155432743e+00,1.892342067016850038e+00
7.940000000000000391e-01,1.650000000000000000e+03,1.500000000000000000e+03,1.451236437214175723e+00,-1.291229518155432743e+00,1.892342067016850038e+00
8.110000000000000542e-01,1.650000000000000000e+03,1.500000000000000000e+03,1.442409883859720132e+00,-1.291542678809262767e+00,1.890496941289914856e+00
8.279999999999999583e-01,1.650000000000000000e+03,1.500000000000000000e+03,1.439639885878591485e+00,-1.291418379613962664e+00,1.890996832025340968e+00
8.469999999999999751e-01,1.650000000000000000e+03,1.500000000000000000e+03,1.439639885878591485e+00,-1.291418379613962664e+00,1.890996832025340968e+00
8.639999999999999902e-01,1.650000000000000000e+03,1.500000000000000000e+03,1.436254041910897783e+00,-1.291266465889219450e+00,1.891746330504536999e+00
8.810000000000000053e-01,1.650000000000000000e+03,1.500000000000000000e+03,1.436254041910897783e+00,-1.291266465889219450e+00,1.891746330504536999e+00
8.980000000000000204e-01,1.650000000000000000e+03,1.500000000000000000e+03,1.415419704376060128e+00,-1.291041666189265413e+00,1.882866083806153501e+00
9.160000000000000364e-01,1.650000000000000000e+03,1.500000000000000000e+03,1.412648078670012186e+00,-1.290917482815526096e+00,1.883368469957406921e+00
9.330000000000000515e-01,1.650000000000000000e+03,1.500000000000000000e+03,1.412648078670012186e+00,-1.290917482815526096e+00,1.883368469957406921e+00
9.509999999999999565e-01,1.650000000000000000e+03,1.500000000000000000e+03,1.406488154522755218e+00,-1.290641553148623721e+00,1.884623653463858961e+00
9.679999999999999716e-01,1.650000000000000000e+03,1.500000000000000000e+03,1.406488154522755218e+00,-1.290641553148623721e+00,1.884623653463858961e+00
9.849999999999999867e-01,1.650000000000000000e+03,1.500000000000000000e+03,1.403715849218391210e+00,-1.290517400686428839e+00,1.878652731342277171e+00
1.002000000000000002e+00,1.650000000000000000e+03,1.500000000000000000e+03,1.400635263438361200e+00,-1.290379465719233565e+00,1.885877716613823862e+00
1.018999999999999906e+00,1.650000000000000000e+03,1.500000000000000000e+03,1.400635263438361200e+00,-1.290379465719233565e+00,1.885877716613823862e+00
1.036999999999999922e+00,1.650000000000000000e+03,1.500000000000000000e+03,1.391499263721683866e+00,-1.290679986408249658e+00,1.881169713474965866e+00
1.054000000000000048e+00,1.650000000000000000e+03,1.500000000000000000e+03,1.391499263721683866e+00,-1.290679986408249658e+00,1.881169713474965866e+00
1.070000000000000062e+00,1.650000000000000000e+03,1.500000000000000000e+03,1.388418149409874180e+00,-1.290542158746335932e+00,1.875181716512254404e+00
1.086999999999999966e+00,1.650000000000000000e+03,1.500000000000000000e+03,1.388418149409874180e+00,-1.290542158746335932e+00,1.875181716512254404e+00
1.106000000000000094e+00,1.650000000000000000e+03,1.500000000000000000e+03,1.388418149409874180e+00,-1.290542158746335932e+00,1.875181716512254404e+00
1.124000000000000110e+00,1.650000000000000000e+03,1.500000000000000000e+03,1.385953072763945304e+00,-1.290431907708454506e+00,1.875686558604455101e+00
1.141000000000000014e+00,1.650000000000000000e+03,1.500000000000000000e+03,1.373119035802027321e+00,-1.290567576995147459e+00,1.871699167957786569e+00
1.157999999999999918e+00,1.650000000000000000e+03,1.500000000000000000e+03,1.373119035802027321e+00,-1.290567576995147459e+00,1.871699167957786569e+00
1.175000000000000044e+00,1.650000000000000000e+03,1.500000000000000000e+03,1.370345116828879828e+00,-1.290443667231995217e+00,1.872205092222995582e+00
1.191999999999999948e+00,1.650000000000000000e+03,1.500000000000000000e+03,1.370345116828879828e+00,-1.290443667231995217e+00,1.872205092222995582e+00
1.209999999999999964e+00,1.650000000000000000e+03,1.500000000000000000e+03,1.366954491789120762e+00,-1.290292242395900235e+00,1.872963648609789367e+00
1.227000000000000091e+00,1.650000000000000000e+03,1.500000000000000000e+03,1.366954491789120762e+00,-1.290292242395900235e+00,1.872963648609789367e+00
1.243999999999999995e+00,1.650000000000000000e+03,1.500000000000000000e+03,1.366954491789120762e+00,-1.290292242395900235e+00,1.872963648609789367e+00
1.260999999999999899e+00,1.650000000000000000e+03,1.500000000000000000e+03,1.354427361224740167e+00,-1.290442439404369868e+00,1.866970143759873579e+00
1.278000000000000025e+00,1.650000000000000000e+03,1.500000000000000000e+03,1.354427361224740167e+00,-1.290442439404369868e+00,1.866970143759873579e+00
1.296000000000000041e+00,1.650000000000000000e+03,1.500000000000000000e+03,1.351149718790800591e+00,-1.291005397353809148e+00,1.861027489272133240e+00
1.312999999999999945e+00,1.650000000000000000e+03,1.500000000000000000e+03,1.351149718790800591e+00,-1.291005397353809148e+00,1.861027489272133240e+00
1.330000000000000071e+00,1.650000000000000000e+03,1.500000000000000000e+03,1.351149718790800591e+00,-1.291005397353809148e+00,1.861027489272133240e+00
1.346999999999999975e+00,1.650000000000000000e+03,1.500000000000000000e+03,1.348260746214728911e+00,-1.290167451921266473e+00,1.868238284037519126e+00
1.364000000000000101e+00,1.650000000000000000e+03,1.500000000000000000e+03,1.348260746214728911e+00,-1.290167451921266473e+00,1.868238284037519126e+00
1.381000000000000005e+00,1.650000000000000000e+03,1.500000000000000000e+03,1.322468649972519561e+00,-1.289728207832824491e+00,1.860418193310931612e+00
1.397999999999999909e+00,1.650000000000000000e+03,1.500000000000000000e+03,1.322468649972519561e+00,-1.289728207832824491e+00,1.860418193310931612e+00
1.415000000000000036e+00,1.650000000000000000e+03,1.500000000000000000e+03,1.322468649972519561e+00,-1.289728207832824491e+00,1.860418193310931612e+00
1.431999999999999940e+00,1.650000000000000000e+03,1.500000000000000000e+03,1.322468649972519561e+00,-1.289728207832824491e+00,1.860418193310931612e+00
1.449000000000000066e+00,1.650000000000000000e+03,1.500000000000000000e+03,1.319383390992576954e+00,-1.289591006077658975e+00,1.854444870362656594e+00
1.467000000000000082e+00,1.650000000000000000e+03,1.500000000000000000e+03,1.316606448400690965e+00,-1.289467547867967578e+00,1.854956098988430391e+00
1.483999999999999986e+00,1.650000000000000000e+03,1.500000000000000000e+03,1.316606448400690965e+00,-1.289467547867967578e+00,1.854956098988430391e+00
1.500999999999999890e+00,1.650000000000000000e+03,1.500000000000000000e+03,1.309817533696461478e+00,-1.289165856841295810e+00,1.849728999922752415e+00
1.518000000000000016e+00,1.650000000000000000e+03,1.500000000000000000e+03,1.309817533696461478e+00,-1.289165856841295810e+00,1.849728999922752415e+00
1.534999999999999920e+00,1.650000000000000000e+03,1.500000000000000000e+03,1.306731273930475501e+00,-1.289028770637248300e+00,1.856999308666533732e+00
1.552999999999999936e+00,1.650000000000000000e+03,1.500000000000000000e+03,1.299940649529975678e+00,-1.288727285766594566e+00,1.851778624310175925e+00
1.570000000000000062e+00,1.650000000000000000e+03,1.500000000000000000e+03,1.299940649529975678e+00,-1.288727285766594566e+00,1.851778624310175925e+00
1.586999999999999966e+00,1.650000000000000000e+03,1.500000000000000000e+03,1.296853615770929835e+00,-1.288590296017311676e+00,1.845767641033325912e+00
1.604000000000000092e+00,1.650000000000000000e+03,1.500000000000000000e+03,1.296853615770929835e+00,-1.288590296017311676e+00,1.845767641033325912e+00
1.620999999999999996e+00,1.650000000000000000e+03,1.500000000000000000e+03,1.286973494256065553e+00,-1.288152141585405364e+00,1.847821946520089798e+00
1.637999999999999901e+00,1.650000000000000000e+03,1.500000000000000000e+03,1.286973494256065553e+00,-1.288152141585405364e+00,1.847821946520089798e+00
1.655999999999999917e+00,1.650000000000000000e+03,1.500000000000000000e+03,1.286973494256065553e+00,-1.288152141585405364e+00,1.847821946520089798e+00
1.673000000000000043e+00,1.650000000000000000e+03,1.500000000000000000e+03,1.280488335795731736e+00,-1.287864785196550788e+00,1.849104527758161476e+00
1.689999999999999947e+00,1.650000000000000000e+03,1.500000000000000000e+03,1.280488335795731736e+00,-1.287864785196550788e+00,1.849104527758161476e+00
1.707000000000000073e+00,1.650000000000000000e+03,1.500000000000000000e+03,1.277273834567246524e+00,-1.287012599868519125e+00,1.856380364223086277e+00
1.723999999999999977e+00,1.650000000000000000e+03,1.500000000000000000e+03,1.273440056934021181e+00,-1.286132752200451534e+00,1.845205686755357233e+00
1.741000000000000103e+00,1.650000000000000000e+03,1.500000000000000000e+03,1.273440056934021181e+00,-1.286132752200451534e+00,1.845205686755357233e+00
1.758999999999999897e+00,1.650000000000000000e+03,1.500000000000000000e+03,1.263241929927205742e+00,-1.285681431420004017e+00,1.847260323506427548e+00
1.776000000000000023e+00,1.650000000000000000e+03,1.500000000000000000e+03,1.263241929927205742e+00,-1.285681431420004017e+00,1.847260323506427548e+00
1.794000000000000039e+00,1.650000000000000000e+03,1.500000000000000000e+03,1.263241929927205742e+00,-1.285681431420004017e+00,1.847260323506427548e+00
1.812000000000000055e+00,1.650000000000000000e+03,1.500000000000000000e+03,1.260460180049502998e+00,-1.285558413289151325e+00,1.854658572379149994e+00
1.828999999999999959e+00,1.650000000000000000e+03,1.500000000000000000e+03,1.260460180049502998e+00,-1.285558413289151325e+00,1.854658572379149994e+00
1.846000000000000085e+00,1.650000000000000000e+03,1.500000000000000000e+03,1.257060007306857408e+00,-1.285408099195580522e+00,1.848543113020102435e+00
1.862999999999999989e+00,1.650000000000000000e+03,1.500000000000000000e+03,1.222947608854650259e+00,-1.281770371972656974e+00,1.841862139594810932e+00
1.881000000000000005e+00,1.650000000000000000e+03,1.500000000000000000e+03,1.222947608854650259e+00,-1.281770371972656974e+00,1.841862139594810932e+00
1.897999999999999909e+00,1.650000000000000000e+03,1.500000000000000000e+03,1.219890872184328234e+00,-1.280212531754475691e+00,1.836751235491782541e+00
1.915000000000000036e+00,1.650000000000000000e+03,1.500000000000000000e+03,1.219890872184328234e+00,-1.280212531754475691e+00,1.836751235491782541e+00
1.931999999999999940e+00,1.650000000000000000e+03,1.500000000000000000e+03,1.216311112904810310e+00,-1.280766660569621074e+00,1.837525600820581140e+00
1.951000000000000068e+00,1.650000000000000000e+03,1.500000000000000000e+03,1.216311112904810310e+00,-1.280766660569621074e+00,1.837525600820581140e+00
1.967000000000000082e+00,1.650000000000000000e+03,1.500000000000000000e+03,1.216311112904810310e+00,-1.280766660569621074e+00,1.837525600820581140e+00
1.983999999999999986e+00,1.650000000000000000e+03,1.500000000000000000e+03,1.216311112904810310e+00,-1.280766660569621074e+00,1.837525600820581140e+00
2.000999999999999890e+00,1.650000000000000000e+03,1.500000000000000000e+03,1.202995465497648464e+00,-1.280181074650076134e+00,1.833293920590994608e+00
2.017999999999999794e+00,1.650000000000000000e+03,1.500000000000000000e+03,1.202995465497648464e+00,-1.280181074650076134e+00,1.833293920590994608e+00
2.035000000000000142e+00,1.650000000000000000e+03,1.500000000000000000e+03,1.202995465497648464e+00,-1.280181074650076134e+00,1.833293920590994608e+00
2.052000000000000046e+00,1.650000000000000000e+03,1.500000000000000000e+03,1.199588481823574693e+00,-1.280031412803284141e+00,1.834069765874275060e+00
2.068999999999999950e+00,1.650000000000000000e+03,1.500000000000000000e+03,1.199588481823574693e+00,-1.280031412803284141e+00,1.834069765874275060e+00
2.087000000000000188e+00,1.650000000000000000e+03,1.500000000000000000e+03,1.186408739906734677e+00,-1.280164927156521859e+00,1.829001907383957182e+00
2.104000000000000092e+00,1.650000000000000000e+03,1.500000000000000000e+03,1.186408739906734677e+00,-1.280164927156521859e+00,1.829001907383957182e+00
2.120999999999999996e+00,1.650000000000000000e+03,1.500000000000000000e+03,1.182691219781244030e+00,-1.280002038529942432e+00,1.829779602413738049e+00
2.137999999999999901e+00,1.650000000000000000e+03,1.500000000000000000e+03,1.182691219781244030e+00,-1.280002038529942432e+00,1.829779602413738049e+00
2.154999999999999805e+00,1.650000000000000000e+03,1.500000000000000000e+03,1.182691219781244030e+00,-1.280002038529942432e+00,1.829779602413738049e+00
2.172000000000000153e+00,1.650000000000000000e+03,1.500000000000000000e+03,1.179115565236410923e+00,-1.280557096993498511e+00,1.831415135806359284e+00
2.189000000000000057e+00,1.650000000000000000e+03,1.500000000000000000e+03,1.169179197972486817e+00,-1.281545258752072591e+00,1.832661720060260180e+00
2.206999999999999851e+00,1.650000000000000000e+03,1.500000000000000000e+03,1.169179197972486817e+00,-1.281545258752072591e+00,1.832661720060260180e+00
2.225000000000000089e+00,1.650000000000000000e+03,1.500000000000000000e+03,1.166535538807906613e+00,-1.282140853799402791e+00,1.826449585406507481e+00
2.241999999999999993e+00,1.650000000000000000e+03,1.500000000000000000e+03,1.166535538807906613e+00,-1.282140853799402791e+00,1.826449585406507481e+00
2.258999999999999897e+00,1.650000000000000000e+03,1.500000000000000000e+03,1.158937339694575019e+00,-1.282520186247848137e+00,1.828006766075745304e+00
2.275999999999999801e+00,1.650000000000000000e+03,1.500000000000000000e+03,1.158937339694575019e+00,-1.282520186247848137e+00,1.828006766075745304e+00
2.293000000000000149e+00,1.650000000000000000e+03,1.500000000000000000e+03,1.158937339694575019e+00,-1.282520186247848137e+00,1.828006766075745304e+00
2.310000000000000053e+00,1.650000000000000000e+03,1.800000000000000000e+03,1.149172243206101784e+00,-1.282805467818306067e+00,1.815845098184047934e+00
2.327999999999999847e+00,1.650000000000000000e+03,1.800000000000000000e+03,1.149172243206101784e+00,-1.282805467818306067e+00,1.815845098184047934e+00
2.343999999999999861e+00,1.650000000000000000e+03,1.800000000000000000e+03,1.145455282641022254e+00,-1.282643710730155817e+00,1.816628422848778346e+00
2.361000000000000210e+00,1.650000000000000000e+03,1.800000000000000000e+03,1.145455282641022254e+00,-1.282643710730155817e+00,1.816628422848778346e+00
2.378000000000000114e+00,1.650000000000000000e+03,1.800000000000000000e+03,1.125149560578186048e+00,-1.283893336838802579e+00,1.814492215775089123e+00
2.395999999999999908e+00,1.650000000000000000e+03,1.800000000000000000e+03,1.125149560578186048e+00,-1.283893336838802579e+00,1.814492215775089123e+00
2.412999999999999812e+00,1.650000000000000000e+03,1.800000000000000000e+03,1.114617201361210341e+00,-1.283437290980063761e+00,1.809775845401587535e+00
2.430000000000000160e+00,1.650000000000000000e+03,1.800000000000000000e+03,1.110899355901991736e+00,-1.283276501374199796e+00,1.810561716704168767e+00
2.447000000000000064e+00,1.650000000000000000e+03,1.800000000000000000e+03,1.110899355901991736e+00,-1.283276501374199796e+00,1.810561716704168767e+00
2.463999999999999968e+00,1.650000000000000000e+03,1.800000000000000000e+03,1.107491084440364260e+00,-1.283129188889128525e+00,1.811347257763217256e+00
2.480999999999999872e+00,1.650000000000000000e+03,1.800000000000000000e+03,1.107491084440364260e+00,-1.283129188889128525e+00,1.811347257763217256e+00
2.499000000000000110e+00,1.650000000000000000e+03,1.800000000000000000e+03,1.103928278924425577e+00,-1.282264782958199678e+00,1.804923787000808799e+00
2.515000000000000124e+00,1.650000000000000000e+03,1.800000000000000000e+03,1.103928278924425577e+00,-1.282264782958199678e+00,1.804923787000808799e+00
2.533999999999999808e+00,1.650000000000000000e+03,1.800000000000000000e+03,1.100363942030472053e+00,-1.282821415635578166e+00,1.805833240399345119e+00
2.551000000000000156e+00,1.650000000000000000e+03,1.800000000000000000e+03,1.086569442890179538e+00,-1.281516138730540710e+00,1.815290618742550155e+00
2.568000000000000060e+00,1.650000000000000000e+03,1.800000000000000000e+03,1.086569442890179538e+00,-1.281516138730540710e+00,1.815290618742550155e+00
2.584999999999999964e+00,1.650000000000000000e+03,1.800000000000000000e+03,1.082691111877711831e+00,-1.280638259546734936e+00,1.802404132644616963e+00
2.601999999999999869e+00,1.650000000000000000e+03,1.800000000000000000e+03,1.082691111877711831e+00,-1.280638259546734936e+00,1.802404132644616963e+00
2.619000000000000217e+00,1.650000000000000000e+03,1.800000000000000000e+03,1.082691111877711831e+00,-1.280638259546734936e+00,1.802404132644616963e+00
2.636000000000000121e+00,1.650000000000000000e+03,1.800000000000000000e+03,1.078969708846610809e+00,-1.280478138088203544e+00,1.803193091882473453e+00
2.653000000000000025e+00,1.650000000000000000e+03,1.800000000000000000e+03,1.078969708846610809e+00,-1.280478138088203544e+00,1.803193091882473453e+00
2.669999999999999929e+00,1.650000000000000000e+03,1.800000000000000000e+03,1.064541051164814345e+00,-1.279147008667988139e+00,1.799237469326650407e+00
2.686999999999999833e+00,1.650000000000000000e+03,1.800000000000000000e+03,1.064541051164814345e+00,-1.279147008667988139e+00,1.799237469326650407e+00
2.704000000000000181e+00,1.650000000000000000e+03,1.800000000000000000e+03,1.064541051164814345e+00,-1.279147008667988139e+00,1.799237469326650407e+00
2.721999999999999975e+00,1.650000000000000000e+03,1.800000000000000000e+03,1.061599643997189979e+00,-1.279732177917154434e+00,1.792894295001656646e+00
2.738999999999999879e+00,1.650000000000000000e+03,1.800000000000000000e+03,1.061599643997189979e+00,-1.279732177917154434e+00,1.792894295001656646e+00
2.755999999999999783e+00,1.650000000000000000e+03,1.800000000000000000e+03,1.061599643997189979e+00,-1.279732177917154434e+00,1.792894295001656646e+00
2.773000000000000131e+00,1.650000000000000000e+03,1.800000000000000000e+03,1.061599643997189979e+00,-1.279732177917154434e+00,1.792894295001656646e+00
2.790000000000000036e+00,1.650000000000000000e+03,1.800000000000000000e+03,1.046853093326348239e+00,-1.278389278746567381e+00,1.781516032035241448e+00
2.807999999999999829e+00,1.650000000000000000e+03,1.800000000000000000e+03,1.046853093326348239e+00,-1.278389278746567381e+00,1.781516032035241448e+00
2.825000000000000178e+00,1.650000000000000000e+03,1.800000000000000000e+03,1.046853093326348239e+00,-1.278389278746567381e+00,1.781516032035241448e+00
2.842000000000000082e+00,1.650000000000000000e+03,1.800000000000000000e+03,1.043603234921808287e+00,-1.278961844589857844e+00,1.788955694807746299e+00
2.858999999999999986e+00,1.650000000000000000e+03,1.800000000000000000e+03,1.043603234921808287e+00,-1.278961844589857844e+00,1.788955694807746299e+00
2.876999999999999780e+00,1.650000000000000000e+03,1.800000000000000000e+03,1.040024615479266945e+00,-1.278097430407133750e+00,1.782844878390496435e+00
2.894000000000000128e+00,1.650000000000000000e+03,1.800000000000000000e+03,1.011629617899645339e+00,-1.277599763996946525e+00,1.759101901084897834e+00
2.911000000000000032e+00,1.650000000000000000e+03,1.800000000000000000e+03,1.011629617899645339e+00,-1.277599763996946525e+00,1.759101901084897834e+00
2.928999999999999826e+00,1.650000000000000000e+03,1.800000000000000000e+03,1.008213897133234838e+00,-1.277454760558964786e+00,1.752374456240393785e+00
2.946000000000000174e+00,1.650000000000000000e+03,1.800000000000000000e+03,1.008213897133234838e+00,-1.277454760558964786e+00,1.752374456240393785e+00
2.963000000000000078e+00,1.650000000000000000e+03,1.800000000000000000e+03,1.004797975803126686e+00,-1.277309847972651458e+00,1.760444982698492922e+00
2.979999999999999982e+00,1.650000000000000000e+03,1.800000000000000000e+03,1.004797975803126686e+00,-1.277309847972651458e+00,1.760444982698492922e+00
2.998000000000000220e+00,1.650000000000000000e+03,1.800000000000000000e+03,1.001692419733826611e+00,-1.277178188479449972e+00,1.753721521042422848e+00
3.015000000000000124e+00,1.650000000000000000e+03,1.800000000000000000e+03,9.906487496922611324e-01,-1.275998676382965158e+00,1.739831313278283886e+00
3.032000000000000028e+00,1.650000000000000000e+03,1.800000000000000000e+03,9.906487496922611324e-01,-1.275998676382965158e+00,1.739831313278283886e+00
3.049999999999999822e+00,1.650000000000000000e+03,1.800000000000000000e+03,9.838135863073984577e-01,-1.275709785087466575e+00,1.735384147539033917e+00
3.067000000000000171e+00,1.650000000000000000e+03,1.800000000000000000e+03,9.838135863073984577e-01,-1.275709785087466575e+00,1.735384147539033917e+00
3.084000000000000075e+00,1.650000000000000000e+03,1.800000000000000000e+03,9.838135863073984577e-01,-1.275709785087466575e+00,1.735384147539033917e+00
3.100999999999999979e+00,1.650000000000000000e+03,1.800000000000000000e+03,9.801236565799043010e-01,-1.276977937934469232e+00,1.734541664581244591e+00
3.117999999999999883e+00,1.650000000000000000e+03,1.800000000000000000e+03,9.801236565799043010e-01,-1.276977937934469232e+00,1.734541664581244591e+00
3.134999999999999787e+00,1.650000000000000000e+03,1.800000000000000000e+03,9.664546283206445487e-01,-1.276402128091520094e+00,1.724232445411517656e+00
3.152000000000000135e+00,1.650000000000000000e+03,1.800000000000000000e+03,9.630369033464369899e-01,-1.276258414515815343e+00,1.717407519515366410e+00
3.169000000000000039e+00,1.650000000000000000e+03,1.800000000000000000e+03,9.630369033464369899e-01,-1.276258414515815343e+00,1.717407519515366410e+00
3.185999999999999943e+00,1.650000000000000000e+03,1.800000000000000000e+03,9.630369033464369899e-01,-1.276258414515815343e+00,1.717407519515366410e+00
3.202999999999999847e+00,1.650000000000000000e+03,1.800000000000000000e+03,9.560687446041220561e-01,-1.276677571564792224e+00,1.711386787113842400e+00
3.221000000000000085e+00,1.650000000000000000e+03,1.800000000000000000e+03,9.560687446041220561e-01,-1.276677571564792224e+00,1.711386787113842400e+00
3.237999999999999989e+00,1.650000000000000000e+03,1.800000000000000000e+03,9.560687446041220561e-01,-1.276677571564792224e+00,1.711386787113842400e+00
3.254999999999999893e+00,1.650000000000000000e+03,1.800000000000000000e+03,9.560687446041220561e-01,-1.276677571564792224e+00,1.711386787113842400e+00
3.271999999999999797e+00,1.650000000000000000e+03,1.800000000000000000e+03,9.415155864422082299e-01,-1.277491085729704601e+00,1.701926566168083577e+00
3.289000000000000146e+00,1.650000000000000000e+03,1.800000000000000000e+03,9.415155864422082299e-01,-1.277491085729704601e+00,1.701926566168083577e+00
3.306000000000000050e+00,1.650000000000000000e+03,1.800000000000000000e+03,9.415155864422082299e-01,-1.277491085729704601e+00,1.701926566168083577e+00
3.322999999999999954e+00,1.650000000000000000e+03,1.800000000000000000e+03,9.415155864422082299e-01,-1.277491085729704601e+00,1.701926566168083577e+00
3.339999999999999858e+00,1.650000000000000000e+03,1.800000000000000000e+03,9.380981953254041716e-01,-1.277348243689401919e+00,1.697658328406975059e+00
3.357000000000000206e+00,1.650000000000000000e+03,1.800000000000000000e+03,9.346806281944550765e-01,-1.277205500349980039e+00,1.698484374656149543e+00
3.374000000000000110e+00,1.650000000000000000e+03,1.800000000000000000e+03,9.346806281944550765e-01,-1.277205500349980039e+00,1.698484374656149543e+00
3.391000000000000014e+00,1.650000000000000000e+03,1.800000000000000000e+03,9.093849523049801764e-01,-1.276863854073109650e+00,1.671745483139958077e+00
3.407999999999999918e+00,1.650000000000000000e+03,1.800000000000000000e+03,9.093849523049801764e-01,-1.276863854073109650e+00,1.671745483139958077e+00
3.424999999999999822e+00,1.650000000000000000e+03,1.800000000000000000e+03,9.055929874200852048e-01,-1.275283074365036295e+00,1.665050150440270382e+00
3.442000000000000171e+00,1.650000000000000000e+03,1.800000000000000000e+03,9.055929874200852048e-01,-1.275283074365036295e+00,1.665050150440270382e+00
3.460999999999999854e+00,1.650000000000000000e+03,1.800000000000000000e+03,9.018623576195763381e-01,-1.275128341115891573e+00,1.665884755490352198e+00
3.478000000000000203e+00,1.650000000000000000e+03,1.800000000000000000e+03,9.018623576195763381e-01,-1.275128341115891573e+00,1.665884755490352198e+00
3.495000000000000107e+00,1.650000000000000000e+03,1.800000000000000000e+03,8.911019859353361827e-01,-1.273970572339670593e+00,1.649644077917203910e+00
3.512000000000000011e+00,1.650000000000000000e+03,1.800000000000000000e+03,8.876124115395409575e-01,-1.272401141638547895e+00,1.646369838045028011e+00
3.528999999999999915e+00,1.650000000000000000e+03,1.800000000000000000e+03,8.876124115395409575e-01,-1.272401141638547895e+00,1.646369838045028011e+00
3.545999999999999819e+00,1.650000000000000000e+03,1.800000000000000000e+03,8.839997089952020826e-01,-1.271538864639829125e+00,1.643639663650644511e+00
3.563000000000000167e+00,1.650000000000000000e+03,1.800000000000000000e+03,8.839997089952020826e-01,-1.271538864639829125e+00,1.643639663650644511e+00
3.580000000000000071e+00,1.650000000000000000e+03,1.800000000000000000e+03,8.839997089952020826e-01,-1.271538864639829125e+00,1.643639663650644511e+00
3.596999999999999975e+00,1.650000000000000000e+03,1.800000000000000000e+03,8.839997089952020826e-01,-1.271538864639829125e+00,1.643639663650644511e+00
3.613999999999999879e+00,1.650000000000000000e+03,1.800000000000000000e+03,8.661852281642536955e-01,-1.269377224118376279e+00,1.620374572331604535e+00
3.630999999999999783e+00,1.650000000000000000e+03,1.800000000000000000e+03,8.661852281642536955e-01,-1.269377224118376279e+00,1.620374572331604535e+00
3.648000000000000131e+00,1.650000000000000000e+03,1.800000000000000000e+03,8.621376177425030818e-01,-1.269210625246333990e+00,1.621218317395187514e+00
3.665000000000000036e+00,1.650000000000000000e+03,1.800000000000000000e+03,8.515857414730321207e-01,-1.266634597779920046e+00,1.599926883946479972e+00
3.681999999999999940e+00,1.650000000000000000e+03,1.800000000000000000e+03,8.515857414730321207e-01,-1.266634597779920046e+00,1.599926883946479972e+00
3.700000000000000178e+00,1.650000000000000000e+03,1.800000000000000000e+03,8.479619799632751587e-01,-1.265771201285173841e+00,1.596051168206019666e+00
3.717000000000000082e+00,1.650000000000000000e+03,1.800000000000000000e+03,8.479619799632751587e-01,-1.265771201285173841e+00,1.596051168206019666e+00
3.733999999999999986e+00,1.650000000000000000e+03,1.800000000000000000e+03,8.479619799632751587e-01,-1.265771201285173841e+00,1.596051168206019666e+00
3.750999999999999890e+00,1.650000000000000000e+03,1.800000000000000000e+03,8.479619799632751587e-01,-1.265771201285173841e+00,1.596051168206019666e+00
3.769000000000000128e+00,1.650000000000000000e+03,1.800000000000000000e+03,8.411060153703764364e-01,-1.265490037554430902e+00,1.589590276035425243e+00
3.786000000000000032e+00,1.650000000000000000e+03,1.800000000000000000e+03,8.297984212947200344e-01,-1.263596994435988830e+00,1.578765603246158999e+00
3.802000000000000046e+00,1.650000000000000000e+03,1.800000000000000000e+03,8.297984212947200344e-01,-1.263596994435988830e+00,1.578765603246158999e+00
3.818999999999999950e+00,1.650000000000000000e+03,1.800000000000000000e+03,8.259680685860122384e-01,-1.262009169909855011e+00,1.571483222048602801e+00
3.835999999999999854e+00,1.650000000000000000e+03,1.800000000000000000e+03,8.259680685860122384e-01,-1.262009169909855011e+00,1.571483222048602801e+00
3.853000000000000203e+00,1.650000000000000000e+03,1.800000000000000000e+03,8.259680685860122384e-01,-1.262009169909855011e+00,1.571483222048602801e+00
3.870000000000000107e+00,1.650000000000000000e+03,1.800000000000000000e+03,8.259680685860122384e-01,-1.262009169909855011e+00,1.571483222048602801e+00
3.887000000000000011e+00,1.650000000000000000e+03,1.800000000000000000e+03,8.038316384389883051e-01,-1.258957541820931780e+00,1.545790584432098047e+00
3.904999999999999805e+00,1.650000000000000000e+03,1.800000000000000000e+03,8.038316384389883051e-01,-1.258957541820931780e+00,1.545790584432098047e+00
3.923000000000000043e+00,1.650000000000000000e+03,1.800000000000000000e+03,8.038316384389883051e-01,-1.258957541820931780e+00,1.545790584432098047e+00
3.939000000000000057e+00,1.650000000000000000e+03,1.800000000000000000e+03,7.891645634558435152e-01,-1.256210099317672579e+00,1.532458273766306611e+00
3.956999999999999851e+00,1.650000000000000000e+03,1.800000000000000000e+03,7.891645634558435152e-01,-1.256210099317672579e+00,1.532458273766306611e+00
3.975000000000000089e+00,1.650000000000000000e+03,1.800000000000000000e+03,7.891645634558435152e-01,-1.256210099317672579e+00,1.532458273766306611e+00
3.991999999999999993e+00,1.650000000000000000e+03,1.800000000000000000e+03,7.857286740248956569e-01,-1.256070741623093401e+00,1.524835108248186133e+00
4.009000000000000341e+00,1.650000000000000000e+03,1.800000000000000000e+03,7.857286740248956569e-01,-1.256070741623093401e+00,1.524835108248186133e+00
4.025999999999999801e+00,1.650000000000000000e+03,1.800000000000000000e+03,7.822926514584860325e-01,-1.255931489176596916e+00,1.525688007132888657e+00
4.043000000000000149e+00,1.650000000000000000e+03,1.800000000000000000e+03,7.822926514584860325e-01,-1.255931489176596916e+00,1.525688007132888657e+00
4.059999999999999609e+00,1.650000000000000000e+03,1.800000000000000000e+03,7.712522624166271434e-01,-1.254048870791186321e+00,1.511533463549560086e+00
4.076999999999999957e+00,1.650000000000000000e+03,1.800000000000000000e+03,7.673940387092124116e-01,-1.252456046477189222e+00,1.511105795345692115e+00
4.094000000000000306e+00,1.650000000000000000e+03,1.800000000000000000e+03,7.673940387092124116e-01,-1.252456046477189222e+00,1.511105795345692115e+00
4.110999999999999766e+00,1.650000000000000000e+03,1.800000000000000000e+03,7.637441448585358117e-01,-1.251589786469597509e+00,1.496556691195139122e+00
4.128000000000000114e+00,1.650000000000000000e+03,1.800000000000000000e+03,7.637441448585358117e-01,-1.251589786469597509e+00,1.496556691195139122e+00
4.145999999999999908e+00,1.650000000000000000e+03,1.800000000000000000e+03,7.526864806420439091e-01,-1.249705256599208614e+00,1.482469335691133150e+00
4.163000000000000256e+00,1.650000000000000000e+03,1.800000000000000000e+03,7.526864806420439091e-01,-1.249705256599208614e+00,1.482469335691133150e+00
4.179999999999999716e+00,1.650000000000000000e+03,1.800000000000000000e+03,7.492452953021155881e-01,-1.249566643515920283e+00,1.483321451564015181e+00
4.197000000000000064e+00,1.650000000000000000e+03,1.800000000000000000e+03,7.492452953021155881e-01,-1.249566643515920283e+00,1.483321451564015181e+00
4.214999999999999858e+00,1.650000000000000000e+03,1.800000000000000000e+03,7.459028506765932320e-01,-1.248712419588621447e+00,1.491533723871909967e+00
4.230999999999999872e+00,1.650000000000000000e+03,1.800000000000000000e+03,7.422462328660670572e-01,-1.247845372249773543e+00,1.476565374640187445e+00
4.248000000000000220e+00,1.650000000000000000e+03,1.800000000000000000e+03,7.422462328660670572e-01,-1.247845372249773543e+00,1.476565374640187445e+00
4.266000000000000014e+00,1.650000000000000000e+03,1.800000000000000000e+03,7.314849230473823294e-01,-1.245972308902134174e+00,1.462546786223800188e+00
4.283000000000000362e+00,1.650000000000000000e+03,1.800000000000000000e+03,7.314849230473823294e-01,-1.245972308902134174e+00,1.462546786223800188e+00
4.301000000000000156e+00,1.650000000000000000e+03,1.800000000000000000e+03,7.277276101242975415e-01,-1.245821566620182619e+00,1.463397573967275545e+00
4.317999999999999616e+00,1.650000000000000000e+03,1.800000000000000000e+03,7.277276101242975415e-01,-1.245821566620182619e+00,1.463397573967275545e+00
4.333999999999999631e+00,1.650000000000000000e+03,1.800000000000000000e+03,7.277276101242975415e-01,-1.245821566620182619e+00,1.463397573967275545e+00
4.352000000000000313e+00,1.650000000000000000e+03,1.800000000000000000e+03,7.239701515022494149e-01,-1.245670946354489494e+00,1.464248515307970511e+00
4.368999999999999773e+00,1.650000000000000000e+03,1.800000000000000000e+03,7.239701515022494149e-01,-1.245670946354489494e+00,1.464248515307970511e+00
4.386999999999999567e+00,1.650000000000000000e+03,1.800000000000000000e+03,6.913606792745659035e-01,-1.237147657382085431e+00,1.413225744298502784e+00
4.402999999999999581e+00,1.650000000000000000e+03,1.800000000000000000e+03,6.877750032123322033e-01,-1.235557621294229858e+00,1.423083148452395363e+00
4.421000000000000263e+00,1.650000000000000000e+03,1.800000000000000000e+03,6.877750032123322033e-01,-1.235557621294229858e+00,1.423083148452395363e+00
4.437000000000000277e+00,1.650000000000000000e+03,1.800000000000000000e+03,6.835589108344037879e-01,-1.233941525288844154e+00,1.414939117791603529e+00
4.455000000000000071e+00,1.650000000000000000e+03,1.800000000000000000e+03,6.835589108344037879e-01,-1.233941525288844154e+00,1.414939117791603529e+00
4.472000000000000419e+00,1.650000000000000000e+03,1.800000000000000000e+03,6.835589108344037879e-01,-1.233941525288844154e+00,1.414939117791603529e+00
4.488999999999999879e+00,1.650000000000000000e+03,1.800000000000000000e+03,6.722900368672881655e-01,-1.230593701650585903e+00,1.399563517773008581e+00
4.506999999999999673e+00,1.650000000000000000e+03,1.800000000000000000e+03,6.722900368672881655e-01,-1.230593701650585903e+00,1.399563517773008581e+00
4.524000000000000021e+00,1.650000000000000000e+03,1.800000000000000000e+03,6.685517643593732462e-01,-1.227541686577501068e+00,1.383575646778748780e+00
4.541000000000000369e+00,1.650000000000000000e+03,1.800000000000000000e+03,6.685517643593732462e-01,-1.227541686577501068e+00,1.383575646778748780e+00
4.557999999999999829e+00,1.650000000000000000e+03,1.800000000000000000e+03,6.612616884421365082e-01,-1.225071764924078543e+00,1.385298587199659037e+00
4.575999999999999623e+00,1.650000000000000000e+03,1.800000000000000000e+03,6.612616884421365082e-01,-1.225071764924078543e+00,1.385298587199659037e+00
4.591999999999999638e+00,1.650000000000000000e+03,1.800000000000000000e+03,6.612616884421365082e-01,-1.225071764924078543e+00,1.385298587199659037e+00
4.610000000000000320e+00,1.650000000000000000e+03,1.800000000000000000e+03,6.612616884421365082e-01,-1.225071764924078543e+00,1.385298587199659037e+00
4.628000000000000114e+00,1.650000000000000000e+03,1.800000000000000000e+03,6.495768075627526006e-01,-1.219511911184986808e+00,1.349886236201266909e+00
4.644999999999999574e+00,1.650000000000000000e+03,1.800000000000000000e+03,6.495768075627526006e-01,-1.219511911184986808e+00,1.349886236201266909e+00
4.661999999999999922e+00,1.650000000000000000e+03,1.800000000000000000e+03,6.420314351745304293e-01,-1.216295081216281382e+00,1.342842999430740702e+00
4.679000000000000270e+00,1.650000000000000000e+03,1.800000000000000000e+03,6.420314351745304293e-01,-1.216295081216281382e+00,1.342842999430740702e+00
4.695999999999999730e+00,1.650000000000000000e+03,1.800000000000000000e+03,6.420314351745304293e-01,-1.216295081216281382e+00,1.342842999430740702e+00
4.713000000000000078e+00,1.650000000000000000e+03,1.800000000000000000e+03,6.272249346984024587e-01,-1.209861135153786904e+00,1.326070455202593923e+00
4.730000000000000426e+00,1.650000000000000000e+03,1.800000000000000000e+03,6.272249346984024587e-01,-1.209861135153786904e+00,1.326070455202593923e+00
4.746999999999999886e+00,1.650000000000000000e+03,1.800000000000000000e+03,6.272249346984024587e-01,-1.209861135153786904e+00,1.326070455202593923e+00
4.764999999999999680e+00,1.650000000000000000e+03,1.800000000000000000e+03,6.272249346984024587e-01,-1.209861135153786904e+00,1.326070455202593923e+00
4.782000000000000028e+00,1.650000000000000000e+03,1.800000000000000000e+03,6.235161539251967699e-01,-1.208982220361505266e+00,1.305963634156752651e+00
4.799000000000000377e+00,1.650000000000000000e+03,1.800000000000000000e+03,6.199642222298933358e-01,-1.206643994694807542e+00,1.306878506622016545e+00
4.815999999999999837e+00,1.650000000000000000e+03,1.800000000000000000e+03,6.199642222298933358e-01,-1.206643994694807542e+00,1.306878506622016545e+00
4.833000000000000185e+00,1.650000000000000000e+03,1.800000000000000000e+03,6.090542389049735661e-01,-1.201810221757210861e+00,1.287782900497033367e+00
4.849999999999999645e+00,1.650000000000000000e+03,1.800000000000000000e+03,6.090542389049735661e-01,-1.201810221757210861e+00,1.287782900497033367e+00
4.868000000000000327e+00,1.650000000000000000e+03,1.800000000000000000e+03,6.054125222885389235e-01,-1.200196807297317037e+00,1.270902074395588777e+00
4.884000000000000341e+00,1.650000000000000000e+03,1.800000000000000000e+03,6.054125222885389235e-01,-1.200196807297317037e+00,1.270902074395588777e+00
4.900999999999999801e+00,1.650000000000000000e+03,1.800000000000000000e+03,5.838260170052838038e-01,-1.190506071108277553e+00,1.235440891752733084e+00
4.943999999999999950e+00,1.650000000000000000e+03,1.800000000000000000e+03,5.838260170052838038e-01,-1.190506071108277553e+00,1.235440891752733084e+00
4.982999999999999652e+00,1.650000000000000000e+03,1.800000000000000000e+03,5.800937571691675565e-01,-1.189620571407366434e+00,1.230744548403176486e+00
5.025000000000000355e+00,1.650000000000000000e+03,1.800000000000000000e+03,5.800937571691675565e-01,-1.189620571407366434e+00,1.230744548403176486e+00
5.041999999999999815e+00,1.650000000000000000e+03,1.800000000000000000e+03,5.800937571691675565e-01,-1.189620571407366434e+00,1.230744548403176486e+00
5.062000000000000277e+00,1.650000000000000000e+03,1.800000000000000000e+03,5.653624022761438717e-01,-1.183865111278098237e+00,1.207145887266341422e+00
5.088000000000000078e+00,1.650000000000000000e+03,1.800000000000000000e+03,5.653624022761438717e-01,-1.183865111278098237e+00,1.207145887266341422e+00
5.105000000000000426e+00,1.650000000000000000e+03,1.800000000000000000e+03,5.653624022761438717e-01,-1.183865111278098237e+00,1.207145887266341422e+00
5.121999999999999886e+00,1.650000000000000000e+03,1.800000000000000000e+03,5.503448068322620568e-01,-1.177344221234943422e+00,1.186277217075567769e+00
5.139000000000000234e+00,1.650000000000000000e+03,1.800000000000000000e+03,5.503448068322620568e-01,-1.177344221234943422e+00,1.186277217075567769e+00
5.155999999999999694e+00,1.650000000000000000e+03,1.800000000000000000e+03,5.503448068322620568e-01,-1.177344221234943422e+00,1.186277217075567769e+00
5.173000000000000043e+00,1.650000000000000000e+03,1.800000000000000000e+03,5.429793308113135542e-01,-1.174083388378806880e+00,1.178915631479375614e+00
5.190000000000000391e+00,1.650000000000000000e+03,1.800000000000000000e+03,5.429793308113135542e-01,-1.174083388378806880e+00,1.178915631479375614e+00
5.206999999999999851e+00,1.650000000000000000e+03,1.800000000000000000e+03,5.275798273981566755e-01,-1.167523249799852003e+00,1.157204165616680491e+00
5.224000000000000199e+00,1.650000000000000000e+03,1.800000000000000000e+03,5.275798273981566755e-01,-1.167523249799852003e+00,1.157204165616680491e+00
5.240999999999999659e+00,1.650000000000000000e+03,1.800000000000000000e+03,5.248391841829074256e-01,-1.165924326434710334e+00,1.165279361340665121e+00
5.259000000000000341e+00,1.650000000000000000e+03,1.800000000000000000e+03,5.248391841829074256e-01,-1.165924326434710334e+00,1.165279361340665121e+00
5.277000000000000135e+00,1.650000000000000000e+03,1.800000000000000000e+03,5.205017407440226673e-01,-1.164261537909328847e+00,1.157575219162696012e+00
5.293999999999999595e+00,1.650000000000000000e+03,1.800000000000000000e+03,5.205017407440226673e-01,-1.164261537909328847e+00,1.157575219162696012e+00
5.310999999999999943e+00,1.650000000000000000e+03,1.800000000000000000e+03,5.063156674460125295e-01,-1.157724609449874542e+00,1.151845327622917692e+00
5.328000000000000291e+00,1.650000000000000000e+03,1.800000000000000000e+03,5.063156674460125295e-01,-1.157724609449874542e+00,1.151845327622917692e+00
5.344999999999999751e+00,1.650000000000000000e+03,1.800000000000000000e+03,5.033029075974313482e-01,-1.155359756549812378e+00,1.144004481103534587e+00
5.362000000000000099e+00,1.650000000000000000e+03,1.800000000000000000e+03,5.033029075974313482e-01,-1.155359756549812378e+00,1.144004481103534587e+00
5.379999999999999893e+00,1.650000000000000000e+03,1.800000000000000000e+03,4.986281205544560446e-01,-1.153676998547164434e+00,1.128240795050704071e+00
5.397000000000000242e+00,1.650000000000000000e+03,1.800000000000000000e+03,4.705756494919413058e-01,-1.138282237878780911e+00,1.091216207137678751e+00
5.413999999999999702e+00,1.650000000000000000e+03,1.800000000000000000e+03,4.705756494919413058e-01,-1.138282237878780911e+00,1.091216207137678751e+00
5.432000000000000384e+00,1.650000000000000000e+03,1.800000000000000000e+03,4.634122363072257222e-01,-1.134979639306170629e+00,1.092607471926291707e+00
5.448999999999999844e+00,1.650000000000000000e+03,1.800000000000000000e+03,4.634122363072257222e-01,-1.134979639306170629e+00,1.092607471926291707e+00
5.466000000000000192e+00,1.650000000000000000e+03,1.800000000000000000e+03,4.634122363072257222e-01,-1.134979639306170629e+00,1.092607471926291707e+00
5.482999999999999652e+00,1.650000000000000000e+03,1.800000000000000000e+03,4.634122363072257222e-01,-1.134979639306170629e+00,1.092607471926291707e+00
5.501000000000000334e+00,1.650000000000000000e+03,1.800000000000000000e+03,4.529138866755020310e-01,-1.128512426021470727e+00,1.059717964200808549e+00
5.517999999999999794e+00,1.650000000000000000e+03,1.800000000000000000e+03,4.529138866755020310e-01,-1.128512426021470727e+00,1.059717964200808549e+00
5.535000000000000142e+00,1.650000000000000000e+03,1.800000000000000000e+03,4.488889647036118369e-01,-1.126079375576824582e+00,1.050217027350329957e+00
5.551999999999999602e+00,1.650000000000000000e+03,1.800000000000000000e+03,4.488889647036118369e-01,-1.126079375576824582e+00,1.050217027350329957e+00
5.568999999999999950e+00,1.650000000000000000e+03,1.800000000000000000e+03,4.454522575280621677e-01,-1.124426325125241100e+00,1.042376235311527788e+00
5.586999999999999744e+00,1.650000000000000000e+03,1.800000000000000000e+03,4.454522575280621677e-01,-1.124426325125241100e+00,1.042376235311527788e+00
5.604000000000000092e+00,1.650000000000000000e+03,1.800000000000000000e+03,4.423860270889452551e-01,-1.122027051250039875e+00,1.026011582087426488e+00
5.621000000000000441e+00,1.650000000000000000e+03,1.800000000000000000e+03,4.287979771703669396e-01,-1.112353860469781353e+00,9.803816262761304579e-01
5.637999999999999901e+00,1.650000000000000000e+03,1.800000000000000000e+03,4.287979771703669396e-01,-1.112353860469781353e+00,9.803816262761304579e-01
5.655000000000000249e+00,1.650000000000000000e+03,1.800000000000000000e+03,4.287979771703669396e-01,-1.112353860469781353e+00,9.803816262761304579e-01
5.671999999999999709e+00,1.650000000000000000e+03,1.800000000000000000e+03,4.287979771703669396e-01,-1.112353860469781353e+00,9.803816262761304579e-01
5.689000000000000057e+00,1.650000000000000000e+03,1.800000000000000000e+03,4.251172697625582586e-01,-1.109154417602012277e+00,9.812701251282918147e-01
5.706000000000000405e+00,1.650000000000000000e+03,1.800000000000000000e+03,4.223056322928653294e-01,-1.107514735971720565e+00,9.440014530061809905e-01
5.722999999999999865e+00,1.650000000000000000e+03,1.800000000000000000e+03,4.223056322928653294e-01,-1.107514735971720565e+00,9.440014530061809905e-01
5.740999999999999659e+00,1.650000000000000000e+03,1.800000000000000000e+03,4.130269753534161481e-01,-1.100256107731823363e+00,9.245422429845223666e-01
5.758000000000000007e+00,1.650000000000000000e+03,1.800000000000000000e+03,4.055739479880435816e-01,-1.094586078866614187e+00,9.262599533738504753e-01
5.775999999999999801e+00,1.650000000000000000e+03,1.800000000000000000e+03,4.055739479880435816e-01,-1.094586078866614187e+00,9.262599533738504753e-01
5.791999999999999815e+00,1.650000000000000000e+03,1.800000000000000000e+03,4.055739479880435816e-01,-1.094586078866614187e+00,9.262599533738504753e-01
5.809999999999999609e+00,1.650000000000000000e+03,1.800000000000000000e+03,4.024668211394035744e-01,-1.092155453041876889e+00,9.043981078667454598e-01
5.826999999999999957e+00,1.650000000000000000e+03,1.800000000000000000e+03,4.024668211394035744e-01,-1.092155453041876889e+00,9.043981078667454598e-01
5.844000000000000306e+00,1.650000000000000000e+03,1.800000000000000000e+03,3.928440074566998952e-01,-1.084064845941094202e+00,8.752430606306434990e-01
5.860999999999999766e+00,1.650000000000000000e+03,1.800000000000000000e+03,3.686450058357026993e-01,-1.066827057557846903e+00,8.402050662000616343e-01
5.878000000000000114e+00,1.650000000000000000e+03,1.800000000000000000e+03,3.686450058357026993e-01,-1.066827057557846903e+00,8.402050662000616343e-01
5.894999999999999574e+00,1.650000000000000000e+03,1.800000000000000000e+03,3.686450058357026993e-01,-1.066827057557846903e+00,8.402050662000616343e-01
5.911999999999999922e+00,1.650000000000000000e+03,1.800000000000000000e+03,3.686450058357026993e-01,-1.066827057557846903e+00,8.402050662000616343e-01
5.929999999999999716e+00,1.650000000000000000e+03,1.800000000000000000e+03,3.613712516532696650e-01,-1.061865193490021397e+00,8.418074234078030127e-01
5.948000000000000398e+00,1.650000000000000000e+03,1.800000000000000000e+03,3.585077098430182740e-01,-1.060191503942127245e+00,8.102309798747999725e-01
5.964999999999999858e+00,1.650000000000000000e+03,1.800000000000000000e+03,3.585077098430182740e-01,-1.060191503942127245e+00,8.102309798747999725e-01
5.982999999999999652e+00,1.650000000000000000e+03,1.800000000000000000e+03,3.518665678939396635e-01,-1.055241407770865614e+00,8.435729790370390946e-01
6.000000000000000000e+00,1.650000000000000000e+03,1.800000000000000000e+03,3.518665678939396635e-01,-1.055241407770865614e+00,8.435729790370390946e-01
6.017000000000000348e+00,1.650000000000000000e+03,1.800000000000000000e+03,3.483770761197282351e-01,-1.052755836429776437e+00,8.363626290131825902e-01
6.033999999999999808e+00,1.650000000000000000e+03,1.800000000000000000e+03,3.483770761197282351e-01,-1.052755836429776437e+00,8.363626290131825902e-01
6.051000000000000156e+00,1.650000000000000000e+03,1.800000000000000000e+03,3.420071107682434164e-01,-1.048585435410751110e+00,8.133418906848836061e-01
6.067999999999999616e+00,1.650000000000000000e+03,1.800000000000000000e+03,3.420071107682434164e-01,-1.048585435410751110e+00,8.133418906848836061e-01
6.084999999999999964e+00,1.650000000000000000e+03,1.800000000000000000e+03,3.420071107682434164e-01,-1.048585435410751110e+00,8.133418906848836061e-01
6.102000000000000313e+00,1.650000000000000000e+03,1.800000000000000000e+03,3.279851216836258132e-01,-1.038598140600086150e+00,7.911944429553724456e-01
6.120000000000000107e+00,1.650000000000000000e+03,1.800000000000000000e+03,3.279851216836258132e-01,-1.038598140600086150e+00,7.911944429553724456e-01
6.136999999999999567e+00,1.650000000000000000e+03,1.800000000000000000e+03,3.279851216836258132e-01,-1.038598140600086150e+00,7.911944429553724456e-01
6.155000000000000249e+00,1.650000000000000000e+03,1.800000000000000000e+03,3.244701485679959418e-01,-1.036094536747302008e+00,8.087378280842203448e-01
6.171999999999999709e+00,1.650000000000000000e+03,1.800000000000000000e+03,3.244701485679959418e-01,-1.036094536747302008e+00,8.087378280842203448e-01
6.187999999999999723e+00,1.650000000000000000e+03,1.800000000000000000e+03,3.215771380272050006e-01,-1.034401986350444780e+00,7.767684409755394315e-01
6.205000000000000071e+00,1.650000000000000000e+03,1.800000000000000000e+03,3.123172164103997783e-01,-1.026922175417488425e+00,7.531608394647265614e-01
6.222999999999999865e+00,1.650000000000000000e+03,1.800000000000000000e+03,3.123172164103997783e-01,-1.026922175417488425e+00,7.531608394647265614e-01
6.240000000000000213e+00,1.650000000000000000e+03,1.800000000000000000e+03,3.090847603746775807e-01,-1.025209613414674870e+00,7.790093294264484047e-01
6.256999999999999673e+00,1.650000000000000000e+03,1.800000000000000000e+03,3.090847603746775807e-01,-1.025209613414674870e+00,7.790093294264484047e-01
6.274000000000000021e+00,1.650000000000000000e+03,1.800000000000000000e+03,3.046469785745686831e-01,-1.020276656283462646e+00,7.620829657726587714e-01
6.291000000000000369e+00,1.650000000000000000e+03,1.800000000000000000e+03,3.026692910725752306e-01,-1.020196992656184243e+00,7.547437748196959006e-01
6.307999999999999829e+00,1.650000000000000000e+03,1.800000000000000000e+03,3.026692910725752306e-01,-1.020196992656184243e+00,7.547437748196959006e-01
6.325000000000000178e+00,1.650000000000000000e+03,1.800000000000000000e+03,2.927431920515535246e-01,-1.011054423652284040e+00,7.566581276047503746e-01
6.341999999999999638e+00,1.650000000000000000e+03,1.800000000000000000e+03,2.927431920515535246e-01,-1.011054423652284040e+00,7.566581276047503746e-01
6.358999999999999986e+00,1.650000000000000000e+03,1.800000000000000000e+03,2.744077367604027540e-01,-9.935290588616423335e-01,7.000363776171704133e-01
6.376000000000000334e+00,1.650000000000000000e+03,1.800000000000000000e+03,2.714926667807480154e-01,-9.910030473228994552e-01,7.078819515769049220e-01
6.394000000000000128e+00,1.650000000000000000e+03,1.800000000000000000e+03,2.714926667807480154e-01,-9.910030473228994552e-01,7.078819515769049220e-01
6.410999999999999588e+00,1.650000000000000000e+03,1.800000000000000000e+03,2.714926667807480154e-01,-9.910030473228994552e-01,7.078819515769049220e-01
6.427999999999999936e+00,1.650000000000000000e+03,1.800000000000000000e+03,2.714926667807480154e-01,-9.910030473228994552e-01,7.078819515769049220e-01
6.445000000000000284e+00,1.650000000000000000e+03,1.800000000000000000e+03,2.682650990740051977e-01,-9.876577666583123971e-01,7.084457221888819101e-01
6.461999999999999744e+00,1.650000000000000000e+03,1.800000000000000000e+03,2.565990751506026513e-01,-9.758977313504866302e-01,6.761865705642654545e-01
6.479000000000000092e+00,1.650000000000000000e+03,1.800000000000000000e+03,2.565990751506026513e-01,-9.758977313504866302e-01,6.761865705642654545e-01
6.496000000000000441e+00,1.650000000000000000e+03,1.800000000000000000e+03,2.546626273856338329e-01,-9.733933276815283087e-01,6.420505379177657845e-01
6.512999999999999901e+00,1.650000000000000000e+03,1.800000000000000000e+03,2.546626273856338329e-01,-9.733933276815283087e-01,6.420505379177657845e-01
6.530000000000000249e+00,1.650000000000000000e+03,1.800000000000000000e+03,2.546626273856338329e-01,-9.733933276815283087e-01,6.420505379177657845e-01
6.546999999999999709e+00,1.650000000000000000e+03,1.800000000000000000e+03,2.546626273856338329e-01,-9.733933276815283087e-01,6.420505379177657845e-01
6.564000000000000057e+00,1.650000000000000000e+03,1.800000000000000000e+03,2.426107283277152415e-01,-9.607350834710297605e-01,6.231045522005346227e-01
6.581999999999999851e+00,1.650000000000000000e+03,1.800000000000000000e+03,2.426107283277152415e-01,-9.607350834710297605e-01,6.231045522005346227e-01
6.599000000000000199e+00,1.650000000000000000e+03,1.800000000000000000e+03,2.399919369751963849e-01,-9.581869512135678946e-01,5.948459571285931169e-01
6.615999999999999659e+00,1.650000000000000000e+03,1.800000000000000000e+03,2.399919369751963849e-01,-9.581869512135678946e-01,5.948459571285931169e-01
6.633000000000000007e+00,1.650000000000000000e+03,1.800000000000000000e+03,2.370533189910077887e-01,-9.548080394630318324e-01,5.953260785803389243e-01
6.650000000000000355e+00,1.650000000000000000e+03,1.800000000000000000e+03,2.334408911289447275e-01,-9.513966869678158744e-01,5.893707228275872900e-01
6.668000000000000149e+00,1.650000000000000000e+03,1.800000000000000000e+03,2.334408911289447275e-01,-9.513966869678158744e-01,5.893707228275872900e-01
6.684999999999999609e+00,1.650000000000000000e+03,1.800000000000000000e+03,2.248898490670696582e-01,-9.428672157009656551e-01,5.617718250249057466e-01
6.701999999999999957e+00,1.650000000000000000e+03,1.800000000000000000e+03,2.248898490670696582e-01,-9.428672157009656551e-01,5.617718250249057466e-01
6.719000000000000306e+00,1.650000000000000000e+03,1.800000000000000000e+03,2.192886008299801404e-01,-9.368947184346261281e-01,5.626773226035035602e-01
6.735999999999999766e+00,1.650000000000000000e+03,1.800000000000000000e+03,2.192886008299801404e-01,-9.368947184346261281e-01,5.626773226035035602e-01
6.753999999999999559e+00,1.650000000000000000e+03,1.800000000000000000e+03,2.192886008299801404e-01,-9.368947184346261281e-01,5.626773226035035602e-01
6.770999999999999908e+00,1.650000000000000000e+03,1.800000000000000000e+03,2.192886008299801404e-01,-9.368947184346261281e-01,5.626773226035035602e-01
6.788000000000000256e+00,1.650000000000000000e+03,1.800000000000000000e+03,2.163215783040493001e-01,-9.334849753855247734e-01,5.631304161092481886e-01
6.804999999999999716e+00,1.650000000000000000e+03,1.800000000000000000e+03,2.077063724484313756e-01,-9.248899530149876647e-01,5.350090518394409189e-01
6.822000000000000064e+00,1.650000000000000000e+03,1.800000000000000000e+03,2.077063724484313756e-01,-9.248899530149876647e-01,5.350090518394409189e-01
6.839000000000000412e+00,1.650000000000000000e+03,1.800000000000000000e+03,2.047233168151136873e-01,-9.214627439545526322e-01,5.354383710728475299e-01
6.855999999999999872e+00,1.650000000000000000e+03,1.800000000000000000e+03,2.047233168151136873e-01,-9.214627439545526322e-01,5.354383710728475299e-01
6.873000000000000220e+00,1.650000000000000000e+03,1.800000000000000000e+03,2.013985951858943135e-01,-9.180164888787865074e-01,5.419747694845747921e-01
6.889999999999999680e+00,1.650000000000000000e+03,1.800000000000000000e+03,1.776564414540524606e-01,-8.929004357623289145e-01,4.846928625965934989e-01
6.907000000000000028e+00,1.650000000000000000e+03,1.800000000000000000e+03,1.776564414540524606e-01,-8.929004357623289145e-01,4.846928625965934989e-01
6.924999999999999822e+00,1.650000000000000000e+03,1.800000000000000000e+03,1.776564414540524606e-01,-8.929004357623289145e-01,4.846928625965934989e-01
6.942000000000000171e+00,1.650000000000000000e+03,1.800000000000000000e+03,1.776564414540524606e-01,-8.929004357623289145e-01,4.846928625965934989e-01
6.958999999999999631e+00,1.650000000000000000e+03,1.800000000000000000e+03,1.752958285130994387e-01,-8.911283330792381108e-01,5.094085459184800602e-01
6.975999999999999979e+00,1.650000000000000000e+03,1.800000000000000000e+03,1.752958285130994387e-01,-8.911283330792381108e-01,5.094085459184800602e-01
6.993000000000000327e+00,1.650000000000000000e+03,1.800000000000000000e+03,1.722609238621748418e-01,-8.884891093804272444e-01,4.795427414573528724e-01
7.009999999999999787e+00,1.650000000000000000e+03,1.800000000000000000e+03,1.722609238621748418e-01,-8.884891093804272444e-01,4.795427414573528724e-01
7.027000000000000135e+00,1.650000000000000000e+03,1.800000000000000000e+03,1.645016724773873396e-01,-8.797709088039278313e-01,4.862724348443581701e-01
7.043999999999999595e+00,1.650000000000000000e+03,1.800000000000000000e+03,1.645016724773873396e-01,-8.797709088039278313e-01,4.862724348443581701e-01
7.060999999999999943e+00,1.650000000000000000e+03,1.800000000000000000e+03,1.611221661821380380e-01,-8.754213918841986519e-01,4.866560992713760414e-01
7.078000000000000291e+00,1.650000000000000000e+03,1.800000000000000000e+03,1.587507080012287020e-01,-8.727934083071824389e-01,4.508221426242470797e-01
7.094999999999999751e+00,1.650000000000000000e+03,1.800000000000000000e+03,1.587507080012287020e-01,-8.727934083071824389e-01,4.508221426242470797e-01
7.113000000000000433e+00,1.650000000000000000e+03,1.800000000000000000e+03,1.567137141365841924e-01,-8.710205036268652279e-01,4.511738186667753614e-01
7.129999999999999893e+00,1.650000000000000000e+03,1.800000000000000000e+03,1.567137141365841924e-01,-8.710205036268652279e-01,4.511738186667753614e-01
7.147999999999999687e+00,1.650000000000000000e+03,1.800000000000000000e+03,1.482184992537836088e-01,-8.605150994810135678e-01,4.575715507354116696e-01
7.165000000000000036e+00,1.650000000000000000e+03,1.800000000000000000e+03,1.482184992537836088e-01,-8.605150994810135678e-01,4.575715507354116696e-01
7.182000000000000384e+00,1.650000000000000000e+03,1.800000000000000000e+03,1.431014514302448859e-01,-8.552084416184491111e-01,4.220499539778827525e-01
7.198999999999999844e+00,1.650000000000000000e+03,1.800000000000000000e+03,1.431014514302448859e-01,-8.552084416184491111e-01,4.220499539778827525e-01
7.216999999999999638e+00,1.650000000000000000e+03,1.800000000000000000e+03,1.431014514302448859e-01,-8.552084416184491111e-01,4.220499539778827525e-01
7.233999999999999986e+00,1.650000000000000000e+03,1.800000000000000000e+03,1.338614530816579773e-01,-8.420443068598566505e-01,3.305351079303631145e-01
7.251000000000000334e+00,1.650000000000000000e+03,1.800000000000000000e+03,1.307701185462091242e-01,-8.376401635482668695e-01,3.617874668906593816e-01
7.267999999999999794e+00,1.650000000000000000e+03,1.800000000000000000e+03,1.307701185462091242e-01,-8.376401635482668695e-01,3.617874668906593816e-01
7.285000000000000142e+00,1.650000000000000000e+03,1.800000000000000000e+03,1.283616964913674163e-01,-8.341139865125071218e-01,3.665171403963575769e-01
7.301999999999999602e+00,1.650000000000000000e+03,1.800000000000000000e+03,1.283616964913674163e-01,-8.341139865125071218e-01,3.665171403963575769e-01
7.320000000000000284e+00,1.650000000000000000e+03,1.800000000000000000e+03,1.283616964913674163e-01,-8.341139865125071218e-01,3.665171403963575769e-01
7.336999999999999744e+00,1.650000000000000000e+03,1.800000000000000000e+03,1.235360700039027648e-01,-8.279047175405724879e-01,3.670469178844734670e-01
7.354000000000000092e+00,1.650000000000000000e+03,1.800000000000000000e+03,1.235360700039027648e-01,-8.279047175405724879e-01,3.670469178844734670e-01
7.371000000000000441e+00,1.650000000000000000e+03,1.800000000000000000e+03,1.089703435002369325e-01,-8.065833646830053993e-01,3.058074095524145886e-01
7.387999999999999901e+00,1.650000000000000000e+03,1.800000000000000000e+03,1.089703435002369325e-01,-8.065833646830053993e-01,3.058074095524145886e-01
7.405000000000000249e+00,1.650000000000000000e+03,1.800000000000000000e+03,1.072222979182020364e-01,-8.030415874607554905e-01,2.746720155501253258e-01
7.421999999999999709e+00,1.650000000000000000e+03,1.800000000000000000e+03,1.072222979182020364e-01,-8.030415874607554905e-01,2.746720155501253258e-01
7.439000000000000057e+00,1.650000000000000000e+03,1.800000000000000000e+03,1.044326439825933317e-01,-7.994493262866524397e-01,2.748574935690910048e-01
7.456000000000000405e+00,1.650000000000000000e+03,1.800000000000000000e+03,1.044326439825933317e-01,-7.994493262866524397e-01,2.748574935690910048e-01
7.472999999999999865e+00,1.650000000000000000e+03,1.800000000000000000e+03,9.777446529385525054e-02,-7.887163721377925540e-01,2.754210849426860230e-01
7.490000000000000213e+00,1.650000000000000000e+03,1.800000000000000000e+03,9.777446529385525054e-02,-7.887163721377925540e-01,2.754210849426860230e-01
7.506999999999999673e+00,1.650000000000000000e+03,1.800000000000000000e+03,9.356532378191850796e-02,-7.832939259664959408e-01,2.445183659220882544e-01
7.524000000000000021e+00,1.650000000000000000e+03,1.800000000000000000e+03,9.356532378191850796e-02,-7.832939259664959408e-01,2.445183659220882544e-01
7.541000000000000369e+00,1.650000000000000000e+03,1.800000000000000000e+03,9.356532378191850796e-02,-7.832939259664959408e-01,2.445183659220882544e-01
7.557999999999999829e+00,1.650000000000000000e+03,1.800000000000000000e+03,9.109423670952532248e-02,-7.788118089921645115e-01,2.446839107346743258e-01
7.575000000000000178e+00,1.650000000000000000e+03,1.800000000000000000e+03,9.109423670952532248e-02,-7.788118089921645115e-01,2.446839107346743258e-01
7.591999999999999638e+00,1.650000000000000000e+03,1.800000000000000000e+03,8.262492950348798715e-02,-7.670303196001841961e-01,2.142098996927590537e-01
7.610000000000000320e+00,1.650000000000000000e+03,1.800000000000000000e+03,8.014493842736292173e-02,-7.633996588864295774e-01,2.172456093161647950e-01
7.626999999999999780e+00,1.650000000000000000e+03,1.800000000000000000e+03,8.014493842736292173e-02,-7.633996588864295774e-01,2.172456093161647950e-01
7.644000000000000128e+00,1.650000000000000000e+03,1.800000000000000000e+03,7.766122915262307913e-02,-7.597635776053879297e-01,2.203500386047310688e-01
7.660999999999999588e+00,1.650000000000000000e+03,1.800000000000000000e+03,7.766122915262307913e-02,-7.597635776053879297e-01,2.203500386047310688e-01
7.677999999999999936e+00,1.650000000000000000e+03,1.800000000000000000e+03,7.054917113548286878e-02,-7.497246164103059662e-01,1.865387229178622486e-01
7.695000000000000284e+00,1.650000000000000000e+03,1.800000000000000000e+03,7.054917113548286878e-02,-7.497246164103059662e-01,1.865387229178622486e-01
7.713000000000000078e+00,1.650000000000000000e+03,1.800000000000000000e+03,7.054917113548286878e-02,-7.497246164103059662e-01,1.865387229178622486e-01
7.730000000000000426e+00,1.650000000000000000e+03,1.800000000000000000e+03,6.590023266547140324e-02,-7.424216830630050445e-01,1.867602844416522412e-01
7.746999999999999886e+00,1.650000000000000000e+03,1.800000000000000000e+03,6.590023266547140324e-02,-7.424216830630050445e-01,1.867602844416522412e-01
7.764000000000000234e+00,1.650000000000000000e+03,1.800000000000000000e+03,6.590023266547140324e-02,-7.424216830630050445e-01,1.867602844416522412e-01
7.780999999999999694e+00,1.650000000000000000e+03,1.800000000000000000e+03,6.590023266547140324e-02,-7.424216830630050445e-01,1.867602844416522412e-01
7.798000000000000043e+00,1.650000000000000000e+03,1.800000000000000000e+03,5.622241359201574085e-02,-7.286283136377464942e-01,1.925141055333867979e-01
7.815999999999999837e+00,1.650000000000000000e+03,1.800000000000000000e+03,5.622241359201574085e-02,-7.286283136377464942e-01,1.925141055333867979e-01
7.833000000000000185e+00,1.650000000000000000e+03,1.800000000000000000e+03,5.406906394293731211e-02,-7.258507934245064241e-01,1.585510986736843042e-01
7.849999999999999645e+00,1.650000000000000000e+03,1.800000000000000000e+03,5.154636341684071255e-02,-7.221583571408398683e-01,1.609593636094969749e-01
7.868000000000000327e+00,1.650000000000000000e+03,1.800000000000000000e+03,5.154636341684071255e-02,-7.221583571408398683e-01,1.609593636094969749e-01
7.884999999999999787e+00,1.650000000000000000e+03,1.800000000000000000e+03,4.069376182173689571e-02,-7.063992221741268729e-01,1.613101943900230595e-01
7.902000000000000135e+00,1.650000000000000000e+03,1.800000000000000000e+03,4.069376182173689571e-02,-7.063992221741268729e-01,1.613101943900230595e-01
7.918999999999999595e+00,1.650000000000000000e+03,1.800000000000000000e+03,3.376198240358663227e-02,-6.952490581404280334e-01,1.639596946692416235e-01
7.935999999999999943e+00,1.650000000000000000e+03,1.800000000000000000e+03,3.376198240358663227e-02,-6.952490581404280334e-01,1.639596946692416235e-01
7.953999999999999737e+00,1.650000000000000000e+03,1.800000000000000000e+03,3.046164862362221726e-02,-6.896631354148556881e-01,1.322469057765872646e-01
7.971000000000000085e+00,1.650000000000000000e+03,1.800000000000000000e+03,3.046164862362221726e-02,-6.896631354148556881e-01,1.322469057765872646e-01
7.988000000000000433e+00,1.650000000000000000e+03,1.800000000000000000e+03,3.046164862362221726e-02,-6.896631354148556881e-01,1.322469057765872646e-01
8.005000000000000782e+00,1.650000000000000000e+03,1.800000000000000000e+03,2.825726513124493522e-02,-6.859321768193531454e-01,1.323226344875751137e-01
8.022000000000000242e+00,1.650000000000000000e+03,1.800000000000000000e+03,2.825726513124493522e-02,-6.859321768193531454e-01,1.323226344875751137e-01
8.038999999999999702e+00,1.650000000000000000e+03,1.800000000000000000e+03,2.047480815533697651e-02,-6.710010425125347844e-01,1.028089404069907203e-01
8.055999999999999162e+00,1.650000000000000000e+03,1.800000000000000000e+03,2.047480815533697651e-02,-6.710010425125347844e-01,1.028089404069907203e-01
8.073999999999999844e+00,1.650000000000000000e+03,1.800000000000000000e+03,1.898809783502652948e-02,-6.681904430689398211e-01,1.028613601987864723e-01
8.090999999999999304e+00,1.650000000000000000e+03,1.800000000000000000e+03,1.898809783502652948e-02,-6.681904430689398211e-01,1.028613601987864723e-01
8.108000000000000540e+00,1.650000000000000000e+03,1.800000000000000000e+03,1.898809783502652948e-02,-6.681904430689398211e-01,1.028613601987864723e-01
8.125999999999999446e+00,1.650000000000000000e+03,1.800000000000000000e+03,1.373885386923001661e-02,-6.569492494966850948e-01,1.030183703941929541e-01
8.143000000000000682e+00,1.650000000000000000e+03,1.800000000000000000e+03,1.373885386923001661e-02,-6.569492494966850948e-01,1.030183703941929541e-01
8.160000000000000142e+00,1.650000000000000000e+03,1.800000000000000000e+03,1.072547138818480406e-02,-6.503712706192597004e-01,4.092715913154713891e-02
8.176999999999999602e+00,1.650000000000000000e+03,1.800000000000000000e+03,1.072547138818480406e-02,-6.503712706192597004e-01,4.092715913154713891e-02
8.194000000000000838e+00,1.650000000000000000e+03,1.800000000000000000e+03,8.846545403648597983e-03,-6.465975641743764157e-01,4.093168165049719531e-02
8.211000000000000298e+00,1.650000000000000000e+03,1.800000000000000000e+03,8.846545403648597983e-03,-6.465975641743764157e-01,4.093168165049719531e-02
8.228999999999999204e+00,1.650000000000000000e+03,1.800000000000000000e+03,8.846545403648597983e-03,-6.465975641743764157e-01,4.093168165049719531e-02
8.246999999999999886e+00,1.650000000000000000e+03,1.800000000000000000e+03,2.403585854044543169e-03,-6.324246413426806157e-01,1.139388164396026686e-02
8.263999999999999346e+00,1.650000000000000000e+03,1.800000000000000000e+03,2.403585854044543169e-03,-6.324246413426806157e-01,1.139388164396026686e-02
8.282000000000000028e+00,1.650000000000000000e+03,1.800000000000000000e+03,8.709567946585394793e-04,-6.286406057896902766e-01,1.137592747806931426e-02
8.298999999999999488e+00,1.650000000000000000e+03,1.800000000000000000e+03,8.709567946585394793e-04,-6.286406057896902766e-01,1.137592747806931426e-02
8.316000000000000725e+00,1.650000000000000000e+03,1.800000000000000000e+03,8.709567946585394793e-04,-6.286406057896902766e-01,1.137592747806931426e-02
8.333000000000000185e+00,1.650000000000000000e+03,1.800000000000000000e+03,-2.176536506652837488e-03,-6.219880665750938675e-01,-1.857192952374314004e-02
8.351000000000000867e+00,1.650000000000000000e+03,1.800000000000000000e+03,-2.176536506652837488e-03,-6.219880665750938675e-01,-1.857192952374314004e-02
8.368000000000000327e+00,1.650000000000000000e+03,1.800000000000000000e+03,-1.369701578957371879e-02,-5.961775078545623607e-01,-4.813295599260530161e-02
8.384999999999999787e+00,1.650000000000000000e+03,1.800000000000000000e+03,-1.369701578957371879e-02,-5.961775078545623607e-01,-4.813295599260530161e-02
8.401999999999999247e+00,1.650000000000000000e+03,1.800000000000000000e+03,-1.369701578957371879e-02,-5.961775078545623607e-01,-4.813295599260530161e-02
8.419000000000000483e+00,1.650000000000000000e+03,1.800000000000000000e+03,-1.369701578957371879e-02,-5.961775078545623607e-01,-4.813295599260530161e-02
8.435999999999999943e+00,1.650000000000000000e+03,1.800000000000000000e+03,-1.369701578957371879e-02,-5.961775078545623607e-01,-4.813295599260530161e-02
8.454000000000000625e+00,1.650000000000000000e+03,1.800000000000000000e+03,-1.642133168895609785e-02,-5.894560408183751044e-01,-7.741779712237571720e-02
8.471000000000000085e+00,1.650000000000000000e+03,1.800000000000000000e+03,-1.642133168895609785e-02,-5.894560408183751044e-01,-7.741779712237571720e-02
8.493000000000000327e+00,1.650000000000000000e+03,1.800000000000000000e+03,-2.216937495864312879e-02,-5.787889006740001285e-01,-7.800640801186628503e-02
8.509999999999999787e+00,1.650000000000000000e+03,1.800000000000000000e+03,-2.216937495864312879e-02,-5.787889006740001285e-01,-7.800640801186628503e-02
8.548999999999999488e+00,1.650000000000000000e+03,1.800000000000000000e+03,-2.216937495864312879e-02,-5.787889006740001285e-01,-7.800640801186628503e-02
8.569000000000000838e+00,1.650000000000000000e+03,1.800000000000000000e+03,-2.216937495864312879e-02,-5.787889006740001285e-01,-7.800640801186628503e-02
8.598000000000000753e+00,1.650000000000000000e+03,1.800000000000000000e+03,-2.216937495864312879e-02,-5.787889006740001285e-01,-7.800640801186628503e-02
8.615999999999999659e+00,1.650000000000000000e+03,1.800000000000000000e+03,-2.216937495864312879e-02,-5.787889006740001285e-01,-7.800640801186628503e-02
8.634000000000000341e+00,1.650000000000000000e+03,1.800000000000000000e+03,-2.491435665835473046e-02,-5.720212475035504340e-01,-1.075475661791835541e-01
8.657999999999999474e+00,1.650000000000000000e+03,1.800000000000000000e+03,-2.491435665835473046e-02,-5.720212475035504340e-01,-1.075475661791835541e-01
8.675000000000000711e+00,1.650000000000000000e+03,1.800000000000000000e+03,-2.491435665835473046e-02,-5.720212475035504340e-01,-1.075475661791835541e-01
8.692000000000000171e+00,1.650000000000000000e+03,1.800000000000000000e+03,-2.685009671905502771e-02,-5.681286303425809869e-01,-1.076506704545740073e-01
8.708999999999999631e+00,1.650000000000000000e+03,1.800000000000000000e+03,-3.346621556739970416e-02,-5.544661357807081359e-01,-1.079615436739206624e-01
8.726000000000000867e+00,1.650000000000000000e+03,1.800000000000000000e+03,-3.346621556739970416e-02,-5.544661357807081359e-01,-1.079615436739206624e-01
8.743000000000000327e+00,1.650000000000000000e+03,1.800000000000000000e+03,-3.346621556739970416e-02,-5.544661357807081359e-01,-1.079615436739206624e-01
8.759999999999999787e+00,1.650000000000000000e+03,1.800000000000000000e+03,-3.501900964966964125e-02,-5.515226705965536880e-01,-1.080656913471841757e-01
8.778000000000000469e+00,1.650000000000000000e+03,1.800000000000000000e+03,-4.015009900876220783e-02,-5.397675061371831617e-01,-1.090341504822452678e-01
8.794999999999999929e+00,1.650000000000000000e+03,1.800000000000000000e+03,-4.015009900876220783e-02,-5.397675061371831617e-01,-1.090341504822452678e-01
8.813000000000000611e+00,1.650000000000000000e+03,1.800000000000000000e+03,-4.290776220699132892e-02,-5.338608236146331620e-01,-1.084849236741354528e-01
8.830000000000000071e+00,1.650000000000000000e+03,1.800000000000000000e+03,-4.290776220699132892e-02,-5.338608236146331620e-01,-1.084849236741354528e-01
8.846999999999999531e+00,1.650000000000000000e+03,1.800000000000000000e+03,-4.290776220699132892e-02,-5.338608236146331620e-01,-1.084849236741354528e-01
8.864000000000000767e+00,1.650000000000000000e+03,1.800000000000000000e+03,-4.610514441260971097e-02,-5.259876610890961146e-01,-1.093516624802633314e-01
8.882999999999999119e+00,1.650000000000000000e+03,1.800000000000000000e+03,-4.610514441260971097e-02,-5.259876610890961146e-01,-1.093516624802633314e-01
8.900000000000000355e+00,1.650000000000000000e+03,1.800000000000000000e+03,-5.902919777127868528e-02,-4.932723487762524783e-01,-1.709503315181404304e-01
8.916000000000000369e+00,1.650000000000000000e+03,1.800000000000000000e+03,-5.902919777127868528e-02,-4.932723487762524783e-01,-1.709503315181404304e-01
8.933999999999999275e+00,1.650000000000000000e+03,1.800000000000000000e+03,-6.394121553740772512e-02,-4.802810913865522835e-01,-1.713674797868424138e-01
8.951000000000000512e+00,1.650000000000000000e+03,1.800000000000000000e+03,-6.394121553740772512e-02,-4.802810913865522835e-01,-1.713674797868424138e-01
8.967999999999999972e+00,1.650000000000000000e+03,1.800000000000000000e+03,-6.394121553740772512e-02,-4.802810913865522835e-01,-1.713674797868424138e-01
8.984999999999999432e+00,1.650000000000000000e+03,1.800000000000000000e+03,-6.642512762940810944e-02,-4.732672099965649082e-01,-1.716393838416301887e-01
9.002000000000000668e+00,1.650000000000000000e+03,1.800000000000000000e+03,-6.642512762940810944e-02,-4.732672099965649082e-01,-1.716393838416301887e-01
9.019000000000000128e+00,1.650000000000000000e+03,1.800000000000000000e+03,-6.906713690083732260e-02,-4.622699146935946857e-01,-2.016268013840005757e-01
9.035999999999999588e+00,1.650000000000000000e+03,1.800000000000000000e+03,-6.906713690083732260e-02,-4.622699146935946857e-01,-2.016268013840005757e-01
9.053000000000000824e+00,1.650000000000000000e+03,1.800000000000000000e+03,-7.070718624784300133e-02,-4.582260462632241627e-01,-2.017919564850618463e-01
9.070000000000000284e+00,1.650000000000000000e+03,1.800000000000000000e+03,-7.070718624784300133e-02,-4.582260462632241627e-01,-2.017919564850618463e-01
9.086999999999999744e+00,1.650000000000000000e+03,1.800000000000000000e+03,-7.070718624784300133e-02,-4.582260462632241627e-01,-2.017919564850618463e-01
9.105000000000000426e+00,1.650000000000000000e+03,1.800000000000000000e+03,-7.070718624784300133e-02,-4.582260462632241627e-01,-2.017919564850618463e-01
9.121999999999999886e+00,1.650000000000000000e+03,1.800000000000000000e+03,-7.456261344843451155e-02,-4.451139168184941042e-01,-2.039758425007172915e-01
9.138999999999999346e+00,1.650000000000000000e+03,1.800000000000000000e+03,-7.546556096745415942e-02,-4.410804196842299518e-01,-2.058882319153591267e-01
9.156000000000000583e+00,1.650000000000000000e+03,1.800000000000000000e+03,-7.546556096745415942e-02,-4.410804196842299518e-01,-2.058882319153591267e-01
9.173000000000000043e+00,1.650000000000000000e+03,1.800000000000000000e+03,-7.546556096745415942e-02,-4.410804196842299518e-01,-2.058882319153591267e-01
9.189999999999999503e+00,1.650000000000000000e+03,1.800000000000000000e+03,-7.546556096745415942e-02,-4.410804196842299518e-01,-2.058882319153591267e-01
9.208000000000000185e+00,1.650000000000000000e+03,1.800000000000000000e+03,-7.719639007183509705e-02,-4.349999951387699682e-01,-2.340217335135076626e-01
9.224000000000000199e+00,1.650000000000000000e+03,1.800000000000000000e+03,-7.719639007183509705e-02,-4.349999951387699682e-01,-2.340217335135076626e-01
9.242000000000000881e+00,1.650000000000000000e+03,1.800000000000000000e+03,-7.988045037173296947e-02,-4.238407714011653837e-01,-2.613391566340623196e-01
9.259000000000000341e+00,1.650000000000000000e+03,1.800000000000000000e+03,-7.988045037173296947e-02,-4.238407714011653837e-01,-2.613391566340623196e-01
9.275999999999999801e+00,1.650000000000000000e+03,1.800000000000000000e+03,-8.075074617598820836e-02,-4.207823374430530450e-01,-2.638646996757134655e-01
9.292999999999999261e+00,1.650000000000000000e+03,1.800000000000000000e+03,-8.075074617598820836e-02,-4.207823374430530450e-01,-2.638646996757134655e-01
9.310999999999999943e+00,1.650000000000000000e+03,1.800000000000000000e+03,-8.075074617598820836e-02,-4.207823374430530450e-01,-2.638646996757134655e-01
9.327999999999999403e+00,1.650000000000000000e+03,1.800000000000000000e+03,-8.075074617598820836e-02,-4.207823374430530450e-01,-2.638646996757134655e-01
9.345000000000000639e+00,1.650000000000000000e+03,1.800000000000000000e+03,-8.311475469822182660e-02,-4.085693492199862220e-01,-2.904767426642542172e-01
9.362000000000000099e+00,1.650000000000000000e+03,1.800000000000000000e+03,-8.770766270817853538e-02,-3.880567838240009948e-01,-3.194151474435723559e-01
9.378999999999999559e+00,1.650000000000000000e+03,1.800000000000000000e+03,-8.770766270817853538e-02,-3.880567838240009948e-01,-3.194151474435723559e-01
9.396000000000000796e+00,1.650000000000000000e+03,1.800000000000000000e+03,-8.770766270817853538e-02,-3.880567838240009948e-01,-3.194151474435723559e-01
9.413000000000000256e+00,1.650000000000000000e+03,1.800000000000000000e+03,-8.863049251743859713e-02,-3.839351692544363814e-01,-3.225389394182544556e-01
9.430999999999999162e+00,1.650000000000000000e+03,1.800000000000000000e+03,-8.863049251743859713e-02,-3.839351692544363814e-01,-3.225389394182544556e-01
9.448000000000000398e+00,1.650000000000000000e+03,1.800000000000000000e+03,-8.997499012680787445e-02,-3.787646351047238014e-01,-3.538035378176080936e-01
9.464999999999999858e+00,1.650000000000000000e+03,1.800000000000000000e+03,-8.997499012680787445e-02,-3.787646351047238014e-01,-3.538035378176080936e-01
9.481999999999999318e+00,1.650000000000000000e+03,1.800000000000000000e+03,-9.267181968104898360e-02,-3.683933086947916991e-01,-3.542921384808540020e-01
9.499000000000000554e+00,1.650000000000000000e+03,1.800000000000000000e+03,-9.267181968104898360e-02,-3.683933086947916991e-01,-3.542921384808540020e-01
9.516000000000000014e+00,1.650000000000000000e+03,1.800000000000000000e+03,-9.267181968104898360e-02,-3.683933086947916991e-01,-3.542921384808540020e-01
9.534000000000000696e+00,1.650000000000000000e+03,1.800000000000000000e+03,-9.449000063202150912e-02,-3.611131079508593800e-01,-3.580792245758602221e-01
9.551000000000000156e+00,1.650000000000000000e+03,1.800000000000000000e+03,-9.449000063202150912e-02,-3.611131079508593800e-01,-3.580792245758602221e-01
9.567999999999999616e+00,1.650000000000000000e+03,1.800000000000000000e+03,-9.720455935040117623e-02,-3.506727378187832755e-01,-3.585736286309372245e-01
9.585000000000000853e+00,1.650000000000000000e+03,1.800000000000000000e+03,-9.809703240111167233e-02,-3.475287932878048380e-01,-3.621881630578439037e-01
9.602000000000000313e+00,1.650000000000000000e+03,1.800000000000000000e+03,-9.809703240111167233e-02,-3.475287932878048380e-01,-3.621881630578439037e-01
9.618999999999999773e+00,1.650000000000000000e+03,1.800000000000000000e+03,-9.856581068892511510e-02,-3.454372124608413586e-01,-3.337223627740443233e-01
9.635999999999999233e+00,1.650000000000000000e+03,1.800000000000000000e+03,-9.856581068892511510e-02,-3.454372124608413586e-01,-3.337223627740443233e-01
9.653999999999999915e+00,1.650000000000000000e+03,1.800000000000000000e+03,-9.907936916134518768e-02,-3.423064452439170680e-01,-3.624434472364561066e-01
9.670999999999999375e+00,1.650000000000000000e+03,1.800000000000000000e+03,-9.907936916134518768e-02,-3.423064452439170680e-01,-3.624434472364561066e-01
9.688000000000000611e+00,1.650000000000000000e+03,1.800000000000000000e+03,-9.907936916134518768e-02,-3.423064452439170680e-01,-3.624434472364561066e-01
9.705000000000000071e+00,1.650000000000000000e+03,1.800000000000000000e+03,-1.023743463267048348e-01,-3.276022835507435005e-01,-3.632000848520921532e-01
9.721999999999999531e+00,1.650000000000000000e+03,1.800000000000000000e+03,-1.023743463267048348e-01,-3.276022835507435005e-01,-3.632000848520921532e-01
9.740000000000000213e+00,1.650000000000000000e+03,1.800000000000000000e+03,-1.037010346065940780e-01,-3.233667523982282077e-01,-3.668987095533481901e-01
9.756999999999999673e+00,1.650000000000000000e+03,1.800000000000000000e+03,-1.042196794585503739e-01,-3.202101262515837377e-01,-3.671577738391149648e-01
9.775000000000000355e+00,1.650000000000000000e+03,1.800000000000000000e+03,-1.042196794585503739e-01,-3.202101262515837377e-01,-3.671577738391149648e-01
9.791999999999999815e+00,1.650000000000000000e+03,1.800000000000000000e+03,-1.051213503562324902e-01,-3.170302354099652220e-01,-3.955326924105457831e-01
9.808999999999999275e+00,1.650000000000000000e+03,1.800000000000000000e+03,-1.051213503562324902e-01,-3.170302354099652220e-01,-3.955326924105457831e-01
9.826000000000000512e+00,1.650000000000000000e+03,1.800000000000000000e+03,-1.075422848445781732e-01,-3.053842391854164617e-01,-3.714476016354117949e-01
9.842999999999999972e+00,1.650000000000000000e+03,1.800000000000000000e+03,-1.084949460784865316e-01,-3.011332492965852481e-01,-3.717101178762721170e-01
9.859999999999999432e+00,1.650000000000000000e+03,1.800000000000000000e+03,-1.084949460784865316e-01,-3.011332492965852481e-01,-3.717101178762721170e-01
9.877000000000000668e+00,1.650000000000000000e+03,1.800000000000000000e+03,-1.107341786665760885e-01,-2.852015826558620404e-01,-4.012311813864790078e-01
9.894000000000000128e+00,1.650000000000000000e+03,1.800000000000000000e+03,-1.108756281684297740e-01,-2.820198465475529659e-01,-4.015111911879198914e-01
9.912000000000000810e+00,1.650000000000000000e+03,1.800000000000000000e+03,-1.108756281684297740e-01,-2.820198465475529659e-01,-4.015111911879198914e-01
9.929000000000000270e+00,1.650000000000000000e+03,1.800000000000000000e+03,-1.125529955573436602e-01,-2.702616702448885633e-01,-4.342079345830750503e-01
9.945999999999999730e+00,1.650000000000000000e+03,1.800000000000000000e+03,-1.125529955573436602e-01,-2.702616702448885633e-01,-4.342079345830750503e-01
9.962999999999999190e+00,1.650000000000000000e+03,1.800000000000000000e+03,-1.126482279553329136e-01,-2.681292230336502769e-01,-4.301054311279645104e-01
9.980000000000000426e+00,1.650000000000000000e+03,1.800000000000000000e+03,-1.126482279553329136e-01,-2.681292230336502769e-01,-4.301054311279645104e-01
9.996999999999999886e+00,1.650000000000000000e+03,1.800000000000000000e+03,-1.131773825371897857e-01,-2.649074391430188413e-01,-4.304012559283831862e-01
1.001399999999999935e+01,1.650000000000000000e+03,1.800000000000000000e+03,-1.131773825371897857e-01,-2.649074391430188413e-01,-4.304012559283831862e-01
1.003100000000000058e+01,1.650000000000000000e+03,1.800000000000000000e+03,-1.133685814463301078e-01,-2.606324611368115995e-01,-4.306974875909226896e-01
1.004800000000000004e+01,1.650000000000000000e+03,1.800000000000000000e+03,-1.141869975936766757e-01,-2.509690841790641613e-01,-4.673894159695825556e-01
1.006700000000000017e+01,1.650000000000000000e+03,1.800000000000000000e+03,-1.141869975936766757e-01,-2.509690841790641613e-01,-4.673894159695825556e-01
1.008500000000000085e+01,1.650000000000000000e+03,1.800000000000000000e+03,-1.140881640492863447e-01,-2.445412985438499831e-01,-4.632901480593929477e-01
1.010200000000000031e+01,1.650000000000000000e+03,1.800000000000000000e+03,-1.140881640492863447e-01,-2.445412985438499831e-01,-4.632901480593929477e-01
1.011899999999999977e+01,1.650000000000000000e+03,1.800000000000000000e+03,-1.140881640492863447e-01,-2.445412985438499831e-01,-4.632901480593929477e-01
1.013700000000000045e+01,1.650000000000000000e+03,1.800000000000000000e+03,-1.145721817746530036e-01,-2.423684874292781899e-01,-4.855356689899117950e-01
1.015399999999999991e+01,1.650000000000000000e+03,1.800000000000000000e+03,-1.145721817746530036e-01,-2.423684874292781899e-01,-4.855356689899117950e-01
1.017099999999999937e+01,1.650000000000000000e+03,1.800000000000000000e+03,-1.150553100061708633e-01,-2.315795376942686445e-01,-4.907494579172081428e-01
1.018800000000000061e+01,1.650000000000000000e+03,1.800000000000000000e+03,-1.150553100061708633e-01,-2.315795376942686445e-01,-4.907494579172081428e-01
1.020500000000000007e+01,1.650000000000000000e+03,1.800000000000000000e+03,-1.143748096589916052e-01,-2.294570851028847613e-01,-4.910755054888836235e-01
1.022199999999999953e+01,1.650000000000000000e+03,1.800000000000000000e+03,-1.143748096589916052e-01,-2.294570851028847613e-01,-4.910755054888836235e-01
1.023900000000000077e+01,1.650000000000000000e+03,1.800000000000000000e+03,-1.149570875587033747e-01,-2.251059548902585306e-01,-5.007734879970169306e-01
1.025699999999999967e+01,1.650000000000000000e+03,1.800000000000000000e+03,-1.150540020282755371e-01,-2.229379327120835086e-01,-4.914019692097809089e-01
1.027399999999999913e+01,1.650000000000000000e+03,1.800000000000000000e+03,-1.150540020282755371e-01,-2.229379327120835086e-01,-4.914019692097809089e-01
1.029100000000000037e+01,1.650000000000000000e+03,1.800000000000000000e+03,-1.159783296411629472e-01,-2.109627374165059521e-01,-5.181457205391650778e-01
1.030799999999999983e+01,1.650000000000000000e+03,1.800000000000000000e+03,-1.159783296411629472e-01,-2.109627374165059521e-01,-5.181457205391650778e-01
1.032499999999999929e+01,1.650000000000000000e+03,1.800000000000000000e+03,-1.159783296411629472e-01,-2.109627374165059521e-01,-5.181457205391650778e-01
1.034200000000000053e+01,1.650000000000000000e+03,1.800000000000000000e+03,-1.149540757846816419e-01,-2.077543886872872392e-01,-5.233340759878261084e-01
1.035899999999999999e+01,1.650000000000000000e+03,1.800000000000000000e+03,-1.149540757846816419e-01,-2.077543886872872392e-01,-5.233340759878261084e-01
1.037700000000000067e+01,1.650000000000000000e+03,1.800000000000000000e+03,-1.151485474672200304e-01,-2.033891174181947648e-01,-5.236748090211327256e-01
1.039400000000000013e+01,1.650000000000000000e+03,1.800000000000000000e+03,-1.151485474672200304e-01,-2.033891174181947648e-01,-5.236748090211327256e-01
1.041099999999999959e+01,1.650000000000000000e+03,1.800000000000000000e+03,-1.165174184959942849e-01,-1.814378593941770035e-01,-5.608270327431367219e-01
1.042800000000000082e+01,1.650000000000000000e+03,1.800000000000000000e+03,-1.167139903587890437e-01,-1.770307053355564264e-01,-5.611826100833219311e-01
1.044500000000000028e+01,1.650000000000000000e+03,1.800000000000000000e+03,-1.167139903587890437e-01,-1.770307053355564264e-01,-5.611826100833219311e-01
1.046199999999999974e+01,1.650000000000000000e+03,1.800000000000000000e+03,-1.167139903587890437e-01,-1.770307053355564264e-01,-5.611826100833219311e-01
1.047899999999999920e+01,1.650000000000000000e+03,1.800000000000000000e+03,-1.167139903587890437e-01,-1.770307053355564264e-01,-5.611826100833219311e-01
1.049600000000000044e+01,1.650000000000000000e+03,1.800000000000000000e+03,-1.169108630786106495e-01,-1.726165180391099341e-01,-5.615386012817085160e-01
1.051299999999999990e+01,1.650000000000000000e+03,1.800000000000000000e+03,-1.169108630786106495e-01,-1.726165180391099341e-01,-5.615386012817085160e-01
1.052999999999999936e+01,1.650000000000000000e+03,1.800000000000000000e+03,-1.169615535622314795e-01,-1.626794936881648113e-01,-5.623157180265411226e-01
1.054700000000000060e+01,1.650000000000000000e+03,1.800000000000000000e+03,-1.169615535622314795e-01,-1.626794936881648113e-01,-5.623157180265411226e-01
1.056400000000000006e+01,1.650000000000000000e+03,1.800000000000000000e+03,-1.167160764722225963e-01,-1.593730318929384993e-01,-5.873428681006368501e-01
1.058099999999999952e+01,1.650000000000000000e+03,1.800000000000000000e+03,-1.174064479470526834e-01,-1.526859615229891887e-01,-5.737130937060113123e-01
1.059800000000000075e+01,1.650000000000000000e+03,1.800000000000000000e+03,-1.174064479470526834e-01,-1.526859615229891887e-01,-5.737130937060113123e-01
1.061500000000000021e+01,1.650000000000000000e+03,1.800000000000000000e+03,-1.178528801345510857e-01,-1.426563556107707242e-01,-5.745039792511043020e-01
1.063299999999999912e+01,1.650000000000000000e+03,1.800000000000000000e+03,-1.178528801345510857e-01,-1.426563556107707242e-01,-5.745039792511043020e-01
1.065000000000000036e+01,1.650000000000000000e+03,1.800000000000000000e+03,-1.176070128821780081e-01,-1.393259696264514957e-01,-5.859753016419426697e-01
1.066699999999999982e+01,1.650000000000000000e+03,1.800000000000000000e+03,-1.176070128821780081e-01,-1.393259696264514957e-01,-5.859753016419426697e-01
1.068299999999999983e+01,1.650000000000000000e+03,1.800000000000000000e+03,-1.176070128821780081e-01,-1.393259696264514957e-01,-5.859753016419426697e-01
1.069999999999999929e+01,1.650000000000000000e+03,1.800000000000000000e+03,-1.169160477115371854e-01,-1.371313289479516584e-01,-5.749340131208912075e-01
1.071799999999999997e+01,1.650000000000000000e+03,1.800000000000000000e+03,-1.169160477115371854e-01,-1.371313289479516584e-01,-5.749340131208912075e-01
1.073499999999999943e+01,1.650000000000000000e+03,1.800000000000000000e+03,-1.169172453719093951e-01,-1.281888378497271219e-01,-5.812014178858575519e-01
1.075300000000000011e+01,1.650000000000000000e+03,1.800000000000000000e+03,-1.169172453719093951e-01,-1.281888378497271219e-01,-5.812014178858575519e-01
1.076999999999999957e+01,1.650000000000000000e+03,1.800000000000000000e+03,-1.175119917922962109e-01,-1.236753664759033811e-01,-5.871461189577605877e-01
1.078700000000000081e+01,1.650000000000000000e+03,1.800000000000000000e+03,-1.175119917922962109e-01,-1.236753664759033811e-01,-5.871461189577605877e-01
1.080400000000000027e+01,1.650000000000000000e+03,1.800000000000000000e+03,-1.172153138392197924e-01,-1.214473730560658993e-01,-6.127914984044490199e-01
1.082099999999999973e+01,1.650000000000000000e+03,1.800000000000000000e+03,-1.168200158909988851e-01,-1.124754797337823575e-01,-5.937170991302900269e-01
1.083799999999999919e+01,1.650000000000000000e+03,1.800000000000000000e+03,-1.168200158909988851e-01,-1.124754797337823575e-01,-5.937170991302900269e-01
1.085599999999999987e+01,1.650000000000000000e+03,1.800000000000000000e+03,-1.148310942662482681e-01,-9.450842889427146787e-02,-6.208149994033416164e-01
1.087299999999999933e+01,1.650000000000000000e+03,1.800000000000000000e+03,-1.148310942662482681e-01,-9.450842889427146787e-02,-6.208149994033416164e-01
1.089000000000000057e+01,1.650000000000000000e+03,1.800000000000000000e+03,-1.148310942662482681e-01,-9.450842889427146787e-02,-6.208149994033416164e-01
1.090700000000000003e+01,1.650000000000000000e+03,1.800000000000000000e+03,-1.148310942662482681e-01,-9.450842889427146787e-02,-6.208149994033416164e-01
1.092399999999999949e+01,1.650000000000000000e+03,1.800000000000000000e+03,-1.142816586700288184e-01,-8.886604109398810181e-02,-6.521260589026676158e-01
1.094100000000000072e+01,1.650000000000000000e+03,1.800000000000000000e+03,-1.141794567855107800e-01,-8.205044925729687577e-02,-6.341146974853116847e-01
1.095800000000000018e+01,1.650000000000000000e+03,1.800000000000000000e+03,-1.141794567855107800e-01,-8.205044925729687577e-02,-6.341146974853116847e-01
1.097499999999999964e+01,1.650000000000000000e+03,1.800000000000000000e+03,-1.135294102372923497e-01,-7.866833652503668617e-02,-6.592374940130231176e-01
1.099200000000000088e+01,1.650000000000000000e+03,1.800000000000000000e+03,-1.135294102372923497e-01,-7.866833652503668617e-02,-6.592374940130231176e-01
1.100999999999999979e+01,1.650000000000000000e+03,1.800000000000000000e+03,-1.127801618904142877e-01,-7.756840202187564870e-02,-6.345825299540117648e-01
1.102699999999999925e+01,1.650000000000000000e+03,1.800000000000000000e+03,-1.127801618904142877e-01,-7.756840202187564870e-02,-6.345825299540117648e-01
1.104400000000000048e+01,1.650000000000000000e+03,1.800000000000000000e+03,-1.129278329529683766e-01,-7.413831812960758327e-02,-6.534660092427792000e-01
1.106099999999999994e+01,1.650000000000000000e+03,1.800000000000000000e+03,-1.113216217006161024e-01,-6.507768056401808110e-02,-6.605879518542642215e-01
1.107799999999999940e+01,1.650000000000000000e+03,1.800000000000000000e+03,-1.113216217006161024e-01,-6.507768056401808110e-02,-6.605879518542642215e-01
1.109500000000000064e+01,1.650000000000000000e+03,1.800000000000000000e+03,-1.102675426540393744e-01,-6.169642400841457430e-02,-6.847630839885918697e-01
1.111200000000000010e+01,1.650000000000000000e+03,1.800000000000000000e+03,-1.107657448873822226e-01,-5.937589915053820278e-02,-6.610703969394765567e-01
1.112899999999999956e+01,1.650000000000000000e+03,1.800000000000000000e+03,-1.107657448873822226e-01,-5.937589915053820278e-02,-6.610703969394765567e-01
1.114700000000000024e+01,1.650000000000000000e+03,1.800000000000000000e+03,-1.101110516671912620e-01,-5.596640464537561144e-02,-6.789084467884199947e-01
1.116399999999999970e+01,1.650000000000000000e+03,1.800000000000000000e+03,-1.101110516671912620e-01,-5.596640464537561144e-02,-6.789084467884199947e-01
1.118099999999999916e+01,1.650000000000000000e+03,1.800000000000000000e+03,-1.101110516671912620e-01,-5.596640464537561144e-02,-6.789084467884199947e-01
1.119800000000000040e+01,1.650000000000000000e+03,1.800000000000000000e+03,-1.101110516671912620e-01,-5.596640464537561144e-02,-6.789084467884199947e-01
1.121499999999999986e+01,1.650000000000000000e+03,1.800000000000000000e+03,-1.081907740460437140e-01,-4.455726569686468963e-02,-7.158172143747919547e-01
1.123199999999999932e+01,1.650000000000000000e+03,1.800000000000000000e+03,-1.081907740460437140e-01,-4.455726569686468963e-02,-7.158172143747919547e-01
1.124900000000000055e+01,1.650000000000000000e+03,1.800000000000000000e+03,-1.070827173861981230e-01,-4.230853255772615285e-02,-6.866408872737953528e-01
1.126600000000000001e+01,1.650000000000000000e+03,1.800000000000000000e+03,-1.070827173861981230e-01,-4.230853255772615285e-02,-6.866408872737953528e-01
1.128299999999999947e+01,1.650000000000000000e+03,1.800000000000000000e+03,-1.067775165441866569e-01,-4.001504449051029866e-02,-7.163254601415313116e-01
1.130100000000000016e+01,1.650000000000000000e+03,1.800000000000000000e+03,-1.044425019957415657e-01,-2.856276019564596425e-02,-7.239927585259000598e-01
1.131799999999999962e+01,1.650000000000000000e+03,1.800000000000000000e+03,-1.044425019957415657e-01,-2.856276019564596425e-02,-7.239927585259000598e-01
1.133500000000000085e+01,1.650000000000000000e+03,1.800000000000000000e+03,-1.044425019957415657e-01,-2.856276019564596425e-02,-7.239927585259000598e-01
1.135200000000000031e+01,1.650000000000000000e+03,1.800000000000000000e+03,-1.033775860373169486e-01,-2.513742527409590366e-02,-7.243923351238452657e-01
1.136899999999999977e+01,1.650000000000000000e+03,1.800000000000000000e+03,-1.033775860373169486e-01,-2.513742527409590366e-02,-7.243923351238452657e-01
1.138599999999999923e+01,1.650000000000000000e+03,1.800000000000000000e+03,-1.004110027335212152e-01,-8.989241088491084497e-03,-7.327045526594100355e-01
1.140399999999999991e+01,1.650000000000000000e+03,1.800000000000000000e+03,-9.831461675780239773e-02,-9.131833540010347861e-04,-7.557460234865466253e-01
1.142099999999999937e+01,1.650000000000000000e+03,1.800000000000000000e+03,-9.831461675780239773e-02,-9.131833540010347861e-04,-7.557460234865466253e-01
1.143800000000000061e+01,1.650000000000000000e+03,1.800000000000000000e+03,-9.831461675780239773e-02,-9.131833540010347861e-04,-7.557460234865466253e-01
1.145500000000000007e+01,1.650000000000000000e+03,1.800000000000000000e+03,-9.831461675780239773e-02,-9.131833540010347861e-04,-7.557460234865466253e-01
1.147199999999999953e+01,1.650000000000000000e+03,1.800000000000000000e+03,-9.697587367283944104e-02,6.052285227703180226e-03,-7.480450555819611047e-01
1.149000000000000021e+01,1.650000000000000000e+03,1.800000000000000000e+03,-9.697587367283944104e-02,6.052285227703180226e-03,-7.480450555819611047e-01
1.150699999999999967e+01,1.650000000000000000e+03,1.800000000000000000e+03,-9.697587367283944104e-02,6.052285227703180226e-03,-7.480450555819611047e-01
1.152399999999999913e+01,1.650000000000000000e+03,1.800000000000000000e+03,-9.742756483834957848e-02,7.251090779310409573e-03,-7.342592215400851607e-01
1.154100000000000037e+01,1.650000000000000000e+03,1.800000000000000000e+03,-9.742756483834957848e-02,7.251090779310409573e-03,-7.342592215400851607e-01
1.155799999999999983e+01,1.650000000000000000e+03,1.800000000000000000e+03,-9.742756483834957848e-02,7.251090779310409573e-03,-7.342592215400851607e-01
1.157499999999999929e+01,1.650000000000000000e+03,1.800000000000000000e+03,-9.410414076937012595e-02,1.530800503153439962e-02,-7.784695615163713667e-01
1.159200000000000053e+01,1.650000000000000000e+03,1.800000000000000000e+03,-9.410414076937012595e-02,1.530800503153439962e-02,-7.784695615163713667e-01
1.160899999999999999e+01,1.650000000000000000e+03,1.800000000000000000e+03,-9.383658201573874535e-02,1.883027208286502940e-02,-7.717118369651747578e-01
1.162599999999999945e+01,1.650000000000000000e+03,1.800000000000000000e+03,-9.392870710850553806e-02,2.119540541917785959e-02,-7.496198600250416622e-01
1.164300000000000068e+01,1.650000000000000000e+03,1.800000000000000000e+03,-9.392870710850553806e-02,2.119540541917785959e-02,-7.496198600250416622e-01
1.166000000000000014e+01,1.650000000000000000e+03,1.800000000000000000e+03,-9.298593555935319444e-02,2.823690313876081603e-02,-7.719353153665436951e-01
1.167800000000000082e+01,1.650000000000000000e+03,1.800000000000000000e+03,-9.081984069621817923e-02,3.522999346352939654e-02,-7.950406491491682770e-01
1.169500000000000028e+01,1.650000000000000000e+03,1.800000000000000000e+03,-9.081984069621817923e-02,3.522999346352939654e-02,-7.950406491491682770e-01
1.171199999999999974e+01,1.650000000000000000e+03,1.800000000000000000e+03,-9.081984069621817923e-02,3.522999346352939654e-02,-7.950406491491682770e-01
1.172899999999999920e+01,1.650000000000000000e+03,1.800000000000000000e+03,-9.081984069621817923e-02,3.522999346352939654e-02,-7.950406491491682770e-01
1.174699999999999989e+01,1.650000000000000000e+03,1.800000000000000000e+03,-9.059480122288876558e-02,3.996737485157808578e-02,-7.881753302433497366e-01
1.176399999999999935e+01,1.650000000000000000e+03,1.800000000000000000e+03,-9.059480122288876558e-02,3.996737485157808578e-02,-7.881753302433497366e-01
1.178200000000000003e+01,1.650000000000000000e+03,1.800000000000000000e+03,-9.059480122288876558e-02,3.996737485157808578e-02,-7.881753302433497366e-01
1.179899999999999949e+01,1.650000000000000000e+03,1.800000000000000000e+03,-8.715319032101964680e-02,4.572981797452779773e-02,-8.113075926096919854e-01
1.181600000000000072e+01,1.650000000000000000e+03,1.800000000000000000e+03,-8.715319032101964680e-02,4.572981797452779773e-02,-8.113075926096919854e-01
1.183300000000000018e+01,1.650000000000000000e+03,1.800000000000000000e+03,-8.615332772177630716e-02,5.163594031615925672e-02,-8.043353559972710176e-01
1.184999999999999964e+01,1.650000000000000000e+03,1.800000000000000000e+03,-8.615332772177630716e-02,5.163594031615925672e-02,-8.043353559972710176e-01
1.186800000000000033e+01,1.650000000000000000e+03,1.800000000000000000e+03,-8.615332772177630716e-02,5.163594031615925672e-02,-8.043353559972710176e-01
1.188499999999999979e+01,1.650000000000000000e+03,1.800000000000000000e+03,-7.648310580080863730e-02,7.748407464645357123e-02,-8.305936358426746491e-01
1.190199999999999925e+01,1.650000000000000000e+03,1.800000000000000000e+03,-7.648310580080863730e-02,7.748407464645357123e-02,-8.305936358426746491e-01
1.191900000000000048e+01,1.650000000000000000e+03,1.800000000000000000e+03,-7.648310580080863730e-02,7.748407464645357123e-02,-8.305936358426746491e-01
1.193599999999999994e+01,1.650000000000000000e+03,1.800000000000000000e+03,-7.648310580080863730e-02,7.748407464645357123e-02,-8.305936358426746491e-01
1.197499999999999964e+01,1.650000000000000000e+03,1.800000000000000000e+03,-7.460379987539855762e-02,8.220275666718102059e-02,-8.311469306765316700e-01
1.201200000000000045e+01,1.650000000000000000e+03,1.800000000000000000e+03,-7.460379987539855762e-02,8.220275666718102059e-02,-8.311469306765316700e-01
1.205000000000000071e+01,1.650000000000000000e+03,1.800000000000000000e+03,-7.460379987539855762e-02,8.220275666718102059e-02,-8.311469306765316700e-01
1.206700000000000017e+01,1.650000000000000000e+03,1.800000000000000000e+03,-7.460379987539855762e-02,8.220275666718102059e-02,-8.311469306765316700e-01
1.208799999999999919e+01,1.650000000000000000e+03,1.800000000000000000e+03,-7.460379987539855762e-02,8.220275666718102059e-02,-8.311469306765316700e-01
1.210800000000000054e+01,1.650000000000000000e+03,1.800000000000000000e+03,-6.997299055661754252e-02,9.040698189931983819e-02,-8.615627481993425318e-01
1.212500000000000000e+01,1.650000000000000000e+03,1.800000000000000000e+03,-6.997299055661754252e-02,9.040698189931983819e-02,-8.615627481993425318e-01
1.214300000000000068e+01,1.650000000000000000e+03,1.800000000000000000e+03,-7.055033914614305957e-02,9.528020632999467665e-02,-8.539402650053293797e-01
1.216099999999999959e+01,1.650000000000000000e+03,1.800000000000000000e+03,-6.824914715723595648e-02,1.000058290877383627e-01,-8.625282542137121533e-01
1.217699999999999960e+01,1.650000000000000000e+03,1.800000000000000000e+03,-6.824914715723595648e-02,1.000058290877383627e-01,-8.625282542137121533e-01
1.219500000000000028e+01,1.650000000000000000e+03,1.800000000000000000e+03,-6.631504289593470602e-02,1.035440071460769218e-01,-8.753060266129598643e-01
1.221199999999999974e+01,1.650000000000000000e+03,1.800000000000000000e+03,-6.631504289593470602e-02,1.035440071460769218e-01,-8.753060266129598643e-01
1.222899999999999920e+01,1.650000000000000000e+03,1.800000000000000000e+03,-6.392644240515599208e-02,1.058458326749578404e-01,-8.633999536711514100e-01
1.224600000000000044e+01,1.650000000000000000e+03,1.800000000000000000e+03,-6.392644240515599208e-02,1.058458326749578404e-01,-8.633999536711514100e-01
1.226399999999999935e+01,1.650000000000000000e+03,1.800000000000000000e+03,-5.971380955566507609e-02,1.153619948034334541e-01,-8.849065108166807025e-01
1.228100000000000058e+01,1.650000000000000000e+03,1.800000000000000000e+03,-5.773040051159084030e-02,1.176957055507950045e-01,-8.812967892564755878e-01
1.229899999999999949e+01,1.650000000000000000e+03,1.800000000000000000e+03,-5.773040051159084030e-02,1.176957055507950045e-01,-8.812967892564755878e-01
1.231600000000000072e+01,1.650000000000000000e+03,1.800000000000000000e+03,-5.739603965759920712e-02,1.201206552590567966e-01,-8.935871976856295529e-01
1.233399999999999963e+01,1.650000000000000000e+03,1.800000000000000000e+03,-5.739603965759920712e-02,1.201206552590567966e-01,-8.935871976856295529e-01
1.234999999999999964e+01,1.650000000000000000e+03,1.800000000000000000e+03,-5.739603965759920712e-02,1.201206552590567966e-01,-8.935871976856295529e-01
1.236800000000000033e+01,1.650000000000000000e+03,1.800000000000000000e+03,-4.703054429482156351e-02,1.453335916144595785e-01,-9.131951922062623295e-01
1.238400000000000034e+01,1.650000000000000000e+03,1.800000000000000000e+03,-4.703054429482156351e-02,1.453335916144595785e-01,-9.131951922062623295e-01
1.240199999999999925e+01,1.650000000000000000e+03,1.800000000000000000e+03,-4.458102263229291040e-02,1.464337059229210425e-01,-9.218522955936823138e-01
1.241900000000000048e+01,1.650000000000000000e+03,1.800000000000000000e+03,-4.423948484663320357e-02,1.488826144300023913e-01,-9.328116887619190001e-01
1.243599999999999994e+01,1.650000000000000000e+03,1.800000000000000000e+03,-4.423948484663320357e-02,1.488826144300023913e-01,-9.328116887619190001e-01
1.245299999999999940e+01,1.650000000000000000e+03,1.800000000000000000e+03,-4.423948484663320357e-02,1.488826144300023913e-01,-9.328116887619190001e-01
1.247100000000000009e+01,1.650000000000000000e+03,1.800000000000000000e+03,-4.306816423777792835e-02,1.512885613227741288e-01,-9.224237781438465733e-01
1.248799999999999955e+01,1.650000000000000000e+03,1.800000000000000000e+03,-4.306816423777792835e-02,1.512885613227741288e-01,-9.224237781438465733e-01
1.250500000000000078e+01,1.650000000000000000e+03,1.800000000000000000e+03,-3.788761576686328070e-02,1.584281850486544130e-01,-9.510588444375678296e-01
1.252200000000000024e+01,1.650000000000000000e+03,1.800000000000000000e+03,-3.788761576686328070e-02,1.584281850486544130e-01,-9.510588444375678296e-01
1.253899999999999970e+01,1.650000000000000000e+03,1.800000000000000000e+03,-3.674673696447205984e-02,1.620835321615095026e-01,-9.325311114074176233e-01
1.255599999999999916e+01,1.650000000000000000e+03,1.800000000000000000e+03,-3.674673696447205984e-02,1.620835321615095026e-01,-9.325311114074176233e-01
1.257300000000000040e+01,1.650000000000000000e+03,1.800000000000000000e+03,-3.674673696447205984e-02,1.620835321615095026e-01,-9.325311114074176233e-01
1.258999999999999986e+01,1.650000000000000000e+03,1.800000000000000000e+03,-3.598535897752652701e-02,1.645229595455841576e-01,-9.432891880064082635e-01
1.260699999999999932e+01,1.650000000000000000e+03,1.800000000000000000e+03,-3.598535897752652701e-02,1.645229595455841576e-01,-9.432891880064082635e-01
1.262400000000000055e+01,1.650000000000000000e+03,1.800000000000000000e+03,-3.480756308922972053e-02,1.669418298393949840e-01,-9.418468706946284685e-01
1.264100000000000001e+01,1.650000000000000000e+03,1.800000000000000000e+03,-2.877087118294108237e-02,1.740747512400870889e-01,-9.518321313771455072e-01
1.265799999999999947e+01,1.650000000000000000e+03,1.800000000000000000e+03,-2.877087118294108237e-02,1.740747512400870889e-01,-9.518321313771455072e-01
1.267500000000000071e+01,1.650000000000000000e+03,1.800000000000000000e+03,-2.877087118294108237e-02,1.740747512400870889e-01,-9.518321313771455072e-01
1.269200000000000017e+01,1.650000000000000000e+03,1.800000000000000000e+03,-2.877087118294108237e-02,1.740747512400870889e-01,-9.518321313771455072e-01
1.270899999999999963e+01,1.650000000000000000e+03,1.800000000000000000e+03,-2.713889406680713989e-02,1.752313679109427369e-01,-9.621541396976913685e-01
1.272600000000000087e+01,1.650000000000000000e+03,1.800000000000000000e+03,-2.400218050126357028e-02,1.825433486778695880e-01,-9.716824774692570665e-01
1.274300000000000033e+01,1.650000000000000000e+03,1.800000000000000000e+03,-2.400218050126357028e-02,1.825433486778695880e-01,-9.716824774692570665e-01
1.276099999999999923e+01,1.650000000000000000e+03,1.800000000000000000e+03,-2.153324428286440551e-02,1.836580518363417625e-01,-9.623536690544010064e-01
1.277800000000000047e+01,1.650000000000000000e+03,1.800000000000000000e+03,-2.153324428286440551e-02,1.836580518363417625e-01,-9.623536690544010064e-01
1.279499999999999993e+01,1.650000000000000000e+03,1.800000000000000000e+03,-2.162862511303043078e-02,1.874129895225049580e-01,-9.811460334761827884e-01
1.281199999999999939e+01,1.650000000000000000e+03,1.800000000000000000e+03,-2.162862511303043078e-02,1.874129895225049580e-01,-9.811460334761827884e-01
1.282900000000000063e+01,1.650000000000000000e+03,1.800000000000000000e+03,-2.162862511303043078e-02,1.874129895225049580e-01,-9.811460334761827884e-01
1.284600000000000009e+01,1.650000000000000000e+03,1.800000000000000000e+03,-1.677731703822438192e-02,1.934091805918063400e-01,-9.821000044132756068e-01
1.286400000000000077e+01,1.650000000000000000e+03,1.800000000000000000e+03,-1.677731703822438192e-02,1.934091805918063400e-01,-9.821000044132756068e-01
1.288199999999999967e+01,1.650000000000000000e+03,1.800000000000000000e+03,-7.102994495351566684e-03,2.079598486552578507e-01,-9.934173185773683690e-01
1.289899999999999913e+01,1.650000000000000000e+03,1.800000000000000000e+03,-7.102994495351566684e-03,2.079598486552578507e-01,-9.934173185773683690e-01
1.291600000000000037e+01,1.650000000000000000e+03,1.800000000000000000e+03,-7.102994495351566684e-03,2.079598486552578507e-01,-9.934173185773683690e-01
1.293299999999999983e+01,1.650000000000000000e+03,1.800000000000000000e+03,-3.811510364284398378e-03,2.103007991401257826e-01,-1.002946027301260257e+00
1.294999999999999929e+01,1.650000000000000000e+03,1.800000000000000000e+03,-3.811510364284398378e-03,2.103007991401257826e-01,-1.002946027301260257e+00
1.296799999999999997e+01,1.650000000000000000e+03,1.800000000000000000e+03,-3.811510364284398378e-03,2.103007991401257826e-01,-1.002946027301260257e+00
1.298499999999999943e+01,1.650000000000000000e+03,1.800000000000000000e+03,1.833722447924568399e-03,2.200948871333370249e-01,-1.013561009627195642e+00
1.300200000000000067e+01,1.650000000000000000e+03,1.800000000000000000e+03,1.833722447924568399e-03,2.200948871333370249e-01,-1.013561009627195642e+00
1.302100000000000080e+01,1.650000000000000000e+03,1.800000000000000000e+03,1.833722447924568399e-03,2.200948871333370249e-01,-1.013561009627195642e+00
1.303800000000000026e+01,1.650000000000000000e+03,1.800000000000000000e+03,3.484213097296073869e-03,2.212700114749726055e-01,-1.023149342172573029e+00
1.305499999999999972e+01,1.650000000000000000e+03,1.800000000000000000e+03,3.484213097296073869e-03,2.212700114749726055e-01,-1.023149342172573029e+00
1.307300000000000040e+01,1.650000000000000000e+03,1.800000000000000000e+03,4.689632975042101748e-03,2.237360215150498988e-01,-1.031334441752471021e+00
1.309099999999999930e+01,1.650000000000000000e+03,1.800000000000000000e+03,9.622442888420845719e-03,2.285368366727125178e-01,-1.032314271468941502e+00
1.310800000000000054e+01,1.650000000000000000e+03,1.800000000000000000e+03,9.622442888420845719e-03,2.285368366727125178e-01,-1.032314271468941502e+00
1.312500000000000000e+01,1.650000000000000000e+03,1.800000000000000000e+03,1.167183090618140184e-02,2.309631027383955981e-01,-1.034217810335241294e+00
1.314300000000000068e+01,1.650000000000000000e+03,1.800000000000000000e+03,1.246247295260616283e-02,2.334601110581511207e-01,-1.033092319960890793e+00
1.316000000000000014e+01,1.650000000000000000e+03,1.800000000000000000e+03,1.246247295260616283e-02,2.334601110581511207e-01,-1.033092319960890793e+00
1.317699999999999960e+01,1.650000000000000000e+03,1.800000000000000000e+03,1.498324414107932157e-02,2.333226390953511142e-01,-1.042534307393043758e+00
1.319400000000000084e+01,1.650000000000000000e+03,1.800000000000000000e+03,1.575164061391687298e-02,2.370948467079960764e-01,-1.035199630342525268e+00
1.321100000000000030e+01,1.650000000000000000e+03,1.800000000000000000e+03,1.575164061391687298e-02,2.370948467079960764e-01,-1.035199630342525268e+00
1.322899999999999920e+01,1.650000000000000000e+03,1.800000000000000000e+03,2.070431949510620484e-02,2.419175286864714280e-01,-1.045828373406149758e+00
1.324699999999999989e+01,1.650000000000000000e+03,1.800000000000000000e+03,2.234194510760989516e-02,2.443777831843059190e-01,-1.053449410723864998e+00
1.326399999999999935e+01,1.650000000000000000e+03,1.800000000000000000e+03,2.234194510760989516e-02,2.443777831843059190e-01,-1.053449410723864998e+00
1.328100000000000058e+01,1.650000000000000000e+03,1.800000000000000000e+03,2.316126463336853902e-02,2.456086736532547832e-01,-1.053657419815656748e+00
1.329800000000000004e+01,1.650000000000000000e+03,1.800000000000000000e+03,2.316126463336853902e-02,2.456086736532547832e-01,-1.053657419815656748e+00
1.331499999999999950e+01,1.650000000000000000e+03,1.800000000000000000e+03,2.316126463336853902e-02,2.456086736532547832e-01,-1.053657419815656748e+00
1.333200000000000074e+01,1.650000000000000000e+03,1.800000000000000000e+03,2.568677673981056842e-02,2.454708194284220824e-01,-1.063338980354712637e+00
1.334999999999999964e+01,1.650000000000000000e+03,1.800000000000000000e+03,2.568677673981056842e-02,2.454708194284220824e-01,-1.063338980354712637e+00
1.336700000000000088e+01,1.650000000000000000e+03,1.800000000000000000e+03,4.015409761957222656e-02,2.625946841385902175e-01,-1.075919131804728979e+00
1.338400000000000034e+01,1.650000000000000000e+03,1.800000000000000000e+03,4.138323401683319247e-02,2.650951830674070919e-01,-1.082470262387646986e+00
1.340199999999999925e+01,1.650000000000000000e+03,1.800000000000000000e+03,4.138323401683319247e-02,2.650951830674070919e-01,-1.082470262387646986e+00
1.341900000000000048e+01,1.650000000000000000e+03,1.800000000000000000e+03,4.138323401683319247e-02,2.650951830674070919e-01,-1.082470262387646986e+00
1.343599999999999994e+01,1.650000000000000000e+03,1.800000000000000000e+03,4.138323401683319247e-02,2.650951830674070919e-01,-1.082470262387646986e+00
1.345299999999999940e+01,1.650000000000000000e+03,1.800000000000000000e+03,4.512987870803186752e-02,2.687458449150561535e-01,-1.096240234410213787e+00
1.347000000000000064e+01,1.650000000000000000e+03,1.800000000000000000e+03,5.013248538499137652e-02,2.736203745160024070e-01,-1.097245372222194648e+00
1.348700000000000010e+01,1.650000000000000000e+03,1.800000000000000000e+03,5.013248538499137652e-02,2.736203745160024070e-01,-1.097245372222194648e+00
1.350399999999999956e+01,1.650000000000000000e+03,1.800000000000000000e+03,5.180723105285789387e-02,2.748171131759438168e-01,-1.107407576479736644e+00
1.352200000000000024e+01,1.650000000000000000e+03,1.800000000000000000e+03,5.390553584288104716e-02,2.759911928044331830e-01,-1.103626900187014037e+00
1.353899999999999970e+01,1.650000000000000000e+03,1.800000000000000000e+03,5.390553584288104716e-02,2.759911928044331830e-01,-1.103626900187014037e+00
1.355599999999999916e+01,1.650000000000000000e+03,1.800000000000000000e+03,5.470454441298766568e-02,2.798174607636338962e-01,-1.098251411312828996e+00
1.357300000000000040e+01,1.650000000000000000e+03,1.800000000000000000e+03,5.470454441298766568e-02,2.798174607636338962e-01,-1.098251411312828996e+00
1.358999999999999986e+01,1.650000000000000000e+03,1.800000000000000000e+03,5.682030517621239341e-02,2.797015983347446166e-01,-1.108416007105901269e+00
1.360800000000000054e+01,1.650000000000000000e+03,1.800000000000000000e+03,6.182747866745819110e-02,2.858880755774713123e-01,-1.109425317780096121e+00
1.362500000000000000e+01,1.650000000000000000e+03,1.800000000000000000e+03,6.182747866745819110e-02,2.858880755774713123e-01,-1.109425317780096121e+00
1.364199999999999946e+01,1.650000000000000000e+03,1.800000000000000000e+03,6.182747866745819110e-02,2.858880755774713123e-01,-1.109425317780096121e+00
1.366000000000000014e+01,1.650000000000000000e+03,1.800000000000000000e+03,6.394518497301149296e-02,2.857720422896514734e-01,-1.119710601160216035e+00
1.367699999999999960e+01,1.650000000000000000e+03,1.800000000000000000e+03,6.394518497301149296e-02,2.857720422896514734e-01,-1.119710601160216035e+00
1.369400000000000084e+01,1.650000000000000000e+03,1.800000000000000000e+03,6.604965231513348911e-02,2.869504794096595646e-01,-1.130114059223185974e+00
1.371100000000000030e+01,1.650000000000000000e+03,1.800000000000000000e+03,6.859119066625618544e-02,2.868112502891291271e-01,-1.120382566066095098e+00
1.372799999999999976e+01,1.650000000000000000e+03,1.800000000000000000e+03,6.859119066625618544e-02,2.868112502891291271e-01,-1.120382566066095098e+00
1.374600000000000044e+01,1.650000000000000000e+03,1.800000000000000000e+03,6.859119066625618544e-02,2.868112502891291271e-01,-1.120382566066095098e+00
1.376299999999999990e+01,1.650000000000000000e+03,1.800000000000000000e+03,7.573629956458116652e-02,2.928962580649514535e-01,-1.131808048821000945e+00
1.377999999999999936e+01,1.650000000000000000e+03,1.800000000000000000e+03,7.573629956458116652e-02,2.928962580649514535e-01,-1.131808048821000945e+00
1.379700000000000060e+01,1.650000000000000000e+03,1.800000000000000000e+03,7.698667923330848595e-02,2.954220930077031682e-01,-1.136776088493505865e+00
1.381400000000000006e+01,1.650000000000000000e+03,1.800000000000000000e+03,7.698667923330848595e-02,2.954220930077031682e-01,-1.136776088493505865e+00
1.383200000000000074e+01,1.650000000000000000e+03,1.800000000000000000e+03,7.698667923330848595e-02,2.954220930077031682e-01,-1.136776088493505865e+00
1.384900000000000020e+01,1.650000000000000000e+03,1.800000000000000000e+03,7.909704094931502283e-02,2.966043746886963817e-01,-1.142668020192969980e+00
1.386599999999999966e+01,1.650000000000000000e+03,1.800000000000000000e+03,7.909704094931502283e-02,2.966043746886963817e-01,-1.142668020192969980e+00
1.388299999999999912e+01,1.650000000000000000e+03,1.800000000000000000e+03,9.557138234866746629e-02,3.087098409709163604e-01,-1.156044044064045151e+00
1.390000000000000036e+01,1.650000000000000000e+03,1.800000000000000000e+03,9.640180090659411505e-02,3.125776391612982152e-01,-1.156368780426462628e+00
1.391699999999999982e+01,1.650000000000000000e+03,1.800000000000000000e+03,9.640180090659411505e-02,3.125776391612982152e-01,-1.156368780426462628e+00
1.393599999999999994e+01,1.650000000000000000e+03,1.800000000000000000e+03,9.852197886419733486e-02,3.137666937596286232e-01,-1.167130392531867233e+00
1.395299999999999940e+01,1.650000000000000000e+03,1.800000000000000000e+03,1.002175838125971552e-01,3.149796048954955907e-01,-1.174526176301684988e+00
1.397000000000000064e+01,1.650000000000000000e+03,1.800000000000000000e+03,1.002175838125971552e-01,3.149796048954955907e-01,-1.174526176301684988e+00
1.398700000000000010e+01,1.650000000000000000e+03,1.800000000000000000e+03,1.031953313254028171e-01,3.148159319801857592e-01,-1.167833714351196539e+00
1.400399999999999956e+01,1.650000000000000000e+03,1.800000000000000000e+03,1.040315551981696451e-01,3.186914903299351565e-01,-1.178793371580338700e+00
1.402200000000000024e+01,1.650000000000000000e+03,1.800000000000000000e+03,1.040315551981696451e-01,3.186914903299351565e-01,-1.178793371580338700e+00
1.403800000000000026e+01,1.650000000000000000e+03,1.800000000000000000e+03,1.095501613028568855e-01,3.236242811031155853e-01,-1.179817009280805573e+00
1.405599999999999916e+01,1.650000000000000000e+03,1.800000000000000000e+03,1.095501613028568855e-01,3.236242811031155853e-01,-1.179817009280805573e+00
1.407300000000000040e+01,1.650000000000000000e+03,1.800000000000000000e+03,1.121059289233363732e-01,3.234836122874478193e-01,-1.193655758585535409e+00
1.408999999999999986e+01,1.650000000000000000e+03,1.800000000000000000e+03,1.121059289233363732e-01,3.234836122874478193e-01,-1.193655758585535409e+00
1.410699999999999932e+01,1.650000000000000000e+03,1.800000000000000000e+03,1.146615572494840141e-01,3.233429722661060879e-01,-1.199183720055542191e+00
1.412500000000000000e+01,1.650000000000000000e+03,1.800000000000000000e+03,1.206193545687546109e-01,3.282598518478740957e-01,-1.195160814900250168e+00
1.414300000000000068e+01,1.650000000000000000e+03,1.800000000000000000e+03,1.206193545687546109e-01,3.282598518478740957e-01,-1.195160814900250168e+00
1.416000000000000014e+01,1.650000000000000000e+03,1.800000000000000000e+03,1.223234882391455169e-01,3.294785685680787779e-01,-1.205885591698048875e+00
1.417699999999999960e+01,1.650000000000000000e+03,1.800000000000000000e+03,1.223234882391455169e-01,3.294785685680787779e-01,-1.205885591698048875e+00
1.419500000000000028e+01,1.650000000000000000e+03,1.800000000000000000e+03,1.236013678565424101e-01,3.320349727034122012e-01,-1.203660270506253349e+00
1.421199999999999974e+01,1.650000000000000000e+03,1.800000000000000000e+03,1.265867781841214512e-01,3.318704614474947689e-01,-1.204144106881553489e+00
1.423000000000000043e+01,1.650000000000000000e+03,1.800000000000000000e+03,1.265867781841214512e-01,3.318704614474947689e-01,-1.204144106881553489e+00
1.424699999999999989e+01,1.650000000000000000e+03,1.800000000000000000e+03,1.321346360155231103e-01,3.355088673986301728e-01,-1.217984077221957673e+00
1.426399999999999935e+01,1.650000000000000000e+03,1.800000000000000000e+03,1.321346360155231103e-01,3.355088673986301728e-01,-1.217984077221957673e+00
1.428100000000000058e+01,1.650000000000000000e+03,1.800000000000000000e+03,1.346948035290869150e-01,3.353677222070770014e-01,-1.228916052924752034e+00
1.429800000000000004e+01,1.650000000000000000e+03,1.800000000000000000e+03,1.364037879061523739e-01,3.365892734778608286e-01,-1.239948749409035544e+00
1.431499999999999950e+01,1.650000000000000000e+03,1.800000000000000000e+03,1.364037879061523739e-01,3.365892734778608286e-01,-1.239948749409035544e+00
1.433200000000000074e+01,1.650000000000000000e+03,1.800000000000000000e+03,1.364037879061523739e-01,3.365892734778608286e-01,-1.239948749409035544e+00
1.434900000000000020e+01,1.650000000000000000e+03,1.800000000000000000e+03,1.389699893002036557e-01,3.390809360795525862e-01,-1.217129644985276649e+00
1.436599999999999966e+01,1.650000000000000000e+03,1.800000000000000000e+03,1.389699893002036557e-01,3.390809360795525862e-01,-1.217129644985276649e+00
1.438299999999999912e+01,1.650000000000000000e+03,1.800000000000000000e+03,1.548081346266474423e-01,3.474397727793201440e-01,-1.243246312802095632e+00
1.439899999999999913e+01,1.650000000000000000e+03,1.800000000000000000e+03,1.548081346266474423e-01,3.474397727793201440e-01,-1.243246312802095632e+00
1.441699999999999982e+01,1.650000000000000000e+03,1.800000000000000000e+03,1.578001852147086215e-01,3.472744695468534815e-01,-1.254386494537780949e+00
1.443399999999999928e+01,1.650000000000000000e+03,1.800000000000000000e+03,1.595098484998609401e-01,3.471800197508434493e-01,-1.254637942639127202e+00
1.445100000000000051e+01,1.650000000000000000e+03,1.800000000000000000e+03,1.595098484998609401e-01,3.471800197508434493e-01,-1.254637942639127202e+00
1.446899999999999942e+01,1.650000000000000000e+03,1.800000000000000000e+03,1.616625741659936111e-01,3.497038556960774258e-01,-1.254286197196910146e+00
1.448600000000000065e+01,1.650000000000000000e+03,1.800000000000000000e+03,1.616625741659936111e-01,3.497038556960774258e-01,-1.254286197196910146e+00
1.450300000000000011e+01,1.650000000000000000e+03,1.800000000000000000e+03,1.616625741659936111e-01,3.497038556960774258e-01,-1.254286197196910146e+00
1.451999999999999957e+01,1.650000000000000000e+03,1.800000000000000000e+03,1.698245966530924633e-01,3.545446487097612120e-01,-1.267409267801707484e+00
1.453700000000000081e+01,1.650000000000000000e+03,1.800000000000000000e+03,1.741139162357716597e-01,3.556316773354417649e-01,-1.267739372891838689e+00
1.455400000000000027e+01,1.650000000000000000e+03,1.800000000000000000e+03,1.741139162357716597e-01,3.556316773354417649e-01,-1.267739372891838689e+00
1.457099999999999973e+01,1.650000000000000000e+03,1.800000000000000000e+03,1.741139162357716597e-01,3.556316773354417649e-01,-1.267739372891838689e+00
1.458799999999999919e+01,1.650000000000000000e+03,1.800000000000000000e+03,1.741139162357716597e-01,3.556316773354417649e-01,-1.267739372891838689e+00
1.460500000000000043e+01,1.650000000000000000e+03,1.800000000000000000e+03,1.771094487721658339e-01,3.554658995256980702e-01,-1.279513857763076690e+00
1.462199999999999989e+01,1.650000000000000000e+03,1.800000000000000000e+03,1.771094487721658339e-01,3.554658995256980702e-01,-1.279513857763076690e+00
1.464000000000000057e+01,1.650000000000000000e+03,1.800000000000000000e+03,1.827097015598311280e-01,3.591320732133640448e-01,-1.280537473857825459e+00
1.465700000000000003e+01,1.650000000000000000e+03,1.800000000000000000e+03,1.827097015598311280e-01,3.591320732133640448e-01,-1.280537473857825459e+00
1.467399999999999949e+01,1.650000000000000000e+03,1.800000000000000000e+03,1.852785852651757104e-01,3.589897905367518405e-01,-1.291971617984606802e+00
1.469100000000000072e+01,1.650000000000000000e+03,1.800000000000000000e+03,1.852785852651757104e-01,3.589897905367518405e-01,-1.291971617984606802e+00
1.470800000000000018e+01,1.650000000000000000e+03,1.800000000000000000e+03,1.852785852651757104e-01,3.589897905367518405e-01,-1.291971617984606802e+00
1.472499999999999964e+01,1.650000000000000000e+03,1.800000000000000000e+03,1.874463929919234495e-01,3.615231875265489947e-01,-1.281305187522897127e+00
1.474200000000000088e+01,1.650000000000000000e+03,1.800000000000000000e+03,1.938856325740168085e-01,3.624938284810115263e-01,-1.303698124186972951e+00
1.475900000000000034e+01,1.650000000000000000e+03,1.800000000000000000e+03,1.938856325740168085e-01,3.624938284810115263e-01,-1.303698124186972951e+00
1.477599999999999980e+01,1.650000000000000000e+03,1.800000000000000000e+03,1.952166059494773176e-01,3.664059453651713483e-01,-1.293767880278526405e+00
1.479299999999999926e+01,1.650000000000000000e+03,1.800000000000000000e+03,1.952166059494773176e-01,3.664059453651713483e-01,-1.293767880278526405e+00
1.481000000000000050e+01,1.650000000000000000e+03,1.800000000000000000e+03,1.977882829341279791e-01,3.662632576798809936e-01,-1.305296258142256471e+00
1.482699999999999996e+01,1.650000000000000000e+03,1.800000000000000000e+03,2.007884151927177285e-01,3.660967938093673268e-01,-1.305816021034337027e+00
1.484500000000000064e+01,1.650000000000000000e+03,1.800000000000000000e+03,2.007884151927177285e-01,3.660967938093673268e-01,-1.305816021034337027e+00
1.486200000000000010e+01,1.650000000000000000e+03,1.800000000000000000e+03,2.029312632536028893e-01,3.659778938682345384e-01,-1.306075944548109824e+00
1.487899999999999956e+01,1.650000000000000000e+03,1.800000000000000000e+03,2.029312632536028893e-01,3.659778938682345384e-01,-1.306075944548109824e+00
1.489600000000000080e+01,1.650000000000000000e+03,1.800000000000000000e+03,2.197670245040677095e-01,3.730287030563514961e-01,-1.331477019291539055e+00
1.491399999999999970e+01,1.650000000000000000e+03,1.800000000000000000e+03,2.227699121893604861e-01,3.728617385963195474e-01,-1.332004522113344525e+00
1.493099999999999916e+01,1.650000000000000000e+03,1.800000000000000000e+03,2.227699121893604861e-01,3.728617385963195474e-01,-1.332004522113344525e+00
1.494800000000000040e+01,1.650000000000000000e+03,1.800000000000000000e+03,2.249147307758601055e-01,3.727424765774616233e-01,-1.332268312331021720e+00
1.496599999999999930e+01,1.650000000000000000e+03,1.800000000000000000e+03,2.266751393963051253e-01,3.753107115731078025e-01,-1.346334111494860819e+00
1.498199999999999932e+01,1.650000000000000000e+03,1.800000000000000000e+03,2.266751393963051253e-01,3.753107115731078025e-01,-1.346334111494860819e+00
1.499900000000000055e+01,1.650000000000000000e+03,1.800000000000000000e+03,2.339938244081751773e-01,3.762372697663280974e-01,-1.359490480928649436e+00
1.501600000000000001e+01,1.650000000000000000e+03,1.800000000000000000e+03,2.339938244081751773e-01,3.762372697663280974e-01,-1.359490480928649436e+00
1.503400000000000070e+01,1.650000000000000000e+03,1.800000000000000000e+03,2.349004452274778831e-01,3.788561549966251718e-01,-1.356960615804921888e+00
1.505100000000000016e+01,1.650000000000000000e+03,1.800000000000000000e+03,2.383351566716405134e-01,3.786648215774404136e-01,-1.357495134098592793e+00
1.506799999999999962e+01,1.650000000000000000e+03,1.800000000000000000e+03,2.383351566716405134e-01,3.786648215774404136e-01,-1.357495134098592793e+00
1.508500000000000085e+01,1.650000000000000000e+03,1.800000000000000000e+03,2.400524325771691281e-01,3.785691511214981375e-01,-1.357762428382122133e+00
1.510299999999999976e+01,1.650000000000000000e+03,1.800000000000000000e+03,2.400524325771691281e-01,3.785691511214981375e-01,-1.357762428382122133e+00
1.511999999999999922e+01,1.650000000000000000e+03,1.800000000000000000e+03,2.465719612240231395e-01,3.822137352214953765e-01,-1.373744396255238032e+00
1.513799999999999990e+01,1.650000000000000000e+03,1.800000000000000000e+03,2.500082352393138141e-01,3.820220670845424493e-01,-1.374283168909509412e+00
1.515499999999999936e+01,1.650000000000000000e+03,1.800000000000000000e+03,2.500082352393138141e-01,3.820220670845424493e-01,-1.374283168909509412e+00
1.517200000000000060e+01,1.650000000000000000e+03,1.800000000000000000e+03,2.517262932536858955e-01,3.819262275157004893e-01,-1.374552587841353368e+00
1.518900000000000006e+01,1.650000000000000000e+03,1.800000000000000000e+03,2.517262932536858955e-01,3.819262275157004893e-01,-1.374552587841353368e+00
1.520599999999999952e+01,1.650000000000000000e+03,1.800000000000000000e+03,2.517262932536858955e-01,3.819262275157004893e-01,-1.374552587841353368e+00
1.522300000000000075e+01,1.650000000000000000e+03,1.800000000000000000e+03,2.612346793281576929e-01,3.840700283074252042e-01,-1.384383607700947705e+00
1.524000000000000021e+01,1.650000000000000000e+03,1.800000000000000000e+03,2.612346793281576929e-01,3.840700283074252042e-01,-1.384383607700947705e+00
1.525699999999999967e+01,1.650000000000000000e+03,1.800000000000000000e+03,2.634132677148441903e-01,3.852863788046283489e-01,-1.384924844054735038e+00
1.527500000000000036e+01,1.650000000000000000e+03,1.800000000000000000e+03,2.655617502810754260e-01,3.851663505534101972e-01,-1.385195493285365620e+00
1.529199999999999982e+01,1.650000000000000000e+03,1.800000000000000000e+03,2.655617502810754260e-01,3.851663505534101972e-01,-1.385195493285365620e+00
1.530899999999999928e+01,1.650000000000000000e+03,1.800000000000000000e+03,2.677101516897464339e-01,3.850463141565585445e-01,-1.397312262973366526e+00
1.532600000000000051e+01,1.650000000000000000e+03,1.800000000000000000e+03,2.677101516897464339e-01,3.850463141565585445e-01,-1.397312262973366526e+00
1.534299999999999997e+01,1.650000000000000000e+03,1.800000000000000000e+03,2.698904123357228624e-01,3.862629768443026634e-01,-1.397584362924995327e+00
1.535999999999999943e+01,1.650000000000000000e+03,1.800000000000000000e+03,2.896918822966139118e-01,3.864942670778814815e-01,-1.424496811583026989e+00
1.537700000000000067e+01,1.650000000000000000e+03,1.800000000000000000e+03,2.896918822966139118e-01,3.864942670778814815e-01,-1.424496811583026989e+00
1.539400000000000013e+01,1.650000000000000000e+03,1.800000000000000000e+03,2.914473753650153043e-01,3.877353063003639022e-01,-1.424771733887644887e+00
1.541099999999999959e+01,1.650000000000000000e+03,1.800000000000000000e+03,2.944557625037500515e-01,3.875668217363763546e-01,-1.425321627065431862e+00
1.542800000000000082e+01,1.650000000000000000e+03,1.800000000000000000e+03,2.944557625037500515e-01,3.875668217363763546e-01,-1.425321627065431862e+00
1.544500000000000028e+01,1.650000000000000000e+03,1.800000000000000000e+03,2.944557625037500515e-01,3.875668217363763546e-01,-1.425321627065431862e+00
1.546199999999999974e+01,1.650000000000000000e+03,1.800000000000000000e+03,2.944557625037500515e-01,3.875668217363763546e-01,-1.425321627065431862e+00
1.548099999999999987e+01,1.650000000000000000e+03,1.800000000000000000e+03,2.991829140229407269e-01,3.873020117459615719e-01,-1.437926840954873997e+00
1.549799999999999933e+01,1.650000000000000000e+03,1.800000000000000000e+03,3.056682920825921634e-01,3.882782369948865053e-01,-1.439031690491953785e+00
1.551500000000000057e+01,1.650000000000000000e+03,1.800000000000000000e+03,3.056682920825921634e-01,3.882782369948865053e-01,-1.439031690491953785e+00
1.553200000000000003e+01,1.650000000000000000e+03,1.800000000000000000e+03,3.083278192606107027e-01,3.908101105269148334e-01,-1.439459254013568001e+00
1.554899999999999949e+01,1.650000000000000000e+03,1.800000000000000000e+03,3.083278192606107027e-01,3.908101105269148334e-01,-1.439459254013568001e+00
1.556600000000000072e+01,1.650000000000000000e+03,1.800000000000000000e+03,3.083278192606107027e-01,3.908101105269148334e-01,-1.439459254013568001e+00
1.558300000000000018e+01,1.650000000000000000e+03,1.800000000000000000e+03,3.130985505789058987e-01,3.918836732837878145e-01,-1.452120689832535172e+00
1.559999999999999964e+01,1.650000000000000000e+03,1.800000000000000000e+03,3.130985505789058987e-01,3.918836732837878145e-01,-1.452120689832535172e+00
1.561700000000000088e+01,1.650000000000000000e+03,1.800000000000000000e+03,3.130985505789058987e-01,3.918836732837878145e-01,-1.452120689832535172e+00
1.563499999999999979e+01,1.650000000000000000e+03,1.800000000000000000e+03,3.217414618063587639e-01,3.927399857224278534e-01,-1.465673821828725965e+00
1.565199999999999925e+01,1.650000000000000000e+03,1.800000000000000000e+03,3.217414618063587639e-01,3.927399857224278534e-01,-1.465673821828725965e+00
1.566999999999999993e+01,1.650000000000000000e+03,1.800000000000000000e+03,3.243216193555720217e-01,3.925949640514669881e-01,-1.478167536790282233e+00
1.568699999999999939e+01,1.650000000000000000e+03,1.800000000000000000e+03,3.269463028968688789e-01,3.937896621738481429e-01,-1.466509340951561713e+00
1.570400000000000063e+01,1.650000000000000000e+03,1.800000000000000000e+03,3.269463028968688789e-01,3.937896621738481429e-01,-1.466509340951561713e+00
1.574399999999999977e+01,1.650000000000000000e+03,1.800000000000000000e+03,3.287567534188318152e-01,3.963740454845865457e-01,-1.486191979030635046e+00
1.576099999999999923e+01,1.650000000000000000e+03,1.800000000000000000e+03,3.287567534188318152e-01,3.963740454845865457e-01,-1.486191979030635046e+00
1.577899999999999991e+01,1.650000000000000000e+03,1.800000000000000000e+03,3.287567534188318152e-01,3.963740454845865457e-01,-1.486191979030635046e+00
1.579599999999999937e+01,1.650000000000000000e+03,1.800000000000000000e+03,3.287567534188318152e-01,3.963740454845865457e-01,-1.486191979030635046e+00
1.581300000000000061e+01,1.650000000000000000e+03,1.800000000000000000e+03,3.287567534188318152e-01,3.963740454845865457e-01,-1.486191979030635046e+00
1.583000000000000007e+01,1.650000000000000000e+03,1.800000000000000000e+03,3.287567534188318152e-01,3.963740454845865457e-01,-1.486191979030635046e+00
1.584699999999999953e+01,1.650000000000000000e+03,1.800000000000000000e+03,3.330593101627228325e-01,3.961318493843242194e-01,-1.487032031962429945e+00
1.587100000000000044e+01,1.650000000000000000e+03,1.800000000000000000e+03,3.430022387430740061e-01,3.969155724004362895e-01,-1.501207573487784108e+00
1.588899999999999935e+01,1.650000000000000000e+03,1.800000000000000000e+03,3.430022387430740061e-01,3.969155724004362895e-01,-1.501207573487784108e+00
1.590600000000000058e+01,1.650000000000000000e+03,1.800000000000000000e+03,3.456325870073262418e-01,3.981115961163910200e-01,-1.488992444430236484e+00
1.592300000000000004e+01,1.650000000000000000e+03,1.800000000000000000e+03,3.456325870073262418e-01,3.981115961163910200e-01,-1.488992444430236484e+00
1.594100000000000072e+01,1.650000000000000000e+03,1.800000000000000000e+03,3.589716717251734135e-01,3.973588976123911820e-01,-1.516559470065502957e+00
1.595800000000000018e+01,1.650000000000000000e+03,1.800000000000000000e+03,3.685441309414647648e-01,3.995077812525158478e-01,-1.530831355549074679e+00
1.597499999999999964e+01,1.650000000000000000e+03,1.800000000000000000e+03,3.685441309414647648e-01,3.995077812525158478e-01,-1.530831355549074679e+00
1.599200000000000088e+01,1.650000000000000000e+03,1.800000000000000000e+03,3.710718029020680930e-01,3.980197721226650387e-01,-1.518531532850598609e+00
1.600900000000000034e+01,1.650000000000000000e+03,1.800000000000000000e+03,3.710718029020680930e-01,3.980197721226650387e-01,-1.518531532850598609e+00
1.602599999999999980e+01,1.650000000000000000e+03,1.800000000000000000e+03,3.736532779039531960e-01,3.978737858500096536e-01,-1.531678489453953684e+00
1.604299999999999926e+01,1.650000000000000000e+03,1.800000000000000000e+03,3.736532779039531960e-01,3.978737858500096536e-01,-1.531678489453953684e+00
1.606099999999999994e+01,1.650000000000000000e+03,1.800000000000000000e+03,3.736532779039531960e-01,3.978737858500096536e-01,-1.531678489453953684e+00
1.607799999999999940e+01,1.650000000000000000e+03,1.800000000000000000e+03,3.810235339448626579e-01,3.988016753418612836e-01,-1.532808030394912757e+00
1.609499999999999886e+01,1.650000000000000000e+03,1.800000000000000000e+03,3.810235339448626579e-01,3.988016753418612836e-01,-1.532808030394912757e+00
1.611199999999999832e+01,1.650000000000000000e+03,1.800000000000000000e+03,3.834907011308945624e-01,3.959728554262893496e-01,-1.536765083889860550e+00
1.612900000000000134e+01,1.650000000000000000e+03,1.800000000000000000e+03,3.865011286772404020e-01,3.958024440208181005e-01,-1.546484106475846776e+00
1.614699999999999847e+01,1.650000000000000000e+03,1.800000000000000000e+03,3.865011286772404020e-01,3.958024440208181005e-01,-1.546484106475846776e+00
1.616400000000000148e+01,1.650000000000000000e+03,1.800000000000000000e+03,3.890813769946603884e-01,3.956563414522014099e-01,-1.559706314743880107e+00
1.618100000000000094e+01,1.650000000000000000e+03,1.800000000000000000e+03,3.912315006925806138e-01,3.955345638962306509e-01,-1.547332910620512259e+00
1.619800000000000040e+01,1.650000000000000000e+03,1.800000000000000000e+03,3.912315006925806138e-01,3.955345638962306509e-01,-1.547332910620512259e+00
1.621499999999999986e+01,1.650000000000000000e+03,1.800000000000000000e+03,3.942415468655087185e-01,3.953640360812258336e-01,-1.560556458011976844e+00
1.623199999999999932e+01,1.650000000000000000e+03,1.800000000000000000e+03,3.942415468655087185e-01,3.953640360812258336e-01,-1.560556458011976844e+00
1.624899999999999878e+01,1.650000000000000000e+03,1.800000000000000000e+03,4.019197130119158690e-01,3.935854261540914223e-01,-1.574654398694478763e+00
1.626599999999999824e+01,1.650000000000000000e+03,1.800000000000000000e+03,4.036390759927062089e-01,3.934879422255770365e-01,-1.574938112009562019e+00
1.628399999999999892e+01,1.650000000000000000e+03,1.800000000000000000e+03,4.036390759927062089e-01,3.934879422255770365e-01,-1.574938112009562019e+00
1.630199999999999960e+01,1.650000000000000000e+03,1.800000000000000000e+03,4.066478453370696577e-01,3.933173075725573398e-01,-1.575505525809157703e+00
1.631899999999999906e+01,1.650000000000000000e+03,1.800000000000000000e+03,4.084297730067403265e-01,3.945594864741828189e-01,-1.588488498983811281e+00
1.633599999999999852e+01,1.650000000000000000e+03,1.800000000000000000e+03,4.084297730067403265e-01,3.945594864741828189e-01,-1.588488498983811281e+00
1.635399999999999920e+01,1.650000000000000000e+03,1.800000000000000000e+03,4.165327648586645282e-01,3.927563061955732238e-01,-1.589908182539361503e+00
1.637099999999999866e+01,1.650000000000000000e+03,1.800000000000000000e+03,4.359370059943425968e-01,3.929960033815795839e-01,-1.605745348489073576e+00
1.638800000000000168e+01,1.650000000000000000e+03,1.800000000000000000e+03,4.359370059943425968e-01,3.929960033815795839e-01,-1.605745348489073576e+00
1.640500000000000114e+01,1.650000000000000000e+03,1.800000000000000000e+03,4.359370059943425968e-01,3.929960033815795839e-01,-1.605745348489073576e+00
1.642200000000000060e+01,1.650000000000000000e+03,1.800000000000000000e+03,4.388060364350454545e-01,3.901477045390882026e-01,-1.619302418733495896e+00
1.643900000000000006e+01,1.650000000000000000e+03,1.800000000000000000e+03,4.388060364350454545e-01,3.901477045390882026e-01,-1.619302418733495896e+00
1.645599999999999952e+01,1.650000000000000000e+03,1.800000000000000000e+03,4.495424611925242786e-01,3.895362145098131279e-01,-1.634025542618708249e+00
1.647400000000000020e+01,1.650000000000000000e+03,1.800000000000000000e+03,4.495424611925242786e-01,3.895362145098131279e-01,-1.634025542618708249e+00
1.648999999999999844e+01,1.650000000000000000e+03,1.800000000000000000e+03,4.521189259632694135e-01,3.893893521458871021e-01,-1.634309403143079376e+00
1.650700000000000145e+01,1.650000000000000000e+03,1.800000000000000000e+03,4.521189259632694135e-01,3.893893521458871021e-01,-1.634309403143079376e+00
1.652400000000000091e+01,1.650000000000000000e+03,1.800000000000000000e+03,4.521189259632694135e-01,3.893893521458871021e-01,-1.634309403143079376e+00
1.654200000000000159e+01,1.650000000000000000e+03,1.800000000000000000e+03,4.572715338709789634e-01,3.890955037091643476e-01,-1.635160904023503115e+00
1.655900000000000105e+01,1.650000000000000000e+03,1.800000000000000000e+03,4.572715338709789634e-01,3.890955037091643476e-01,-1.635160904023503115e+00
1.657600000000000051e+01,1.650000000000000000e+03,1.800000000000000000e+03,4.602770238469118258e-01,3.889240152288007124e-01,-1.649283932664724617e+00
1.659299999999999997e+01,1.650000000000000000e+03,1.800000000000000000e+03,4.674997583028412951e-01,3.871705167165409023e-01,-1.649884503989451190e+00
1.660999999999999943e+01,1.650000000000000000e+03,1.800000000000000000e+03,4.674997583028412951e-01,3.871705167165409023e-01,-1.649884503989451190e+00
1.662699999999999889e+01,1.650000000000000000e+03,1.800000000000000000e+03,4.697219002952568445e-01,3.883846770387995306e-01,-1.650701772823399471e+00
1.664499999999999957e+01,1.650000000000000000e+03,1.800000000000000000e+03,4.697219002952568445e-01,3.883846770387995306e-01,-1.650701772823399471e+00
1.666199999999999903e+01,1.650000000000000000e+03,1.800000000000000000e+03,4.722207803357936218e-01,3.869008373786844146e-01,-1.663470081627014707e+00
1.667899999999999849e+01,1.650000000000000000e+03,1.800000000000000000e+03,4.722207803357936218e-01,3.869008373786844146e-01,-1.663470081627014707e+00
1.669699999999999918e+01,1.650000000000000000e+03,1.800000000000000000e+03,4.722207803357936218e-01,3.869008373786844146e-01,-1.663470081627014707e+00
1.671399999999999864e+01,1.650000000000000000e+03,1.800000000000000000e+03,4.820908463466322402e-01,3.863364907705699736e-01,-1.665169248938163316e+00
1.673100000000000165e+01,1.650000000000000000e+03,1.800000000000000000e+03,4.820908463466322402e-01,3.863364907705699736e-01,-1.665169248938163316e+00
1.674800000000000111e+01,1.650000000000000000e+03,1.800000000000000000e+03,4.850149237781078426e-01,3.848289215077382863e-01,-1.693602035131575034e+00
1.676500000000000057e+01,1.650000000000000000e+03,1.800000000000000000e+03,4.850149237781078426e-01,3.848289215077382863e-01,-1.693602035131575034e+00
1.678200000000000003e+01,1.650000000000000000e+03,1.800000000000000000e+03,4.850149237781078426e-01,3.848289215077382863e-01,-1.693602035131575034e+00
1.679899999999999949e+01,1.650000000000000000e+03,1.800000000000000000e+03,4.871598062573414545e-01,3.847061723434457292e-01,-1.693884215312097652e+00
1.681599999999999895e+01,1.650000000000000000e+03,1.800000000000000000e+03,4.900818774244464215e-01,3.831993229027901293e-01,-1.694448507858055564e+00
1.683299999999999841e+01,1.650000000000000000e+03,1.800000000000000000e+03,4.900818774244464215e-01,3.831993229027901293e-01,-1.694448507858055564e+00
1.685000000000000142e+01,1.650000000000000000e+03,1.800000000000000000e+03,5.100647073024382472e-01,3.793771685315299180e-01,-1.737725716404409537e+00
1.686700000000000088e+01,1.650000000000000000e+03,1.800000000000000000e+03,5.134928207041267179e-01,3.791804600633632560e-01,-1.738285142831817787e+00
1.688500000000000156e+01,1.650000000000000000e+03,1.800000000000000000e+03,5.134928207041267179e-01,3.791804600633632560e-01,-1.738285142831817787e+00
1.690299999999999869e+01,1.650000000000000000e+03,1.800000000000000000e+03,5.152068062089467659e-01,3.790820745216416654e-01,-1.738564812125259484e+00
1.692000000000000171e+01,1.650000000000000000e+03,1.800000000000000000e+03,5.177776954494590633e-01,3.789344568962729198e-01,-1.725689133840006217e+00
1.693799999999999883e+01,1.650000000000000000e+03,1.800000000000000000e+03,5.177776954494590633e-01,3.789344568962729198e-01,-1.725689133840006217e+00
1.695499999999999829e+01,1.650000000000000000e+03,1.800000000000000000e+03,5.261695329000477539e-01,3.757783877231695158e-01,-1.753717829969839048e+00
1.697200000000000131e+01,1.650000000000000000e+03,1.800000000000000000e+03,5.261695329000477539e-01,3.757783877231695158e-01,-1.753717829969839048e+00
1.698900000000000077e+01,1.650000000000000000e+03,1.800000000000000000e+03,5.261695329000477539e-01,3.757783877231695158e-01,-1.753717829969839048e+00
1.700700000000000145e+01,1.650000000000000000e+03,1.800000000000000000e+03,5.283995823281826265e-01,3.769868115132188890e-01,-1.758554775610895016e+00
1.702400000000000091e+01,1.650000000000000000e+03,1.800000000000000000e+03,5.283995823281826265e-01,3.769868115132188890e-01,-1.758554775610895016e+00
1.704200000000000159e+01,1.650000000000000000e+03,1.800000000000000000e+03,5.283995823281826265e-01,3.769868115132188890e-01,-1.758554775610895016e+00
1.705900000000000105e+01,1.650000000000000000e+03,1.800000000000000000e+03,5.307903465662076048e-01,3.741767954574104493e-01,-1.754553351084566337e+00
1.707600000000000051e+01,1.650000000000000000e+03,1.800000000000000000e+03,5.333588846783761106e-01,3.740291117767258200e-01,-1.754831794423901359e+00
1.709299999999999997e+01,1.650000000000000000e+03,1.800000000000000000e+03,5.333588846783761106e-01,3.740291117767258200e-01,-1.754831794423901359e+00
1.710999999999999943e+01,1.650000000000000000e+03,1.800000000000000000e+03,5.421640126649560631e-01,3.708526099322932978e-01,-1.774776369360687500e+00
1.712699999999999889e+01,1.650000000000000000e+03,1.800000000000000000e+03,5.421640126649560631e-01,3.708526099322932978e-01,-1.774776369360687500e+00
1.714499999999999957e+01,1.650000000000000000e+03,1.800000000000000000e+03,5.467770458266332234e-01,3.692530898391188643e-01,-1.783526652902632570e+00
1.716300000000000026e+01,1.650000000000000000e+03,1.800000000000000000e+03,5.493432184757740533e-01,3.691053246265161292e-01,-1.770775146424644397e+00
1.717999999999999972e+01,1.650000000000000000e+03,1.800000000000000000e+03,5.493432184757740533e-01,3.691053246265161292e-01,-1.770775146424644397e+00
1.719800000000000040e+01,1.650000000000000000e+03,1.800000000000000000e+03,5.493432184757740533e-01,3.691053246265161292e-01,-1.770775146424644397e+00
1.721499999999999986e+01,1.650000000000000000e+03,1.800000000000000000e+03,5.548082290105240677e-01,3.674572093424748331e-01,-1.790667283124186326e+00
1.723300000000000054e+01,1.650000000000000000e+03,1.800000000000000000e+03,5.548082290105240677e-01,3.674572093424748331e-01,-1.790667283124186326e+00
1.725100000000000122e+01,1.650000000000000000e+03,1.800000000000000000e+03,5.624074184315805969e-01,3.656865373492301785e-01,-1.799365502065612077e+00
1.726800000000000068e+01,1.650000000000000000e+03,1.800000000000000000e+03,5.624074184315805969e-01,3.656865373492301785e-01,-1.799365502065612077e+00
1.728399999999999892e+01,1.650000000000000000e+03,1.800000000000000000e+03,5.640203872713744904e-01,3.642615748951296695e-01,-1.799639977921525746e+00
1.730099999999999838e+01,1.650000000000000000e+03,1.800000000000000000e+03,5.640203872713744904e-01,3.642615748951296695e-01,-1.799639977921525746e+00
1.731800000000000139e+01,1.650000000000000000e+03,1.800000000000000000e+03,5.640203872713744904e-01,3.642615748951296695e-01,-1.799639977921525746e+00
1.733500000000000085e+01,1.650000000000000000e+03,1.800000000000000000e+03,5.669141797320256249e-01,3.627633556115661406e-01,-1.806497972318262590e+00
1.735300000000000153e+01,1.650000000000000000e+03,1.800000000000000000e+03,5.669141797320256249e-01,3.627633556115661406e-01,-1.806497972318262590e+00
1.737000000000000099e+01,1.650000000000000000e+03,1.800000000000000000e+03,5.722705748323830832e-01,3.597936021598178158e-01,-1.801127839597804314e+00
1.738800000000000168e+01,1.650000000000000000e+03,1.800000000000000000e+03,5.896713585686350623e-01,3.574591940790670108e-01,-1.837266208011778978e+00
1.740500000000000114e+01,1.650000000000000000e+03,1.800000000000000000e+03,5.896713585686350623e-01,3.574591940790670108e-01,-1.837266208011778978e+00
1.742299999999999827e+01,1.650000000000000000e+03,1.800000000000000000e+03,5.915999541256136141e-01,3.546910759480494946e-01,-1.843350425489385103e+00
1.744000000000000128e+01,1.650000000000000000e+03,1.800000000000000000e+03,5.915999541256136141e-01,3.546910759480494946e-01,-1.843350425489385103e+00
1.745700000000000074e+01,1.650000000000000000e+03,1.800000000000000000e+03,5.945856976917649472e-01,3.545184181907270471e-01,-1.830839239173868593e+00
1.747400000000000020e+01,1.650000000000000000e+03,1.800000000000000000e+03,5.945856976917649472e-01,3.545184181907270471e-01,-1.830839239173868593e+00
1.749099999999999966e+01,1.650000000000000000e+03,1.800000000000000000e+03,6.059989922741164659e-01,3.472275448366053396e-01,-1.867043741715818106e+00
1.750799999999999912e+01,1.650000000000000000e+03,1.800000000000000000e+03,6.059989922741164659e-01,3.472275448366053396e-01,-1.867043741715818106e+00
1.752499999999999858e+01,1.650000000000000000e+03,1.800000000000000000e+03,6.059989922741164659e-01,3.472275448366053396e-01,-1.867043741715818106e+00
1.754200000000000159e+01,1.650000000000000000e+03,1.800000000000000000e+03,6.085547933047852354e-01,3.470796305628152112e-01,-1.854090814419632860e+00
1.755900000000000105e+01,1.650000000000000000e+03,1.800000000000000000e+03,6.085547933047852354e-01,3.470796305628152112e-01,-1.854090814419632860e+00
1.757600000000000051e+01,1.650000000000000000e+03,1.800000000000000000e+03,6.111104867571806043e-01,3.469316633677630435e-01,-1.867843382899051496e+00
1.759400000000000119e+01,1.650000000000000000e+03,1.800000000000000000e+03,nan,nan,nan
1.760999999999999943e+01,1.650000000000000000e+03,1.800000000000000000e+03,nan,nan,nan
1.762699999999999889e+01,1.650000000000000000e+03,1.800000000000000000e+03,6.164318595976321369e-01,3.439757062557866618e-01,-1.882205251471671392e+00
1.764399999999999835e+01,1.650000000000000000e+03,1.800000000000000000e+03,6.243009918198969554e-01,3.408744894444826201e-01,-1.870135416460592559e+00
1.766100000000000136e+01,1.650000000000000000e+03,1.800000000000000000e+03,6.243009918198969554e-01,3.408744894444826201e-01,-1.870135416460592559e+00
1.767899999999999849e+01,1.650000000000000000e+03,1.800000000000000000e+03,6.274844759863287269e-01,3.380472023405127757e-01,-1.897269945940254887e+00
1.769500000000000028e+01,1.650000000000000000e+03,1.800000000000000000e+03,6.274844759863287269e-01,3.380472023405127757e-01,-1.897269945940254887e+00
1.771300000000000097e+01,1.650000000000000000e+03,1.800000000000000000e+03,6.296107592715440848e-01,3.379239385397516671e-01,-1.897532288153487512e+00
1.773000000000000043e+01,1.650000000000000000e+03,1.800000000000000000e+03,6.330126565642473224e-01,3.377266387835851091e-01,-1.898056818014885350e+00
1.774699999999999989e+01,1.650000000000000000e+03,1.800000000000000000e+03,6.330126565642473224e-01,3.377266387835851091e-01,-1.898056818014885350e+00
1.776399999999999935e+01,1.650000000000000000e+03,1.800000000000000000e+03,6.404404827157561542e-01,3.346554793491121060e-01,-1.923017563545461384e+00
1.778099999999999881e+01,1.650000000000000000e+03,1.800000000000000000e+03,6.428769977089865417e-01,3.331949157030260622e-01,-1.899809914770797636e+00
1.779799999999999827e+01,1.650000000000000000e+03,1.800000000000000000e+03,6.428769977089865417e-01,3.331949157030260622e-01,-1.899809914770797636e+00
1.781500000000000128e+01,1.650000000000000000e+03,1.800000000000000000e+03,6.464725532804669328e-01,3.303497516790043775e-01,-1.937592796665609018e+00
1.783200000000000074e+01,1.650000000000000000e+03,1.800000000000000000e+03,6.464725532804669328e-01,3.303497516790043775e-01,-1.937592796665609018e+00
1.784900000000000020e+01,1.650000000000000000e+03,1.800000000000000000e+03,6.489059052978196629e-01,3.288911679114008280e-01,-1.938104953571995859e+00
1.786599999999999966e+01,1.650000000000000000e+03,1.800000000000000000e+03,6.510286375141709492e-01,3.287678919977805592e-01,-1.938360948230802405e+00
1.788299999999999912e+01,1.650000000000000000e+03,1.800000000000000000e+03,6.510286375141709492e-01,3.287678919977805592e-01,-1.938360948230802405e+00
1.789999999999999858e+01,1.650000000000000000e+03,1.800000000000000000e+03,6.709920308965107161e-01,3.184039640617752909e-01,-1.968409184959420077e+00
1.791700000000000159e+01,1.650000000000000000e+03,1.800000000000000000e+03,6.748056336925818410e-01,3.181820940041992785e-01,-1.995838361968257368e+00
1.793400000000000105e+01,1.650000000000000000e+03,1.800000000000000000e+03,6.763801686110559874e-01,3.167781739634500937e-01,-1.996084205805706446e+00
1.795100000000000051e+01,1.650000000000000000e+03,1.800000000000000000e+03,6.763801686110559874e-01,3.167781739634500937e-01,-1.996084205805706446e+00
1.796799999999999997e+01,1.650000000000000000e+03,1.800000000000000000e+03,6.763801686110559874e-01,3.167781739634500937e-01,-1.996084205805706446e+00
1.798499999999999943e+01,1.650000000000000000e+03,1.800000000000000000e+03,6.763801686110559874e-01,3.167781739634500937e-01,-1.996084205805706446e+00
1.800199999999999889e+01,1.650000000000000000e+03,1.800000000000000000e+03,6.809184871781761572e-01,3.152023309595559653e-01,-1.970136227536530393e+00
1.801999999999999957e+01,1.650000000000000000e+03,1.800000000000000000e+03,6.888958145012711309e-01,3.094972171236065606e-01,-1.997671680991351506e+00
1.803699999999999903e+01,1.650000000000000000e+03,1.800000000000000000e+03,6.888958145012711309e-01,3.094972171236065606e-01,-1.997671680991351506e+00
1.805399999999999849e+01,1.650000000000000000e+03,1.800000000000000000e+03,6.910110976290266827e-01,3.093740106376534627e-01,-1.997917051985453218e+00
1.807100000000000151e+01,1.650000000000000000e+03,1.800000000000000000e+03,6.942713687469510564e-01,3.078754471699935991e-01,-2.025991271847532360e+00
1.808800000000000097e+01,1.650000000000000000e+03,1.800000000000000000e+03,6.942713687469510564e-01,3.078754471699935991e-01,-2.025991271847532360e+00
1.810500000000000043e+01,1.650000000000000000e+03,1.800000000000000000e+03,6.968089135618729113e-01,3.077275500084226678e-01,-2.013063420259515457e+00
1.812199999999999989e+01,1.650000000000000000e+03,1.800000000000000000e+03,6.968089135618729113e-01,3.077275500084226678e-01,-2.013063420259515457e+00
1.813899999999999935e+01,1.650000000000000000e+03,1.800000000000000000e+03,6.968089135618729113e-01,3.077275500084226678e-01,-2.013063420259515457e+00
1.815599999999999881e+01,1.650000000000000000e+03,1.800000000000000000e+03,7.070431683649778254e-01,2.992920420806512993e-01,-2.013552129166449767e+00
1.817299999999999827e+01,1.650000000000000000e+03,1.800000000000000000e+03,7.070431683649778254e-01,2.992920420806512993e-01,-2.013552129166449767e+00
1.819000000000000128e+01,1.650000000000000000e+03,1.800000000000000000e+03,7.070431683649778254e-01,2.992920420806512993e-01,-2.013552129166449767e+00
1.820700000000000074e+01,1.650000000000000000e+03,1.800000000000000000e+03,7.094497433003605913e-01,2.978473298221535615e-01,-2.054782857187104295e+00
1.822500000000000142e+01,1.650000000000000000e+03,1.800000000000000000e+03,7.121496158243219021e-01,2.950828859227065948e-01,-2.027342367745640139e+00
1.824200000000000088e+01,1.650000000000000000e+03,1.800000000000000000e+03,7.121496158243219021e-01,2.950828859227065948e-01,-2.027342367745640139e+00
1.825900000000000034e+01,1.650000000000000000e+03,1.800000000000000000e+03,7.153970280608272780e-01,2.935909088254398114e-01,-2.055988108461288544e+00
1.827599999999999980e+01,1.650000000000000000e+03,1.800000000000000000e+03,7.206221716687664092e-01,2.906827198752583996e-01,-2.028792917501545112e+00
1.829200000000000159e+01,1.650000000000000000e+03,1.800000000000000000e+03,7.206221716687664092e-01,2.906827198752583996e-01,-2.028792917501545112e+00
1.830900000000000105e+01,1.650000000000000000e+03,1.800000000000000000e+03,7.206221716687664092e-01,2.906827198752583996e-01,-2.028792917501545112e+00
1.832600000000000051e+01,1.650000000000000000e+03,1.800000000000000000e+03,7.307946326089371780e-01,2.822932101601134391e-01,-2.071564262165306758e+00
1.834299999999999997e+01,1.650000000000000000e+03,1.800000000000000000e+03,7.307946326089371780e-01,2.822932101601134391e-01,-2.071564262165306758e+00
1.835999999999999943e+01,1.650000000000000000e+03,1.800000000000000000e+03,7.431746282357509781e-01,2.750902550682567949e-01,-2.103816178442981855e+00
1.837699999999999889e+01,1.650000000000000000e+03,1.800000000000000000e+03,7.431746282357509781e-01,2.750902550682567949e-01,-2.103816178442981855e+00
1.839499999999999957e+01,1.650000000000000000e+03,1.800000000000000000e+03,7.431746282357509781e-01,2.750902550682567949e-01,-2.103816178442981855e+00
1.841199999999999903e+01,1.650000000000000000e+03,1.800000000000000000e+03,7.455630178037930822e-01,2.736565083306663482e-01,-2.099339993209885513e+00
1.842899999999999849e+01,1.650000000000000000e+03,1.800000000000000000e+03,7.475300207994830526e-01,2.722479457563915517e-01,-2.087180604914592674e+00
1.844600000000000151e+01,1.650000000000000000e+03,1.800000000000000000e+03,7.475300207994830526e-01,2.722479457563915517e-01,-2.087180604914592674e+00
1.846399999999999864e+01,1.650000000000000000e+03,1.800000000000000000e+03,7.555251682233077304e-01,2.679034107511100160e-01,-2.113193106841325886e+00
1.848100000000000165e+01,1.650000000000000000e+03,1.800000000000000000e+03,7.594498585508613342e-01,2.650920357311825626e-01,-2.144830206785498738e+00
1.849800000000000111e+01,1.650000000000000000e+03,1.800000000000000000e+03,7.594498585508613342e-01,2.650920357311825626e-01,-2.144830206785498738e+00
1.851599999999999824e+01,1.650000000000000000e+03,1.800000000000000000e+03,7.623877639373053405e-01,2.649203214906528103e-01,-2.132631738302151359e+00
1.853300000000000125e+01,1.650000000000000000e+03,1.800000000000000000e+03,7.623877639373053405e-01,2.649203214906528103e-01,-2.132631738302151359e+00
1.855000000000000071e+01,1.650000000000000000e+03,1.800000000000000000e+03,7.623877639373053405e-01,2.649203214906528103e-01,-2.132631738302151359e+00
1.856700000000000017e+01,1.650000000000000000e+03,1.800000000000000000e+03,7.644861748461162509e-01,2.647976221472676528e-01,-2.132848259634446464e+00
1.858399999999999963e+01,1.650000000000000000e+03,1.800000000000000000e+03,7.751138590525088468e-01,2.577314740274001537e-01,-2.180011007530748390e+00
1.860200000000000031e+01,1.650000000000000000e+03,1.800000000000000000e+03,7.751138590525088468e-01,2.577314740274001537e-01,-2.180011007530748390e+00
1.861899999999999977e+01,1.650000000000000000e+03,1.800000000000000000e+03,7.770687880427675776e-01,2.563299543447250528e-01,-2.172058545886204950e+00
1.863599999999999923e+01,1.650000000000000000e+03,1.800000000000000000e+03,7.770687880427675776e-01,2.563299543447250528e-01,-2.172058545886204950e+00
1.865299999999999869e+01,1.650000000000000000e+03,1.800000000000000000e+03,7.795829527686375382e-01,2.561828116829572011e-01,-2.160220034727637906e+00
1.867099999999999937e+01,1.650000000000000000e+03,1.800000000000000000e+03,7.795829527686375382e-01,2.561828116829572011e-01,-2.160220034727637906e+00
1.868700000000000117e+01,1.650000000000000000e+03,1.800000000000000000e+03,7.795829527686375382e-01,2.561828116829572011e-01,-2.160220034727637906e+00
1.870400000000000063e+01,1.650000000000000000e+03,1.800000000000000000e+03,7.822323773448616180e-01,2.534552664743756623e-01,-2.193719432620913512e+00
1.872100000000000009e+01,1.650000000000000000e+03,1.800000000000000000e+03,7.891976416103363423e-01,2.479095498413350640e-01,-2.207213382473396823e+00
1.873799999999999955e+01,1.650000000000000000e+03,1.800000000000000000e+03,7.891976416103363423e-01,2.479095498413350640e-01,-2.207213382473396823e+00
1.875600000000000023e+01,1.650000000000000000e+03,1.800000000000000000e+03,7.940741112069593655e-01,2.463409750491853956e-01,-2.186815247747071478e+00
1.877299999999999969e+01,1.650000000000000000e+03,1.800000000000000000e+03,7.940741112069593655e-01,2.463409750491853956e-01,-2.186815247747071478e+00
1.878999999999999915e+01,1.650000000000000000e+03,1.800000000000000000e+03,7.940741112069593655e-01,2.463409750491853956e-01,-2.186815247747071478e+00
1.880699999999999861e+01,1.650000000000000000e+03,1.800000000000000000e+03,7.971306897003369585e-01,2.435976612556665089e-01,-2.208332478600241622e+00
1.882400000000000162e+01,1.650000000000000000e+03,1.800000000000000000e+03,7.971306897003369585e-01,2.435976612556665089e-01,-2.208332478600241622e+00
1.884100000000000108e+01,1.650000000000000000e+03,1.800000000000000000e+03,7.994938666477255929e-01,2.421779620219526308e-01,-2.208728515284002825e+00
1.885800000000000054e+01,1.650000000000000000e+03,1.800000000000000000e+03,7.994938666477255929e-01,2.421779620219526308e-01,-2.208728515284002825e+00
1.887600000000000122e+01,1.650000000000000000e+03,1.800000000000000000e+03,8.166620619234963296e-01,2.271160709456072624e-01,-2.282439545889168198e+00
1.889399999999999835e+01,1.650000000000000000e+03,1.800000000000000000e+03,8.194308608164648788e-01,2.256794579132339607e-01,-2.294188741181146796e+00
1.891100000000000136e+01,1.650000000000000000e+03,1.800000000000000000e+03,8.224653216170625392e-01,2.229545851028333914e-01,-2.283498240906583376e+00
1.892800000000000082e+01,1.650000000000000000e+03,1.800000000000000000e+03,8.224653216170625392e-01,2.229545851028333914e-01,-2.283498240906583376e+00
1.894500000000000028e+01,1.650000000000000000e+03,1.800000000000000000e+03,8.250806771295771114e-01,2.202565392557742641e-01,-2.306418967046138135e+00
1.896199999999999974e+01,1.650000000000000000e+03,1.800000000000000000e+03,8.250806771295771114e-01,2.202565392557742641e-01,-2.306418967046138135e+00
1.897899999999999920e+01,1.650000000000000000e+03,1.800000000000000000e+03,8.276936657982174594e-01,2.175608993441109362e-01,-2.295933252537649238e+00
1.899599999999999866e+01,1.650000000000000000e+03,1.800000000000000000e+03,8.349912183144287958e-01,2.120550537735548247e-01,-2.308319072106308933e+00
1.901300000000000168e+01,1.650000000000000000e+03,1.800000000000000000e+03,8.349912183144287958e-01,2.120550537735548247e-01,-2.308319072106308933e+00
1.903099999999999881e+01,1.650000000000000000e+03,1.800000000000000000e+03,8.381220140167384702e-01,2.068023346513641059e-01,-2.309008920413468946e+00
1.904799999999999827e+01,1.650000000000000000e+03,1.800000000000000000e+03,8.381220140167384702e-01,2.068023346513641059e-01,-2.309008920413468946e+00
1.906500000000000128e+01,1.650000000000000000e+03,1.800000000000000000e+03,8.381220140167384702e-01,2.068023346513641059e-01,-2.309008920413468946e+00
1.908299999999999841e+01,1.650000000000000000e+03,1.800000000000000000e+03,8.397833665112295343e-01,2.067050299170105632e-01,-2.309180709477614890e+00
1.910000000000000142e+01,1.650000000000000000e+03,1.800000000000000000e+03,8.419686405830868470e-01,2.040457406246218852e-01,-2.357375870069654766e+00
1.911799999999999855e+01,1.650000000000000000e+03,1.800000000000000000e+03,8.419686405830868470e-01,2.040457406246218852e-01,-2.357375870069654766e+00
1.913599999999999923e+01,1.650000000000000000e+03,1.800000000000000000e+03,8.499111264041085967e-01,1.972621410989958690e-01,-2.322015637321650061e+00
1.915299999999999869e+01,1.650000000000000000e+03,1.800000000000000000e+03,8.514145416138239053e-01,1.959120889933325671e-01,-2.322183834625575205e+00
1.917000000000000171e+01,1.650000000000000000e+03,1.800000000000000000e+03,8.514145416138239053e-01,1.959120889933325671e-01,-2.322183834625575205e+00
1.918599999999999994e+01,1.650000000000000000e+03,1.800000000000000000e+03,8.529172729076637260e-01,1.945626375670697072e-01,-2.370021402796929078e+00
1.920400000000000063e+01,1.650000000000000000e+03,1.800000000000000000e+03,8.563349154688966181e-01,1.918412730766689833e-01,-2.323033996719388039e+00
1.922100000000000009e+01,1.650000000000000000e+03,1.800000000000000000e+03,8.563349154688966181e-01,1.918412730766689833e-01,-2.323033996719388039e+00
1.925700000000000145e+01,1.650000000000000000e+03,1.800000000000000000e+03,8.619193231019222079e-01,1.864785210696009443e-01,-2.334780160814057481e+00
1.927599999999999980e+01,1.650000000000000000e+03,1.800000000000000000e+03,8.685756334293861514e-01,1.798066149031356531e-01,-2.372623975439123178e+00
1.931400000000000006e+01,1.650000000000000000e+03,1.800000000000000000e+03,8.685756334293861514e-01,1.798066149031356531e-01,-2.372623975439123178e+00
1.934600000000000009e+01,1.650000000000000000e+03,1.800000000000000000e+03,8.685756334293861514e-01,1.798066149031356531e-01,-2.372623975439123178e+00
1.936299999999999955e+01,1.650000000000000000e+03,1.800000000000000000e+03,8.700703914218888002e-01,1.784643287817448964e-01,-2.393607865609403973e+00
1.938899999999999935e+01,1.650000000000000000e+03,1.800000000000000000e+03,8.700703914218888002e-01,1.784643287817448964e-01,-2.393607865609403973e+00
1.940700000000000003e+01,1.650000000000000000e+03,1.800000000000000000e+03,8.753764711496339057e-01,1.743926789267540300e-01,-2.384175642917871762e+00
1.942399999999999949e+01,1.650000000000000000e+03,1.800000000000000000e+03,8.753764711496339057e-01,1.743926789267540300e-01,-2.384175642917871762e+00
1.944099999999999895e+01,1.650000000000000000e+03,1.800000000000000000e+03,8.796896386915475929e-01,1.691332892082657580e-01,-2.395200734162959755e+00
1.945799999999999841e+01,1.650000000000000000e+03,1.800000000000000000e+03,8.883667478791144045e-01,1.623791111423322775e-01,-2.444519915559738354e+00
1.947700000000000031e+01,1.650000000000000000e+03,1.800000000000000000e+03,8.883667478791144045e-01,1.623791111423322775e-01,-2.444519915559738354e+00
1.949500000000000099e+01,1.650000000000000000e+03,1.800000000000000000e+03,8.917496668720177322e-01,1.596864492537131142e-01,-2.397083387678895949e+00
1.951099999999999923e+01,1.650000000000000000e+03,1.800000000000000000e+03,8.934829145982450260e-01,1.570925847124513552e-01,-2.445273352764774089e+00
1.952899999999999991e+01,1.650000000000000000e+03,1.800000000000000000e+03,8.934829145982450260e-01,1.570925847124513552e-01,-2.445273352764774089e+00
1.954599999999999937e+01,1.650000000000000000e+03,1.800000000000000000e+03,9.011399768918120223e-01,1.491802781435440650e-01,-2.446775988057980022e+00
1.956299999999999883e+01,1.650000000000000000e+03,1.800000000000000000e+03,9.038525315793224379e-01,1.477793989332996105e-01,-2.446910244786469679e+00
1.957999999999999829e+01,1.650000000000000000e+03,1.800000000000000000e+03,9.038525315793224379e-01,1.477793989332996105e-01,-2.446910244786469679e+00
1.959700000000000131e+01,1.650000000000000000e+03,1.800000000000000000e+03,9.053312282004517542e-01,1.464512937812889604e-01,-2.496034530763998394e+00
1.961400000000000077e+01,1.650000000000000000e+03,1.800000000000000000e+03,9.133688498182230830e-01,1.385429933766122446e-01,-2.458144060626153760e+00
1.963100000000000023e+01,1.650000000000000000e+03,1.800000000000000000e+03,9.133688498182230830e-01,1.385429933766122446e-01,-2.458144060626153760e+00
1.964900000000000091e+01,1.650000000000000000e+03,1.800000000000000000e+03,9.152532513067535014e-01,1.371949644104182298e-01,-2.497565308457569522e+00
1.966600000000000037e+01,1.650000000000000000e+03,1.800000000000000000e+03,9.177895336484731548e-01,1.345726824441682012e-01,-2.506859046310843553e+00
1.968299999999999983e+01,1.650000000000000000e+03,1.800000000000000000e+03,9.177895336484731548e-01,1.345726824441682012e-01,-2.506859046310843553e+00
1.969999999999999929e+01,1.650000000000000000e+03,1.800000000000000000e+03,9.177895336484731548e-01,1.345726824441682012e-01,-2.506859046310843553e+00
1.971799999999999997e+01,1.650000000000000000e+03,1.800000000000000000e+03,9.199137611966752281e-01,1.319766884462172385e-01,-2.498267983317125296e+00
1.973400000000000176e+01,1.650000000000000000e+03,1.800000000000000000e+03,9.199137611966752281e-01,1.319766884462172385e-01,-2.498267983317125296e+00
1.975100000000000122e+01,1.650000000000000000e+03,1.800000000000000000e+03,9.211431154422788925e-01,1.319047396728656452e-01,-2.507553154169896548e+00
1.976899999999999835e+01,1.650000000000000000e+03,1.800000000000000000e+03,9.211431154422788925e-01,1.319047396728656452e-01,-2.507553154169896548e+00
1.978600000000000136e+01,1.650000000000000000e+03,1.800000000000000000e+03,9.314941856902048123e-01,1.202032406969486544e-01,-2.558125551067672365e+00
1.980399999999999849e+01,1.650000000000000000e+03,1.800000000000000000e+03,9.331298358256503445e-01,1.201075451946875816e-01,-2.558230402017997118e+00
1.982100000000000151e+01,1.650000000000000000e+03,1.800000000000000000e+03,9.331298358256503445e-01,1.201075451946875816e-01,-2.558230402017997118e+00
1.983800000000000097e+01,1.650000000000000000e+03,1.800000000000000000e+03,9.360594728426496758e-01,1.174763352805241468e-01,-2.509744389305017531e+00
1.985500000000000043e+01,1.650000000000000000e+03,1.800000000000000000e+03,9.381694388408874374e-01,1.148952404761800494e-01,-2.567427631878471228e+00
1.987199999999999989e+01,1.650000000000000000e+03,1.800000000000000000e+03,9.381694388408874374e-01,1.148952404761800494e-01,-2.567427631878471228e+00
1.988899999999999935e+01,1.650000000000000000e+03,1.800000000000000000e+03,9.381694388408874374e-01,1.148952404761800494e-01,-2.567427631878471228e+00
1.990700000000000003e+01,1.650000000000000000e+03,1.800000000000000000e+03,9.639261342084046724e-01,8.527914461013708092e-02,-2.587442153249035481e+00
1.992399999999999949e+01,1.650000000000000000e+03,1.800000000000000000e+03,9.639261342084046724e-01,8.527914461013708092e-02,-2.587442153249035481e+00
1.994099999999999895e+01,1.650000000000000000e+03,1.800000000000000000e+03,9.649694129492587535e-01,8.400234544299589601e-02,-2.635167161430853167e+00
1.995799999999999841e+01,1.650000000000000000e+03,1.800000000000000000e+03,9.680964992000218317e-01,8.017527875807495263e-02,-2.588051233189339939e+00
1.997500000000000142e+01,1.650000000000000000e+03,1.800000000000000000e+03,9.680964992000218317e-01,8.017527875807495263e-02,-2.588051233189339939e+00
1.999200000000000088e+01,1.650000000000000000e+03,1.800000000000000000e+03,9.701789346362472699e-01,7.762667310358839501e-02,-2.588562533562747792e+00
2.000799999999999912e+01,1.650000000000000000e+03,1.800000000000000000e+03,9.701789346362472699e-01,7.762667310358839501e-02,-2.588562533562747792e+00
2.002599999999999980e+01,1.650000000000000000e+03,1.800000000000000000e+03,9.701789346362472699e-01,7.762667310358839501e-02,-2.588562533562747792e+00
2.004299999999999926e+01,1.650000000000000000e+03,1.800000000000000000e+03,9.716771329482785102e-01,7.390258051366505043e-02,-2.628629437769882227e+00
2.006099999999999994e+01,1.650000000000000000e+03,1.800000000000000000e+03,9.803854326897167848e-01,6.371967297947556119e-02,-2.644611629724285429e+00
2.007799999999999940e+01,1.650000000000000000e+03,1.800000000000000000e+03,9.816474205135294895e-01,6.123254657293841774e-02,-2.637702064817653458e+00
2.009499999999999886e+01,1.650000000000000000e+03,1.800000000000000000e+03,9.816474205135294895e-01,6.123254657293841774e-02,-2.637702064817653458e+00
2.011199999999999832e+01,1.650000000000000000e+03,1.800000000000000000e+03,9.847049207270561766e-01,5.984827916889035038e-02,-2.645159466873975518e+00
2.012900000000000134e+01,1.650000000000000000e+03,1.800000000000000000e+03,9.847049207270561766e-01,5.984827916889035038e-02,-2.645159466873975518e+00
2.014600000000000080e+01,1.650000000000000000e+03,1.800000000000000000e+03,9.869976524954708896e-01,5.609977679044941823e-02,-2.645623636973092108e+00
2.016400000000000148e+01,1.650000000000000000e+03,1.800000000000000000e+03,9.886591642767712518e-01,5.359561313249106007e-02,-2.652819378468479261e+00
2.018199999999999861e+01,1.650000000000000000e+03,1.800000000000000000e+03,9.886591642767712518e-01,5.359561313249106007e-02,-2.652819378468479261e+00
2.019900000000000162e+01,1.650000000000000000e+03,1.800000000000000000e+03,9.886591642767712518e-01,5.359561313249106007e-02,-2.652819378468479261e+00
2.021600000000000108e+01,1.650000000000000000e+03,1.800000000000000000e+03,9.967229850932821655e-01,4.231831730446877771e-02,-2.647093189238468369e+00
2.023300000000000054e+01,1.650000000000000000e+03,1.800000000000000000e+03,9.994039321620535876e-01,3.856892993535510072e-02,-2.687271276152924937e+00
2.025000000000000000e+01,1.650000000000000000e+03,1.800000000000000000e+03,9.994039321620535876e-01,3.856892993535510072e-02,-2.687271276152924937e+00
2.026699999999999946e+01,1.650000000000000000e+03,1.800000000000000000e+03,9.994039321620535876e-01,3.856892993535510072e-02,-2.687271276152924937e+00
2.028500000000000014e+01,1.650000000000000000e+03,1.800000000000000000e+03,1.003107293689733392e+00,3.356946663477433646e-02,-2.694471980246475606e+00
2.030199999999999960e+01,1.650000000000000000e+03,1.800000000000000000e+03,1.005120043855421308e+00,3.345233249784751450e-02,-2.694543052415038442e+00
2.032000000000000028e+01,1.650000000000000000e+03,1.800000000000000000e+03,1.005120043855421308e+00,3.345233249784751450e-02,-2.694543052415038442e+00
2.033699999999999974e+01,1.650000000000000000e+03,1.800000000000000000e+03,1.005120043855421308e+00,3.345233249784751450e-02,-2.694543052415038442e+00
2.035500000000000043e+01,1.650000000000000000e+03,1.800000000000000000e+03,1.011079904770122218e+00,2.475344774735699360e-02,-2.701982007473507696e+00
2.037099999999999866e+01,1.650000000000000000e+03,1.800000000000000000e+03,1.011079904770122218e+00,2.475344774735699360e-02,-2.701982007473507696e+00
2.038899999999999935e+01,1.650000000000000000e+03,1.800000000000000000e+03,1.019862129418383168e+00,1.354090770770266516e-02,-2.742873225645993340e+00
2.040599999999999881e+01,1.650000000000000000e+03,1.800000000000000000e+03,1.021898169423431701e+00,1.104994291189598243e-02,-2.789050542644063491e+00
2.042399999999999949e+01,1.650000000000000000e+03,1.800000000000000000e+03,1.021898169423431701e+00,1.104994291189598243e-02,-2.789050542644063491e+00
2.044099999999999895e+01,1.650000000000000000e+03,1.800000000000000000e+03,1.023531719349082714e+00,8.584397796162157590e-03,-2.749248817151904500e+00
2.045799999999999841e+01,1.650000000000000000e+03,1.800000000000000000e+03,1.025964943950228303e+00,6.074435058295080125e-03,-2.789436884284039131e+00
2.047500000000000142e+01,1.650000000000000000e+03,1.800000000000000000e+03,1.025964943950228303e+00,6.074435058295080125e-03,-2.789436884284039131e+00
2.049399999999999977e+01,1.650000000000000000e+03,1.800000000000000000e+03,1.028396035048259050e+00,3.566636375376575074e-03,-2.749678291545490705e+00
2.051099999999999923e+01,1.650000000000000000e+03,1.800000000000000000e+03,1.034077332859738130e+00,-3.850968541457611138e-03,-2.795546248068649486e+00
2.052799999999999869e+01,1.650000000000000000e+03,1.800000000000000000e+03,1.036712692097819799e+00,-7.541034752300390664e-03,-2.790539489389808114e+00
2.054500000000000171e+01,1.650000000000000000e+03,1.800000000000000000e+03,1.036712692097819799e+00,-7.541034752300390664e-03,-2.790539489389808114e+00
2.056200000000000117e+01,1.650000000000000000e+03,1.800000000000000000e+03,1.038945380288621934e+00,-1.120321337171326093e-02,-2.835999634513745704e+00
2.057900000000000063e+01,1.650000000000000000e+03,1.800000000000000000e+03,1.040354273262967366e+00,-1.246148662172874566e-02,-2.796251185424375674e+00
2.059600000000000009e+01,1.650000000000000000e+03,1.800000000000000000e+03,1.040354273262967366e+00,-1.246148662172874566e-02,-2.796251185424375674e+00
2.061400000000000077e+01,1.650000000000000000e+03,1.800000000000000000e+03,1.042372209142913730e+00,-1.493012799724002804e-02,-2.841066670885026291e+00
2.063100000000000023e+01,1.650000000000000000e+03,1.800000000000000000e+03,1.044388398527886563e+00,-1.739665577317506262e-02,-2.881044564308362421e+00
2.064799999999999969e+01,1.650000000000000000e+03,1.800000000000000000e+03,1.044388398527886563e+00,-1.739665577317506262e-02,-2.881044564308362421e+00
2.066499999999999915e+01,1.650000000000000000e+03,1.800000000000000000e+03,1.050047135118891362e+00,-2.710331406268817744e-02,-2.881540410273690345e+00
2.068199999999999861e+01,1.650000000000000000e+03,1.800000000000000000e+03,1.052263660176394167e+00,-3.074058666690060448e-02,-2.881787584080863773e+00
2.069900000000000162e+01,1.650000000000000000e+03,1.800000000000000000e+03,1.054667657075140319e+00,-3.321657597650684579e-02,-2.881822814631047613e+00
2.071600000000000108e+01,1.650000000000000000e+03,1.800000000000000000e+03,1.054667657075140319e+00,-3.321657597650684579e-02,-2.881822814631047613e+00
2.073400000000000176e+01,1.650000000000000000e+03,1.800000000000000000e+03,1.055877109181768025e+00,-3.562142732914441723e-02,-2.886190856782126168e+00
2.075100000000000122e+01,1.650000000000000000e+03,1.800000000000000000e+03,1.058690088773746041e+00,-4.044801699155531338e-02,-2.886433148251929648e+00
2.076800000000000068e+01,1.650000000000000000e+03,1.800000000000000000e+03,1.058690088773746041e+00,-4.044801699155531338e-02,-2.886433148251929648e+00
2.078600000000000136e+01,1.650000000000000000e+03,1.800000000000000000e+03,1.058690088773746041e+00,-4.044801699155531338e-02,-2.886433148251929648e+00
2.080399999999999849e+01,1.650000000000000000e+03,1.800000000000000000e+03,1.065899813722881451e+00,-5.249027803428862882e-02,-2.887157082939510566e+00
2.082100000000000151e+01,1.650000000000000000e+03,1.800000000000000000e+03,1.067292599042970247e+00,-5.373060848863175920e-02,-2.887157082939510566e+00
2.083899999999999864e+01,1.650000000000000000e+03,1.800000000000000000e+03,1.067292599042970247e+00,-5.373060848863175920e-02,-2.887157082939510566e+00
2.085600000000000165e+01,1.650000000000000000e+03,1.800000000000000000e+03,1.069295306565108961e+00,-5.848092597913367996e-02,-2.887397416974377240e+00
2.087300000000000111e+01,1.650000000000000000e+03,1.800000000000000000e+03,1.077458551834762357e+00,-7.396129484830993306e-02,-2.930865490154504371e+00
2.089000000000000057e+01,1.650000000000000000e+03,1.800000000000000000e+03,1.077458551834762357e+00,-7.396129484830993306e-02,-2.930865490154504371e+00
2.090700000000000003e+01,1.650000000000000000e+03,1.800000000000000000e+03,1.079044313827171475e+00,-7.635462665442815933e-02,-2.892339578906562902e+00
2.092399999999999949e+01,1.650000000000000000e+03,1.800000000000000000e+03,1.080628730740611498e+00,-7.874594019700520420e-02,-2.934508096782774356e+00
2.094099999999999895e+01,1.650000000000000000e+03,1.800000000000000000e+03,1.080628730740611498e+00,-7.874594019700520420e-02,-2.934508096782774356e+00
2.095799999999999841e+01,1.650000000000000000e+03,1.800000000000000000e+03,1.082411685702221904e+00,-8.229510104656689862e-02,-2.931262908120145116e+00
2.097500000000000142e+01,1.650000000000000000e+03,1.800000000000000000e+03,1.085771973880154562e+00,-8.822311885940514742e-02,-2.934898285522605565e+00
2.099200000000000088e+01,1.650000000000000000e+03,1.800000000000000000e+03,1.085771973880154562e+00,-8.822311885940514742e-02,-2.934898285522605565e+00
2.100900000000000034e+01,1.650000000000000000e+03,1.800000000000000000e+03,1.086956709458535286e+00,-9.058179495132812065e-02,-2.935065551657084715e+00
2.102599999999999980e+01,1.650000000000000000e+03,1.800000000000000000e+03,1.089125200223429069e+00,-9.413871855622435447e-02,-2.897147036285898647e+00
2.104299999999999926e+01,1.650000000000000000e+03,1.800000000000000000e+03,1.089125200223429069e+00,-9.413871855622435447e-02,-2.897147036285898647e+00
2.105999999999999872e+01,1.650000000000000000e+03,1.800000000000000000e+03,1.090700361872511515e+00,-9.651504382303865981e-02,-2.938606064390099970e+00
2.107700000000000173e+01,1.650000000000000000e+03,1.800000000000000000e+03,1.090700361872511515e+00,-9.651504382303865981e-02,-2.938606064390099970e+00
2.109499999999999886e+01,1.650000000000000000e+03,1.800000000000000000e+03,1.092471386501438824e+00,-1.000419384340478501e-01,-2.938796713580943631e+00
2.111199999999999832e+01,1.650000000000000000e+03,1.800000000000000000e+03,1.096595151572212989e+00,-1.082542090687352854e-01,-2.976636370038477253e+00
2.112900000000000134e+01,1.650000000000000000e+03,1.800000000000000000e+03,1.098163210233708664e+00,-1.106186645846269911e-01,-2.939176806363787975e+00
2.114600000000000080e+01,1.650000000000000000e+03,1.800000000000000000e+03,1.098163210233708664e+00,-1.106186645846269911e-01,-2.939176806363787975e+00
2.116400000000000148e+01,1.650000000000000000e+03,1.800000000000000000e+03,1.100316922230103467e+00,-1.141503967965959987e-01,-2.939366251034810862e+00
2.118100000000000094e+01,1.650000000000000000e+03,1.800000000000000000e+03,1.101490139916639244e+00,-1.164874553475971908e-01,-2.976946825342643876e+00
2.119800000000000040e+01,1.650000000000000000e+03,1.800000000000000000e+03,1.101490139916639244e+00,-1.164874553475971908e-01,-2.976946825342643876e+00
2.121600000000000108e+01,1.650000000000000000e+03,1.800000000000000000e+03,1.103248133328485814e+00,-1.199893975024766135e-01,-2.942778724457486117e+00
2.123400000000000176e+01,1.650000000000000000e+03,1.800000000000000000e+03,1.105007492022447746e+00,-1.212230032609538100e-01,-2.979888552518743960e+00
2.125100000000000122e+01,1.650000000000000000e+03,1.800000000000000000e+03,1.105007492022447746e+00,-1.212230032609538100e-01,-2.979888552518743960e+00
2.126800000000000068e+01,1.650000000000000000e+03,1.800000000000000000e+03,1.109290176435040465e+00,-1.305137598991414905e-01,-2.982884442172958117e+00
2.128500000000000014e+01,1.650000000000000000e+03,1.800000000000000000e+03,1.111429260970607569e+00,-1.340205624703445508e-01,-2.980321422205690407e+00
2.130199999999999960e+01,1.650000000000000000e+03,1.800000000000000000e+03,1.113175559588958308e+00,-1.375006731253138881e-01,-2.980472319961631644e+00
2.132000000000000028e+01,1.650000000000000000e+03,1.800000000000000000e+03,1.113175559588958308e+00,-1.375006731253138881e-01,-2.980472319961631644e+00
2.133699999999999974e+01,1.650000000000000000e+03,1.800000000000000000e+03,1.116470907494955922e+00,-1.433135123149558154e-01,-2.980622884502704739e+00
2.135399999999999920e+01,1.650000000000000000e+03,1.800000000000000000e+03,1.116470907494955922e+00,-1.433135123149558154e-01,-2.980622884502704739e+00
2.137099999999999866e+01,1.650000000000000000e+03,1.800000000000000000e+03,1.116470907494955922e+00,-1.433135123149558154e-01,-2.980622884502704739e+00
2.138800000000000168e+01,1.650000000000000000e+03,1.800000000000000000e+03,1.118211164031966964e+00,-1.467820760259668234e-01,-3.019752406835005676e+00
2.140500000000000114e+01,1.650000000000000000e+03,1.800000000000000000e+03,1.118211164031966964e+00,-1.467820760259668234e-01,-3.019752406835005676e+00
2.142200000000000060e+01,1.650000000000000000e+03,1.800000000000000000e+03,1.131107944114358999e+00,-1.709860319466782741e-01,-3.058171190956206598e+00
2.143900000000000006e+01,1.650000000000000000e+03,1.800000000000000000e+03,1.131107944114358999e+00,-1.709860319466782741e-01,-3.058171190956206598e+00
2.145599999999999952e+01,1.650000000000000000e+03,1.800000000000000000e+03,1.133016865162455034e+00,-1.755420908217937281e-01,-3.058251655038215500e+00
2.147299999999999898e+01,1.650000000000000000e+03,1.800000000000000000e+03,1.135495349718040003e+00,-1.812321556944871404e-01,-3.094967254283059077e+00
2.148999999999999844e+01,1.650000000000000000e+03,1.800000000000000000e+03,1.135495349718040003e+00,-1.812321556944871404e-01,-3.094967254283059077e+00
2.150799999999999912e+01,1.650000000000000000e+03,1.800000000000000000e+03,1.135495349718040003e+00,-1.812321556944871404e-01,-3.094967254283059077e+00
2.152499999999999858e+01,1.650000000000000000e+03,1.800000000000000000e+03,1.137026803266641739e+00,-1.835356928743614446e-01,-3.022811495745395316e+00
2.154200000000000159e+01,1.650000000000000000e+03,1.800000000000000000e+03,1.137026803266641739e+00,-1.835356928743614446e-01,-3.022811495745395316e+00
2.155900000000000105e+01,1.650000000000000000e+03,1.800000000000000000e+03,1.139111241961702436e+00,-1.891874359814416096e-01,-3.058477116728640421e+00
2.157600000000000051e+01,1.650000000000000000e+03,1.800000000000000000e+03,1.144057510843897951e+00,-1.982981435939317194e-01,-3.095148169873850108e+00
2.159299999999999997e+01,1.650000000000000000e+03,1.800000000000000000e+03,1.144809600470169331e+00,-2.005438089822710879e-01,-3.095148169873850108e+00
2.161100000000000065e+01,1.650000000000000000e+03,1.800000000000000000e+03,1.144809600470169331e+00,-2.005438089822710879e-01,-3.095148169873850108e+00
2.162800000000000011e+01,1.650000000000000000e+03,1.800000000000000000e+03,1.148581663409466103e+00,-2.095518151131656737e-01,-3.129702867600269389e+00
2.164600000000000080e+01,1.650000000000000000e+03,1.800000000000000000e+03,1.148581663409466103e+00,-2.095518151131656737e-01,-3.129702867600269389e+00
2.166300000000000026e+01,1.650000000000000000e+03,1.800000000000000000e+03,1.149533324421492253e+00,-2.107029864195206770e-01,-3.130515125461293735e+00
2.167999999999999972e+01,1.650000000000000000e+03,1.800000000000000000e+03,1.149533324421492253e+00,-2.107029864195206770e-01,-3.130515125461293735e+00
2.169699999999999918e+01,1.650000000000000000e+03,1.800000000000000000e+03,1.151029081120599651e+00,-2.151723402471779067e-01,3.119402560535183611e+00
2.171499999999999986e+01,1.650000000000000000e+03,1.800000000000000000e+03,1.155164888136529733e+00,-2.241543853314578172e-01,3.119027166082982916e+00
2.173100000000000165e+01,1.650000000000000000e+03,1.800000000000000000e+03,1.155164888136529733e+00,-2.241543853314578172e-01,3.119027166082982916e+00
2.174899999999999878e+01,1.650000000000000000e+03,1.800000000000000000e+03,1.156472583904655904e+00,-2.275015586131452494e-01,3.085869428118493740e+00
2.176599999999999824e+01,1.650000000000000000e+03,1.800000000000000000e+03,1.158162051994880537e+00,-2.308662988821987838e-01,3.085909433139087721e+00
2.178300000000000125e+01,1.650000000000000000e+03,1.800000000000000000e+03,1.158162051994880537e+00,-2.308662988821987838e-01,3.085909433139087721e+00
2.180000000000000071e+01,1.650000000000000000e+03,1.800000000000000000e+03,1.158162051994880537e+00,-2.308662988821987838e-01,3.085909433139087721e+00
2.181700000000000017e+01,1.650000000000000000e+03,1.800000000000000000e+03,1.160386135495490745e+00,-2.375186476134905078e-01,3.053344405206416479e+00
2.183399999999999963e+01,1.650000000000000000e+03,1.800000000000000000e+03,1.161891749717942401e+00,-2.397756686074217214e-01,3.085988973319557349e+00
2.185099999999999909e+01,1.650000000000000000e+03,1.800000000000000000e+03,1.161891749717942401e+00,-2.397756686074217214e-01,3.085988973319557349e+00
2.186799999999999855e+01,1.650000000000000000e+03,1.800000000000000000e+03,1.161891749717942401e+00,-2.397756686074217214e-01,3.085988973319557349e+00
2.188500000000000156e+01,1.650000000000000000e+03,1.800000000000000000e+03,1.169109894734385424e+00,-2.585748203561513137e-01,3.054040066957586230e+00
2.190299999999999869e+01,1.650000000000000000e+03,1.800000000000000000e+03,1.169109894734385424e+00,-2.585748203561513137e-01,3.054040066957586230e+00
2.192000000000000171e+01,1.650000000000000000e+03,1.800000000000000000e+03,1.171836437951355059e+00,-2.684148251360349846e-01,3.054178822637339863e+00
2.193700000000000117e+01,1.650000000000000000e+03,1.800000000000000000e+03,1.172948357137955533e+00,-2.706251374578689806e-01,3.054608164192615050e+00
2.195400000000000063e+01,1.650000000000000000e+03,1.800000000000000000e+03,1.174583857982377522e+00,-2.760791603650813997e-01,3.054305705593167275e+00
2.197200000000000131e+01,1.650000000000000000e+03,1.800000000000000000e+03,1.174583857982377522e+00,-2.760791603650813997e-01,3.054305705593167275e+00
2.198900000000000077e+01,1.650000000000000000e+03,1.800000000000000000e+03,1.175313137001184893e+00,-2.782619679881808139e-01,3.022828964732402923e+00
2.200700000000000145e+01,1.650000000000000000e+03,1.800000000000000000e+03,1.176041832097776130e+00,-2.804430237296422490e-01,3.054374788013892505e+00
2.202400000000000091e+01,1.650000000000000000e+03,1.800000000000000000e+03,1.176041832097776130e+00,-2.804430237296422490e-01,3.054374788013892505e+00
2.204100000000000037e+01,1.650000000000000000e+03,1.800000000000000000e+03,1.176041832097776130e+00,-2.804430237296422490e-01,3.054374788013892505e+00
2.205799999999999983e+01,1.650000000000000000e+03,1.800000000000000000e+03,1.180022901281243763e+00,-2.934715090304012008e-01,3.023907763646644042e+00
2.207499999999999929e+01,1.650000000000000000e+03,1.800000000000000000e+03,1.180022901281243763e+00,-2.934715090304012008e-01,3.023907763646644042e+00
2.209199999999999875e+01,1.650000000000000000e+03,1.800000000000000000e+03,1.181093316146819117e+00,-2.977863650661101147e-01,3.023999121185922512e+00
2.210999999999999943e+01,1.650000000000000000e+03,1.800000000000000000e+03,1.181817096829794078e+00,-2.999517796842523509e-01,3.023999121185922512e+00
2.212699999999999889e+01,1.650000000000000000e+03,1.800000000000000000e+03,1.181817096829794078e+00,-2.999517796842523509e-01,3.023999121185922512e+00
2.214399999999999835e+01,1.650000000000000000e+03,1.800000000000000000e+03,1.181817096829794078e+00,-2.999517796842523509e-01,3.023999121185922512e+00
2.216100000000000136e+01,1.650000000000000000e+03,1.800000000000000000e+03,1.182918561475573505e+00,-3.021365731392355869e-01,2.994575333460025579e+00
2.217899999999999849e+01,1.650000000000000000e+03,1.800000000000000000e+03,1.183984977934476879e+00,-3.064376442860954342e-01,2.994687717848305564e+00
2.219500000000000028e+01,1.650000000000000000e+03,1.800000000000000000e+03,1.183984977934476879e+00,-3.064376442860954342e-01,2.994687717848305564e+00
2.221199999999999974e+01,1.650000000000000000e+03,1.800000000000000000e+03,1.186832245200399871e+00,-3.171709525454833312e-01,2.995023965567807256e+00
2.222899999999999920e+01,1.650000000000000000e+03,1.800000000000000000e+03,1.186832245200399871e+00,-3.171709525454833312e-01,2.995023965567807256e+00
2.224800000000000111e+01,1.650000000000000000e+03,1.800000000000000000e+03,1.188098885737543187e+00,-3.204057042079702100e-01,2.965560036171123848e+00
2.226500000000000057e+01,1.650000000000000000e+03,1.800000000000000000e+03,1.188098885737543187e+00,-3.204057042079702100e-01,2.965560036171123848e+00
2.228300000000000125e+01,1.650000000000000000e+03,1.800000000000000000e+03,1.189364010167431651e+00,-3.236365800903149292e-01,2.995121705283366964e+00
2.230000000000000071e+01,1.650000000000000000e+03,1.800000000000000000e+03,1.190081061778301752e+00,-3.257813704115752884e-01,2.965692340199587385e+00
2.231700000000000017e+01,1.650000000000000000e+03,1.800000000000000000e+03,1.190081061778301752e+00,-3.257813704115752884e-01,2.965692340199587385e+00
2.233399999999999963e+01,1.650000000000000000e+03,1.800000000000000000e+03,1.190081061778301752e+00,-3.257813704115752884e-01,2.965692340199587385e+00
2.235200000000000031e+01,1.650000000000000000e+03,1.800000000000000000e+03,1.191646164514023054e+00,-3.332225229401561961e-01,2.965956419354263573e+00
2.236799999999999855e+01,1.650000000000000000e+03,1.800000000000000000e+03,1.191646164514023054e+00,-3.332225229401561961e-01,2.965956419354263573e+00
2.238500000000000156e+01,1.650000000000000000e+03,1.800000000000000000e+03,1.200314434272680586e+00,-3.618799921950062171e-01,2.910035129268306431e+00
2.240299999999999869e+01,1.650000000000000000e+03,1.800000000000000000e+03,1.200314434272680586e+00,-3.618799921950062171e-01,2.910035129268306431e+00
2.242099999999999937e+01,1.650000000000000000e+03,1.800000000000000000e+03,1.201729201739047515e+00,-3.661072218092504826e-01,2.912066695667864469e+00
2.243799999999999883e+01,1.650000000000000000e+03,1.800000000000000000e+03,nan,nan,nan
2.245499999999999829e+01,1.650000000000000000e+03,1.800000000000000000e+03,nan,nan,nan
2.247200000000000131e+01,1.650000000000000000e+03,1.800000000000000000e+03,nan,nan,nan
2.248900000000000077e+01,1.650000000000000000e+03,1.800000000000000000e+03,nan,nan,nan
2.250600000000000023e+01,1.650000000000000000e+03,1.800000000000000000e+03,nan,nan,nan
2.252299999999999969e+01,1.650000000000000000e+03,1.800000000000000000e+03,1.205587356688547107e+00,-3.787283798151079850e-01,2.912545224563147350e+00
2.253999999999999915e+01,1.650000000000000000e+03,1.800000000000000000e+03,1.208726626332913945e+00,-3.891971440543793292e-01,2.885858485574020360e+00
2.255699999999999861e+01,1.650000000000000000e+03,1.800000000000000000e+03,1.210335289280301652e+00,-3.923665286787567652e-01,2.883901091395665972e+00
2.257400000000000162e+01,1.650000000000000000e+03,1.800000000000000000e+03,1.210335289280301652e+00,-3.923665286787567652e-01,2.883901091395665972e+00
2.259100000000000108e+01,1.650000000000000000e+03,1.800000000000000000e+03,1.210827255315980677e+00,-3.954709283105737327e-01,2.857299923033559175e+00
2.260800000000000054e+01,1.650000000000000000e+03,1.800000000000000000e+03,1.211482325264851667e+00,-3.996044925085113775e-01,2.857499072983856969e+00
2.262500000000000000e+01,1.650000000000000000e+03,1.800000000000000000e+03,1.211482325264851667e+00,-3.996044925085113775e-01,2.857499072983856969e+00
2.264199999999999946e+01,1.650000000000000000e+03,1.800000000000000000e+03,1.213086212527767938e+00,-4.027614911716925761e-01,2.860054501727299581e+00
2.265899999999999892e+01,1.650000000000000000e+03,1.800000000000000000e+03,1.213086212527767938e+00,-4.027614911716925761e-01,2.860054501727299581e+00
2.267599999999999838e+01,1.650000000000000000e+03,1.800000000000000000e+03,1.213086212527767938e+00,-4.027614911716925761e-01,2.860054501727299581e+00
2.269300000000000139e+01,1.650000000000000000e+03,1.800000000000000000e+03,1.214597874854268067e+00,-4.099914844999714703e-01,2.834596653767811780e+00
2.271000000000000085e+01,1.650000000000000000e+03,1.800000000000000000e+03,1.217169557912368028e+00,-4.192929490523038538e-01,2.810055482728953891e+00
2.272700000000000031e+01,1.650000000000000000e+03,1.800000000000000000e+03,1.217169557912368028e+00,-4.192929490523038538e-01,2.810055482728953891e+00
2.274399999999999977e+01,1.650000000000000000e+03,1.800000000000000000e+03,nan,nan,nan
2.276200000000000045e+01,1.650000000000000000e+03,1.800000000000000000e+03,nan,nan,nan
2.277899999999999991e+01,1.650000000000000000e+03,1.800000000000000000e+03,nan,nan,nan
2.279599999999999937e+01,1.650000000000000000e+03,1.800000000000000000e+03,nan,nan,nan
2.281400000000000006e+01,1.650000000000000000e+03,1.800000000000000000e+03,1.218947169134658504e+00,-4.305433115179528869e-01,2.810761927237877433e+00
2.283099999999999952e+01,1.650000000000000000e+03,1.800000000000000000e+03,1.219430672569293606e+00,-4.336032895147425847e-01,2.786505556215683743e+00
2.284799999999999898e+01,1.650000000000000000e+03,1.800000000000000000e+03,1.219430672569293606e+00,-4.336032895147425847e-01,2.786505556215683743e+00
2.286499999999999844e+01,1.650000000000000000e+03,1.800000000000000000e+03,1.219430672569293606e+00,-4.336032895147425847e-01,2.786505556215683743e+00
2.288299999999999912e+01,1.650000000000000000e+03,1.800000000000000000e+03,1.223501841063210582e+00,-4.639692595949540532e-01,2.761571599378984221e+00
2.292699999999999960e+01,1.650000000000000000e+03,1.800000000000000000e+03,1.223979716666622419e+00,-4.669906040379361301e-01,2.761818208953435327e+00
2.294399999999999906e+01,1.650000000000000000e+03,1.800000000000000000e+03,1.224664386684960249e+00,-4.690227309462935423e-01,2.791641436989869884e+00
2.296199999999999974e+01,1.650000000000000000e+03,1.800000000000000000e+03,1.224664386684960249e+00,-4.690227309462935423e-01,2.791641436989869884e+00
2.297899999999999920e+01,1.650000000000000000e+03,1.800000000000000000e+03,1.224664386684960249e+00,-4.690227309462935423e-01,2.791641436989869884e+00
2.299599999999999866e+01,1.650000000000000000e+03,1.800000000000000000e+03,1.224664386684960249e+00,-4.690227309462935423e-01,2.791641436989869884e+00
2.301300000000000168e+01,1.650000000000000000e+03,1.800000000000000000e+03,1.224664386684960249e+00,-4.690227309462935423e-01,2.791641436989869884e+00
2.303399999999999892e+01,1.650000000000000000e+03,1.800000000000000000e+03,1.225105974434332445e+00,-4.809850803523216811e-01,2.789467263187260127e+00
2.305099999999999838e+01,1.650000000000000000e+03,1.800000000000000000e+03,1.225105974434332445e+00,-4.809850803523216811e-01,2.789467263187260127e+00
2.306800000000000139e+01,1.650000000000000000e+03,1.800000000000000000e+03,1.225105974434332445e+00,-4.809850803523216811e-01,2.789467263187260127e+00
2.308699999999999974e+01,1.650000000000000000e+03,1.800000000000000000e+03,1.226105031098243980e+00,-4.850063785632983127e-01,2.789699701285234923e+00
2.310399999999999920e+01,1.650000000000000000e+03,1.800000000000000000e+03,1.226007612594880447e+00,-4.889624721205194646e-01,2.786973044421642065e+00
2.312099999999999866e+01,1.650000000000000000e+03,1.800000000000000000e+03,1.226007612594880447e+00,-4.889624721205194646e-01,2.786973044421642065e+00
2.313800000000000168e+01,1.650000000000000000e+03,1.800000000000000000e+03,1.226384261609010373e+00,-4.959006691696865587e-01,2.769917564395448561e+00
2.315500000000000114e+01,1.650000000000000000e+03,1.800000000000000000e+03,1.226384261609010373e+00,-4.959006691696865587e-01,2.769917564395448561e+00
2.317200000000000060e+01,1.650000000000000000e+03,1.800000000000000000e+03,1.226384261609010373e+00,-4.959006691696865587e-01,2.769917564395448561e+00
2.319000000000000128e+01,1.650000000000000000e+03,1.800000000000000000e+03,1.227026141662173053e+00,-5.067691502797471159e-01,2.767607476110840903e+00
2.320700000000000074e+01,1.650000000000000000e+03,1.800000000000000000e+03,1.226977295234792376e+00,-5.087315002676566777e-01,2.741595905142332867e+00
2.322400000000000020e+01,1.650000000000000000e+03,1.800000000000000000e+03,nan,nan,nan
2.324200000000000088e+01,1.650000000000000000e+03,1.800000000000000000e+03,nan,nan,nan
2.325900000000000034e+01,1.650000000000000000e+03,1.800000000000000000e+03,nan,nan,nan
2.327700000000000102e+01,1.650000000000000000e+03,1.800000000000000000e+03,1.227920544731766483e+00,-5.146680799635294790e-01,2.768131633113248391e+00
2.329400000000000048e+01,1.650000000000000000e+03,1.800000000000000000e+03,1.227920544731766483e+00,-5.146680799635294790e-01,2.768131633113248391e+00
2.331099999999999994e+01,1.650000000000000000e+03,1.800000000000000000e+03,1.227920544731766483e+00,-5.146680799635294790e-01,2.768131633113248391e+00
2.332799999999999940e+01,1.650000000000000000e+03,1.800000000000000000e+03,1.228087015786543557e+00,-5.225042367185617209e-01,2.723702102823573057e+00
2.334499999999999886e+01,1.650000000000000000e+03,1.800000000000000000e+03,1.229388764934387090e+00,-5.284287687065178929e-01,2.746239765522530352e+00
2.336199999999999832e+01,1.650000000000000000e+03,1.800000000000000000e+03,1.232561773608658706e+00,-5.596012749583452184e-01,2.704866872040039283e+00
2.337900000000000134e+01,1.650000000000000000e+03,1.800000000000000000e+03,1.232561773608658706e+00,-5.596012749583452184e-01,2.704866872040039283e+00
2.339699999999999847e+01,1.650000000000000000e+03,1.800000000000000000e+03,1.232615805077792226e+00,-5.644148509182698170e-01,2.676996397068066802e+00
2.341400000000000148e+01,1.650000000000000000e+03,1.800000000000000000e+03,1.233133041936582019e+00,-5.721206963262073231e-01,2.657032934219178966e+00
2.343100000000000094e+01,1.650000000000000000e+03,1.800000000000000000e+03,1.233133041936582019e+00,-5.721206963262073231e-01,2.657032934219178966e+00
2.344800000000000040e+01,1.650000000000000000e+03,1.800000000000000000e+03,1.234212041841497909e+00,-5.788775716034897378e-01,2.661525211248490397e+00
2.346499999999999986e+01,1.650000000000000000e+03,1.800000000000000000e+03,1.234212041841497909e+00,-5.788775716034897378e-01,2.661525211248490397e+00
2.348199999999999932e+01,1.650000000000000000e+03,1.800000000000000000e+03,1.234212041841497909e+00,-5.788775716034897378e-01,2.661525211248490397e+00
2.349899999999999878e+01,1.650000000000000000e+03,1.800000000000000000e+03,1.234573044236004336e+00,-5.922437835401530570e-01,2.634894985336251771e+00
2.351599999999999824e+01,1.650000000000000000e+03,1.800000000000000000e+03,1.234573044236004336e+00,-5.922437835401530570e-01,2.634894985336251771e+00
2.353300000000000125e+01,1.650000000000000000e+03,1.800000000000000000e+03,1.234573044236004336e+00,-5.922437835401530570e-01,2.634894985336251771e+00
2.355000000000000071e+01,1.650000000000000000e+03,1.800000000000000000e+03,1.235033229620071227e+00,-5.951190909031018883e-01,2.619958636032940102e+00
2.356700000000000017e+01,1.650000000000000000e+03,1.800000000000000000e+03,1.235033229620071227e+00,-5.951190909031018883e-01,2.619958636032940102e+00
2.358500000000000085e+01,1.650000000000000000e+03,1.800000000000000000e+03,1.234574253823112144e+00,-5.988913924532690558e-01,2.624374909957490232e+00
2.360200000000000031e+01,1.650000000000000000e+03,1.800000000000000000e+03,1.234829949811280914e+00,-6.026956842471813403e-01,2.620612488803314211e+00
2.361899999999999977e+01,1.650000000000000000e+03,1.800000000000000000e+03,1.234829949811280914e+00,-6.026956842471813403e-01,2.620612488803314211e+00
2.363599999999999923e+01,1.650000000000000000e+03,1.800000000000000000e+03,1.234829949811280914e+00,-6.026956842471813403e-01,2.620612488803314211e+00
2.365399999999999991e+01,1.650000000000000000e+03,1.800000000000000000e+03,1.235136086329139626e+00,-6.046050843952190945e-01,2.597980039440898725e+00
2.367000000000000171e+01,1.650000000000000000e+03,1.800000000000000000e+03,1.235136086329139626e+00,-6.046050843952190945e-01,2.597980039440898725e+00
2.368700000000000117e+01,1.650000000000000000e+03,1.800000000000000000e+03,1.234679045093898031e+00,-6.149692179417671767e-01,2.580808845555827347e+00
2.370400000000000063e+01,1.650000000000000000e+03,1.800000000000000000e+03,1.234578028505372904e+00,-6.187309578988395842e-01,2.576774161949281883e+00
2.372100000000000009e+01,1.650000000000000000e+03,1.800000000000000000e+03,1.234578028505372904e+00,-6.187309578988395842e-01,2.576774161949281883e+00
2.373699999999999832e+01,1.650000000000000000e+03,1.800000000000000000e+03,1.235035876237295716e+00,-6.215765524077330184e-01,2.581488041674545375e+00
2.375499999999999901e+01,1.650000000000000000e+03,1.800000000000000000e+03,1.235290148272077504e+00,-6.253471321824370932e-01,2.577455520608004313e+00
2.377199999999999847e+01,1.650000000000000000e+03,1.800000000000000000e+03,1.235290148272077504e+00,-6.253471321824370932e-01,2.577455520608004313e+00
2.378900000000000148e+01,1.650000000000000000e+03,1.800000000000000000e+03,1.234478620849364550e+00,-6.290564322753988691e-01,2.586507702479029724e+00
2.380600000000000094e+01,1.650000000000000000e+03,1.800000000000000000e+03,1.233773120370930121e+00,-6.421072949522583784e-01,2.561604861661587851e+00
2.382300000000000040e+01,1.650000000000000000e+03,1.800000000000000000e+03,1.233773120370930121e+00,-6.421072949522583784e-01,2.561604861661587851e+00
2.383999999999999986e+01,1.650000000000000000e+03,1.800000000000000000e+03,1.233773120370930121e+00,-6.421072949522583784e-01,2.561604861661587851e+00
2.385699999999999932e+01,1.650000000000000000e+03,1.800000000000000000e+03,1.234583393973514021e+00,-6.449452285259384965e-01,2.583596471318089893e+00
2.387399999999999878e+01,1.650000000000000000e+03,1.800000000000000000e+03,1.232217076194276784e+00,-6.606067249390510376e-01,2.563447156516820424e+00
2.389099999999999824e+01,1.650000000000000000e+03,1.800000000000000000e+03,1.231164057636584763e+00,-6.670231949520770698e-01,2.542642434176545674e+00
2.390800000000000125e+01,1.650000000000000000e+03,1.800000000000000000e+03,1.231164057636584763e+00,-6.670231949520770698e-01,2.542642434176545674e+00
2.392500000000000071e+01,1.650000000000000000e+03,1.800000000000000000e+03,1.230914914635361734e+00,-6.697785452133842021e-01,2.547529687073783577e+00
2.394200000000000017e+01,1.650000000000000000e+03,1.800000000000000000e+03,1.230914914635361734e+00,-6.697785452133842021e-01,2.547529687073783577e+00
2.395899999999999963e+01,1.650000000000000000e+03,1.800000000000000000e+03,1.230914914635361734e+00,-6.697785452133842021e-01,2.547529687073783577e+00
2.397599999999999909e+01,1.650000000000000000e+03,1.800000000000000000e+03,1.229769344030497980e+00,-6.798436918611705515e-01,2.522943716137453496e+00
2.399299999999999855e+01,1.650000000000000000e+03,1.800000000000000000e+03,1.228619243722274046e+00,-6.834559036693916845e-01,2.528037287840825709e+00
2.401000000000000156e+01,1.650000000000000000e+03,1.800000000000000000e+03,1.228619243722274046e+00,-6.834559036693916845e-01,2.528037287840825709e+00
2.402700000000000102e+01,1.650000000000000000e+03,1.800000000000000000e+03,1.228173041618444206e+00,-6.870991277103382089e-01,2.523740848639056900e+00
2.404400000000000048e+01,1.650000000000000000e+03,1.800000000000000000e+03,1.228476670725500819e+00,-6.889458732878228631e-01,2.544988945831236915e+00
2.406099999999999994e+01,1.650000000000000000e+03,1.800000000000000000e+03,1.228476670725500819e+00,-6.889458732878228631e-01,2.544988945831236915e+00
2.407799999999999940e+01,1.650000000000000000e+03,1.800000000000000000e+03,1.228476670725500819e+00,-6.889458732878228631e-01,2.544988945831236915e+00
2.409499999999999886e+01,1.650000000000000000e+03,1.800000000000000000e+03,1.227481431119672894e+00,-6.934665936950970000e-01,2.545378560034797122e+00
2.411199999999999832e+01,1.650000000000000000e+03,1.800000000000000000e+03,1.227235640346669543e+00,-6.961931434803712015e-01,2.536508166953088672e+00
2.412900000000000134e+01,1.650000000000000000e+03,1.800000000000000000e+03,1.227235640346669543e+00,-6.961931434803712015e-01,2.536508166953088672e+00
2.414699999999999847e+01,1.650000000000000000e+03,1.800000000000000000e+03,1.224460683325503840e+00,-7.087943639356586445e-01,2.500619801474019521e+00
2.416400000000000148e+01,1.650000000000000000e+03,1.800000000000000000e+03,1.224065406249940091e+00,-7.105893791036290708e-01,2.526215348154301044e+00
2.418100000000000094e+01,1.650000000000000000e+03,1.800000000000000000e+03,1.224065406249940091e+00,-7.105893791036290708e-01,2.526215348154301044e+00
2.419800000000000040e+01,1.650000000000000000e+03,1.800000000000000000e+03,1.223974196093983391e+00,-7.142112871753916181e-01,2.506187923825715202e+00
2.421499999999999986e+01,1.650000000000000000e+03,1.800000000000000000e+03,1.223974196093983391e+00,-7.142112871753916181e-01,2.506187923825715202e+00
2.423199999999999932e+01,1.650000000000000000e+03,1.800000000000000000e+03,1.223595148659539777e+00,-7.223325073858326562e-01,2.502136489921508833e+00
2.424899999999999878e+01,1.650000000000000000e+03,1.800000000000000000e+03,1.223595148659539777e+00,-7.223325073858326562e-01,2.502136489921508833e+00
2.426699999999999946e+01,1.650000000000000000e+03,1.800000000000000000e+03,1.222700939760329009e+00,-7.231897355948557760e-01,2.506991834660832197e+00
2.428399999999999892e+01,1.650000000000000000e+03,1.800000000000000000e+03,1.221387849411076365e+00,-7.339320160249598324e-01,2.498522997789007327e+00
2.430099999999999838e+01,1.650000000000000000e+03,1.800000000000000000e+03,1.221387849411076365e+00,-7.339320160249598324e-01,2.498522997789007327e+00
2.431800000000000139e+01,1.650000000000000000e+03,1.800000000000000000e+03,1.221387849411076365e+00,-7.339320160249598324e-01,2.498522997789007327e+00
2.433599999999999852e+01,1.650000000000000000e+03,1.800000000000000000e+03,1.220016497536615674e+00,-7.401461073091697429e-01,2.488695475672194402e+00
2.435300000000000153e+01,1.650000000000000000e+03,1.800000000000000000e+03,1.220016497536615674e+00,-7.401461073091697429e-01,2.488695475672194402e+00
2.437099999999999866e+01,1.650000000000000000e+03,1.800000000000000000e+03,1.220016497536615674e+00,-7.401461073091697429e-01,2.488695475672194402e+00
2.438800000000000168e+01,1.650000000000000000e+03,1.800000000000000000e+03,1.218237644437372147e+00,-7.561419153568489371e-01,2.470727370994008520e+00
2.440500000000000114e+01,1.650000000000000000e+03,1.800000000000000000e+03,1.216961528358129208e+00,-7.587482787289174802e-01,2.437830538767206345e+00
2.442200000000000060e+01,1.650000000000000000e+03,1.800000000000000000e+03,1.216961528358129208e+00,-7.587482787289174802e-01,2.437830538767206345e+00
2.443900000000000006e+01,1.650000000000000000e+03,1.800000000000000000e+03,1.216530492277531295e+00,-7.622832745556449296e-01,2.438249895917597776e+00
2.445599999999999952e+01,1.650000000000000000e+03,1.800000000000000000e+03,1.214592364128572299e+00,-7.710552101285874649e-01,2.439203087505087186e+00
2.447299999999999898e+01,1.650000000000000000e+03,1.800000000000000000e+03,1.214592364128572299e+00,-7.710552101285874649e-01,2.439203087505087186e+00
2.448999999999999844e+01,1.650000000000000000e+03,1.800000000000000000e+03,1.213819047705798848e+00,-7.745552956210630668e-01,2.439621162928374609e+00
2.450799999999999912e+01,1.650000000000000000e+03,1.800000000000000000e+03,1.214081295577308151e+00,-7.781024754846019853e-01,2.440038848963118845e+00
2.452499999999999858e+01,1.650000000000000000e+03,1.800000000000000000e+03,1.213654033332490778e+00,-7.816099073309805689e-01,2.435335612637492098e+00
2.454200000000000159e+01,1.650000000000000000e+03,1.800000000000000000e+03,1.213654033332490778e+00,-7.816099073309805689e-01,2.435335612637492098e+00
2.455900000000000105e+01,1.650000000000000000e+03,1.800000000000000000e+03,1.211850044021143713e+00,-7.850431880344155289e-01,2.404297029727588519e+00
2.457600000000000051e+01,1.650000000000000000e+03,1.800000000000000000e+03,1.211424981457415839e+00,-7.885407723636324029e-01,2.399468646368843494e+00
2.459299999999999997e+01,1.650000000000000000e+03,1.800000000000000000e+03,1.209506254570072326e+00,-7.972200581596724511e-01,2.393252794627135582e+00
2.460999999999999943e+01,1.650000000000000000e+03,1.800000000000000000e+03,1.209506254570072326e+00,-7.972200581596724511e-01,2.393252794627135582e+00
2.462699999999999889e+01,1.650000000000000000e+03,1.800000000000000000e+03,1.209506254570072326e+00,-7.972200581596724511e-01,2.393252794627135582e+00
2.464499999999999957e+01,1.650000000000000000e+03,1.800000000000000000e+03,1.208397407193593232e+00,-8.006660574312833845e-01,2.388565827741090164e+00
2.466199999999999903e+01,1.650000000000000000e+03,1.800000000000000000e+03,1.208397407193593232e+00,-8.006660574312833845e-01,2.388565827741090164e+00
2.467899999999999849e+01,1.650000000000000000e+03,1.800000000000000000e+03,1.207212752120119026e+00,-8.075949392066905652e-01,2.389418816928276623e+00
2.469600000000000151e+01,1.650000000000000000e+03,1.800000000000000000e+03,1.207212752120119026e+00,-8.075949392066905652e-01,2.389418816928276623e+00
2.471300000000000097e+01,1.650000000000000000e+03,1.800000000000000000e+03,1.206146113963709743e+00,-8.092856501481393572e-01,2.372378690041955451e+00
2.473000000000000043e+01,1.650000000000000000e+03,1.800000000000000000e+03,1.206146113963709743e+00,-8.092856501481393572e-01,2.372378690041955451e+00
2.474699999999999989e+01,1.650000000000000000e+03,1.800000000000000000e+03,1.206146113963709743e+00,-8.092856501481393572e-01,2.372378690041955451e+00
2.476399999999999935e+01,1.650000000000000000e+03,1.800000000000000000e+03,1.203371030177098122e+00,-8.187170754123083150e-01,2.357532939592595245e+00
2.478200000000000003e+01,1.650000000000000000e+03,1.800000000000000000e+03,1.202613138100332879e+00,-8.221500681600431015e-01,2.357963061020176276e+00
2.479899999999999949e+01,1.650000000000000000e+03,1.800000000000000000e+03,1.202197863614149265e+00,-8.255952094705820699e-01,2.358392830953790931e+00
2.481599999999999895e+01,1.650000000000000000e+03,1.800000000000000000e+03,1.202197863614149265e+00,-8.255952094705820699e-01,2.358392830953790931e+00
2.483299999999999841e+01,1.650000000000000000e+03,1.800000000000000000e+03,1.200454000088214457e+00,-8.272397186541651237e-01,2.347008814091901652e+00
2.485000000000000142e+01,1.650000000000000000e+03,1.800000000000000000e+03,1.200454000088214457e+00,-8.272397186541651237e-01,2.347008814091901652e+00
2.486799999999999855e+01,1.650000000000000000e+03,1.800000000000000000e+03,1.200454000088214457e+00,-8.272397186541651237e-01,2.347008814091901652e+00
2.488500000000000156e+01,1.650000000000000000e+03,1.800000000000000000e+03,1.193069148356212139e+00,-8.466947262673549801e-01,2.327861382670974866e+00
2.490200000000000102e+01,1.650000000000000000e+03,1.800000000000000000e+03,1.189507651371883412e+00,-8.550872152306254748e-01,2.323554228619043815e+00
2.491900000000000048e+01,1.650000000000000000e+03,1.800000000000000000e+03,1.187593177881790307e+00,-8.575576437739860225e-01,2.323825756273628418e+00
2.493700000000000117e+01,1.650000000000000000e+03,1.800000000000000000e+03,1.187593177881790307e+00,-8.575576437739860225e-01,2.323825756273628418e+00
2.495499999999999829e+01,1.650000000000000000e+03,1.800000000000000000e+03,1.186359060085559136e+00,-8.600589170321719656e-01,2.324255836609079751e+00
2.497200000000000131e+01,1.650000000000000000e+03,1.800000000000000000e+03,1.184787180224208258e+00,-8.625409948899038781e-01,2.313609249553713276e+00
2.498999999999999844e+01,1.650000000000000000e+03,1.800000000000000000e+03,1.184787180224208258e+00,-8.625409948899038781e-01,2.313609249553713276e+00
2.500700000000000145e+01,1.650000000000000000e+03,1.800000000000000000e+03,1.184787180224208258e+00,-8.625409948899038781e-01,2.313609249553713276e+00
2.502400000000000091e+01,1.650000000000000000e+03,1.800000000000000000e+03,1.184387877040598891e+00,-8.659295707424385924e-01,2.314039594767049568e+00
2.504100000000000037e+01,1.650000000000000000e+03,1.800000000000000000e+03,1.184387877040598891e+00,-8.659295707424385924e-01,2.314039594767049568e+00
2.505799999999999983e+01,1.650000000000000000e+03,1.800000000000000000e+03,1.184387877040598891e+00,-8.659295707424385924e-01,2.314039594767049568e+00
2.507499999999999929e+01,1.650000000000000000e+03,1.800000000000000000e+03,1.178797882736213776e+00,-8.758520821896711439e-01,2.304281447248647918e+00
2.509199999999999875e+01,1.650000000000000000e+03,1.800000000000000000e+03,1.177390179182935537e+00,-8.791726345746111448e-01,2.304862740919924935e+00
2.510900000000000176e+01,1.650000000000000000e+03,1.800000000000000000e+03,1.177390179182935537e+00,-8.791726345746111448e-01,2.304862740919924935e+00
2.512600000000000122e+01,1.650000000000000000e+03,1.800000000000000000e+03,1.176659761572845353e+00,-8.825215866038584878e-01,2.305291816384329007e+00
2.514300000000000068e+01,1.650000000000000000e+03,1.800000000000000000e+03,1.176659761572845353e+00,-8.825215866038584878e-01,2.305291816384329007e+00
2.516000000000000014e+01,1.650000000000000000e+03,1.800000000000000000e+03,1.175775117021376381e+00,-8.850138127763238494e-01,2.275301010262968493e+00
2.517800000000000082e+01,1.650000000000000000e+03,1.800000000000000000e+03,1.175775117021376381e+00,-8.850138127763238494e-01,2.275301010262968493e+00
2.519500000000000028e+01,1.650000000000000000e+03,1.800000000000000000e+03,1.174034888798286769e+00,-8.883054343437617462e-01,2.295564683857968191e+00
2.521199999999999974e+01,1.650000000000000000e+03,1.800000000000000000e+03,1.172971140929431222e+00,-8.916253836089489404e-01,2.290272955292243395e+00
2.523000000000000043e+01,1.650000000000000000e+03,1.800000000000000000e+03,1.172971140929431222e+00,-8.916253836089489404e-01,2.290272955292243395e+00
2.524699999999999989e+01,1.650000000000000000e+03,1.800000000000000000e+03,1.168467508110138997e+00,-8.998155993320144930e-01,2.281556808261165248e+00
2.526399999999999935e+01,1.650000000000000000e+03,1.800000000000000000e+03,1.165548990863909395e+00,-9.038678079387354458e-01,2.270620301076609060e+00
2.528099999999999881e+01,1.650000000000000000e+03,1.800000000000000000e+03,1.165548990863909395e+00,-9.038678079387354458e-01,2.270620301076609060e+00
2.529799999999999827e+01,1.650000000000000000e+03,1.800000000000000000e+03,1.165548990863909395e+00,-9.038678079387354458e-01,2.270620301076609060e+00
2.531500000000000128e+01,1.650000000000000000e+03,1.800000000000000000e+03,1.164830515761977603e+00,-9.071827432512105105e-01,2.262574608512569974e+00
2.533200000000000074e+01,1.650000000000000000e+03,1.800000000000000000e+03,1.164830515761977603e+00,-9.071827432512105105e-01,2.262574608512569974e+00
2.534799999999999898e+01,1.650000000000000000e+03,1.800000000000000000e+03,1.163105729640895536e+00,-9.104444369331896603e-01,2.265782193617188245e+00
2.536599999999999966e+01,1.650000000000000000e+03,1.800000000000000000e+03,1.161226361885064229e+00,-9.128594709789070727e-01,2.256580133425705625e+00
2.538299999999999912e+01,1.650000000000000000e+03,1.800000000000000000e+03,1.150587300151925563e+00,-9.339569951374375734e-01,2.224271192971999600e+00
2.539999999999999858e+01,1.650000000000000000e+03,1.800000000000000000e+03,1.150587300151925563e+00,-9.339569951374375734e-01,2.224271192971999600e+00
2.541700000000000159e+01,1.650000000000000000e+03,1.800000000000000000e+03,1.149391438914847630e+00,-9.363807147446832069e-01,2.224694369578031239e+00
2.543400000000000105e+01,1.650000000000000000e+03,1.800000000000000000e+03,1.149391438914847630e+00,-9.363807147446832069e-01,2.224694369578031239e+00
2.545200000000000173e+01,1.650000000000000000e+03,1.800000000000000000e+03,1.149391438914847630e+00,-9.363807147446832069e-01,2.224694369578031239e+00
2.546999999999999886e+01,1.650000000000000000e+03,1.800000000000000000e+03,1.146335991766483264e+00,-9.411889270260584972e-01,2.207380986270421008e+00
2.548699999999999832e+01,1.650000000000000000e+03,1.800000000000000000e+03,1.144969384524003653e+00,-9.444209426378571415e-01,2.205516410987149012e+00
2.550400000000000134e+01,1.650000000000000000e+03,1.800000000000000000e+03,1.144969384524003653e+00,-9.444209426378571415e-01,2.205516410987149012e+00
2.552100000000000080e+01,1.650000000000000000e+03,1.800000000000000000e+03,1.144969384524003653e+00,-9.444209426378571415e-01,2.205516410987149012e+00
2.553800000000000026e+01,1.650000000000000000e+03,1.800000000000000000e+03,1.140895146644579583e+00,-9.524502418373050894e-01,2.198938920186329415e+00
2.555499999999999972e+01,1.650000000000000000e+03,1.800000000000000000e+03,1.140895146644579583e+00,-9.524502418373050894e-01,2.198938920186329415e+00
2.557199999999999918e+01,1.650000000000000000e+03,1.800000000000000000e+03,1.138683174978993851e+00,-9.580848413669058594e-01,2.180168599661682638e+00
2.558899999999999864e+01,1.650000000000000000e+03,1.800000000000000000e+03,1.138683174978993851e+00,-9.580848413669058594e-01,2.180168599661682638e+00
2.560600000000000165e+01,1.650000000000000000e+03,1.800000000000000000e+03,1.136834644565450914e+00,-9.604527500425019682e-01,2.188309931489851756e+00
2.562300000000000111e+01,1.650000000000000000e+03,1.800000000000000000e+03,1.135479999783785665e+00,-9.636588908461747316e-01,2.182729559197125191e+00
2.564000000000000057e+01,1.650000000000000000e+03,1.800000000000000000e+03,1.135479999783785665e+00,-9.636588908461747316e-01,2.182729559197125191e+00
2.565700000000000003e+01,1.650000000000000000e+03,1.800000000000000000e+03,1.133475163177117162e+00,-9.651973626467635903e-01,2.175631614659956359e+00
2.567500000000000071e+01,1.650000000000000000e+03,1.800000000000000000e+03,1.133475163177117162e+00,-9.651973626467635903e-01,2.175631614659956359e+00
2.569200000000000017e+01,1.650000000000000000e+03,1.800000000000000000e+03,1.131106567311786382e+00,-9.716083704171212254e-01,2.176647342876552038e+00
2.570899999999999963e+01,1.650000000000000000e+03,1.800000000000000000e+03,1.131106567311786382e+00,-9.716083704171212254e-01,2.176647342876552038e+00
2.572599999999999909e+01,1.650000000000000000e+03,1.800000000000000000e+03,1.125101311714928887e+00,-9.778301757056513388e-01,2.158749981320637445e+00
2.574299999999999855e+01,1.650000000000000000e+03,1.800000000000000000e+03,1.123428556035807713e+00,-9.809975181104859665e-01,2.153154702797680731e+00
2.576000000000000156e+01,1.650000000000000000e+03,1.800000000000000000e+03,1.123428556035807713e+00,-9.809975181104859665e-01,2.153154702797680731e+00
2.577700000000000102e+01,1.650000000000000000e+03,1.800000000000000000e+03,1.123428556035807713e+00,-9.809975181104859665e-01,2.153154702797680731e+00
2.579400000000000048e+01,1.650000000000000000e+03,1.800000000000000000e+03,1.119766293201930996e+00,-9.856861990980960719e-01,2.141779310871381181e+00
2.581099999999999994e+01,1.650000000000000000e+03,1.800000000000000000e+03,1.119766293201930996e+00,-9.856861990980960719e-01,2.141779310871381181e+00
2.582799999999999940e+01,1.650000000000000000e+03,1.800000000000000000e+03,1.118598909604847869e+00,-9.880581933130927474e-01,2.148491568626778037e+00
2.584499999999999886e+01,1.650000000000000000e+03,1.800000000000000000e+03,1.118598909604847869e+00,-9.880581933130927474e-01,2.148491568626778037e+00
2.586199999999999832e+01,1.650000000000000000e+03,1.800000000000000000e+03,1.118598909604847869e+00,-9.880581933130927474e-01,2.148491568626778037e+00
2.587999999999999901e+01,1.650000000000000000e+03,1.800000000000000000e+03,1.100576206259969769e+00,-1.008947291317883632e+00,2.121809412575174747e+00
2.589600000000000080e+01,1.650000000000000000e+03,1.800000000000000000e+03,1.098272697716493607e+00,-1.010442037894335066e+00,2.115980090054831120e+00
2.591400000000000148e+01,1.650000000000000000e+03,1.800000000000000000e+03,1.098272697716493607e+00,-1.010442037894335066e+00,2.115980090054831120e+00
2.593100000000000094e+01,1.650000000000000000e+03,1.800000000000000000e+03,1.096793349414854291e+00,-1.012774278911724224e+00,2.110096791334214128e+00
2.594800000000000040e+01,1.650000000000000000e+03,1.800000000000000000e+03,1.096793349414854291e+00,-1.012774278911724224e+00,2.110096791334214128e+00
2.596499999999999986e+01,1.650000000000000000e+03,1.800000000000000000e+03,1.096793349414854291e+00,-1.012774278911724224e+00,2.110096791334214128e+00
2.598199999999999932e+01,1.650000000000000000e+03,1.800000000000000000e+03,1.092359451747708654e+00,-1.016564687555081115e+00,2.104768541155198847e+00
2.599899999999999878e+01,1.650000000000000000e+03,1.800000000000000000e+03,1.090722197685201511e+00,-1.019681127883744765e+00,2.105367177300141002e+00
2.601699999999999946e+01,1.650000000000000000e+03,1.800000000000000000e+03,1.090722197685201511e+00,-1.019681127883744765e+00,2.105367177300141002e+00
2.603399999999999892e+01,1.650000000000000000e+03,1.800000000000000000e+03,1.090722197685201511e+00,-1.019681127883744765e+00,2.105367177300141002e+00
2.605099999999999838e+01,1.650000000000000000e+03,1.800000000000000000e+03,1.082540171871184231e+00,-1.027264786483223613e+00,2.094359201391946090e+00
2.606800000000000139e+01,1.650000000000000000e+03,1.800000000000000000e+03,1.082540171871184231e+00,-1.027264786483223613e+00,2.094359201391946090e+00
2.608500000000000085e+01,1.650000000000000000e+03,1.800000000000000000e+03,1.082540171871184231e+00,-1.027264786483223613e+00,2.094359201391946090e+00
2.610300000000000153e+01,1.650000000000000000e+03,1.800000000000000000e+03,1.078786729941181299e+00,-1.031062848473221827e+00,2.088676897979932168e+00
2.612000000000000099e+01,1.650000000000000000e+03,1.800000000000000000e+03,1.078786729941181299e+00,-1.031062848473221827e+00,2.088676897979932168e+00
2.613800000000000168e+01,1.650000000000000000e+03,1.800000000000000000e+03,1.076668586409431416e+00,-1.033344852926051161e+00,2.083554952797724180e+00
2.615500000000000114e+01,1.650000000000000000e+03,1.800000000000000000e+03,1.075534487953230256e+00,-1.035669920317462633e+00,2.072087256072427941e+00
2.617200000000000060e+01,1.650000000000000000e+03,1.800000000000000000e+03,1.075534487953230256e+00,-1.035669920317462633e+00,2.072087256072427941e+00
2.619000000000000128e+01,1.650000000000000000e+03,1.800000000000000000e+03,1.069682570375967812e+00,-1.041728719613012277e+00,2.065703540050650933e+00
2.620799999999999841e+01,1.650000000000000000e+03,1.800000000000000000e+03,1.067573714524182371e+00,-1.044000582612699457e+00,2.061089553533053564e+00
2.622500000000000142e+01,1.650000000000000000e+03,1.800000000000000000e+03,1.065297850781245614e+00,-1.045474014278050756e+00,2.061683311880888603e+00
2.624299999999999855e+01,1.650000000000000000e+03,1.800000000000000000e+03,1.063349998258401818e+00,-1.046961537184072366e+00,2.048879456449562930e+00
2.626000000000000156e+01,1.650000000000000000e+03,1.800000000000000000e+03,1.063349998258401818e+00,-1.046961537184072366e+00,2.048879456449562930e+00
2.627700000000000102e+01,1.650000000000000000e+03,1.800000000000000000e+03,1.061742587223582612e+00,-1.050038409229458569e+00,2.049471889401860647e+00
2.629500000000000171e+01,1.650000000000000000e+03,1.800000000000000000e+03,1.061742587223582612e+00,-1.050038409229458569e+00,2.049471889401860647e+00
2.631099999999999994e+01,1.650000000000000000e+03,1.800000000000000000e+03,1.061742587223582612e+00,-1.050038409229458569e+00,2.049471889401860647e+00
2.632900000000000063e+01,1.650000000000000000e+03,1.800000000000000000e+03,1.059471523679870408e+00,-1.051508191726741259e+00,2.045249826549573324e+00
2.634600000000000009e+01,1.650000000000000000e+03,1.800000000000000000e+03,1.057045968191126617e+00,-1.053755924960014134e+00,2.043915307346883647e+00
2.636199999999999832e+01,1.650000000000000000e+03,1.800000000000000000e+03,1.057045968191126617e+00,-1.053755924960014134e+00,2.043915307346883647e+00
2.637900000000000134e+01,1.650000000000000000e+03,1.800000000000000000e+03,1.055926592500431527e+00,-1.056061065245989194e+00,2.039581794029092343e+00
2.639600000000000080e+01,1.650000000000000000e+03,1.800000000000000000e+03,1.037877955785716066e+00,-1.070889759634923610e+00,2.006551434064000716e+00
2.641300000000000026e+01,1.650000000000000000e+03,1.800000000000000000e+03,1.037877955785716066e+00,-1.070889759634923610e+00,2.006551434064000716e+00
2.642999999999999972e+01,1.650000000000000000e+03,1.800000000000000000e+03,1.035624631974630727e+00,-1.072347069995987834e+00,2.003291216135695496e+00
2.644699999999999918e+01,1.650000000000000000e+03,1.800000000000000000e+03,1.035624631974630727e+00,-1.072347069995987834e+00,2.003291216135695496e+00
2.647899999999999920e+01,1.650000000000000000e+03,1.800000000000000000e+03,1.035624631974630727e+00,-1.072347069995987834e+00,2.003291216135695496e+00
2.652199999999999847e+01,1.650000000000000000e+03,1.800000000000000000e+03,1.033719633990939801e+00,-1.075376505281065764e+00,2.003874454657241344e+00
2.653999999999999915e+01,1.650000000000000000e+03,1.800000000000000000e+03,1.033719633990939801e+00,-1.075376505281065764e+00,2.003874454657241344e+00
2.655699999999999861e+01,1.650000000000000000e+03,1.800000000000000000e+03,1.033719633990939801e+00,-1.075376505281065764e+00,2.003874454657241344e+00
2.657999999999999829e+01,1.650000000000000000e+03,1.800000000000000000e+03,1.029395436290840626e+00,-1.079069979361200637e+00,1.998377857066707453e+00
2.659700000000000131e+01,1.650000000000000000e+03,1.800000000000000000e+03,1.029395436290840626e+00,-1.079069979361200637e+00,1.998377857066707453e+00
2.661400000000000077e+01,1.650000000000000000e+03,1.800000000000000000e+03,1.022335611525573285e+00,-1.083410088953502104e+00,1.979791010672007134e+00
2.663100000000000023e+01,1.650000000000000000e+03,1.800000000000000000e+03,1.022335611525573285e+00,-1.083410088953502104e+00,1.979791010672007134e+00
2.664799999999999969e+01,1.650000000000000000e+03,1.800000000000000000e+03,1.013080160039229405e+00,-1.090738061056487851e+00,1.968425373571879522e+00
2.666499999999999915e+01,1.650000000000000000e+03,1.800000000000000000e+03,1.010520810188053842e+00,-1.092169123851791657e+00,1.965973178554541345e+00
2.668199999999999861e+01,1.650000000000000000e+03,1.800000000000000000e+03,1.010520810188053842e+00,-1.092169123851791657e+00,1.965973178554541345e+00
2.669999999999999929e+01,1.650000000000000000e+03,1.800000000000000000e+03,1.008140109117046990e+00,-1.094379290839634145e+00,1.962680486365781851e+00
2.671699999999999875e+01,1.650000000000000000e+03,1.800000000000000000e+03,1.008140109117046990e+00,-1.094379290839634145e+00,1.962680486365781851e+00
2.673400000000000176e+01,1.650000000000000000e+03,1.800000000000000000e+03,1.008140109117046990e+00,-1.094379290839634145e+00,1.962680486365781851e+00
2.675100000000000122e+01,1.650000000000000000e+03,1.800000000000000000e+03,1.003321142286973222e+00,-1.095707133576369063e+00,1.947122708747278441e+00
2.676800000000000068e+01,1.650000000000000000e+03,1.800000000000000000e+03,1.001624897365279487e+00,-1.099485187910129724e+00,1.961388894185972953e+00
2.678500000000000014e+01,1.650000000000000000e+03,1.800000000000000000e+03,1.001624897365279487e+00,-1.099485187910129724e+00,1.961388894185972953e+00
2.680199999999999960e+01,1.650000000000000000e+03,1.800000000000000000e+03,1.001624897365279487e+00,-1.099485187910129724e+00,1.961388894185972953e+00
2.681899999999999906e+01,1.650000000000000000e+03,1.800000000000000000e+03,9.913947492942922768e-01,-1.103645969189385401e+00,1.936073584429478744e+00
2.683699999999999974e+01,1.650000000000000000e+03,1.800000000000000000e+03,9.891720970915161004e-01,-1.105084044315761904e+00,1.934316012711663424e+00
2.685399999999999920e+01,1.650000000000000000e+03,1.800000000000000000e+03,9.891720970915161004e-01,-1.105084044315761904e+00,1.934316012711663424e+00
2.687099999999999866e+01,1.650000000000000000e+03,1.800000000000000000e+03,9.891720970915161004e-01,-1.105084044315761904e+00,1.934316012711663424e+00
2.688800000000000168e+01,1.650000000000000000e+03,1.800000000000000000e+03,9.715381711707149481e-01,-1.114268985817551183e+00,1.912482623612983490e+00
2.690500000000000114e+01,1.650000000000000000e+03,1.800000000000000000e+03,9.715381711707149481e-01,-1.114268985817551183e+00,1.912482623612983490e+00
2.692299999999999827e+01,1.650000000000000000e+03,1.800000000000000000e+03,9.695096921058232731e-01,-1.116473437764180066e+00,1.911223147369958797e+00
2.694000000000000128e+01,1.650000000000000000e+03,1.800000000000000000e+03,9.622421135383707469e-01,-1.120734712900794072e+00,1.891727048713969905e+00
2.695700000000000074e+01,1.650000000000000000e+03,1.800000000000000000e+03,9.622421135383707469e-01,-1.120734712900794072e+00,1.891727048713969905e+00
2.697400000000000020e+01,1.650000000000000000e+03,1.800000000000000000e+03,9.622421135383707469e-01,-1.120734712900794072e+00,1.891727048713969905e+00
2.699099999999999966e+01,1.650000000000000000e+03,1.800000000000000000e+03,9.593938724790869177e-01,-1.122134695467706944e+00,1.893891647030453207e+00
2.700799999999999912e+01,1.650000000000000000e+03,1.800000000000000000e+03,9.563627833789882793e-01,-1.122763839565923405e+00,1.887256109483768318e+00
2.702499999999999858e+01,1.650000000000000000e+03,1.800000000000000000e+03,9.563627833789882793e-01,-1.122763839565923405e+00,1.887256109483768318e+00
2.704200000000000159e+01,1.650000000000000000e+03,1.800000000000000000e+03,9.541605283076031174e-01,-1.124190967588867274e+00,1.886518693295147875e+00
2.705900000000000105e+01,1.650000000000000000e+03,1.800000000000000000e+03,9.513169823120324331e-01,-1.125589118355662333e+00,1.881130512794411791e+00
2.707600000000000051e+01,1.650000000000000000e+03,1.800000000000000000e+03,9.493033628917697531e-01,-1.127783285604548436e+00,1.880526993037056727e+00
2.709400000000000119e+01,1.650000000000000000e+03,1.800000000000000000e+03,9.493033628917697531e-01,-1.127783285604548436e+00,1.880526993037056727e+00
2.710999999999999943e+01,1.650000000000000000e+03,1.800000000000000000e+03,9.412443301867994272e-01,-1.131230204876965129e+00,1.868731749747402970e+00
2.712699999999999889e+01,1.650000000000000000e+03,1.800000000000000000e+03,9.412443301867994272e-01,-1.131230204876965129e+00,1.868731749747402970e+00
2.714399999999999835e+01,1.650000000000000000e+03,1.800000000000000000e+03,9.385428679228968729e-01,-1.131871482321514133e+00,1.861260572285078796e+00
2.716199999999999903e+01,1.650000000000000000e+03,1.800000000000000000e+03,9.360298587226023592e-01,-1.133279471634097479e+00,1.861768651195240709e+00
2.717899999999999849e+01,1.650000000000000000e+03,1.800000000000000000e+03,9.360298587226023592e-01,-1.133279471634097479e+00,1.861768651195240709e+00
2.719600000000000151e+01,1.650000000000000000e+03,1.800000000000000000e+03,9.335184245123115954e-01,-1.134686675378907328e+00,1.855127696139349247e+00
2.721300000000000097e+01,1.650000000000000000e+03,1.800000000000000000e+03,9.335184245123115954e-01,-1.134686675378907328e+00,1.855127696139349247e+00
2.723000000000000043e+01,1.650000000000000000e+03,1.800000000000000000e+03,9.279909125766652167e-01,-1.136719407527714054e+00,1.848941240082707216e+00
2.724699999999999989e+01,1.650000000000000000e+03,1.800000000000000000e+03,9.279909125766652167e-01,-1.136719407527714054e+00,1.848941240082707216e+00
2.726399999999999935e+01,1.650000000000000000e+03,1.800000000000000000e+03,9.279909125766652167e-01,-1.136719407527714054e+00,1.848941240082707216e+00
2.728099999999999881e+01,1.650000000000000000e+03,1.800000000000000000e+03,9.172713607820828230e-01,-1.140794401211781661e+00,1.829192909106564624e+00
2.729799999999999827e+01,1.650000000000000000e+03,1.800000000000000000e+03,9.172713607820828230e-01,-1.140794401211781661e+00,1.829192909106564624e+00
2.731500000000000128e+01,1.650000000000000000e+03,1.800000000000000000e+03,9.172713607820828230e-01,-1.140794401211781661e+00,1.829192909106564624e+00
2.733200000000000074e+01,1.650000000000000000e+03,1.800000000000000000e+03,9.145791687984012874e-01,-1.141433747436035429e+00,1.829712596145705916e+00
2.734900000000000020e+01,1.650000000000000000e+03,1.800000000000000000e+03,9.145791687984012874e-01,-1.141433747436035429e+00,1.829712596145705916e+00
2.736599999999999966e+01,1.650000000000000000e+03,1.800000000000000000e+03,8.965981328802872241e-01,-1.150462859336799593e+00,1.804384826444713319e+00
2.738299999999999912e+01,1.650000000000000000e+03,1.800000000000000000e+03,8.965981328802872241e-01,-1.150462859336799593e+00,1.804384826444713319e+00
2.739999999999999858e+01,1.650000000000000000e+03,1.800000000000000000e+03,8.965981328802872241e-01,-1.150462859336799593e+00,1.804384826444713319e+00
2.741799999999999926e+01,1.650000000000000000e+03,1.800000000000000000e+03,8.909126448879454152e-01,-1.151723664540135861e+00,1.790782001161006054e+00
2.743499999999999872e+01,1.650000000000000000e+03,1.800000000000000000e+03,8.909126448879454152e-01,-1.151723664540135861e+00,1.790782001161006054e+00
2.745200000000000173e+01,1.650000000000000000e+03,1.800000000000000000e+03,8.829417074463161708e-01,-1.155140327184194682e+00,1.777573991267465292e+00
2.746900000000000119e+01,1.650000000000000000e+03,1.800000000000000000e+03,8.805825766872497073e-01,-1.155790392924275434e+00,1.778107227887407937e+00
2.748600000000000065e+01,1.650000000000000000e+03,1.800000000000000000e+03,8.776591099112796002e-01,-1.157916840014171278e+00,1.778869211377503090e+00
2.750300000000000011e+01,1.650000000000000000e+03,1.800000000000000000e+03,8.776591099112796002e-01,-1.157916840014171278e+00,1.778869211377503090e+00
2.751999999999999957e+01,1.650000000000000000e+03,1.800000000000000000e+03,8.776591099112796002e-01,-1.157916840014171278e+00,1.778869211377503090e+00
2.753699999999999903e+01,1.650000000000000000e+03,1.800000000000000000e+03,8.723078521914431338e-01,-1.159188383885980222e+00,1.772511520337142210e+00
2.755499999999999972e+01,1.650000000000000000e+03,1.800000000000000000e+03,8.723078521914431338e-01,-1.159188383885980222e+00,1.772511520337142210e+00
2.757199999999999918e+01,1.650000000000000000e+03,1.800000000000000000e+03,8.687974827745321704e-01,-1.159038909342521961e+00,1.765597028900483423e+00
2.758899999999999864e+01,1.650000000000000000e+03,1.800000000000000000e+03,8.687974827745321704e-01,-1.159038909342521961e+00,1.765597028900483423e+00
2.760600000000000165e+01,1.650000000000000000e+03,1.800000000000000000e+03,8.578673135259939908e-01,-1.163068312856454067e+00,1.745193756839334087e+00
2.762300000000000111e+01,1.650000000000000000e+03,1.800000000000000000e+03,8.578673135259939908e-01,-1.163068312856454067e+00,1.745193756839334087e+00
2.764000000000000057e+01,1.650000000000000000e+03,1.800000000000000000e+03,8.553163656737823306e-01,-1.162960175068449953e+00,1.745735167348592132e+00
2.765700000000000003e+01,1.650000000000000000e+03,1.800000000000000000e+03,8.527284973972075743e-01,-1.165094376344572247e+00,1.740689296800041808e+00
2.767500000000000071e+01,1.650000000000000000e+03,1.800000000000000000e+03,8.527284973972075743e-01,-1.165094376344572247e+00,1.740689296800041808e+00
2.769200000000000017e+01,1.650000000000000000e+03,1.800000000000000000e+03,8.527284973972075743e-01,-1.165094376344572247e+00,1.740689296800041808e+00
2.770899999999999963e+01,1.650000000000000000e+03,1.800000000000000000e+03,8.498599020148771555e-01,-1.164972998609949961e+00,1.741231791272987550e+00
2.772599999999999909e+01,1.650000000000000000e+03,1.800000000000000000e+03,8.470747777070768425e-01,-1.166349994043667682e+00,1.734352118021854183e+00
2.774299999999999855e+01,1.650000000000000000e+03,1.800000000000000000e+03,8.470747777070768425e-01,-1.166349994043667682e+00,1.734352118021854183e+00
2.776000000000000156e+01,1.650000000000000000e+03,1.800000000000000000e+03,8.382386775152448344e-01,-1.167470957085186001e+00,1.721080785382918865e+00
2.777700000000000102e+01,1.650000000000000000e+03,1.800000000000000000e+03,8.382386775152448344e-01,-1.167470957085186001e+00,1.721080785382918865e+00
2.779400000000000048e+01,1.650000000000000000e+03,1.800000000000000000e+03,8.352558661559934539e-01,-1.168091904534780401e+00,1.719417097223284951e+00
2.781099999999999994e+01,1.650000000000000000e+03,1.800000000000000000e+03,8.352558661559934539e-01,-1.168091904534780401e+00,1.719417097223284951e+00
2.782900000000000063e+01,1.650000000000000000e+03,1.800000000000000000e+03,8.319819077281542796e-01,-1.166460518679332647e+00,1.714874627465514445e+00
2.784600000000000009e+01,1.650000000000000000e+03,1.800000000000000000e+03,8.292034370494743012e-01,-1.167837201998596974e+00,1.710230228758707227e+00
2.786400000000000077e+01,1.650000000000000000e+03,1.800000000000000000e+03,8.292034370494743012e-01,-1.167837201998596974e+00,1.710230228758707227e+00
2.787999999999999901e+01,1.650000000000000000e+03,1.800000000000000000e+03,8.093236451935152953e-01,-1.169988105200722384e+00,1.674592023564203336e+00
2.789699999999999847e+01,1.650000000000000000e+03,1.800000000000000000e+03,8.093236451935152953e-01,-1.169988105200722384e+00,1.674592023564203336e+00
2.791400000000000148e+01,1.650000000000000000e+03,1.800000000000000000e+03,8.093236451935152953e-01,-1.169988105200722384e+00,1.674592023564203336e+00
2.793199999999999861e+01,1.650000000000000000e+03,1.800000000000000000e+03,7.976407618494341101e-01,-1.170991370156588385e+00,1.653079581855234625e+00
2.794900000000000162e+01,1.650000000000000000e+03,1.800000000000000000e+03,7.950937603143644061e-01,-1.170885206370271714e+00,1.653638729533831508e+00
2.796600000000000108e+01,1.650000000000000000e+03,1.800000000000000000e+03,7.950937603143644061e-01,-1.170885206370271714e+00,1.653638729533831508e+00
2.798300000000000054e+01,1.650000000000000000e+03,1.800000000000000000e+03,7.921199396390772307e-01,-1.171506634293537630e+00,1.646255711040786940e+00
2.800000000000000000e+01,1.650000000000000000e+03,1.800000000000000000e+03,7.886181399733029895e-01,-1.171360906521380141e+00,1.638859946115265975e+00
2.801699999999999946e+01,1.650000000000000000e+03,1.800000000000000000e+03,7.886181399733029895e-01,-1.171360906521380141e+00,1.638859946115265975e+00
2.803399999999999892e+01,1.650000000000000000e+03,1.800000000000000000e+03,7.861749363115033695e-01,-1.172749281127358767e+00,1.643627055877099119e+00
2.805099999999999838e+01,1.650000000000000000e+03,1.800000000000000000e+03,7.827808101614570635e-01,-1.171863389875312134e+00,1.640262707194117819e+00
2.806899999999999906e+01,1.650000000000000000e+03,1.800000000000000000e+03,7.798095785498697641e-01,-1.172484951827566402e+00,1.628163268665242969e+00
2.808599999999999852e+01,1.650000000000000000e+03,1.800000000000000000e+03,7.764152926044181058e-01,-1.173833334300595777e+00,1.620577604561369789e+00
2.810399999999999920e+01,1.650000000000000000e+03,1.800000000000000000e+03,7.764152926044181058e-01,-1.173833334300595777e+00,1.620577604561369789e+00
2.812099999999999866e+01,1.650000000000000000e+03,1.800000000000000000e+03,7.675055945801070312e-01,-1.173464449179706381e+00,1.614391978441619635e+00
2.813800000000000168e+01,1.650000000000000000e+03,1.800000000000000000e+03,7.675055945801070312e-01,-1.173464449179706381e+00,1.614391978441619635e+00
2.815599999999999881e+01,1.650000000000000000e+03,1.800000000000000000e+03,7.647453298859272497e-01,-1.172605750343375774e+00,1.611705485835420060e+00
2.817299999999999827e+01,1.650000000000000000e+03,1.800000000000000000e+03,7.619923819112033314e-01,-1.173980917036923977e+00,1.604261175830424380e+00
2.819000000000000128e+01,1.650000000000000000e+03,1.800000000000000000e+03,7.584922530015421049e-01,-1.173836424499385522e+00,1.596808703980455268e+00
2.820700000000000074e+01,1.650000000000000000e+03,1.800000000000000000e+03,7.584922530015421049e-01,-1.173836424499385522e+00,1.596808703980455268e+00
2.822500000000000142e+01,1.650000000000000000e+03,1.800000000000000000e+03,7.553101973505034206e-01,-1.173705163567228205e+00,1.605674038277812077e+00
2.824200000000000088e+01,1.650000000000000000e+03,1.800000000000000000e+03,7.524462498060122684e-01,-1.173587106723302131e+00,1.598223226897641291e+00
2.825900000000000034e+01,1.650000000000000000e+03,1.800000000000000000e+03,7.494809782750595506e-01,-1.174209172581582195e+00,1.598789022699818485e+00
2.827700000000000102e+01,1.650000000000000000e+03,1.800000000000000000e+03,7.494809782750595506e-01,-1.174209172581582195e+00,1.598789022699818485e+00
2.829400000000000048e+01,1.650000000000000000e+03,1.800000000000000000e+03,7.404717836798961894e-01,-1.174582689022951598e+00,1.584433907043995449e+00
2.831099999999999994e+01,1.650000000000000000e+03,1.800000000000000000e+03,7.372901442655028781e-01,-1.174452042609905877e+00,1.576964129603244169e+00
2.832799999999999940e+01,1.650000000000000000e+03,1.800000000000000000e+03,7.341083940670440899e-01,-1.174321486410943916e+00,1.577815324727492419e+00
2.834499999999999886e+01,1.650000000000000000e+03,1.800000000000000000e+03,7.341083940670440899e-01,-1.174321486410943916e+00,1.577815324727492419e+00
2.836199999999999832e+01,1.650000000000000000e+03,1.800000000000000000e+03,7.219200805767180817e-01,-1.174566212390626863e+00,1.557841195880268703e+00
2.837900000000000134e+01,1.650000000000000000e+03,1.800000000000000000e+03,7.191526987718350750e-01,-1.173709074756442927e+00,1.556447293331289838e+00
2.839699999999999847e+01,1.650000000000000000e+03,1.800000000000000000e+03,7.191526987718350750e-01,-1.173709074756442927e+00,1.556447293331289838e+00
2.841400000000000148e+01,1.650000000000000000e+03,1.800000000000000000e+03,7.191526987718350750e-01,-1.173709074756442927e+00,1.556447293331289838e+00
2.843100000000000094e+01,1.650000000000000000e+03,1.800000000000000000e+03,7.159703262857668449e-01,-1.173579028875812558e+00,1.548968358156380898e+00
2.844800000000000040e+01,1.650000000000000000e+03,1.800000000000000000e+03,7.125647129413992253e-01,-1.172695662208888212e+00,1.534854551566423808e+00
2.846499999999999986e+01,1.650000000000000000e+03,1.800000000000000000e+03,7.125647129413992253e-01,-1.172695662208888212e+00,1.534854551566423808e+00
2.848199999999999932e+01,1.650000000000000000e+03,1.800000000000000000e+03,7.034644287346574210e-01,-1.173813019371725996e+00,1.528637591762282089e+00
2.849899999999999878e+01,1.650000000000000000e+03,1.800000000000000000e+03,6.971921510115628440e-01,-1.172813556318166750e+00,1.514341504549585604e+00
2.851699999999999946e+01,1.650000000000000000e+03,1.800000000000000000e+03,6.971921510115628440e-01,-1.172813556318166750e+00,1.514341504549585604e+00
2.853500000000000014e+01,1.650000000000000000e+03,1.800000000000000000e+03,6.971921510115628440e-01,-1.172813556318166750e+00,1.514341504549585604e+00
2.855199999999999960e+01,1.650000000000000000e+03,1.800000000000000000e+03,6.912357624128584455e-01,-1.171826928740357321e+00,1.506258661235215568e+00
2.856899999999999906e+01,1.650000000000000000e+03,1.800000000000000000e+03,6.882791869371396309e-01,-1.172451346154925744e+00,1.506827965328308094e+00
2.858599999999999852e+01,1.650000000000000000e+03,1.800000000000000000e+03,6.882791869371396309e-01,-1.172451346154925744e+00,1.506827965328308094e+00
2.860399999999999920e+01,1.650000000000000000e+03,1.800000000000000000e+03,6.882791869371396309e-01,-1.172451346154925744e+00,1.506827965328308094e+00
2.862099999999999866e+01,1.650000000000000000e+03,1.800000000000000000e+03,6.759524221663901766e-01,-1.171206947700326850e+00,1.493486413541230906e+00
2.863800000000000168e+01,1.650000000000000000e+03,1.800000000000000000e+03,6.759524221663901766e-01,-1.171206947700326850e+00,1.493486413541230906e+00
2.865500000000000114e+01,1.650000000000000000e+03,1.800000000000000000e+03,6.724496537050508316e-01,-1.171065145789332629e+00,1.485701963326643282e+00
2.867200000000000060e+01,1.650000000000000000e+03,1.800000000000000000e+03,6.724496537050508316e-01,-1.171065145789332629e+00,1.485701963326643282e+00
2.868900000000000006e+01,1.650000000000000000e+03,1.800000000000000000e+03,6.667175821136941405e-01,-1.170833326687175546e+00,1.470147358788477243e+00
2.870599999999999952e+01,1.650000000000000000e+03,1.800000000000000000e+03,6.667175821136941405e-01,-1.170833326687175546e+00,1.470147358788477243e+00
2.872299999999999898e+01,1.650000000000000000e+03,1.800000000000000000e+03,6.667175821136941405e-01,-1.170833326687175546e+00,1.470147358788477243e+00
2.874099999999999966e+01,1.650000000000000000e+03,1.800000000000000000e+03,6.638514216354998165e-01,-1.170717519129731432e+00,1.470715386023470073e+00
2.875799999999999912e+01,1.650000000000000000e+03,1.800000000000000000e+03,6.607532906228632541e-01,-1.169847417733019146e+00,1.462951982859799438e+00
2.877499999999999858e+01,1.650000000000000000e+03,1.800000000000000000e+03,6.566982522389572807e-01,-1.168938486225025386e+00,1.455140930100571328e+00
2.879299999999999926e+01,1.650000000000000000e+03,1.800000000000000000e+03,6.506447513538318184e-01,-1.168694391439878189e+00,1.447795606584888928e+00
2.880999999999999872e+01,1.650000000000000000e+03,1.800000000000000000e+03,6.506447513538318184e-01,-1.168694391439878189e+00,1.447795606584888928e+00
2.882700000000000173e+01,1.650000000000000000e+03,1.800000000000000000e+03,6.443561579261185557e-01,-1.167695512214565134e+00,1.431119442789481333e+00
2.884499999999999886e+01,1.650000000000000000e+03,1.800000000000000000e+03,6.286644822708953306e-01,-1.164826118530791543e+00,1.417032603144476433e+00
2.886199999999999832e+01,1.650000000000000000e+03,1.800000000000000000e+03,6.286644822708953306e-01,-1.164826118530791543e+00,1.417032603144476433e+00
2.887900000000000134e+01,1.650000000000000000e+03,1.800000000000000000e+03,6.286644822708953306e-01,-1.164826118530791543e+00,1.417032603144476433e+00
2.889600000000000080e+01,1.650000000000000000e+03,1.800000000000000000e+03,6.255563206538670151e-01,-1.163954589958329677e+00,1.410453413832481795e+00
2.891300000000000026e+01,1.650000000000000000e+03,1.800000000000000000e+03,6.221280061183418475e-01,-1.163069997220549823e+00,1.392507498989523640e+00
2.893100000000000094e+01,1.650000000000000000e+03,1.800000000000000000e+03,6.221280061183418475e-01,-1.163069997220549823e+00,1.392507498989523640e+00
2.894800000000000040e+01,1.650000000000000000e+03,1.800000000000000000e+03,6.186984342578045748e-01,-1.162185143555491962e+00,1.391527379550524302e+00
2.896499999999999986e+01,1.650000000000000000e+03,1.800000000000000000e+03,6.186984342578045748e-01,-1.162185143555491962e+00,1.391527379550524302e+00
2.898199999999999932e+01,1.650000000000000000e+03,1.800000000000000000e+03,6.186984342578045748e-01,-1.162185143555491962e+00,1.391527379550524302e+00
2.899899999999999878e+01,1.650000000000000000e+03,1.800000000000000000e+03,6.096792782869400185e-01,-1.159580151445725793e+00,1.375880375526744581e+00
2.901599999999999824e+01,1.650000000000000000e+03,1.800000000000000000e+03,6.068057546081759845e-01,-1.159465099872480032e+00,1.376437671345826841e+00
2.903300000000000125e+01,1.650000000000000000e+03,1.800000000000000000e+03,6.068057546081759845e-01,-1.159465099872480032e+00,1.376437671345826841e+00
2.905000000000000071e+01,1.650000000000000000e+03,1.800000000000000000e+03,6.068057546081759845e-01,-1.159465099872480032e+00,1.376437671345826841e+00
2.906700000000000017e+01,1.650000000000000000e+03,1.800000000000000000e+03,5.996919033725283121e-01,-1.156934383070267192e+00,1.369238918544374073e+00
2.908399999999999963e+01,1.650000000000000000e+03,1.800000000000000000e+03,5.996919033725283121e-01,-1.156934383070267192e+00,1.369238918544374073e+00
2.910099999999999909e+01,1.650000000000000000e+03,1.800000000000000000e+03,5.996919033725283121e-01,-1.156934383070267192e+00,1.369238918544374073e+00
2.911799999999999855e+01,1.650000000000000000e+03,1.800000000000000000e+03,5.970598723851510137e-01,-1.157578123059851638e+00,1.369795006204183707e+00
2.913500000000000156e+01,1.650000000000000000e+03,1.800000000000000000e+03,5.906525183757596054e-01,-1.154324517142376827e+00,1.353742793858492277e+00
2.915299999999999869e+01,1.650000000000000000e+03,1.800000000000000000e+03,5.906525183757596054e-01,-1.154324517142376827e+00,1.353742793858492277e+00
2.917000000000000171e+01,1.650000000000000000e+03,1.800000000000000000e+03,5.777650536723077934e-01,-1.151559033411864164e+00,1.327323646072041452e+00
2.918700000000000117e+01,1.650000000000000000e+03,1.800000000000000000e+03,5.777650536723077934e-01,-1.151559033411864164e+00,1.327323646072041452e+00
2.920400000000000063e+01,1.650000000000000000e+03,1.800000000000000000e+03,5.777650536723077934e-01,-1.151559033411864164e+00,1.327323646072041452e+00
2.922100000000000009e+01,1.650000000000000000e+03,1.800000000000000000e+03,5.743917127402795586e-01,-1.149922448905526196e+00,1.324667808231018373e+00
2.923799999999999955e+01,1.650000000000000000e+03,1.800000000000000000e+03,5.743917127402795586e-01,-1.149922448905526196e+00,1.324667808231018373e+00
2.925400000000000134e+01,1.650000000000000000e+03,1.800000000000000000e+03,5.743917127402795586e-01,-1.149922448905526196e+00,1.324667808231018373e+00
2.927199999999999847e+01,1.650000000000000000e+03,1.800000000000000000e+03,5.715840292452663007e-01,-1.149059075526605689e+00,1.328788191465752222e+00
2.928900000000000148e+01,1.650000000000000000e+03,1.800000000000000000e+03,5.715840292452663007e-01,-1.149059075526605689e+00,1.328788191465752222e+00
2.930600000000000094e+01,1.650000000000000000e+03,1.800000000000000000e+03,5.646139339479958608e-01,-1.148029622674189287e+00,1.299961387765549370e+00
2.932300000000000040e+01,1.650000000000000000e+03,1.800000000000000000e+03,5.581710409388311867e-01,-1.144763502415166556e+00,1.292413431326122186e+00
2.934100000000000108e+01,1.650000000000000000e+03,1.800000000000000000e+03,5.546471348275912039e-01,-1.144623231473379743e+00,1.293221721525281254e+00
2.935800000000000054e+01,1.650000000000000000e+03,1.800000000000000000e+03,5.546471348275912039e-01,-1.144623231473379743e+00,1.293221721525281254e+00
2.937500000000000000e+01,1.650000000000000000e+03,1.800000000000000000e+03,5.326136357745567818e-01,-1.139224785289712383e+00,1.257795190798710161e+00
2.939199999999999946e+01,1.650000000000000000e+03,1.800000000000000000e+03,5.300475484633784262e-01,-1.139122926044726647e+00,1.258323737605457904e+00
2.940899999999999892e+01,1.650000000000000000e+03,1.800000000000000000e+03,5.258154013989897457e-01,-1.135934317618347400e+00,1.241577459237941161e+00
2.942599999999999838e+01,1.650000000000000000e+03,1.800000000000000000e+03,5.197163017951742514e-01,-1.135692328024687558e+00,1.251579732127793720e+00
2.944300000000000139e+01,1.650000000000000000e+03,1.800000000000000000e+03,5.197163017951742514e-01,-1.135692328024687558e+00,1.251579732127793720e+00
2.946099999999999852e+01,1.650000000000000000e+03,1.800000000000000000e+03,5.197163017951742514e-01,-1.135692328024687558e+00,1.251579732127793720e+00
2.947800000000000153e+01,1.650000000000000000e+03,1.800000000000000000e+03,5.197163017951742514e-01,-1.135692328024687558e+00,1.251579732127793720e+00
2.949500000000000099e+01,1.650000000000000000e+03,1.800000000000000000e+03,5.197163017951742514e-01,-1.135692328024687558e+00,1.251579732127793720e+00
2.951200000000000045e+01,1.650000000000000000e+03,1.800000000000000000e+03,5.072444871368455566e-01,-1.130658678162568265e+00,1.228030985129167529e+00
2.953000000000000114e+01,1.650000000000000000e+03,1.800000000000000000e+03,5.038314404212143049e-01,-1.129008203229502794e+00,1.222822334081970386e+00
2.954799999999999827e+01,1.650000000000000000e+03,1.800000000000000000e+03,5.038314404212143049e-01,-1.129008203229502794e+00,1.222822334081970386e+00
2.956400000000000006e+01,1.650000000000000000e+03,1.800000000000000000e+03,5.006769675314390877e-01,-1.128125187094216830e+00,1.208186930309069984e+00
2.958099999999999952e+01,1.650000000000000000e+03,1.800000000000000000e+03,4.979031280342172128e-01,-1.126498462428349168e+00,1.215291447407297554e+00
2.959799999999999898e+01,1.650000000000000000e+03,1.800000000000000000e+03,4.941619265488661483e-01,-1.124832345634541486e+00,1.191733781420440064e+00
2.961700000000000088e+01,1.650000000000000000e+03,1.800000000000000000e+03,4.941619265488661483e-01,-1.124832345634541486e+00,1.191733781420440064e+00
2.963400000000000034e+01,1.650000000000000000e+03,1.800000000000000000e+03,4.941619265488661483e-01,-1.124832345634541486e+00,1.191733781420440064e+00
2.965099999999999980e+01,1.650000000000000000e+03,1.800000000000000000e+03,4.851774847621799225e-01,-1.119916362979109348e+00,1.184872942124526096e+00
2.966900000000000048e+01,1.650000000000000000e+03,1.800000000000000000e+03,4.851774847621799225e-01,-1.119916362979109348e+00,1.184872942124526096e+00
2.968599999999999994e+01,1.650000000000000000e+03,1.800000000000000000e+03,4.822779509698267297e-01,-1.119801472694041955e+00,1.194376201771036428e+00
2.970299999999999940e+01,1.650000000000000000e+03,1.800000000000000000e+03,4.786399468365409859e-01,-1.116612005205925406e+00,1.186317799792200978e+00
2.971999999999999886e+01,1.650000000000000000e+03,1.800000000000000000e+03,4.751499093453595002e-01,-1.115711710782180344e+00,1.161932769623846617e+00
2.973699999999999832e+01,1.650000000000000000e+03,1.800000000000000000e+03,4.720931246948727456e-01,-1.113303002423632115e+00,1.153884834414052429e+00
2.975400000000000134e+01,1.650000000000000000e+03,1.800000000000000000e+03,4.720931246948727456e-01,-1.113303002423632115e+00,1.153884834414052429e+00
2.977100000000000080e+01,1.650000000000000000e+03,1.800000000000000000e+03,4.720931246948727456e-01,-1.113303002423632115e+00,1.153884834414052429e+00
2.978800000000000026e+01,1.650000000000000000e+03,1.800000000000000000e+03,4.661827705772256802e-01,-1.110014936707413025e+00,1.146385202326144492e+00
2.980499999999999972e+01,1.650000000000000000e+03,1.800000000000000000e+03,4.661827705772256802e-01,-1.110014936707413025e+00,1.146385202326144492e+00
2.982199999999999918e+01,1.650000000000000000e+03,1.800000000000000000e+03,4.661827705772256802e-01,-1.110014936707413025e+00,1.146385202326144492e+00
2.983899999999999864e+01,1.650000000000000000e+03,1.800000000000000000e+03,4.380748960837621553e-01,-1.094336310244423238e+00,1.080970435936059237e+00
2.985699999999999932e+01,1.650000000000000000e+03,1.800000000000000000e+03,4.380748960837621553e-01,-1.094336310244423238e+00,1.080970435936059237e+00
2.987399999999999878e+01,1.650000000000000000e+03,1.800000000000000000e+03,4.316928330204357067e-01,-1.092544348667828569e+00,1.063015151917702461e+00
2.989199999999999946e+01,1.650000000000000000e+03,1.800000000000000000e+03,4.316928330204357067e-01,-1.092544348667828569e+00,1.063015151917702461e+00
2.990899999999999892e+01,1.650000000000000000e+03,1.800000000000000000e+03,4.279492614392581551e-01,-1.090085695824126510e+00,1.054881810630457384e+00
2.992699999999999960e+01,1.650000000000000000e+03,1.800000000000000000e+03,4.279492614392581551e-01,-1.090085695824126510e+00,1.054881810630457384e+00
2.994399999999999906e+01,1.650000000000000000e+03,1.800000000000000000e+03,4.257272711128381459e-01,-1.089226926837789211e+00,1.064162006943932592e+00
2.996099999999999852e+01,1.650000000000000000e+03,1.800000000000000000e+03,4.257272711128381459e-01,-1.089226926837789211e+00,1.064162006943932592e+00
2.997800000000000153e+01,1.650000000000000000e+03,1.800000000000000000e+03,4.222544797246925441e-01,-1.087547111808290445e+00,1.047266078110479892e+00
2.999500000000000099e+01,1.650000000000000000e+03,1.800000000000000000e+03,4.130277781991709141e-01,-1.084093559351377412e+00,1.057832345307772037e+00
3.001200000000000045e+01,1.650000000000000000e+03,1.800000000000000000e+03,4.130277781991709141e-01,-1.084093559351377412e+00,1.057832345307772037e+00
3.002899999999999991e+01,1.650000000000000000e+03,1.800000000000000000e+03,4.102424317168364976e-01,-1.081664685493661793e+00,1.040853107766940955e+00
3.005399999999999849e+01,1.650000000000000000e+03,1.800000000000000000e+03,4.102424317168364976e-01,-1.081664685493661793e+00,1.040853107766940955e+00
3.007100000000000151e+01,1.650000000000000000e+03,1.800000000000000000e+03,4.102424317168364976e-01,-1.081664685493661793e+00,1.040853107766940955e+00
3.008800000000000097e+01,1.650000000000000000e+03,1.800000000000000000e+03,4.102424317168364976e-01,-1.081664685493661793e+00,1.040853107766940955e+00
3.010500000000000043e+01,1.650000000000000000e+03,1.800000000000000000e+03,4.102424317168364976e-01,-1.081664685493661793e+00,1.040853107766940955e+00
3.012199999999999989e+01,1.650000000000000000e+03,1.800000000000000000e+03,4.102424317168364976e-01,-1.081664685493661793e+00,1.040853107766940955e+00
3.013899999999999935e+01,1.650000000000000000e+03,1.800000000000000000e+03,4.102424317168364976e-01,-1.081664685493661793e+00,1.040853107766940955e+00
3.015599999999999881e+01,1.650000000000000000e+03,1.800000000000000000e+03,4.039222855608906038e-01,-1.078318783942663117e+00,1.033371813606668743e+00
3.017299999999999827e+01,1.650000000000000000e+03,1.800000000000000000e+03,4.039222855608906038e-01,-1.078318783942663117e+00,1.033371813606668743e+00
3.019000000000000128e+01,1.650000000000000000e+03,1.800000000000000000e+03,3.972675439474613324e-01,-1.074955112536287505e+00,1.025959702654747341e+00
3.020899999999999963e+01,1.650000000000000000e+03,1.800000000000000000e+03,3.912117198070512725e-01,-1.072387053509610944e+00,9.685674206350421978e-01
3.022500000000000142e+01,1.650000000000000000e+03,1.800000000000000000e+03,3.912117198070512725e-01,-1.072387053509610944e+00,9.685674206350421978e-01
3.024399999999999977e+01,1.650000000000000000e+03,1.800000000000000000e+03,3.883654000421881136e-01,-1.070720972985806707e+00,9.902624642888530060e-01
3.026099999999999923e+01,1.650000000000000000e+03,1.800000000000000000e+03,3.883654000421881136e-01,-1.070720972985806707e+00,9.902624642888530060e-01
3.027799999999999869e+01,1.650000000000000000e+03,1.800000000000000000e+03,3.813624105148993859e-01,-1.067333282787477522e+00,9.707320143211848329e-01
3.029500000000000171e+01,1.650000000000000000e+03,1.800000000000000000e+03,3.813624105148993859e-01,-1.067333282787477522e+00,9.707320143211848329e-01
3.031200000000000117e+01,1.650000000000000000e+03,1.800000000000000000e+03,3.715312743588599087e-01,-1.061490464981127424e+00,9.727000441504382033e-01
3.032999999999999829e+01,1.650000000000000000e+03,1.800000000000000000e+03,3.689977781804456569e-01,-1.059829531968054628e+00,9.429904314126020815e-01
3.034700000000000131e+01,1.650000000000000000e+03,1.800000000000000000e+03,3.454233337698162654e-01,-1.045584488159815528e+00,9.082435630657006431e-01
3.036499999999999844e+01,1.650000000000000000e+03,1.800000000000000000e+03,3.454233337698162654e-01,-1.045584488159815528e+00,9.082435630657006431e-01
3.038299999999999912e+01,1.650000000000000000e+03,1.800000000000000000e+03,3.454233337698162654e-01,-1.045584488159815528e+00,9.082435630657006431e-01
3.039999999999999858e+01,1.650000000000000000e+03,1.800000000000000000e+03,3.454233337698162654e-01,-1.045584488159815528e+00,9.082435630657006431e-01
3.041700000000000159e+01,1.650000000000000000e+03,1.800000000000000000e+03,3.390751812119618958e-01,-1.040616099983075582e+00,9.181757776280826677e-01
3.043400000000000105e+01,1.650000000000000000e+03,1.800000000000000000e+03,3.390751812119618958e-01,-1.040616099983075582e+00,9.181757776280826677e-01
3.045200000000000173e+01,1.650000000000000000e+03,1.800000000000000000e+03,3.390751812119618958e-01,-1.040616099983075582e+00,9.181757776280826677e-01
3.046900000000000119e+01,1.650000000000000000e+03,1.800000000000000000e+03,3.307427843502224185e-01,-1.035557980940747136e+00,8.799139778877557161e-01
3.048600000000000065e+01,1.650000000000000000e+03,1.800000000000000000e+03,3.272594317050021573e-01,-1.032263263194886260e+00,8.888730964333821927e-01
3.050300000000000011e+01,1.650000000000000000e+03,1.800000000000000000e+03,3.272594317050021573e-01,-1.032263263194886260e+00,8.888730964333821927e-01
3.052199999999999847e+01,1.650000000000000000e+03,1.800000000000000000e+03,3.246938758252211343e-01,-1.030581138193233937e+00,8.491987133977906277e-01
3.053999999999999915e+01,1.650000000000000000e+03,1.800000000000000000e+03,3.218290455684618134e-01,-1.028095303098772284e+00,8.580017837456905827e-01
3.055699999999999861e+01,1.650000000000000000e+03,1.800000000000000000e+03,3.189611430732604003e-01,-1.025606795079867073e+00,8.669200079458201369e-01
3.057499999999999929e+01,1.650000000000000000e+03,1.800000000000000000e+03,3.189611430732604003e-01,-1.025606795079867073e+00,8.669200079458201369e-01
3.059199999999999875e+01,1.650000000000000000e+03,1.800000000000000000e+03,3.189611430732604003e-01,-1.025606795079867073e+00,8.669200079458201369e-01
3.060900000000000176e+01,1.650000000000000000e+03,1.800000000000000000e+03,3.160289881827758052e-01,-1.024697246643358373e+00,8.508092278866810076e-01
3.062600000000000122e+01,1.650000000000000000e+03,1.800000000000000000e+03,3.128564748957507469e-01,-1.021400272898377537e+00,8.596250565501560859e-01
3.064300000000000068e+01,1.650000000000000000e+03,1.800000000000000000e+03,3.128564748957507469e-01,-1.021400272898377537e+00,8.596250565501560859e-01
3.066100000000000136e+01,1.650000000000000000e+03,1.800000000000000000e+03,3.102796502956961522e-01,-1.019710201474501421e+00,8.275843551441831591e-01
3.067800000000000082e+01,1.650000000000000000e+03,1.800000000000000000e+03,2.986883334185905792e-01,-1.011294513531618922e+00,8.219248459515747784e-01
3.069500000000000028e+01,1.650000000000000000e+03,1.800000000000000000e+03,2.961279938664092004e-01,-1.008801196250485699e+00,7.972784087105911910e-01
3.071300000000000097e+01,1.650000000000000000e+03,1.800000000000000000e+03,2.961279938664092004e-01,-1.008801196250485699e+00,7.972784087105911910e-01
3.072899999999999920e+01,1.650000000000000000e+03,1.800000000000000000e+03,2.961279938664092004e-01,-1.008801196250485699e+00,7.972784087105911910e-01
3.074699999999999989e+01,1.650000000000000000e+03,1.800000000000000000e+03,2.922689964019307141e-01,-1.005454769489285471e+00,7.980400505535357736e-01
3.076399999999999935e+01,1.650000000000000000e+03,1.800000000000000000e+03,2.893710971163192536e-01,-1.002941774629615868e+00,7.986586485459027385e-01
3.078099999999999881e+01,1.650000000000000000e+03,1.800000000000000000e+03,2.861389781204994875e-01,-1.000412640579354751e+00,7.733621061317782486e-01
3.079799999999999827e+01,1.650000000000000000e+03,1.800000000000000000e+03,2.861389781204994875e-01,-1.000412640579354751e+00,7.733621061317782486e-01
3.081500000000000128e+01,1.650000000000000000e+03,1.800000000000000000e+03,2.835406562146824960e-01,-9.987071131909717181e-01,7.663480708136179986e-01
3.083200000000000074e+01,1.650000000000000000e+03,1.800000000000000000e+03,2.835406562146824960e-01,-9.987071131909717181e-01,7.663480708136179986e-01
3.085000000000000142e+01,1.650000000000000000e+03,1.800000000000000000e+03,2.582006954200204429e-01,-9.783858818907265054e-01,7.101493973303705243e-01
3.086700000000000088e+01,1.650000000000000000e+03,1.800000000000000000e+03,2.582006954200204429e-01,-9.783858818907265054e-01,7.101493973303705243e-01
3.088400000000000034e+01,1.650000000000000000e+03,1.800000000000000000e+03,2.549547942095831132e-01,-9.750224151386577276e-01,7.107138359650189141e-01
3.090099999999999980e+01,1.650000000000000000e+03,1.800000000000000000e+03,2.516842806651553577e-01,-9.724625677332121576e-01,7.187163540900133318e-01
3.091799999999999926e+01,1.650000000000000000e+03,1.800000000000000000e+03,2.516842806651553577e-01,-9.724625677332121576e-01,7.187163540900133318e-01
3.093599999999999994e+01,1.650000000000000000e+03,1.800000000000000000e+03,2.490769679976101436e-01,-9.699271760896706063e-01,6.843181192467100438e-01
3.095299999999999940e+01,1.650000000000000000e+03,1.800000000000000000e+03,2.490769679976101436e-01,-9.699271760896706063e-01,6.843181192467100438e-01
3.097100000000000009e+01,1.650000000000000000e+03,1.800000000000000000e+03,2.467812998216900588e-01,-9.682126171095095657e-01,6.921584148113084645e-01
3.098799999999999955e+01,1.650000000000000000e+03,1.800000000000000000e+03,2.441502693057380213e-01,-9.664831100528683550e-01,6.778973508238571588e-01
3.100499999999999901e+01,1.650000000000000000e+03,1.800000000000000000e+03,2.441502693057380213e-01,-9.664831100528683550e-01,6.778973508238571588e-01
3.102199999999999847e+01,1.650000000000000000e+03,1.800000000000000000e+03,2.408677721266796468e-01,-9.639137929952403816e-01,6.856237438238620419e-01
3.103900000000000148e+01,1.650000000000000000e+03,1.800000000000000000e+03,2.323362809814293328e-01,-9.562437129997110041e-01,6.522091268672218778e-01
3.105600000000000094e+01,1.650000000000000000e+03,1.800000000000000000e+03,2.293746550767952197e-01,-9.536767987927334822e-01,6.874766383572010753e-01
3.107300000000000040e+01,1.650000000000000000e+03,1.800000000000000000e+03,2.293746550767952197e-01,-9.536767987927334822e-01,6.874766383572010753e-01
3.108999999999999986e+01,1.650000000000000000e+03,1.800000000000000000e+03,2.267446067814216093e-01,-9.511208470719005881e-01,6.880244570220753753e-01
3.110699999999999932e+01,1.650000000000000000e+03,1.800000000000000000e+03,2.267446067814216093e-01,-9.511208470719005881e-01,6.880244570220753753e-01
3.112399999999999878e+01,1.650000000000000000e+03,1.800000000000000000e+03,2.214610058433112982e-01,-9.468178052829374636e-01,6.539675479782991463e-01
3.114099999999999824e+01,1.650000000000000000e+03,1.800000000000000000e+03,2.214610058433112982e-01,-9.468178052829374636e-01,6.539675479782991463e-01
3.115800000000000125e+01,1.650000000000000000e+03,1.800000000000000000e+03,2.214610058433112982e-01,-9.468178052829374636e-01,6.539675479782991463e-01
3.117500000000000071e+01,1.650000000000000000e+03,1.800000000000000000e+03,2.188227454459856780e-01,-9.442543159479757087e-01,6.259894803591227186e-01
3.119200000000000017e+01,1.650000000000000000e+03,1.800000000000000000e+03,2.155243121832353115e-01,-9.408412065709614858e-01,6.264914372352484717e-01
3.120899999999999963e+01,1.650000000000000000e+03,1.800000000000000000e+03,2.155243121832353115e-01,-9.408412065709614858e-01,6.264914372352484717e-01
3.122599999999999909e+01,1.650000000000000000e+03,1.800000000000000000e+03,2.132017706369255805e-01,-9.391049831843742979e-01,6.551085987200447880e-01
3.124299999999999855e+01,1.650000000000000000e+03,1.800000000000000000e+03,2.049151892857890012e-01,-9.313665887221449502e-01,6.280847106284231929e-01
3.126099999999999923e+01,1.650000000000000000e+03,1.800000000000000000e+03,1.992743891098398556e-01,-9.253643300685641115e-01,6.000385920105554272e-01
3.127700000000000102e+01,1.650000000000000000e+03,1.800000000000000000e+03,1.992743891098398556e-01,-9.253643300685641115e-01,6.000385920105554272e-01
3.129500000000000171e+01,1.650000000000000000e+03,1.800000000000000000e+03,1.992743891098398556e-01,-9.253643300685641115e-01,6.000385920105554272e-01
3.131200000000000117e+01,1.650000000000000000e+03,1.800000000000000000e+03,1.959377288170227605e-01,-9.227491164827563708e-01,5.940205444165168602e-01
3.132900000000000063e+01,1.650000000000000000e+03,1.800000000000000000e+03,1.936191281866277425e-01,-9.193466922980899625e-01,6.009999573224998892e-01
3.134600000000000009e+01,1.650000000000000000e+03,1.800000000000000000e+03,1.916052530808172172e-01,-9.184354890722006282e-01,5.719853395736022028e-01
3.136299999999999955e+01,1.650000000000000000e+03,1.800000000000000000e+03,1.916052530808172172e-01,-9.184354890722006282e-01,5.719853395736022028e-01
3.137999999999999901e+01,1.650000000000000000e+03,1.800000000000000000e+03,1.752042486880280858e-01,-9.019766614687081407e-01,5.443832575931236706e-01
3.139699999999999847e+01,1.650000000000000000e+03,1.800000000000000000e+03,1.752042486880280858e-01,-9.019766614687081407e-01,5.443832575931236706e-01
3.141400000000000148e+01,1.650000000000000000e+03,1.800000000000000000e+03,1.674664631657400982e-01,-8.941429436316075119e-01,5.094611939998825445e-01
3.143100000000000094e+01,1.650000000000000000e+03,1.800000000000000000e+03,1.674664631657400982e-01,-8.941429436316075119e-01,5.094611939998825445e-01
3.144800000000000040e+01,1.650000000000000000e+03,1.800000000000000000e+03,1.624116211595074688e-01,-8.880734283924889283e-01,5.400095014221590883e-01
3.146499999999999986e+01,1.650000000000000000e+03,1.800000000000000000e+03,1.600470646116898266e-01,-8.854592258480078470e-01,5.161760593448641021e-01
3.148300000000000054e+01,1.650000000000000000e+03,1.800000000000000000e+03,1.600470646116898266e-01,-8.854592258480078470e-01,5.161760593448641021e-01
3.150100000000000122e+01,1.650000000000000000e+03,1.800000000000000000e+03,1.576798856580705621e-01,-8.828421286185506034e-01,5.165837147775846905e-01
3.151800000000000068e+01,1.650000000000000000e+03,1.800000000000000000e+03,1.576798856580705621e-01,-8.828421286185506034e-01,5.165837147775846905e-01
3.153500000000000014e+01,1.650000000000000000e+03,1.800000000000000000e+03,1.542926587941428895e-01,-8.793385323608866599e-01,5.169914674375992725e-01
3.155199999999999960e+01,1.650000000000000000e+03,1.800000000000000000e+03,1.522597584396996329e-01,-8.767290991665173117e-01,4.810575978867452918e-01
3.157000000000000028e+01,1.650000000000000000e+03,1.800000000000000000e+03,1.522597584396996329e-01,-8.767290991665173117e-01,4.810575978867452918e-01
3.158699999999999974e+01,1.650000000000000000e+03,1.800000000000000000e+03,1.522597584396996329e-01,-8.767290991665173117e-01,4.810575978867452918e-01
3.160399999999999920e+01,1.650000000000000000e+03,1.800000000000000000e+03,1.471665956736281089e-01,-8.706147592848303418e-01,4.874279499638410340e-01
3.162099999999999866e+01,1.650000000000000000e+03,1.800000000000000000e+03,1.403548601928206185e-01,-8.627198573378636048e-01,4.575321818429391452e-01
3.163800000000000168e+01,1.650000000000000000e+03,1.800000000000000000e+03,1.403548601928206185e-01,-8.627198573378636048e-01,4.575321818429391452e-01
3.165500000000000114e+01,1.650000000000000000e+03,1.800000000000000000e+03,1.379652857072886096e-01,-8.600775106412337223e-01,4.578863372645338159e-01
3.167200000000000060e+01,1.650000000000000000e+03,1.800000000000000000e+03,1.379652857072886096e-01,-8.600775106412337223e-01,4.578863372645338159e-01
3.168900000000000006e+01,1.650000000000000000e+03,1.800000000000000000e+03,1.362567645395362792e-01,-8.583094341281243267e-01,4.525315437599575774e-01
3.170599999999999952e+01,1.650000000000000000e+03,1.800000000000000000e+03,1.362567645395362792e-01,-8.583094341281243267e-01,4.525315437599575774e-01
3.172299999999999898e+01,1.650000000000000000e+03,1.800000000000000000e+03,1.328358810692322756e-01,-8.547693102815370203e-01,4.528807095980073028e-01
3.173999999999999844e+01,1.650000000000000000e+03,1.800000000000000000e+03,1.304373972455419306e-01,-8.512679583301601127e-01,4.585946399485575364e-01
3.175700000000000145e+01,1.650000000000000000e+03,1.800000000000000000e+03,1.304373972455419306e-01,-8.512679583301601127e-01,4.585946399485575364e-01
3.177400000000000091e+01,1.650000000000000000e+03,1.800000000000000000e+03,1.304373972455419306e-01,-8.512679583301601127e-01,4.585946399485575364e-01
3.179100000000000037e+01,1.650000000000000000e+03,1.800000000000000000e+03,1.184030934064919105e-01,-8.371074770283555289e-01,3.927659507364718028e-01
3.180799999999999983e+01,1.650000000000000000e+03,1.800000000000000000e+03,1.184030934064919105e-01,-8.371074770283555289e-01,3.927659507364718028e-01
3.182499999999999929e+01,1.650000000000000000e+03,1.800000000000000000e+03,1.184030934064919105e-01,-8.371074770283555289e-01,3.927659507364718028e-01
3.184199999999999875e+01,1.650000000000000000e+03,1.800000000000000000e+03,1.166758460065113745e-01,-8.344662003047540466e-01,3.978457512661475182e-01
3.185900000000000176e+01,1.650000000000000000e+03,1.800000000000000000e+03,1.166758460065113745e-01,-8.344662003047540466e-01,3.978457512661475182e-01
3.187600000000000122e+01,1.650000000000000000e+03,1.800000000000000000e+03,1.024770001520372009e-01,-8.183924341374906319e-01,3.677236343405198005e-01
3.189300000000000068e+01,1.650000000000000000e+03,1.800000000000000000e+03,9.724907897076007224e-02,-8.112622243777485309e-01,3.637526999679414619e-01
3.191000000000000014e+01,1.650000000000000000e+03,1.800000000000000000e+03,9.724907897076007224e-02,-8.112622243777485309e-01,3.637526999679414619e-01
3.192800000000000082e+01,1.650000000000000000e+03,1.800000000000000000e+03,9.515491953521304502e-02,-8.085772785389124806e-01,3.685173377575701181e-01
3.194500000000000028e+01,1.650000000000000000e+03,1.800000000000000000e+03,9.515491953521304502e-02,-8.085772785389124806e-01,3.685173377575701181e-01
3.196199999999999974e+01,1.650000000000000000e+03,1.800000000000000000e+03,9.060567754372228499e-02,-8.023158825249296910e-01,3.373690798000838487e-01
3.197899999999999920e+01,1.650000000000000000e+03,1.800000000000000000e+03,8.640809583446973363e-02,-7.977922054221977533e-01,3.062288653237847935e-01
3.199699999999999989e+01,1.650000000000000000e+03,1.800000000000000000e+03,8.640809583446973363e-02,-7.977922054221977533e-01,3.062288653237847935e-01
3.201400000000000290e+01,1.650000000000000000e+03,1.800000000000000000e+03,8.324347831074674353e-02,-7.933057100844731480e-01,3.064381650303137916e-01
3.203199999999999648e+01,1.650000000000000000e+03,1.800000000000000000e+03,8.148074651630987653e-02,-7.906159234484126941e-01,2.751584071220181116e-01
3.204899999999999949e+01,1.650000000000000000e+03,1.800000000000000000e+03,8.148074651630987653e-02,-7.906159234484126941e-01,2.751584071220181116e-01
3.206600000000000250e+01,1.650000000000000000e+03,1.800000000000000000e+03,7.654883231640852159e-02,-7.842923361879643451e-01,2.791172331362009595e-01
3.208299999999999841e+01,1.650000000000000000e+03,1.800000000000000000e+03,7.654883231640852159e-02,-7.842923361879643451e-01,2.791172331362009595e-01
3.210099999999999909e+01,1.650000000000000000e+03,1.800000000000000000e+03,7.443117362236062462e-02,-7.815771444633439202e-01,3.070677372832115171e-01
3.211800000000000210e+01,1.650000000000000000e+03,1.800000000000000000e+03,7.443117362236062462e-02,-7.815771444633439202e-01,3.070677372832115171e-01
3.213499999999999801e+01,1.650000000000000000e+03,1.800000000000000000e+03,7.195206305402557234e-02,-7.779675372062340166e-01,3.112269866974569643e-01
3.215200000000000102e+01,1.650000000000000000e+03,1.800000000000000000e+03,6.841232128533469847e-02,-7.734286521573250361e-01,2.796738680903495533e-01
3.216899999999999693e+01,1.650000000000000000e+03,1.800000000000000000e+03,6.592450300511032424e-02,-7.698068839609577552e-01,2.762535459893639134e-01
3.218599999999999994e+01,1.650000000000000000e+03,1.800000000000000000e+03,6.592450300511032424e-02,-7.698068839609577552e-01,2.762535459893639134e-01
3.220300000000000296e+01,1.650000000000000000e+03,1.800000000000000000e+03,6.199842972974467514e-02,-7.634752080861946233e-01,2.484155448419248513e-01
3.221999999999999886e+01,1.650000000000000000e+03,1.800000000000000000e+03,5.916437979370536837e-02,-7.607054164762043769e-01,2.485688026591539035e-01
3.223700000000000188e+01,1.650000000000000000e+03,1.800000000000000000e+03,5.916437979370536837e-02,-7.607054164762043769e-01,2.485688026591539035e-01
3.225500000000000256e+01,1.650000000000000000e+03,1.800000000000000000e+03,5.916437979370536837e-02,-7.607054164762043769e-01,2.485688026591539035e-01
3.227100000000000080e+01,1.650000000000000000e+03,1.800000000000000000e+03,5.701281372850752760e-02,-7.570802306324693198e-01,2.487354690727071327e-01
3.228900000000000148e+01,1.650000000000000000e+03,1.800000000000000000e+03,5.701281372850752760e-02,-7.570802306324693198e-01,2.487354690727071327e-01
3.230599999999999739e+01,1.650000000000000000e+03,1.800000000000000000e+03,5.557202162467200779e-02,-7.543656297555911827e-01,2.172989712370723969e-01
3.232300000000000040e+01,1.650000000000000000e+03,1.800000000000000000e+03,4.912135219170643552e-02,-7.452218293736367905e-01,2.525586054801789992e-01
3.234000000000000341e+01,1.650000000000000000e+03,1.800000000000000000e+03,4.912135219170643552e-02,-7.452218293736367905e-01,2.525586054801789992e-01
3.235699999999999932e+01,1.650000000000000000e+03,1.800000000000000000e+03,3.755499308044596418e-02,-7.268943984011908555e-01,1.895491130150072090e-01
3.237400000000000233e+01,1.650000000000000000e+03,1.800000000000000000e+03,3.755499308044596418e-02,-7.268943984011908555e-01,1.895491130150072090e-01
3.239099999999999824e+01,1.650000000000000000e+03,1.800000000000000000e+03,3.466747417124960151e-02,-7.231869018408216832e-01,1.923489531273152031e-01
3.240800000000000125e+01,1.650000000000000000e+03,1.800000000000000000e+03,3.466747417124960151e-02,-7.231869018408216832e-01,1.923489531273152031e-01
3.242499999999999716e+01,1.650000000000000000e+03,1.800000000000000000e+03,3.355667791496363961e-02,-7.204505055545356029e-01,1.924709912096944919e-01
3.244200000000000017e+01,1.650000000000000000e+03,1.800000000000000000e+03,3.138629820908134249e-02,-7.176630821879288469e-01,1.584106003884881153e-01
3.245900000000000318e+01,1.650000000000000000e+03,1.800000000000000000e+03,2.884165565785767882e-02,-7.139575986167079336e-01,1.608212213911759392e-01
3.247699999999999676e+01,1.650000000000000000e+03,1.800000000000000000e+03,2.739127145352249215e-02,-7.120947236123646995e-01,1.926922705833513938e-01
3.249499999999999744e+01,1.650000000000000000e+03,1.800000000000000000e+03,2.739127145352249215e-02,-7.120947236123646995e-01,1.926922705833513938e-01
3.251100000000000279e+01,1.650000000000000000e+03,1.800000000000000000e+03,2.116430456913764857e-02,-7.019042856161892274e-01,1.610861602758755229e-01
3.252799999999999869e+01,1.650000000000000000e+03,1.800000000000000000e+03,1.968695559404620710e-02,-6.991280589185437933e-01,1.611831453452313156e-01
3.254500000000000171e+01,1.650000000000000000e+03,1.800000000000000000e+03,1.968695559404620710e-02,-6.991280589185437933e-01,1.611831453452313156e-01
3.256300000000000239e+01,1.650000000000000000e+03,1.800000000000000000e+03,1.714463867026561061e-02,-6.963000495835354187e-01,1.297362647985997874e-01
3.257999999999999829e+01,1.650000000000000000e+03,1.800000000000000000e+03,1.564214577402722739e-02,-6.926109850510759891e-01,1.298084958150111934e-01
3.259700000000000131e+01,1.650000000000000000e+03,1.800000000000000000e+03,1.342742993420165121e-02,-6.888838656508506908e-01,1.298807128057466731e-01
3.261500000000000199e+01,1.650000000000000000e+03,1.800000000000000000e+03,1.342742993420165121e-02,-6.888838656508506908e-01,1.298807128057466731e-01
3.263199999999999790e+01,1.650000000000000000e+03,1.800000000000000000e+03,1.342742993420165121e-02,-6.888838656508506908e-01,1.298807128057466731e-01
3.264800000000000324e+01,1.650000000000000000e+03,1.800000000000000000e+03,8.254212045194275760e-03,-6.804690904434758103e-01,1.320337046699935901e-01
3.266499999999999915e+01,1.650000000000000000e+03,1.800000000000000000e+03,8.254212045194275760e-03,-6.804690904434758103e-01,1.320337046699935901e-01
3.268200000000000216e+01,1.650000000000000000e+03,1.800000000000000000e+03,6.384349077932061078e-03,-6.767400606183349154e-01,1.321073809894907358e-01
3.270000000000000284e+01,1.650000000000000000e+03,1.800000000000000000e+03,4.178771983599727236e-03,-6.739026137263479654e-01,1.321509414896576695e-01
3.271699999999999875e+01,1.650000000000000000e+03,1.800000000000000000e+03,2.683375529179077290e-03,-6.710948458609826694e-01,1.007043159299825658e-01
3.273400000000000176e+01,1.650000000000000000e+03,1.800000000000000000e+03,8.057607234088770554e-04,-6.673517309472432046e-01,1.007532771347285083e-01
3.275099999999999767e+01,1.650000000000000000e+03,1.800000000000000000e+03,8.057607234088770554e-04,-6.673517309472432046e-01,1.007532771347285083e-01
3.276899999999999835e+01,1.650000000000000000e+03,1.800000000000000000e+03,8.057607234088770554e-04,-6.673517309472432046e-01,1.007532771347285083e-01
3.278600000000000136e+01,1.650000000000000000e+03,1.800000000000000000e+03,-1.074684470685483006e-03,-6.636029948542736534e-01,1.008021866569819708e-01
3.280299999999999727e+01,1.650000000000000000e+03,1.800000000000000000e+03,-1.074684470685483006e-03,-6.636029948542736534e-01,1.008021866569819708e-01
3.282000000000000028e+01,1.650000000000000000e+03,1.800000000000000000e+03,-4.794093831852475063e-03,-6.579278030728659132e-01,7.120076036486687465e-02
3.283700000000000330e+01,1.650000000000000000e+03,1.800000000000000000e+03,-4.794093831852475063e-03,-6.579278030728659132e-01,7.120076036486687465e-02
3.285499999999999687e+01,1.650000000000000000e+03,1.800000000000000000e+03,-4.794093831852475063e-03,-6.579278030728659132e-01,7.120076036486687465e-02
3.287199999999999989e+01,1.650000000000000000e+03,1.800000000000000000e+03,-1.998050796450723254e-02,-6.276648976035170691e-01,4.147731517437010934e-02
3.288900000000000290e+01,1.650000000000000000e+03,1.800000000000000000e+03,-2.186356501298858390e-02,-6.247877858470163304e-01,4.147970030994191371e-02
3.290599999999999881e+01,1.650000000000000000e+03,1.800000000000000000e+03,-2.302858631396187405e-02,-6.219412891563425028e-01,1.086130342489982463e-02
3.292399999999999949e+01,1.650000000000000000e+03,1.800000000000000000e+03,-2.302858631396187405e-02,-6.219412891563425028e-01,1.086130342489982463e-02
3.294100000000000250e+01,1.650000000000000000e+03,1.800000000000000000e+03,-2.494438796380027412e-02,-6.181239642784936983e-01,1.084069847540767087e-02
3.295799999999999841e+01,1.650000000000000000e+03,1.800000000000000000e+03,-2.686310928248047958e-02,-6.143008462846206719e-01,1.081993694431772519e-02
3.297500000000000142e+01,1.650000000000000000e+03,1.800000000000000000e+03,-2.686310928248047958e-02,-6.143008462846206719e-01,1.081993694431772519e-02
3.299300000000000210e+01,1.650000000000000000e+03,1.800000000000000000e+03,-2.764315204288791961e-02,-6.123956403065680121e-01,-1.879457973108432378e-02
3.300999999999999801e+01,1.650000000000000000e+03,1.800000000000000000e+03,-2.920500355541832960e-02,-6.085809217992368403e-01,-1.883702593272861339e-02
3.302700000000000102e+01,1.650000000000000000e+03,1.800000000000000000e+03,-3.149202514535254238e-02,-6.047261858525145861e-01,-1.887965874717228640e-02
3.304500000000000171e+01,1.650000000000000000e+03,1.800000000000000000e+03,-3.149202514535254238e-02,-6.047261858525145861e-01,-1.887965874717228640e-02
3.306199999999999761e+01,1.650000000000000000e+03,1.800000000000000000e+03,-3.577647371490932926e-02,-5.951323473764342786e-01,-4.861052784145333816e-02
3.307999999999999829e+01,1.650000000000000000e+03,1.800000000000000000e+03,-3.731863307448612943e-02,-5.922350220408589827e-01,-1.868715168223759535e-02
3.309700000000000131e+01,1.650000000000000000e+03,1.800000000000000000e+03,-3.961938198460845939e-02,-5.883552157054694476e-01,-1.873037257527120428e-02
3.311399999999999721e+01,1.650000000000000000e+03,1.800000000000000000e+03,-4.080297024567247632e-02,-5.854674313509495853e-01,-1.877378426877495537e-02
3.313100000000000023e+01,1.650000000000000000e+03,1.800000000000000000e+03,-4.080297024567247632e-02,-5.854674313509495853e-01,-1.877378426877495537e-02
3.314800000000000324e+01,1.650000000000000000e+03,1.800000000000000000e+03,-4.080297024567247632e-02,-5.854674313509495853e-01,-1.877378426877495537e-02
3.316499999999999915e+01,1.650000000000000000e+03,1.800000000000000000e+03,-4.198790575101751799e-02,-5.825763657483382651e-01,-4.881927688951232663e-02
3.318200000000000216e+01,1.650000000000000000e+03,1.800000000000000000e+03,-4.198790575101751799e-02,-5.825763657483382651e-01,-4.881927688951232663e-02
3.320000000000000284e+01,1.650000000000000000e+03,1.800000000000000000e+03,-4.317419084859341893e-02,-5.796820132448834428e-01,-4.886565884341058374e-02
3.321699999999999875e+01,1.650000000000000000e+03,1.800000000000000000e+03,-4.475800774634874912e-02,-5.758177538217208458e-01,-4.893077183089372673e-02
3.323400000000000176e+01,1.650000000000000000e+03,1.800000000000000000e+03,-4.945675584763753463e-02,-5.660963819552682352e-01,-7.903953154570490802e-02
3.325099999999999767e+01,1.650000000000000000e+03,1.800000000000000000e+03,-4.945675584763753463e-02,-5.660963819552682352e-01,-7.903953154570490802e-02
3.326800000000000068e+01,1.650000000000000000e+03,1.800000000000000000e+03,-5.184695042502829310e-02,-5.602667747339791227e-01,-7.912589610025758113e-02
3.328600000000000136e+01,1.650000000000000000e+03,1.800000000000000000e+03,-5.344345304459663382e-02,-5.563729709002003254e-01,-7.921250819789460440e-02
3.330299999999999727e+01,1.650000000000000000e+03,1.800000000000000000e+03,-5.344345304459663382e-02,-5.563729709002003254e-01,-7.921250819789460440e-02
3.332000000000000028e+01,1.650000000000000000e+03,1.800000000000000000e+03,-5.540775201094572111e-02,-5.524555839484244224e-01,-7.929936878536607281e-02
3.333800000000000097e+01,1.650000000000000000e+03,1.800000000000000000e+03,-5.540775201094572111e-02,-5.524555839484244224e-01,-7.929936878536607281e-02
3.335499999999999687e+01,1.650000000000000000e+03,1.800000000000000000e+03,-5.700943001058833559e-02,-5.485498586008743516e-01,-7.971274892185246930e-02
3.337199999999999989e+01,1.650000000000000000e+03,1.800000000000000000e+03,-6.307387305460787630e-02,-5.328850274436138790e-01,-1.095478656423476138e-01
3.338900000000000290e+01,1.650000000000000000e+03,1.800000000000000000e+03,-6.465095945541410316e-02,-5.299159973967926263e-01,-1.096556713733670002e-01
3.340599999999999881e+01,1.650000000000000000e+03,1.800000000000000000e+03,-6.626680490572134374e-02,-5.259757965743450114e-01,-1.097637527459603551e-01
3.342399999999999949e+01,1.650000000000000000e+03,1.800000000000000000e+03,-6.626680490572134374e-02,-5.259757965743450114e-01,-1.097637527459603551e-01
3.344100000000000250e+01,1.650000000000000000e+03,1.800000000000000000e+03,-6.711274988145099485e-02,-5.230346133761321070e-01,-1.394892375988653344e-01
3.345799999999999841e+01,1.650000000000000000e+03,1.800000000000000000e+03,-7.116717274597128551e-02,-5.131463665830358067e-01,-1.408767266232143489e-01
3.347599999999999909e+01,1.650000000000000000e+03,1.800000000000000000e+03,-7.116717274597128551e-02,-5.131463665830358067e-01,-1.408767266232143489e-01
3.349300000000000210e+01,1.650000000000000000e+03,1.800000000000000000e+03,-7.197993090921084303e-02,-5.111641578983299183e-01,-1.408767266232143489e-01
3.350999999999999801e+01,1.650000000000000000e+03,1.800000000000000000e+03,-7.323857396563582256e-02,-5.072132505997917207e-01,-1.399719190542125513e-01
3.352700000000000102e+01,1.650000000000000000e+03,1.800000000000000000e+03,-7.323857396563582256e-02,-5.072132505997917207e-01,-1.399719190542125513e-01
3.354399999999999693e+01,1.650000000000000000e+03,1.800000000000000000e+03,-7.449913655498274778e-02,-5.032563079716192433e-01,-1.411064570795972362e-01
3.356099999999999994e+01,1.650000000000000000e+03,1.800000000000000000e+03,-7.449913655498274778e-02,-5.032563079716192433e-01,-1.411064570795972362e-01
3.357800000000000296e+01,1.650000000000000000e+03,1.800000000000000000e+03,-7.449913655498274778e-02,-5.032563079716192433e-01,-1.411064570795972362e-01
3.359499999999999886e+01,1.650000000000000000e+03,1.800000000000000000e+03,-7.731731351500226168e-02,-4.972641094435914511e-01,-1.697700684695052364e-01
3.361500000000000199e+01,1.650000000000000000e+03,1.800000000000000000e+03,-7.731731351500226168e-02,-4.972641094435914511e-01,-1.697700684695052364e-01
3.363600000000000279e+01,1.650000000000000000e+03,1.800000000000000000e+03,-7.731731351500226168e-02,-4.972641094435914511e-01,-1.697700684695052364e-01
3.365599999999999881e+01,1.650000000000000000e+03,1.800000000000000000e+03,-7.731731351500226168e-02,-4.972641094435914511e-01,-1.697700684695052364e-01
3.367300000000000182e+01,1.650000000000000000e+03,1.800000000000000000e+03,-7.731731351500226168e-02,-4.972641094435914511e-01,-1.697700684695052364e-01
3.369100000000000250e+01,1.650000000000000000e+03,1.800000000000000000e+03,-7.731731351500226168e-02,-4.972641094435914511e-01,-1.697700684695052364e-01
3.370799999999999841e+01,1.650000000000000000e+03,1.800000000000000000e+03,-8.071121581197804318e-02,-4.863305315752359803e-01,-1.992711196613836111e-01
3.372599999999999909e+01,1.650000000000000000e+03,1.800000000000000000e+03,-8.354590180872323302e-02,-4.802989883568899998e-01,-1.716713267332446724e-01
3.374300000000000210e+01,1.650000000000000000e+03,1.800000000000000000e+03,-8.354590180872323302e-02,-4.802989883568899998e-01,-1.716713267332446724e-01
3.375999999999999801e+01,1.650000000000000000e+03,1.800000000000000000e+03,-8.354590180872323302e-02,-4.802989883568899998e-01,-1.716713267332446724e-01
3.377700000000000102e+01,1.650000000000000000e+03,1.800000000000000000e+03,-8.659250862728873344e-02,-4.693121410734582000e-01,-2.015653698514483227e-01
3.379399999999999693e+01,1.650000000000000000e+03,1.800000000000000000e+03,-8.659250862728873344e-02,-4.693121410734582000e-01,-2.015653698514483227e-01
3.381099999999999994e+01,1.650000000000000000e+03,1.800000000000000000e+03,-8.741815406687214463e-02,-4.672961328224713995e-01,-1.734639247984292310e-01
3.382800000000000296e+01,1.650000000000000000e+03,1.800000000000000000e+03,-8.828587917380481542e-02,-4.642876735095295970e-01,-2.309603032066638861e-01
3.384499999999999886e+01,1.650000000000000000e+03,1.800000000000000000e+03,-8.828587917380481542e-02,-4.642876735095295970e-01,-2.309603032066638861e-01
3.386299999999999955e+01,1.650000000000000000e+03,1.800000000000000000e+03,-8.828587917380481542e-02,-4.642876735095295970e-01,-2.309603032066638861e-01
3.388000000000000256e+01,1.650000000000000000e+03,1.800000000000000000e+03,-9.827143911245039831e-02,-4.309456998713052656e-01,-2.634064262154846014e-01
3.389600000000000080e+01,1.650000000000000000e+03,1.800000000000000000e+03,-9.919523739334712431e-02,-4.268901415828656454e-01,-2.635959306213500608e-01
3.391400000000000148e+01,1.650000000000000000e+03,1.800000000000000000e+03,-9.919523739334712431e-02,-4.268901415828656454e-01,-2.635959306213500608e-01
3.393099999999999739e+01,1.650000000000000000e+03,1.800000000000000000e+03,-9.965766676964138426e-02,-4.248600196635106130e-01,-2.612776071312643000e-01
3.394800000000000040e+01,1.650000000000000000e+03,1.800000000000000000e+03,-9.965766676964138426e-02,-4.248600196635106130e-01,-2.612776071312643000e-01
3.396500000000000341e+01,1.650000000000000000e+03,1.800000000000000000e+03,-9.965766676964138426e-02,-4.248600196635106130e-01,-2.612776071312643000e-01
3.398299999999999699e+01,1.650000000000000000e+03,1.800000000000000000e+03,-1.005395091960372689e-01,-4.218024728841536231e-01,-2.614658570168282847e-01
3.400000000000000000e+01,1.650000000000000000e+03,1.800000000000000000e+03,-1.036563871936797554e-01,-4.105673503453592943e-01,-2.929382584854627325e-01
3.401800000000000068e+01,1.650000000000000000e+03,1.800000000000000000e+03,-1.054756586445666500e-01,-4.034014037510047501e-01,-2.960305506486420324e-01
3.403499999999999659e+01,1.650000000000000000e+03,1.800000000000000000e+03,-1.054756586445666500e-01,-4.034014037510047501e-01,-2.960305506486420324e-01
3.405199999999999960e+01,1.650000000000000000e+03,1.800000000000000000e+03,-1.054756586445666500e-01,-4.034014037510047501e-01,-2.960305506486420324e-01
3.406900000000000261e+01,1.650000000000000000e+03,1.800000000000000000e+03,-1.055659909688801967e-01,-4.013721792699946889e-01,-2.933576108166502938e-01
3.408599999999999852e+01,1.650000000000000000e+03,1.800000000000000000e+03,-1.072543029682027083e-01,-3.972327773885915292e-01,-2.935724635390352111e-01
3.410399999999999920e+01,1.650000000000000000e+03,1.800000000000000000e+03,-1.072543029682027083e-01,-3.972327773885915292e-01,-2.935724635390352111e-01
3.412100000000000222e+01,1.650000000000000000e+03,1.800000000000000000e+03,-1.081451780934035156e-01,-3.941430640452789902e-01,-2.964587502284577458e-01
3.413799999999999812e+01,1.650000000000000000e+03,1.800000000000000000e+03,-1.078594296276489395e-01,-3.921258685314921166e-01,-3.220535086051197204e-01
3.415500000000000114e+01,1.650000000000000000e+03,1.800000000000000000e+03,-1.078594296276489395e-01,-3.921258685314921166e-01,-3.220535086051197204e-01
3.417199999999999704e+01,1.650000000000000000e+03,1.800000000000000000e+03,-1.078594296276489395e-01,-3.921258685314921166e-01,-3.220535086051197204e-01
3.418999999999999773e+01,1.650000000000000000e+03,1.800000000000000000e+03,-1.118586807086097146e-01,-3.786787323170273112e-01,-3.256897425896288500e-01
3.420600000000000307e+01,1.650000000000000000e+03,1.800000000000000000e+03,-1.124235889872191585e-01,-3.745615107749111772e-01,-3.259211464642327027e-01
3.422399999999999665e+01,1.650000000000000000e+03,1.800000000000000000e+03,-1.133681838099080963e-01,-3.704186125353974290e-01,-3.291698577466749542e-01
3.424099999999999966e+01,1.650000000000000000e+03,1.800000000000000000e+03,-1.133681838099080963e-01,-3.704186125353974290e-01,-3.291698577466749542e-01
3.425900000000000034e+01,1.650000000000000000e+03,1.800000000000000000e+03,-1.133681838099080963e-01,-3.704186125353974290e-01,-3.291698577466749542e-01
3.427600000000000335e+01,1.650000000000000000e+03,1.800000000000000000e+03,-1.138880632991456920e-01,-3.673168716037977788e-01,-3.509602718831069668e-01
3.429399999999999693e+01,1.650000000000000000e+03,1.800000000000000000e+03,-1.151197993417434340e-01,-3.652018814727595597e-01,-3.263830881432643882e-01
3.431099999999999994e+01,1.650000000000000000e+03,1.800000000000000000e+03,-1.151197993417434340e-01,-3.652018814727595597e-01,-3.263830881432643882e-01
3.432800000000000296e+01,1.650000000000000000e+03,1.800000000000000000e+03,-1.160681432904393517e-01,-3.610443899660555900e-01,-3.296354838937939347e-01
3.434499999999999886e+01,1.650000000000000000e+03,1.800000000000000000e+03,-1.210752179821641406e-01,-3.349615283668887500e-01,-3.869286942086986314e-01
3.436200000000000188e+01,1.650000000000000000e+03,1.800000000000000000e+03,-1.210752179821641406e-01,-3.349615283668887500e-01,-3.869286942086986314e-01
3.438000000000000256e+01,1.650000000000000000e+03,1.800000000000000000e+03,-1.216518296845983116e-01,-3.307763942779402555e-01,-3.871977342516396137e-01
3.439699999999999847e+01,1.650000000000000000e+03,1.800000000000000000e+03,-1.225622878619576639e-01,-3.276086759542184978e-01,-3.630611783556369487e-01
3.441499999999999915e+01,1.650000000000000000e+03,1.800000000000000000e+03,-1.234738202221836723e-01,-3.244372114624205494e-01,-3.910695735533812889e-01
3.443200000000000216e+01,1.650000000000000000e+03,1.800000000000000000e+03,-1.234738202221836723e-01,-3.244372114624205494e-01,-3.910695735533812889e-01
3.444899999999999807e+01,1.650000000000000000e+03,1.800000000000000000e+03,-1.234738202221836723e-01,-3.244372114624205494e-01,-3.910695735533812889e-01
3.446600000000000108e+01,1.650000000000000000e+03,1.800000000000000000e+03,-1.254988596287289759e-01,-3.138913014692708003e-01,-3.993288629340282503e-01
3.448299999999999699e+01,1.650000000000000000e+03,1.800000000000000000e+03,-1.254988596287289759e-01,-3.138913014692708003e-01,-3.993288629340282503e-01
3.450099999999999767e+01,1.650000000000000000e+03,1.800000000000000000e+03,-1.269477060597981044e-01,-3.075319725807199589e-01,-3.958261147019596082e-01
3.451800000000000068e+01,1.650000000000000000e+03,1.800000000000000000e+03,-1.270979676945662717e-01,-3.043764724331463611e-01,-4.195094152047041391e-01
3.453499999999999659e+01,1.650000000000000000e+03,1.800000000000000000e+03,-1.270979676945662717e-01,-3.043764724331463611e-01,-4.195094152047041391e-01
3.455299999999999727e+01,1.650000000000000000e+03,1.800000000000000000e+03,-1.270979676945662717e-01,-3.043764724331463611e-01,-4.195094152047041391e-01
3.457099999999999795e+01,1.650000000000000000e+03,1.800000000000000000e+03,-1.276322462926664514e-01,-3.011973927616082847e-01,-4.197972045216770698e-01
3.458800000000000097e+01,1.650000000000000000e+03,1.800000000000000000e+03,-1.285512299367566058e-01,-2.979946496874070760e-01,-3.963769331471611590e-01
3.460499999999999687e+01,1.650000000000000000e+03,1.800000000000000000e+03,-1.291375793810565220e-01,-2.937516602971443902e-01,-3.966529316607694255e-01
3.462199999999999989e+01,1.650000000000000000e+03,1.800000000000000000e+03,-1.291375793810565220e-01,-2.937516602971443902e-01,-3.966529316607694255e-01
3.464000000000000057e+01,1.650000000000000000e+03,1.800000000000000000e+03,-1.288542907839564933e-01,-2.916576165951614286e-01,-4.242912442089913361e-01
3.465699999999999648e+01,1.650000000000000000e+03,1.800000000000000000e+03,-1.288542907839564933e-01,-2.916576165951614286e-01,-4.242912442089913361e-01
3.467399999999999949e+01,1.650000000000000000e+03,1.800000000000000000e+03,-1.300805974517067476e-01,-2.820841000224705297e-01,-4.289006129854091021e-01
3.469100000000000250e+01,1.650000000000000000e+03,1.800000000000000000e+03,-1.310553563375433939e-01,-2.777960243363972737e-01,-4.332807100717672166e-01
3.470799999999999841e+01,1.650000000000000000e+03,1.800000000000000000e+03,-1.311576306508355216e-01,-2.756695309528005566e-01,-4.563554512188215395e-01
3.472500000000000142e+01,1.650000000000000000e+03,1.800000000000000000e+03,-1.311576306508355216e-01,-2.756695309528005566e-01,-4.563554512188215395e-01
3.474300000000000210e+01,1.650000000000000000e+03,1.800000000000000000e+03,-1.316970937446257928e-01,-2.724565510950913705e-01,-4.294886165964341695e-01
3.476100000000000279e+01,1.650000000000000000e+03,1.800000000000000000e+03,-1.314136580265148346e-01,-2.703459999913402356e-01,-4.566628968586161630e-01
3.477799999999999869e+01,1.650000000000000000e+03,1.800000000000000000e+03,-1.320051870832905649e-01,-2.660594953383030870e-01,-4.569707494166155293e-01
3.479500000000000171e+01,1.650000000000000000e+03,1.800000000000000000e+03,-1.320051870832905649e-01,-2.660594953383030870e-01,-4.569707494166155293e-01
3.481199999999999761e+01,1.650000000000000000e+03,1.800000000000000000e+03,-1.320051870832905649e-01,-2.660594953383030870e-01,-4.569707494166155293e-01
3.482900000000000063e+01,1.650000000000000000e+03,1.800000000000000000e+03,-1.326492092071664963e-01,-2.606968973626324626e-01,-4.572790096637838753e-01
3.484599999999999653e+01,1.650000000000000000e+03,1.800000000000000000e+03,-1.326492092071664963e-01,-2.606968973626324626e-01,-4.572790096637838753e-01
3.486299999999999955e+01,1.650000000000000000e+03,1.800000000000000000e+03,-1.326492092071664963e-01,-2.606968973626324626e-01,-4.572790096637838753e-01
3.488000000000000256e+01,1.650000000000000000e+03,1.800000000000000000e+03,-1.342814172880428814e-01,-2.348860530780259026e-01,-4.899075843868073710e-01
3.489699999999999847e+01,1.650000000000000000e+03,1.800000000000000000e+03,-1.352155036958988532e-01,-2.316042094313690569e-01,-4.948305738938350573e-01
3.491400000000000148e+01,1.650000000000000000e+03,1.800000000000000000e+03,-1.352155036958988532e-01,-2.316042094313690569e-01,-4.948305738938350573e-01
3.493200000000000216e+01,1.650000000000000000e+03,1.800000000000000000e+03,-1.345423326614230142e-01,-2.294822222510060072e-01,-5.161406314641104887e-01
3.494899999999999807e+01,1.650000000000000000e+03,1.800000000000000000e+03,-1.346991221544917572e-01,-2.262347970986704482e-01,-4.905574432507546212e-01
3.496600000000000108e+01,1.650000000000000000e+03,1.800000000000000000e+03,-1.348560921820500802e-01,-2.229835186653534862e-01,-5.002231915831115705e-01
3.498299999999999699e+01,1.650000000000000000e+03,1.800000000000000000e+03,-1.348560921820500802e-01,-2.229835186653534862e-01,-5.002231915831115705e-01
3.500099999999999767e+01,1.650000000000000000e+03,1.800000000000000000e+03,-1.348560921820500802e-01,-2.229835186653534862e-01,-5.002231915831115705e-01
3.501899999999999835e+01,1.650000000000000000e+03,1.800000000000000000e+03,-1.350429579219372123e-01,-2.110496396347256720e-01,-5.272396742960451244e-01
3.503600000000000136e+01,1.650000000000000000e+03,1.800000000000000000e+03,-1.350429579219372123e-01,-2.110496396347256720e-01,-5.272396742960451244e-01
3.505299999999999727e+01,1.650000000000000000e+03,1.800000000000000000e+03,-1.350429579219372123e-01,-2.110496396347256720e-01,-5.272396742960451244e-01
3.507000000000000028e+01,1.650000000000000000e+03,1.800000000000000000e+03,-1.353583113521392711e-01,-2.045070929498011836e-01,-5.227068163320900407e-01
3.508700000000000330e+01,1.650000000000000000e+03,1.800000000000000000e+03,-1.353583113521392711e-01,-2.045070929498011836e-01,-5.227068163320900407e-01
3.510399999999999920e+01,1.650000000000000000e+03,1.800000000000000000e+03,-1.353583113521392711e-01,-2.045070929498011836e-01,-5.227068163320900407e-01
3.512199999999999989e+01,1.650000000000000000e+03,1.800000000000000000e+03,-1.356743930843959944e-01,-1.979489507960945360e-01,-5.534695396564699443e-01
3.513900000000000290e+01,1.650000000000000000e+03,1.800000000000000000e+03,-1.356743930843959944e-01,-1.979489507960945360e-01,-5.534695396564699443e-01
3.515599999999999881e+01,1.650000000000000000e+03,1.800000000000000000e+03,-1.358327077602128341e-01,-1.946640141373068289e-01,-5.283177497975642956e-01
3.517300000000000182e+01,1.650000000000000000e+03,1.800000000000000000e+03,-1.358327077602128341e-01,-1.946640141373068289e-01,-5.283177497975642956e-01
3.519100000000000250e+01,1.650000000000000000e+03,1.800000000000000000e+03,-1.355995858345320215e-01,-1.913958462118587889e-01,-5.286602225294301238e-01
3.520700000000000074e+01,1.650000000000000000e+03,1.800000000000000000e+03,-1.357051979391172836e-01,-1.892011100569943594e-01,-5.593619795874338330e-01
3.522500000000000142e+01,1.650000000000000000e+03,1.800000000000000000e+03,-1.361814605731117567e-01,-1.793031459617804302e-01,-5.549378614890320138e-01
3.524199999999999733e+01,1.650000000000000000e+03,1.800000000000000000e+03,-1.361814605731117567e-01,-1.793031459617804302e-01,-5.549378614890320138e-01
3.525900000000000034e+01,1.650000000000000000e+03,1.800000000000000000e+03,-1.362875212494394361e-01,-1.770987746021690512e-01,-5.347254068913912528e-01
3.527700000000000102e+01,1.650000000000000000e+03,1.800000000000000000e+03,-1.362875212494394361e-01,-1.770987746021690512e-01,-5.347254068913912528e-01
3.529399999999999693e+01,1.650000000000000000e+03,1.800000000000000000e+03,-1.356610646230516082e-01,-1.738305368234449588e-01,-5.604872185186577926e-01
3.531099999999999994e+01,1.650000000000000000e+03,1.800000000000000000e+03,-1.358730541050618967e-01,-1.694112931875970673e-01,-5.714733347226323978e-01
3.532800000000000296e+01,1.650000000000000000e+03,1.800000000000000000e+03,-1.351396497143033670e-01,-1.683470597862628537e-01,-5.911308348559151105e-01
3.534499999999999886e+01,1.650000000000000000e+03,1.800000000000000000e+03,-1.351396497143033670e-01,-1.683470597862628537e-01,-5.911308348559151105e-01
3.536200000000000188e+01,1.650000000000000000e+03,1.800000000000000000e+03,-1.356919069040976034e-01,-1.650058523952804279e-01,-5.664970663758348568e-01
3.537899999999999778e+01,1.650000000000000000e+03,1.800000000000000000e+03,-1.356919069040976034e-01,-1.650058523952804279e-01,-5.664970663758348568e-01
3.539600000000000080e+01,1.650000000000000000e+03,1.800000000000000000e+03,-1.355717987724909257e-01,-1.428309952832744756e-01,-6.042301744733342694e-01
3.541299999999999670e+01,1.650000000000000000e+03,1.800000000000000000e+03,-1.355717987724909257e-01,-1.428309952832744756e-01,-6.042301744733342694e-01
3.542999999999999972e+01,1.650000000000000000e+03,1.800000000000000000e+03,-1.356025593697833820e-01,-1.339070661378540805e-01,-6.107311111423198158e-01
3.544700000000000273e+01,1.650000000000000000e+03,1.800000000000000000e+03,-1.357625620622280316e-01,-1.305452969134979213e-01,-5.856352125073435166e-01
3.546399999999999864e+01,1.650000000000000000e+03,1.800000000000000000e+03,-1.357625620622280316e-01,-1.305452969134979213e-01,-5.856352125073435166e-01
3.548100000000000165e+01,1.650000000000000000e+03,1.800000000000000000e+03,-1.357625620622280316e-01,-1.305452969134979213e-01,-5.856352125073435166e-01
3.549799999999999756e+01,1.650000000000000000e+03,1.800000000000000000e+03,-1.350772878276491618e-01,-1.283440882972159969e-01,-6.054174374822660631e-01
3.551599999999999824e+01,1.650000000000000000e+03,1.800000000000000000e+03,-1.348408742687867701e-01,-1.249967342132549675e-01,-6.115540969471958688e-01
3.553300000000000125e+01,1.650000000000000000e+03,1.800000000000000000e+03,-1.348408742687867701e-01,-1.249967342132549675e-01,-6.115540969471958688e-01
3.554999999999999716e+01,1.650000000000000000e+03,1.800000000000000000e+03,-1.354505303957962425e-01,-1.204779601944645506e-01,-6.177229481690771351e-01
3.556700000000000017e+01,1.650000000000000000e+03,1.800000000000000000e+03,-1.355039334799585937e-01,-1.193524171499378284e-01,-6.062368079102412599e-01
3.558400000000000318e+01,1.650000000000000000e+03,1.800000000000000000e+03,-1.347934200596139220e-01,-1.092658220373721178e-01,-6.127531539604541555e-01
3.560099999999999909e+01,1.650000000000000000e+03,1.800000000000000000e+03,-1.353511867231254051e-01,-1.058529958113378910e-01,-6.249206882204305646e-01
3.561800000000000210e+01,1.650000000000000000e+03,1.800000000000000000e+03,-1.343183162479988368e-01,-1.025211542456530012e-01,-6.437832444257801656e-01
3.563499999999999801e+01,1.650000000000000000e+03,1.800000000000000000e+03,-1.343183162479988368e-01,-1.025211542456530012e-01,-6.437832444257801656e-01
3.565200000000000102e+01,1.650000000000000000e+03,1.800000000000000000e+03,-1.348764426912669734e-01,-9.910010848946892992e-02,-6.193858143791706183e-01
3.566899999999999693e+01,1.650000000000000000e+03,1.800000000000000000e+03,-1.337887850934311729e-01,-9.689526567368567100e-02,-6.441651589867773975e-01
3.568599999999999994e+01,1.650000000000000000e+03,1.800000000000000000e+03,-1.337887850934311729e-01,-9.689526567368567100e-02,-6.441651589867773975e-01
3.570300000000000296e+01,1.650000000000000000e+03,1.800000000000000000e+03,-1.337887850934311729e-01,-9.689526567368567100e-02,-6.441651589867773975e-01
3.572099999999999653e+01,1.650000000000000000e+03,1.800000000000000000e+03,-1.332581938315899883e-01,-9.125805856600344157e-02,-6.446356924073870509e-01
3.573799999999999955e+01,1.650000000000000000e+03,1.800000000000000000e+03,-1.332581938315899883e-01,-9.125805856600344157e-02,-6.446356924073870509e-01
3.575500000000000256e+01,1.650000000000000000e+03,1.800000000000000000e+03,-1.332581938315899883e-01,-9.125805856600344157e-02,-6.446356924073870509e-01
3.577199999999999847e+01,1.650000000000000000e+03,1.800000000000000000e+03,-1.338167545087873833e-01,-8.782326763877446041e-02,-6.450184878828507662e-01
3.578999999999999915e+01,1.650000000000000000e+03,1.800000000000000000e+03,-1.307019822322468272e-01,-7.775093966991697414e-02,-6.520800695644879408e-01
3.580700000000000216e+01,1.650000000000000000e+03,1.800000000000000000e+03,-1.307019822322468272e-01,-7.775093966991697414e-02,-6.520800695644879408e-01
3.582500000000000284e+01,1.650000000000000000e+03,1.800000000000000000e+03,-1.307019822322468272e-01,-7.775093966991697414e-02,-6.520800695644879408e-01
3.584199999999999875e+01,1.650000000000000000e+03,1.800000000000000000e+03,-1.308076505420321389e-01,-7.546483499275247198e-02,-6.698546745162178295e-01
3.585900000000000176e+01,1.650000000000000000e+03,1.800000000000000000e+03,-1.281000238981868655e-01,-5.615185264819633204e-02,-6.904847228050700059e-01
3.587599999999999767e+01,1.650000000000000000e+03,1.800000000000000000e+03,-1.281000238981868655e-01,-5.615185264819633204e-02,-6.904847228050700059e-01
3.589300000000000068e+01,1.650000000000000000e+03,1.800000000000000000e+03,-1.269493354218282910e-01,-5.506490016636789164e-02,-6.905871930177566176e-01
3.590999999999999659e+01,1.650000000000000000e+03,1.800000000000000000e+03,-1.269493354218282910e-01,-5.506490016636789164e-02,-6.905871930177566176e-01
3.592699999999999960e+01,1.650000000000000000e+03,1.800000000000000000e+03,-1.251517050224824068e-01,-5.056174987889772154e-02,-6.910829277227955592e-01
3.594500000000000028e+01,1.650000000000000000e+03,1.800000000000000000e+03,-1.251517050224824068e-01,-5.056174987889772154e-02,-6.910829277227955592e-01
3.596200000000000330e+01,1.650000000000000000e+03,1.800000000000000000e+03,-1.252555879759782442e-01,-4.825351901660912546e-02,-7.143184219033749116e-01
3.597899999999999920e+01,1.650000000000000000e+03,1.800000000000000000e+03,-1.252555879759782442e-01,-4.825351901660912546e-02,-7.143184219033749116e-01
3.599699999999999989e+01,1.650000000000000000e+03,1.800000000000000000e+03,-1.246080778001434908e-01,-4.483084097605605223e-02,-6.915792863358508624e-01
3.601500000000000057e+01,1.650000000000000000e+03,1.800000000000000000e+03,-1.235578270003663270e-01,-4.142562173962094363e-02,-7.148247182265230482e-01
3.603199999999999648e+01,1.650000000000000000e+03,1.800000000000000000e+03,-1.235578270003663270e-01,-4.142562173962094363e-02,-7.148247182265230482e-01
3.605100000000000193e+01,1.650000000000000000e+03,1.800000000000000000e+03,-1.218046611750289721e-01,-3.574108119220742452e-02,-7.154418529763529877e-01
3.606799999999999784e+01,1.650000000000000000e+03,1.800000000000000000e+03,-1.200991111618798790e-01,-2.888278512800468434e-02,-7.448431191921981442e-01
3.608500000000000085e+01,1.650000000000000000e+03,1.800000000000000000e+03,-1.200991111618798790e-01,-2.888278512800468434e-02,-7.448431191921981442e-01
3.610300000000000153e+01,1.650000000000000000e+03,1.800000000000000000e+03,-1.200991111618798790e-01,-2.888278512800468434e-02,-7.448431191921981442e-01
3.611999999999999744e+01,1.650000000000000000e+03,1.800000000000000000e+03,-1.194463301807413558e-01,-2.543654213688206767e-02,-7.229775652968728483e-01
3.613700000000000045e+01,1.650000000000000000e+03,1.800000000000000000e+03,-1.195483029811001963e-01,-2.310777642131700560e-02,-7.301202928910891510e-01
3.615500000000000114e+01,1.650000000000000000e+03,1.800000000000000000e+03,-1.195483029811001963e-01,-2.310777642131700560e-02,-7.301202928910891510e-01
3.617199999999999704e+01,1.650000000000000000e+03,1.800000000000000000e+03,-1.188436346314842851e-01,-2.082054664579402470e-02,-7.234889421830259515e-01
3.618900000000000006e+01,1.650000000000000000e+03,1.800000000000000000e+03,-1.179885155645208350e-01,-1.271358431280855683e-02,-7.378972362419375930e-01
3.620600000000000307e+01,1.650000000000000000e+03,1.800000000000000000e+03,-1.173832797964067254e-01,-8.076874299484337882e-03,-7.452785388178280179e-01
3.622299999999999898e+01,1.650000000000000000e+03,1.800000000000000000e+03,-1.173832797964067254e-01,-8.076874299484337882e-03,-7.452785388178280179e-01
3.624000000000000199e+01,1.650000000000000000e+03,1.800000000000000000e+03,-1.166253547085096542e-01,-6.949220721404358869e-03,-7.384153004099274220e-01
3.625699999999999790e+01,1.650000000000000000e+03,1.800000000000000000e+03,-1.164230316838330559e-01,-2.281268895315768930e-03,-7.457995775884211920e-01
3.627499999999999858e+01,1.650000000000000000e+03,1.800000000000000000e+03,-1.164230316838330559e-01,-2.281268895315768930e-03,-7.457995775884211920e-01
3.629200000000000159e+01,1.650000000000000000e+03,1.800000000000000000e+03,-1.157145592474320139e-01,2.280298420931359260e-05,-7.683164936917354915e-01
3.630899999999999750e+01,1.650000000000000000e+03,1.800000000000000000e+03,-1.158658673031500719e-01,3.548019705518434819e-03,-7.463212136257773022e-01
3.632600000000000051e+01,1.650000000000000000e+03,1.800000000000000000e+03,-1.148015304498861688e-01,7.011909582296027565e-03,-7.538292665357768652e-01
3.634300000000000352e+01,1.650000000000000000e+03,1.800000000000000000e+03,-1.148015304498861688e-01,7.011909582296027565e-03,-7.538292665357768652e-01
3.636099999999999710e+01,1.650000000000000000e+03,1.800000000000000000e+03,-1.148015304498861688e-01,7.011909582296027565e-03,-7.538292665357768652e-01
3.637800000000000011e+01,1.650000000000000000e+03,1.800000000000000000e+03,-1.113349720306842094e-01,3.041106213531552527e-02,-7.856439709189160236e-01
3.639500000000000313e+01,1.650000000000000000e+03,1.800000000000000000e+03,-1.098063798390058743e-01,3.269760370475527367e-02,-7.563381575045070582e-01
3.641100000000000136e+01,1.650000000000000000e+03,1.800000000000000000e+03,-1.098063798390058743e-01,3.269760370475527367e-02,-7.563381575045070582e-01
3.642900000000000205e+01,1.650000000000000000e+03,1.800000000000000000e+03,-1.086837786345249413e-01,3.500805976478904569e-02,-7.935599040615459732e-01
3.644599999999999795e+01,1.650000000000000000e+03,1.800000000000000000e+03,-1.079676173994763566e-01,3.734245651925327536e-02,-8.011972348279088330e-01
3.646300000000000097e+01,1.650000000000000000e+03,1.800000000000000000e+03,-1.085718308026755174e-01,4.212742036774930199e-02,-8.016019741728335202e-01
3.647999999999999687e+01,1.650000000000000000e+03,1.800000000000000000e+03,-1.085718308026755174e-01,4.212742036774930199e-02,-8.016019741728335202e-01
3.649699999999999989e+01,1.650000000000000000e+03,1.800000000000000000e+03,-1.057183103552414849e-01,4.197282115624556553e-02,-8.093673893005711717e-01
3.651500000000000057e+01,1.650000000000000000e+03,1.800000000000000000e+03,-1.057183103552414849e-01,4.197282115624556553e-02,-8.093673893005711717e-01
3.653199999999999648e+01,1.650000000000000000e+03,1.800000000000000000e+03,-1.063211011696174602e-01,4.676546912067980344e-02,-8.021439959972362921e-01
3.654899999999999949e+01,1.650000000000000000e+03,1.800000000000000000e+03,-1.033467882808563054e-01,5.375891033454482937e-02,-8.182141757713097263e-01
3.656600000000000250e+01,1.650000000000000000e+03,1.800000000000000000e+03,-1.033467882808563054e-01,5.375891033454482937e-02,-8.182141757713097263e-01
3.658299999999999841e+01,1.650000000000000000e+03,1.800000000000000000e+03,-1.022175826973543700e-01,5.608648706079577551e-02,-8.186191792484822649e-01
3.660000000000000142e+01,1.650000000000000000e+03,1.800000000000000000e+03,-1.010874861169677175e-01,5.841596796827186466e-02,-8.189033357956014836e-01
3.661800000000000210e+01,1.650000000000000000e+03,1.800000000000000000e+03,-9.990889590019991218e-02,5.954817845555915312e-02,-8.251357972233910321e-01
3.663499999999999801e+01,1.650000000000000000e+03,1.800000000000000000e+03,-9.990889590019991218e-02,5.954817845555915312e-02,-8.251357972233910321e-01
3.665200000000000102e+01,1.650000000000000000e+03,1.800000000000000000e+03,-9.964270224078486393e-02,6.312501519157276419e-02,-8.194510895298741104e-01
3.666899999999999693e+01,1.650000000000000000e+03,1.800000000000000000e+03,-9.964270224078486393e-02,6.312501519157276419e-02,-8.194510895298741104e-01
3.668699999999999761e+01,1.650000000000000000e+03,1.800000000000000000e+03,-9.687346673129937358e-02,6.537148601332898323e-02,-8.410604940725231460e-01
3.670400000000000063e+01,1.650000000000000000e+03,1.800000000000000000e+03,-9.687346673129937358e-02,6.537148601332898323e-02,-8.410604940725231460e-01
3.672099999999999653e+01,1.650000000000000000e+03,1.800000000000000000e+03,-9.687346673129937358e-02,6.537148601332898323e-02,-8.410604940725231460e-01
3.673899999999999721e+01,1.650000000000000000e+03,1.800000000000000000e+03,-9.346882796586220010e-02,7.238852767191783499e-02,-8.497871029769898943e-01
3.675600000000000023e+01,1.650000000000000000e+03,1.800000000000000000e+03,-9.274194202000218823e-02,7.475359546511217701e-02,-8.423161670722939531e-01
3.677300000000000324e+01,1.650000000000000000e+03,1.800000000000000000e+03,-9.201446653744138615e-02,7.712060565370482124e-02,-8.503423408863471922e-01
3.678999999999999915e+01,1.650000000000000000e+03,1.800000000000000000e+03,-9.087628683273640817e-02,7.946731431266407242e-02,-8.507463246520333700e-01
3.680700000000000216e+01,1.650000000000000000e+03,1.800000000000000000e+03,-9.087628683273640817e-02,7.946731431266407242e-02,-8.507463246520333700e-01
3.682399999999999807e+01,1.650000000000000000e+03,1.800000000000000000e+03,-8.973720187082312449e-02,8.181594724972107713e-02,-8.588997926732186983e-01
3.684100000000000108e+01,1.650000000000000000e+03,1.800000000000000000e+03,-8.973720187082312449e-02,8.181594724972107713e-02,-8.588997926732186983e-01
3.685799999999999699e+01,1.650000000000000000e+03,1.800000000000000000e+03,-8.169408453959592364e-02,9.709563045844848972e-02,-8.690191217427657433e-01
3.687500000000000000e+01,1.650000000000000000e+03,1.800000000000000000e+03,-8.137077972595330166e-02,9.950340157824388854e-02,-8.814404709279517469e-01
3.689200000000000301e+01,1.650000000000000000e+03,1.800000000000000000e+03,-8.137077972595330166e-02,9.950340157824388854e-02,-8.814404709279517469e-01
3.690899999999999892e+01,1.650000000000000000e+03,1.800000000000000000e+03,-8.137077972595330166e-02,9.950340157824388854e-02,-8.814404709279517469e-01
3.692699999999999960e+01,1.650000000000000000e+03,1.800000000000000000e+03,-7.981243739701460171e-02,1.018461381661390774e-01,-8.778432140448878540e-01
3.694400000000000261e+01,1.650000000000000000e+03,1.800000000000000000e+03,-7.953172546244324792e-02,1.054756427627561166e-01,-8.820029302305381069e-01
3.696200000000000330e+01,1.650000000000000000e+03,1.800000000000000000e+03,-7.517280394157577206e-02,1.101056300357630136e-01,-8.990255116258684120e-01
3.697899999999999920e+01,1.650000000000000000e+03,1.800000000000000000e+03,-7.517280394157577206e-02,1.101056300357630136e-01,-8.990255116258684120e-01
3.699600000000000222e+01,1.650000000000000000e+03,1.800000000000000000e+03,-7.245685519836264632e-02,1.148328169652979014e-01,-8.997570691429918055e-01
3.701299999999999812e+01,1.650000000000000000e+03,1.800000000000000000e+03,-7.299627510459849589e-02,1.185233992785477142e-01,-9.030359958096547679e-01
3.703000000000000114e+01,1.650000000000000000e+03,1.800000000000000000e+03,-7.299627510459849589e-02,1.185233992785477142e-01,-9.030359958096547679e-01
3.704699999999999704e+01,1.650000000000000000e+03,1.800000000000000000e+03,-7.299627510459849589e-02,1.185233992785477142e-01,-9.030359958096547679e-01
3.706400000000000006e+01,1.650000000000000000e+03,1.800000000000000000e+03,-7.188457493836120094e-02,1.221288588726672231e-01,-9.003229938714459868e-01
3.708299999999999841e+01,1.650000000000000000e+03,1.800000000000000000e+03,-7.068767626925565040e-02,1.232867748034189859e-01,-9.116331733390907743e-01
3.710000000000000142e+01,1.650000000000000000e+03,1.800000000000000000e+03,-6.998691272830592780e-02,1.269206231152573139e-01,-9.092244870791739153e-01
3.711699999999999733e+01,1.650000000000000000e+03,1.800000000000000000e+03,-6.709423730962971177e-02,1.267634050616042174e-01,-9.178537204945403927e-01
3.716100000000000136e+01,1.650000000000000000e+03,1.800000000000000000e+03,-6.808615631795289502e-02,1.317202998846944695e-01,-9.097920429391039843e-01
3.720900000000000318e+01,1.650000000000000000e+03,1.800000000000000000e+03,-6.808615631795289502e-02,1.317202998846944695e-01,-9.097920429391039843e-01
3.723599999999999710e+01,1.650000000000000000e+03,1.800000000000000000e+03,-6.808615631795289502e-02,1.317202998846944695e-01,-9.097920429391039843e-01
3.725300000000000011e+01,1.650000000000000000e+03,1.800000000000000000e+03,-6.531365949225920176e-02,1.352521020721315637e-01,-9.293477082094071529e-01
3.727499999999999858e+01,1.650000000000000000e+03,1.800000000000000000e+03,-6.531365949225920176e-02,1.352521020721315637e-01,-9.293477082094071529e-01
3.729200000000000159e+01,1.650000000000000000e+03,1.800000000000000000e+03,-6.299229111243942469e-02,1.400430527370177813e-01,-9.300920668352778975e-01
3.730899999999999750e+01,1.650000000000000000e+03,1.800000000000000000e+03,-6.141591741774865554e-02,1.424189536295985548e-01,-9.283198872116578126e-01
3.732600000000000051e+01,1.650000000000000000e+03,1.800000000000000000e+03,-6.141591741774865554e-02,1.424189536295985548e-01,-9.283198872116578126e-01
3.734300000000000352e+01,1.650000000000000000e+03,1.800000000000000000e+03,-5.671834851997026306e-02,1.507951899678889873e-01,-9.482899677851650555e-01
3.736099999999999710e+01,1.650000000000000000e+03,1.800000000000000000e+03,-4.849367697062945126e-02,1.664445003249781507e-01,-9.589882485985626870e-01
3.737800000000000011e+01,1.650000000000000000e+03,1.800000000000000000e+03,-4.690446821987093173e-02,1.688421186192874401e-01,-9.494516188549519953e-01
3.739500000000000313e+01,1.650000000000000000e+03,1.800000000000000000e+03,-4.690446821987093173e-02,1.688421186192874401e-01,-9.494516188549519953e-01
3.741199999999999903e+01,1.650000000000000000e+03,1.800000000000000000e+03,-4.614634328166600241e-02,1.712870719637793471e-01,-9.683010843238422094e-01
3.742900000000000205e+01,1.650000000000000000e+03,1.800000000000000000e+03,-4.451825988164781478e-02,1.724422584853169127e-01,-9.773487697211040715e-01
3.744599999999999795e+01,1.650000000000000000e+03,1.800000000000000000e+03,-4.451825988164781478e-02,1.724422584853169127e-01,-9.773487697211040715e-01
3.746300000000000097e+01,1.650000000000000000e+03,1.800000000000000000e+03,-4.451825988164781478e-02,1.724422584853169127e-01,-9.773487697211040715e-01
3.747999999999999687e+01,1.650000000000000000e+03,1.800000000000000000e+03,-4.174873656360800211e-02,1.772720877378537452e-01,-9.692459381891742609e-01
3.749699999999999989e+01,1.650000000000000000e+03,1.800000000000000000e+03,-4.011819826283558044e-02,1.784297009464914652e-01,-9.782984499613962548e-01
3.751400000000000290e+01,1.650000000000000000e+03,1.800000000000000000e+03,-4.011819826283558044e-02,1.784297009464914652e-01,-9.782984499613962548e-01
3.753099999999999881e+01,1.650000000000000000e+03,1.800000000000000000e+03,-4.011819826283558044e-02,1.784297009464914652e-01,-9.782984499613962548e-01
3.754800000000000182e+01,1.650000000000000000e+03,1.800000000000000000e+03,-3.897471002715624522e-02,1.821099080442110107e-01,-9.700057417237967217e-01
3.756499999999999773e+01,1.650000000000000000e+03,1.800000000000000000e+03,-3.775928701599662318e-02,1.832921970568186509e-01,-9.790605356254116209e-01
3.758200000000000074e+01,1.650000000000000000e+03,1.800000000000000000e+03,-3.539649984937165428e-02,1.881627560742282768e-01,-9.796345280212742646e-01
3.759899999999999665e+01,1.650000000000000000e+03,1.800000000000000000e+03,-3.539649984937165428e-02,1.881627560742282768e-01,-9.796345280212742646e-01
3.761699999999999733e+01,1.650000000000000000e+03,1.800000000000000000e+03,-3.174299619960674335e-02,1.917184925220460912e-01,-9.800097195339078082e-01
3.763400000000000034e+01,1.650000000000000000e+03,1.800000000000000000e+03,-3.014027433621180307e-02,1.941369909252950166e-01,-9.895795936021513084e-01
3.765100000000000335e+01,1.650000000000000000e+03,1.800000000000000000e+03,-3.014027433621180307e-02,1.941369909252950166e-01,-9.895795936021513084e-01
3.766799999999999926e+01,1.650000000000000000e+03,1.800000000000000000e+03,-3.014027433621180307e-02,1.941369909252950166e-01,-9.895795936021513084e-01
3.768599999999999994e+01,1.650000000000000000e+03,1.800000000000000000e+03,-2.805197619247801200e-02,1.940231166833044085e-01,-9.988872585879504662e-01
3.770400000000000063e+01,1.650000000000000000e+03,1.800000000000000000e+03,-2.403749720910930421e-02,2.000779659276377132e-01,-9.998495956786457306e-01
3.772099999999999653e+01,1.650000000000000000e+03,1.800000000000000000e+03,-2.403749720910930421e-02,2.000779659276377132e-01,-9.998495956786457306e-01
3.773799999999999955e+01,1.650000000000000000e+03,1.800000000000000000e+03,-2.242942336136755088e-02,2.025034103834126853e-01,-1.008544222436130733e+00
3.775500000000000256e+01,1.650000000000000000e+03,1.800000000000000000e+03,-2.242942336136755088e-02,2.025034103834126853e-01,-1.008544222436130733e+00
3.777300000000000324e+01,1.650000000000000000e+03,1.800000000000000000e+03,-2.075664682079381151e-02,2.024121839744505991e-01,-1.008740845046602663e+00
3.778999999999999915e+01,1.650000000000000000e+03,1.800000000000000000e+03,-2.001486085627224298e-02,2.061453381902378368e-01,-1.009862328180585855e+00
3.780700000000000216e+01,1.650000000000000000e+03,1.800000000000000000e+03,-2.001486085627224298e-02,2.061453381902378368e-01,-1.009862328180585855e+00
3.782399999999999807e+01,1.650000000000000000e+03,1.800000000000000000e+03,-1.837231467886724090e-02,2.073146509248937619e-01,-1.018296930834345249e+00
3.784100000000000108e+01,1.650000000000000000e+03,1.800000000000000000e+03,-1.837231467886724090e-02,2.073146509248937619e-01,-1.018296930834345249e+00
3.785799999999999699e+01,1.650000000000000000e+03,1.800000000000000000e+03,-1.717866894563746527e-02,2.097689379494660500e-01,-1.027594031762922411e+00
3.787500000000000000e+01,1.650000000000000000e+03,1.800000000000000000e+03,-5.408351685356027616e-03,2.255537228036352815e-01,-1.039338300577772545e+00
3.789300000000000068e+01,1.650000000000000000e+03,1.800000000000000000e+03,-2.134131744571110545e-03,2.291784166257784250e-01,-1.040115636041919256e+00
3.790999999999999659e+01,1.650000000000000000e+03,1.800000000000000000e+03,-2.134131744571110545e-03,2.291784166257784250e-01,-1.040115636041919256e+00
3.792699999999999960e+01,1.650000000000000000e+03,1.800000000000000000e+03,-6.181111897252122844e-05,2.303341083397487665e-01,-1.049655533139552066e+00
3.794400000000000261e+01,1.650000000000000000e+03,1.800000000000000000e+03,7.238569809118189369e-04,2.328305543877124961e-01,-1.042623556810511110e+00
3.796099999999999852e+01,1.650000000000000000e+03,1.800000000000000000e+03,7.238569809118189369e-04,2.328305543877124961e-01,-1.042623556810511110e+00
3.797800000000000153e+01,1.650000000000000000e+03,1.800000000000000000e+03,2.771231999615597630e-03,2.352601698669287700e-01,-1.041098557621169096e+00
3.799499999999999744e+01,1.650000000000000000e+03,1.800000000000000000e+03,3.585330835801148197e-03,2.364872184265047750e-01,-1.059884783192479807e+00
3.801200000000000045e+01,1.650000000000000000e+03,1.800000000000000000e+03,3.585330835801148197e-03,2.364872184265047750e-01,-1.059884783192479807e+00
3.802900000000000347e+01,1.650000000000000000e+03,1.800000000000000000e+03,3.585330835801148197e-03,2.364872184265047750e-01,-1.059884783192479807e+00
3.804699999999999704e+01,1.650000000000000000e+03,1.800000000000000000e+03,5.188294911364188522e-03,2.402174165930937022e-01,-1.051006631166335969e+00
3.806400000000000006e+01,1.650000000000000000e+03,1.800000000000000000e+03,5.188294911364188522e-03,2.402174165930937022e-01,-1.051006631166335969e+00
3.808100000000000307e+01,1.650000000000000000e+03,1.800000000000000000e+03,1.100233459312560669e-02,2.437220935269284183e-01,-1.054346917452415378e+00
3.809799999999999898e+01,1.650000000000000000e+03,1.800000000000000000e+03,1.100233459312560669e-02,2.437220935269284183e-01,-1.054346917452415378e+00
3.811500000000000199e+01,1.650000000000000000e+03,1.800000000000000000e+03,1.179444160370524131e-02,2.462297894399405607e-01,-1.061656225223092775e+00
3.813300000000000267e+01,1.650000000000000000e+03,1.800000000000000000e+03,1.387527756649564736e-02,2.473922913366486398e-01,-1.071437220277343005e+00
3.814999999999999858e+01,1.650000000000000000e+03,1.800000000000000000e+03,1.595690064584198709e-02,2.485552753549482574e-01,-1.081337710735955859e+00
3.816700000000000159e+01,1.650000000000000000e+03,1.800000000000000000e+03,1.672796248996943902e-02,2.523467707657109926e-01,-1.062648285980102747e+00
3.818399999999999750e+01,1.650000000000000000e+03,1.800000000000000000e+03,1.672796248996943902e-02,2.523467707657109926e-01,-1.062648285980102747e+00
3.820199999999999818e+01,1.650000000000000000e+03,1.800000000000000000e+03,1.672796248996943902e-02,2.523467707657109926e-01,-1.062648285980102747e+00
3.821900000000000119e+01,1.650000000000000000e+03,1.800000000000000000e+03,2.091941716302203602e-02,2.533964123770857668e-01,-1.082335809730517351e+00
3.823599999999999710e+01,1.650000000000000000e+03,1.800000000000000000e+03,2.256034262891271069e-02,2.558661043345562547e-01,-1.086350501251202250e+00
3.825300000000000011e+01,1.650000000000000000e+03,1.800000000000000000e+03,2.378079237726193895e-02,2.583609296507631825e-01,-1.083119325759058560e+00
3.827000000000000313e+01,1.650000000000000000e+03,1.800000000000000000e+03,2.378079237726193895e-02,2.583609296507631825e-01,-1.083119325759058560e+00
3.828699999999999903e+01,1.650000000000000000e+03,1.800000000000000000e+03,2.378079237726193895e-02,2.583609296507631825e-01,-1.083119325759058560e+00
3.830400000000000205e+01,1.650000000000000000e+03,1.800000000000000000e+03,2.588991225932479878e-02,2.582455131328309506e-01,-1.083334818595378390e+00
3.832099999999999795e+01,1.650000000000000000e+03,1.800000000000000000e+03,3.126987807800407637e-02,2.643643247070377456e-01,-1.094144914305590133e+00
3.833800000000000097e+01,1.650000000000000000e+03,1.800000000000000000e+03,3.126987807800407637e-02,2.643643247070377456e-01,-1.094144914305590133e+00
3.835600000000000165e+01,1.650000000000000000e+03,1.800000000000000000e+03,4.713866487022055907e-02,2.763616881921651114e-01,-1.116794546183331738e+00
3.837400000000000233e+01,1.650000000000000000e+03,1.800000000000000000e+03,4.713866487022055907e-02,2.763616881921651114e-01,-1.116794546183331738e+00
3.839099999999999824e+01,1.650000000000000000e+03,1.800000000000000000e+03,4.837359981015998400e-02,2.788736782365113243e-01,-1.122086734102822669e+00
3.840899999999999892e+01,1.650000000000000000e+03,1.800000000000000000e+03,4.837359981015998400e-02,2.788736782365113243e-01,-1.122086734102822669e+00
3.842600000000000193e+01,1.650000000000000000e+03,1.800000000000000000e+03,4.837359981015998400e-02,2.788736782365113243e-01,-1.122086734102822669e+00
3.844299999999999784e+01,1.650000000000000000e+03,1.800000000000000000e+03,5.004949621145149408e-02,2.800724781372228023e-01,-1.127518313548663720e+00
3.846000000000000085e+01,1.650000000000000000e+03,1.800000000000000000e+03,5.299589000914473047e-02,2.812021820708361375e-01,-1.127970233914474596e+00
3.847699999999999676e+01,1.650000000000000000e+03,1.800000000000000000e+03,5.381083984560808275e-02,2.837414362753492014e-01,-1.123210241434883683e+00
3.849399999999999977e+01,1.650000000000000000e+03,1.800000000000000000e+03,5.969514906069628424e-02,2.872987494977392586e-01,-1.139492046448152829e+00
3.851100000000000279e+01,1.650000000000000000e+03,1.800000000000000000e+03,5.969514906069628424e-02,2.872987494977392586e-01,-1.139492046448152829e+00
3.852799999999999869e+01,1.650000000000000000e+03,1.800000000000000000e+03,6.261905850234539272e-02,2.910231216417056288e-01,-1.140049613093933711e+00
3.854500000000000171e+01,1.650000000000000000e+03,1.800000000000000000e+03,6.472514218851310730e-02,2.922035786959469306e-01,-1.146424108549141341e+00
3.856199999999999761e+01,1.650000000000000000e+03,1.800000000000000000e+03,6.472514218851310730e-02,2.922035786959469306e-01,-1.146424108549141341e+00
3.857900000000000063e+01,1.650000000000000000e+03,1.800000000000000000e+03,6.725609548215549793e-02,2.933612500006468338e-01,-1.151135445489953613e+00
3.859599999999999653e+01,1.650000000000000000e+03,1.800000000000000000e+03,6.725609548215549793e-02,2.933612500006468338e-01,-1.151135445489953613e+00
3.861399999999999721e+01,1.650000000000000000e+03,1.800000000000000000e+03,6.895226855761960039e-02,2.932682134432589294e-01,-1.151366623080503304e+00
3.863100000000000023e+01,1.650000000000000000e+03,1.800000000000000000e+03,6.932660926952749492e-02,2.984391029223010250e-01,-1.151690098438843624e+00
3.864900000000000091e+01,1.650000000000000000e+03,1.800000000000000000e+03,7.230909510389293970e-02,2.969767283921118661e-01,-1.156093593999977465e+00
3.866599999999999682e+01,1.650000000000000000e+03,1.800000000000000000e+03,7.484347324813134250e-02,2.981362892659946695e-01,-1.162899145656226096e+00
3.868299999999999983e+01,1.650000000000000000e+03,1.800000000000000000e+03,7.484347324813134250e-02,2.981362892659946695e-01,-1.162899145656226096e+00
3.870000000000000284e+01,1.650000000000000000e+03,1.800000000000000000e+03,7.484347324813134250e-02,2.981362892659946695e-01,-1.162899145656226096e+00
3.871699999999999875e+01,1.650000000000000000e+03,1.800000000000000000e+03,7.778205881851585346e-02,3.018741238536701843e-01,-1.157111938255387829e+00
3.873499999999999943e+01,1.650000000000000000e+03,1.800000000000000000e+03,7.778205881851585346e-02,3.018741238536701843e-01,-1.157111938255387829e+00
3.875200000000000244e+01,1.650000000000000000e+03,1.800000000000000000e+03,7.778205881851585346e-02,3.018741238536701843e-01,-1.157111938255387829e+00
3.877000000000000313e+01,1.650000000000000000e+03,1.800000000000000000e+03,8.581334933528150799e-02,3.066394564106511567e-01,-1.168523323261019931e+00
3.878699999999999903e+01,1.650000000000000000e+03,1.800000000000000000e+03,8.793775303018769307e-02,3.065227822239382505e-01,-1.179022546068978716e+00
3.880400000000000205e+01,1.650000000000000000e+03,1.800000000000000000e+03,9.005415188844700936e-02,3.077094405087743567e-01,-1.189628031550543641e+00
3.882099999999999795e+01,1.650000000000000000e+03,1.800000000000000000e+03,9.005415188844700936e-02,3.077094405087743567e-01,-1.189628031550543641e+00
3.883800000000000097e+01,1.650000000000000000e+03,1.800000000000000000e+03,9.005415188844700936e-02,3.077094405087743567e-01,-1.189628031550543641e+00
3.885499999999999687e+01,1.650000000000000000e+03,1.800000000000000000e+03,9.132133720263291288e-02,3.089432641593399254e-01,-1.189867368288652028e+00
3.887199999999999989e+01,1.650000000000000000e+03,1.800000000000000000e+03,9.132133720263291288e-02,3.089432641593399254e-01,-1.189867368288652028e+00
3.889000000000000057e+01,1.650000000000000000e+03,1.800000000000000000e+03,9.428943255009936131e-02,3.100841755370096209e-01,-1.187497839636311836e+00
3.890699999999999648e+01,1.650000000000000000e+03,1.800000000000000000e+03,1.048781922959440838e-01,3.199532145978682962e-01,-1.202867923271666362e+00
3.892399999999999949e+01,1.650000000000000000e+03,1.800000000000000000e+03,1.074284406332266517e-01,3.211217427838981564e-01,-1.213687612600505172e+00
3.894100000000000250e+01,1.650000000000000000e+03,1.800000000000000000e+03,1.074284406332266517e-01,3.211217427838981564e-01,-1.213687612600505172e+00
3.895900000000000318e+01,1.650000000000000000e+03,1.800000000000000000e+03,1.091316322643969272e-01,3.210280369713292004e-01,-1.213931713919994992e+00
3.897599999999999909e+01,1.650000000000000000e+03,1.800000000000000000e+03,1.116831400154616460e-01,3.221969956311498962e-01,-1.223180481774816419e+00
3.899300000000000210e+01,1.650000000000000000e+03,1.800000000000000000e+03,1.129520570654651834e-01,3.260584798526471317e-01,-1.214711415862503419e+00
3.901100000000000279e+01,1.650000000000000000e+03,1.800000000000000000e+03,1.129520570654651834e-01,3.260584798526471317e-01,-1.214711415862503419e+00
3.902700000000000102e+01,1.650000000000000000e+03,1.800000000000000000e+03,1.155110807765700187e-01,3.246066201750501534e-01,-1.223918449561660848e+00
3.904500000000000171e+01,1.650000000000000000e+03,1.800000000000000000e+03,1.159304113821670867e-01,3.285181088191642118e-01,-1.225879998198590837e+00
3.906199999999999761e+01,1.650000000000000000e+03,1.800000000000000000e+03,1.159304113821670867e-01,3.285181088191642118e-01,-1.225879998198590837e+00
3.907900000000000063e+01,1.650000000000000000e+03,1.800000000000000000e+03,1.193405978766370890e-01,3.283302766691882368e-01,-1.224696409790088314e+00
3.909599999999999653e+01,1.650000000000000000e+03,1.800000000000000000e+03,1.210444968101407337e-01,3.295490198372430513e-01,-1.224942577399164900e+00
3.911299999999999955e+01,1.650000000000000000e+03,1.800000000000000000e+03,1.210444968101407337e-01,3.295490198372430513e-01,-1.224942577399164900e+00
3.913100000000000023e+01,1.650000000000000000e+03,1.800000000000000000e+03,1.265870184345152527e-01,3.344994239193699315e-01,-1.237157660124481584e+00
3.914800000000000324e+01,1.650000000000000000e+03,1.800000000000000000e+03,1.282941308549867543e-01,3.357206276072659534e-01,-1.237406166746670477e+00
3.916499999999999915e+01,1.650000000000000000e+03,1.800000000000000000e+03,1.308545015486588525e-01,3.355794483833909325e-01,-1.248952676240203674e+00
3.918200000000000216e+01,1.650000000000000000e+03,1.800000000000000000e+03,1.308545015486588525e-01,3.355794483833909325e-01,-1.248952676240203674e+00
3.919899999999999807e+01,1.650000000000000000e+03,1.800000000000000000e+03,1.308545015486588525e-01,3.355794483833909325e-01,-1.248952676240203674e+00
3.921600000000000108e+01,1.650000000000000000e+03,1.800000000000000000e+03,1.342717456172075607e-01,3.380232052645508745e-01,-1.261298996151525964e+00
3.923400000000000176e+01,1.650000000000000000e+03,1.800000000000000000e+03,1.372597760029128366e-01,3.378583941537538493e-01,-1.250829856189671574e+00
3.925099999999999767e+01,1.650000000000000000e+03,1.800000000000000000e+03,1.372597760029128366e-01,3.378583941537538493e-01,-1.250829856189671574e+00
3.926800000000000068e+01,1.650000000000000000e+03,1.800000000000000000e+03,1.372597760029128366e-01,3.378583941537538493e-01,-1.250829856189671574e+00
3.928499999999999659e+01,1.650000000000000000e+03,1.800000000000000000e+03,1.428232863418124055e-01,3.428222224718631139e-01,-1.262827392226193224e+00
3.930199999999999960e+01,1.650000000000000000e+03,1.800000000000000000e+03,1.428232863418124055e-01,3.428222224718631139e-01,-1.262827392226193224e+00
3.931900000000000261e+01,1.650000000000000000e+03,1.800000000000000000e+03,1.466768260405462154e-01,3.452481372387321557e-01,-1.263156352675992578e+00
3.933599999999999852e+01,1.650000000000000000e+03,1.800000000000000000e+03,1.466768260405462154e-01,3.452481372387321557e-01,-1.263156352675992578e+00
3.935300000000000153e+01,1.650000000000000000e+03,1.800000000000000000e+03,1.466768260405462154e-01,3.452481372387321557e-01,-1.263156352675992578e+00
3.937100000000000222e+01,1.650000000000000000e+03,1.800000000000000000e+03,1.646555362701025427e-01,3.495384304569659761e-01,-1.288383565142739329e+00
3.938799999999999812e+01,1.650000000000000000e+03,1.800000000000000000e+03,1.646555362701025427e-01,3.495384304569659761e-01,-1.288383565142739329e+00
3.940500000000000114e+01,1.650000000000000000e+03,1.800000000000000000e+03,1.663835417144912121e-01,3.520878331787775650e-01,-1.299902360599248796e+00
3.942199999999999704e+01,1.650000000000000000e+03,1.800000000000000000e+03,1.663835417144912121e-01,3.520878331787775650e-01,-1.299902360599248796e+00
3.943999999999999773e+01,1.650000000000000000e+03,1.800000000000000000e+03,1.689498410143244200e-01,3.519459192638496603e-01,-1.289155781977583626e+00
3.945700000000000074e+01,1.650000000000000000e+03,1.800000000000000000e+03,1.758146659684955981e-01,3.542132343990207488e-01,-1.301439466936670009e+00
3.947399999999999665e+01,1.650000000000000000e+03,1.800000000000000000e+03,1.771207427984706761e-01,3.567901504001840252e-01,-1.301698906332839245e+00
3.949199999999999733e+01,1.650000000000000000e+03,1.800000000000000000e+03,1.771207427984706761e-01,3.567901504001840252e-01,-1.301698906332839245e+00
3.950900000000000034e+01,1.650000000000000000e+03,1.800000000000000000e+03,1.796887695945690311e-01,3.566479935653186217e-01,-1.313310538300600960e+00
3.952600000000000335e+01,1.650000000000000000e+03,1.800000000000000000e+03,1.796887695945690311e-01,3.566479935653186217e-01,-1.313310538300600960e+00
3.954299999999999926e+01,1.650000000000000000e+03,1.800000000000000000e+03,1.796887695945690311e-01,3.566479935653186217e-01,-1.313310538300600960e+00
3.956099999999999994e+01,1.650000000000000000e+03,1.800000000000000000e+03,1.818286947558482858e-01,3.565295363293419229e-01,-1.302477391865605849e+00
3.957800000000000296e+01,1.650000000000000000e+03,1.800000000000000000e+03,1.843964887235498562e-01,3.563873952137717183e-01,-1.314094526664493001e+00
3.959499999999999886e+01,1.650000000000000000e+03,1.800000000000000000e+03,1.865362204673919333e-01,3.562689501351297139e-01,-1.314355909834981517e+00
3.961200000000000188e+01,1.650000000000000000e+03,1.800000000000000000e+03,1.865362204673919333e-01,3.562689501351297139e-01,-1.314355909834981517e+00
3.962899999999999778e+01,1.650000000000000000e+03,1.800000000000000000e+03,1.891316740482686942e-01,3.587763801138681430e-01,-1.314878756816094008e+00
3.964600000000000080e+01,1.650000000000000000e+03,1.800000000000000000e+03,1.951553716149674322e-01,3.610959626854057802e-01,-1.315895796801350714e+00
3.966299999999999670e+01,1.650000000000000000e+03,1.800000000000000000e+03,1.968996805350313739e-01,3.636547692284004540e-01,-1.327602469643541783e+00
3.967999999999999972e+01,1.650000000000000000e+03,1.800000000000000000e+03,1.968996805350313739e-01,3.636547692284004540e-01,-1.327602469643541783e+00
3.969700000000000273e+01,1.650000000000000000e+03,1.800000000000000000e+03,1.990417387925103032e-01,3.635359857652877835e-01,-1.327865817356411515e+00
3.971399999999999864e+01,1.650000000000000000e+03,1.800000000000000000e+03,2.020404753035793810e-01,3.633696932496777166e-01,-1.328392590229040549e+00
3.973100000000000165e+01,1.650000000000000000e+03,1.800000000000000000e+03,2.020404753035793810e-01,3.633696932496777166e-01,-1.328392590229040549e+00
3.974799999999999756e+01,1.650000000000000000e+03,1.800000000000000000e+03,2.020404753035793810e-01,3.633696932496777166e-01,-1.328392590229040549e+00
3.976599999999999824e+01,1.650000000000000000e+03,1.800000000000000000e+03,2.041823266587026176e-01,3.632509154716672128e-01,-1.340188993014943319e+00
3.978300000000000125e+01,1.650000000000000000e+03,1.800000000000000000e+03,2.041823266587026176e-01,3.632509154716672128e-01,-1.340188993014943319e+00
3.980100000000000193e+01,1.650000000000000000e+03,1.800000000000000000e+03,2.041823266587026176e-01,3.632509154716672128e-01,-1.340188993014943319e+00
3.981900000000000261e+01,1.650000000000000000e+03,1.800000000000000000e+03,2.128064668698725903e-01,3.667594182883808784e-01,-1.350546706440442835e+00
3.983599999999999852e+01,1.650000000000000000e+03,1.800000000000000000e+03,2.149689990152765517e-01,3.679694267732882551e-01,-1.341995960081247441e+00
3.985300000000000153e+01,1.650000000000000000e+03,1.800000000000000000e+03,2.149689990152765517e-01,3.679694267732882551e-01,-1.341995960081247441e+00
3.986999999999999744e+01,1.650000000000000000e+03,1.800000000000000000e+03,2.149689990152765517e-01,3.679694267732882551e-01,-1.341995960081247441e+00
3.988700000000000045e+01,1.650000000000000000e+03,1.800000000000000000e+03,2.283689459042483882e-01,3.738831372828350652e-01,-1.367375173384474119e+00
3.990400000000000347e+01,1.650000000000000000e+03,1.800000000000000000e+03,2.305371857102196387e-01,3.750958122328604816e-01,-1.367643866440908518e+00
3.992099999999999937e+01,1.650000000000000000e+03,1.800000000000000000e+03,2.331117325967495546e-01,3.749525412165199967e-01,-1.368181319096421822e+00
3.993800000000000239e+01,1.650000000000000000e+03,1.800000000000000000e+03,2.331117325967495546e-01,3.749525412165199967e-01,-1.368181319096421822e+00
3.995499999999999829e+01,1.650000000000000000e+03,1.800000000000000000e+03,2.352570965535578651e-01,3.748331452748105974e-01,-1.368450078687258431e+00
3.997399999999999665e+01,1.650000000000000000e+03,1.800000000000000000e+03,2.378314234504286251e-01,3.746898655237833609e-01,-1.380489558789431914e+00
3.999099999999999966e+01,1.650000000000000000e+03,1.800000000000000000e+03,2.473233630190272425e-01,3.768292496886100906e-01,-1.393689018642725541e+00
4.000800000000000267e+01,1.650000000000000000e+03,1.800000000000000000e+03,2.473233630190272425e-01,3.768292496886100906e-01,-1.393689018642725541e+00
4.002499999999999858e+01,1.650000000000000000e+03,1.800000000000000000e+03,2.473233630190272425e-01,3.768292496886100906e-01,-1.393689018642725541e+00
4.004200000000000159e+01,1.650000000000000000e+03,1.800000000000000000e+03,2.494691285704084827e-01,3.767097021234659948e-01,-1.405876805639041605e+00
4.005899999999999750e+01,1.650000000000000000e+03,1.800000000000000000e+03,2.507842080296387444e-01,3.779711422822789046e-01,-1.406150025715753094e+00
4.007600000000000051e+01,1.650000000000000000e+03,1.800000000000000000e+03,2.538170740823799676e-01,3.791373422024602036e-01,-1.411374150994650245e+00
4.009300000000000352e+01,1.650000000000000000e+03,1.800000000000000000e+03,2.538170740823799676e-01,3.791373422024602036e-01,-1.411374150994650245e+00
4.010999999999999943e+01,1.650000000000000000e+03,1.800000000000000000e+03,2.538170740823799676e-01,3.791373422024602036e-01,-1.411374150994650245e+00
4.012700000000000244e+01,1.650000000000000000e+03,1.800000000000000000e+03,2.585391955066340675e-01,3.788740188920298735e-01,-1.412195588057896911e+00
4.014399999999999835e+01,1.650000000000000000e+03,1.800000000000000000e+03,2.607153533678097102e-01,3.800883676858823890e-01,-1.407686797667024647e+00
4.016100000000000136e+01,1.650000000000000000e+03,1.800000000000000000e+03,2.607153533678097102e-01,3.800883676858823890e-01,-1.407686797667024647e+00
4.017799999999999727e+01,1.650000000000000000e+03,1.800000000000000000e+03,2.607153533678097102e-01,3.800883676858823890e-01,-1.407686797667024647e+00
4.019500000000000028e+01,1.650000000000000000e+03,1.800000000000000000e+03,2.633218149184144430e-01,3.812792004993426076e-01,-1.408233500339475697e+00
4.021200000000000330e+01,1.650000000000000000e+03,1.800000000000000000e+03,2.723713777112126699e-01,3.821106870260777555e-01,-1.433358691840113330e+00
4.022899999999999920e+01,1.650000000000000000e+03,1.800000000000000000e+03,2.723713777112126699e-01,3.821106870260777555e-01,-1.433358691840113330e+00
4.024600000000000222e+01,1.650000000000000000e+03,1.800000000000000000e+03,2.723713777112126699e-01,3.821106870260777555e-01,-1.433358691840113330e+00
4.026299999999999812e+01,1.650000000000000000e+03,1.800000000000000000e+03,2.749480001011943564e-01,3.819667566505469125e-01,-1.433910594639563829e+00
4.028000000000000114e+01,1.650000000000000000e+03,1.800000000000000000e+03,2.770950969909662387e-01,3.818468042813671914e-01,-1.434186568458628575e+00
4.029699999999999704e+01,1.650000000000000000e+03,1.800000000000000000e+03,2.805302851876501080e-01,3.816548600518174794e-01,-1.434738560824238895e+00
4.031400000000000006e+01,1.650000000000000000e+03,1.800000000000000000e+03,2.852533346854189134e-01,3.813908936676293493e-01,-1.447401377145391521e+00
4.033100000000000307e+01,1.650000000000000000e+03,1.800000000000000000e+03,2.852533346854189134e-01,3.813908936676293493e-01,-1.447401377145391521e+00
4.034899999999999665e+01,1.650000000000000000e+03,1.800000000000000000e+03,2.852533346854189134e-01,3.813908936676293493e-01,-1.447401377145391521e+00
4.036599999999999966e+01,1.650000000000000000e+03,1.800000000000000000e+03,2.852533346854189134e-01,3.813908936676293493e-01,-1.447401377145391521e+00
4.038300000000000267e+01,1.650000000000000000e+03,1.800000000000000000e+03,2.852533346854189134e-01,3.813908936676293493e-01,-1.447401377145391521e+00
4.039999999999999858e+01,1.650000000000000000e+03,1.800000000000000000e+03,3.038702036247515892e-01,3.857002437107768245e-01,-1.469312144622388461e+00
4.041700000000000159e+01,1.650000000000000000e+03,1.800000000000000000e+03,3.064477107840029024e-01,3.855558154596474552e-01,-1.469869987712306258e+00
4.043500000000000227e+01,1.650000000000000000e+03,1.800000000000000000e+03,3.086360708153454979e-01,3.867722028968829662e-01,-1.470148925072780610e+00
4.045100000000000051e+01,1.650000000000000000e+03,1.800000000000000000e+03,3.086360708153454979e-01,3.867722028968829662e-01,-1.470148925072780610e+00
4.046900000000000119e+01,1.650000000000000000e+03,1.800000000000000000e+03,3.112139403363540779e-01,3.866276634436216497e-01,-1.483162068073138551e+00
4.048499999999999943e+01,1.650000000000000000e+03,1.800000000000000000e+03,3.133620787537425567e-01,3.865071981346472896e-01,-1.470985800037822644e+00
4.050200000000000244e+01,1.650000000000000000e+03,1.800000000000000000e+03,3.133620787537425567e-01,3.865071981346472896e-01,-1.470985800037822644e+00
4.054500000000000171e+01,1.650000000000000000e+03,1.800000000000000000e+03,3.133620787537425567e-01,3.865071981346472896e-01,-1.470985800037822644e+00
4.057399999999999807e+01,1.650000000000000000e+03,1.800000000000000000e+03,3.133620787537425567e-01,3.865071981346472896e-01,-1.470985800037822644e+00
4.059599999999999653e+01,1.650000000000000000e+03,1.800000000000000000e+03,3.133620787537425567e-01,3.865071981346472896e-01,-1.470985800037822644e+00
4.061299999999999955e+01,1.650000000000000000e+03,1.800000000000000000e+03,3.207083671732025021e-01,3.874344998124170658e-01,-1.497347307816958573e+00
4.063400000000000034e+01,1.650000000000000000e+03,1.800000000000000000e+03,3.284417744651209059e-01,3.870002871410065381e-01,-1.511302008202032754e+00
4.065100000000000335e+01,1.650000000000000000e+03,1.800000000000000000e+03,3.284417744651209059e-01,3.870002871410065381e-01,-1.511302008202032754e+00
4.066899999999999693e+01,1.650000000000000000e+03,1.800000000000000000e+03,3.284417744651209059e-01,3.870002871410065381e-01,-1.511302008202032754e+00
4.068599999999999994e+01,1.650000000000000000e+03,1.800000000000000000e+03,3.284417744651209059e-01,3.870002871410065381e-01,-1.511302008202032754e+00
4.070300000000000296e+01,1.650000000000000000e+03,1.800000000000000000e+03,3.379393736554239247e-01,3.878063712209920411e-01,-1.512991830296152918e+00
4.071999999999999886e+01,1.650000000000000000e+03,1.800000000000000000e+03,3.397053023678080486e-01,3.890473541568519877e-01,-1.504877457261369234e+00
4.073700000000000188e+01,1.650000000000000000e+03,1.800000000000000000e+03,3.397053023678080486e-01,3.890473541568519877e-01,-1.504877457261369234e+00
4.075399999999999778e+01,1.650000000000000000e+03,1.800000000000000000e+03,3.427132339537448669e-01,3.888781357206010370e-01,-1.526430263528695264e+00
4.077100000000000080e+01,1.650000000000000000e+03,1.800000000000000000e+03,3.427132339537448669e-01,3.888781357206010370e-01,-1.526430263528695264e+00
4.078900000000000148e+01,1.650000000000000000e+03,1.800000000000000000e+03,3.444804741115039537e-01,3.901194836250931886e-01,-1.505720987099147923e+00
4.080599999999999739e+01,1.650000000000000000e+03,1.800000000000000000e+03,3.444804741115039537e-01,3.901194836250931886e-01,-1.505720987099147923e+00
4.082300000000000040e+01,1.650000000000000000e+03,1.800000000000000000e+03,3.728390480014223130e-01,3.885211184005346041e-01,-1.557094817859856484e+00
4.084000000000000341e+01,1.650000000000000000e+03,1.800000000000000000e+03,3.728390480014223130e-01,3.885211184005346041e-01,-1.557094817859856484e+00
4.085699999999999932e+01,1.650000000000000000e+03,1.800000000000000000e+03,3.749868841398849018e-01,3.883998844591962651e-01,-1.557378218279431570e+00
4.087400000000000233e+01,1.650000000000000000e+03,1.800000000000000000e+03,3.775641874884443361e-01,3.882543751185876246e-01,-1.570632052782942045e+00
4.089099999999999824e+01,1.650000000000000000e+03,1.800000000000000000e+03,3.775641874884443361e-01,3.882543751185876246e-01,-1.570632052782942045e+00
4.090800000000000125e+01,1.650000000000000000e+03,1.800000000000000000e+03,3.775641874884443361e-01,3.882543751185876246e-01,-1.570632052782942045e+00
4.092600000000000193e+01,1.650000000000000000e+03,1.800000000000000000e+03,3.831479709645346787e-01,3.879389960812362759e-01,-1.571483350193273454e+00
4.094299999999999784e+01,1.650000000000000000e+03,1.800000000000000000e+03,3.831479709645346787e-01,3.879389960812362759e-01,-1.571483350193273454e+00
4.096000000000000085e+01,1.650000000000000000e+03,1.800000000000000000e+03,3.831479709645346787e-01,3.879389960812362759e-01,-1.571483350193273454e+00
4.097699999999999676e+01,1.650000000000000000e+03,1.800000000000000000e+03,3.852954439853619739e-01,3.878176561863391214e-01,-1.559078586756627693e+00
4.099399999999999977e+01,1.650000000000000000e+03,1.800000000000000000e+03,3.883017794478922369e-01,3.876477421553756741e-01,-1.572334615296710592e+00
4.101100000000000279e+01,1.650000000000000000e+03,1.800000000000000000e+03,3.896486402901020440e-01,3.889122345998350383e-01,-1.572618362896863742e+00
4.102900000000000347e+01,1.650000000000000000e+03,1.800000000000000000e+03,3.973198999924421049e-01,3.871377273930436402e-01,-1.588210749949654721e+00
4.104599999999999937e+01,1.650000000000000000e+03,1.800000000000000000e+03,3.973198999924421049e-01,3.871377273930436402e-01,-1.588210749949654721e+00
4.106300000000000239e+01,1.650000000000000000e+03,1.800000000000000000e+03,4.028404960585558747e-01,3.854854410993686642e-01,-1.600576667388023067e+00
4.107999999999999829e+01,1.650000000000000000e+03,1.800000000000000000e+03,4.028404960585558747e-01,3.854854410993686642e-01,-1.600576667388023067e+00
4.109700000000000131e+01,1.650000000000000000e+03,1.800000000000000000e+03,4.028404960585558747e-01,3.854854410993686642e-01,-1.600576667388023067e+00
4.111399999999999721e+01,1.650000000000000000e+03,1.800000000000000000e+03,4.054780095667478435e-01,3.866759232518450773e-01,-1.599801742379003633e+00
4.113199999999999790e+01,1.650000000000000000e+03,1.800000000000000000e+03,4.079915081488920681e-01,3.851938152324185793e-01,-1.601429055593504902e+00
4.114900000000000091e+01,1.650000000000000000e+03,1.800000000000000000e+03,4.101376359045239006e-01,3.850722623819198276e-01,-1.614740287112789385e+00
4.116599999999999682e+01,1.650000000000000000e+03,1.800000000000000000e+03,4.101376359045239006e-01,3.850722623819198276e-01,-1.614740287112789385e+00
4.118299999999999983e+01,1.650000000000000000e+03,1.800000000000000000e+03,4.131420890996186923e-01,3.849020462901329154e-01,-1.602281370849316433e+00
4.120000000000000284e+01,1.650000000000000000e+03,1.800000000000000000e+03,4.131420890996186923e-01,3.849020462901329154e-01,-1.602281370849316433e+00
4.121699999999999875e+01,1.650000000000000000e+03,1.800000000000000000e+03,4.152880373958025562e-01,3.847804330334598788e-01,-1.615592765775113016e+00
4.123400000000000176e+01,1.650000000000000000e+03,1.800000000000000000e+03,4.255875500431216540e-01,3.841963312034248901e-01,-1.630044492209114182e+00
4.125099999999999767e+01,1.650000000000000000e+03,1.800000000000000000e+03,4.255875500431216540e-01,3.841963312034248901e-01,-1.630044492209114182e+00
4.126899999999999835e+01,1.650000000000000000e+03,1.800000000000000000e+03,4.277330655968272222e-01,3.840745674740668747e-01,-1.630328536805612183e+00
4.128600000000000136e+01,1.650000000000000000e+03,1.800000000000000000e+03,4.307366622375259357e-01,3.839040535755469108e-01,-1.630896588447716011e+00
4.130299999999999727e+01,1.650000000000000000e+03,1.800000000000000000e+03,4.332429858157671454e-01,3.824229816368047707e-01,-1.644750118385371884e+00
4.132000000000000028e+01,1.650000000000000000e+03,1.800000000000000000e+03,4.332429858157671454e-01,3.824229816368047707e-01,-1.644750118385371884e+00
4.133700000000000330e+01,1.650000000000000000e+03,1.800000000000000000e+03,4.332429858157671454e-01,3.824229816368047707e-01,-1.644750118385371884e+00
4.135399999999999920e+01,1.650000000000000000e+03,1.800000000000000000e+03,4.358167069403531269e-01,3.822768218546288566e-01,-1.658599743942766214e+00
4.137100000000000222e+01,1.650000000000000000e+03,1.800000000000000000e+03,4.358167069403531269e-01,3.822768218546288566e-01,-1.658599743942766214e+00
4.138799999999999812e+01,1.650000000000000000e+03,1.800000000000000000e+03,4.358167069403531269e-01,3.822768218546288566e-01,-1.658599743942766214e+00
4.140500000000000114e+01,1.650000000000000000e+03,1.800000000000000000e+03,4.533284614200587814e-01,3.799432981883636984e-01,-1.660369717119242194e+00
4.142199999999999704e+01,1.650000000000000000e+03,1.800000000000000000e+03,4.563294883599817719e-01,3.797724953049552710e-01,-1.660936572019062307e+00
4.143900000000000006e+01,1.650000000000000000e+03,1.800000000000000000e+03,4.589016816250175435e-01,3.796260478721027454e-01,-1.689406768082245991e+00
4.145600000000000307e+01,1.650000000000000000e+03,1.800000000000000000e+03,4.618281085829365473e-01,3.781222732307139012e-01,-1.676429349011954395e+00
4.147299999999999898e+01,1.650000000000000000e+03,1.800000000000000000e+03,4.618281085829365473e-01,3.781222732307139012e-01,-1.676429349011954395e+00
4.149000000000000199e+01,1.650000000000000000e+03,1.800000000000000000e+03,4.643995051654816741e-01,3.779758107477375617e-01,-1.690254237729018838e+00
4.150699999999999790e+01,1.650000000000000000e+03,1.800000000000000000e+03,4.669707952439465792e-01,3.778293058999215859e-01,-1.690536684454376992e+00
4.152499999999999858e+01,1.650000000000000000e+03,1.800000000000000000e+03,4.694659865551757960e-01,3.763506998299739337e-01,-1.688978245781988186e+00
4.154099999999999682e+01,1.650000000000000000e+03,1.800000000000000000e+03,4.720364984527212204e-01,3.762041853085520415e-01,-1.689260710253869480e+00
4.155899999999999750e+01,1.650000000000000000e+03,1.800000000000000000e+03,4.720364984527212204e-01,3.762041853085520415e-01,-1.689260710253869480e+00
4.157600000000000051e+01,1.650000000000000000e+03,1.800000000000000000e+03,4.753864066793007659e-01,3.746774636484335730e-01,-1.705515495205380594e+00
4.159300000000000352e+01,1.650000000000000000e+03,1.800000000000000000e+03,4.753864066793007659e-01,3.746774636484335730e-01,-1.705515495205380594e+00
4.160999999999999943e+01,1.650000000000000000e+03,1.800000000000000000e+03,nan,nan,nan
4.162700000000000244e+01,1.650000000000000000e+03,1.800000000000000000e+03,nan,nan,nan
4.164399999999999835e+01,1.650000000000000000e+03,1.800000000000000000e+03,4.877256653095494165e-01,3.726384251342595988e-01,-1.704837492919492492e+00
4.166100000000000136e+01,1.650000000000000000e+03,1.800000000000000000e+03,4.902137909744237465e-01,3.711620462851286106e-01,-1.734793894998512664e+00
4.167799999999999727e+01,1.650000000000000000e+03,1.800000000000000000e+03,4.902137909744237465e-01,3.711620462851286106e-01,-1.734793894998512664e+00
4.169500000000000028e+01,1.650000000000000000e+03,1.800000000000000000e+03,4.902137909744237465e-01,3.711620462851286106e-01,-1.734793894998512664e+00
4.171200000000000330e+01,1.650000000000000000e+03,1.800000000000000000e+03,4.948401281208718583e-01,3.695641757964782670e-01,-1.735633930466945030e+00
4.172899999999999920e+01,1.650000000000000000e+03,1.800000000000000000e+03,4.948401281208718583e-01,3.695641757964782670e-01,-1.735633930466945030e+00
4.174600000000000222e+01,1.650000000000000000e+03,1.800000000000000000e+03,4.948401281208718583e-01,3.695641757964782670e-01,-1.735633930466945030e+00
4.176299999999999812e+01,1.650000000000000000e+03,1.800000000000000000e+03,4.978351760459667208e-01,3.693930755719927461e-01,-1.722727894129443271e+00
4.178099999999999881e+01,1.650000000000000000e+03,1.800000000000000000e+03,4.978351760459667208e-01,3.693930755719927461e-01,-1.722727894129443271e+00
4.179800000000000182e+01,1.650000000000000000e+03,1.800000000000000000e+03,5.050245556443369033e-01,3.676491844893954308e-01,-1.720677757072288205e+00
4.181499999999999773e+01,1.650000000000000000e+03,1.800000000000000000e+03,5.083617202043124728e-01,3.661260678665518853e-01,-1.751099584737580761e+00
4.183200000000000074e+01,1.650000000000000000e+03,1.800000000000000000e+03,5.130650583414428922e-01,3.658569956335142592e-01,-1.751936027563571363e+00
4.184899999999999665e+01,1.650000000000000000e+03,1.800000000000000000e+03,5.130650583414428922e-01,3.658569956335142592e-01,-1.751936027563571363e+00
4.186599999999999966e+01,1.650000000000000000e+03,1.800000000000000000e+03,5.130650583414428922e-01,3.658569956335142592e-01,-1.751936027563571363e+00
4.188300000000000267e+01,1.650000000000000000e+03,1.800000000000000000e+03,5.130650583414428922e-01,3.658569956335142592e-01,-1.751936027563571363e+00
4.189999999999999858e+01,1.650000000000000000e+03,1.800000000000000000e+03,5.269075456743568253e-01,3.610716805709364152e-01,-1.780699549350770017e+00
4.191700000000000159e+01,1.650000000000000000e+03,1.800000000000000000e+03,5.286162497421882378e-01,3.609737746828471927e-01,-1.780975959859341762e+00
4.193399999999999750e+01,1.650000000000000000e+03,1.800000000000000000e+03,5.286162497421882378e-01,3.609737746828471927e-01,-1.780975959859341762e+00
4.195100000000000051e+01,1.650000000000000000e+03,1.800000000000000000e+03,5.315169577427920622e-01,3.594779617062799915e-01,-1.768192758096113204e+00
4.196800000000000352e+01,1.650000000000000000e+03,1.800000000000000000e+03,5.409114772283585282e-01,3.589391662050749332e-01,-1.782909841091959047e+00
4.198499999999999943e+01,1.650000000000000000e+03,1.800000000000000000e+03,5.409114772283585282e-01,3.589391662050749332e-01,-1.782909841091959047e+00
4.200200000000000244e+01,1.650000000000000000e+03,1.800000000000000000e+03,5.442351395160345273e-01,3.574196051441225208e-01,-1.803056805876460000e+00
4.201899999999999835e+01,1.650000000000000000e+03,1.800000000000000000e+03,5.442351395160345273e-01,3.574196051441225208e-01,-1.803056805876460000e+00
4.203699999999999903e+01,1.650000000000000000e+03,1.800000000000000000e+03,5.488374195027507785e-01,3.558272200201022528e-01,-1.810621534331127602e+00
4.205400000000000205e+01,1.650000000000000000e+03,1.800000000000000000e+03,5.488374195027507785e-01,3.558272200201022528e-01,-1.810621534331127602e+00
4.207099999999999795e+01,1.650000000000000000e+03,1.800000000000000000e+03,5.518245862940813762e-01,3.556556419773730937e-01,-1.797950158709450186e+00
4.208800000000000097e+01,1.650000000000000000e+03,1.800000000000000000e+03,5.518245862940813762e-01,3.556556419773730937e-01,-1.797950158709450186e+00
4.210499999999999687e+01,1.650000000000000000e+03,1.800000000000000000e+03,5.518245862940813762e-01,3.556556419773730937e-01,-1.797950158709450186e+00
4.212299999999999756e+01,1.650000000000000000e+03,1.800000000000000000e+03,5.597408435626529677e-01,3.525464460494669439e-01,-1.832806299312482068e+00
4.214000000000000057e+01,1.650000000000000000e+03,1.800000000000000000e+03,5.597408435626529677e-01,3.525464460494669439e-01,-1.832806299312482068e+00
4.215699999999999648e+01,1.650000000000000000e+03,1.800000000000000000e+03,5.622997019473412461e-01,3.523993183291782572e-01,-1.819669878845938449e+00
4.217499999999999716e+01,1.650000000000000000e+03,1.800000000000000000e+03,5.622997019473412461e-01,3.523993183291782572e-01,-1.819669878845938449e+00
4.219200000000000017e+01,1.650000000000000000e+03,1.800000000000000000e+03,5.673199691299484204e-01,3.507844268679534139e-01,-1.826633856350984964e+00
4.220900000000000318e+01,1.650000000000000000e+03,1.800000000000000000e+03,5.673199691299484204e-01,3.507844268679534139e-01,-1.826633856350984964e+00
4.222599999999999909e+01,1.650000000000000000e+03,1.800000000000000000e+03,5.706327550118286407e-01,3.492683325149243956e-01,-1.848179050670854195e+00
4.224300000000000210e+01,1.650000000000000000e+03,1.800000000000000000e+03,5.706327550118286407e-01,3.492683325149243956e-01,-1.848179050670854195e+00
4.225999999999999801e+01,1.650000000000000000e+03,1.800000000000000000e+03,5.730916901828682075e-01,3.478019726089316421e-01,-1.848448241114511559e+00
4.227700000000000102e+01,1.650000000000000000e+03,1.800000000000000000e+03,5.730916901828682075e-01,3.478019726089316421e-01,-1.848448241114511559e+00
4.229399999999999693e+01,1.650000000000000000e+03,1.800000000000000000e+03,5.756483060921173678e-01,3.476548015950724491e-01,-1.848986488141310724e+00
4.231199999999999761e+01,1.650000000000000000e+03,1.800000000000000000e+03,5.815131694221300496e-01,3.459928625996804286e-01,-1.872464007801911245e+00
4.232900000000000063e+01,1.650000000000000000e+03,1.800000000000000000e+03,5.864220568901361563e-01,3.430636109872775563e-01,-1.864270245323314645e+00
4.234599999999999653e+01,1.650000000000000000e+03,1.800000000000000000e+03,5.864220568901361563e-01,3.430636109872775563e-01,-1.864270245323314645e+00
4.236299999999999955e+01,1.650000000000000000e+03,1.800000000000000000e+03,5.864220568901361563e-01,3.430636109872775563e-01,-1.864270245323314645e+00
4.238000000000000256e+01,1.650000000000000000e+03,1.800000000000000000e+03,6.034553544238465683e-01,3.367961458302595190e-01,-1.880259109756487801e+00
4.239699999999999847e+01,1.650000000000000000e+03,1.800000000000000000e+03,6.071768640735961675e-01,3.352616421247711642e-01,-1.904345193988992824e+00
4.241499999999999915e+01,1.650000000000000000e+03,1.800000000000000000e+03,6.071768640735961675e-01,3.352616421247711642e-01,-1.904345193988992824e+00
4.243200000000000216e+01,1.650000000000000000e+03,1.800000000000000000e+03,6.091964615744884792e-01,3.338259714905067455e-01,-1.907802544772550624e+00
4.245000000000000284e+01,1.650000000000000000e+03,1.800000000000000000e+03,6.118530791370333510e-01,3.349915942550296677e-01,-1.891275752546676570e+00
4.246699999999999875e+01,1.650000000000000000e+03,1.800000000000000000e+03,6.137645278332395371e-01,3.322437430248932344e-01,-1.895350510629890017e+00
4.248400000000000176e+01,1.650000000000000000e+03,1.800000000000000000e+03,6.219356654825602959e-01,3.278200839721021609e-01,-1.909818575161153609e+00
4.250099999999999767e+01,1.650000000000000000e+03,1.800000000000000000e+03,6.219356654825602959e-01,3.278200839721021609e-01,-1.909818575161153609e+00
4.251800000000000068e+01,1.650000000000000000e+03,1.800000000000000000e+03,6.241675495189555889e-01,3.290076309069940308e-01,-1.910339685414259581e+00
4.253499999999999659e+01,1.650000000000000000e+03,1.800000000000000000e+03,6.270301477763324804e-01,3.275255936622736286e-01,-1.910600161691125232e+00
4.255199999999999960e+01,1.650000000000000000e+03,1.800000000000000000e+03,6.298913584239844710e-01,3.260442246821488865e-01,-1.935492173541680128e+00
4.256900000000000261e+01,1.650000000000000000e+03,1.800000000000000000e+03,6.298913584239844710e-01,3.260442246821488865e-01,-1.935492173541680128e+00
4.258599999999999852e+01,1.650000000000000000e+03,1.800000000000000000e+03,6.313676378412282908e-01,3.233288487428485070e-01,-1.937477094266939925e+00
4.260399999999999920e+01,1.650000000000000000e+03,1.800000000000000000e+03,6.313676378412282908e-01,3.233288487428485070e-01,-1.937477094266939925e+00
4.262100000000000222e+01,1.650000000000000000e+03,1.800000000000000000e+03,6.313676378412282908e-01,3.233288487428485070e-01,-1.937477094266939925e+00
4.263799999999999812e+01,1.650000000000000000e+03,1.800000000000000000e+03,6.379305871720681864e-01,3.203216854820158943e-01,-1.950239459891963012e+00
4.265599999999999881e+01,1.650000000000000000e+03,1.800000000000000000e+03,6.379305871720681864e-01,3.203216854820158943e-01,-1.950239459891963012e+00
4.267300000000000182e+01,1.650000000000000000e+03,1.800000000000000000e+03,6.477629245567553262e-01,3.158159478778896911e-01,-1.965367970740526049e+00
4.268999999999999773e+01,1.650000000000000000e+03,1.800000000000000000e+03,6.477629245567553262e-01,3.158159478778896911e-01,-1.965367970740526049e+00
4.270799999999999841e+01,1.650000000000000000e+03,1.800000000000000000e+03,6.507282913363021670e-01,3.156442299992523459e-01,-1.952486188977739623e+00
4.272599999999999909e+01,1.650000000000000000e+03,1.800000000000000000e+03,6.527312020582300978e-01,3.142172541494536731e-01,-1.941219084819177931e+00
4.274399999999999977e+01,1.650000000000000000e+03,1.800000000000000000e+03,6.527312020582300978e-01,3.142172541494536731e-01,-1.941219084819177931e+00
4.276100000000000279e+01,1.650000000000000000e+03,1.800000000000000000e+03,6.527312020582300978e-01,3.142172541494536731e-01,-1.941219084819177931e+00
4.277799999999999869e+01,1.650000000000000000e+03,1.800000000000000000e+03,6.558876095415173690e-01,3.114142885671125072e-01,-1.979861509620710169e+00
4.279500000000000171e+01,1.650000000000000000e+03,1.800000000000000000e+03,6.558876095415173690e-01,3.114142885671125072e-01,-1.979861509620710169e+00
4.281199999999999761e+01,1.650000000000000000e+03,1.800000000000000000e+03,6.558876095415173690e-01,3.114142885671125072e-01,-1.979861509620710169e+00
4.282900000000000063e+01,1.650000000000000000e+03,1.800000000000000000e+03,6.598872787342806578e-01,3.085648545923955766e-01,-1.955360959079816441e+00
4.284599999999999653e+01,1.650000000000000000e+03,1.800000000000000000e+03,6.804928957221403341e-01,2.969236930531842233e-01,-2.010158520146676953e+00
4.286399999999999721e+01,1.650000000000000000e+03,1.800000000000000000e+03,6.837489506559784047e-01,2.954317041144012279e-01,-2.010644702000006223e+00
4.288100000000000023e+01,1.650000000000000000e+03,1.800000000000000000e+03,6.865814360253807980e-01,2.939648578419769009e-01,-2.025798016195992091e+00
4.289900000000000091e+01,1.650000000000000000e+03,1.800000000000000000e+03,6.865814360253807980e-01,2.939648578419769009e-01,-2.025798016195992091e+00
4.291599999999999682e+01,1.650000000000000000e+03,1.800000000000000000e+03,6.894125541314155559e-01,2.924986663026150069e-01,-2.024477430655890142e+00
4.293299999999999983e+01,1.650000000000000000e+03,1.800000000000000000e+03,6.894125541314155559e-01,2.924986663026150069e-01,-2.024477430655890142e+00
4.295000000000000284e+01,1.650000000000000000e+03,1.800000000000000000e+03,6.949469452892769183e-01,2.882753225062897329e-01,-2.053448286510160425e+00
4.296699999999999875e+01,1.650000000000000000e+03,1.800000000000000000e+03,6.949469452892769183e-01,2.882753225062897329e-01,-2.053448286510160425e+00
4.298499999999999943e+01,1.650000000000000000e+03,1.800000000000000000e+03,6.949469452892769183e-01,2.882753225062897329e-01,-2.053448286510160425e+00
4.300200000000000244e+01,1.650000000000000000e+03,1.800000000000000000e+03,6.974761843447725429e-01,2.881284917088580144e-01,-2.040781156501130678e+00
4.301899999999999835e+01,1.650000000000000000e+03,1.800000000000000000e+03,7.046858061342256008e-01,2.838131153367946524e-01,-2.055123692493927123e+00
4.303600000000000136e+01,1.650000000000000000e+03,1.800000000000000000e+03,7.046858061342256008e-01,2.838131153367946524e-01,-2.055123692493927123e+00
4.305499999999999972e+01,1.650000000000000000e+03,1.800000000000000000e+03,7.067917898232627394e-01,2.836907618010382492e-01,-2.055357707102991149e+00
4.307200000000000273e+01,1.650000000000000000e+03,1.800000000000000000e+03,7.121787821846292665e-01,2.781905765293668509e-01,-2.069302476607285612e+00
4.308899999999999864e+01,1.650000000000000000e+03,1.800000000000000000e+03,7.121787821846292665e-01,2.781905765293668509e-01,-2.069302476607285612e+00
4.310600000000000165e+01,1.650000000000000000e+03,1.800000000000000000e+03,7.121787821846292665e-01,2.781905765293668509e-01,-2.069302476607285612e+00
4.312299999999999756e+01,1.650000000000000000e+03,1.800000000000000000e+03,7.121787821846292665e-01,2.781905765293668509e-01,-2.069302476607285612e+00
4.314000000000000057e+01,1.650000000000000000e+03,1.800000000000000000e+03,7.142826678541815966e-01,2.780683243120254389e-01,-2.069533473778647714e+00
4.315699999999999648e+01,1.650000000000000000e+03,1.800000000000000000e+03,7.175203527914912893e-01,2.765848328429294511e-01,-2.100459577110502352e+00
4.317399999999999949e+01,1.650000000000000000e+03,1.800000000000000000e+03,7.175203527914912893e-01,2.765848328429294511e-01,-2.100459577110502352e+00
4.319200000000000017e+01,1.650000000000000000e+03,1.800000000000000000e+03,7.254126897144297370e-01,2.709507005598341678e-01,-2.114686123502541815e+00
4.321000000000000085e+01,1.650000000000000000e+03,1.800000000000000000e+03,7.279340335678292639e-01,2.708040587081503858e-01,-2.127766452194495450e+00
4.322699999999999676e+01,1.650000000000000000e+03,1.800000000000000000e+03,7.299041830752852622e-01,2.693971396533374474e-01,-2.115348959054014877e+00
4.324399999999999977e+01,1.650000000000000000e+03,1.800000000000000000e+03,7.299041830752852622e-01,2.693971396533374474e-01,-2.115348959054014877e+00
4.326100000000000279e+01,1.650000000000000000e+03,1.800000000000000000e+03,7.321621038925065772e-01,2.666829137607766853e-01,-2.128722531650034888e+00
4.327799999999999869e+01,1.650000000000000000e+03,1.800000000000000000e+03,7.346815156727897200e-01,2.665363364808071012e-01,-2.128940294177513071e+00
4.329599999999999937e+01,1.650000000000000000e+03,1.800000000000000000e+03,7.376206906271942643e-01,2.663652595252790078e-01,-2.116528036715471295e+00
4.331300000000000239e+01,1.650000000000000000e+03,1.800000000000000000e+03,7.376206906271942643e-01,2.663652595252790078e-01,-2.116528036715471295e+00
4.333100000000000307e+01,1.650000000000000000e+03,1.800000000000000000e+03,7.396083605125733929e-01,2.610909582392473283e-01,-2.142567115895715801e+00
4.334799999999999898e+01,1.650000000000000000e+03,1.800000000000000000e+03,7.429642110171956748e-01,2.608956688037702421e-01,-2.142996047581085417e+00
4.336500000000000199e+01,1.650000000000000000e+03,1.800000000000000000e+03,7.566888811361893730e-01,2.510915301483205297e-01,-2.157796188902653789e+00
4.338199999999999790e+01,1.650000000000000000e+03,1.800000000000000000e+03,7.599017722346805837e-01,2.496203036109125861e-01,-2.191412933821253795e+00
4.339999999999999858e+01,1.650000000000000000e+03,1.800000000000000000e+03,7.643737614621675114e-01,2.442292076244543253e-01,-2.192343789296994583e+00
4.341700000000000159e+01,1.650000000000000000e+03,1.800000000000000000e+03,7.643737614621675114e-01,2.442292076244543253e-01,-2.192343789296994583e+00
4.343399999999999750e+01,1.650000000000000000e+03,1.800000000000000000e+03,7.677194741667174860e-01,2.440343178921482448e-01,-2.204954810263894505e+00
4.345100000000000051e+01,1.650000000000000000e+03,1.800000000000000000e+03,7.677194741667174860e-01,2.440343178921482448e-01,-2.204954810263894505e+00
4.346800000000000352e+01,1.650000000000000000e+03,1.800000000000000000e+03,7.677194741667174860e-01,2.440343178921482448e-01,-2.204954810263894505e+00
4.348499999999999943e+01,1.650000000000000000e+03,1.800000000000000000e+03,7.677194741667174860e-01,2.440343178921482448e-01,-2.204954810263894505e+00
4.350200000000000244e+01,1.650000000000000000e+03,1.800000000000000000e+03,7.692535279499710388e-01,2.426637482763824849e-01,-2.172175583123292508e+00
4.352000000000000313e+01,1.650000000000000000e+03,1.800000000000000000e+03,7.721802704004405715e-01,2.386530848025314455e-01,-2.205879151575553809e+00
4.353699999999999903e+01,1.650000000000000000e+03,1.800000000000000000e+03,7.721802704004405715e-01,2.386530848025314455e-01,-2.205879151575553809e+00
4.355499999999999972e+01,1.650000000000000000e+03,1.800000000000000000e+03,7.746870650329082952e-01,2.385070350392455296e-01,-2.193879412714034416e+00
4.357200000000000273e+01,1.650000000000000000e+03,1.800000000000000000e+03,7.830284774130424896e-01,2.303562213305587747e-01,-2.231727869924916341e+00
4.358899999999999864e+01,1.650000000000000000e+03,1.800000000000000000e+03,7.842800294686200768e-01,2.302832934570417933e-01,-2.243535919290965630e+00
4.360699999999999932e+01,1.650000000000000000e+03,1.800000000000000000e+03,7.874750692451470968e-01,2.288216328833900803e-01,-2.208318954876616669e+00
4.362400000000000233e+01,1.650000000000000000e+03,1.800000000000000000e+03,7.899660760427749118e-01,2.248535358470657997e-01,-2.256048992883930904e+00
4.364099999999999824e+01,1.650000000000000000e+03,1.800000000000000000e+03,7.899660760427749118e-01,2.248535358470657997e-01,-2.256048992883930904e+00
4.365800000000000125e+01,1.650000000000000000e+03,1.800000000000000000e+03,7.912163972847321425e-01,2.247806708995758740e-01,-2.256235157623560639e+00
4.367499999999999716e+01,1.650000000000000000e+03,1.800000000000000000e+03,7.942632281833845731e-01,2.220573282927995606e-01,-2.245532146759114056e+00
4.369299999999999784e+01,1.650000000000000000e+03,1.800000000000000000e+03,7.968909122487808361e-01,2.193606841672677277e-01,-2.257132000943466110e+00
4.370900000000000318e+01,1.650000000000000000e+03,1.800000000000000000e+03,7.968909122487808361e-01,2.193606841672677277e-01,-2.257132000943466110e+00
4.372699999999999676e+01,1.650000000000000000e+03,1.800000000000000000e+03,7.968909122487808361e-01,2.193606841672677277e-01,-2.257132000943466110e+00
4.374399999999999977e+01,1.650000000000000000e+03,1.800000000000000000e+03,8.015970334225119842e-01,2.165451668025326626e-01,-2.258213019016245493e+00
4.376100000000000279e+01,1.650000000000000000e+03,1.800000000000000000e+03,8.015970334225119842e-01,2.165451668025326626e-01,-2.258213019016245493e+00
4.377799999999999869e+01,1.650000000000000000e+03,1.800000000000000000e+03,8.015970334225119842e-01,2.165451668025326626e-01,-2.258213019016245493e+00
4.379599999999999937e+01,1.650000000000000000e+03,1.800000000000000000e+03,8.115335260710931919e-01,2.083559255402107624e-01,-2.306250954068247427e+00
4.381300000000000239e+01,1.650000000000000000e+03,1.800000000000000000e+03,8.134639159108891793e-01,2.069770342174406252e-01,-2.317430655896631553e+00
4.382999999999999829e+01,1.650000000000000000e+03,1.800000000000000000e+03,8.134639159108891793e-01,2.069770342174406252e-01,-2.317430655896631553e+00
4.384700000000000131e+01,1.650000000000000000e+03,1.800000000000000000e+03,8.160762971287416345e-01,2.042937256914969524e-01,-2.307116242603738154e+00
4.386399999999999721e+01,1.650000000000000000e+03,1.800000000000000000e+03,8.160762971287416345e-01,2.042937256914969524e-01,-2.307116242603738154e+00
4.388100000000000023e+01,1.650000000000000000e+03,1.800000000000000000e+03,8.336595611358725844e-01,1.906472603792295217e-01,-2.357794940613372692e+00
4.389900000000000091e+01,1.650000000000000000e+03,1.800000000000000000e+03,8.336595611358725844e-01,1.906472603792295217e-01,-2.357794940613372692e+00
4.391599999999999682e+01,1.650000000000000000e+03,1.800000000000000000e+03,8.355790991183913441e-01,1.892762887554706452e-01,-2.332302195621811958e+00
4.393299999999999983e+01,1.650000000000000000e+03,1.800000000000000000e+03,8.437696002386481098e-01,1.812561974647159957e-01,-2.370298196278248781e+00
4.395000000000000284e+01,1.650000000000000000e+03,1.800000000000000000e+03,8.462507149973064191e-01,1.811114803323423672e-01,-2.381088586221522085e+00
4.396800000000000352e+01,1.650000000000000000e+03,1.800000000000000000e+03,8.462507149973064191e-01,1.811114803323423672e-01,-2.381088586221522085e+00
4.398499999999999943e+01,1.650000000000000000e+03,1.800000000000000000e+03,8.479047286452439103e-01,1.810149723913738740e-01,-2.381241199851955592e+00
4.400200000000000244e+01,1.650000000000000000e+03,1.800000000000000000e+03,8.479047286452439103e-01,1.810149723913738740e-01,-2.381241199851955592e+00
4.401899999999999835e+01,1.650000000000000000e+03,1.800000000000000000e+03,8.526603064756268502e-01,1.757205169444819859e-01,-2.382050000618603836e+00
4.403600000000000136e+01,1.650000000000000000e+03,1.800000000000000000e+03,8.526603064756268502e-01,1.757205169444819859e-01,-2.382050000618603836e+00
4.407300000000000040e+01,1.650000000000000000e+03,1.800000000000000000e+03,8.526603064756268502e-01,1.757205169444819859e-01,-2.382050000618603836e+00
4.409100000000000108e+01,1.650000000000000000e+03,1.800000000000000000e+03,8.526603064756268502e-01,1.757205169444819859e-01,-2.382050000618603836e+00
4.413000000000000256e+01,1.650000000000000000e+03,1.800000000000000000e+03,8.560671796592116412e-01,1.730165751977779109e-01,-2.382857387276730687e+00
4.414800000000000324e+01,1.650000000000000000e+03,1.800000000000000000e+03,8.560671796592116412e-01,1.730165751977779109e-01,-2.382857387276730687e+00
4.416499999999999915e+01,1.650000000000000000e+03,1.800000000000000000e+03,8.627149105305056409e-01,1.663754797834702259e-01,-2.394064402472470654e+00
4.419100000000000250e+01,1.650000000000000000e+03,1.800000000000000000e+03,8.627149105305056409e-01,1.663754797834702259e-01,-2.394064402472470654e+00
4.420799999999999841e+01,1.650000000000000000e+03,1.800000000000000000e+03,8.697596364588691120e-01,1.597250259192124489e-01,-2.443379361397351346e+00
4.422500000000000142e+01,1.650000000000000000e+03,1.800000000000000000e+03,8.697596364588691120e-01,1.597250259192124489e-01,-2.443379361397351346e+00
4.424199999999999733e+01,1.650000000000000000e+03,1.800000000000000000e+03,8.715025830324489853e-01,1.571313933586413469e-01,-2.395656289395704963e+00
4.425900000000000034e+01,1.650000000000000000e+03,1.800000000000000000e+03,8.791891921343875094e-01,1.492203117896995224e-01,-2.444889822942244439e+00
4.427600000000000335e+01,1.650000000000000000e+03,1.800000000000000000e+03,8.804226315867573760e-01,1.491483903497901053e-01,-2.454682801918053769e+00
4.429299999999999926e+01,1.650000000000000000e+03,1.800000000000000000e+03,8.804226315867573760e-01,1.491483903497901053e-01,-2.454682801918053769e+00
4.431000000000000227e+01,1.650000000000000000e+03,1.800000000000000000e+03,8.838913721606960205e-01,1.439818159624426386e-01,-2.445642939264954574e+00
4.432699999999999818e+01,1.650000000000000000e+03,1.800000000000000000e+03,8.851236564338975654e-01,1.439099784905080170e-01,-2.455427552305782690e+00
4.434400000000000119e+01,1.650000000000000000e+03,1.800000000000000000e+03,8.887465495195130405e-01,1.399812322054749814e-01,-2.456170896965497175e+00
4.436099999999999710e+01,1.650000000000000000e+03,1.800000000000000000e+03,8.887465495195130405e-01,1.399812322054749814e-01,-2.456170896965497175e+00
4.437899999999999778e+01,1.650000000000000000e+03,1.800000000000000000e+03,9.006514400688252486e-01,1.269307188970820732e-01,-2.515465810854909723e+00
4.439600000000000080e+01,1.650000000000000000e+03,1.800000000000000000e+03,9.038442931884431708e-01,1.230481769348861221e-01,-2.507050051290240944e+00
4.441299999999999670e+01,1.650000000000000000e+03,1.800000000000000000e+03,9.078507867397802578e-01,1.191230973166286233e-01,-2.507744252574664490e+00
4.442999999999999972e+01,1.650000000000000000e+03,1.800000000000000000e+03,9.105478580692425439e-01,1.177365083765788967e-01,-2.525734094885878633e+00
4.444700000000000273e+01,1.650000000000000000e+03,1.800000000000000000e+03,9.105478580692425439e-01,1.177365083765788967e-01,-2.525734094885878633e+00
4.446399999999999864e+01,1.650000000000000000e+03,1.800000000000000000e+03,9.151970912720972517e-01,1.125531289885746133e-01,-2.526410002013760980e+00
4.448100000000000165e+01,1.650000000000000000e+03,1.800000000000000000e+03,9.173144908153609833e-01,1.099767272908307447e-01,-2.518205841082333585e+00
4.449799999999999756e+01,1.650000000000000000e+03,1.800000000000000000e+03,9.173144908153609833e-01,1.099767272908307447e-01,-2.518205841082333585e+00
4.451500000000000057e+01,1.650000000000000000e+03,1.800000000000000000e+03,9.173144908153609833e-01,1.099767272908307447e-01,-2.518205841082333585e+00
4.453199999999999648e+01,1.650000000000000000e+03,1.800000000000000000e+03,9.191888047083591751e-01,1.086418355043763384e-01,-2.527084550049105705e+00
4.454999999999999716e+01,1.650000000000000000e+03,1.800000000000000000e+03,9.213030273582385465e-01,1.060688359140495862e-01,-2.567054518215665659e+00
4.456700000000000017e+01,1.650000000000000000e+03,1.800000000000000000e+03,9.213030273582385465e-01,1.060688359140495862e-01,-2.567054518215665659e+00
4.458500000000000085e+01,1.650000000000000000e+03,1.800000000000000000e+03,9.238231622223098682e-01,1.034743410594733959e-01,-2.527757739976258744e+00
4.460199999999999676e+01,1.650000000000000000e+03,1.800000000000000000e+03,9.238231622223098682e-01,1.034743410594733959e-01,-2.527757739976258744e+00
4.461899999999999977e+01,1.650000000000000000e+03,1.800000000000000000e+03,nan,nan,nan
4.463600000000000279e+01,1.650000000000000000e+03,1.800000000000000000e+03,9.326602837314368344e-01,9.319008924720417752e-02,-2.568851227408095905e+00
4.465400000000000347e+01,1.650000000000000000e+03,1.800000000000000000e+03,9.326602837314368344e-01,9.319008924720417752e-02,-2.568851227408095905e+00
4.467099999999999937e+01,1.650000000000000000e+03,1.800000000000000000e+03,9.362203816047864890e-01,8.932794585198244874e-02,-2.617980318808904805e+00
4.468800000000000239e+01,1.650000000000000000e+03,1.800000000000000000e+03,9.362203816047864890e-01,8.932794585198244874e-02,-2.617980318808904805e+00
4.470600000000000307e+01,1.650000000000000000e+03,1.800000000000000000e+03,9.362203816047864890e-01,8.932794585198244874e-02,-2.617980318808904805e+00
4.472299999999999898e+01,1.650000000000000000e+03,1.800000000000000000e+03,9.362203816047864890e-01,8.932794585198244874e-02,-2.617980318808904805e+00
4.474099999999999966e+01,1.650000000000000000e+03,1.800000000000000000e+03,9.391332123110840424e-01,8.672445599352407442e-02,-2.585982025373396720e+00
4.475800000000000267e+01,1.650000000000000000e+03,1.800000000000000000e+03,9.391332123110840424e-01,8.672445599352407442e-02,-2.585982025373396720e+00
4.477499999999999858e+01,1.650000000000000000e+03,1.800000000000000000e+03,9.475122676202107908e-01,7.652202101990202010e-02,-2.595065376631991771e+00
4.479200000000000159e+01,1.650000000000000000e+03,1.800000000000000000e+03,9.475122676202107908e-01,7.652202101990202010e-02,-2.595065376631991771e+00
4.480899999999999750e+01,1.650000000000000000e+03,1.800000000000000000e+03,9.475122676202107908e-01,7.652202101990202010e-02,-2.595065376631991771e+00
4.482600000000000051e+01,1.650000000000000000e+03,1.800000000000000000e+03,9.497746625117193808e-01,7.517844366236392517e-02,-2.635006022597275344e+00
4.484300000000000352e+01,1.650000000000000000e+03,1.800000000000000000e+03,9.497746625117193808e-01,7.517844366236392517e-02,-2.635006022597275344e+00
4.485999999999999943e+01,1.650000000000000000e+03,1.800000000000000000e+03,9.671199511396424420e-01,5.124071857549772346e-02,-2.644929745589534864e+00
4.487700000000000244e+01,1.650000000000000000e+03,1.800000000000000000e+03,9.689641193102402905e-01,4.993199326496355894e-02,-2.692054733372722719e+00
4.489399999999999835e+01,1.650000000000000000e+03,1.800000000000000000e+03,9.718426524157497415e-01,4.736310930346032677e-02,-2.645477467372288949e+00
4.491100000000000136e+01,1.650000000000000000e+03,1.800000000000000000e+03,9.718426524157497415e-01,4.736310930346032677e-02,-2.645477467372288949e+00
4.492799999999999727e+01,1.650000000000000000e+03,1.800000000000000000e+03,9.718426524157497415e-01,4.736310930346032677e-02,-2.645477467372288949e+00
4.494500000000000028e+01,1.650000000000000000e+03,1.800000000000000000e+03,9.731047593225354841e-01,4.489011318237068338e-02,-2.692552217914387480e+00
4.496200000000000330e+01,1.650000000000000000e+03,1.800000000000000000e+03,9.745421681194477159e-01,4.360760001628616322e-02,-2.692552217914387480e+00
4.497899999999999920e+01,1.650000000000000000e+03,1.800000000000000000e+03,9.745421681194477159e-01,4.360760001628616322e-02,-2.692552217914387480e+00
4.499699999999999989e+01,1.650000000000000000e+03,1.800000000000000000e+03,9.809616423562945720e-01,3.485580854045267074e-02,-2.693472096273616945e+00
4.501400000000000290e+01,1.650000000000000000e+03,1.800000000000000000e+03,9.850810260029994048e-01,2.983995833977637346e-02,-2.734567497624459165e+00
4.503099999999999881e+01,1.650000000000000000e+03,1.800000000000000000e+03,9.877637603810791589e-01,2.610704456682100272e-02,-2.694388243176224051e+00
4.504699999999999704e+01,1.650000000000000000e+03,1.800000000000000000e+03,9.877637603810791589e-01,2.610704456682100272e-02,-2.694388243176224051e+00
4.506400000000000006e+01,1.650000000000000000e+03,1.800000000000000000e+03,9.894163445604633456e-01,2.362886853773993323e-02,-2.741140075308909463e+00
4.508100000000000307e+01,1.650000000000000000e+03,1.800000000000000000e+03,9.894163445604633456e-01,2.362886853773993323e-02,-2.741140075308909463e+00
4.509799999999999898e+01,1.650000000000000000e+03,1.800000000000000000e+03,9.914692395605799735e-01,2.112954653828946761e-02,-2.701422837791757736e+00
4.511500000000000199e+01,1.650000000000000000e+03,1.800000000000000000e+03,9.935203489962149970e-01,1.863237564531061707e-02,-2.747549780479145998e+00
4.513199999999999790e+01,1.650000000000000000e+03,1.800000000000000000e+03,9.935203489962149970e-01,1.863237564531061707e-02,-2.747549780479145998e+00
4.514900000000000091e+01,1.650000000000000000e+03,1.800000000000000000e+03,9.935203489962149970e-01,1.863237564531061707e-02,-2.747549780479145998e+00
4.516599999999999682e+01,1.650000000000000000e+03,1.800000000000000000e+03,9.976172201254362992e-01,1.364447636443255618e-02,-2.747983815725241197e+00
4.518299999999999983e+01,1.650000000000000000e+03,1.800000000000000000e+03,9.976172201254362992e-01,1.364447636443255618e-02,-2.747983815725241197e+00
4.520000000000000284e+01,1.650000000000000000e+03,1.800000000000000000e+03,1.005608092159604450e+00,2.522493693812855042e-03,-2.794410668014274179e+00
4.521699999999999875e+01,1.650000000000000000e+03,1.800000000000000000e+03,1.007246237014719048e+00,6.447094992534374569e-05,-2.789334495197530739e+00
4.523400000000000176e+01,1.650000000000000000e+03,1.800000000000000000e+03,1.007246237014719048e+00,6.447094992534374569e-05,-2.789334495197530739e+00
4.525099999999999767e+01,1.650000000000000000e+03,1.800000000000000000e+03,1.008882975718727870e+00,-2.391453447662783560e-03,-2.794741194323554279e+00
4.526800000000000068e+01,1.650000000000000000e+03,1.800000000000000000e+03,1.008882975718727870e+00,-2.391453447662783560e-03,-2.794741194323554279e+00
4.528600000000000136e+01,1.650000000000000000e+03,1.800000000000000000e+03,1.011535323425717614e+00,-6.082963646934835822e-03,-2.795071087799885223e+00
4.530299999999999727e+01,1.650000000000000000e+03,1.800000000000000000e+03,1.011535323425717614e+00,-6.082963646934835822e-03,-2.795071087799885223e+00
4.532000000000000028e+01,1.650000000000000000e+03,1.800000000000000000e+03,1.015199592510014792e+00,-1.100531333810472745e-02,-2.795450720379805798e+00
4.533800000000000097e+01,1.650000000000000000e+03,1.800000000000000000e+03,1.017045638648365058e+00,-1.463969248357432917e-02,-2.795779228448993070e+00
4.535499999999999687e+01,1.650000000000000000e+03,1.800000000000000000e+03,1.018458527336396413e+00,-1.589621167350774300e-02,-2.795779228448993070e+00
4.537199999999999989e+01,1.650000000000000000e+03,1.800000000000000000e+03,1.018458527336396413e+00,-1.589621167350774300e-02,-2.795779228448993070e+00
4.538900000000000290e+01,1.650000000000000000e+03,1.800000000000000000e+03,1.018458527336396413e+00,-1.589621167350774300e-02,-2.795779228448993070e+00
4.540599999999999881e+01,1.650000000000000000e+03,1.800000000000000000e+03,1.031041015217763812e+00,-3.535384382744233278e-02,-2.807437058421302645e+00
4.542300000000000182e+01,1.650000000000000000e+03,1.800000000000000000e+03,1.031041015217763812e+00,-3.535384382744233278e-02,-2.807437058421302645e+00
4.543999999999999773e+01,1.650000000000000000e+03,1.800000000000000000e+03,1.034880989404012075e+00,-4.140300852987088831e-02,-2.842148310111913823e+00
4.545799999999999841e+01,1.650000000000000000e+03,1.800000000000000000e+03,1.034880989404012075e+00,-4.140300852987088831e-02,-2.842148310111913823e+00
4.547500000000000142e+01,1.650000000000000000e+03,1.800000000000000000e+03,1.038105817946009868e+00,-4.624226212622328802e-02,-2.847071336245785567e+00
4.549199999999999733e+01,1.650000000000000000e+03,1.800000000000000000e+03,1.038105817946009868e+00,-4.624226212622328802e-02,-2.847071336245785567e+00
4.550900000000000034e+01,1.650000000000000000e+03,1.800000000000000000e+03,1.038105817946009868e+00,-4.624226212622328802e-02,-2.847071336245785567e+00
4.552600000000000335e+01,1.650000000000000000e+03,1.800000000000000000e+03,1.040719111262444319e+00,-4.987773533449946228e-02,-2.847350135856749453e+00
4.554399999999999693e+01,1.650000000000000000e+03,1.800000000000000000e+03,1.041138173025683678e+00,-5.222278521602596868e-02,-2.886606343446453504e+00
4.556099999999999994e+01,1.650000000000000000e+03,1.800000000000000000e+03,1.043746773074443634e+00,-5.585063079572716305e-02,-2.847628385752711822e+00
4.557800000000000296e+01,1.650000000000000000e+03,1.800000000000000000e+03,1.045956175038734948e+00,-5.945110499077799204e-02,-2.847906086764060429e+00
4.559599999999999653e+01,1.650000000000000000e+03,1.800000000000000000e+03,1.045956175038734948e+00,-5.945110499077799204e-02,-2.847906086764060429e+00
4.561299999999999955e+01,1.650000000000000000e+03,1.800000000000000000e+03,1.052567559314951939e+00,-7.022522855351454041e-02,-2.891603019250519324e+00
4.563000000000000256e+01,1.650000000000000000e+03,1.800000000000000000e+03,1.052567559314951939e+00,-7.022522855351454041e-02,-2.891603019250519324e+00
4.564699999999999847e+01,1.650000000000000000e+03,1.800000000000000000e+03,1.054353901988630993e+00,-7.148032174242135994e-02,-2.895535208006641437e+00
4.566400000000000148e+01,1.650000000000000000e+03,1.800000000000000000e+03,1.055761032949688039e+00,-7.501573323060650722e-02,-2.895767736876219356e+00
4.568099999999999739e+01,1.650000000000000000e+03,1.800000000000000000e+03,1.055761032949688039e+00,-7.501573323060650722e-02,-2.895767736876219356e+00
4.569899999999999807e+01,1.650000000000000000e+03,1.800000000000000000e+03,1.055761032949688039e+00,-7.501573323060650722e-02,-2.895767736876219356e+00
4.571600000000000108e+01,1.650000000000000000e+03,1.800000000000000000e+03,1.058160326309320443e+00,-7.975290833860793072e-02,-2.892074928929554645e+00
4.573299999999999699e+01,1.650000000000000000e+03,1.800000000000000000e+03,1.058160326309320443e+00,-7.975290833860793072e-02,-2.892074928929554645e+00
4.575000000000000000e+01,1.650000000000000000e+03,1.800000000000000000e+03,1.059548116711010346e+00,-8.098120082909154860e-02,-2.895999794132142480e+00
4.576700000000000301e+01,1.650000000000000000e+03,1.800000000000000000e+03,1.059548116711010346e+00,-8.098120082909154860e-02,-2.895999794132142480e+00
4.578399999999999892e+01,1.650000000000000000e+03,1.800000000000000000e+03,1.061343682091778540e+00,-8.452734435766107168e-02,-2.896231380435378533e+00
4.580100000000000193e+01,1.650000000000000000e+03,1.800000000000000000e+03,1.061343682091778540e+00,-8.452734435766107168e-02,-2.896231380435378533e+00
4.581900000000000261e+01,1.650000000000000000e+03,1.800000000000000000e+03,1.068099000368647244e+00,-9.636077128747899678e-02,-2.934876303879809800e+00
4.583599999999999852e+01,1.650000000000000000e+03,1.800000000000000000e+03,1.069682465988525344e+00,-9.873501379900861963e-02,-2.935071259396962340e+00
4.585300000000000153e+01,1.650000000000000000e+03,1.800000000000000000e+03,1.069682465988525344e+00,-9.873501379900861963e-02,-2.935071259396962340e+00
4.586999999999999744e+01,1.650000000000000000e+03,1.800000000000000000e+03,1.079945760962035983e+00,-1.152542302950614328e-01,-2.979426750189472894e+00
4.588700000000000045e+01,1.650000000000000000e+03,1.800000000000000000e+03,1.081524871451088998e+00,-1.198795962778262947e-01,-2.979557693673755558e+00
4.590400000000000347e+01,1.650000000000000000e+03,1.800000000000000000e+03,1.081524871451088998e+00,-1.198795962778262947e-01,-2.979557693673755558e+00
4.592099999999999937e+01,1.650000000000000000e+03,1.800000000000000000e+03,1.083487368051772259e+00,-1.222564423579921566e-01,-3.016669377050626100e+00
4.593900000000000006e+01,1.650000000000000000e+03,1.800000000000000000e+03,1.083487368051772259e+00,-1.222564423579921566e-01,-3.016669377050626100e+00
4.595600000000000307e+01,1.650000000000000000e+03,1.800000000000000000e+03,1.089957387332819216e+00,-1.350485691121896537e-01,-3.017007982880873573e+00
4.597299999999999898e+01,1.650000000000000000e+03,1.800000000000000000e+03,1.091910990279619798e+00,-1.374126199035368145e-01,-2.980167583554592881e+00
4.599000000000000199e+01,1.650000000000000000e+03,1.800000000000000000e+03,1.091910990279619798e+00,-1.374126199035368145e-01,-2.980167583554592881e+00
4.600699999999999790e+01,1.650000000000000000e+03,1.800000000000000000e+03,1.093668449831115996e+00,-1.408883255199135931e-01,-3.019382356306147486e+00
4.602400000000000091e+01,1.650000000000000000e+03,1.800000000000000000e+03,1.095229087628971865e+00,-1.454715179181542695e-01,-3.017244935793863991e+00
4.604099999999999682e+01,1.650000000000000000e+03,1.800000000000000000e+03,1.096397905607056078e+00,-1.477824558027283075e-01,-3.019596392796947359e+00
4.605799999999999983e+01,1.650000000000000000e+03,1.800000000000000000e+03,1.097176812068522800e+00,-1.478267889287065984e-01,-2.983157280106557785e+00
4.607500000000000284e+01,1.650000000000000000e+03,1.800000000000000000e+03,1.097176812068522800e+00,-1.478267889287065984e-01,-2.983157280106557785e+00
4.609199999999999875e+01,1.650000000000000000e+03,1.800000000000000000e+03,nan,nan,nan
4.610900000000000176e+01,1.650000000000000000e+03,1.800000000000000000e+03,nan,nan,nan
4.612599999999999767e+01,1.650000000000000000e+03,1.800000000000000000e+03,1.102423023256721146e+00,-1.582022329840420127e-01,-3.019827783304526836e+00
4.614300000000000068e+01,1.650000000000000000e+03,1.800000000000000000e+03,1.103778968260504811e+00,-1.616300747825665240e-01,-2.983580652613611939e+00
4.615999999999999659e+01,1.650000000000000000e+03,1.800000000000000000e+03,1.103778968260504811e+00,-1.616300747825665240e-01,-2.983580652613611939e+00
4.617699999999999960e+01,1.650000000000000000e+03,1.800000000000000000e+03,1.108224521599701529e+00,-1.719102929904723354e-01,-3.022324557379472587e+00
4.619500000000000028e+01,1.650000000000000000e+03,1.800000000000000000e+03,1.110926777802051735e+00,-1.765085759056743697e-01,-3.022437216166690366e+00
4.621200000000000330e+01,1.650000000000000000e+03,1.800000000000000000e+03,1.110926777802051735e+00,-1.765085759056743697e-01,-3.022437216166690366e+00
4.622899999999999920e+01,1.650000000000000000e+03,1.800000000000000000e+03,1.113427620940225626e+00,-1.821964164976019873e-01,-3.058172537246245160e+00
4.624600000000000222e+01,1.650000000000000000e+03,1.800000000000000000e+03,1.113427620940225626e+00,-1.821964164976019873e-01,-3.058172537246245160e+00
4.626299999999999812e+01,1.650000000000000000e+03,1.800000000000000000e+03,1.113427620940225626e+00,-1.821964164976019873e-01,-3.058172537246245160e+00
4.628099999999999881e+01,1.650000000000000000e+03,1.800000000000000000e+03,1.114391439689197183e+00,-1.833588851360863359e-01,-3.058172537246245160e+00
4.629800000000000182e+01,1.650000000000000000e+03,1.800000000000000000e+03,1.115733919896879645e+00,-1.867558092161809569e-01,-3.059933714247359049e+00
4.631499999999999773e+01,1.650000000000000000e+03,1.800000000000000000e+03,1.118611456646337654e+00,-1.924445155169385302e-01,-3.060012931581438167e+00
4.633200000000000074e+01,1.650000000000000000e+03,1.800000000000000000e+03,1.118611456646337654e+00,-1.924445155169385302e-01,-3.060012931581438167e+00
4.635000000000000142e+01,1.650000000000000000e+03,1.800000000000000000e+03,1.126053636053674589e+00,-2.093755442283589119e-01,-3.129526154997712251e+00
4.636699999999999733e+01,1.650000000000000000e+03,1.800000000000000000e+03,1.127196424255499707e+00,-2.116338692080628192e-01,-3.130346340516987791e+00
4.638300000000000267e+01,1.650000000000000000e+03,1.800000000000000000e+03,1.127196424255499707e+00,-2.116338692080628192e-01,-3.130346340516987791e+00
4.640100000000000335e+01,1.650000000000000000e+03,1.800000000000000000e+03,1.127196424255499707e+00,-2.116338692080628192e-01,-3.130346340516987791e+00
4.641799999999999926e+01,1.650000000000000000e+03,1.800000000000000000e+03,1.130804532092107628e+00,-2.195018044020100589e-01,3.119187121633243187e+00
4.643500000000000227e+01,1.650000000000000000e+03,1.800000000000000000e+03,1.130804532092107628e+00,-2.195018044020100589e-01,3.119187121633243187e+00
4.645199999999999818e+01,1.650000000000000000e+03,1.800000000000000000e+03,nan,nan,nan
4.646900000000000119e+01,1.650000000000000000e+03,1.800000000000000000e+03,1.133265767445411409e+00,-2.251018382341483104e-01,-3.130392198025457429e+00
4.648599999999999710e+01,1.650000000000000000e+03,1.800000000000000000e+03,1.133265767445411409e+00,-2.251018382341483104e-01,-3.130392198025457429e+00
4.650300000000000011e+01,1.650000000000000000e+03,1.800000000000000000e+03,1.134402346120104710e+00,-2.273473019700791298e-01,3.119214102463443439e+00
4.652000000000000313e+01,1.650000000000000000e+03,1.800000000000000000e+03,1.136289322527276546e+00,-2.318111606860409069e-01,3.119221955674679858e+00
4.653799999999999670e+01,1.650000000000000000e+03,1.800000000000000000e+03,1.140236820968019815e+00,-2.418122344587754213e-01,3.086196506768734249e+00
4.655499999999999972e+01,1.650000000000000000e+03,1.800000000000000000e+03,1.140236820968019815e+00,-2.418122344587754213e-01,3.086196506768734249e+00
4.657200000000000273e+01,1.650000000000000000e+03,1.800000000000000000e+03,1.141913959003802770e+00,-2.473240354358630100e-01,3.086241301592365538e+00
4.658899999999999864e+01,1.650000000000000000e+03,1.800000000000000000e+03,1.141913959003802770e+00,-2.473240354358630100e-01,3.086241301592365538e+00
4.660600000000000165e+01,1.650000000000000000e+03,1.800000000000000000e+03,1.141913959003802770e+00,-2.473240354358630100e-01,3.086241301592365538e+00
4.662400000000000233e+01,1.650000000000000000e+03,1.800000000000000000e+03,1.142478305775865177e+00,-2.484379327752623823e-01,3.053721562735423500e+00
4.664099999999999824e+01,1.650000000000000000e+03,1.800000000000000000e+03,1.143788002780427693e+00,-2.517554822711174367e-01,3.086280563646964126e+00
4.665800000000000125e+01,1.650000000000000000e+03,1.800000000000000000e+03,1.147707586840383431e+00,-2.616840228019361447e-01,3.054286373296611234e+00
4.667499999999999716e+01,1.650000000000000000e+03,1.800000000000000000e+03,1.147707586840383431e+00,-2.616840228019361447e-01,3.054286373296611234e+00
4.669200000000000017e+01,1.650000000000000000e+03,1.800000000000000000e+03,1.150492529114840234e+00,-2.693671174210710006e-01,3.054412215902748695e+00
4.670900000000000318e+01,1.650000000000000000e+03,1.800000000000000000e+03,1.150492529114840234e+00,-2.693671174210710006e-01,3.054412215902748695e+00
4.672599999999999909e+01,1.650000000000000000e+03,1.800000000000000000e+03,1.151591336383468889e+00,-2.737204076591162050e-01,3.054480985326659681e+00
4.674300000000000210e+01,1.650000000000000000e+03,1.800000000000000000e+03,1.151591336383468889e+00,-2.737204076591162050e-01,3.054480985326659681e+00
4.676100000000000279e+01,1.650000000000000000e+03,1.800000000000000000e+03,1.153090671077856122e+00,-2.759475583790500508e-01,3.054840478633948475e+00
4.677799999999999869e+01,1.650000000000000000e+03,1.800000000000000000e+03,1.153627395683179735e+00,-2.791893746558722356e-01,3.054908896454002765e+00
4.679500000000000171e+01,1.650000000000000000e+03,1.800000000000000000e+03,1.153627395683179735e+00,-2.791893746558722356e-01,3.054908896454002765e+00
4.681199999999999761e+01,1.650000000000000000e+03,1.800000000000000000e+03,1.154923024355271277e+00,-2.824697207057607073e-01,3.054977223442283396e+00
4.682900000000000063e+01,1.650000000000000000e+03,1.800000000000000000e+03,1.154923024355271277e+00,-2.824697207057607073e-01,3.054977223442283396e+00
4.684599999999999653e+01,1.650000000000000000e+03,1.800000000000000000e+03,1.157864889046740009e+00,-2.911698097229749038e-01,3.055101871615863995e+00
4.686299999999999955e+01,1.650000000000000000e+03,1.800000000000000000e+03,1.157864889046740009e+00,-2.911698097229749038e-01,3.055101871615863995e+00
4.688000000000000256e+01,1.650000000000000000e+03,1.800000000000000000e+03,1.157864889046740009e+00,-2.911698097229749038e-01,3.055101871615863995e+00
4.689699999999999847e+01,1.650000000000000000e+03,1.800000000000000000e+03,1.165353977233612115e+00,-3.138649947442413435e-01,2.935053199026944615e+00
4.691400000000000148e+01,1.650000000000000000e+03,1.800000000000000000e+03,1.165353977233612115e+00,-3.138649947442413435e-01,2.935053199026944615e+00
4.693200000000000216e+01,1.650000000000000000e+03,1.800000000000000000e+03,1.165353977233612115e+00,-3.138649947442413435e-01,2.935053199026944615e+00
4.694899999999999807e+01,1.650000000000000000e+03,1.800000000000000000e+03,1.166257049313477179e+00,-3.170826883529693774e-01,2.964322705270647784e+00
4.696600000000000108e+01,1.650000000000000000e+03,1.800000000000000000e+03,1.166984214659258612e+00,-3.192326612543538999e-01,2.964455637088297291e+00
4.698299999999999699e+01,1.650000000000000000e+03,1.800000000000000000e+03,1.168611224093968115e+00,-3.245896630593820831e-01,2.965920403356913759e+00
4.700000000000000000e+01,1.650000000000000000e+03,1.800000000000000000e+03,1.168611224093968115e+00,-3.245896630593820831e-01,2.965920403356913759e+00
4.701700000000000301e+01,1.650000000000000000e+03,1.800000000000000000e+03,1.168611224093968115e+00,-3.245896630593820831e-01,2.965920403356913759e+00
4.703399999999999892e+01,1.650000000000000000e+03,1.800000000000000000e+03,1.172404878697181019e+00,-3.363501584910206788e-01,2.935795600898412960e+00
4.705199999999999960e+01,1.650000000000000000e+03,1.800000000000000000e+03,1.172404878697181019e+00,-3.363501584910206788e-01,2.935795600898412960e+00
4.706900000000000261e+01,1.650000000000000000e+03,1.800000000000000000e+03,nan,nan,nan
4.708599999999999852e+01,1.650000000000000000e+03,1.800000000000000000e+03,nan,nan,nan
4.710300000000000153e+01,1.650000000000000000e+03,1.800000000000000000e+03,nan,nan,nan
4.712100000000000222e+01,1.650000000000000000e+03,1.800000000000000000e+03,1.175462403357891539e+00,-3.459323717983302515e-01,2.937874623473749391e+00
4.713799999999999812e+01,1.650000000000000000e+03,1.800000000000000000e+03,1.175979157724932334e+00,-3.490912563079007214e-01,2.909829208483908136e+00
4.715500000000000114e+01,1.650000000000000000e+03,1.800000000000000000e+03,1.175979157724932334e+00,-3.490912563079007214e-01,2.909829208483908136e+00
4.717199999999999704e+01,1.650000000000000000e+03,1.800000000000000000e+03,1.178134528232688272e+00,-3.554598272278637339e-01,2.966952737951738861e+00
4.718999999999999773e+01,1.650000000000000000e+03,1.800000000000000000e+03,1.178134528232688272e+00,-3.554598272278637339e-01,2.966952737951738861e+00
4.720700000000000074e+01,1.650000000000000000e+03,1.800000000000000000e+03,1.178134528232688272e+00,-3.554598272278637339e-01,2.966952737951738861e+00
4.722399999999999665e+01,1.650000000000000000e+03,1.800000000000000000e+03,1.178648809796900121e+00,-3.586075026539745636e-01,2.938324195210912482e+00
4.724099999999999966e+01,1.650000000000000000e+03,1.800000000000000000e+03,1.182534038687933942e+00,-3.733299074414473395e-01,2.912693133672854984e+00
4.725800000000000267e+01,1.650000000000000000e+03,1.800000000000000000e+03,1.182534038687933942e+00,-3.733299074414473395e-01,2.912693133672854984e+00
4.727499999999999858e+01,1.650000000000000000e+03,1.800000000000000000e+03,1.183790169414126403e+00,-3.764975926912850213e-01,2.912858823370596983e+00
4.729200000000000159e+01,1.650000000000000000e+03,1.800000000000000000e+03,1.183790169414126403e+00,-3.764975926912850213e-01,2.912858823370596983e+00
4.730899999999999750e+01,1.650000000000000000e+03,1.800000000000000000e+03,1.185552764783584845e+00,-3.827808095705345082e-01,2.886034637368996236e+00
4.732600000000000051e+01,1.650000000000000000e+03,1.800000000000000000e+03,1.185552764783584845e+00,-3.827808095705345082e-01,2.886034637368996236e+00
4.734300000000000352e+01,1.650000000000000000e+03,1.800000000000000000e+03,1.185552764783584845e+00,-3.827808095705345082e-01,2.886034637368996236e+00
4.735999999999999943e+01,1.650000000000000000e+03,1.800000000000000000e+03,1.186229119258741971e+00,-3.869341856941277413e-01,2.886216608805099781e+00
4.737700000000000244e+01,1.650000000000000000e+03,1.800000000000000000e+03,1.191449485803964592e+00,-4.077055376246230267e-01,2.884992186824764548e+00
4.739399999999999835e+01,1.650000000000000000e+03,1.800000000000000000e+03,1.192285162211151439e+00,-4.128477963471723911e-01,2.861076274590759638e+00
4.741199999999999903e+01,1.650000000000000000e+03,1.800000000000000000e+03,1.192822501176488803e+00,-4.138952563773692361e-01,2.835506482393954641e+00
4.742900000000000205e+01,1.650000000000000000e+03,1.800000000000000000e+03,1.193322726250204191e+00,-4.169746066631612180e-01,2.861272137738338550e+00
4.744599999999999795e+01,1.650000000000000000e+03,1.800000000000000000e+03,1.193322726250204191e+00,-4.169746066631612180e-01,2.861272137738338550e+00
4.746399999999999864e+01,1.650000000000000000e+03,1.800000000000000000e+03,1.196387829654444790e+00,-4.313378137763717035e-01,2.838893240472737389e+00
4.748100000000000165e+01,1.650000000000000000e+03,1.800000000000000000e+03,1.197049756843945101e+00,-4.354158225663740112e-01,2.833989096557501863e+00
4.749799999999999756e+01,1.650000000000000000e+03,1.800000000000000000e+03,1.197710671104839530e+00,-4.394875326669653859e-01,2.836794620046521054e+00
4.751500000000000057e+01,1.650000000000000000e+03,1.800000000000000000e+03,1.197710671104839530e+00,-4.394875326669653859e-01,2.836794620046521054e+00
4.753300000000000125e+01,1.650000000000000000e+03,1.800000000000000000e+03,1.197710671104839530e+00,-4.394875326669653859e-01,2.836794620046521054e+00
4.754999999999999716e+01,1.650000000000000000e+03,1.800000000000000000e+03,1.197710671104839530e+00,-4.394875326669653859e-01,2.836794620046521054e+00
4.756700000000000017e+01,1.650000000000000000e+03,1.800000000000000000e+03,1.199068297322074095e+00,-4.456032797868676454e-01,2.812195731445487734e+00
4.758400000000000318e+01,1.650000000000000000e+03,1.800000000000000000e+03,1.199068297322074095e+00,-4.456032797868676454e-01,2.812195731445487734e+00
4.760099999999999909e+01,1.650000000000000000e+03,1.800000000000000000e+03,1.200915123039542953e+00,-4.547403733740900122e-01,2.812638911193330316e+00
4.761699999999999733e+01,1.650000000000000000e+03,1.800000000000000000e+03,1.200915123039542953e+00,-4.547403733740900122e-01,2.812638911193330316e+00
4.763400000000000034e+01,1.650000000000000000e+03,1.800000000000000000e+03,1.200836251883713235e+00,-4.587425814123342604e-01,2.788789050073827269e+00
4.767699999999999960e+01,1.650000000000000000e+03,1.800000000000000000e+03,1.201818579561487965e+00,-4.647939118351027687e-01,2.789022140636731262e+00
4.772999999999999687e+01,1.650000000000000000e+03,1.800000000000000000e+03,1.202675479238535239e+00,-4.678341344897178899e-01,2.786295390464902155e+00
4.774699999999999989e+01,1.650000000000000000e+03,1.800000000000000000e+03,1.202675479238535239e+00,-4.678341344897178899e-01,2.786295390464902155e+00
4.776400000000000290e+01,1.650000000000000000e+03,1.800000000000000000e+03,1.202675479238535239e+00,-4.678341344897178899e-01,2.786295390464902155e+00
4.778399999999999892e+01,1.650000000000000000e+03,1.800000000000000000e+03,1.203736173793020781e+00,-4.788398574713887967e-01,2.766361343466871237e+00
4.780100000000000193e+01,1.650000000000000000e+03,1.800000000000000000e+03,1.203736173793020781e+00,-4.788398574713887967e-01,2.766361343466871237e+00
4.781799999999999784e+01,1.650000000000000000e+03,1.800000000000000000e+03,1.203736173793020781e+00,-4.788398574713887967e-01,2.766361343466871237e+00
4.783500000000000085e+01,1.650000000000000000e+03,1.800000000000000000e+03,1.205116772652279789e+00,-4.917942921988913696e-01,2.793651503094614519e+00
4.785300000000000153e+01,1.650000000000000000e+03,1.800000000000000000e+03,1.205116772652279789e+00,-4.917942921988913696e-01,2.793651503094614519e+00
4.787100000000000222e+01,1.650000000000000000e+03,1.800000000000000000e+03,1.205440804451010983e+00,-4.937876122713564797e-01,2.767414529053326078e+00
4.788799999999999812e+01,1.650000000000000000e+03,1.800000000000000000e+03,nan,nan,nan
4.790500000000000114e+01,1.650000000000000000e+03,1.800000000000000000e+03,nan,nan,nan
4.792199999999999704e+01,1.650000000000000000e+03,1.800000000000000000e+03,1.207982598576074817e+00,-5.116396993799030568e-01,2.745773814532649126e+00
4.793900000000000006e+01,1.650000000000000000e+03,1.800000000000000000e+03,1.208821388121383844e+00,-5.234281519822934214e-01,2.746570614314163716e+00
4.795600000000000307e+01,1.650000000000000000e+03,1.800000000000000000e+03,1.209260365048767216e+00,-5.283290626752226160e-01,2.724905740586347491e+00
4.797299999999999898e+01,1.650000000000000000e+03,1.800000000000000000e+03,1.209260365048767216e+00,-5.283290626752226160e-01,2.724905740586347491e+00
4.799000000000000199e+01,1.650000000000000000e+03,1.800000000000000000e+03,1.209260365048767216e+00,-5.283290626752226160e-01,2.724905740586347491e+00
4.800800000000000267e+01,1.650000000000000000e+03,1.800000000000000000e+03,1.209538552419812341e+00,-5.322392671297206945e-01,2.721734909030804950e+00
4.802499999999999858e+01,1.650000000000000000e+03,1.800000000000000000e+03,1.209538552419812341e+00,-5.322392671297206945e-01,2.721734909030804950e+00
4.804200000000000159e+01,1.650000000000000000e+03,1.800000000000000000e+03,1.210178091522167154e+00,-5.361628221646173031e-01,2.721994972650015665e+00
4.805899999999999750e+01,1.650000000000000000e+03,1.800000000000000000e+03,1.210093697116501943e+00,-5.400419885784604190e-01,2.722304074613132840e+00
4.807600000000000051e+01,1.650000000000000000e+03,1.800000000000000000e+03,1.210774253360111574e+00,-5.420178008883560494e-01,2.700868758515440948e+00
4.809300000000000352e+01,1.650000000000000000e+03,1.800000000000000000e+03,1.210774253360111574e+00,-5.420178008883560494e-01,2.700868758515440948e+00
4.810999999999999943e+01,1.650000000000000000e+03,1.800000000000000000e+03,1.210774253360111574e+00,-5.420178008883560494e-01,2.700868758515440948e+00
4.812700000000000244e+01,1.650000000000000000e+03,1.800000000000000000e+03,1.211761005184015971e+00,-5.546422808518958192e-01,2.705336615733585859e+00
4.814399999999999835e+01,1.650000000000000000e+03,1.800000000000000000e+03,1.211761005184015971e+00,-5.546422808518958192e-01,2.705336615733585859e+00
4.816100000000000136e+01,1.650000000000000000e+03,1.800000000000000000e+03,1.211834549764567281e+00,-5.594652964141677565e-01,2.681282420502362207e+00
4.817799999999999727e+01,1.650000000000000000e+03,1.800000000000000000e+03,1.211749355488959345e+00,-5.633095999624675443e-01,2.681613831498781853e+00
4.819500000000000028e+01,1.650000000000000000e+03,1.800000000000000000e+03,1.212383463861664623e+00,-5.671861811814835619e-01,2.674276190679898413e+00
4.821200000000000330e+01,1.650000000000000000e+03,1.800000000000000000e+03,1.212383463861664623e+00,-5.671861811814835619e-01,2.674276190679898413e+00
4.822999999999999687e+01,1.650000000000000000e+03,1.800000000000000000e+03,1.212700162889523536e+00,-5.691222800269337689e-01,2.681887489771876520e+00
4.824699999999999989e+01,1.650000000000000000e+03,1.800000000000000000e+03,1.212700162889523536e+00,-5.691222800269337689e-01,2.681887489771876520e+00
4.826500000000000057e+01,1.650000000000000000e+03,1.800000000000000000e+03,1.213160882076047553e+00,-5.806326833241679530e-01,2.662726010380454866e+00
4.828199999999999648e+01,1.650000000000000000e+03,1.800000000000000000e+03,1.213160882076047553e+00,-5.806326833241679530e-01,2.662726010380454866e+00
4.829899999999999949e+01,1.650000000000000000e+03,1.800000000000000000e+03,1.213189942678799094e+00,-5.873107343204151398e-01,2.635549017625129498e+00
4.831499999999999773e+01,1.650000000000000000e+03,1.800000000000000000e+03,1.213104269530345114e+00,-5.911135833592711109e-01,2.639920475968752456e+00
4.833299999999999841e+01,1.650000000000000000e+03,1.800000000000000000e+03,1.213104269530345114e+00,-5.911135833592711109e-01,2.639920475968752456e+00
4.835000000000000142e+01,1.650000000000000000e+03,1.800000000000000000e+03,1.213104269530345114e+00,-5.911135833592711109e-01,2.639920475968752456e+00
4.836699999999999733e+01,1.650000000000000000e+03,1.800000000000000000e+03,1.213348386818011715e+00,-6.119660261922912348e-01,2.618507678826893059e+00
4.838400000000000034e+01,1.650000000000000000e+03,1.800000000000000000e+03,1.213462507254363221e+00,-6.148006125975506997e-01,2.618868948278752384e+00
4.840100000000000335e+01,1.650000000000000000e+03,1.800000000000000000e+03,1.214089114971049543e+00,-6.185999565007165302e-01,2.619158867005673130e+00
4.841799999999999926e+01,1.650000000000000000e+03,1.800000000000000000e+03,1.214089114971049543e+00,-6.185999565007165302e-01,2.619158867005673130e+00
4.843500000000000227e+01,1.650000000000000000e+03,1.800000000000000000e+03,1.214089114971049543e+00,-6.185999565007165302e-01,2.619158867005673130e+00
4.845199999999999818e+01,1.650000000000000000e+03,1.800000000000000000e+03,1.213633394585647673e+00,-6.307791975836676279e-01,2.624330803349306240e+00
4.846999999999999886e+01,1.650000000000000000e+03,1.800000000000000000e+03,1.213392039360649211e+00,-6.335744128573188583e-01,2.601846278587296446e+00
4.848700000000000188e+01,1.650000000000000000e+03,1.800000000000000000e+03,1.213392039360649211e+00,-6.335744128573188583e-01,2.601846278587296446e+00
4.850399999999999778e+01,1.650000000000000000e+03,1.800000000000000000e+03,1.212952428722809506e+00,-6.372904365610092547e-01,2.602214206303379296e+00
4.852100000000000080e+01,1.650000000000000000e+03,1.800000000000000000e+03,1.212952428722809506e+00,-6.372904365610092547e-01,2.602214206303379296e+00
4.853799999999999670e+01,1.650000000000000000e+03,1.800000000000000000e+03,1.212952428722809506e+00,-6.372904365610092547e-01,2.602214206303379296e+00
4.855599999999999739e+01,1.650000000000000000e+03,1.800000000000000000e+03,1.213066246417621841e+00,-6.400969215587464234e-01,2.602581711655679531e+00
4.857200000000000273e+01,1.650000000000000000e+03,1.800000000000000000e+03,1.212471377537612582e+00,-6.428634919753291044e-01,2.584860049206596067e+00
4.858899999999999864e+01,1.650000000000000000e+03,1.800000000000000000e+03,1.212471377537612582e+00,-6.428634919753291044e-01,2.584860049206596067e+00
4.860600000000000165e+01,1.650000000000000000e+03,1.800000000000000000e+03,1.212741316603097363e+00,-6.466026894878504905e-01,2.580850229149877606e+00
4.862299999999999756e+01,1.650000000000000000e+03,1.800000000000000000e+03,1.212741316603097363e+00,-6.466026894878504905e-01,2.580850229149877606e+00
4.864000000000000057e+01,1.650000000000000000e+03,1.800000000000000000e+03,1.211190501857369428e+00,-6.604431939483723646e-01,2.564704280736511688e+00
4.865699999999999648e+01,1.650000000000000000e+03,1.800000000000000000e+03,1.211190501857369428e+00,-6.604431939483723646e-01,2.564704280736511688e+00
4.867399999999999949e+01,1.650000000000000000e+03,1.800000000000000000e+03,1.211616108939902237e+00,-6.650885059508460095e-01,2.560574250957723397e+00
4.869200000000000017e+01,1.650000000000000000e+03,1.800000000000000000e+03,1.211616108939902237e+00,-6.650885059508460095e-01,2.560574250957723397e+00
4.871000000000000085e+01,1.650000000000000000e+03,1.800000000000000000e+03,1.211221965666925637e+00,-6.669150975302207129e-01,2.560958430937748886e+00
4.872699999999999676e+01,1.650000000000000000e+03,1.800000000000000000e+03,1.210237863237598077e+00,-6.714758068960735571e-01,2.544668327702584776e+00
4.874399999999999977e+01,1.650000000000000000e+03,1.800000000000000000e+03,1.210237863237598077e+00,-6.714758068960735571e-01,2.544668327702584776e+00
4.876100000000000279e+01,1.650000000000000000e+03,1.800000000000000000e+03,1.210507986479085751e+00,-6.751728800324303670e-01,2.561725527844433969e+00
4.877799999999999869e+01,1.650000000000000000e+03,1.800000000000000000e+03,1.210622364184369637e+00,-6.779375909110685328e-01,2.566530206637455347e+00
4.879500000000000171e+01,1.650000000000000000e+03,1.800000000000000000e+03,1.210622364184369637e+00,-6.779375909110685328e-01,2.566530206637455347e+00
4.881400000000000006e+01,1.650000000000000000e+03,1.800000000000000000e+03,1.209877881392649179e+00,-6.797367932153810521e-01,2.549922118199614562e+00
4.883100000000000307e+01,1.650000000000000000e+03,1.800000000000000000e+03,1.209951728933704951e+00,-6.843285863902570654e-01,2.550309480052362687e+00
4.884799999999999898e+01,1.650000000000000000e+03,1.800000000000000000e+03,1.209438038036166674e+00,-6.916256046325099938e-01,2.546525782799688109e+00
4.886500000000000199e+01,1.650000000000000000e+03,1.800000000000000000e+03,1.209438038036166674e+00,-6.916256046325099938e-01,2.546525782799688109e+00
4.888100000000000023e+01,1.650000000000000000e+03,1.800000000000000000e+03,1.206587122748195906e+00,-7.096953747257823686e-01,2.506963478756503605e+00
4.889800000000000324e+01,1.650000000000000000e+03,1.800000000000000000e+03,1.206159180177413859e+00,-7.133008740467237097e-01,2.507364829583936139e+00
4.891499999999999915e+01,1.650000000000000000e+03,1.800000000000000000e+03,1.206159180177413859e+00,-7.133008740467237097e-01,2.507364829583936139e+00
4.893200000000000216e+01,1.650000000000000000e+03,1.800000000000000000e+03,1.206159180177413859e+00,-7.133008740467237097e-01,2.507364829583936139e+00
4.894899999999999807e+01,1.650000000000000000e+03,1.800000000000000000e+03,1.205499020573174151e+00,-7.196024533818423663e-01,2.508166297846623927e+00
4.896600000000000108e+01,1.650000000000000000e+03,1.800000000000000000e+03,1.205499020573174151e+00,-7.196024533818423663e-01,2.508166297846623927e+00
4.898400000000000176e+01,1.650000000000000000e+03,1.800000000000000000e+03,1.204568907665953148e+00,-7.222652818410195685e-01,2.488302335659731135e+00
4.900099999999999767e+01,1.650000000000000000e+03,1.800000000000000000e+03,1.204568907665953148e+00,-7.222652818410195685e-01,2.488302335659731135e+00
4.901800000000000068e+01,1.650000000000000000e+03,1.800000000000000000e+03,1.204685530925075021e+00,-7.249785007348372723e-01,2.508566416266425403e+00
4.903499999999999659e+01,1.650000000000000000e+03,1.800000000000000000e+03,1.203370480959838451e+00,-7.294172509823888539e-01,2.489115049689970771e+00
4.905199999999999960e+01,1.650000000000000000e+03,1.800000000000000000e+03,1.201982924678623998e+00,-7.374365600368144591e-01,2.494789923378929686e+00
4.906900000000000261e+01,1.650000000000000000e+03,1.800000000000000000e+03,1.201982924678623998e+00,-7.374365600368144591e-01,2.494789923378929686e+00
4.908599999999999852e+01,1.650000000000000000e+03,1.800000000000000000e+03,1.201715816013255056e+00,-7.419060197358771092e-01,2.465867747620533290e+00
4.910499999999999687e+01,1.650000000000000000e+03,1.800000000000000000e+03,1.200791899967158072e+00,-7.445451632818791410e-01,2.451733670404846244e+00
4.912100000000000222e+01,1.650000000000000000e+03,1.800000000000000000e+03,1.199868967875767467e+00,-7.471815164647277463e-01,2.476253672415503537e+00
4.913900000000000290e+01,1.650000000000000000e+03,1.800000000000000000e+03,1.199868967875767467e+00,-7.471815164647277463e-01,2.476253672415503537e+00
4.915599999999999881e+01,1.650000000000000000e+03,1.800000000000000000e+03,1.199868967875767467e+00,-7.471815164647277463e-01,2.476253672415503537e+00
4.917300000000000182e+01,1.650000000000000000e+03,1.800000000000000000e+03,1.199102322560594569e+00,-7.507156906081977610e-01,2.476662099626787406e+00
4.918900000000000006e+01,1.650000000000000000e+03,1.800000000000000000e+03,1.198874675683916591e+00,-7.533805315523895985e-01,2.467210498194846835e+00
4.920600000000000307e+01,1.650000000000000000e+03,1.800000000000000000e+03,1.198874675683916591e+00,-7.533805315523895985e-01,2.467210498194846835e+00
4.922399999999999665e+01,1.650000000000000000e+03,1.800000000000000000e+03,1.198456077689448396e+00,-7.569233742084851002e-01,2.467621067495228360e+00
4.924199999999999733e+01,1.650000000000000000e+03,1.800000000000000000e+03,1.196773645440309508e+00,-7.630632543089634900e-01,2.458950338265221358e+00
4.925900000000000034e+01,1.650000000000000000e+03,1.800000000000000000e+03,1.195665975909679490e+00,-7.665574903677572216e-01,2.449348531401030371e+00
4.927499999999999858e+01,1.650000000000000000e+03,1.800000000000000000e+03,1.195665975909679490e+00,-7.665574903677572216e-01,2.449348531401030371e+00
4.929200000000000159e+01,1.650000000000000000e+03,1.800000000000000000e+03,1.195941724660598116e+00,-7.701162867310062943e-01,2.449763042099654786e+00
4.930899999999999750e+01,1.650000000000000000e+03,1.800000000000000000e+03,1.195026141072287995e+00,-7.727256326594504898e-01,2.436131540984181498e+00
4.932600000000000051e+01,1.650000000000000000e+03,1.800000000000000000e+03,1.195026141072287995e+00,-7.727256326594504898e-01,2.436131540984181498e+00
4.934300000000000352e+01,1.650000000000000000e+03,1.800000000000000000e+03,1.193766425968151079e+00,-7.753149097347842300e-01,2.441651947724007066e+00
4.935999999999999943e+01,1.650000000000000000e+03,1.800000000000000000e+03,1.193766425968151079e+00,-7.753149097347842300e-01,2.441651947724007066e+00
4.937700000000000244e+01,1.650000000000000000e+03,1.800000000000000000e+03,1.188794805189556270e+00,-8.014365124275553143e-01,2.403052309839412093e+00
4.939399999999999835e+01,1.650000000000000000e+03,1.800000000000000000e+03,1.188794805189556270e+00,-8.014365124275553143e-01,2.403052309839412093e+00
4.941100000000000136e+01,1.650000000000000000e+03,1.800000000000000000e+03,1.186702539880552854e+00,-8.126725548394602150e-01,2.399153613661129558e+00
4.942799999999999727e+01,1.650000000000000000e+03,1.800000000000000000e+03,1.185955389827727302e+00,-8.161142389925735152e-01,2.399575988537541615e+00
4.944500000000000028e+01,1.650000000000000000e+03,1.800000000000000000e+03,1.185240047326818313e+00,-8.178162912904785031e-01,2.376846968856768605e+00
4.946200000000000330e+01,1.650000000000000000e+03,1.800000000000000000e+03,1.185240047326818313e+00,-8.178162912904785031e-01,2.376846968856768605e+00
4.947899999999999920e+01,1.650000000000000000e+03,1.800000000000000000e+03,1.184152788914661247e+00,-8.212338168265191918e-01,2.377405019950496801e+00
4.949699999999999989e+01,1.650000000000000000e+03,1.800000000000000000e+03,1.184152788914661247e+00,-8.212338168265191918e-01,2.377405019950496801e+00
4.951400000000000290e+01,1.650000000000000000e+03,1.800000000000000000e+03,1.183252906444768549e+00,-8.237896078165705127e-01,2.360174767696010978e+00
4.953099999999999881e+01,1.650000000000000000e+03,1.800000000000000000e+03,1.183252906444768549e+00,-8.237896078165705127e-01,2.360174767696010978e+00
4.954899999999999949e+01,1.650000000000000000e+03,1.800000000000000000e+03,1.182509891256908752e+00,-8.272157261361576808e-01,2.366058599702614007e+00
4.956600000000000250e+01,1.650000000000000000e+03,1.800000000000000000e+03,1.179975071474892445e+00,-8.357264087470213099e-01,2.350256848895805994e+00
4.958400000000000318e+01,1.650000000000000000e+03,1.800000000000000000e+03,1.178895486481156052e+00,-8.391190451319663346e-01,2.345330490677205670e+00
4.960099999999999909e+01,1.650000000000000000e+03,1.800000000000000000e+03,1.177845379399023340e+00,-8.407884186687910599e-01,2.340055638325869047e+00
4.961800000000000210e+01,1.650000000000000000e+03,1.800000000000000000e+03,1.177845379399023340e+00,-8.407884186687910599e-01,2.340055638325869047e+00
4.963499999999999801e+01,1.650000000000000000e+03,1.800000000000000000e+03,1.177108758308861303e+00,-8.441908045622472656e-01,2.340484440431606750e+00
4.965200000000000102e+01,1.650000000000000000e+03,1.800000000000000000e+03,1.174985750989790745e+00,-8.492353410796069646e-01,2.330034729137242078e+00
4.966899999999999693e+01,1.650000000000000000e+03,1.800000000000000000e+03,1.174985750989790745e+00,-8.492353410796069646e-01,2.330034729137242078e+00
4.968599999999999994e+01,1.650000000000000000e+03,1.800000000000000000e+03,1.174985750989790745e+00,-8.492353410796069646e-01,2.330034729137242078e+00
4.970300000000000296e+01,1.650000000000000000e+03,1.800000000000000000e+03,1.172005062169193090e+00,-8.550825087351405784e-01,2.331039988257065154e+00
4.971999999999999886e+01,1.650000000000000000e+03,1.800000000000000000e+03,1.172005062169193090e+00,-8.550825087351405784e-01,2.331039988257065154e+00
4.973700000000000188e+01,1.650000000000000000e+03,1.800000000000000000e+03,1.171614075058883930e+00,-8.584816541987230210e-01,2.331468279426020196e+00
4.975500000000000256e+01,1.650000000000000000e+03,1.800000000000000000e+03,1.171614075058883930e+00,-8.584816541987230210e-01,2.331468279426020196e+00
4.977199999999999847e+01,1.650000000000000000e+03,1.800000000000000000e+03,1.171066798434936329e+00,-8.610154279812793909e-01,2.320666977270295472e+00
4.978900000000000148e+01,1.650000000000000000e+03,1.800000000000000000e+03,1.168824933034301683e+00,-8.634635869366173999e-01,2.321243087447888431e+00
4.980599999999999739e+01,1.650000000000000000e+03,1.800000000000000000e+03,1.165474850144921026e+00,-8.726561794487843748e-01,2.306313271185887359e+00
4.982399999999999807e+01,1.650000000000000000e+03,1.800000000000000000e+03,1.164751694214967825e+00,-8.760143210291371219e-01,2.306741760905527183e+00
4.984100000000000108e+01,1.650000000000000000e+03,1.800000000000000000e+03,1.164751694214967825e+00,-8.760143210291371219e-01,2.306741760905527183e+00
4.985799999999999699e+01,1.650000000000000000e+03,1.800000000000000000e+03,1.164751694214967825e+00,-8.760143210291371219e-01,2.306741760905527183e+00
4.987599999999999767e+01,1.650000000000000000e+03,1.800000000000000000e+03,1.155619621776907469e+00,-8.899400127811585293e-01,2.286372263136638328e+00
4.989300000000000068e+01,1.650000000000000000e+03,1.800000000000000000e+03,1.155619621776907469e+00,-8.899400127811585293e-01,2.286372263136638328e+00
4.990999999999999659e+01,1.650000000000000000e+03,1.800000000000000000e+03,1.155401518559780349e+00,-8.941398309006078904e-01,2.288362487722597205e+00
4.992799999999999727e+01,1.650000000000000000e+03,1.800000000000000000e+03,1.155401518559780349e+00,-8.941398309006078904e-01,2.288362487722597205e+00
4.994500000000000028e+01,1.650000000000000000e+03,1.800000000000000000e+03,1.154193165292212164e+00,-8.966040178506968772e-01,2.273203388912378831e+00
4.996200000000000330e+01,1.650000000000000000e+03,1.800000000000000000e+03,1.152986050302092114e+00,-8.990657036382287970e-01,2.277577683516835094e+00
4.997899999999999920e+01,1.650000000000000000e+03,1.800000000000000000e+03,1.152986050302092114e+00,-8.990657036382287970e-01,2.277577683516835094e+00
4.999600000000000222e+01,1.650000000000000000e+03,1.800000000000000000e+03,1.151602744817304291e+00,-9.023549060793216725e-01,2.278163320386509039e+00
5.001299999999999812e+01,1.650000000000000000e+03,1.800000000000000000e+03,1.146985739600464571e+00,-9.096664153187479229e-01,2.267725808249099639e+00
5.003000000000000114e+01,1.650000000000000000e+03,1.800000000000000000e+03,1.146952243757763279e+00,-9.130059179551541781e-01,2.254950493567627223e+00
5.004699999999999704e+01,1.650000000000000000e+03,1.800000000000000000e+03,1.144251099325798826e+00,-9.145447091564338216e-01,2.264757223523576446e+00
5.006400000000000006e+01,1.650000000000000000e+03,1.800000000000000000e+03,1.144251099325798826e+00,-9.145447091564338216e-01,2.264757223523576446e+00
5.008100000000000307e+01,1.650000000000000000e+03,1.800000000000000000e+03,1.143388957836896758e+00,-9.170043683697124415e-01,2.244258100226937280e+00
5.009899999999999665e+01,1.650000000000000000e+03,1.800000000000000000e+03,1.143388957836896758e+00,-9.170043683697124415e-01,2.244258100226937280e+00
5.011500000000000199e+01,1.650000000000000000e+03,1.800000000000000000e+03,1.142017370213533223e+00,-9.202692740645415093e-01,2.244624501029159447e+00
5.013199999999999790e+01,1.650000000000000000e+03,1.800000000000000000e+03,1.142017370213533223e+00,-9.202692740645415093e-01,2.244624501029159447e+00
5.014999999999999858e+01,1.650000000000000000e+03,1.800000000000000000e+03,1.140822407340825073e+00,-9.227070130646626289e-01,2.248252569554396452e+00
5.016700000000000159e+01,1.650000000000000000e+03,1.800000000000000000e+03,1.138624138788941753e+00,-9.250941188273236193e-01,2.248843289098059195e+00
5.018399999999999750e+01,1.650000000000000000e+03,1.800000000000000000e+03,1.135212575932973866e+00,-9.332208432497246520e-01,2.226174128425553178e+00
5.020100000000000051e+01,1.650000000000000000e+03,1.800000000000000000e+03,1.135212575932973866e+00,-9.332208432497246520e-01,2.226174128425553178e+00
5.021800000000000352e+01,1.650000000000000000e+03,1.800000000000000000e+03,1.133690186484163309e+00,-9.356295629912643186e-01,2.232603219240247405e+00
5.023599999999999710e+01,1.650000000000000000e+03,1.800000000000000000e+03,1.132503295819947464e+00,-9.380518286325565391e-01,2.218589211934079319e+00
5.025200000000000244e+01,1.650000000000000000e+03,1.800000000000000000e+03,1.132503295819947464e+00,-9.380518286325565391e-01,2.218589211934079319e+00
5.026899999999999835e+01,1.650000000000000000e+03,1.800000000000000000e+03,1.130650015178380929e+00,-9.404398111887513068e-01,2.215519928123133031e+00
5.028600000000000136e+01,1.650000000000000000e+03,1.800000000000000000e+03,1.129627382117956547e+00,-9.436890111077134158e-01,2.215940257355705434e+00
5.030299999999999727e+01,1.650000000000000000e+03,1.800000000000000000e+03,1.129627382117956547e+00,-9.436890111077134158e-01,2.215940257355705434e+00
5.032000000000000028e+01,1.650000000000000000e+03,1.800000000000000000e+03,1.129627382117956547e+00,-9.436890111077134158e-01,2.215940257355705434e+00
5.033700000000000330e+01,1.650000000000000000e+03,1.800000000000000000e+03,1.128111148517983997e+00,-9.460872994518654266e-01,2.208070418427899195e+00
5.035499999999999687e+01,1.650000000000000000e+03,1.800000000000000000e+03,1.114196349327948754e+00,-9.691797851819630161e-01,2.174006989429944525e+00
5.037199999999999989e+01,1.650000000000000000e+03,1.800000000000000000e+03,1.114196349327948754e+00,-9.691797851819630161e-01,2.174006989429944525e+00
5.038900000000000290e+01,1.650000000000000000e+03,1.800000000000000000e+03,1.114196349327948754e+00,-9.691797851819630161e-01,2.174006989429944525e+00
5.040500000000000114e+01,1.650000000000000000e+03,1.800000000000000000e+03,1.112859448014396291e+00,-9.723745641164636133e-01,2.174605838537545743e+00
5.042300000000000182e+01,1.650000000000000000e+03,1.800000000000000000e+03,1.111360757743065975e+00,-9.747444118727686124e-01,2.161429721897548006e+00
5.043999999999999773e+01,1.650000000000000000e+03,1.800000000000000000e+03,1.109200947964821271e+00,-9.770807260278315809e-01,2.162029420501507815e+00
5.045700000000000074e+01,1.650000000000000000e+03,1.800000000000000000e+03,1.109200947964821271e+00,-9.770807260278315809e-01,2.162029420501507815e+00
5.047399999999999665e+01,1.650000000000000000e+03,1.800000000000000000e+03,1.108531835964044365e+00,-9.802961033456822904e-01,2.168695228531408947e+00
5.049199999999999733e+01,1.650000000000000000e+03,1.800000000000000000e+03,1.106540151993345544e+00,-9.834449451111182405e-01,2.169293286273915378e+00
5.050900000000000034e+01,1.650000000000000000e+03,1.800000000000000000e+03,1.106540151993345544e+00,-9.834449451111182405e-01,2.169293286273915378e+00
5.052600000000000335e+01,1.650000000000000000e+03,1.800000000000000000e+03,1.099920541662305462e+00,-9.928357691529892115e-01,2.151806713808069205e+00
5.054299999999999926e+01,1.650000000000000000e+03,1.800000000000000000e+03,1.099920541662305462e+00,-9.928357691529892115e-01,2.151806713808069205e+00
5.056000000000000227e+01,1.650000000000000000e+03,1.800000000000000000e+03,1.098104714629516643e+00,-9.951700200439939081e-01,2.145557675010147047e+00
5.057699999999999818e+01,1.650000000000000000e+03,1.800000000000000000e+03,1.095795218132735727e+00,-9.966735334110450317e-01,2.140362040125366683e+00
5.059400000000000119e+01,1.650000000000000000e+03,1.800000000000000000e+03,1.095795218132735727e+00,-9.966735334110450317e-01,2.140362040125366683e+00
5.061099999999999710e+01,1.650000000000000000e+03,1.800000000000000000e+03,1.095795218132735727e+00,-9.966735334110450317e-01,2.140362040125366683e+00
5.062899999999999778e+01,1.650000000000000000e+03,1.800000000000000000e+03,1.092172404447186551e+00,-1.001332368179895571e+00,2.134879073434024832e+00
5.064600000000000080e+01,1.650000000000000000e+03,1.800000000000000000e+03,1.092172404447186551e+00,-1.001332368179895571e+00,2.134879073434024832e+00
5.066299999999999670e+01,1.650000000000000000e+03,1.800000000000000000e+03,1.092172404447186551e+00,-1.001332368179895571e+00,2.134879073434024832e+00
5.067999999999999972e+01,1.650000000000000000e+03,1.800000000000000000e+03,1.090693203981389026e+00,-1.003673749261866366e+00,2.135557202991059000e+00
5.069800000000000040e+01,1.650000000000000000e+03,1.800000000000000000e+03,1.090693203981389026e+00,-1.003673749261866366e+00,2.135557202991059000e+00
5.071500000000000341e+01,1.650000000000000000e+03,1.800000000000000000e+03,1.083308440980682130e+00,-1.012147547839561845e+00,2.118583330116709629e+00
5.073199999999999932e+01,1.650000000000000000e+03,1.800000000000000000e+03,1.083308440980682130e+00,-1.012147547839561845e+00,2.118583330116709629e+00
5.074900000000000233e+01,1.650000000000000000e+03,1.800000000000000000e+03,1.083308440980682130e+00,-1.012147547839561845e+00,2.118583330116709629e+00
5.076700000000000301e+01,1.650000000000000000e+03,1.800000000000000000e+03,1.079381243379956556e+00,-1.016761215517031136e+00,2.106801231384427542e+00
5.078399999999999892e+01,1.650000000000000000e+03,1.800000000000000000e+03,1.077584784046994537e+00,-1.019072329685245304e+00,2.113714293575037040e+00
5.080100000000000193e+01,1.650000000000000000e+03,1.800000000000000000e+03,1.077584784046994537e+00,-1.019072329685245304e+00,2.113714293575037040e+00
5.081799999999999784e+01,1.650000000000000000e+03,1.800000000000000000e+03,1.077584784046994537e+00,-1.019072329685245304e+00,2.113714293575037040e+00
5.083500000000000085e+01,1.650000000000000000e+03,1.800000000000000000e+03,1.077584784046994537e+00,-1.019072329685245304e+00,2.113714293575037040e+00
5.085199999999999676e+01,1.650000000000000000e+03,1.800000000000000000e+03,1.076118420804626608e+00,-1.021396395190878437e+00,2.101790378442033091e+00
5.086899999999999977e+01,1.650000000000000000e+03,1.800000000000000000e+03,1.061955158948652000e+00,-1.035837178310553330e+00,2.086232720781492578e+00
5.088600000000000279e+01,1.650000000000000000e+03,1.800000000000000000e+03,1.060174602108877595e+00,-1.038129957396777936e+00,2.080194960816343031e+00
5.090400000000000347e+01,1.650000000000000000e+03,1.800000000000000000e+03,1.060174602108877595e+00,-1.038129957396777936e+00,2.080194960816343031e+00
5.092099999999999937e+01,1.650000000000000000e+03,1.800000000000000000e+03,1.058068754408315160e+00,-1.040405534828731327e+00,2.075385487577442678e+00
5.093900000000000006e+01,1.650000000000000000e+03,1.800000000000000000e+03,1.058068754408315160e+00,-1.040405534828731327e+00,2.075385487577442678e+00
5.095600000000000307e+01,1.650000000000000000e+03,1.800000000000000000e+03,1.058068754408315160e+00,-1.040405534828731327e+00,2.075385487577442678e+00
5.097299999999999898e+01,1.650000000000000000e+03,1.800000000000000000e+03,1.049649109736389363e+00,-1.047910571435241689e+00,2.057939084277530029e+00
5.099000000000000199e+01,1.650000000000000000e+03,1.800000000000000000e+03,1.047552827210688653e+00,-1.050176917652075215e+00,2.058530246682024778e+00
5.100699999999999790e+01,1.650000000000000000e+03,1.800000000000000000e+03,1.045458591934792514e+00,-1.052441119735547659e+00,2.054212511331070967e+00
5.102400000000000091e+01,1.650000000000000000e+03,1.800000000000000000e+03,1.045458591934792514e+00,-1.052441119735547659e+00,2.054212511331070967e+00
5.104099999999999682e+01,1.650000000000000000e+03,1.800000000000000000e+03,1.045458591934792514e+00,-1.052441119735547659e+00,2.054212511331070967e+00
5.105899999999999750e+01,1.650000000000000000e+03,1.800000000000000000e+03,1.041928118438707696e+00,-1.056992765322421590e+00,2.042137855664408974e+00
5.107600000000000051e+01,1.650000000000000000e+03,1.800000000000000000e+03,1.041928118438707696e+00,-1.056992765322421590e+00,2.042137855664408974e+00
5.109300000000000352e+01,1.650000000000000000e+03,1.800000000000000000e+03,1.041928118438707696e+00,-1.056992765322421590e+00,2.042137855664408974e+00
5.110999999999999943e+01,1.650000000000000000e+03,1.800000000000000000e+03,1.035495466148599331e+00,-1.062969291585634579e+00,2.037240626829994294e+00
5.112800000000000011e+01,1.650000000000000000e+03,1.800000000000000000e+03,1.031982779968421804e+00,-1.067500874212855777e+00,2.031489765181356155e+00
5.114500000000000313e+01,1.650000000000000000e+03,1.800000000000000000e+03,1.029404544355128737e+00,-1.068945727213109098e+00,2.027760779735122920e+00
5.116199999999999903e+01,1.650000000000000000e+03,1.800000000000000000e+03,1.029404544355128737e+00,-1.068945727213109098e+00,2.027760779735122920e+00
5.117900000000000205e+01,1.650000000000000000e+03,1.800000000000000000e+03,1.027327621863353135e+00,-1.071192235196771758e+00,2.025913681222756946e+00
5.119599999999999795e+01,1.650000000000000000e+03,1.800000000000000000e+03,1.024902797157740020e+00,-1.071862317339723703e+00,2.022294042900286026e+00
5.121300000000000097e+01,1.650000000000000000e+03,1.800000000000000000e+03,1.024902797157740020e+00,-1.071862317339723703e+00,2.022294042900286026e+00
5.125600000000000023e+01,1.650000000000000000e+03,1.800000000000000000e+03,1.024902797157740020e+00,-1.071862317339723703e+00,2.022294042900286026e+00
5.129699999999999704e+01,1.650000000000000000e+03,1.800000000000000000e+03,1.021082614030254465e+00,-1.076362451438271250e+00,2.009974748372844733e+00
5.133200000000000074e+01,1.650000000000000000e+03,1.800000000000000000e+03,1.018837280492457698e+00,-1.077816750664167156e+00,2.006720053722222286e+00
5.135000000000000142e+01,1.650000000000000000e+03,1.800000000000000000e+03,1.018837280492457698e+00,-1.077816750664167156e+00,2.006720053722222286e+00
5.137700000000000244e+01,1.650000000000000000e+03,1.800000000000000000e+03,1.016769493648356004e+00,-1.080054971365117744e+00,2.004377089393663880e+00
5.139399999999999835e+01,1.650000000000000000e+03,1.800000000000000000e+03,1.016769493648356004e+00,-1.080054971365117744e+00,2.004377089393663880e+00
5.141100000000000136e+01,1.650000000000000000e+03,1.800000000000000000e+03,1.009900244712613082e+00,-1.085177228320061360e+00,1.995706054471360069e+00
5.142799999999999727e+01,1.650000000000000000e+03,1.800000000000000000e+03,1.009900244712613082e+00,-1.085177228320061360e+00,1.995706054471360069e+00
5.144500000000000028e+01,1.650000000000000000e+03,1.800000000000000000e+03,9.963866161990115877e-01,-1.096168909360029087e+00,1.971909212631238528e+00
5.146300000000000097e+01,1.650000000000000000e+03,1.800000000000000000e+03,9.963866161990115877e-01,-1.096168909360029087e+00,1.971909212631238528e+00
5.147899999999999920e+01,1.650000000000000000e+03,1.800000000000000000e+03,9.941587506357003612e-01,-1.097611496331976522e+00,1.962565922624815329e+00
5.149699999999999989e+01,1.650000000000000000e+03,1.800000000000000000e+03,9.924349014756568277e-01,-1.099845697652849008e+00,1.960337231816817516e+00
5.151400000000000290e+01,1.650000000000000000e+03,1.800000000000000000e+03,9.924349014756568277e-01,-1.099845697652849008e+00,1.960337231816817516e+00
5.153099999999999881e+01,1.650000000000000000e+03,1.800000000000000000e+03,9.871606734860109977e-01,-1.101919868455808249e+00,1.950638491329264701e+00
5.154800000000000182e+01,1.650000000000000000e+03,1.800000000000000000e+03,9.871606734860109977e-01,-1.101919868455808249e+00,1.950638491329264701e+00
5.156400000000000006e+01,1.650000000000000000e+03,1.800000000000000000e+03,9.851190946248298275e-01,-1.104135736600338813e+00,1.951205192945785871e+00
5.158100000000000307e+01,1.650000000000000000e+03,1.800000000000000000e+03,9.851190946248298275e-01,-1.104135736600338813e+00,1.951205192945785871e+00
5.159899999999999665e+01,1.650000000000000000e+03,1.800000000000000000e+03,9.778170621202471047e-01,-1.108418453685110272e+00,1.945942431923508353e+00
5.161599999999999966e+01,1.650000000000000000e+03,1.800000000000000000e+03,9.752786425534816228e-01,-1.109839649705963271e+00,1.937366285612582839e+00
5.163300000000000267e+01,1.650000000000000000e+03,1.800000000000000000e+03,9.752786425534816228e-01,-1.109839649705963271e+00,1.937366285612582839e+00
5.165100000000000335e+01,1.650000000000000000e+03,1.800000000000000000e+03,9.752786425534816228e-01,-1.109839649705963271e+00,1.937366285612582839e+00
5.166700000000000159e+01,1.650000000000000000e+03,1.800000000000000000e+03,9.737087130045756211e-01,-1.111302775598646875e+00,1.930868950498043857e+00
5.168500000000000227e+01,1.650000000000000000e+03,1.800000000000000000e+03,9.713557111920783083e-01,-1.113495784607211991e+00,1.931429167221997867e+00
5.170199999999999818e+01,1.650000000000000000e+03,1.800000000000000000e+03,9.686392550525086964e-01,-1.114141072020014889e+00,1.925136204989890354e+00
5.171900000000000119e+01,1.650000000000000000e+03,1.800000000000000000e+03,9.686392550525086964e-01,-1.114141072020014889e+00,1.925136204989890354e+00
5.173599999999999710e+01,1.650000000000000000e+03,1.800000000000000000e+03,9.656015116887877170e-01,-1.114772062013800191e+00,1.920751520221686937e+00
5.175300000000000011e+01,1.650000000000000000e+03,1.800000000000000000e+03,9.564996900376709910e-01,-1.122007612997578452e+00,1.907158913979356996e+00
5.177000000000000313e+01,1.650000000000000000e+03,1.800000000000000000e+03,9.564996900376709910e-01,-1.122007612997578452e+00,1.907158913979356996e+00
5.178600000000000136e+01,1.650000000000000000e+03,1.800000000000000000e+03,9.564996900376709910e-01,-1.122007612997578452e+00,1.907158913979356996e+00
5.180400000000000205e+01,1.650000000000000000e+03,1.800000000000000000e+03,9.512675455938819358e-01,-1.124064159067308388e+00,1.902772612458579093e+00
5.182099999999999795e+01,1.650000000000000000e+03,1.800000000000000000e+03,9.512675455938819358e-01,-1.124064159067308388e+00,1.902772612458579093e+00
5.183800000000000097e+01,1.650000000000000000e+03,1.800000000000000000e+03,9.512675455938819358e-01,-1.124064159067308388e+00,1.902772612458579093e+00
5.185499999999999687e+01,1.650000000000000000e+03,1.800000000000000000e+03,9.460401930670525594e-01,-1.126119182728691381e+00,1.895307271059114118e+00
5.187199999999999989e+01,1.650000000000000000e+03,1.800000000000000000e+03,9.460401930670525594e-01,-1.126119182728691381e+00,1.895307271059114118e+00
5.188900000000000290e+01,1.650000000000000000e+03,1.800000000000000000e+03,9.460401930670525594e-01,-1.126119182728691381e+00,1.895307271059114118e+00
5.190599999999999881e+01,1.650000000000000000e+03,1.800000000000000000e+03,9.460401930670525594e-01,-1.126119182728691381e+00,1.895307271059114118e+00
5.192300000000000182e+01,1.650000000000000000e+03,1.800000000000000000e+03,9.252366982603852374e-01,-1.135842338285127706e+00,1.864807189875714366e+00
5.193999999999999773e+01,1.650000000000000000e+03,1.800000000000000000e+03,9.176611572002268957e-01,-1.138542388199430544e+00,1.843769445034886267e+00
5.195700000000000074e+01,1.650000000000000000e+03,1.800000000000000000e+03,9.123370336734666353e-01,-1.141336816384347586e+00,1.845066333004890424e+00
5.197399999999999665e+01,1.650000000000000000e+03,1.800000000000000000e+03,9.123370336734666353e-01,-1.141336816384347586e+00,1.845066333004890424e+00
5.199199999999999733e+01,1.650000000000000000e+03,1.800000000000000000e+03,9.123370336734666353e-01,-1.141336816384347586e+00,1.845066333004890424e+00
5.200900000000000034e+01,1.650000000000000000e+03,1.800000000000000000e+03,9.096459086825474660e-01,-1.141976155126300796e+00,1.845579785177652310e+00
5.202600000000000335e+01,1.650000000000000000e+03,1.800000000000000000e+03,9.075316526851098242e-01,-1.144904916772318870e+00,1.838834820103771195e+00
5.204299999999999926e+01,1.650000000000000000e+03,1.800000000000000000e+03,9.049710633767669155e-01,-1.144794512644605078e+00,1.839350274424659704e+00
5.206000000000000227e+01,1.650000000000000000e+03,1.800000000000000000e+03,9.049710633767669155e-01,-1.144794512644605078e+00,1.839350274424659704e+00
5.207800000000000296e+01,1.650000000000000000e+03,1.800000000000000000e+03,9.021558722828200150e-01,-1.146181827080907212e+00,1.832565160582341202e+00
5.209499999999999886e+01,1.650000000000000000e+03,1.800000000000000000e+03,9.021558722828200150e-01,-1.146181827080907212e+00,1.832565160582341202e+00
5.211200000000000188e+01,1.650000000000000000e+03,1.800000000000000000e+03,8.997891068639920498e-01,-1.146833902524665216e+00,1.833083896760791198e+00
5.212899999999999778e+01,1.650000000000000000e+03,1.800000000000000000e+03,8.974901486584758725e-01,-1.148995456632504908e+00,1.826267960783211075e+00
5.214699999999999847e+01,1.650000000000000000e+03,1.800000000000000000e+03,8.974901486584758725e-01,-1.148995456632504908e+00,1.826267960783211075e+00
5.216400000000000148e+01,1.650000000000000000e+03,1.800000000000000000e+03,8.870231357210411893e-01,-1.153812475794058656e+00,1.806152547764040106e+00
5.218099999999999739e+01,1.650000000000000000e+03,1.800000000000000000e+03,8.838283259067940545e-01,-1.153675746102358346e+00,1.806677954689887455e+00
5.219800000000000040e+01,1.650000000000000000e+03,1.800000000000000000e+03,8.838283259067940545e-01,-1.153675746102358346e+00,1.806677954689887455e+00
5.221600000000000108e+01,1.650000000000000000e+03,1.800000000000000000e+03,8.838283259067940545e-01,-1.153675746102358346e+00,1.806677954689887455e+00
5.223400000000000176e+01,1.650000000000000000e+03,1.800000000000000000e+03,8.821792791709957005e-01,-1.155858621560970523e+00,1.807765971507001357e+00
5.225099999999999767e+01,1.650000000000000000e+03,1.800000000000000000e+03,8.790589500918184473e-01,-1.157226402400111986e+00,1.800251323071086373e+00
5.226800000000000068e+01,1.650000000000000000e+03,1.800000000000000000e+03,8.767015078737043776e-01,-1.157875985856314127e+00,1.793289931406097715e+00
5.228499999999999659e+01,1.650000000000000000e+03,1.800000000000000000e+03,8.767015078737043776e-01,-1.157875985856314127e+00,1.793289931406097715e+00
5.230299999999999727e+01,1.650000000000000000e+03,1.800000000000000000e+03,8.767015078737043776e-01,-1.157875985856314127e+00,1.793289931406097715e+00
5.232000000000000028e+01,1.650000000000000000e+03,1.800000000000000000e+03,8.742225267173480141e-01,-1.159269962315151670e+00,1.794669362509642374e+00
5.233700000000000330e+01,1.650000000000000000e+03,1.800000000000000000e+03,8.660799823532265851e-01,-1.161920002781500649e+00,1.782593736454500810e+00
5.235399999999999920e+01,1.650000000000000000e+03,1.800000000000000000e+03,8.660799823532265851e-01,-1.161920002781500649e+00,1.782593736454500810e+00
5.237100000000000222e+01,1.650000000000000000e+03,1.800000000000000000e+03,8.461188359839806328e-01,-1.166309606516059638e+00,1.749650663803100414e+00
5.238799999999999812e+01,1.650000000000000000e+03,1.800000000000000000e+03,8.438558671956997159e-01,-1.168454424796469659e+00,1.748313299612128890e+00
5.240400000000000347e+01,1.650000000000000000e+03,1.800000000000000000e+03,8.438558671956997159e-01,-1.168454424796469659e+00,1.748313299612128890e+00
5.242199999999999704e+01,1.650000000000000000e+03,1.800000000000000000e+03,8.438558671956997159e-01,-1.168454424796469659e+00,1.748313299612128890e+00
5.243900000000000006e+01,1.650000000000000000e+03,1.800000000000000000e+03,8.380066424928056534e-01,-1.168954140564021138e+00,1.734274484311838505e+00
5.245600000000000307e+01,1.650000000000000000e+03,1.800000000000000000e+03,8.380066424928056534e-01,-1.168954140564021138e+00,1.734274484311838505e+00
5.247299999999999898e+01,1.650000000000000000e+03,1.800000000000000000e+03,8.380066424928056534e-01,-1.168954140564021138e+00,1.734274484311838505e+00
5.249000000000000199e+01,1.650000000000000000e+03,1.800000000000000000e+03,8.325656611170395571e-01,-1.170962810594373238e+00,1.735560234243678668e+00
5.250699999999999790e+01,1.650000000000000000e+03,1.800000000000000000e+03,8.235381767365559380e-01,-1.171329111966400216e+00,1.719486427074437218e+00
5.252400000000000091e+01,1.650000000000000000e+03,1.800000000000000000e+03,8.235381767365559380e-01,-1.171329111966400216e+00,1.719486427074437218e+00
5.254099999999999682e+01,1.650000000000000000e+03,1.800000000000000000e+03,8.206524102213648142e-01,-1.173443220168678636e+00,1.714892167308430748e+00
5.255799999999999983e+01,1.650000000000000000e+03,1.800000000000000000e+03,8.206524102213648142e-01,-1.173443220168678636e+00,1.714892167308430748e+00
5.257500000000000284e+01,1.650000000000000000e+03,1.800000000000000000e+03,8.152432603239547770e-01,-1.173216728497079586e+00,1.708332574958071337e+00
5.259300000000000352e+01,1.650000000000000000e+03,1.800000000000000000e+03,8.152432603239547770e-01,-1.173216728497079586e+00,1.708332574958071337e+00
5.260999999999999943e+01,1.650000000000000000e+03,1.800000000000000000e+03,8.152432603239547770e-01,-1.173216728497079586e+00,1.708332574958071337e+00
5.262700000000000244e+01,1.650000000000000000e+03,1.800000000000000000e+03,8.122678239978529113e-01,-1.173836892902246909e+00,1.701206255873006779e+00
5.264399999999999835e+01,1.650000000000000000e+03,1.800000000000000000e+03,8.096113763396390883e-01,-1.174470276695198656e+00,1.701757406958687158e+00
5.266100000000000136e+01,1.650000000000000000e+03,1.800000000000000000e+03,8.096113763396390883e-01,-1.174470276695198656e+00,1.701757406958687158e+00
5.267799999999999727e+01,1.650000000000000000e+03,1.800000000000000000e+03,8.011205100258791401e-01,-1.175604173377396311e+00,1.688008831074970351e+00
5.269599999999999795e+01,1.650000000000000000e+03,1.800000000000000000e+03,7.980492524976721125e-01,-1.174732202785917057e+00,1.685293630349744110e+00
5.271300000000000097e+01,1.650000000000000000e+03,1.800000000000000000e+03,7.956048262437858121e-01,-1.176118266018147285e+00,1.673365469788603788e+00
5.272999999999999687e+01,1.650000000000000000e+03,1.800000000000000000e+03,7.926343862629072756e-01,-1.176738290746337512e+00,1.666159407362131750e+00
5.274699999999999989e+01,1.650000000000000000e+03,1.800000000000000000e+03,7.926343862629072756e-01,-1.176738290746337512e+00,1.666159407362131750e+00
5.276400000000000290e+01,1.650000000000000000e+03,1.800000000000000000e+03,7.896648237620598199e-01,-1.177358246090558502e+00,1.671049339388205102e+00
5.278099999999999881e+01,1.650000000000000000e+03,1.800000000000000000e+03,7.896648237620598199e-01,-1.177358246090558502e+00,1.671049339388205102e+00
5.279800000000000182e+01,1.650000000000000000e+03,1.800000000000000000e+03,7.896648237620598199e-01,-1.177358246090558502e+00,1.671049339388205102e+00
5.281499999999999773e+01,1.650000000000000000e+03,1.800000000000000000e+03,7.868034325703925358e-01,-1.177239433937011359e+00,1.663683804006468092e+00
5.283200000000000074e+01,1.650000000000000000e+03,1.800000000000000000e+03,7.837283323729606899e-01,-1.178597948201609125e+00,1.656303659791218852e+00
5.285000000000000142e+01,1.650000000000000000e+03,1.800000000000000000e+03,7.601110197964067172e-01,-1.180591553662176274e+00,1.629185250416859132e+00
5.286699999999999733e+01,1.650000000000000000e+03,1.800000000000000000e+03,7.601110197964067172e-01,-1.180591553662176274e+00,1.629185250416859132e+00
5.288400000000000034e+01,1.650000000000000000e+03,1.800000000000000000e+03,7.566160257364378250e-01,-1.180447616500821528e+00,1.621747664786407528e+00
5.290200000000000102e+01,1.650000000000000000e+03,1.800000000000000000e+03,7.540741256422966998e-01,-1.180343003979292149e+00,1.622311255224081261e+00
5.291799999999999926e+01,1.650000000000000000e+03,1.800000000000000000e+03,7.540741256422966998e-01,-1.180343003979292149e+00,1.622311255224081261e+00
5.293500000000000227e+01,1.650000000000000000e+03,1.800000000000000000e+03,7.511130583930631932e-01,-1.180963225546116213e+00,1.614864374135632552e+00
5.295199999999999818e+01,1.650000000000000000e+03,1.800000000000000000e+03,7.479360024164345422e-01,-1.180832675846802182e+00,1.607408157092102385e+00
5.296900000000000119e+01,1.650000000000000000e+03,1.800000000000000000e+03,7.452939072782294172e-01,-1.181465997313477789e+00,1.607973274969245470e+00
5.298700000000000188e+01,1.650000000000000000e+03,1.800000000000000000e+03,7.452939072782294172e-01,-1.181465997313477789e+00,1.607973274969245470e+00
5.300399999999999778e+01,1.650000000000000000e+03,1.800000000000000000e+03,7.362998961318825142e-01,-1.181838890996926850e+00,1.593603871970112662e+00
5.302100000000000080e+01,1.650000000000000000e+03,1.800000000000000000e+03,7.362998961318825142e-01,-1.181838890996926850e+00,1.593603871970112662e+00
5.303799999999999670e+01,1.650000000000000000e+03,1.800000000000000000e+03,7.362998961318825142e-01,-1.181838890996926850e+00,1.593603871970112662e+00
5.305499999999999972e+01,1.650000000000000000e+03,1.800000000000000000e+03,7.329040165847684474e-01,-1.180958201495832860e+00,1.580440697558566088e+00
5.307200000000000273e+01,1.650000000000000000e+03,1.800000000000000000e+03,7.300445738220431302e-01,-1.180841211592179807e+00,1.581008054965370446e+00
5.308899999999999864e+01,1.650000000000000000e+03,1.800000000000000000e+03,7.300445738220431302e-01,-1.180841211592179807e+00,1.581008054965370446e+00
5.310799999999999699e+01,1.650000000000000000e+03,1.800000000000000000e+03,7.265495795836474091e-01,-1.180698322172764492e+00,1.579406494300169994e+00
5.312500000000000000e+01,1.650000000000000000e+03,1.800000000000000000e+03,7.235931557009993575e-01,-1.181319305707152711e+00,1.571922884851920443e+00
5.314200000000000301e+01,1.650000000000000000e+03,1.800000000000000000e+03,7.235931557009993575e-01,-1.181319305707152711e+00,1.571922884851920443e+00
5.315999999999999659e+01,1.650000000000000000e+03,1.800000000000000000e+03,7.210515995587596372e-01,-1.181215559654340552e+00,1.572490841974701681e+00
5.317699999999999960e+01,1.650000000000000000e+03,1.800000000000000000e+03,7.153328470105317916e-01,-1.180982338289171096e+00,1.565571464330415274e+00
5.319400000000000261e+01,1.650000000000000000e+03,1.800000000000000000e+03,7.116149525398642872e-01,-1.180089005203017738e+00,1.551754124259814516e+00
5.321099999999999852e+01,1.650000000000000000e+03,1.800000000000000000e+03,7.087548610510991942e-01,-1.179972549953863581e+00,1.552323046247605864e+00
5.322800000000000153e+01,1.650000000000000000e+03,1.800000000000000000e+03,7.087548610510991942e-01,-1.179972549953863581e+00,1.552323046247605864e+00
5.324499999999999744e+01,1.650000000000000000e+03,1.800000000000000000e+03,7.060246961357070639e-01,-1.181345052533919748e+00,1.544669023996436907e+00
5.326200000000000045e+01,1.650000000000000000e+03,1.800000000000000000e+03,7.028476774991290199e-01,-1.181215914922616239e+00,1.537013491207265936e+00
5.327900000000000347e+01,1.650000000000000000e+03,1.800000000000000000e+03,6.999882708801865583e-01,-1.181099765554134873e+00,1.546091992013124639e+00
5.329599999999999937e+01,1.650000000000000000e+03,1.800000000000000000e+03,6.968110529269795350e-01,-1.180970793188960144e+00,1.546661210442936918e+00
5.331400000000000006e+01,1.650000000000000000e+03,1.800000000000000000e+03,6.968110529269795350e-01,-1.180970793188960144e+00,1.546661210442936918e+00
5.333100000000000307e+01,1.650000000000000000e+03,1.800000000000000000e+03,6.968110529269795350e-01,-1.180970793188960144e+00,1.546661210442936918e+00
5.334799999999999898e+01,1.650000000000000000e+03,1.800000000000000000e+03,6.654381941677958157e-01,-1.178960064158236953e+00,1.487178188742094509e+00
5.336500000000000199e+01,1.650000000000000000e+03,1.800000000000000000e+03,6.654381941677958157e-01,-1.178960064158236953e+00,1.487178188742094509e+00
5.338199999999999790e+01,1.650000000000000000e+03,1.800000000000000000e+03,6.622593311711091335e-01,-1.178831965564306028e+00,1.487747141326066114e+00
5.339900000000000091e+01,1.650000000000000000e+03,1.800000000000000000e+03,6.622593311711091335e-01,-1.178831965564306028e+00,1.487747141326066114e+00
5.341599999999999682e+01,1.650000000000000000e+03,1.800000000000000000e+03,6.565371224380143200e-01,-1.178601596132591300e+00,1.488826943635822575e+00
5.343299999999999983e+01,1.650000000000000000e+03,1.800000000000000000e+03,6.565371224380143200e-01,-1.178601596132591300e+00,1.488826943635822575e+00
5.345000000000000284e+01,1.650000000000000000e+03,1.800000000000000000e+03,6.531252198082371230e-01,-1.177721987287292826e+00,1.473005730821458803e+00
5.346699999999999875e+01,1.650000000000000000e+03,1.800000000000000000e+03,6.499454380201659109e-01,-1.177594157808119490e+00,1.465227592111419064e+00
5.348400000000000176e+01,1.650000000000000000e+03,1.800000000000000000e+03,6.499454380201659109e-01,-1.177594157808119490e+00,1.465227592111419064e+00
5.350099999999999767e+01,1.650000000000000000e+03,1.800000000000000000e+03,6.470835482619234913e-01,-1.177479180570231598e+00,1.465795416816507268e+00
5.351800000000000068e+01,1.650000000000000000e+03,1.800000000000000000e+03,6.373078735158370645e-01,-1.176344192614517059e+00,1.450599796456984780e+00
5.353499999999999659e+01,1.650000000000000000e+03,1.800000000000000000e+03,6.373078735158370645e-01,-1.176344192614517059e+00,1.450599796456984780e+00
5.355199999999999960e+01,1.650000000000000000e+03,1.800000000000000000e+03,6.348454109344656704e-01,-1.175502468195857908e+00,1.443092103140740212e+00
5.357000000000000028e+01,1.650000000000000000e+03,1.800000000000000000e+03,6.348454109344656704e-01,-1.175502468195857908e+00,1.443092103140740212e+00
5.358700000000000330e+01,1.650000000000000000e+03,1.800000000000000000e+03,6.316639961257783931e-01,-1.175375001026194077e+00,1.452256138266045715e+00
5.360399999999999920e+01,1.650000000000000000e+03,1.800000000000000000e+03,6.316639961257783931e-01,-1.175375001026194077e+00,1.452256138266045715e+00
5.362100000000000222e+01,1.650000000000000000e+03,1.800000000000000000e+03,6.283265545872671609e-01,-1.173754472844540153e+00,1.435353143335836412e+00
5.363799999999999812e+01,1.650000000000000000e+03,1.800000000000000000e+03,6.253814941089852475e-01,-1.174380174092117812e+00,1.435918481789558498e+00
5.365500000000000114e+01,1.650000000000000000e+03,1.800000000000000000e+03,6.221213382775312439e-01,-1.172018169435217416e+00,1.419610126698553021e+00
5.367199999999999704e+01,1.650000000000000000e+03,1.800000000000000000e+03,6.221213382775312439e-01,-1.172018169435217416e+00,1.419610126698553021e+00
5.368900000000000006e+01,1.650000000000000000e+03,1.800000000000000000e+03,6.221213382775312439e-01,-1.172018169435217416e+00,1.419610126698553021e+00
5.370700000000000074e+01,1.650000000000000000e+03,1.800000000000000000e+03,6.192558061242219303e-01,-1.171903550384363779e+00,1.420173720516513471e+00
5.372399999999999665e+01,1.650000000000000000e+03,1.800000000000000000e+03,6.097815512067266130e-01,-1.170780586776654530e+00,1.412310656867926673e+00
5.374099999999999966e+01,1.650000000000000000e+03,1.800000000000000000e+03,6.038845447371743447e-01,-1.169055541964245659e+00,1.396331035747513605e+00
5.375800000000000267e+01,1.650000000000000000e+03,1.800000000000000000e+03,6.002143517447022791e-01,-1.167418375840132860e+00,1.377647897014945944e+00
5.377499999999999858e+01,1.650000000000000000e+03,1.800000000000000000e+03,6.002143517447022791e-01,-1.167418375840132860e+00,1.377647897014945944e+00
5.379200000000000159e+01,1.650000000000000000e+03,1.800000000000000000e+03,6.002143517447022791e-01,-1.167418375840132860e+00,1.377647897014945944e+00
5.380899999999999750e+01,1.650000000000000000e+03,1.800000000000000000e+03,5.974219439408976484e-01,-1.166561245467617081e+00,1.380442926895692368e+00
5.382600000000000051e+01,1.650000000000000000e+03,1.800000000000000000e+03,5.945528490203224603e-01,-1.166446885756306173e+00,1.381000864002298378e+00
5.384400000000000119e+01,1.650000000000000000e+03,1.800000000000000000e+03,5.945528490203224603e-01,-1.166446885756306173e+00,1.381000864002298378e+00
5.386099999999999710e+01,1.650000000000000000e+03,1.800000000000000000e+03,5.911211664171140967e-01,-1.165564092516056860e+00,1.362057539665733286e+00
5.387899999999999778e+01,1.650000000000000000e+03,1.800000000000000000e+03,5.751480201613325960e-01,-1.161941438155713158e+00,1.336209851592197850e+00
5.389600000000000080e+01,1.650000000000000000e+03,1.800000000000000000e+03,5.751480201613325960e-01,-1.161941438155713158e+00,1.336209851592197850e+00
5.391299999999999670e+01,1.650000000000000000e+03,1.800000000000000000e+03,5.657868514901185364e-01,-1.159326312708070184e+00,1.329501365867535201e+00
5.392999999999999972e+01,1.650000000000000000e+03,1.800000000000000000e+03,5.626641857971359517e-01,-1.158454051577191724e+00,1.330049114319217685e+00
5.394700000000000273e+01,1.650000000000000000e+03,1.800000000000000000e+03,5.592908963488452123e-01,-1.156822795006067661e+00,1.322003140705047208e+00
5.396500000000000341e+01,1.650000000000000000e+03,1.800000000000000000e+03,5.560959334519830488e-01,-1.156696021411577568e+00,1.313889563827704832e+00
5.398199999999999932e+01,1.650000000000000000e+03,1.800000000000000000e+03,5.560959334519830488e-01,-1.156696021411577568e+00,1.313889563827704832e+00
5.399799999999999756e+01,1.650000000000000000e+03,1.800000000000000000e+03,5.529008656747234074e-01,-1.156569311818814505e+00,1.323368154167622546e+00
5.401500000000000057e+01,1.650000000000000000e+03,1.800000000000000000e+03,5.529008656747234074e-01,-1.156569311818814505e+00,1.323368154167622546e+00
5.403300000000000125e+01,1.650000000000000000e+03,1.800000000000000000e+03,5.494545024535968381e-01,-1.155683564963441157e+00,1.302595294430028972e+00
5.404999999999999716e+01,1.650000000000000000e+03,1.800000000000000000e+03,5.467140507276571082e-01,-1.154075896810986102e+00,1.307271546664640738e+00
5.406700000000000017e+01,1.650000000000000000e+03,1.800000000000000000e+03,5.467140507276571082e-01,-1.154075896810986102e+00,1.307271546664640738e+00
5.408299999999999841e+01,1.650000000000000000e+03,1.800000000000000000e+03,5.435170733827574541e-01,-1.153949226908507875e+00,1.307813717174677315e+00
5.410099999999999909e+01,1.650000000000000000e+03,1.800000000000000000e+03,5.400670856730280800e-01,-1.153062639363124475e+00,1.286822394383851931e+00
5.411899999999999977e+01,1.650000000000000000e+03,1.800000000000000000e+03,5.309893083611314513e-01,-1.150451824781750787e+00,1.280123925699352405e+00
5.413600000000000279e+01,1.650000000000000000e+03,1.800000000000000000e+03,5.309893083611314513e-01,-1.150451824781750787e+00,1.280123925699352405e+00
5.415299999999999869e+01,1.650000000000000000e+03,1.800000000000000000e+03,5.278544951235126792e-01,-1.149576762283317954e+00,1.267080183960352935e+00
5.417000000000000171e+01,1.650000000000000000e+03,1.800000000000000000e+03,5.244627313515879408e-01,-1.147939716948509492e+00,1.272659918595499207e+00
5.418699999999999761e+01,1.650000000000000000e+03,1.800000000000000000e+03,5.244627313515879408e-01,-1.147939716948509492e+00,1.272659918595499207e+00
5.420499999999999829e+01,1.650000000000000000e+03,1.800000000000000000e+03,5.244627313515879408e-01,-1.147939716948509492e+00,1.272659918595499207e+00
5.422200000000000131e+01,1.650000000000000000e+03,1.800000000000000000e+03,5.215814142426489219e-01,-1.147825776820465382e+00,1.273192333223876815e+00
5.423899999999999721e+01,1.650000000000000000e+03,1.800000000000000000e+03,5.151089734006375487e-01,-1.144560889566756057e+00,1.243213087697609076e+00
5.425600000000000023e+01,1.650000000000000000e+03,1.800000000000000000e+03,5.151089734006375487e-01,-1.144560889566756057e+00,1.243213087697609076e+00
5.427300000000000324e+01,1.650000000000000000e+03,1.800000000000000000e+03,5.151089734006375487e-01,-1.144560889566756057e+00,1.243213087697609076e+00
5.428999999999999915e+01,1.650000000000000000e+03,1.800000000000000000e+03,5.151089734006375487e-01,-1.144560889566756057e+00,1.243213087697609076e+00
5.430799999999999983e+01,1.650000000000000000e+03,1.800000000000000000e+03,5.122254372309638093e-01,-1.144446920705854076e+00,1.243736447708369219e+00
5.432600000000000051e+01,1.650000000000000000e+03,1.800000000000000000e+03,5.031158029593914005e-01,-1.141827432226050654e+00,1.245721661938183011e+00
5.434300000000000352e+01,1.650000000000000000e+03,1.800000000000000000e+03,4.810940508203525035e-01,-1.131138521024056320e+00,1.184871771668470020e+00
5.435999999999999943e+01,1.650000000000000000e+03,1.800000000000000000e+03,4.782016698352351547e-01,-1.131024326453605511e+00,1.194397181387312434e+00
5.437599999999999767e+01,1.650000000000000000e+03,1.800000000000000000e+03,4.782016698352351547e-01,-1.131024326453605511e+00,1.194397181387312434e+00
5.439300000000000068e+01,1.650000000000000000e+03,1.800000000000000000e+03,4.754218907339662348e-01,-1.129399927107527457e+00,1.177349757617632608e+00
5.440999999999999659e+01,1.650000000000000000e+03,1.800000000000000000e+03,4.722068354728998774e-01,-1.129273025552321563e+00,1.186817591446872378e+00
5.442799999999999727e+01,1.650000000000000000e+03,1.800000000000000000e+03,4.681925725791240556e-01,-1.126840554213610623e+00,1.162358567879804516e+00
5.444400000000000261e+01,1.650000000000000000e+03,1.800000000000000000e+03,4.654067806662083306e-01,-1.125213253176496231e+00,1.163053010724021563e+00
5.446099999999999852e+01,1.650000000000000000e+03,1.800000000000000000e+03,4.654067806662083306e-01,-1.125213253176496231e+00,1.163053010724021563e+00
5.447800000000000153e+01,1.650000000000000000e+03,1.800000000000000000e+03,4.654067806662083306e-01,-1.125213253176496231e+00,1.163053010724021563e+00
5.449499999999999744e+01,1.650000000000000000e+03,1.800000000000000000e+03,4.594534740748912327e-01,-1.122700245951780307e+00,1.155469482988815022e+00
5.451200000000000045e+01,1.650000000000000000e+03,1.800000000000000000e+03,4.594534740748912327e-01,-1.122700245951780307e+00,1.155469482988815022e+00
5.453000000000000114e+01,1.650000000000000000e+03,1.800000000000000000e+03,4.594534740748912327e-01,-1.122700245951780307e+00,1.155469482988815022e+00
5.454699999999999704e+01,1.650000000000000000e+03,1.800000000000000000e+03,4.466638767536910137e-01,-1.116108910798408349e+00,1.114651584274467977e+00
5.456400000000000006e+01,1.650000000000000000e+03,1.800000000000000000e+03,4.432188407516095552e-01,-1.114448605419598781e+00,1.124046390037485299e+00
5.458100000000000307e+01,1.650000000000000000e+03,1.800000000000000000e+03,4.432188407516095552e-01,-1.114448605419598781e+00,1.124046390037485299e+00
5.459799999999999898e+01,1.650000000000000000e+03,1.800000000000000000e+03,4.432188407516095552e-01,-1.114448605419598781e+00,1.124046390037485299e+00
5.461699999999999733e+01,1.650000000000000000e+03,1.800000000000000000e+03,4.404167828024998510e-01,-1.112812615830834684e+00,1.116058037109233902e+00
5.463400000000000034e+01,1.650000000000000000e+03,1.800000000000000000e+03,4.372396984259456776e-01,-1.111924057537247545e+00,1.116529656227976508e+00
5.465200000000000102e+01,1.650000000000000000e+03,1.800000000000000000e+03,4.307063663380987784e-01,-1.107846628574944869e+00,1.091139312154078223e+00
5.466899999999999693e+01,1.650000000000000000e+03,1.800000000000000000e+03,4.307063663380987784e-01,-1.107846628574944869e+00,1.091139312154078223e+00
5.468599999999999994e+01,1.650000000000000000e+03,1.800000000000000000e+03,4.307063663380987784e-01,-1.107846628574944869e+00,1.091139312154078223e+00
5.470400000000000063e+01,1.650000000000000000e+03,1.800000000000000000e+03,4.209275454616563383e-01,-1.103634133722041000e+00,1.074411589463025507e+00
5.472099999999999653e+01,1.650000000000000000e+03,1.800000000000000000e+03,4.184345577945229877e-01,-1.102003295433235497e+00,1.076238617687783616e+00
5.473799999999999955e+01,1.650000000000000000e+03,1.800000000000000000e+03,4.143215825154695775e-01,-1.100307303785354573e+00,1.066841347586588995e+00
5.475500000000000256e+01,1.650000000000000000e+03,1.800000000000000000e+03,4.143215825154695775e-01,-1.100307303785354573e+00,1.066841347586588995e+00
5.477199999999999847e+01,1.650000000000000000e+03,1.800000000000000000e+03,4.121482368994113799e-01,-1.098686923703599216e+00,1.086198146141565735e+00
5.478900000000000148e+01,1.650000000000000000e+03,1.800000000000000000e+03,4.121482368994113799e-01,-1.098686923703599216e+00,1.086198146141565735e+00
5.480599999999999739e+01,1.650000000000000000e+03,1.800000000000000000e+03,4.055739479880435816e-01,-1.094586078866614187e+00,1.060036352651417824e+00
5.482300000000000040e+01,1.650000000000000000e+03,1.800000000000000000e+03,4.026572501323941733e-01,-1.094470635608838727e+00,1.060479569219328733e+00
5.484000000000000341e+01,1.650000000000000000e+03,1.800000000000000000e+03,4.026572501323941733e-01,-1.094470635608838727e+00,1.060479569219328733e+00
5.485699999999999932e+01,1.650000000000000000e+03,1.800000000000000000e+03,4.026572501323941733e-01,-1.094470635608838727e+00,1.060479569219328733e+00
5.487500000000000000e+01,1.650000000000000000e+03,1.800000000000000000e+03,4.026572501323941733e-01,-1.094470635608838727e+00,1.060479569219328733e+00
5.489200000000000301e+01,1.650000000000000000e+03,1.800000000000000000e+03,3.840726845604547357e-01,-1.083717011299523136e+00,1.027276966757595611e+00
5.490899999999999892e+01,1.650000000000000000e+03,1.800000000000000000e+03,3.840726845604547357e-01,-1.083717011299523136e+00,1.027276966757595611e+00
5.492600000000000193e+01,1.650000000000000000e+03,1.800000000000000000e+03,3.840726845604547357e-01,-1.083717011299523136e+00,1.027276966757595611e+00
5.494299999999999784e+01,1.650000000000000000e+03,1.800000000000000000e+03,3.815146879789592660e-01,-1.082843122205463082e+00,9.815864137096599329e-01
5.499399999999999977e+01,1.650000000000000000e+03,1.800000000000000000e+03,3.691919607035238915e-01,-1.075389816261263842e+00,9.630516646506154244e-01
5.502600000000000335e+01,1.650000000000000000e+03,1.800000000000000000e+03,3.657269201251580615e-01,-1.072925886913463689e+00,9.723279147268433231e-01
5.505499999999999972e+01,1.650000000000000000e+03,1.800000000000000000e+03,3.657269201251580615e-01,-1.072925886913463689e+00,9.723279147268433231e-01
5.507200000000000273e+01,1.650000000000000000e+03,1.800000000000000000e+03,3.634852274854618592e-01,-1.072060835413449098e+00,9.425540333215914890e-01
5.509300000000000352e+01,1.650000000000000000e+03,1.800000000000000000e+03,3.634852274854618592e-01,-1.072060835413449098e+00,9.425540333215914890e-01
5.510999999999999943e+01,1.650000000000000000e+03,1.800000000000000000e+03,3.574442427108850406e-01,-1.068714057980244103e+00,9.268695998666699465e-01
5.512700000000000244e+01,1.650000000000000000e+03,1.800000000000000000e+03,3.447531555699099304e-01,-1.060423315438738801e+00,9.378748681989697022e-01
5.514399999999999835e+01,1.650000000000000000e+03,1.800000000000000000e+03,3.447531555699099304e-01,-1.060423315438738801e+00,9.378748681989697022e-01
5.516100000000000136e+01,1.650000000000000000e+03,1.800000000000000000e+03,3.447531555699099304e-01,-1.060423315438738801e+00,9.378748681989697022e-01
5.517799999999999727e+01,1.650000000000000000e+03,1.800000000000000000e+03,3.390101537524810027e-01,-1.057072543536666576e+00,9.306710699823842470e-01
5.519500000000000028e+01,1.650000000000000000e+03,1.800000000000000000e+03,3.390101537524810027e-01,-1.057072543536666576e+00,9.306710699823842470e-01
5.521200000000000330e+01,1.650000000000000000e+03,1.800000000000000000e+03,3.358421889639446878e-01,-1.054601933224736943e+00,8.921806020765404854e-01
5.522999999999999687e+01,1.650000000000000000e+03,1.800000000000000000e+03,3.358421889639446878e-01,-1.054601933224736943e+00,8.921806020765404854e-01
5.524699999999999989e+01,1.650000000000000000e+03,1.800000000000000000e+03,3.262857744929545945e-01,-1.047956985846997480e+00,8.791533042698645994e-01
5.526400000000000290e+01,1.650000000000000000e+03,1.800000000000000000e+03,3.262857744929545945e-01,-1.047956985846997480e+00,8.791533042698645994e-01
5.528099999999999881e+01,1.650000000000000000e+03,1.800000000000000000e+03,3.201859155761623832e-01,-1.044574809496114476e+00,8.721000144303219237e-01
5.529800000000000182e+01,1.650000000000000000e+03,1.800000000000000000e+03,3.182496774216789781e-01,-1.043712073888090508e+00,8.487104504390545756e-01
5.531600000000000250e+01,1.650000000000000000e+03,1.800000000000000000e+03,3.182496774216789781e-01,-1.043712073888090508e+00,8.487104504390545756e-01
5.533400000000000318e+01,1.650000000000000000e+03,1.800000000000000000e+03,3.147332716308925971e-01,-1.041213899557765998e+00,8.811410187696346874e-01
5.535099999999999909e+01,1.650000000000000000e+03,1.800000000000000000e+03,3.115413322946538610e-01,-1.038726164649324879e+00,8.819663299526367961e-01
5.536800000000000210e+01,1.650000000000000000e+03,1.800000000000000000e+03,3.115413322946538610e-01,-1.038726164649324879e+00,8.819663299526367961e-01
5.538499999999999801e+01,1.650000000000000000e+03,1.800000000000000000e+03,3.115413322946538610e-01,-1.038726164649324879e+00,8.819663299526367961e-01
5.540299999999999869e+01,1.650000000000000000e+03,1.800000000000000000e+03,2.900374286086779829e-01,-1.022859078726104709e+00,8.215074796581004479e-01
5.542000000000000171e+01,1.650000000000000000e+03,1.800000000000000000e+03,2.848666388560232576e-01,-1.019479434051340228e+00,8.144977888353064355e-01
5.543699999999999761e+01,1.650000000000000000e+03,1.800000000000000000e+03,2.848666388560232576e-01,-1.019479434051340228e+00,8.144977888353064355e-01
5.545499999999999829e+01,1.650000000000000000e+03,1.800000000000000000e+03,2.826082655216748396e-01,-1.017801048664431107e+00,7.898544560426422612e-01
5.547200000000000131e+01,1.650000000000000000e+03,1.800000000000000000e+03,2.826082655216748396e-01,-1.017801048664431107e+00,7.898544560426422612e-01
5.548899999999999721e+01,1.650000000000000000e+03,1.800000000000000000e+03,2.787468285941516744e-01,-1.014467268145682777e+00,7.906058187612831079e-01
5.550600000000000023e+01,1.650000000000000000e+03,1.800000000000000000e+03,2.787468285941516744e-01,-1.014467268145682777e+00,7.906058187612831079e-01
5.552499999999999858e+01,1.650000000000000000e+03,1.800000000000000000e+03,2.764837775931985320e-01,-1.012785221955220916e+00,7.912180560656150163e-01
5.554200000000000159e+01,1.650000000000000000e+03,1.800000000000000000e+03,2.735583237378025334e-01,-1.011075218859315061e+00,7.659404908818968627e-01
5.555899999999999750e+01,1.650000000000000000e+03,1.800000000000000000e+03,2.735583237378025334e-01,-1.011075218859315061e+00,7.659404908818968627e-01
5.557699999999999818e+01,1.650000000000000000e+03,1.800000000000000000e+03,2.671066625692757324e-01,-1.005234254906578251e+00,7.927219312730714451e-01
5.559400000000000119e+01,1.650000000000000000e+03,1.800000000000000000e+03,2.671066625692757324e-01,-1.005234254906578251e+00,7.927219312730714451e-01
5.561099999999999710e+01,1.650000000000000000e+03,1.800000000000000000e+03,2.671066625692757324e-01,-1.005234254906578251e+00,7.927219312730714451e-01
5.562800000000000011e+01,1.650000000000000000e+03,1.800000000000000000e+03,2.564144123611895587e-01,-9.960045135471014000e-01,7.352127965535515397e-01
5.564500000000000313e+01,1.650000000000000000e+03,1.800000000000000000e+03,2.538226481706689075e-01,-9.934943965414513301e-01,7.357914613783911317e-01
5.566199999999999903e+01,1.650000000000000000e+03,1.800000000000000000e+03,2.538226481706689075e-01,-9.934943965414513301e-01,7.357914613783911317e-01
5.567900000000000205e+01,1.650000000000000000e+03,1.800000000000000000e+03,2.512280793757484254e-01,-9.909815603749141388e-01,7.093783734278205078e-01
5.569599999999999795e+01,1.650000000000000000e+03,1.800000000000000000e+03,2.512280793757484254e-01,-9.909815603749141388e-01,7.093783734278205078e-01
5.571300000000000097e+01,1.650000000000000000e+03,1.800000000000000000e+03,2.512280793757484254e-01,-9.909815603749141388e-01,7.093783734278205078e-01
5.573100000000000165e+01,1.650000000000000000e+03,1.800000000000000000e+03,2.466570866520854111e-01,-9.875817300585931768e-01,7.100529425307092746e-01
5.574900000000000233e+01,1.650000000000000000e+03,1.800000000000000000e+03,2.466570866520854111e-01,-9.875817300585931768e-01,7.100529425307092746e-01
5.576500000000000057e+01,1.650000000000000000e+03,1.800000000000000000e+03,2.433906044023872450e-01,-9.850353346324771664e-01,7.033950601766360000e-01
5.578300000000000125e+01,1.650000000000000000e+03,1.800000000000000000e+03,2.398058035058718840e-01,-9.816674710406130266e-01,7.112896124809590104e-01
5.579999999999999716e+01,1.650000000000000000e+03,1.800000000000000000e+03,2.398058035058718840e-01,-9.816674710406130266e-01,7.112896124809590104e-01
5.581799999999999784e+01,1.650000000000000000e+03,1.800000000000000000e+03,2.316376524709649054e-01,-9.740684434842714623e-01,6.853523119008831932e-01
5.583500000000000085e+01,1.650000000000000000e+03,1.800000000000000000e+03,2.293213156960127730e-01,-9.731648852066183686e-01,6.783609302149887776e-01
5.585199999999999676e+01,1.650000000000000000e+03,1.800000000000000000e+03,2.132012012329094208e-01,-9.595255629042340750e-01,6.462573560737252532e-01
5.586899999999999977e+01,1.650000000000000000e+03,1.800000000000000000e+03,2.132012012329094208e-01,-9.595255629042340750e-01,6.462573560737252532e-01
5.588600000000000279e+01,1.650000000000000000e+03,1.800000000000000000e+03,2.132012012329094208e-01,-9.595255629042340750e-01,6.462573560737252532e-01
5.590299999999999869e+01,1.650000000000000000e+03,1.800000000000000000e+03,2.076043190111245273e-01,-9.535943536825315370e-01,6.189312535674194038e-01
5.592000000000000171e+01,1.650000000000000000e+03,1.800000000000000000e+03,2.076043190111245273e-01,-9.535943536825315370e-01,6.189312535674194038e-01
5.593800000000000239e+01,1.650000000000000000e+03,1.800000000000000000e+03,2.076043190111245273e-01,-9.535943536825315370e-01,6.189312535674194038e-01
5.595499999999999829e+01,1.650000000000000000e+03,1.800000000000000000e+03,2.049620326585348540e-01,-9.510378940434534023e-01,6.194249338995756471e-01
5.597200000000000131e+01,1.650000000000000000e+03,1.800000000000000000e+03,1.999817803017143181e-01,-9.475647472398143201e-01,6.200010807776663579e-01
5.598899999999999721e+01,1.650000000000000000e+03,1.800000000000000000e+03,1.966715739905882110e-01,-9.441559024300749670e-01,6.272665567252027063e-01
5.600600000000000023e+01,1.650000000000000000e+03,1.800000000000000000e+03,1.966715739905882110e-01,-9.441559024300749670e-01,6.272665567252027063e-01
5.602300000000000324e+01,1.650000000000000000e+03,1.800000000000000000e+03,1.903726515435786304e-01,-9.373372259579775267e-01,6.282655325345192221e-01
5.603999999999999915e+01,1.650000000000000000e+03,1.800000000000000000e+03,1.903726515435786304e-01,-9.373372259579775267e-01,6.282655325345192221e-01
5.605799999999999983e+01,1.650000000000000000e+03,1.800000000000000000e+03,1.877025337541722294e-01,-9.355839836147636923e-01,5.931656954989009689e-01
5.607500000000000284e+01,1.650000000000000000e+03,1.800000000000000000e+03,1.853666843566417199e-01,-9.338433967594719221e-01,6.221408510792489910e-01
5.609300000000000352e+01,1.650000000000000000e+03,1.800000000000000000e+03,1.853666843566417199e-01,-9.338433967594719221e-01,6.221408510792489910e-01
5.610999999999999943e+01,1.650000000000000000e+03,1.800000000000000000e+03,1.827008712065698592e-01,-9.312651233860158584e-01,6.226354096252734172e-01
5.612599999999999767e+01,1.650000000000000000e+03,1.800000000000000000e+03,1.827008712065698592e-01,-9.312651233860158584e-01,6.226354096252734172e-01
5.614300000000000068e+01,1.650000000000000000e+03,1.800000000000000000e+03,1.800321088636089861e-01,-9.286839968218232322e-01,5.941822775669544088e-01
5.615999999999999659e+01,1.650000000000000000e+03,1.800000000000000000e+03,1.800321088636089861e-01,-9.286839968218232322e-01,5.941822775669544088e-01
5.617799999999999727e+01,1.650000000000000000e+03,1.800000000000000000e+03,1.773677241534261650e-01,-9.252756074125980668e-01,5.946542957016501818e-01
5.619599999999999795e+01,1.650000000000000000e+03,1.800000000000000000e+03,1.689958554840824689e-01,-9.174896034074113693e-01,5.666753517795004580e-01
5.621300000000000097e+01,1.650000000000000000e+03,1.800000000000000000e+03,1.666438515187929070e-01,-9.157353679389292900e-01,5.961431689453731142e-01
5.622999999999999687e+01,1.650000000000000000e+03,1.800000000000000000e+03,1.666438515187929070e-01,-9.157353679389292900e-01,5.961431689453731142e-01
5.624699999999999989e+01,1.650000000000000000e+03,1.800000000000000000e+03,1.639572690604089722e-01,-9.131370030113123981e-01,5.671875762668066034e-01
5.626400000000000290e+01,1.650000000000000000e+03,1.800000000000000000e+03,1.616057993555097827e-01,-9.105499688263787306e-01,5.676361892807507692e-01
5.628199999999999648e+01,1.650000000000000000e+03,1.800000000000000000e+03,1.616057993555097827e-01,-9.105499688263787306e-01,5.676361892807507692e-01
5.629999999999999716e+01,1.650000000000000000e+03,1.800000000000000000e+03,1.616057993555097827e-01,-9.105499688263787306e-01,5.676361892807507692e-01
5.631700000000000017e+01,1.650000000000000000e+03,1.800000000000000000e+03,1.582408889150321851e-01,-9.070866515404514274e-01,5.680849503321661054e-01
5.633400000000000318e+01,1.650000000000000000e+03,1.800000000000000000e+03,1.338653061659791366e-01,-8.793107179125905226e-01,5.176722183141433398e-01
5.635099999999999909e+01,1.650000000000000000e+03,1.800000000000000000e+03,1.338653061659791366e-01,-8.793107179125905226e-01,5.176722183141433398e-01
5.636800000000000210e+01,1.650000000000000000e+03,1.800000000000000000e+03,1.314801104104954543e-01,-8.766862586618637820e-01,4.816115182290408026e-01
5.638499999999999801e+01,1.650000000000000000e+03,1.800000000000000000e+03,1.287503497353947868e-01,-8.732018635345961677e-01,4.819837507657416253e-01
5.640200000000000102e+01,1.650000000000000000e+03,1.800000000000000000e+03,1.287503497353947868e-01,-8.732018635345961677e-01,4.819837507657416253e-01
5.641899999999999693e+01,1.650000000000000000e+03,1.800000000000000000e+03,1.263592104487676337e-01,-8.705706150714664915e-01,4.823559912167461050e-01
5.643599999999999994e+01,1.650000000000000000e+03,1.800000000000000000e+03,1.243067832150426266e-01,-8.679510539111348066e-01,4.519292737729555531e-01
5.645300000000000296e+01,1.650000000000000000e+03,1.800000000000000000e+03,1.243067832150426266e-01,-8.679510539111348066e-01,4.519292737729555531e-01
5.647099999999999653e+01,1.650000000000000000e+03,1.800000000000000000e+03,1.243067832150426266e-01,-8.679510539111348066e-01,4.519292737729555531e-01
5.648899999999999721e+01,1.650000000000000000e+03,1.800000000000000000e+03,1.215666797488252904e-01,-8.644538113648474464e-01,4.522742861673750281e-01
5.650699999999999790e+01,1.650000000000000000e+03,1.800000000000000000e+03,1.215666797488252904e-01,-8.644538113648474464e-01,4.522742861673750281e-01
5.652400000000000091e+01,1.650000000000000000e+03,1.800000000000000000e+03,1.167617528547797434e-01,-8.583212429965270118e-01,4.529348681445812819e-01
5.654099999999999682e+01,1.650000000000000000e+03,1.800000000000000000e+03,1.119482778124165634e-01,-8.530226358750465643e-01,4.226195923317835335e-01
5.655799999999999983e+01,1.650000000000000000e+03,1.800000000000000000e+03,1.102229583328722118e-01,-8.503984559160544521e-01,4.229147911517818215e-01
5.657500000000000284e+01,1.650000000000000000e+03,1.800000000000000000e+03,1.102229583328722118e-01,-8.503984559160544521e-01,4.229147911517818215e-01
5.659300000000000352e+01,1.650000000000000000e+03,1.800000000000000000e+03,1.081528074535822448e-01,-8.477565903246624401e-01,3.874193599826113443e-01
5.660999999999999943e+01,1.650000000000000000e+03,1.800000000000000000e+03,1.053890216613382336e-01,-8.442295459948638836e-01,3.923960594817255676e-01
5.662800000000000011e+01,1.650000000000000000e+03,1.800000000000000000e+03,1.053890216613382336e-01,-8.442295459948638836e-01,3.923960594817255676e-01
5.664500000000000313e+01,1.650000000000000000e+03,1.800000000000000000e+03,1.012471789025530811e-01,-8.406377505507856007e-01,3.266049511582823084e-01
5.666199999999999903e+01,1.650000000000000000e+03,1.800000000000000000e+03,1.012471789025530811e-01,-8.406377505507856007e-01,3.266049511582823084e-01
5.667900000000000205e+01,1.650000000000000000e+03,1.800000000000000000e+03,1.012471789025530811e-01,-8.406377505507856007e-01,3.266049511582823084e-01
5.669599999999999795e+01,1.650000000000000000e+03,1.800000000000000000e+03,9.569011183088371730e-02,-8.327006231601785657e-01,3.623016374180076937e-01
5.671300000000000097e+01,1.650000000000000000e+03,1.800000000000000000e+03,9.569011183088371730e-02,-8.327006231601785657e-01,3.623016374180076937e-01
5.672999999999999687e+01,1.650000000000000000e+03,1.800000000000000000e+03,9.569011183088371730e-02,-8.327006231601785657e-01,3.623016374180076937e-01
5.674799999999999756e+01,1.650000000000000000e+03,1.800000000000000000e+03,8.908037833524651283e-02,-8.246920525211729469e-01,3.628211849028108449e-01
5.676500000000000057e+01,1.650000000000000000e+03,1.800000000000000000e+03,8.768515758188821785e-02,-8.229120632180486616e-01,3.318230776424040962e-01
5.678199999999999648e+01,1.650000000000000000e+03,1.800000000000000000e+03,8.768515758188821785e-02,-8.229120632180486616e-01,3.318230776424040962e-01
5.679899999999999949e+01,1.650000000000000000e+03,1.800000000000000000e+03,8.209383809192249970e-02,-8.157788489729855819e-01,3.364599038132055076e-01
5.681600000000000250e+01,1.650000000000000000e+03,1.800000000000000000e+03,8.209383809192249970e-02,-8.157788489729855819e-01,3.364599038132055076e-01
5.683299999999999841e+01,1.650000000000000000e+03,1.800000000000000000e+03,8.000227866461795401e-02,-8.139619228649679350e-01,3.013084513388489261e-01
5.685000000000000142e+01,1.650000000000000000e+03,1.800000000000000000e+03,8.000227866461795401e-02,-8.139619228649679350e-01,3.013084513388489261e-01
5.686699999999999733e+01,1.650000000000000000e+03,1.800000000000000000e+03,7.789922737958487886e-02,-8.112794314843556620e-01,3.053563817564284300e-01
5.688400000000000034e+01,1.650000000000000000e+03,1.800000000000000000e+03,6.026839773794634425e-02,-7.879356182064700675e-01,2.788218303297855249e-01
5.690100000000000335e+01,1.650000000000000000e+03,1.800000000000000000e+03,6.026839773794634425e-02,-7.879356182064700675e-01,2.788218303297855249e-01
5.691799999999999926e+01,1.650000000000000000e+03,1.800000000000000000e+03,6.026839773794634425e-02,-7.879356182064700675e-01,2.788218303297855249e-01
5.693599999999999994e+01,1.650000000000000000e+03,1.800000000000000000e+03,5.601463226678893292e-02,-7.825091671513519920e-01,2.474466889176973605e-01
5.695300000000000296e+01,1.650000000000000000e+03,1.800000000000000000e+03,5.601463226678893292e-02,-7.825091671513519920e-01,2.474466889176973605e-01
5.696999999999999886e+01,1.650000000000000000e+03,1.800000000000000000e+03,5.138820046525482965e-02,-7.761783614988173596e-01,2.793673598070587349e-01
5.698700000000000188e+01,1.650000000000000000e+03,1.800000000000000000e+03,5.138820046525482965e-02,-7.761783614988173596e-01,2.793673598070587349e-01
5.700399999999999778e+01,1.650000000000000000e+03,1.800000000000000000e+03,5.138820046525482965e-02,-7.761783614988173596e-01,2.793673598070587349e-01
5.702100000000000080e+01,1.650000000000000000e+03,1.800000000000000000e+03,4.923729113878927421e-02,-7.725755531473335047e-01,2.759402757578056642e-01
5.703799999999999670e+01,1.650000000000000000e+03,1.800000000000000000e+03,4.923729113878927421e-02,-7.725755531473335047e-01,2.759402757578056642e-01
5.705499999999999972e+01,1.650000000000000000e+03,1.800000000000000000e+03,4.923729113878927421e-02,-7.725755531473335047e-01,2.759402757578056642e-01
5.707200000000000273e+01,1.650000000000000000e+03,1.800000000000000000e+03,4.063465239017682862e-02,-7.598765457784177890e-01,2.483877078075048539e-01
5.708899999999999864e+01,1.650000000000000000e+03,1.800000000000000000e+03,3.955195837263758563e-02,-7.580637117338304698e-01,2.169300971110024734e-01
5.710699999999999932e+01,1.650000000000000000e+03,1.800000000000000000e+03,3.668381598121239762e-02,-7.544024927333032871e-01,2.170498494209609219e-01
5.712400000000000233e+01,1.650000000000000000e+03,1.800000000000000000e+03,3.668381598121239762e-02,-7.544024927333032871e-01,2.170498494209609219e-01
5.714099999999999824e+01,1.650000000000000000e+03,1.800000000000000000e+03,3.451220976430180443e-02,-7.507673178661122826e-01,2.171902567987658017e-01
5.715800000000000125e+01,1.650000000000000000e+03,1.800000000000000000e+03,3.305670186344622508e-02,-7.480452972551581148e-01,1.859949133226656282e-01
5.717499999999999716e+01,1.650000000000000000e+03,1.800000000000000000e+03,3.089784157378439033e-02,-7.452885610458817034e-01,1.887212149332342659e-01
5.719200000000000017e+01,1.650000000000000000e+03,1.800000000000000000e+03,3.089784157378439033e-02,-7.452885610458817034e-01,1.887212149332342659e-01
5.720900000000000318e+01,1.650000000000000000e+03,1.800000000000000000e+03,2.906896994491869890e-02,-7.416556873792248261e-01,1.888393442829471858e-01
5.722599999999999909e+01,1.650000000000000000e+03,1.800000000000000000e+03,2.688596409548615895e-02,-7.380015248750191326e-01,1.863186304756640210e-01
5.724199999999999733e+01,1.650000000000000000e+03,1.800000000000000000e+03,2.688596409548615895e-02,-7.380015248750191326e-01,1.863186304756640210e-01
5.725900000000000034e+01,1.650000000000000000e+03,1.800000000000000000e+03,2.688596409548615895e-02,-7.380015248750191326e-01,1.863186304756640210e-01
5.727700000000000102e+01,1.650000000000000000e+03,1.800000000000000000e+03,2.106197989090619060e-02,-7.288262215596783555e-01,1.578604952555605345e-01
5.729399999999999693e+01,1.650000000000000000e+03,1.800000000000000000e+03,1.851478463080979964e-02,-7.251368300030747172e-01,1.579261889897176641e-01
5.731099999999999994e+01,1.650000000000000000e+03,1.800000000000000000e+03,1.669000585447477647e-02,-7.223701489512124319e-01,1.893800661011407205e-01
5.732800000000000296e+01,1.650000000000000000e+03,1.800000000000000000e+03,1.556883142636245054e-02,-7.196325545546962132e-01,1.580197227446399622e-01
5.734499999999999886e+01,1.650000000000000000e+03,1.800000000000000000e+03,1.556883142636245054e-02,-7.196325545546962132e-01,1.580197227446399622e-01
5.736200000000000188e+01,1.650000000000000000e+03,1.800000000000000000e+03,3.434158374849616280e-03,-7.001889131738985306e-01,1.293630945073341587e-01
5.737899999999999778e+01,1.650000000000000000e+03,1.800000000000000000e+03,1.567763950002909468e-03,-6.964889079889209356e-01,1.294337251399568511e-01
5.739600000000000080e+01,1.650000000000000000e+03,1.800000000000000000e+03,1.567763950002909468e-03,-6.964889079889209356e-01,1.294337251399568511e-01
5.741299999999999670e+01,1.650000000000000000e+03,1.800000000000000000e+03,1.567763950002909468e-03,-6.964889079889209356e-01,1.294337251399568511e-01
5.742999999999999972e+01,1.650000000000000000e+03,1.800000000000000000e+03,-1.011225836982099224e-03,-6.927506200040114415e-01,1.294725293666592059e-01
5.744700000000000273e+01,1.650000000000000000e+03,1.800000000000000000e+03,-8.111341660830273526e-03,-6.797125554067222630e-01,1.019929014221794827e-01
5.746399999999999864e+01,1.650000000000000000e+03,1.800000000000000000e+03,-8.111341660830273526e-03,-6.797125554067222630e-01,1.019929014221794827e-01
5.748100000000000165e+01,1.650000000000000000e+03,1.800000000000000000e+03,-9.612244649048307110e-03,-6.769109367866570359e-01,7.076837527865874333e-02
5.749799999999999756e+01,1.650000000000000000e+03,1.800000000000000000e+03,-1.147117771383365792e-02,-6.740895895181657771e-01,1.003268818626534276e-01
5.751500000000000057e+01,1.650000000000000000e+03,1.800000000000000000e+03,-1.147117771383365792e-02,-6.740895895181657771e-01,1.003268818626534276e-01
5.753199999999999648e+01,1.650000000000000000e+03,1.800000000000000000e+03,-1.147117771383365792e-02,-6.740895895181657771e-01,1.003268818626534276e-01
5.754899999999999949e+01,1.650000000000000000e+03,1.800000000000000000e+03,-1.335871358597895409e-02,-6.703504591221958187e-01,1.003742372532487881e-01
5.756600000000000250e+01,1.650000000000000000e+03,1.800000000000000000e+03,-1.708798078422013589e-02,-6.646895661083331852e-01,7.080734620594457407e-02
5.758299999999999841e+01,1.650000000000000000e+03,1.800000000000000000e+03,-1.708798078422013589e-02,-6.646895661083331852e-01,7.080734620594457407e-02
5.760000000000000142e+01,1.650000000000000000e+03,1.800000000000000000e+03,-1.708798078422013589e-02,-6.646895661083331852e-01,7.080734620594457407e-02
5.761699999999999733e+01,1.650000000000000000e+03,1.800000000000000000e+03,-1.708798078422013589e-02,-6.646895661083331852e-01,7.080734620594457407e-02
5.763499999999999801e+01,1.650000000000000000e+03,1.800000000000000000e+03,-2.052397484842094499e-02,-6.571940898214228000e-01,7.085602030214384339e-02
5.765200000000000102e+01,1.650000000000000000e+03,1.800000000000000000e+03,-2.165291203297448064e-02,-6.553041396288237230e-01,4.012162016014927945e-02
5.767000000000000171e+01,1.650000000000000000e+03,1.800000000000000000e+03,-2.471531531295534379e-02,-6.487200617112089951e-01,4.012333913415117026e-02
5.768699999999999761e+01,1.650000000000000000e+03,1.800000000000000000e+03,-2.471531531295534379e-02,-6.487200617112089951e-01,4.012333913415117026e-02
5.770499999999999829e+01,1.650000000000000000e+03,1.800000000000000000e+03,-2.772741596514949336e-02,-6.439679757678096195e-01,4.111283747559636020e-02
5.772200000000000131e+01,1.650000000000000000e+03,1.800000000000000000e+03,-2.963877482883114922e-02,-6.401834451745092025e-01,4.111405234594568692e-02
5.773899999999999721e+01,1.650000000000000000e+03,1.800000000000000000e+03,-2.963877482883114922e-02,-6.401834451745092025e-01,4.111405234594568692e-02
5.775699999999999790e+01,1.650000000000000000e+03,1.800000000000000000e+03,-3.191224931437552925e-02,-6.363762400423227383e-01,4.111513940845379356e-02
5.777400000000000091e+01,1.650000000000000000e+03,1.800000000000000000e+03,-3.191224931437552925e-02,-6.363762400423227383e-01,4.111513940845379356e-02
5.779099999999999682e+01,1.650000000000000000e+03,1.800000000000000000e+03,-3.308049669306578622e-02,-6.335424985389432884e-01,1.056822611164026648e-02
5.780799999999999983e+01,1.650000000000000000e+03,1.800000000000000000e+03,-3.499992459473499906e-02,-6.297421952954729285e-01,1.054645700017144486e-02
5.782500000000000284e+01,1.650000000000000000e+03,1.800000000000000000e+03,-3.499992459473499906e-02,-6.297421952954729285e-01,1.054645700017144486e-02
5.784199999999999875e+01,1.650000000000000000e+03,1.800000000000000000e+03,-3.653139610760769429e-02,-6.268839281305877975e-01,1.052452738135819903e-02
5.785900000000000176e+01,1.650000000000000000e+03,1.800000000000000000e+03,-4.746583049557617784e-02,-6.020904967160096710e-01,-4.880455101135724311e-02
5.787599999999999767e+01,1.650000000000000000e+03,1.800000000000000000e+03,-4.746583049557617784e-02,-6.020904967160096710e-01,-4.880455101135724311e-02
5.789300000000000068e+01,1.650000000000000000e+03,1.800000000000000000e+03,-4.746583049557617784e-02,-6.020904967160096710e-01,-4.880455101135724311e-02
5.790999999999999659e+01,1.650000000000000000e+03,1.800000000000000000e+03,-4.904621880649351340e-02,-5.982597906592657111e-01,-4.886983725099862397e-02
5.792699999999999960e+01,1.650000000000000000e+03,1.800000000000000000e+03,-4.904621880649351340e-02,-5.982597906592657111e-01,-4.886983725099862397e-02
5.794400000000000261e+01,1.650000000000000000e+03,1.800000000000000000e+03,-5.099138587676099732e-02,-5.944059292123267113e-01,-4.893534401704723036e-02
5.796200000000000330e+01,1.650000000000000000e+03,1.800000000000000000e+03,-5.287144442232305508e-02,-5.924333199585372078e-01,-7.810763726689404218e-02
5.797899999999999920e+01,1.650000000000000000e+03,1.800000000000000000e+03,-5.337049356580347848e-02,-5.886402388286589016e-01,-7.850166495252298982e-02
5.799600000000000222e+01,1.650000000000000000e+03,1.800000000000000000e+03,-5.771127277740983885e-02,-5.789840922466042983e-01,-7.867409959404625397e-02
5.801400000000000290e+01,1.650000000000000000e+03,1.800000000000000000e+03,-5.771127277740983885e-02,-5.789840922466042983e-01,-7.867409959404625397e-02
5.803099999999999881e+01,1.650000000000000000e+03,1.800000000000000000e+03,-5.771127277740983885e-02,-5.789840922466042983e-01,-7.867409959404625397e-02
5.804899999999999949e+01,1.650000000000000000e+03,1.800000000000000000e+03,-5.771127277740983885e-02,-5.789840922466042983e-01,-7.867409959404625397e-02
5.806600000000000250e+01,1.650000000000000000e+03,1.800000000000000000e+03,-5.927138029309642064e-02,-5.760677983787290124e-01,-7.876068837177634119e-02
5.808299999999999841e+01,1.650000000000000000e+03,1.800000000000000000e+03,-5.927138029309642064e-02,-5.760677983787290124e-01,-7.876068837177634119e-02
5.810000000000000142e+01,1.650000000000000000e+03,1.800000000000000000e+03,-6.170437250954652342e-02,-5.693087493142678923e-01,-1.082437520101000583e-01
5.811699999999999733e+01,1.650000000000000000e+03,1.800000000000000000e+03,-6.170437250954652342e-02,-5.693087493142678923e-01,-1.082437520101000583e-01
5.813400000000000034e+01,1.650000000000000000e+03,1.800000000000000000e+03,-6.170437250954652342e-02,-5.693087493142678923e-01,-1.082437520101000583e-01
5.815100000000000335e+01,1.650000000000000000e+03,1.800000000000000000e+03,-6.330587257759523467e-02,-5.654283117430680683e-01,-1.076854734642778699e-01
5.816799999999999926e+01,1.650000000000000000e+03,1.800000000000000000e+03,-6.330587257759523467e-02,-5.654283117430680683e-01,-1.076854734642778699e-01
5.818500000000000227e+01,1.650000000000000000e+03,1.800000000000000000e+03,-6.812505312128847024e-02,-5.537515065144087423e-01,-1.086393730324121537e-01
5.820199999999999818e+01,1.650000000000000000e+03,1.800000000000000000e+03,-6.812505312128847024e-02,-5.537515065144087423e-01,-1.086393730324121537e-01
5.821900000000000119e+01,1.650000000000000000e+03,1.800000000000000000e+03,-6.812505312128847024e-02,-5.537515065144087423e-01,-1.086393730324121537e-01
5.823599999999999710e+01,1.650000000000000000e+03,1.800000000000000000e+03,-7.135013109473176129e-02,-5.459372556394193055e-01,-1.095043582525048187e-01
5.825300000000000011e+01,1.650000000000000000e+03,1.800000000000000000e+03,-7.135013109473176129e-02,-5.459372556394193055e-01,-1.095043582525048187e-01
5.827000000000000313e+01,1.650000000000000000e+03,1.800000000000000000e+03,-7.135013109473176129e-02,-5.459372556394193055e-01,-1.095043582525048187e-01
5.828699999999999903e+01,1.650000000000000000e+03,1.800000000000000000e+03,-7.252412953230669146e-02,-5.439621057730237297e-01,-1.381308347898399791e-01
5.830499999999999972e+01,1.650000000000000000e+03,1.800000000000000000e+03,-7.377542512118129281e-02,-5.400608892470648570e-01,-1.392337381250387529e-01
5.832200000000000273e+01,1.650000000000000000e+03,1.800000000000000000e+03,-7.539538703910375617e-02,-5.361358198405978825e-01,-1.393610073123309756e-01
5.833899999999999864e+01,1.650000000000000000e+03,1.800000000000000000e+03,-7.539538703910375617e-02,-5.361358198405978825e-01,-1.393610073123309756e-01
5.835600000000000165e+01,1.650000000000000000e+03,1.800000000000000000e+03,-8.729669057717170944e-02,-5.055481601817808368e-01,-1.710322089047131011e-01
5.837299999999999756e+01,1.650000000000000000e+03,1.800000000000000000e+03,-8.729669057717170944e-02,-5.055481601817808368e-01,-1.710322089047131011e-01
5.839000000000000057e+01,1.650000000000000000e+03,1.800000000000000000e+03,-8.939010217733844854e-02,-4.995970703445600236e-01,-1.698236346377723638e-01
5.840699999999999648e+01,1.650000000000000000e+03,1.800000000000000000e+03,-8.939010217733844854e-02,-4.995970703445600236e-01,-1.698236346377723638e-01
5.842399999999999949e+01,1.650000000000000000e+03,1.800000000000000000e+03,-8.939010217733844854e-02,-4.995970703445600236e-01,-1.698236346377723638e-01
5.844100000000000250e+01,1.650000000000000000e+03,1.800000000000000000e+03,-9.099321980804386811e-02,-4.965889179365259309e-01,-1.699711115250230331e-01
5.845900000000000318e+01,1.650000000000000000e+03,1.800000000000000000e+03,-9.268229367552649478e-02,-4.916164827880722399e-01,-1.714514054552301048e-01
5.847699999999999676e+01,1.650000000000000000e+03,1.800000000000000000e+03,-9.391949413099487387e-02,-4.886174069225157623e-01,-1.992957628308483775e-01
5.849399999999999977e+01,1.650000000000000000e+03,1.800000000000000000e+03,-9.391949413099487387e-02,-4.886174069225157623e-01,-1.992957628308483775e-01
5.851100000000000279e+01,1.650000000000000000e+03,1.800000000000000000e+03,-9.938418123491254974e-02,-4.736068499419543443e-01,-2.015876459491567907e-01
5.852799999999999869e+01,1.650000000000000000e+03,1.800000000000000000e+03,-9.988622939941294021e-02,-4.706240193277482220e-01,-2.307422844737755385e-01
5.854500000000000171e+01,1.650000000000000000e+03,1.800000000000000000e+03,-9.988622939941294021e-02,-4.706240193277482220e-01,-2.307422844737755385e-01
5.856199999999999761e+01,1.650000000000000000e+03,1.800000000000000000e+03,-1.020083686874202478e-01,-4.645922933372901298e-01,-2.018998584246251837e-01
5.858899999999999864e+01,1.650000000000000000e+03,1.800000000000000000e+03,-1.020083686874202478e-01,-4.645922933372901298e-01,-2.018998584246251837e-01
5.860799999999999699e+01,1.650000000000000000e+03,1.800000000000000000e+03,-1.020083686874202478e-01,-4.645922933372901298e-01,-2.018998584246251837e-01
5.864600000000000080e+01,1.650000000000000000e+03,1.800000000000000000e+03,-1.020083686874202478e-01,-4.645922933372901298e-01,-2.018998584246251837e-01
5.866299999999999670e+01,1.650000000000000000e+03,1.800000000000000000e+03,-1.020083686874202478e-01,-4.645922933372901298e-01,-2.018998584246251837e-01
5.867999999999999972e+01,1.650000000000000000e+03,1.800000000000000000e+03,-1.020083686874202478e-01,-4.645922933372901298e-01,-2.018998584246251837e-01
5.870600000000000307e+01,1.650000000000000000e+03,1.800000000000000000e+03,-1.036741449116451719e-01,-4.605509386912949310e-01,-2.055143857433795185e-01
5.872299999999999898e+01,1.650000000000000000e+03,1.800000000000000000e+03,-1.068654611318478054e-01,-4.474857840559174349e-01,-2.627169428635416915e-01
5.874000000000000199e+01,1.650000000000000000e+03,1.800000000000000000e+03,-1.084950892177722892e-01,-4.444166455966369611e-01,-2.338164871563387093e-01
5.875800000000000267e+01,1.650000000000000000e+03,1.800000000000000000e+03,-1.084950892177722892e-01,-4.444166455966369611e-01,-2.338164871563387093e-01
5.877499999999999858e+01,1.650000000000000000e+03,1.800000000000000000e+03,-1.084950892177722892e-01,-4.444166455966369611e-01,-2.338164871563387093e-01
5.879200000000000159e+01,1.650000000000000000e+03,1.800000000000000000e+03,-1.082574585826376889e-01,-4.414380395050434558e-01,-2.605959057560330860e-01
5.880899999999999750e+01,1.650000000000000000e+03,1.800000000000000000e+03,-1.091416755125909077e-01,-4.383995147729837782e-01,-2.631044882369416582e-01
5.882600000000000051e+01,1.650000000000000000e+03,1.800000000000000000e+03,-1.091416755125909077e-01,-4.383995147729837782e-01,-2.631044882369416582e-01
5.884300000000000352e+01,1.650000000000000000e+03,1.800000000000000000e+03,-1.162060406139611146e-01,-4.069025881327599237e-01,-3.182639668046770565e-01
5.885999999999999943e+01,1.650000000000000000e+03,1.800000000000000000e+03,-1.162060406139611146e-01,-4.069025881327599237e-01,-3.182639668046770565e-01
5.887800000000000011e+01,1.650000000000000000e+03,1.800000000000000000e+03,-1.171006541652306332e-01,-4.038239716475828800e-01,-3.213656804780410936e-01
5.889500000000000313e+01,1.650000000000000000e+03,1.800000000000000000e+03,-1.179963082491539694e-01,-4.007417655258089795e-01,-3.215929245053398833e-01
5.891199999999999903e+01,1.650000000000000000e+03,1.800000000000000000e+03,-1.189407404854772032e-01,-3.966393673317094581e-01,-3.247611525013349154e-01
5.892999999999999972e+01,1.650000000000000000e+03,1.800000000000000000e+03,-1.189407404854772032e-01,-3.966393673317094581e-01,-3.247611525013349154e-01
5.894700000000000273e+01,1.650000000000000000e+03,1.800000000000000000e+03,-1.194135021071685010e-01,-3.945857844769591338e-01,-3.218201764957623889e-01
5.896399999999999864e+01,1.650000000000000000e+03,1.800000000000000000e+03,-1.212599219386705229e-01,-3.873760553487750613e-01,-3.252199072177802130e-01
5.898100000000000165e+01,1.650000000000000000e+03,1.800000000000000000e+03,-1.212599219386705229e-01,-3.873760553487750613e-01,-3.252199072177802130e-01
5.899900000000000233e+01,1.650000000000000000e+03,1.800000000000000000e+03,-1.210268173645694390e-01,-3.843325726501705120e-01,-3.499413126922407136e-01
5.901599999999999824e+01,1.650000000000000000e+03,1.800000000000000000e+03,-1.236847983741831136e-01,-3.760316927318649860e-01,-3.568987900792557899e-01
5.903300000000000125e+01,1.650000000000000000e+03,1.800000000000000000e+03,-1.236847983741831136e-01,-3.760316927318649860e-01,-3.568987900792557899e-01
5.904999999999999716e+01,1.650000000000000000e+03,1.800000000000000000e+03,-1.236847983741831136e-01,-3.760316927318649860e-01,-3.568987900792557899e-01
5.906600000000000250e+01,1.650000000000000000e+03,1.800000000000000000e+03,-1.233062103658921771e-01,-3.760510726392407577e-01,-3.504255917544082943e-01
5.908299999999999841e+01,1.650000000000000000e+03,1.800000000000000000e+03,-1.246380132174791378e-01,-3.718909169402664361e-01,-3.538726703125487649e-01
5.910099999999999909e+01,1.650000000000000000e+03,1.800000000000000000e+03,-1.248343269662579580e-01,-3.677825907051444077e-01,-3.541208384947263643e-01
5.911800000000000210e+01,1.650000000000000000e+03,1.800000000000000000e+03,-1.257405665388375837e-01,-3.646582488183938153e-01,-3.814723978601904930e-01
5.913600000000000279e+01,1.650000000000000000e+03,1.800000000000000000e+03,-1.257405665388375837e-01,-3.646582488183938153e-01,-3.814723978601904930e-01
5.915299999999999869e+01,1.650000000000000000e+03,1.800000000000000000e+03,-1.263176820559515079e-01,-3.605192645443020538e-01,-3.817365547395977776e-01
5.917000000000000171e+01,1.650000000000000000e+03,1.800000000000000000e+03,-1.282850972696980563e-01,-3.511487798139700800e-01,-3.857804402917480169e-01
5.918699999999999761e+01,1.650000000000000000e+03,1.800000000000000000e+03,-1.282850972696980563e-01,-3.511487798139700800e-01,-3.857804402917480169e-01
5.920400000000000063e+01,1.650000000000000000e+03,1.800000000000000000e+03,-1.301083178844084642e-01,-3.448573096052376386e-01,-3.586378656193340286e-01
5.922099999999999653e+01,1.650000000000000000e+03,1.800000000000000000e+03,-1.301083178844084642e-01,-3.448573096052376386e-01,-3.586378656193340286e-01
5.923799999999999955e+01,1.650000000000000000e+03,1.800000000000000000e+03,-1.302090075444874984e-01,-3.427830696984521808e-01,-3.863002435812202262e-01
5.925500000000000256e+01,1.650000000000000000e+03,1.800000000000000000e+03,-1.311732090283270757e-01,-3.385903903016389549e-01,-3.865681497162533620e-01
5.927300000000000324e+01,1.650000000000000000e+03,1.800000000000000000e+03,-1.311732090283270757e-01,-3.385903903016389549e-01,-3.865681497162533620e-01
5.928999999999999915e+01,1.650000000000000000e+03,1.800000000000000000e+03,-1.325205261881352570e-01,-3.343714088605285184e-01,-3.904299698615280034e-01
5.930700000000000216e+01,1.650000000000000000e+03,1.800000000000000000e+03,-1.326223291262262904e-01,-3.322890474927451265e-01,-3.904299698615280034e-01
5.932399999999999807e+01,1.650000000000000000e+03,1.800000000000000000e+03,-1.326223291262262904e-01,-3.322890474927451265e-01,-3.904299698615280034e-01
5.934199999999999875e+01,1.650000000000000000e+03,1.800000000000000000e+03,-1.326223291262262904e-01,-3.322890474927451265e-01,-3.904299698615280034e-01
5.935900000000000176e+01,1.650000000000000000e+03,1.800000000000000000e+03,-1.364311099776043257e-01,-3.091365749002319419e-01,-4.230098072869581394e-01
5.937599999999999767e+01,1.650000000000000000e+03,1.800000000000000000e+03,-1.374061906982877446e-01,-3.048910488878258107e-01,-4.272850103246919606e-01
5.939399999999999835e+01,1.650000000000000000e+03,1.800000000000000000e+03,-1.374061906982877446e-01,-3.048910488878258107e-01,-4.272850103246919606e-01
5.941100000000000136e+01,1.650000000000000000e+03,1.800000000000000000e+03,-1.375104143621483921e-01,-3.027857642647768799e-01,-4.232988318164894181e-01
5.942799999999999727e+01,1.650000000000000000e+03,1.800000000000000000e+03,-1.375104143621483921e-01,-3.027857642647768799e-01,-4.232988318164894181e-01
5.944400000000000261e+01,1.650000000000000000e+03,1.800000000000000000e+03,-1.380510108547858827e-01,-2.996047475594947329e-01,-4.235882533573102626e-01
5.946200000000000330e+01,1.650000000000000000e+03,1.800000000000000000e+03,-1.378235630918607235e-01,-2.964600475689733727e-01,-4.278935323696537174e-01
5.947899999999999920e+01,1.650000000000000000e+03,1.800000000000000000e+03,-1.378235630918607235e-01,-2.964600475689733727e-01,-4.278935323696537174e-01
5.949600000000000222e+01,1.650000000000000000e+03,1.800000000000000000e+03,-1.385222094205449395e-01,-2.900994220767696419e-01,-4.281857964948402318e-01
5.951299999999999812e+01,1.650000000000000000e+03,1.800000000000000000e+03,-1.385222094205449395e-01,-2.900994220767696419e-01,-4.281857964948402318e-01
5.953000000000000114e+01,1.650000000000000000e+03,1.800000000000000000e+03,-1.402042832281491513e-01,-2.794381903882996454e-01,-4.601742351825425237e-01
5.954699999999999704e+01,1.650000000000000000e+03,1.800000000000000000e+03,-1.402042832281491513e-01,-2.794381903882996454e-01,-4.601742351825425237e-01
5.956499999999999773e+01,1.650000000000000000e+03,1.800000000000000000e+03,-1.395386812570662549e-01,-2.773533559916740998e-01,-4.516765858500716435e-01
5.958200000000000074e+01,1.650000000000000000e+03,1.800000000000000000e+03,-1.396970562023187590e-01,-2.741625062784160960e-01,-4.605169167434557953e-01
5.959899999999999665e+01,1.650000000000000000e+03,1.800000000000000000e+03,-1.402417497633625665e-01,-2.709476876279639512e-01,-4.652086411994609261e-01
5.961599999999999966e+01,1.650000000000000000e+03,1.800000000000000000e+03,-1.402417497633625665e-01,-2.709476876279639512e-01,-4.652086411994609261e-01
5.963300000000000267e+01,1.650000000000000000e+03,1.800000000000000000e+03,-1.400143523242545207e-01,-2.677695375687560997e-01,-4.829080234708467145e-01
5.964999999999999858e+01,1.650000000000000000e+03,1.800000000000000000e+03,-1.405598605755686847e-01,-2.645471464176782916e-01,-4.611355703800422146e-01
5.966700000000000159e+01,1.650000000000000000e+03,1.800000000000000000e+03,-1.402793233878556478e-01,-2.624305544042382365e-01,-4.832275393341643466e-01
5.968399999999999750e+01,1.650000000000000000e+03,1.800000000000000000e+03,-1.402793233878556478e-01,-2.624305544042382365e-01,-4.832275393341643466e-01
5.970100000000000051e+01,1.650000000000000000e+03,1.800000000000000000e+03,-1.401046357163524547e-01,-2.581721117588235970e-01,-4.880804526405985166e-01
5.971800000000000352e+01,1.650000000000000000e+03,1.800000000000000000e+03,-1.413583463842411625e-01,-2.484796315860560156e-01,-4.887254497131021114e-01
5.973599999999999710e+01,1.650000000000000000e+03,1.800000000000000000e+03,-1.413583463842411625e-01,-2.484796315860560156e-01,-4.887254497131021114e-01
5.975300000000000011e+01,1.650000000000000000e+03,1.800000000000000000e+03,-1.412374367916475748e-01,-2.431230912600259586e-01,-5.196978295296030836e-01
5.977000000000000313e+01,1.650000000000000000e+03,1.800000000000000000e+03,-1.412374367916475748e-01,-2.431230912600259586e-01,-5.196978295296030836e-01
5.978799999999999670e+01,1.650000000000000000e+03,1.800000000000000000e+03,-1.417860888378372763e-01,-2.398714244735593581e-01,-4.940036099151305371e-01
5.980499999999999972e+01,1.650000000000000000e+03,1.800000000000000000e+03,-1.419468314962690769e-01,-2.366363408666529722e-01,-5.200338300662987745e-01
5.982200000000000273e+01,1.650000000000000000e+03,1.800000000000000000e+03,-1.419468314962690769e-01,-2.366363408666529722e-01,-5.200338300662987745e-01
5.983899999999999864e+01,1.650000000000000000e+03,1.800000000000000000e+03,-1.419468314962690769e-01,-2.366363408666529722e-01,-5.200338300662987745e-01
5.985600000000000165e+01,1.650000000000000000e+03,1.800000000000000000e+03,-1.421614436008975524e-01,-2.323169341779589558e-01,-5.203702394057271308e-01
5.987299999999999756e+01,1.650000000000000000e+03,1.800000000000000000e+03,-1.426331281646282534e-01,-2.149914703754536305e-01,-5.316460906637647810e-01
5.989000000000000057e+01,1.650000000000000000e+03,1.800000000000000000e+03,-1.424047729198409939e-01,-2.117474839382866847e-01,-5.521166662988161722e-01
5.990699999999999648e+01,1.650000000000000000e+03,1.800000000000000000e+03,-1.424047729198409939e-01,-2.117474839382866847e-01,-5.521166662988161722e-01
5.992499999999999716e+01,1.650000000000000000e+03,1.800000000000000000e+03,-1.432820210517702364e-01,-2.019096926986359009e-01,-5.579927849236933080e-01
5.994200000000000017e+01,1.650000000000000000e+03,1.800000000000000000e+03,-1.427164006351886449e-01,-1.975766864658421440e-01,-5.532269645964436044e-01
5.995900000000000318e+01,1.650000000000000000e+03,1.800000000000000000e+03,-1.427164006351886449e-01,-1.975766864658421440e-01,-5.532269645964436044e-01
5.997599999999999909e+01,1.650000000000000000e+03,1.800000000000000000e+03,-1.427164006351886449e-01,-1.975766864658421440e-01,-5.532269645964436044e-01
5.999300000000000210e+01,1.650000000000000000e+03,1.800000000000000000e+03,-1.429330844281344604e-01,-1.931953369929892972e-01,-5.535778080044828631e-01
6.001100000000000279e+01,1.650000000000000000e+03,1.800000000000000000e+03,-1.429330844281344604e-01,-1.931953369929892972e-01,-5.535778080044828631e-01
6.002799999999999869e+01,1.650000000000000000e+03,1.800000000000000000e+03,-1.435420105832214688e-01,-1.887862288497368368e-01,-5.643313768846893730e-01
6.004599999999999937e+01,1.650000000000000000e+03,1.800000000000000000e+03,-1.432587382429528766e-01,-1.866102308417936229e-01,-5.591124810774319442e-01
6.006300000000000239e+01,1.650000000000000000e+03,1.800000000000000000e+03,-1.432587382429528766e-01,-1.866102308417936229e-01,-5.591124810774319442e-01
6.007999999999999829e+01,1.650000000000000000e+03,1.800000000000000000e+03,-1.432587382429528766e-01,-1.866102308417936229e-01,-5.591124810774319442e-01
6.009799999999999898e+01,1.650000000000000000e+03,1.800000000000000000e+03,-1.442064449804529858e-01,-1.832701239716696406e-01,-5.646864197361992632e-01
6.011500000000000199e+01,1.650000000000000000e+03,1.800000000000000000e+03,-1.444694121197973580e-01,-1.700575265522754620e-01,-5.766379110707439137e-01
6.013199999999999790e+01,1.650000000000000000e+03,1.800000000000000000e+03,-1.442402439245347168e-01,-1.667602002184258581e-01,-5.963013231207578979e-01
6.014900000000000091e+01,1.650000000000000000e+03,1.800000000000000000e+03,-1.442402439245347168e-01,-1.667602002184258581e-01,-5.963013231207578979e-01
6.016599999999999682e+01,1.650000000000000000e+03,1.800000000000000000e+03,-1.442402439245347168e-01,-1.667602002184258581e-01,-5.963013231207578979e-01
6.018299999999999983e+01,1.650000000000000000e+03,1.800000000000000000e+03,-1.444044939864475019e-01,-1.634379757045500980e-01,-5.715680181418231198e-01
6.020000000000000284e+01,1.650000000000000000e+03,1.800000000000000000e+03,-1.432780070148074181e-01,-1.623925812181408190e-01,-5.967406985191802127e-01
6.021699999999999875e+01,1.650000000000000000e+03,1.800000000000000000e+03,-1.434964504066749136e-01,-1.579550684366912705e-01,-5.971070564552788396e-01
6.023400000000000176e+01,1.650000000000000000e+03,1.800000000000000000e+03,-1.434964504066749136e-01,-1.579550684366912705e-01,-5.971070564552788396e-01
6.025099999999999767e+01,1.650000000000000000e+03,1.800000000000000000e+03,-1.429264952459936566e-01,-1.535524883871888235e-01,-6.031134591343970675e-01
6.026800000000000068e+01,1.650000000000000000e+03,1.800000000000000000e+03,-1.429264952459936566e-01,-1.535524883871888235e-01,-6.031134591343970675e-01
6.028499999999999659e+01,1.650000000000000000e+03,1.800000000000000000e+03,-1.430782212882766302e-01,-1.424309876620171167e-01,-6.039268949576754864e-01
6.030299999999999727e+01,1.650000000000000000e+03,1.800000000000000000e+03,-1.430782212882766302e-01,-1.424309876620171167e-01,-6.039268949576754864e-01
6.032000000000000028e+01,1.650000000000000000e+03,1.800000000000000000e+03,-1.436927085632264678e-01,-1.379403273552721743e-01,-6.099710044233790374e-01
6.033700000000000330e+01,1.650000000000000000e+03,1.800000000000000000e+03,-1.423293315393747704e-01,-1.335481939092533210e-01,-6.047423588802306460e-01
6.035499999999999687e+01,1.650000000000000000e+03,1.800000000000000000e+03,-1.423293315393747704e-01,-1.335481939092533210e-01,-6.047423588802306460e-01
6.037299999999999756e+01,1.650000000000000000e+03,1.800000000000000000e+03,-1.423293315393747704e-01,-1.335481939092533210e-01,-6.047423588802306460e-01
6.039000000000000057e+01,1.650000000000000000e+03,1.800000000000000000e+03,-1.423293315393747704e-01,-1.335481939092533210e-01,-6.047423588802306460e-01
6.040699999999999648e+01,1.650000000000000000e+03,1.800000000000000000e+03,-1.418512303420826903e-01,-1.190131040606843271e-01,-6.174832727854846492e-01
6.042399999999999949e+01,1.650000000000000000e+03,1.800000000000000000e+03,-1.412213972877522927e-01,-1.156758763502416798e-01,-6.422019167189892963e-01
6.044200000000000017e+01,1.650000000000000000e+03,1.800000000000000000e+03,-1.412213972877522927e-01,-1.156758763502416798e-01,-6.422019167189892963e-01
6.045900000000000318e+01,1.650000000000000000e+03,1.800000000000000000e+03,-1.412213972877522927e-01,-1.156758763502416798e-01,-6.422019167189892963e-01
6.047599999999999909e+01,1.650000000000000000e+03,1.800000000000000000e+03,-1.401228104097493876e-01,-1.055975074733153107e-01,-6.371488453369936744e-01
6.049300000000000210e+01,1.650000000000000000e+03,1.800000000000000000e+03,-1.398883791875382698e-01,-1.022228462407914762e-01,-6.495298995780780515e-01
6.050999999999999801e+01,1.650000000000000000e+03,1.800000000000000000e+03,-1.395448494060311795e-01,-1.011112826774551721e-01,-6.435194723084568524e-01
6.052700000000000102e+01,1.650000000000000000e+03,1.800000000000000000e+03,-1.395448494060311795e-01,-1.011112826774551721e-01,-6.435194723084568524e-01
6.054500000000000171e+01,1.650000000000000000e+03,1.800000000000000000e+03,-1.393642662901579676e-01,-9.659648200393089468e-02,-6.500024644423151310e-01
6.056199999999999761e+01,1.650000000000000000e+03,1.800000000000000000e+03,-1.378793188188893737e-01,-9.441117563864409590e-02,-6.739247718621683703e-01
6.057900000000000063e+01,1.650000000000000000e+03,1.800000000000000000e+03,-1.378793188188893737e-01,-9.441117563864409590e-02,-6.739247718621683703e-01
6.059599999999999653e+01,1.650000000000000000e+03,1.800000000000000000e+03,-1.378793188188893737e-01,-9.441117563864409590e-02,-6.739247718621683703e-01
6.061399999999999721e+01,1.650000000000000000e+03,1.800000000000000000e+03,-1.383861796890215601e-01,-9.211719327853096217e-02,-6.504756629272518964e-01
6.063000000000000256e+01,1.650000000000000000e+03,1.800000000000000000e+03,-1.373524963211889549e-01,-8.876906136534490344e-02,-6.744097052223665401e-01
6.064699999999999847e+01,1.650000000000000000e+03,1.800000000000000000e+03,-1.373524963211889549e-01,-8.876906136534490344e-02,-6.744097052223665401e-01
6.066499999999999915e+01,1.650000000000000000e+03,1.800000000000000000e+03,-1.352815339800130801e-01,-8.206069656942727164e-02,-6.687912283915788958e-01
6.068299999999999983e+01,1.650000000000000000e+03,1.800000000000000000e+03,-1.346437352437366286e-01,-7.867900286388351816e-02,-6.816936534394377745e-01
6.070000000000000284e+01,1.650000000000000000e+03,1.800000000000000000e+03,-1.336588983986182200e-01,-7.417088276698002858e-02,-6.821833776106120961e-01
6.071699999999999875e+01,1.650000000000000000e+03,1.800000000000000000e+03,-1.336588983986182200e-01,-7.417088276698002858e-02,-6.821833776106120961e-01
6.073400000000000176e+01,1.650000000000000000e+03,1.800000000000000000e+03,-1.336588983986182200e-01,-7.417088276698002858e-02,-6.821833776106120961e-01
6.075200000000000244e+01,1.650000000000000000e+03,1.800000000000000000e+03,-1.326192413927742564e-01,-7.080114438702977964e-02,-7.053009082718144640e-01
6.076899999999999835e+01,1.650000000000000000e+03,1.800000000000000000e+03,-1.327258050689339441e-01,-6.850939518046761378e-02,-6.890016962246899856e-01
6.078600000000000136e+01,1.650000000000000000e+03,1.800000000000000000e+03,-1.327258050689339441e-01,-6.850939518046761378e-02,-6.890016962246899856e-01
6.080299999999999727e+01,1.650000000000000000e+03,1.800000000000000000e+03,-1.316314630390302831e-01,-6.628032503684355703e-02,-7.058014741936059488e-01
6.082000000000000028e+01,1.650000000000000000e+03,1.800000000000000000e+03,-1.313902981434273975e-01,-6.285801827137671438e-02,-6.831646919811730223e-01
6.083700000000000330e+01,1.650000000000000000e+03,1.800000000000000000e+03,-1.307480477414624254e-01,-5.945310535171000055e-02,-7.063026479340961394e-01
6.085399999999999920e+01,1.650000000000000000e+03,1.800000000000000000e+03,-1.271757560430484268e-01,-4.123096901415568283e-02,-7.212229054028024278e-01
6.087100000000000222e+01,1.650000000000000000e+03,1.800000000000000000e+03,-1.262308011017556630e-01,-3.550285452621437798e-02,-7.217321659018273161e-01
6.088799999999999812e+01,1.650000000000000000e+03,1.800000000000000000e+03,-1.262308011017556630e-01,-3.550285452621437798e-02,-7.217321659018273161e-01
6.090599999999999881e+01,1.650000000000000000e+03,1.800000000000000000e+03,-1.259328025351975633e-01,-3.320401975862097288e-02,-7.288643238934753299e-01
6.092300000000000182e+01,1.650000000000000000e+03,1.800000000000000000e+03,-1.259328025351975633e-01,-3.320401975862097288e-02,-7.288643238934753299e-01
6.093999999999999773e+01,1.650000000000000000e+03,1.800000000000000000e+03,-1.259328025351975633e-01,-3.320401975862097288e-02,-7.288643238934753299e-01
6.095700000000000074e+01,1.650000000000000000e+03,1.800000000000000000e+03,-1.256345631290631815e-01,-3.090331877311403019e-02,-7.222420315374973310e-01
6.097399999999999665e+01,1.650000000000000000e+03,1.800000000000000000e+03,-1.256345631290631815e-01,-3.090331877311403019e-02,-7.222420315374973310e-01
6.099199999999999733e+01,1.650000000000000000e+03,1.800000000000000000e+03,-1.250373604027990027e-01,-2.629630929501480807e-02,-7.293772620346379298e-01
6.100900000000000034e+01,1.650000000000000000e+03,1.800000000000000000e+03,-1.250373604027990027e-01,-2.629630929501480807e-02,-7.293772620346379298e-01
6.102600000000000335e+01,1.650000000000000000e+03,1.800000000000000000e+03,-1.240358321243477668e-01,-2.170356829055464232e-02,-7.298908023171993831e-01
6.104299999999999926e+01,1.650000000000000000e+03,1.800000000000000000e+03,-1.240358321243477668e-01,-2.170356829055464232e-02,-7.298908023171993831e-01
6.106000000000000227e+01,1.650000000000000000e+03,1.800000000000000000e+03,-1.228359418913034240e-01,-1.245207740600839941e-02,-7.445195262557965377e-01
6.107600000000000051e+01,1.650000000000000000e+03,1.800000000000000000e+03,-1.213744229726883006e-01,-9.029573955404934793e-03,-7.601240369868251801e-01
6.109400000000000119e+01,1.650000000000000000e+03,1.800000000000000000e+03,-1.213744229726883006e-01,-9.029573955404934793e-03,-7.601240369868251801e-01
6.110999999999999943e+01,1.650000000000000000e+03,1.800000000000000000e+03,-1.213744229726883006e-01,-9.029573955404934793e-03,-7.601240369868251801e-01
6.112800000000000011e+01,1.650000000000000000e+03,1.800000000000000000e+03,-1.210730751021835694e-01,-6.709193564630844264e-03,-7.450396744362545176e-01
6.114500000000000313e+01,1.650000000000000000e+03,1.800000000000000000e+03,-1.207714818254332911e-01,-4.386921429069268186e-03,-7.675348476189750579e-01
6.116299999999999670e+01,1.650000000000000000e+03,1.800000000000000000e+03,-1.190041099604108865e-01,1.372332739383530509e-03,-7.680632715609078121e-01
6.117999999999999972e+01,1.650000000000000000e+03,1.800000000000000000e+03,-1.190041099604108865e-01,1.372332739383530509e-03,-7.680632715609078121e-01
6.119700000000000273e+01,1.650000000000000000e+03,1.800000000000000000e+03,-1.190041099604108865e-01,1.372332739383530509e-03,-7.680632715609078121e-01
6.121399999999999864e+01,1.650000000000000000e+03,1.800000000000000000e+03,-1.190041099604108865e-01,1.372332739383530509e-03,-7.680632715609078121e-01
6.123100000000000165e+01,1.650000000000000000e+03,1.800000000000000000e+03,-1.184491666173568269e-01,7.209045963668891943e-03,-7.829684740520009845e-01
6.124799999999999756e+01,1.650000000000000000e+03,1.800000000000000000e+03,-1.168281362661529599e-01,1.653308612832837809e-02,-7.912739719336002731e-01
6.126500000000000057e+01,1.650000000000000000e+03,1.800000000000000000e+03,-1.168281362661529599e-01,1.653308612832837809e-02,-7.912739719336002731e-01
6.128199999999999648e+01,1.650000000000000000e+03,1.800000000000000000e+03,-1.168281362661529599e-01,1.653308612832837809e-02,-7.912739719336002731e-01
6.129899999999999949e+01,1.650000000000000000e+03,1.800000000000000000e+03,-1.157113582228368465e-01,1.883038247712409685e-02,-7.989002502527798866e-01
6.131700000000000017e+01,1.650000000000000000e+03,1.800000000000000000e+03,-1.157113582228368465e-01,1.883038247712409685e-02,-7.989002502527798866e-01
6.133400000000000318e+01,1.650000000000000000e+03,1.800000000000000000e+03,-1.157113582228368465e-01,1.883038247712409685e-02,-7.989002502527798866e-01
6.135099999999999909e+01,1.650000000000000000e+03,1.800000000000000000e+03,-1.138815977331470997e-01,2.345259275645883434e-02,-8.070578523919826885e-01
6.136800000000000210e+01,1.650000000000000000e+03,1.800000000000000000e+03,-1.085718308026755174e-01,4.212742036774930199e-02,-8.302722411404518388e-01
6.138499999999999801e+01,1.650000000000000000e+03,1.800000000000000000e+03,-1.079038681645387854e-01,4.566053315539519986e-02,-8.232041292402180188e-01
6.140200000000000102e+01,1.650000000000000000e+03,1.800000000000000000e+03,-1.079038681645387854e-01,4.566053315539519986e-02,-8.232041292402180188e-01
6.141899999999999693e+01,1.650000000000000000e+03,1.800000000000000000e+03,-1.063211011696174602e-01,4.676546912067980344e-02,-8.309666029075490901e-01
6.143599999999999994e+01,1.650000000000000000e+03,1.800000000000000000e+03,-1.063211011696174602e-01,4.676546912067980344e-02,-8.309666029075490901e-01
6.145300000000000296e+01,1.650000000000000000e+03,1.800000000000000000e+03,-1.026261669882044814e-01,5.610864113517965990e-02,-8.398075451623316923e-01
6.147099999999999653e+01,1.650000000000000000e+03,1.800000000000000000e+03,-1.026261669882044814e-01,5.610864113517965990e-02,-8.398075451623316923e-01
6.148700000000000188e+01,1.650000000000000000e+03,1.800000000000000000e+03,-1.011831807947931594e-01,6.081388051406477757e-02,-8.403593217713709596e-01
6.150399999999999778e+01,1.650000000000000000e+03,1.800000000000000000e+03,-1.011831807947931594e-01,6.081388051406477757e-02,-8.403593217713709596e-01
6.152199999999999847e+01,1.650000000000000000e+03,1.800000000000000000e+03,-9.964270224078486393e-02,6.312501519157276419e-02,-8.483758071705499448e-01
6.153900000000000148e+01,1.650000000000000000e+03,1.800000000000000000e+03,-9.846289510240335829e-02,6.425910634539988564e-02,-8.610960995369739690e-01
6.155599999999999739e+01,1.650000000000000000e+03,1.800000000000000000e+03,-9.846289510240335829e-02,6.425910634539988564e-02,-8.610960995369739690e-01
6.157300000000000040e+01,1.650000000000000000e+03,1.800000000000000000e+03,-9.819558300310005095e-02,6.784178928059514391e-02,-8.489297197011632656e-01
6.159000000000000341e+01,1.650000000000000000e+03,1.800000000000000000e+03,-9.660512392580589136e-02,6.895555648683426853e-02,-8.616522769401833148e-01
6.160699999999999932e+01,1.650000000000000000e+03,1.800000000000000000e+03,-9.660512392580589136e-02,6.895555648683426853e-02,-8.616522769401833148e-01
6.162500000000000000e+01,1.650000000000000000e+03,1.800000000000000000e+03,-9.660512392580589136e-02,6.895555648683426853e-02,-8.616522769401833148e-01
6.164300000000000068e+01,1.650000000000000000e+03,1.800000000000000000e+03,-9.360793611436069028e-02,7.600355786244428202e-02,-8.781551176005182313e-01
6.165999999999999659e+01,1.650000000000000000e+03,1.800000000000000000e+03,-9.251677727864082712e-02,7.955631835627574588e-02,-8.707595502130038856e-01
6.167699999999999960e+01,1.650000000000000000e+03,1.800000000000000000e+03,-9.251677727864082712e-02,7.955631835627574588e-02,-8.707595502130038856e-01
6.169400000000000261e+01,1.650000000000000000e+03,1.800000000000000000e+03,-9.133234565229386703e-02,8.069702366140862893e-02,-8.867886241323207352e-01
6.171099999999999852e+01,1.650000000000000000e+03,1.800000000000000000e+03,-9.105983073033785402e-02,8.430014835453292221e-02,-8.713185491235714286e-01
6.172800000000000153e+01,1.650000000000000000e+03,1.800000000000000000e+03,-8.950925188069414062e-02,8.663040347597128488e-02,-8.794351495965632148e-01
6.174499999999999744e+01,1.650000000000000000e+03,1.800000000000000000e+03,-8.836821584669385388e-02,8.898487107903374493e-02,-8.798352997770609862e-01
6.176299999999999812e+01,1.650000000000000000e+03,1.800000000000000000e+03,-8.836821584669385388e-02,8.898487107903374493e-02,-8.798352997770609862e-01
6.178099999999999881e+01,1.650000000000000000e+03,1.800000000000000000e+03,-8.718111099089664862e-02,9.012937609089544111e-02,-8.880741241450831325e-01
6.182000000000000028e+01,1.650000000000000000e+03,1.800000000000000000e+03,-8.718111099089664862e-02,9.012937609089544111e-02,-8.880741241450831325e-01
6.185000000000000142e+01,1.650000000000000000e+03,1.800000000000000000e+03,-8.718111099089664862e-02,9.012937609089544111e-02,-8.880741241450831325e-01
6.187800000000000011e+01,1.650000000000000000e+03,1.800000000000000000e+03,-8.718111099089664862e-02,9.012937609089544111e-02,-8.880741241450831325e-01
6.189399999999999835e+01,1.650000000000000000e+03,1.800000000000000000e+03,-8.416176510389217214e-02,9.722957533293374865e-02,-9.001089722980526453e-01
6.191799999999999926e+01,1.650000000000000000e+03,1.800000000000000000e+03,-7.653832284546124853e-02,1.138350752386685372e-01,-9.182991106228626244e-01
6.193500000000000227e+01,1.650000000000000000e+03,1.800000000000000000e+03,-7.653832284546124853e-02,1.138350752386685372e-01,-9.182991106228626244e-01
6.195199999999999818e+01,1.650000000000000000e+03,1.800000000000000000e+03,-7.653832284546124853e-02,1.138350752386685372e-01,-9.182991106228626244e-01
6.196900000000000119e+01,1.650000000000000000e+03,1.800000000000000000e+03,-7.653832284546124853e-02,1.138350752386685372e-01,-9.182991106228626244e-01
6.198700000000000188e+01,1.650000000000000000e+03,1.800000000000000000e+03,-7.653832284546124853e-02,1.138350752386685372e-01,-9.182991106228626244e-01
6.200399999999999778e+01,1.650000000000000000e+03,1.800000000000000000e+03,-7.394933277720960874e-02,1.222411175436644015e-01,-9.167719135185692370e-01
6.202100000000000080e+01,1.650000000000000000e+03,1.800000000000000000e+03,-7.238200728711197129e-02,1.246023706587227053e-01,-9.196051117581699463e-01
6.203799999999999670e+01,1.650000000000000000e+03,1.800000000000000000e+03,-7.122671368962718574e-02,1.269880456239285138e-01,-9.175107218128725206e-01
6.205499999999999972e+01,1.650000000000000000e+03,1.800000000000000000e+03,-7.122671368962718574e-02,1.269880456239285138e-01,-9.175107218128725206e-01
6.207200000000000273e+01,1.650000000000000000e+03,1.800000000000000000e+03,-6.920201133225845069e-02,1.281029434628884189e-01,-9.262640262917465339e-01
6.208899999999999864e+01,1.650000000000000000e+03,1.800000000000000000e+03,-6.845826119128739506e-02,1.305140157410136226e-01,-9.369787429029694525e-01
6.210600000000000165e+01,1.650000000000000000e+03,1.800000000000000000e+03,-6.845826119128739506e-02,1.305140157410136226e-01,-9.369787429029694525e-01
6.212400000000000233e+01,1.650000000000000000e+03,1.800000000000000000e+03,-6.411285008994882517e-02,1.364153348241305963e-01,-9.379023393279498633e-01
6.214099999999999824e+01,1.650000000000000000e+03,1.800000000000000000e+03,-6.220426111309018680e-02,1.412307584812992900e-01,-9.469687712304843963e-01
6.215800000000000125e+01,1.650000000000000000e+03,1.800000000000000000e+03,-6.220426111309018680e-02,1.412307584812992900e-01,-9.469687712304843963e-01
6.217799999999999727e+01,1.650000000000000000e+03,1.800000000000000000e+03,-6.108160184383537583e-02,1.448644682825062091e-01,-9.458731349417268675e-01
6.219400000000000261e+01,1.650000000000000000e+03,1.800000000000000000e+03,-6.108160184383537583e-02,1.448644682825062091e-01,-9.458731349417268675e-01
6.221099999999999852e+01,1.650000000000000000e+03,1.800000000000000000e+03,-5.946351119376558358e-02,1.460090314162361125e-01,-9.392198501960147272e-01
6.222800000000000153e+01,1.650000000000000000e+03,1.800000000000000000e+03,-5.946351119376558358e-02,1.460090314162361125e-01,-9.392198501960147272e-01
6.224499999999999744e+01,1.650000000000000000e+03,1.800000000000000000e+03,-5.871349236296596885e-02,1.484349757306082651e-01,-9.563361730873485289e-01
6.226200000000000045e+01,1.650000000000000000e+03,1.800000000000000000e+03,-5.713317772477521927e-02,1.508177679694506779e-01,-9.482899677851650555e-01
6.227900000000000347e+01,1.650000000000000000e+03,1.800000000000000000e+03,-5.363056511927899450e-02,1.580457813309790183e-01,-9.663992187477307150e-01
6.229599999999999937e+01,1.650000000000000000e+03,1.800000000000000000e+03,-5.155406805338147436e-02,1.579327319051673229e-01,-9.665845645036347245e-01
6.231300000000000239e+01,1.650000000000000000e+03,1.800000000000000000e+03,-5.155406805338147436e-02,1.579327319051673229e-01,-9.665845645036347245e-01
6.232999999999999829e+01,1.650000000000000000e+03,1.800000000000000000e+03,-5.079927416418383856e-02,1.603686081407396102e-01,-9.759897792882310519e-01
6.234700000000000131e+01,1.650000000000000000e+03,1.800000000000000000e+03,-5.079927416418383856e-02,1.603686081407396102e-01,-9.759897792882310519e-01
6.236399999999999721e+01,1.650000000000000000e+03,1.800000000000000000e+03,-5.079927416418383856e-02,1.603686081407396102e-01,-9.759897792882310519e-01
6.238100000000000023e+01,1.650000000000000000e+03,1.800000000000000000e+03,-3.848704476325082169e-02,1.795877989810747977e-01,-9.874763182361524505e-01
6.239800000000000324e+01,1.650000000000000000e+03,1.800000000000000000e+03,-3.685527531246091115e-02,1.807463817220931190e-01,-9.964134705919007740e-01
6.241499999999999915e+01,1.650000000000000000e+03,1.800000000000000000e+03,-3.685527531246091115e-02,1.807463817220931190e-01,-9.964134705919007740e-01
6.243200000000000216e+01,1.650000000000000000e+03,1.800000000000000000e+03,-3.685527531246091115e-02,1.807463817220931190e-01,-9.964134705919007740e-01
6.244899999999999807e+01,1.650000000000000000e+03,1.800000000000000000e+03,-3.685527531246091115e-02,1.807463817220931190e-01,-9.964134705919007740e-01
6.246600000000000108e+01,1.650000000000000000e+03,1.800000000000000000e+03,-3.331010570386849778e-02,1.880489908963669521e-01,-1.015013969640605307e+00
6.248299999999999699e+01,1.650000000000000000e+03,1.800000000000000000e+03,-3.167504036422741365e-02,1.892109805493999986e-01,-1.007159738310166697e+00
6.250099999999999767e+01,1.650000000000000000e+03,1.800000000000000000e+03,-3.167504036422741365e-02,1.892109805493999986e-01,-1.007159738310166697e+00
6.251800000000000068e+01,1.650000000000000000e+03,1.800000000000000000e+03,-2.888728037802845705e-02,1.940686593959100037e-01,-1.007928678059585748e+00
6.253600000000000136e+01,1.650000000000000000e+03,1.800000000000000000e+03,-2.728278326472821647e-02,1.964891219324078619e-01,-1.008321800318915384e+00
6.255299999999999727e+01,1.650000000000000000e+03,1.800000000000000000e+03,-2.728278326472821647e-02,1.964891219324078619e-01,-1.008321800318915384e+00
6.257000000000000028e+01,1.650000000000000000e+03,1.800000000000000000e+03,-2.606215380619802957e-02,1.976773131666771377e-01,-1.025644976726168167e+00
6.258700000000000330e+01,1.650000000000000000e+03,1.800000000000000000e+03,-2.606215380619802957e-02,1.976773131666771377e-01,-1.025644976726168167e+00
6.260499999999999687e+01,1.650000000000000000e+03,1.800000000000000000e+03,-2.448801878589002001e-02,2.013588626747617738e-01,-1.018257093307652905e+00
6.262199999999999989e+01,1.650000000000000000e+03,1.800000000000000000e+03,-2.281550174671265196e-02,2.012676337222432110e-01,-1.018456367753993952e+00
6.263900000000000290e+01,1.650000000000000000e+03,1.800000000000000000e+03,-2.281550174671265196e-02,2.012676337222432110e-01,-1.018456367753993952e+00
6.265699999999999648e+01,1.650000000000000000e+03,1.800000000000000000e+03,-2.281550174671265196e-02,2.012676337222432110e-01,-1.018456367753993952e+00
6.267399999999999949e+01,1.650000000000000000e+03,1.800000000000000000e+03,-1.750428804144021910e-02,2.060084005447269107e-01,-1.028919689840927854e+00
6.269100000000000250e+01,1.650000000000000000e+03,1.800000000000000000e+03,-1.675999271535211221e-02,2.097460929231180771e-01,-1.036805946267111755e+00
6.270799999999999841e+01,1.650000000000000000e+03,1.800000000000000000e+03,-1.424803788053452536e-02,2.096090681924689392e-01,-1.046339025693883595e+00
6.272500000000000142e+01,1.650000000000000000e+03,1.800000000000000000e+03,-1.350122660479957659e-02,2.133513057399429869e-01,-1.029896091799154867e+00
6.274199999999999733e+01,1.650000000000000000e+03,1.800000000000000000e+03,-1.350122660479957659e-02,2.133513057399429869e-01,-1.029896091799154867e+00
6.275999999999999801e+01,1.650000000000000000e+03,1.800000000000000000e+03,-1.185546525857938960e-02,2.145235516647980845e-01,-1.037785522329645715e+00
6.277799999999999869e+01,1.650000000000000000e+03,1.800000000000000000e+03,-9.790028520187288308e-03,2.156734215754152473e-01,-1.047322194309236121e+00
6.279500000000000171e+01,1.650000000000000000e+03,1.800000000000000000e+03,-9.010386343921261698e-03,2.181575725632818319e-01,-1.040291466360792061e+00
6.281199999999999761e+01,1.650000000000000000e+03,1.800000000000000000e+03,-9.010386343921261698e-03,2.181575725632818319e-01,-1.040291466360792061e+00
6.282900000000000063e+01,1.650000000000000000e+03,1.800000000000000000e+03,-9.010386343921261698e-03,2.181575725632818319e-01,-1.040291466360792061e+00
6.284700000000000131e+01,1.650000000000000000e+03,1.800000000000000000e+03,-4.875178413529468457e-03,2.204607014084496441e-01,-1.048306320557515825e+00
6.286399999999999721e+01,1.650000000000000000e+03,1.800000000000000000e+03,-2.806416064357719620e-03,2.216129901472791985e-01,-1.057966249512242829e+00
6.288100000000000023e+01,1.650000000000000000e+03,1.800000000000000000e+03,8.260819258262941389e-03,2.336893774102444254e-01,-1.069730544353643342e+00
6.289800000000000324e+01,1.650000000000000000e+03,1.800000000000000000e+03,8.260819258262941389e-03,2.336893774102444254e-01,-1.069730544353643342e+00
6.291499999999999915e+01,1.650000000000000000e+03,1.800000000000000000e+03,9.470769707111248437e-03,2.361657056087995699e-01,-1.070086693358160090e+00
6.293200000000000216e+01,1.650000000000000000e+03,1.800000000000000000e+03,1.154763455360097169e-02,2.373242931603289918e-01,-1.079988702954659763e+00
6.294899999999999807e+01,1.650000000000000000e+03,1.800000000000000000e+03,1.362528273072305396e-02,2.384833616303119186e-01,-1.080418535171532524e+00
6.296699999999999875e+01,1.650000000000000000e+03,1.800000000000000000e+03,1.439351218869155957e-02,2.422620989920849510e-01,-1.080770499477656799e+00
6.298400000000000176e+01,1.650000000000000000e+03,1.800000000000000000e+03,1.439351218869155957e-02,2.422620989920849510e-01,-1.080770499477656799e+00
6.300099999999999767e+01,1.650000000000000000e+03,1.800000000000000000e+03,1.649722856421131922e-02,2.421471980455329742e-01,-1.080985545290283678e+00
6.301800000000000068e+01,1.650000000000000000e+03,1.800000000000000000e+03,1.813321696516245751e-02,2.446076017288589810e-01,-1.091010413303193483e+00
6.303600000000000136e+01,1.650000000000000000e+03,1.800000000000000000e+03,1.813321696516245751e-02,2.446076017288589810e-01,-1.091010413303193483e+00
6.305299999999999727e+01,1.650000000000000000e+03,1.800000000000000000e+03,1.813321696516245751e-02,2.446076017288589810e-01,-1.091010413303193483e+00
6.307000000000000028e+01,1.650000000000000000e+03,1.800000000000000000e+03,1.979366282152961176e-02,2.457925746886520102e-01,-1.087656738866727313e+00
6.308700000000000330e+01,1.650000000000000000e+03,1.800000000000000000e+03,2.728443905972532946e-02,2.504913103513954908e-01,-1.098381349330920909e+00
6.310499999999999687e+01,1.650000000000000000e+03,1.800000000000000000e+03,2.728443905972532946e-02,2.504913103513954908e-01,-1.098381349330920909e+00
6.312100000000000222e+01,1.650000000000000000e+03,1.800000000000000000e+03,2.806296009940201230e-02,2.542852495084844122e-01,-1.102941872674607859e+00
6.313900000000000290e+01,1.650000000000000000e+03,1.800000000000000000e+03,3.059197811304503745e-02,2.541470526338818203e-01,-1.103162219634409302e+00
6.315599999999999881e+01,1.650000000000000000e+03,1.800000000000000000e+03,3.139372360541381468e-02,2.566635332786875168e-01,-1.108779132195038208e+00
6.317300000000000182e+01,1.650000000000000000e+03,1.800000000000000000e+03,3.139372360541381468e-02,2.566635332786875168e-01,-1.108779132195038208e+00
6.318999999999999773e+01,1.650000000000000000e+03,1.800000000000000000e+03,3.390354943380646802e-02,2.578073050799103427e-01,-1.109222629392763837e+00
6.320700000000000074e+01,1.650000000000000000e+03,1.800000000000000000e+03,3.390354943380646802e-02,2.578073050799103427e-01,-1.109222629392763837e+00
6.322500000000000142e+01,1.650000000000000000e+03,1.800000000000000000e+03,3.643383955220791393e-02,2.576690435160937653e-01,-1.119171330461315117e+00
6.324199999999999733e+01,1.650000000000000000e+03,1.800000000000000000e+03,3.643383955220791393e-02,2.576690435160937653e-01,-1.119171330461315117e+00
6.325900000000000034e+01,1.650000000000000000e+03,1.800000000000000000e+03,3.679719340458031951e-02,2.614951425194833590e-01,-1.114438812071665952e+00
6.327600000000000335e+01,1.650000000000000000e+03,1.800000000000000000e+03,4.220933159301853976e-02,2.663346666355508319e-01,-1.125614261623062884e+00
6.329299999999999926e+01,1.650000000000000000e+03,1.800000000000000000e+03,4.386255632248259317e-02,2.688151735032162648e-01,-1.125947709742040503e+00
6.331000000000000227e+01,1.650000000000000000e+03,1.800000000000000000e+03,4.386255632248259317e-02,2.688151735032162648e-01,-1.125947709742040503e+00
6.332699999999999818e+01,1.650000000000000000e+03,1.800000000000000000e+03,4.511221219449712549e-02,2.700330780888426929e-01,-1.126173374077571676e+00
6.334400000000000119e+01,1.650000000000000000e+03,1.800000000000000000e+03,4.676766571523494065e-02,2.725166512280940978e-01,-1.132057620947340526e+00
6.336099999999999710e+01,1.650000000000000000e+03,1.800000000000000000e+03,5.807484642195648306e-02,2.809239687978957178e-01,-1.149103310455851013e+00
6.337800000000000011e+01,1.650000000000000000e+03,1.800000000000000000e+03,5.807484642195648306e-02,2.809239687978957178e-01,-1.149103310455851013e+00
6.339500000000000313e+01,1.650000000000000000e+03,1.800000000000000000e+03,5.807484642195648306e-02,2.809239687978957178e-01,-1.149103310455851013e+00
6.341199999999999903e+01,1.650000000000000000e+03,1.800000000000000000e+03,5.973869087835792513e-02,2.834165945948043941e-01,-1.155978025497628403e+00
6.342900000000000205e+01,1.650000000000000000e+03,1.800000000000000000e+03,6.185558002749447226e-02,2.833006422339936492e-01,-1.149795937248155653e+00
6.344599999999999795e+01,1.650000000000000000e+03,1.800000000000000000e+03,6.185558002749447226e-02,2.833006422339936492e-01,-1.149795937248155653e+00
6.346300000000000097e+01,1.650000000000000000e+03,1.800000000000000000e+03,6.395877667570148972e-02,2.844781038095476333e-01,-1.156675235557952375e+00
6.348100000000000165e+01,1.650000000000000000e+03,1.800000000000000000e+03,7.109647705322919009e-02,2.905583185223674647e-01,-1.168952333846641656e+00
6.349799999999999756e+01,1.650000000000000000e+03,1.800000000000000000e+03,7.278009038408805864e-02,2.917619044987320720e-01,-1.175962141822766815e+00
6.351500000000000057e+01,1.650000000000000000e+03,1.800000000000000000e+03,7.278009038408805864e-02,2.917619044987320720e-01,-1.175962141822766815e+00
6.353300000000000125e+01,1.650000000000000000e+03,1.800000000000000000e+03,7.489956573440936793e-02,2.916457459660160012e-01,-1.183653019598094547e+00
6.354999999999999716e+01,1.650000000000000000e+03,1.800000000000000000e+03,7.489956573440936793e-02,2.916457459660160012e-01,-1.183653019598094547e+00
6.356700000000000017e+01,1.650000000000000000e+03,1.800000000000000000e+03,7.613838754832480404e-02,2.954686097750229834e-01,-1.173450241187845799e+00
6.358400000000000318e+01,1.650000000000000000e+03,1.800000000000000000e+03,7.613838754832480404e-02,2.954686097750229834e-01,-1.173450241187845799e+00
6.360099999999999909e+01,1.650000000000000000e+03,1.800000000000000000e+03,7.613838754832480404e-02,2.954686097750229834e-01,-1.173450241187845799e+00
6.361800000000000210e+01,1.650000000000000000e+03,1.800000000000000000e+03,7.868321358257368558e-02,2.953290730159592314e-01,-1.184434505891018174e+00
6.363600000000000279e+01,1.650000000000000000e+03,1.800000000000000000e+03,8.627318023518326662e-02,3.014081004892155136e-01,-1.196554215552859013e+00
6.365299999999999869e+01,1.650000000000000000e+03,1.800000000000000000e+03,8.627318023518326662e-02,3.014081004892155136e-01,-1.196554215552859013e+00
6.367000000000000171e+01,1.650000000000000000e+03,1.800000000000000000e+03,9.051033035028877016e-02,3.024762944772820816e-01,-1.197276826337724032e+00
6.368699999999999761e+01,1.650000000000000000e+03,1.800000000000000000e+03,9.051033035028877016e-02,3.024762944772820816e-01,-1.197276826337724032e+00
6.370400000000000063e+01,1.650000000000000000e+03,1.800000000000000000e+03,9.220113549230202210e-02,3.036846985054681980e-01,-1.200041683028983064e+00
6.372099999999999653e+01,1.650000000000000000e+03,1.800000000000000000e+03,9.345357219988215114e-02,3.075227627498096084e-01,-1.208788405597298832e+00
6.373899999999999721e+01,1.650000000000000000e+03,1.800000000000000000e+03,9.345357219988215114e-02,3.075227627498096084e-01,-1.208788405597298832e+00
6.375600000000000023e+01,1.650000000000000000e+03,1.800000000000000000e+03,9.729026611046953654e-02,3.047071644211492014e-01,-1.204489364654653061e+00
6.377400000000000091e+01,1.650000000000000000e+03,1.800000000000000000e+03,9.812121890785907574e-02,3.085698330489403673e-01,-1.211641967560215472e+00
6.379099999999999682e+01,1.650000000000000000e+03,1.800000000000000000e+03,9.938435772839748772e-02,3.111087640061178661e-01,-1.211885771441045367e+00
6.380799999999999983e+01,1.650000000000000000e+03,1.800000000000000000e+03,9.938435772839748772e-02,3.111087640061178661e-01,-1.211885771441045367e+00
6.382500000000000284e+01,1.650000000000000000e+03,1.800000000000000000e+03,1.040606046733481005e-01,3.108519451352567131e-01,-1.212617380946817702e+00
6.384199999999999875e+01,1.650000000000000000e+03,1.800000000000000000e+03,1.053221761977547466e-01,3.146990492877801415e-01,-1.221872093488548305e+00
6.385900000000000176e+01,1.650000000000000000e+03,1.800000000000000000e+03,1.053221761977547466e-01,3.146990492877801415e-01,-1.221872093488548305e+00
6.387599999999999767e+01,1.650000000000000000e+03,1.800000000000000000e+03,1.074448267061824946e-01,3.158889682521870412e-01,-1.213396420041936485e+00
6.389300000000000068e+01,1.650000000000000000e+03,1.800000000000000000e+03,1.193465160152122895e-01,3.230852043749807834e-01,-1.247510727983472734e+00
6.390999999999999659e+01,1.650000000000000000e+03,1.800000000000000000e+03,1.193465160152122895e-01,3.230852043749807834e-01,-1.247510727983472734e+00
6.392799999999999727e+01,1.650000000000000000e+03,1.800000000000000000e+03,1.193465160152122895e-01,3.230852043749807834e-01,-1.247510727983472734e+00
6.394500000000000028e+01,1.650000000000000000e+03,1.800000000000000000e+03,1.244568526022014066e-01,3.228041046609719800e-01,-1.248262465884528050e+00
6.396200000000000330e+01,1.650000000000000000e+03,1.800000000000000000e+03,1.244568526022014066e-01,3.228041046609719800e-01,-1.248262465884528050e+00
6.397899999999999920e+01,1.650000000000000000e+03,1.800000000000000000e+03,1.244568526022014066e-01,3.228041046609719800e-01,-1.248262465884528050e+00
6.399600000000000222e+01,1.650000000000000000e+03,1.800000000000000000e+03,1.253081752046505404e-01,3.253783383893162906e-01,-1.249323839153006599e+00
6.401300000000000523e+01,1.650000000000000000e+03,1.800000000000000000e+03,1.287161959880416262e-01,3.251908184281004921e-01,-1.248159710684785262e+00
6.403000000000000114e+01,1.650000000000000000e+03,1.800000000000000000e+03,1.299958575423136864e-01,3.277435961414552068e-01,-1.249285019290548027e+00
6.404699999999999704e+01,1.650000000000000000e+03,1.800000000000000000e+03,1.325527683333811435e-01,3.276028549727376671e-01,-1.260519780284728331e+00
6.406399999999999295e+01,1.650000000000000000e+03,1.800000000000000000e+03,1.325527683333811435e-01,3.276028549727376671e-01,-1.260519780284728331e+00
6.408100000000000307e+01,1.650000000000000000e+03,1.800000000000000000e+03,1.385265721150734652e-01,3.312127338610935112e-01,-1.261940429667813612e+00
6.409799999999999898e+01,1.650000000000000000e+03,1.800000000000000000e+03,1.406583698985934827e-01,3.310953320797933586e-01,-1.272871285289554066e+00
6.411499999999999488e+01,1.650000000000000000e+03,1.800000000000000000e+03,1.406583698985934827e-01,3.310953320797933586e-01,-1.272871285289554066e+00
6.413200000000000500e+01,1.650000000000000000e+03,1.800000000000000000e+03,1.427937512187278379e-01,3.322916940282008014e-01,-1.262300516444227139e+00
6.414900000000000091e+01,1.650000000000000000e+03,1.800000000000000000e+03,1.427937512187278379e-01,3.322916940282008014e-01,-1.262300516444227139e+00
6.416700000000000159e+01,1.650000000000000000e+03,1.800000000000000000e+03,1.470670560563578366e-01,3.346858133861241313e-01,-1.263059725328846250e+00
6.418399999999999750e+01,1.650000000000000000e+03,1.800000000000000000e+03,1.496264447862289959e-01,3.345447844618876232e-01,-1.274401766789015067e+00
6.420099999999999341e+01,1.650000000000000000e+03,1.800000000000000000e+03,1.496264447862289959e-01,3.345447844618876232e-01,-1.274401766789015067e+00
6.421899999999999409e+01,1.650000000000000000e+03,1.800000000000000000e+03,1.496264447862289959e-01,3.345447844618876232e-01,-1.274401766789015067e+00
6.423499999999999943e+01,1.650000000000000000e+03,1.800000000000000000e+03,1.551905601788012845e-01,3.381863428140894356e-01,-1.275423215266251242e+00
6.425199999999999534e+01,1.650000000000000000e+03,1.800000000000000000e+03,1.551905601788012845e-01,3.381863428140894356e-01,-1.275423215266251242e+00
6.426900000000000546e+01,1.650000000000000000e+03,1.800000000000000000e+03,1.598924527552565422e-01,3.392442066187788541e-01,-1.298385255033971619e+00
6.428700000000000614e+01,1.650000000000000000e+03,1.800000000000000000e+03,1.616154539786065492e-01,3.417850665117612152e-01,-1.287214194240309695e+00
6.430400000000000205e+01,1.650000000000000000e+03,1.800000000000000000e+03,1.616154539786065492e-01,3.417850665117612152e-01,-1.287214194240309695e+00
6.432200000000000273e+01,1.650000000000000000e+03,1.800000000000000000e+03,1.616154539786065492e-01,3.417850665117612152e-01,-1.287214194240309695e+00
6.433799999999999386e+01,1.650000000000000000e+03,1.800000000000000000e+03,1.646044686806444890e-01,3.416201408332080192e-01,-1.299162613532723443e+00
6.435500000000000398e+01,1.650000000000000000e+03,1.800000000000000000e+03,1.659029845886008658e-01,3.441865309958309638e-01,-1.288392558483795858e+00
6.437199999999999989e+01,1.650000000000000000e+03,1.800000000000000000e+03,1.795940897065602115e-01,3.460706598179630333e-01,-1.324298940194278851e+00
6.438899999999999579e+01,1.650000000000000000e+03,1.800000000000000000e+03,1.809242082288355924e-01,3.512837990965769208e-01,-1.313339536367888138e+00
6.440600000000000591e+01,1.650000000000000000e+03,1.800000000000000000e+03,1.809242082288355924e-01,3.512837990965769208e-01,-1.313339536367888138e+00
6.442400000000000659e+01,1.650000000000000000e+03,1.800000000000000000e+03,1.886205552596253998e-01,3.508582536609736735e-01,-1.325838174324459828e+00
6.443999999999999773e+01,1.650000000000000000e+03,1.800000000000000000e+03,1.899172674976368214e-01,3.521095013667956408e-01,-1.326101337897433785e+00
6.445699999999999363e+01,1.650000000000000000e+03,1.800000000000000000e+03,1.924976379529459436e-01,3.532902665525359254e-01,-1.337902907507353412e+00
6.447400000000000375e+01,1.650000000000000000e+03,1.800000000000000000e+03,1.924976379529459436e-01,3.532902665525359254e-01,-1.337902907507353412e+00
6.449099999999999966e+01,1.650000000000000000e+03,1.800000000000000000e+03,1.950637775831993714e-01,3.531482969283352702e-01,-1.326890983451411987e+00
6.450900000000000034e+01,1.650000000000000000e+03,1.800000000000000000e+03,1.967900891078684378e-01,3.543767766669665420e-01,-1.338697738696748685e+00
6.452599999999999625e+01,1.650000000000000000e+03,1.800000000000000000e+03,1.967900891078684378e-01,3.543767766669665420e-01,-1.338697738696748685e+00
6.454200000000000159e+01,1.650000000000000000e+03,1.800000000000000000e+03,2.011172586898577475e-01,3.581125182105564519e-01,-1.339443257431748968e+00
6.456000000000000227e+01,1.650000000000000000e+03,1.800000000000000000e+03,2.011172586898577475e-01,3.581125182105564519e-01,-1.339443257431748968e+00
6.457599999999999341e+01,1.650000000000000000e+03,1.800000000000000000e+03,2.011172586898577475e-01,3.581125182105564519e-01,-1.339443257431748968e+00
6.459399999999999409e+01,1.650000000000000000e+03,1.800000000000000000e+03,2.032572567325028334e-01,3.579939809640242387e-01,-1.351327141643442031e+00
6.461100000000000421e+01,1.650000000000000000e+03,1.800000000000000000e+03,2.032572567325028334e-01,3.579939809640242387e-01,-1.351327141643442031e+00
6.462800000000000011e+01,1.650000000000000000e+03,1.800000000000000000e+03,2.126913778438066505e-01,3.587974159419573539e-01,-1.364364304316017407e+00
6.464499999999999602e+01,1.650000000000000000e+03,1.800000000000000000e+03,2.126913778438066505e-01,3.587974159419573539e-01,-1.364364304316017407e+00
6.466200000000000614e+01,1.650000000000000000e+03,1.800000000000000000e+03,2.126913778438066505e-01,3.587974159419573539e-01,-1.364364304316017407e+00
6.468000000000000682e+01,1.650000000000000000e+03,1.800000000000000000e+03,2.144229249073601462e-01,3.600280516153064880e-01,-1.364632735528590990e+00
6.469700000000000273e+01,1.650000000000000000e+03,1.800000000000000000e+03,2.178475449328105551e-01,3.598382085833531363e-01,-1.365169664744657396e+00
6.471399999999999864e+01,1.650000000000000000e+03,1.800000000000000000e+03,2.178475449328105551e-01,3.598382085833531363e-01,-1.365169664744657396e+00
6.473099999999999454e+01,1.650000000000000000e+03,1.800000000000000000e+03,2.199878227335363423e-01,3.597195560789225866e-01,-1.377221263467336199e+00
6.474800000000000466e+01,1.650000000000000000e+03,1.800000000000000000e+03,2.199878227335363423e-01,3.597195560789225866e-01,-1.377221263467336199e+00
6.476500000000000057e+01,1.650000000000000000e+03,1.800000000000000000e+03,2.243115643526840675e-01,3.621344398293322442e-01,-1.381732927089903473e+00
6.478199999999999648e+01,1.650000000000000000e+03,1.800000000000000000e+03,2.260685857976096891e-01,3.646938221359805610e-01,-1.378220293434778032e+00
6.479900000000000659e+01,1.650000000000000000e+03,1.800000000000000000e+03,2.260685857976096891e-01,3.646938221359805610e-01,-1.378220293434778032e+00
6.481600000000000250e+01,1.650000000000000000e+03,1.800000000000000000e+03,2.260685857976096891e-01,3.646938221359805610e-01,-1.378220293434778032e+00
6.483400000000000318e+01,1.650000000000000000e+03,1.800000000000000000e+03,2.282104324671001550e-01,3.645749220160787729e-01,-1.366979037094668614e+00
6.485099999999999909e+01,1.650000000000000000e+03,1.800000000000000000e+03,2.307805382257668292e-01,3.644322388417151615e-01,-1.379030710789712399e+00
6.486799999999999500e+01,1.650000000000000000e+03,1.800000000000000000e+03,2.505357756032475791e-01,3.659934927340362520e-01,-1.405809380741333658e+00
6.488500000000000512e+01,1.650000000000000000e+03,1.800000000000000000e+03,2.505357756032475791e-01,3.659934927340362520e-01,-1.405809380741333658e+00
6.490200000000000102e+01,1.650000000000000000e+03,1.800000000000000000e+03,2.522492619540663839e-01,3.658982389701712634e-01,-1.406082590551837708e+00
6.492000000000000171e+01,1.650000000000000000e+03,1.800000000000000000e+03,2.531622288381403241e-01,3.685081068999505050e-01,-1.401927427431487683e+00
6.493800000000000239e+01,1.650000000000000000e+03,1.800000000000000000e+03,2.561907862732428764e-01,3.696707598775281767e-01,-1.413736344555381885e+00
6.495399999999999352e+01,1.650000000000000000e+03,1.800000000000000000e+03,2.561907862732428764e-01,3.696707598775281767e-01,-1.413736344555381885e+00
6.497100000000000364e+01,1.650000000000000000e+03,1.800000000000000000e+03,2.579052372342467425e-01,3.695753464512598896e-01,-1.414010387304741823e+00
6.498900000000000432e+01,1.650000000000000000e+03,1.800000000000000000e+03,2.579052372342467425e-01,3.695753464512598896e-01,-1.414010387304741823e+00
6.500700000000000500e+01,1.650000000000000000e+03,1.800000000000000000e+03,2.605065811140523380e-01,3.707622057273018967e-01,-1.419343281534272361e+00
6.502400000000000091e+01,1.650000000000000000e+03,1.800000000000000000e+03,2.605065811140523380e-01,3.707622057273018967e-01,-1.419343281534272361e+00
6.504099999999999682e+01,1.650000000000000000e+03,1.800000000000000000e+03,2.626499472787153788e-01,3.706428628321836172e-01,-1.419617889015569734e+00
6.505800000000000693e+01,1.650000000000000000e+03,1.800000000000000000e+03,2.695717239948276500e-01,3.729221126880322146e-01,-1.432780585511565619e+00
6.507500000000000284e+01,1.650000000000000000e+03,1.800000000000000000e+03,2.725732641658096256e-01,3.727548108100231516e-01,-1.433332417183829310e+00
6.509199999999999875e+01,1.650000000000000000e+03,1.800000000000000000e+03,2.725732641658096256e-01,3.727548108100231516e-01,-1.433332417183829310e+00
6.510899999999999466e+01,1.650000000000000000e+03,1.800000000000000000e+03,2.747171251227531474e-01,3.726352986431553660e-01,-1.433608355537456136e+00
6.512600000000000477e+01,1.650000000000000000e+03,1.800000000000000000e+03,2.772896525751520347e-01,3.724918716547369613e-01,-1.446010284542927460e+00
6.514300000000000068e+01,1.650000000000000000e+03,1.800000000000000000e+03,2.772896525751520347e-01,3.724918716547369613e-01,-1.446010284542927460e+00
6.515999999999999659e+01,1.650000000000000000e+03,1.800000000000000000e+03,2.772896525751520347e-01,3.724918716547369613e-01,-1.446010284542927460e+00
6.517700000000000671e+01,1.650000000000000000e+03,1.800000000000000000e+03,2.798620649692553641e-01,3.723484306609190497e-01,-1.434436260401620533e+00
6.519400000000000261e+01,1.650000000000000000e+03,1.800000000000000000e+03,2.820401957875795507e-01,3.735599991053089042e-01,-1.446841655998709175e+00
6.521200000000000330e+01,1.650000000000000000e+03,1.800000000000000000e+03,2.820401957875795507e-01,3.735599991053089042e-01,-1.446841655998709175e+00
6.522899999999999920e+01,1.650000000000000000e+03,1.800000000000000000e+03,2.837553882812600126e-01,3.734643062955029791e-01,-1.447118806629341226e+00
6.524699999999999989e+01,1.650000000000000000e+03,1.800000000000000000e+03,2.945114936608372869e-01,3.741974030932277984e-01,-1.460972425989006895e+00
6.526399999999999579e+01,1.650000000000000000e+03,1.800000000000000000e+03,2.962266972080564997e-01,3.741016083116539548e-01,-1.461250724240870769e+00
6.528000000000000114e+01,1.650000000000000000e+03,1.800000000000000000e+03,2.988376746691263630e-01,3.752896952535715869e-01,-1.473771243778222440e+00
6.529800000000000182e+01,1.650000000000000000e+03,1.800000000000000000e+03,2.988376746691263630e-01,3.752896952535715869e-01,-1.473771243778222440e+00
6.533700000000000330e+01,1.650000000000000000e+03,1.800000000000000000e+03,2.988376746691263630e-01,3.752896952535715869e-01,-1.473771243778222440e+00
6.537999999999999545e+01,1.650000000000000000e+03,1.800000000000000000e+03,2.988376746691263630e-01,3.752896952535715869e-01,-1.473771243778222440e+00
6.539700000000000557e+01,1.650000000000000000e+03,1.800000000000000000e+03,2.988376746691263630e-01,3.752896952535715869e-01,-1.473771243778222440e+00
6.541400000000000148e+01,1.650000000000000000e+03,1.800000000000000000e+03,3.009819869354699584e-01,3.751698638509273209e-01,-1.474050542537570951e+00
6.543099999999999739e+01,1.650000000000000000e+03,1.800000000000000000e+03,3.009819869354699584e-01,3.751698638509273209e-01,-1.474050542537570951e+00
6.544899999999999807e+01,1.650000000000000000e+03,1.800000000000000000e+03,3.212643780255033388e-01,3.780397156602113284e-01,-1.497419155237755151e+00
6.546699999999999875e+01,1.650000000000000000e+03,1.800000000000000000e+03,3.212643780255033388e-01,3.780397156602113284e-01,-1.497419155237755151e+00
6.548399999999999466e+01,1.650000000000000000e+03,1.800000000000000000e+03,3.212643780255033388e-01,3.780397156602113284e-01,-1.497419155237755151e+00
6.550199999999999534e+01,1.650000000000000000e+03,1.800000000000000000e+03,3.234092987036536471e-01,3.779195504522725457e-01,-1.510551333145966568e+00
6.551900000000000546e+01,1.650000000000000000e+03,1.800000000000000000e+03,3.255541419751959431e-01,3.777993694393817492e-01,-1.510832944262149535e+00
6.553700000000000614e+01,1.650000000000000000e+03,1.800000000000000000e+03,3.358483155372644635e-01,3.772222724303606611e-01,-1.512522717307600573e+00
6.555400000000000205e+01,1.650000000000000000e+03,1.800000000000000000e+03,3.358483155372644635e-01,3.772222724303606611e-01,-1.512522717307600573e+00
6.557099999999999795e+01,1.650000000000000000e+03,1.800000000000000000e+03,3.358483155372644635e-01,3.772222724303606611e-01,-1.512522717307600573e+00
6.558799999999999386e+01,1.650000000000000000e+03,1.800000000000000000e+03,3.384215819973466211e-01,3.770779370364341077e-01,-1.525699838003667930e+00
6.560500000000000398e+01,1.650000000000000000e+03,1.800000000000000000e+03,3.405658863517693202e-01,3.769576382149928406e-01,-1.525982167792463873e+00
6.562199999999999989e+01,1.650000000000000000e+03,1.800000000000000000e+03,3.431870436838244665e-01,3.781460975285240167e-01,-1.526546836433089860e+00
6.563899999999999579e+01,1.650000000000000000e+03,1.800000000000000000e+03,3.461407194640291340e-01,3.766447772052607945e-01,-1.539760803874423489e+00
6.565699999999999648e+01,1.650000000000000000e+03,1.800000000000000000e+03,3.461407194640291340e-01,3.766447772052607945e-01,-1.539760803874423489e+00
6.567400000000000659e+01,1.650000000000000000e+03,1.800000000000000000e+03,3.479542392175065668e-01,3.792144778065562605e-01,-1.540043729131288952e+00
6.569100000000000250e+01,1.650000000000000000e+03,1.800000000000000000e+03,3.479542392175065668e-01,3.792144778065562605e-01,-1.540043729131288952e+00
6.570799999999999841e+01,1.650000000000000000e+03,1.800000000000000000e+03,3.526729490070974471e-01,3.789493450491958626e-01,-1.540892511141903176e+00
6.572499999999999432e+01,1.650000000000000000e+03,1.800000000000000000e+03,3.526729490070974471e-01,3.789493450491958626e-01,-1.540892511141903176e+00
6.574200000000000443e+01,1.650000000000000000e+03,1.800000000000000000e+03,3.526729490070974471e-01,3.789493450491958626e-01,-1.540892511141903176e+00
6.575900000000000034e+01,1.650000000000000000e+03,1.800000000000000000e+03,3.603936792184276872e-01,3.785152896857857385e-01,-1.554989010887266376e+00
6.577599999999999625e+01,1.650000000000000000e+03,1.800000000000000000e+03,3.625381518110744050e-01,3.783946730801019953e-01,-1.555272423251552016e+00
6.579399999999999693e+01,1.650000000000000000e+03,1.800000000000000000e+03,3.646825486014542150e-01,3.782740361857932498e-01,-1.568545648587603925e+00
6.581100000000000705e+01,1.650000000000000000e+03,1.800000000000000000e+03,3.676845769069485570e-01,3.781051100143377752e-01,-1.556122653349916618e+00
6.582800000000000296e+01,1.650000000000000000e+03,1.800000000000000000e+03,3.676845769069485570e-01,3.781051100143377752e-01,-1.556122653349916618e+00
6.584499999999999886e+01,1.650000000000000000e+03,1.800000000000000000e+03,3.676845769069485570e-01,3.781051100143377752e-01,-1.556122653349916618e+00
6.586199999999999477e+01,1.650000000000000000e+03,1.800000000000000000e+03,3.702576260515626494e-01,3.779602836757041118e-01,-1.569397027238721432e+00
6.587900000000000489e+01,1.650000000000000000e+03,1.800000000000000000e+03,3.925528418614203652e-01,3.767038086421923282e-01,-1.598816037720405703e+00
6.589600000000000080e+01,1.650000000000000000e+03,1.800000000000000000e+03,3.950652924627016116e-01,3.752267593809897051e-01,-1.599384409569958310e+00
6.591400000000000148e+01,1.650000000000000000e+03,1.800000000000000000e+03,3.950652924627016116e-01,3.752267593809897051e-01,-1.599384409569958310e+00
6.593099999999999739e+01,1.650000000000000000e+03,1.800000000000000000e+03,3.976967392870478513e-01,3.764135030552493433e-01,-1.599668584055152110e+00
6.594799999999999329e+01,1.650000000000000000e+03,1.800000000000000000e+03,4.057784522521332704e-01,3.746219701687714121e-01,-1.601089339647379983e+00
6.596399999999999864e+01,1.650000000000000000e+03,1.800000000000000000e+03,4.057784522521332704e-01,3.746219701687714121e-01,-1.601089339647379983e+00
6.598199999999999932e+01,1.650000000000000000e+03,1.800000000000000000e+03,4.079832434663026586e-01,3.758324773977630429e-01,-1.601373466974023607e+00
6.599899999999999523e+01,1.650000000000000000e+03,1.800000000000000000e+03,4.134271942516880571e-01,3.728553474961406877e-01,-1.615763612506668556e+00
6.601600000000000534e+01,1.650000000000000000e+03,1.800000000000000000e+03,4.156969949274180731e-01,3.753963346931392664e-01,-1.615559340623307305e+00
6.603300000000000125e+01,1.650000000000000000e+03,1.800000000000000000e+03,4.156969949274180731e-01,3.753963346931392664e-01,-1.615559340623307305e+00
6.604999999999999716e+01,1.650000000000000000e+03,1.800000000000000000e+03,4.156969949274180731e-01,3.753963346931392664e-01,-1.615559340623307305e+00
6.606799999999999784e+01,1.650000000000000000e+03,1.800000000000000000e+03,4.185670755307666635e-01,3.725647650171470815e-01,-1.642490518082941886e+00
6.608499999999999375e+01,1.650000000000000000e+03,1.800000000000000000e+03,4.203453618986474627e-01,3.737984665423716990e-01,-1.616411746023940221e+00
6.610200000000000387e+01,1.650000000000000000e+03,1.800000000000000000e+03,4.203453618986474627e-01,3.737984665423716990e-01,-1.616411746023940221e+00
6.611899999999999977e+01,1.650000000000000000e+03,1.800000000000000000e+03,4.237723709397196448e-01,3.736045293326162309e-01,-1.643342376357352697e+00
6.613500000000000512e+01,1.650000000000000000e+03,1.800000000000000000e+03,4.263425031509409102e-01,3.734590325081281748e-01,-1.643626300667281548e+00
6.615300000000000580e+01,1.650000000000000000e+03,1.800000000000000000e+03,4.288455567024935799e-01,3.719831532925841344e-01,-1.643658775170100617e+00
6.617000000000000171e+01,1.650000000000000000e+03,1.800000000000000000e+03,4.288455567024935799e-01,3.719831532925841344e-01,-1.643658775170100617e+00
6.618800000000000239e+01,1.650000000000000000e+03,1.800000000000000000e+03,4.365532982936481954e-01,3.715465436150342526e-01,-1.657850853945048497e+00
6.620399999999999352e+01,1.650000000000000000e+03,1.800000000000000000e+03,4.404068098324702696e-01,3.713281069749596597e-01,-1.658418023862381130e+00
6.622199999999999420e+01,1.650000000000000000e+03,1.800000000000000000e+03,4.404068098324702696e-01,3.713281069749596597e-01,-1.658418023862381130e+00
6.623900000000000432e+01,1.650000000000000000e+03,1.800000000000000000e+03,4.404068098324702696e-01,3.713281069749596597e-01,-1.658418023862381130e+00
6.625600000000000023e+01,1.650000000000000000e+03,1.800000000000000000e+03,4.430457639762641620e-01,3.725123632431177612e-01,-1.658985127088087985e+00
6.627299999999999613e+01,1.650000000000000000e+03,1.800000000000000000e+03,4.451868823521880625e-01,3.723908749865527668e-01,-1.659268653515580283e+00
6.629000000000000625e+01,1.650000000000000000e+03,1.800000000000000000e+03,4.489693122829065963e-01,3.708423713457875692e-01,-1.659835655649245512e+00
6.630899999999999750e+01,1.650000000000000000e+03,1.800000000000000000e+03,4.503252651730533795e-01,3.720991889171632039e-01,-1.660119131215682442e+00
6.632599999999999341e+01,1.650000000000000000e+03,1.800000000000000000e+03,4.503252651730533795e-01,3.720991889171632039e-01,-1.660119131215682442e+00
6.634399999999999409e+01,1.650000000000000000e+03,1.800000000000000000e+03,4.503252651730533795e-01,3.720991889171632039e-01,-1.660119131215682442e+00
6.635999999999999943e+01,1.650000000000000000e+03,1.800000000000000000e+03,4.690107663915388247e-01,3.683705125572851458e-01,-1.689054818480117959e+00
6.637699999999999534e+01,1.650000000000000000e+03,1.800000000000000000e+03,nan,nan,nan
6.639400000000000546e+01,1.650000000000000000e+03,1.800000000000000000e+03,nan,nan,nan
6.641100000000000136e+01,1.650000000000000000e+03,1.800000000000000000e+03,4.732125631427959167e-01,3.667991728555843878e-01,-1.702632256660536525e+00
6.642900000000000205e+01,1.650000000000000000e+03,1.800000000000000000e+03,4.732125631427959167e-01,3.667991728555843878e-01,-1.702632256660536525e+00
6.644599999999999795e+01,1.650000000000000000e+03,1.800000000000000000e+03,4.754283818983298104e-01,3.680052804168782998e-01,-1.702914132327524754e+00
6.646399999999999864e+01,1.650000000000000000e+03,1.800000000000000000e+03,4.754283818983298104e-01,3.680052804168782998e-01,-1.702914132327524754e+00
6.648099999999999454e+01,1.650000000000000000e+03,1.800000000000000000e+03,4.816097488088275647e-01,3.636586180941829838e-01,-1.706744953377867802e+00
6.649699999999999989e+01,1.650000000000000000e+03,1.800000000000000000e+03,4.841746561223470025e-01,3.635125664050251615e-01,-1.720543822199563921e+00
6.651399999999999579e+01,1.650000000000000000e+03,1.800000000000000000e+03,4.887966614760665962e-01,3.619190035969284125e-01,-1.718209457500849524e+00
6.653100000000000591e+01,1.650000000000000000e+03,1.800000000000000000e+03,4.887966614760665962e-01,3.619190035969284125e-01,-1.718209457500849524e+00
6.654999999999999716e+01,1.650000000000000000e+03,1.800000000000000000e+03,4.917880378078405279e-01,3.617485467022474310e-01,-1.718490464537272944e+00
6.656600000000000250e+01,1.650000000000000000e+03,1.800000000000000000e+03,4.946979456136484377e-01,3.602530939714849723e-01,-1.735780985498617923e+00
6.658400000000000318e+01,1.650000000000000000e+03,1.800000000000000000e+03,4.976883789917239120e-01,3.600826024112224744e-01,-1.749510313242552462e+00
6.660099999999999909e+01,1.650000000000000000e+03,1.800000000000000000e+03,4.976883789917239120e-01,3.600826024112224744e-01,-1.749510313242552462e+00
6.661799999999999500e+01,1.650000000000000000e+03,1.800000000000000000e+03,4.998243148656194013e-01,3.599607848652137676e-01,-1.736620752404084422e+00
6.663500000000000512e+01,1.650000000000000000e+03,1.800000000000000000e+03,5.023873411387660415e-01,3.598145619532546746e-01,-1.736900617311394335e+00
6.665300000000000580e+01,1.650000000000000000e+03,1.800000000000000000e+03,5.052101892600417976e-01,3.569963946824286083e-01,-1.755567021453716237e+00
6.667000000000000171e+01,1.650000000000000000e+03,1.800000000000000000e+03,5.076877530378838266e-01,3.555274019146361653e-01,-1.751268429044902097e+00
6.668699999999999761e+01,1.650000000000000000e+03,1.800000000000000000e+03,5.098219345669772196e-01,3.554056196002193246e-01,-1.751547267599477875e+00
6.670399999999999352e+01,1.650000000000000000e+03,1.800000000000000000e+03,5.098219345669772196e-01,3.554056196002193246e-01,-1.751547267599477875e+00
6.672100000000000364e+01,1.650000000000000000e+03,1.800000000000000000e+03,5.179311566151256763e-01,3.549425513519031128e-01,-1.752940994420884468e+00
6.673799999999999955e+01,1.650000000000000000e+03,1.800000000000000000e+03,5.208315301355102012e-01,3.534499705332274644e-01,-1.785760074655832419e+00
6.675499999999999545e+01,1.650000000000000000e+03,1.800000000000000000e+03,5.254366522399980255e-01,3.518605528998079990e-01,-1.793941578640323442e+00
6.677299999999999613e+01,1.650000000000000000e+03,1.800000000000000000e+03,5.254366522399980255e-01,3.518605528998079990e-01,-1.793941578640323442e+00
6.679000000000000625e+01,1.650000000000000000e+03,1.800000000000000000e+03,5.254366522399980255e-01,3.518605528998079990e-01,-1.793941578640323442e+00
6.680700000000000216e+01,1.650000000000000000e+03,1.800000000000000000e+03,5.283337506417602469e-01,3.503693534532636988e-01,-1.794492026165079412e+00
6.682399999999999807e+01,1.650000000000000000e+03,1.800000000000000000e+03,5.316557458712947160e-01,3.488544595676357218e-01,-1.781740202970616416e+00
6.684099999999999397e+01,1.650000000000000000e+03,1.800000000000000000e+03,5.316557458712947160e-01,3.488544595676357218e-01,-1.781740202970616416e+00
6.685800000000000409e+01,1.650000000000000000e+03,1.800000000000000000e+03,5.333609368349581104e-01,3.487569373922143612e-01,-1.782016494248582550e+00
6.687600000000000477e+01,1.650000000000000000e+03,1.800000000000000000e+03,5.463896379286887761e-01,3.453633750940356961e-01,-1.810600950710809398e+00
6.689300000000000068e+01,1.650000000000000000e+03,1.800000000000000000e+03,5.463896379286887761e-01,3.453633750940356961e-01,-1.810600950710809398e+00
6.690999999999999659e+01,1.650000000000000000e+03,1.800000000000000000e+03,5.463896379286887761e-01,3.453633750940356961e-01,-1.810600950710809398e+00
6.692700000000000671e+01,1.650000000000000000e+03,1.800000000000000000e+03,5.538693137233974273e-01,3.422896519503568769e-01,-1.832277297192250520e+00
6.694499999999999318e+01,1.650000000000000000e+03,1.800000000000000000e+03,5.564239187101385209e-01,3.421432283601557600e-01,-1.819115699178521117e+00
6.696200000000000330e+01,1.650000000000000000e+03,1.800000000000000000e+03,5.589784181316708178e-01,3.419967548682514291e-01,-1.833090590976815148e+00
6.697899999999999920e+01,1.650000000000000000e+03,1.800000000000000000e+03,5.589784181316708178e-01,3.419967548682514291e-01,-1.833090590976815148e+00
6.699599999999999511e+01,1.650000000000000000e+03,1.800000000000000000e+03,5.610115133543738253e-01,3.405585743582486558e-01,-1.826091557779200958e+00
6.701300000000000523e+01,1.650000000000000000e+03,1.800000000000000000e+03,5.644164882647468851e-01,3.403632430141163567e-01,-1.826635059478296741e+00
6.703000000000000114e+01,1.650000000000000000e+03,1.800000000000000000e+03,5.644164882647468851e-01,3.403632430141163567e-01,-1.826635059478296741e+00
6.704699999999999704e+01,1.650000000000000000e+03,1.800000000000000000e+03,5.668732668551033083e-01,3.389013495890980110e-01,-1.847945183933545010e+00
6.706499999999999773e+01,1.650000000000000000e+03,1.800000000000000000e+03,5.668732668551033083e-01,3.389013495890980110e-01,-1.847945183933545010e+00
6.708199999999999363e+01,1.650000000000000000e+03,1.800000000000000000e+03,5.668732668551033083e-01,3.389013495890980110e-01,-1.847945183933545010e+00
6.709900000000000375e+01,1.650000000000000000e+03,1.800000000000000000e+03,5.723065245837173354e-01,3.372691939355254576e-01,-1.848752793532717043e+00
6.711700000000000443e+01,1.650000000000000000e+03,1.800000000000000000e+03,5.723065245837173354e-01,3.372691939355254576e-01,-1.848752793532717043e+00
6.713400000000000034e+01,1.650000000000000000e+03,1.800000000000000000e+03,5.792389407070384078e-01,3.329140217396115986e-01,-1.863525825832056615e+00
6.715000000000000568e+01,1.650000000000000000e+03,1.800000000000000000e+03,5.792389407070384078e-01,3.329140217396115986e-01,-1.863525825832056615e+00
6.716800000000000637e+01,1.650000000000000000e+03,1.800000000000000000e+03,5.822141568002896506e-01,3.327431156080224994e-01,-1.864060271637993260e+00
6.718500000000000227e+01,1.650000000000000000e+03,1.800000000000000000e+03,5.843392229878190403e-01,3.326209969731044325e-01,-1.864327424677584277e+00
6.720199999999999818e+01,1.650000000000000000e+03,1.800000000000000000e+03,5.875367481947388892e-01,3.298023591419614320e-01,-1.891585008958590608e+00
6.721899999999999409e+01,1.650000000000000000e+03,1.800000000000000000e+03,5.875367481947388892e-01,3.298023591419614320e-01,-1.891585008958590608e+00
6.723600000000000421e+01,1.650000000000000000e+03,1.800000000000000000e+03,5.875367481947388892e-01,3.298023591419614320e-01,-1.891585008958590608e+00
6.725300000000000011e+01,1.650000000000000000e+03,1.800000000000000000e+03,5.900854801249169057e-01,3.296558508878897342e-01,-1.878747265303052583e+00
6.727100000000000080e+01,1.650000000000000000e+03,1.800000000000000000e+03,5.955044688037387512e-01,3.280277388055834464e-01,-1.879542686057773970e+00
6.728799999999999670e+01,1.650000000000000000e+03,1.800000000000000000e+03,5.955044688037387512e-01,3.280277388055834464e-01,-1.879542686057773970e+00
6.730599999999999739e+01,1.650000000000000000e+03,1.800000000000000000e+03,5.969966416679914900e-01,3.253108102226001108e-01,-1.871022790614090825e+00
6.732299999999999329e+01,1.650000000000000000e+03,1.800000000000000000e+03,6.058044365265438103e-01,3.234894015284321966e-01,-1.894661493527714180e+00
6.734000000000000341e+01,1.650000000000000000e+03,1.800000000000000000e+03,6.058044365265438103e-01,3.234894015284321966e-01,-1.894661493527714180e+00
6.735800000000000409e+01,1.650000000000000000e+03,1.800000000000000000e+03,6.058044365265438103e-01,3.234894015284321966e-01,-1.894661493527714180e+00
6.737500000000000000e+01,1.650000000000000000e+03,1.800000000000000000e+03,6.233934121317568078e-01,3.146017756284145150e-01,-1.936867643635915570e+00
6.739300000000000068e+01,1.650000000000000000e+03,1.800000000000000000e+03,6.233934121317568078e-01,3.146017756284145150e-01,-1.936867643635915570e+00
6.740999999999999659e+01,1.650000000000000000e+03,1.800000000000000000e+03,6.263586800907285923e-01,3.144308290744142198e-01,-1.924327877732267433e+00
6.742700000000000671e+01,1.650000000000000000e+03,1.800000000000000000e+03,6.263586800907285923e-01,3.144308290744142198e-01,-1.924327877732267433e+00
6.744400000000000261e+01,1.650000000000000000e+03,1.800000000000000000e+03,6.286805114448217324e-01,3.116771044769413024e-01,-1.962822193088302969e+00
6.746200000000000330e+01,1.650000000000000000e+03,1.800000000000000000e+03,6.312208467809730106e-01,3.115306171003338065e-01,-1.949908081455389075e+00
6.747799999999999443e+01,1.650000000000000000e+03,1.800000000000000000e+03,6.312208467809730106e-01,3.115306171003338065e-01,-1.949908081455389075e+00
6.749599999999999511e+01,1.650000000000000000e+03,1.800000000000000000e+03,6.329143444819944619e-01,3.114329290980526466e-01,-1.950162308498528452e+00
6.751200000000000045e+01,1.650000000000000000e+03,1.800000000000000000e+03,6.329143444819944619e-01,3.114329290980526466e-01,-1.950162308498528452e+00
6.752899999999999636e+01,1.650000000000000000e+03,1.800000000000000000e+03,6.417771739783442175e-01,3.056892572856444446e-01,-1.965061336551760629e+00
6.754699999999999704e+01,1.650000000000000000e+03,1.800000000000000000e+03,6.438918216895692659e-01,3.055671983103112055e-01,-1.965312925512822328e+00
6.756399999999999295e+01,1.650000000000000000e+03,1.800000000000000000e+03,6.462023103903096199e-01,3.028213277415385818e-01,-1.979080829544072939e+00
6.758100000000000307e+01,1.650000000000000000e+03,1.800000000000000000e+03,6.462023103903096199e-01,3.028213277415385818e-01,-1.979080829544072939e+00
6.759799999999999898e+01,1.650000000000000000e+03,1.800000000000000000e+03,6.495839871381934305e-01,3.026260822093496117e-01,-1.979579000917606191e+00
6.761599999999999966e+01,1.650000000000000000e+03,1.800000000000000000e+03,6.495839871381934305e-01,3.026260822093496117e-01,-1.979579000917606191e+00
6.763400000000000034e+01,1.650000000000000000e+03,1.800000000000000000e+03,6.495839871381934305e-01,3.026260822093496117e-01,-1.979579000917606191e+00
6.765099999999999625e+01,1.650000000000000000e+03,1.800000000000000000e+03,6.551553303950250484e-01,2.983901518158820210e-01,-2.007724416619533603e+00
6.766800000000000637e+01,1.650000000000000000e+03,1.800000000000000000e+03,6.572672044240770450e-01,2.982681552649504297e-01,-1.994339080379197826e+00
6.768500000000000227e+01,1.650000000000000000e+03,1.800000000000000000e+03,6.572672044240770450e-01,2.982681552649504297e-01,-1.994339080379197826e+00
6.770199999999999818e+01,1.650000000000000000e+03,1.800000000000000000e+03,6.680795980639517850e-01,2.911318097706265817e-01,-2.008702510144854791e+00
6.771999999999999886e+01,1.650000000000000000e+03,1.800000000000000000e+03,6.701887186723247680e-01,2.910098809440739842e-01,-2.008946020924710751e+00
6.773699999999999477e+01,1.650000000000000000e+03,1.800000000000000000e+03,6.701887186723247680e-01,2.910098809440739842e-01,-2.008946020924710751e+00
6.775499999999999545e+01,1.650000000000000000e+03,1.800000000000000000e+03,6.730223402893611429e-01,2.895455498355934409e-01,-2.024131248914276426e+00
6.777200000000000557e+01,1.650000000000000000e+03,1.800000000000000000e+03,6.730223402893611429e-01,2.895455498355934409e-01,-2.024131248914276426e+00
6.779000000000000625e+01,1.650000000000000000e+03,1.800000000000000000e+03,6.750114036972838516e-01,2.881306412566582154e-01,-2.037694390958343149e+00
6.780700000000000216e+01,1.650000000000000000e+03,1.800000000000000000e+03,6.750114036972838516e-01,2.881306412566582154e-01,-2.037694390958343149e+00
6.782299999999999329e+01,1.650000000000000000e+03,1.800000000000000000e+03,6.774210287316111412e-01,2.866919935204386150e-01,-2.023048396309799379e+00
6.784199999999999875e+01,1.650000000000000000e+03,1.800000000000000000e+03,6.799499169918499231e-01,2.865456872786804610e-01,-2.010652992301190878e+00
6.785899999999999466e+01,1.650000000000000000e+03,1.800000000000000000e+03,6.799499169918499231e-01,2.865456872786804610e-01,-2.010652992301190878e+00
6.787600000000000477e+01,1.650000000000000000e+03,1.800000000000000000e+03,6.799499169918499231e-01,2.865456872786804610e-01,-2.010652992301190878e+00
6.789300000000000068e+01,1.650000000000000000e+03,1.800000000000000000e+03,7.024202786490487682e-01,2.735783748686486661e-01,-2.055428733734988356e+00
6.790999999999999659e+01,1.650000000000000000e+03,1.800000000000000000e+03,7.079282456984499206e-01,2.693811887121650983e-01,-2.082228157166208238e+00
6.792700000000000671e+01,1.650000000000000000e+03,1.800000000000000000e+03,7.099025548013289111e-01,2.679752734242102363e-01,-2.069623569382230244e+00
6.794400000000000261e+01,1.650000000000000000e+03,1.800000000000000000e+03,7.135557846436320073e-01,2.664726236635752699e-01,-2.100593027370176280e+00
6.796200000000000330e+01,1.650000000000000000e+03,1.800000000000000000e+03,7.135557846436320073e-01,2.664726236635752699e-01,-2.100593027370176280e+00
6.797899999999999920e+01,1.650000000000000000e+03,1.800000000000000000e+03,7.159476800686470632e-01,2.650436513174669884e-01,-2.096095481042252295e+00
6.799599999999999511e+01,1.650000000000000000e+03,1.800000000000000000e+03,7.174989606287369703e-01,2.636639933039699457e-01,-2.096320694948800689e+00
6.801399999999999579e+01,1.650000000000000000e+03,1.800000000000000000e+03,7.205993871225018221e-01,2.609065395946377208e-01,-2.114837456392062887e+00
6.803100000000000591e+01,1.650000000000000000e+03,1.800000000000000000e+03,7.205993871225018221e-01,2.609065395946377208e-01,-2.114837456392062887e+00
6.804800000000000182e+01,1.650000000000000000e+03,1.800000000000000000e+03,7.229874044943784828e-01,2.594801051276363069e-01,-2.097284054120988284e+00
6.806499999999999773e+01,1.650000000000000000e+03,1.800000000000000000e+03,7.259233560635844906e-01,2.593098241020408423e-01,-2.097733753130336165e+00
6.808299999999999841e+01,1.650000000000000000e+03,1.800000000000000000e+03,7.336538650477828494e-01,2.524304005135000750e-01,-2.142537639594343624e+00
6.809999999999999432e+01,1.650000000000000000e+03,1.800000000000000000e+03,7.361672229979907556e-01,2.522845680257743695e-01,-2.130280835554455798e+00
6.811700000000000443e+01,1.650000000000000000e+03,1.800000000000000000e+03,7.361672229979907556e-01,2.522845680257743695e-01,-2.130280835554455798e+00
6.813400000000000034e+01,1.650000000000000000e+03,1.800000000000000000e+03,7.361672229979907556e-01,2.522845680257743695e-01,-2.130280835554455798e+00
6.815099999999999625e+01,1.650000000000000000e+03,1.800000000000000000e+03,7.414994925799693881e-01,2.468408583603114437e-01,-2.143916464866422622e+00
6.816800000000000637e+01,1.650000000000000000e+03,1.800000000000000000e+03,7.414994925799693881e-01,2.468408583603114437e-01,-2.143916464866422622e+00
6.818500000000000227e+01,1.650000000000000000e+03,1.800000000000000000e+03,7.434586191459648941e-01,2.454450393879827885e-01,-2.125660643296210850e+00
6.820300000000000296e+01,1.650000000000000000e+03,1.800000000000000000e+03,7.449985587477121474e-01,2.440741190894346602e-01,-2.125878964469638088e+00
6.821999999999999886e+01,1.650000000000000000e+03,1.800000000000000000e+03,7.449985587477121474e-01,2.440741190894346602e-01,-2.125878964469638088e+00
6.823799999999999955e+01,1.650000000000000000e+03,1.800000000000000000e+03,7.490467960018614146e-01,2.425581890467496393e-01,-2.157575320846725653e+00
6.825600000000000023e+01,1.650000000000000000e+03,1.800000000000000000e+03,7.490467960018614146e-01,2.425581890467496393e-01,-2.157575320846725653e+00
6.827299999999999613e+01,1.650000000000000000e+03,1.800000000000000000e+03,7.512860219902834924e-01,2.398680163683177824e-01,-2.138992497273599191e+00
6.829000000000000625e+01,1.650000000000000000e+03,1.800000000000000000e+03,7.512860219902834924e-01,2.398680163683177824e-01,-2.138992497273599191e+00
6.830800000000000693e+01,1.650000000000000000e+03,1.800000000000000000e+03,7.535232346737681386e-01,2.371802432277032580e-01,-2.170831326422064667e+00
6.832500000000000284e+01,1.650000000000000000e+03,1.800000000000000000e+03,7.560297688873700572e-01,2.370347447372127547e-01,-2.171038994109081077e+00
6.834199999999999875e+01,1.650000000000000000e+03,1.800000000000000000e+03,7.764877550381659166e-01,2.243646325084087678e-01,-2.207454565724356055e+00
6.835899999999999466e+01,1.650000000000000000e+03,1.800000000000000000e+03,7.764877550381659166e-01,2.243646325084087678e-01,-2.207454565724356055e+00
6.837600000000000477e+01,1.650000000000000000e+03,1.800000000000000000e+03,7.778746900042665668e-01,2.217388800039170604e-01,-2.186780695292586785e+00
6.839300000000000068e+01,1.650000000000000000e+03,1.800000000000000000e+03,7.806501824692531066e-01,2.203058622379145959e-01,-2.255456671743456099e+00
6.840999999999999659e+01,1.650000000000000000e+03,1.800000000000000000e+03,7.806501824692531066e-01,2.203058622379145959e-01,-2.255456671743456099e+00
6.842700000000000671e+01,1.650000000000000000e+03,1.800000000000000000e+03,7.834243472632500538e-01,2.188734739521835948e-01,-2.208573791461103220e+00
6.844400000000000261e+01,1.650000000000000000e+03,1.800000000000000000e+03,7.834243472632500538e-01,2.188734739521835948e-01,-2.208573791461103220e+00
6.846099999999999852e+01,1.650000000000000000e+03,1.800000000000000000e+03,7.846734705837286050e-01,2.188008545577604380e-01,-2.291349927710637502e+00
6.847899999999999920e+01,1.650000000000000000e+03,1.800000000000000000e+03,7.884103893373801686e-01,2.147736332506893220e-01,-2.245112342153919194e+00
6.849599999999999511e+01,1.650000000000000000e+03,1.800000000000000000e+03,7.899322229224636782e-01,2.134163001724092013e-01,-2.303648759808270885e+00
6.851300000000000523e+01,1.650000000000000000e+03,1.800000000000000000e+03,7.974031954473996819e-01,2.091787457603446754e-01,-2.293457322460656922e+00
6.853000000000000114e+01,1.650000000000000000e+03,1.800000000000000000e+03,7.974031954473996819e-01,2.091787457603446754e-01,-2.293457322460656922e+00
6.854699999999999704e+01,1.650000000000000000e+03,1.800000000000000000e+03,7.974031954473996819e-01,2.091787457603446754e-01,-2.293457322460656922e+00
6.856499999999999773e+01,1.650000000000000000e+03,1.800000000000000000e+03,8.000237744169906851e-01,2.064937668004560578e-01,-2.316068644895804329e+00
6.858199999999999363e+01,1.650000000000000000e+03,1.800000000000000000e+03,8.026419888140794434e-01,2.038111759374920950e-01,-2.305733064584059910e+00
6.859900000000000375e+01,1.650000000000000000e+03,1.800000000000000000e+03,8.076022725341305275e-01,1.997314356482151609e-01,-2.295380876293247496e+00
6.861599999999999966e+01,1.650000000000000000e+03,1.800000000000000000e+03,8.076022725341305275e-01,1.997314356482151609e-01,-2.295380876293247496e+00
6.863299999999999557e+01,1.650000000000000000e+03,1.800000000000000000e+03,8.076022725341305275e-01,1.997314356482151609e-01,-2.295380876293247496e+00
6.865000000000000568e+01,1.650000000000000000e+03,1.800000000000000000e+03,8.099456019821928976e-01,1.983325202306973623e-01,-2.317958392028390602e+00
6.866700000000000159e+01,1.650000000000000000e+03,1.800000000000000000e+03,8.099456019821928976e-01,1.983325202306973623e-01,-2.317958392028390602e+00
6.868399999999999750e+01,1.650000000000000000e+03,1.800000000000000000e+03,8.116049588663214465e-01,1.982359926237986514e-01,-2.318128225046731217e+00
6.870099999999999341e+01,1.650000000000000000e+03,1.800000000000000000e+03,8.137996874934141367e-01,1.955847876219767301e-01,-2.366270525167210703e+00
6.871800000000000352e+01,1.650000000000000000e+03,1.800000000000000000e+03,8.239495331365456199e-01,1.861795957143392855e-01,-2.368074333801581943e+00
6.875900000000000034e+01,1.650000000000000000e+03,1.800000000000000000e+03,8.239495331365456199e-01,1.861795957143392855e-01,-2.368074333801581943e+00
6.877700000000000102e+01,1.650000000000000000e+03,1.800000000000000000e+03,8.262836869329983625e-01,1.847867977893775659e-01,-2.320864730723173341e+00
6.879300000000000637e+01,1.650000000000000000e+03,1.800000000000000000e+03,8.262836869329983625e-01,1.847867977893775659e-01,-2.320864730723173341e+00
6.881100000000000705e+01,1.650000000000000000e+03,1.800000000000000000e+03,8.262836869329983625e-01,1.847867977893775659e-01,-2.320864730723173341e+00
6.882699999999999818e+01,1.650000000000000000e+03,1.800000000000000000e+03,8.284669028735396346e-01,1.821474295384417630e-01,-2.368895606703650625e+00
6.884399999999999409e+01,1.650000000000000000e+03,1.800000000000000000e+03,8.284669028735396346e-01,1.821474295384417630e-01,-2.368895606703650625e+00
6.886100000000000421e+01,1.650000000000000000e+03,1.800000000000000000e+03,8.335422549768873868e-01,1.793420418574731556e-01,-2.332832675501753883e+00
6.887900000000000489e+01,1.650000000000000000e+03,1.800000000000000000e+03,8.335422549768873868e-01,1.793420418574731556e-01,-2.332832675501753883e+00
6.889600000000000080e+01,1.650000000000000000e+03,1.800000000000000000e+03,8.335422549768873868e-01,1.793420418574731556e-01,-2.332832675501753883e+00
6.891299999999999670e+01,1.650000000000000000e+03,1.800000000000000000e+03,8.335422549768873868e-01,1.793420418574731556e-01,-2.332832675501753883e+00
6.893000000000000682e+01,1.650000000000000000e+03,1.800000000000000000e+03,8.494669274718937846e-01,1.634014166211326113e-01,-2.393371338076155652e+00
6.894700000000000273e+01,1.650000000000000000e+03,1.800000000000000000e+03,8.523017919585356150e-01,1.594953381189023744e-01,-2.441882717275039028e+00
6.896399999999999864e+01,1.650000000000000000e+03,1.800000000000000000e+03,8.523017919585356150e-01,1.594953381189023744e-01,-2.441882717275039028e+00
6.898099999999999454e+01,1.650000000000000000e+03,1.800000000000000000e+03,8.546188088570598751e-01,1.581146262955641646e-01,-2.394169454890705762e+00
6.899800000000000466e+01,1.650000000000000000e+03,1.800000000000000000e+03,8.574477239436397724e-01,1.542154781460345347e-01,-2.432741673727393472e+00
6.901500000000000057e+01,1.650000000000000000e+03,1.800000000000000000e+03,8.644838270237491518e-01,1.475928945492093192e-01,-2.405954426591694340e+00
6.903199999999999648e+01,1.650000000000000000e+03,1.800000000000000000e+03,8.644838270237491518e-01,1.475928945492093192e-01,-2.405954426591694340e+00
6.904999999999999716e+01,1.650000000000000000e+03,1.800000000000000000e+03,8.659713475308621344e-01,1.462653519407677294e-01,-2.453968705935392514e+00
6.906699999999999307e+01,1.650000000000000000e+03,1.800000000000000000e+03,8.706829174883774503e-01,1.410326302688416078e-01,-2.454715085431350197e+00
6.908400000000000318e+01,1.650000000000000000e+03,1.800000000000000000e+03,8.706829174883774503e-01,1.410326302688416078e-01,-2.454715085431350197e+00
6.910099999999999909e+01,1.650000000000000000e+03,1.800000000000000000e+03,8.706829174883774503e-01,1.410326302688416078e-01,-2.454715085431350197e+00
6.911899999999999977e+01,1.650000000000000000e+03,1.800000000000000000e+03,8.706829174883774503e-01,1.410326302688416078e-01,-2.454715085431350197e+00
6.913700000000000045e+01,1.650000000000000000e+03,1.800000000000000000e+03,8.759549199839853362e-01,1.370127786951433890e-01,-2.455592439647932057e+00
6.915399999999999636e+01,1.650000000000000000e+03,1.800000000000000000e+03,8.759549199839853362e-01,1.370127786951433890e-01,-2.455592439647932057e+00
6.917100000000000648e+01,1.650000000000000000e+03,1.800000000000000000e+03,8.759549199839853362e-01,1.370127786951433890e-01,-2.455592439647932057e+00
6.918800000000000239e+01,1.650000000000000000e+03,1.800000000000000000e+03,8.818799620434982778e-01,1.317247755182284763e-01,-2.465917317290220012e+00
6.920499999999999829e+01,1.650000000000000000e+03,1.800000000000000000e+03,8.846782463351716697e-01,1.278600996771466214e-01,-2.505284008841421883e+00
6.922199999999999420e+01,1.650000000000000000e+03,1.800000000000000000e+03,8.865657657737708863e-01,1.265174751493320926e-01,-2.466650876446724538e+00
6.923900000000000432e+01,1.650000000000000000e+03,1.800000000000000000e+03,8.865657657737708863e-01,1.265174751493320926e-01,-2.466650876446724538e+00
6.925700000000000500e+01,1.650000000000000000e+03,1.800000000000000000e+03,8.865657657737708863e-01,1.265174751493320926e-01,-2.466650876446724538e+00
6.927400000000000091e+01,1.650000000000000000e+03,1.800000000000000000e+03,8.916523997137801860e-01,1.212955301492639748e-01,-2.467383038353173852e+00
6.929099999999999682e+01,1.650000000000000000e+03,1.800000000000000000e+03,8.916523997137801860e-01,1.212955301492639748e-01,-2.467383038353173852e+00
6.930800000000000693e+01,1.650000000000000000e+03,1.800000000000000000e+03,8.946012678879136093e-01,1.186642335495706746e-01,-2.515794142550907164e+00
6.932599999999999341e+01,1.650000000000000000e+03,1.800000000000000000e+03,8.960747080592459390e-01,1.173494520016360454e-01,-2.524710440785408405e+00
6.934300000000000352e+01,1.650000000000000000e+03,1.800000000000000000e+03,8.988568002845147564e-01,1.135035048853563211e-01,-2.516480806641820500e+00
6.935999999999999943e+01,1.650000000000000000e+03,1.800000000000000000e+03,8.988568002845147564e-01,1.135035048853563211e-01,-2.516480806641820500e+00
6.937900000000000489e+01,1.650000000000000000e+03,1.800000000000000000e+03,8.988568002845147564e-01,1.135035048853563211e-01,-2.516480806641820500e+00
6.939600000000000080e+01,1.650000000000000000e+03,1.800000000000000000e+03,9.197080597173343808e-01,9.150536075175264017e-02,-2.576302294824896144e+00
6.941299999999999670e+01,1.650000000000000000e+03,1.800000000000000000e+03,9.228690531007590625e-01,8.766941628410052090e-02,-2.568562775710624635e+00
6.943000000000000682e+01,1.650000000000000000e+03,1.800000000000000000e+03,9.228690531007590625e-01,8.766941628410052090e-02,-2.568562775710624635e+00
6.944700000000000273e+01,1.650000000000000000e+03,1.800000000000000000e+03,9.244956988343957516e-01,8.757502054350219112e-02,-2.585100205548263474e+00
6.946399999999999864e+01,1.650000000000000000e+03,1.800000000000000000e+03,9.270772344957973754e-01,8.256260484179378523e-02,-2.577449687010516133e+00
6.948199999999999932e+01,1.650000000000000000e+03,1.800000000000000000e+03,9.287023830176472927e-01,8.246832451719932067e-02,-2.585715028617007860e+00
6.949800000000000466e+01,1.650000000000000000e+03,1.800000000000000000e+03,9.287023830176472927e-01,8.246832451719932067e-02,-2.585715028617007860e+00
6.951500000000000057e+01,1.650000000000000000e+03,1.800000000000000000e+03,9.287023830176472927e-01,8.246832451719932067e-02,-2.585715028617007860e+00
6.953300000000000125e+01,1.650000000000000000e+03,1.800000000000000000e+03,9.310405435018298537e-01,7.869122551196294779e-02,-2.586230792828500658e+00
6.954999999999999716e+01,1.650000000000000000e+03,1.800000000000000000e+03,9.329016852872413779e-01,7.737050021756086693e-02,-2.578171494123939311e+00
6.956699999999999307e+01,1.650000000000000000e+03,1.800000000000000000e+03,9.395921847465527055e-01,6.971684703334446453e-02,-2.595317221149893605e+00
6.958400000000000318e+01,1.650000000000000000e+03,1.800000000000000000e+03,9.395921847465527055e-01,6.971684703334446453e-02,-2.595317221149893605e+00
6.960200000000000387e+01,1.650000000000000000e+03,1.800000000000000000e+03,9.419181523297963654e-01,6.595619379331196797e-02,-2.635271533506189368e+00
6.961899999999999977e+01,1.650000000000000000e+03,1.800000000000000000e+03,9.437727420674979495e-01,6.464113157243378538e-02,-2.595919280861481937e+00
6.963599999999999568e+01,1.650000000000000000e+03,1.800000000000000000e+03,9.460939644103456558e-01,6.088701737593105179e-02,-2.643161567272392709e+00
6.965300000000000580e+01,1.650000000000000000e+03,1.800000000000000000e+03,9.481791305941211778e-01,5.835572148798462422e-02,-2.636306356682627250e+00
6.967000000000000171e+01,1.650000000000000000e+03,1.800000000000000000e+03,9.481791305941211778e-01,5.835572148798462422e-02,-2.636306356682627250e+00
6.968800000000000239e+01,1.650000000000000000e+03,1.800000000000000000e+03,9.504342801564589216e-01,5.702060637476424887e-02,-2.643713443453980183e+00
6.970499999999999829e+01,1.650000000000000000e+03,1.800000000000000000e+03,9.545962118181310352e-01,5.196685901049313827e-02,-2.644264114170881363e+00
6.972199999999999420e+01,1.650000000000000000e+03,1.800000000000000000e+03,9.545962118181310352e-01,5.196685901049313827e-02,-2.644264114170881363e+00
6.973999999999999488e+01,1.650000000000000000e+03,1.800000000000000000e+03,9.545962118181310352e-01,5.196685901049313827e-02,-2.644264114170881363e+00
6.975700000000000500e+01,1.650000000000000000e+03,1.800000000000000000e+03,9.571361635463873085e-01,4.701533489336817695e-02,-2.644730373143954427e+00
6.977400000000000091e+01,1.650000000000000000e+03,1.800000000000000000e+03,9.631275828037577647e-01,4.067451152807244341e-02,-2.692399643547495725e+00
6.979099999999999682e+01,1.650000000000000000e+03,1.800000000000000000e+03,9.631275828037577647e-01,4.067451152807244341e-02,-2.692399643547495725e+00
6.980800000000000693e+01,1.650000000000000000e+03,1.800000000000000000e+03,9.650237604861902074e-01,3.697451698338038995e-02,-2.686016229788231069e+00
6.982500000000000284e+01,1.650000000000000000e+03,1.800000000000000000e+03,9.668638454102924662e-01,3.567232676722742468e-02,-2.699469874068776143e+00
6.984199999999999875e+01,1.650000000000000000e+03,1.800000000000000000e+03,9.691585668678426302e-01,3.195544068889599743e-02,-2.699888264932224669e+00
6.985899999999999466e+01,1.650000000000000000e+03,1.800000000000000000e+03,9.691585668678426302e-01,3.195544068889599743e-02,-2.699888264932224669e+00
6.987600000000000477e+01,1.650000000000000000e+03,1.800000000000000000e+03,9.811183827175486982e-01,1.697321182223543445e-02,-2.701278963260290933e+00
6.989300000000000068e+01,1.650000000000000000e+03,1.800000000000000000e+03,9.829484491932949375e-01,1.567986958326628155e-02,-2.741470430406372838e+00
6.990999999999999659e+01,1.650000000000000000e+03,1.800000000000000000e+03,9.829484491932949375e-01,1.567986958326628155e-02,-2.741470430406372838e+00
6.992900000000000205e+01,1.650000000000000000e+03,1.800000000000000000e+03,9.829484491932949375e-01,1.567986958326628155e-02,-2.741470430406372838e+00
6.994700000000000273e+01,1.650000000000000000e+03,1.800000000000000000e+03,9.858493464929776184e-01,1.076690790509449158e-02,-2.741850192501919636e+00
6.996299999999999386e+01,1.650000000000000000e+03,1.800000000000000000e+03,9.872754351715034016e-01,9.499462439949368786e-03,-2.747877563811130575e+00
6.998000000000000398e+01,1.650000000000000000e+03,1.800000000000000000e+03,9.911492656527707279e-01,5.723543059582780757e-03,-2.748311183041550088e+00
6.999699999999999989e+01,1.650000000000000000e+03,1.800000000000000000e+03,9.911492656527707279e-01,5.723543059582780757e-03,-2.748311183041550088e+00
7.001399999999999579e+01,1.650000000000000000e+03,1.800000000000000000e+03,9.956807662044437901e-01,-1.628935570166412106e-03,-2.794334835798587324e+00
7.003100000000000591e+01,1.650000000000000000e+03,1.800000000000000000e+03,9.971016006172925827e-01,-2.890986355823521592e-03,-2.754920370848233269e+00
7.004900000000000659e+01,1.650000000000000000e+03,1.800000000000000000e+03,9.997613408000922686e-01,-6.581636969452020480e-03,-2.794716518573615804e+00
7.006699999999999307e+01,1.650000000000000000e+03,1.800000000000000000e+03,9.997613408000922686e-01,-6.581636969452020480e-03,-2.794716518573615804e+00
7.008400000000000318e+01,1.650000000000000000e+03,1.800000000000000000e+03,1.000999822174971632e+00,-9.008722317822126513e-03,-2.789642731395969300e+00
7.010200000000000387e+01,1.650000000000000000e+03,1.800000000000000000e+03,1.000999822174971632e+00,-9.008722317822126513e-03,-2.789642731395969300e+00
7.012000000000000455e+01,1.650000000000000000e+03,1.800000000000000000e+03,1.003036059571920990e+00,-1.147980164554329718e-02,-2.795046636369508786e+00
7.013599999999999568e+01,1.650000000000000000e+03,1.800000000000000000e+03,1.003036059571920990e+00,-1.147980164554329718e-02,-2.795046636369508786e+00
7.015399999999999636e+01,1.650000000000000000e+03,1.800000000000000000e+03,1.005288851047931198e+00,-1.513644820452597628e-02,-2.795376123362717458e+00
7.017100000000000648e+01,1.650000000000000000e+03,1.800000000000000000e+03,1.005288851047931198e+00,-1.513644820452597628e-02,-2.795376123362717458e+00
7.018899999999999295e+01,1.650000000000000000e+03,1.800000000000000000e+03,1.007321051098736486e+00,-1.760227296887428849e-02,-2.835591049897823179e+00
7.020600000000000307e+01,1.650000000000000000e+03,1.800000000000000000e+03,1.013623287099441717e+00,-2.617019711174783936e-02,-2.840956029082029044e+00
7.022299999999999898e+01,1.650000000000000000e+03,1.800000000000000000e+03,1.013623287099441717e+00,-2.617019711174783936e-02,-2.840956029082029044e+00
7.023999999999999488e+01,1.650000000000000000e+03,1.800000000000000000e+03,1.014851662177224334e+00,-2.858074080974137843e-02,-2.796410970455717404e+00
7.025700000000000500e+01,1.650000000000000000e+03,1.800000000000000000e+03,1.017488056458195844e+00,-3.223853269461063320e-02,-2.796737821715429728e+00
7.027400000000000091e+01,1.650000000000000000e+03,1.800000000000000000e+03,1.019325819462306937e+00,-3.584591250452806577e-02,-2.841527888087664433e+00
7.029099999999999682e+01,1.650000000000000000e+03,1.800000000000000000e+03,1.019325819462306937e+00,-3.584591250452806577e-02,-2.841527888087664433e+00
7.030899999999999750e+01,1.650000000000000000e+03,1.800000000000000000e+03,1.019723443403145247e+00,-3.586878524395231693e-02,-2.846182114657776818e+00
7.032599999999999341e+01,1.650000000000000000e+03,1.800000000000000000e+03,nan,nan,nan
7.034300000000000352e+01,1.650000000000000000e+03,1.800000000000000000e+03,1.024795933962730166e+00,-4.431385351844241427e-02,-2.846743087281727647e+00
7.035999999999999943e+01,1.650000000000000000e+03,1.800000000000000000e+03,1.024795933962730166e+00,-4.431385351844241427e-02,-2.846743087281727647e+00
7.037699999999999534e+01,1.650000000000000000e+03,1.800000000000000000e+03,1.024795933962730166e+00,-4.431385351844241427e-02,-2.846743087281727647e+00
7.039400000000000546e+01,1.650000000000000000e+03,1.800000000000000000e+03,1.040318583448901935e+00,-6.952241170529127601e-02,-2.891332091481324085e+00
7.041200000000000614e+01,1.650000000000000000e+03,1.800000000000000000e+03,1.042733215640680777e+00,-7.426862014340063212e-02,-2.891569050525022888e+00
7.042900000000000205e+01,1.650000000000000000e+03,1.800000000000000000e+03,1.042733215640680777e+00,-7.426862014340063212e-02,-2.891569050525022888e+00
7.044599999999999795e+01,1.650000000000000000e+03,1.800000000000000000e+03,1.042733215640680777e+00,-7.426862014340063212e-02,-2.891569050525022888e+00
7.046299999999999386e+01,1.650000000000000000e+03,1.800000000000000000e+03,1.044125734629918201e+00,-7.549915604834112060e-02,-2.895502170945221554e+00
7.048000000000000398e+01,1.650000000000000000e+03,1.800000000000000000e+03,1.047944491201743711e+00,-8.375976350960012695e-02,-2.892041536796743362e+00
7.049699999999999989e+01,1.650000000000000000e+03,1.800000000000000000e+03,1.048732782730125601e+00,-8.380487802316949342e-02,-2.895967329990007055e+00
7.051399999999999579e+01,1.650000000000000000e+03,1.800000000000000000e+03,1.048732782730125601e+00,-8.380487802316949342e-02,-2.895967329990007055e+00
7.053100000000000591e+01,1.650000000000000000e+03,1.800000000000000000e+03,1.048732782730125601e+00,-8.380487802316949342e-02,-2.895967329990007055e+00
7.054900000000000659e+01,1.650000000000000000e+03,1.800000000000000000e+03,1.051528072525490742e+00,-8.854972521393822404e-02,-2.896199204280033523e+00
7.056600000000000250e+01,1.650000000000000000e+03,1.800000000000000000e+03,1.056506821184266753e+00,-9.683969702954442482e-02,-2.900448148246270730e+00
7.058299999999999841e+01,1.650000000000000000e+03,1.800000000000000000e+03,1.057906336200951314e+00,-1.003434137100516210e-01,-2.934849846701570009e+00
7.059999999999999432e+01,1.650000000000000000e+03,1.800000000000000000e+03,1.057906336200951314e+00,-1.003434137100516210e-01,-2.934849846701570009e+00
7.061700000000000443e+01,1.650000000000000000e+03,1.800000000000000000e+03,1.059100230441862855e+00,-1.026917548780614808e-01,-2.938367215279673594e+00
7.063400000000000034e+01,1.650000000000000000e+03,1.800000000000000000e+03,1.059100230441862855e+00,-1.026917548780614808e-01,-2.938367215279673594e+00
7.065099999999999625e+01,1.650000000000000000e+03,1.800000000000000000e+03,1.062269896750442921e+00,-1.074273638495748528e-01,-2.938559017516582106e+00
7.066800000000000637e+01,1.650000000000000000e+03,1.800000000000000000e+03,1.062269896750442921e+00,-1.074273638495748528e-01,-2.938559017516582106e+00
7.068500000000000227e+01,1.650000000000000000e+03,1.800000000000000000e+03,1.062269896750442921e+00,-1.074273638495748528e-01,-2.938559017516582106e+00
7.070399999999999352e+01,1.650000000000000000e+03,1.800000000000000000e+03,1.064447552987190626e+00,-1.109626716065301721e-01,-2.976294042255565930e+00
7.072100000000000364e+01,1.650000000000000000e+03,1.800000000000000000e+03,1.065636464249245741e+00,-1.133021721017399841e-01,-2.942012101457042839e+00
7.073799999999999955e+01,1.650000000000000000e+03,1.800000000000000000e+03,1.065636464249245741e+00,-1.133021721017399841e-01,-2.942012101457042839e+00
7.075499999999999545e+01,1.650000000000000000e+03,1.800000000000000000e+03,1.067417973558098643e+00,-1.168077726867524646e-01,-2.938941423024679089e+00
7.077200000000000557e+01,1.650000000000000000e+03,1.800000000000000000e+03,1.071365564204797671e+00,-1.238281516960437756e-01,-2.979531810882516396e+00
7.079000000000000625e+01,1.650000000000000000e+03,1.800000000000000000e+03,1.074122101076586233e+00,-1.285060846528702783e-01,-2.979685056525744002e+00
7.080700000000000216e+01,1.650000000000000000e+03,1.800000000000000000e+03,1.074122101076586233e+00,-1.285060846528702783e-01,-2.979685056525744002e+00
7.082399999999999807e+01,1.650000000000000000e+03,1.800000000000000000e+03,1.076284142423479251e+00,-1.320149800397967255e-01,-2.979837969636541128e+00
7.084099999999999397e+01,1.650000000000000000e+03,1.800000000000000000e+03,1.076284142423479251e+00,-1.320149800397967255e-01,-2.979837969636541128e+00
7.085800000000000409e+01,1.650000000000000000e+03,1.800000000000000000e+03,1.076284142423479251e+00,-1.320149800397967255e-01,-2.979837969636541128e+00
7.087500000000000000e+01,1.650000000000000000e+03,1.800000000000000000e+03,1.086860965318328098e+00,-1.506036286745118247e-01,-2.983132671056145213e+00
7.089199999999999591e+01,1.650000000000000000e+03,1.800000000000000000e+03,1.089398337509827286e+00,-1.563445496155244641e-01,-3.019681411416762273e+00
7.090999999999999659e+01,1.650000000000000000e+03,1.800000000000000000e+03,1.089398337509827286e+00,-1.563445496155244641e-01,-3.019681411416762273e+00
7.092700000000000671e+01,1.650000000000000000e+03,1.800000000000000000e+03,1.089787223378342329e+00,-1.563666193338848487e-01,-2.983281527714916948e+00
7.094400000000000261e+01,1.650000000000000000e+03,1.800000000000000000e+03,1.095039255987348081e+00,-1.667100481895609221e-01,-3.022085521053762047e+00
7.096099999999999852e+01,1.650000000000000000e+03,1.800000000000000000e+03,1.097173483522754678e+00,-1.701713042007328980e-01,-3.022198924866650316e+00
7.097799999999999443e+01,1.650000000000000000e+03,1.800000000000000000e+03,1.097173483522754678e+00,-1.701713042007328980e-01,-3.022198924866650316e+00
7.099500000000000455e+01,1.650000000000000000e+03,1.800000000000000000e+03,1.099498244552350457e+00,-1.747503680944983984e-01,-3.093372309252963248e+00
7.101200000000000045e+01,1.650000000000000000e+03,1.800000000000000000e+03,1.099691361940259959e+00,-1.758720196988070583e-01,-3.022312064536227361e+00
7.102899999999999636e+01,1.650000000000000000e+03,1.800000000000000000e+03,1.099691361940259959e+00,-1.758720196988070583e-01,-3.022312064536227361e+00
7.104600000000000648e+01,1.650000000000000000e+03,1.800000000000000000e+03,1.102398806097532491e+00,-1.804635973604531429e-01,-3.058065326317033872e+00
7.106300000000000239e+01,1.650000000000000000e+03,1.800000000000000000e+03,1.103170379137846435e+00,-1.827237103890606562e-01,-3.058065326317033872e+00
7.107999999999999829e+01,1.650000000000000000e+03,1.800000000000000000e+03,1.103170379137846435e+00,-1.827237103890606562e-01,-3.058065326317033872e+00
7.109600000000000364e+01,1.650000000000000000e+03,1.800000000000000000e+03,1.105293395995649242e+00,-1.861650815322128949e-01,-3.058146627562049247e+00
7.111299999999999955e+01,1.650000000000000000e+03,1.800000000000000000e+03,1.105293395995649242e+00,-1.861650815322128949e-01,-3.058146627562049247e+00
7.112999999999999545e+01,1.650000000000000000e+03,1.800000000000000000e+03,1.107604780490180740e+00,-1.907178363245058961e-01,-3.059907207740272916e+00
7.114799999999999613e+01,1.650000000000000000e+03,1.800000000000000000e+03,1.109716679648406146e+00,-1.963546832444675871e-01,-3.093599598730002231e+00
7.116500000000000625e+01,1.650000000000000000e+03,1.800000000000000000e+03,1.109716679648406146e+00,-1.963546832444675871e-01,-3.093599598730002231e+00
7.118300000000000693e+01,1.650000000000000000e+03,1.800000000000000000e+03,1.113556015773605745e+00,-2.031776724993328287e-01,-3.094910224368764506e+00
7.120000000000000284e+01,1.650000000000000000e+03,1.800000000000000000e+03,1.113556015773605745e+00,-2.031776724993328287e-01,-3.094910224368764506e+00
7.121699999999999875e+01,1.650000000000000000e+03,1.800000000000000000e+03,1.116230829463584984e+00,-2.099187649951153034e-01,3.119241528205870306e+00
7.123499999999999943e+01,1.650000000000000000e+03,1.800000000000000000e+03,1.116230829463584984e+00,-2.099187649951153034e-01,3.119241528205870306e+00
7.125199999999999534e+01,1.650000000000000000e+03,1.800000000000000000e+03,1.116230829463584984e+00,-2.099187649951153034e-01,3.119241528205870306e+00
7.126999999999999602e+01,1.650000000000000000e+03,1.800000000000000000e+03,1.119471354860123169e+00,-2.177697904924347228e-01,3.119267896681360952e+00
7.128600000000000136e+01,1.650000000000000000e+03,1.800000000000000000e+03,1.119471354860123169e+00,-2.177697904924347228e-01,3.119267896681360952e+00
7.130299999999999727e+01,1.650000000000000000e+03,1.800000000000000000e+03,1.120043354884771469e+00,-2.188957199423002820e-01,3.119267896681360952e+00
7.131999999999999318e+01,1.650000000000000000e+03,1.800000000000000000e+03,1.120043354884771469e+00,-2.188957199423002820e-01,3.119267896681360952e+00
7.133700000000000330e+01,1.650000000000000000e+03,1.800000000000000000e+03,1.122515877054195643e+00,-2.244968764889714308e-01,3.119275307124194541e+00
7.135399999999999920e+01,1.650000000000000000e+03,1.800000000000000000e+03,1.122515877054195643e+00,-2.244968764889714308e-01,3.119275307124194541e+00
7.137099999999999511e+01,1.650000000000000000e+03,1.800000000000000000e+03,nan,nan,nan
7.138800000000000523e+01,1.650000000000000000e+03,1.800000000000000000e+03,nan,nan,nan
7.140500000000000114e+01,1.650000000000000000e+03,1.800000000000000000e+03,1.134009867774436131e+00,-2.566062139477587323e-01,3.119012793996847499e+00
7.142199999999999704e+01,1.650000000000000000e+03,1.800000000000000000e+03,1.134376632363629955e+00,-2.587832703525601019e-01,3.086449518920644230e+00
7.143999999999999773e+01,1.650000000000000000e+03,1.800000000000000000e+03,1.134376632363629955e+00,-2.587832703525601019e-01,3.086449518920644230e+00
7.145699999999999363e+01,1.650000000000000000e+03,1.800000000000000000e+03,1.135688801216078403e+00,-2.620882245063391736e-01,3.086493917235200168e+00
7.147499999999999432e+01,1.650000000000000000e+03,1.800000000000000000e+03,1.137181916182707253e+00,-2.664744218384136332e-01,3.086538259355178671e+00
7.149200000000000443e+01,1.650000000000000000e+03,1.800000000000000000e+03,1.137181916182707253e+00,-2.664744218384136332e-01,3.086538259355178671e+00
7.150900000000000034e+01,1.650000000000000000e+03,1.800000000000000000e+03,1.138490545950466171e+00,-2.697700700292848808e-01,3.119059222717505797e+00
7.152599999999999625e+01,1.650000000000000000e+03,1.800000000000000000e+03,1.138490545950466171e+00,-2.697700700292848808e-01,3.119059222717505797e+00
7.154300000000000637e+01,1.650000000000000000e+03,1.800000000000000000e+03,1.139615801730059053e+00,-2.719791163271514378e-01,3.086571169050524421e+00
7.156000000000000227e+01,1.650000000000000000e+03,1.800000000000000000e+03,1.142949717025135925e+00,-2.828705805404645446e-01,3.055072450530269101e+00
7.157800000000000296e+01,1.650000000000000000e+03,1.800000000000000000e+03,1.143871387522108929e+00,-2.861252957445516998e-01,3.055140474173533960e+00
7.159499999999999886e+01,1.650000000000000000e+03,1.800000000000000000e+03,1.143871387522108929e+00,-2.861252957445516998e-01,3.055140474173533960e+00
7.161199999999999477e+01,1.650000000000000000e+03,1.800000000000000000e+03,1.145171285279683815e+00,-2.893972222342533485e-01,3.054838184734042894e+00
7.162900000000000489e+01,1.650000000000000000e+03,1.800000000000000000e+03,1.146270357906439052e+00,-2.937185303941935999e-01,3.055264338308427252e+00
7.164600000000000080e+01,1.650000000000000000e+03,1.800000000000000000e+03,1.147207996076349268e+00,-2.948346551802405457e-01,3.055264338308427252e+00
7.166299999999999670e+01,1.650000000000000000e+03,1.800000000000000000e+03,1.148503807903491936e+00,-2.980960961772005646e-01,3.024281673607042364e+00
7.168000000000000682e+01,1.650000000000000000e+03,1.800000000000000000e+03,nan,nan,nan
7.169700000000000273e+01,1.650000000000000000e+03,1.800000000000000000e+03,nan,nan,nan
7.171399999999999864e+01,1.650000000000000000e+03,1.800000000000000000e+03,nan,nan,nan
7.173099999999999454e+01,1.650000000000000000e+03,1.800000000000000000e+03,1.152182078558098288e+00,-3.089043308089829409e-01,2.994082022791308084e+00
7.174800000000000466e+01,1.650000000000000000e+03,1.800000000000000000e+03,1.152738025532768162e+00,-3.099932618000780238e-01,2.964323587381074265e+00
7.176500000000000057e+01,1.650000000000000000e+03,1.800000000000000000e+03,1.152738025532768162e+00,-3.099932618000780238e-01,2.964323587381074265e+00
7.178300000000000125e+01,1.650000000000000000e+03,1.800000000000000000e+03,1.156776916165780822e+00,-3.207749862088142834e-01,2.935492692749054111e+00
7.179999999999999716e+01,1.650000000000000000e+03,1.800000000000000000e+03,1.156776916165780822e+00,-3.207749862088142834e-01,2.935492692749054111e+00
7.181699999999999307e+01,1.650000000000000000e+03,1.800000000000000000e+03,1.157683970499638670e+00,-3.239844330493548696e-01,2.964704883289101200e+00
7.183400000000000318e+01,1.650000000000000000e+03,1.800000000000000000e+03,1.157683970499638670e+00,-3.239844330493548696e-01,2.964704883289101200e+00
7.185099999999999909e+01,1.650000000000000000e+03,1.800000000000000000e+03,1.157683970499638670e+00,-3.239844330493548696e-01,2.964704883289101200e+00
7.186799999999999500e+01,1.650000000000000000e+03,1.800000000000000000e+03,nan,nan,nan
7.188500000000000512e+01,1.650000000000000000e+03,1.800000000000000000e+03,1.165852806645944373e+00,-3.485327126983692736e-01,2.909980389396201073e+00
7.190300000000000580e+01,1.650000000000000000e+03,1.800000000000000000e+03,1.165852806645944373e+00,-3.485327126983692736e-01,2.909980389396201073e+00
7.192000000000000171e+01,1.650000000000000000e+03,1.800000000000000000e+03,1.165852806645944373e+00,-3.485327126983692736e-01,2.909980389396201073e+00
7.193699999999999761e+01,1.650000000000000000e+03,1.800000000000000000e+03,nan,nan,nan
7.195399999999999352e+01,1.650000000000000000e+03,1.800000000000000000e+03,nan,nan,nan
7.197100000000000364e+01,1.650000000000000000e+03,1.800000000000000000e+03,1.171391721057289725e+00,-3.685802671163775912e-01,2.912675627443133575e+00
7.198799999999999955e+01,1.650000000000000000e+03,1.800000000000000000e+03,1.171391721057289725e+00,-3.685802671163775912e-01,2.912675627443133575e+00
7.200600000000000023e+01,1.650000000000000000e+03,1.800000000000000000e+03,1.172454302935887149e+00,-3.727763234651773061e-01,2.912841270107383362e+00
7.202299999999999613e+01,1.650000000000000000e+03,1.800000000000000000e+03,1.172454302935887149e+00,-3.727763234651773061e-01,2.912841270107383362e+00
7.204099999999999682e+01,1.650000000000000000e+03,1.800000000000000000e+03,1.173343435412534497e+00,-3.759241584784938084e-01,2.913006698581730447e+00
7.205800000000000693e+01,1.650000000000000000e+03,1.800000000000000000e+03,1.173858604643110315e+00,-3.790478382702637816e-01,2.886021536010576316e+00
7.207500000000000284e+01,1.650000000000000000e+03,1.800000000000000000e+03,1.173858604643110315e+00,-3.790478382702637816e-01,2.886021536010576316e+00
7.209199999999999875e+01,1.650000000000000000e+03,1.800000000000000000e+03,1.175289814794486354e+00,-3.832478813703925624e-01,2.886203455445989441e+00
7.210899999999999466e+01,1.650000000000000000e+03,1.800000000000000000e+03,1.175632104815051981e+00,-3.853250254752342840e-01,2.886385143385125751e+00
7.212600000000000477e+01,1.650000000000000000e+03,1.800000000000000000e+03,1.175632104815051981e+00,-3.853250254752342840e-01,2.886385143385125751e+00
7.214400000000000546e+01,1.650000000000000000e+03,1.800000000000000000e+03,1.177060245713026143e+00,-3.895151865746857567e-01,2.884432269070435151e+00
7.216100000000000136e+01,1.650000000000000000e+03,1.800000000000000000e+03,1.178965107999451201e+00,-3.988479475653985418e-01,2.886928823806483191e+00
7.217799999999999727e+01,1.650000000000000000e+03,1.800000000000000000e+03,nan,nan,nan
7.219499999999999318e+01,1.650000000000000000e+03,1.800000000000000000e+03,1.180355023428064865e+00,-4.050583637867157805e-01,2.860874172318020214e+00
7.221200000000000330e+01,1.650000000000000000e+03,1.800000000000000000e+03,1.181032654040528485e+00,-4.091771002550785852e-01,2.861070217493638879e+00
7.225100000000000477e+01,1.650000000000000000e+03,1.800000000000000000e+03,1.181540193036686448e+00,-4.122619569558478858e-01,2.861266018739776484e+00
7.229399999999999693e+01,1.650000000000000000e+03,1.800000000000000000e+03,1.181540193036686448e+00,-4.122619569558478858e-01,2.861266018739776484e+00
7.232299999999999329e+01,1.650000000000000000e+03,1.800000000000000000e+03,1.181540193036686448e+00,-4.122619569558478858e-01,2.861266018739776484e+00
7.234000000000000341e+01,1.650000000000000000e+03,1.800000000000000000e+03,1.181540193036686448e+00,-4.122619569558478858e-01,2.861266018739776484e+00
7.236599999999999966e+01,1.650000000000000000e+03,1.800000000000000000e+03,1.181540193036686448e+00,-4.122619569558478858e-01,2.861266018739776484e+00
7.238400000000000034e+01,1.650000000000000000e+03,1.800000000000000000e+03,1.183564507753679163e+00,-4.245655520059621324e-01,2.861879006394298042e+00
7.240099999999999625e+01,1.650000000000000000e+03,1.800000000000000000e+03,1.184774552883314458e+00,-4.296952485337772742e-01,2.862073794198170873e+00
7.241800000000000637e+01,1.650000000000000000e+03,1.800000000000000000e+03,1.187452900429226244e+00,-4.459797668460216968e-01,2.812467529202971050e+00
7.243500000000000227e+01,1.650000000000000000e+03,1.800000000000000000e+03,1.187452900429226244e+00,-4.459797668460216968e-01,2.812467529202971050e+00
7.245199999999999818e+01,1.650000000000000000e+03,1.800000000000000000e+03,1.187452900429226244e+00,-4.459797668460216968e-01,2.812467529202971050e+00
7.246899999999999409e+01,1.650000000000000000e+03,1.800000000000000000e+03,1.188154573187750085e+00,-4.480281816431030961e-01,2.837453824080123255e+00
7.248699999999999477e+01,1.650000000000000000e+03,1.800000000000000000e+03,1.188154573187750085e+00,-4.480281816431030961e-01,2.837453824080123255e+00
7.250499999999999545e+01,1.650000000000000000e+03,1.800000000000000000e+03,1.189949021668242679e+00,-4.611555016670356721e-01,2.813385065654122386e+00
7.252200000000000557e+01,1.650000000000000000e+03,1.800000000000000000e+03,1.190245427942441037e+00,-4.651678112875128335e-01,2.810843478912259830e+00
7.253900000000000148e+01,1.650000000000000000e+03,1.800000000000000000e+03,1.190245427942441037e+00,-4.651678112875128335e-01,2.810843478912259830e+00
7.255599999999999739e+01,1.650000000000000000e+03,1.800000000000000000e+03,1.190541391234402502e+00,-4.691739904684721907e-01,2.813858993435574885e+00
7.257299999999999329e+01,1.650000000000000000e+03,1.800000000000000000e+03,1.191238800014320365e+00,-4.712043820125506599e-01,2.814078643587422768e+00
7.259099999999999397e+01,1.650000000000000000e+03,1.800000000000000000e+03,1.191368455025801687e+00,-4.741977484875556925e-01,2.787104645975521766e+00
7.260899999999999466e+01,1.650000000000000000e+03,1.800000000000000000e+03,1.191368455025801687e+00,-4.741977484875556925e-01,2.787104645975521766e+00
7.262699999999999534e+01,1.650000000000000000e+03,1.800000000000000000e+03,1.191368455025801687e+00,-4.741977484875556925e-01,2.787104645975521766e+00
7.264400000000000546e+01,1.650000000000000000e+03,1.800000000000000000e+03,1.193511482349255637e+00,-4.872145280213286966e-01,2.790788013268513001e+00
7.266100000000000136e+01,1.650000000000000000e+03,1.800000000000000000e+03,1.193511482349255637e+00,-4.872145280213286966e-01,2.790788013268513001e+00
7.267799999999999727e+01,1.650000000000000000e+03,1.800000000000000000e+03,1.193803770064448155e+00,-4.911870952511057098e-01,2.788072699806659838e+00
7.269499999999999318e+01,1.650000000000000000e+03,1.800000000000000000e+03,1.193803770064448155e+00,-4.911870952511057098e-01,2.788072699806659838e+00
7.271200000000000330e+01,1.650000000000000000e+03,1.800000000000000000e+03,1.194332913348233660e+00,-4.922037526479474678e-01,2.764578130285828550e+00
7.273000000000000398e+01,1.650000000000000000e+03,1.800000000000000000e+03,1.194332913348233660e+00,-4.922037526479474678e-01,2.764578130285828550e+00
7.274699999999999989e+01,1.650000000000000000e+03,1.800000000000000000e+03,1.194788230949715535e+00,-4.971639175514415143e-01,2.767985562431878321e+00
7.276399999999999579e+01,1.650000000000000000e+03,1.800000000000000000e+03,1.195079016418783446e+00,-5.011213620830465842e-01,2.765105445759288294e+00
7.278100000000000591e+01,1.650000000000000000e+03,1.800000000000000000e+03,1.196060180680729168e+00,-5.070754484295862952e-01,2.742553730583039417e+00
7.279800000000000182e+01,1.650000000000000000e+03,1.800000000000000000e+03,1.196060180680729168e+00,-5.070754484295862952e-01,2.742553730583039417e+00
7.281399999999999295e+01,1.650000000000000000e+03,1.800000000000000000e+03,1.196060180680729168e+00,-5.070754484295862952e-01,2.742553730583039417e+00
7.283100000000000307e+01,1.650000000000000000e+03,1.800000000000000000e+03,1.197289802332529796e+00,-5.189041249515620180e-01,2.740014649512837686e+00
7.284900000000000375e+01,1.650000000000000000e+03,1.800000000000000000e+03,1.200578156946591868e+00,-5.453516008865619824e-01,2.697889643881556943e+00
7.286599999999999966e+01,1.650000000000000000e+03,1.800000000000000000e+03,1.201222900951515626e+00,-5.492553235289259206e-01,2.698158009955929248e+00
7.288299999999999557e+01,1.650000000000000000e+03,1.800000000000000000e+03,1.201222900951515626e+00,-5.492553235289259206e-01,2.698158009955929248e+00
7.290000000000000568e+01,1.650000000000000000e+03,1.800000000000000000e+03,1.201345143887269318e+00,-5.521601394729960255e-01,2.681079267458712501e+00
7.291700000000000159e+01,1.650000000000000000e+03,1.800000000000000000e+03,1.202709282790395129e+00,-5.560917138898813228e-01,2.681353419066179189e+00
7.293399999999999750e+01,1.650000000000000000e+03,1.800000000000000000e+03,1.202709282790395129e+00,-5.560917138898813228e-01,2.681353419066179189e+00
7.295099999999999341e+01,1.650000000000000000e+03,1.800000000000000000e+03,1.202912390503368734e+00,-5.638037922623295728e-01,2.681958304020681805e+00
7.296800000000000352e+01,1.650000000000000000e+03,1.800000000000000000e+03,1.202912390503368734e+00,-5.638037922623295728e-01,2.681958304020681805e+00
7.298499999999999943e+01,1.650000000000000000e+03,1.800000000000000000e+03,1.202912390503368734e+00,-5.638037922623295728e-01,2.681958304020681805e+00
7.300199999999999534e+01,1.650000000000000000e+03,1.800000000000000000e+03,1.203196353031011245e+00,-5.762844312808641511e-01,2.658966951823135805e+00
7.301900000000000546e+01,1.650000000000000000e+03,1.800000000000000000e+03,1.203196353031011245e+00,-5.762844312808641511e-01,2.658966951823135805e+00
7.303700000000000614e+01,1.650000000000000000e+03,1.800000000000000000e+03,1.203476624300356068e+00,-5.801226203175806617e-01,2.659247124908065807e+00
7.305400000000000205e+01,1.650000000000000000e+03,1.800000000000000000e+03,1.203238413356346292e+00,-5.829739213024196509e-01,2.639747100249894451e+00
7.306999999999999318e+01,1.650000000000000000e+03,1.800000000000000000e+03,1.203238413356346292e+00,-5.829739213024196509e-01,2.639747100249894451e+00
7.308799999999999386e+01,1.650000000000000000e+03,1.800000000000000000e+03,1.203238413356346292e+00,-5.829739213024196509e-01,2.639747100249894451e+00
7.310599999999999454e+01,1.650000000000000000e+03,1.800000000000000000e+03,1.203638442098912797e+00,-5.896648008458589274e-01,2.640384498698386651e+00
7.312300000000000466e+01,1.650000000000000000e+03,1.800000000000000000e+03,1.203559903910923268e+00,-5.934642263368905546e-01,2.636659773192842060e+00
7.314000000000000057e+01,1.650000000000000000e+03,1.800000000000000000e+03,1.203559903910923268e+00,-5.934642263368905546e-01,2.636659773192842060e+00
7.315699999999999648e+01,1.650000000000000000e+03,1.800000000000000000e+03,1.203559903910923268e+00,-5.934642263368905546e-01,2.636659773192842060e+00
7.317400000000000659e+01,1.650000000000000000e+03,1.800000000000000000e+03,1.203919429050280598e+00,-6.020204109615314714e-01,2.641371032079757430e+00
7.319100000000000250e+01,1.650000000000000000e+03,1.800000000000000000e+03,1.203642863159659626e+00,-6.067365911417290647e-01,2.618715144945532813e+00
7.320799999999999841e+01,1.650000000000000000e+03,1.800000000000000000e+03,1.203405844003282432e+00,-6.095583929344225993e-01,2.638002300029579583e+00
7.322499999999999432e+01,1.650000000000000000e+03,1.800000000000000000e+03,1.203405844003282432e+00,-6.095583929344225993e-01,2.638002300029579583e+00
7.324299999999999500e+01,1.650000000000000000e+03,1.800000000000000000e+03,1.203525551796527315e+00,-6.123957014950489608e-01,2.623169398520152740e+00
7.326000000000000512e+01,1.650000000000000000e+03,1.800000000000000000e+03,1.203091303161278436e+00,-6.161428788398914946e-01,2.623528044151481886e+00
7.327700000000000102e+01,1.650000000000000000e+03,1.800000000000000000e+03,1.203211043163582294e+00,-6.189728653849617679e-01,2.619726136277944484e+00
7.329399999999999693e+01,1.650000000000000000e+03,1.800000000000000000e+03,1.203211043163582294e+00,-6.189728653849617679e-01,2.619726136277944484e+00
7.331100000000000705e+01,1.650000000000000000e+03,1.800000000000000000e+03,1.202777601030821319e+00,-6.227103870622059389e-01,2.620085998250599513e+00
7.332800000000000296e+01,1.650000000000000000e+03,1.800000000000000000e+03,1.202541828974493132e+00,-6.255145614861450376e-01,2.601784534618404976e+00
7.334600000000000364e+01,1.650000000000000000e+03,1.800000000000000000e+03,1.201094843497054754e+00,-6.441364990215823205e-01,2.603545800919571995e+00
7.336299999999999955e+01,1.650000000000000000e+03,1.800000000000000000e+03,1.201094843497054754e+00,-6.441364990215823205e-01,2.603545800919571995e+00
7.337999999999999545e+01,1.650000000000000000e+03,1.800000000000000000e+03,1.201139333863010972e+00,-6.506503899524309631e-01,2.599979355846595563e+00
7.339700000000000557e+01,1.650000000000000000e+03,1.800000000000000000e+03,1.201139333863010972e+00,-6.506503899524309631e-01,2.599979355846595563e+00
7.341400000000000148e+01,1.650000000000000000e+03,1.800000000000000000e+03,1.201139333863010972e+00,-6.506503899524309631e-01,2.599979355846595563e+00
7.343099999999999739e+01,1.650000000000000000e+03,1.800000000000000000e+03,1.200477054578587666e+00,-6.571110124756907034e-01,2.578174926236989517e+00
7.344799999999999329e+01,1.650000000000000000e+03,1.800000000000000000e+03,1.200048938821708600e+00,-6.607927931113728448e-01,2.578551515956373663e+00
7.346599999999999397e+01,1.650000000000000000e+03,1.800000000000000000e+03,1.200048938821708600e+00,-6.607927931113728448e-01,2.578551515956373663e+00
7.348300000000000409e+01,1.650000000000000000e+03,1.800000000000000000e+03,1.200048938821708600e+00,-6.607927931113728448e-01,2.578551515956373663e+00
7.349899999999999523e+01,1.650000000000000000e+03,1.800000000000000000e+03,1.200327115134092848e+00,-6.645056230680452813e-01,2.583284535167079010e+00
7.351600000000000534e+01,1.650000000000000000e+03,1.800000000000000000e+03,1.200484786988376351e+00,-6.654375257700344548e-01,2.583284535167079010e+00
7.353300000000000125e+01,1.650000000000000000e+03,1.800000000000000000e+03,1.200484786988376351e+00,-6.654375257700344548e-01,2.583284535167079010e+00
7.354999999999999716e+01,1.650000000000000000e+03,1.800000000000000000e+03,1.199398976245132253e+00,-6.755207954238722223e-01,2.562400658090807859e+00
7.356799999999999784e+01,1.650000000000000000e+03,1.800000000000000000e+03,1.198621436579929256e+00,-6.791577274792093277e-01,2.562782839051899852e+00
7.358499999999999375e+01,1.650000000000000000e+03,1.800000000000000000e+03,1.199093875944721388e+00,-6.819361770306486825e-01,2.558600028152300254e+00
7.360200000000000387e+01,1.650000000000000000e+03,1.800000000000000000e+03,1.199093875944721388e+00,-6.819361770306486825e-01,2.558600028152300254e+00
7.362000000000000455e+01,1.650000000000000000e+03,1.800000000000000000e+03,1.198474957889623660e+00,-6.864879857358903159e-01,2.537624113536688153e+00
7.363700000000000045e+01,1.650000000000000000e+03,1.800000000000000000e+03,1.198401891265240327e+00,-6.901451055985199368e-01,2.542613094441551702e+00
7.365399999999999636e+01,1.650000000000000000e+03,1.800000000000000000e+03,1.198401891265240327e+00,-6.901451055985199368e-01,2.542613094441551702e+00
7.367100000000000648e+01,1.650000000000000000e+03,1.800000000000000000e+03,1.198014485350637814e+00,-6.919536847033751492e-01,2.547230564791886476e+00
7.368800000000000239e+01,1.650000000000000000e+03,1.800000000000000000e+03,1.198014485350637814e+00,-6.919536847033751492e-01,2.547230564791886476e+00
7.370499999999999829e+01,1.650000000000000000e+03,1.800000000000000000e+03,1.197591182329601711e+00,-6.955848973680214264e-01,2.526891869110840183e+00
7.372299999999999898e+01,1.650000000000000000e+03,1.800000000000000000e+03,1.196710654039070398e+00,-7.046489304375573859e-01,2.527680681479438807e+00
7.373900000000000432e+01,1.650000000000000000e+03,1.800000000000000000e+03,1.196289391274893088e+00,-7.082618069186197296e-01,2.528074466486674776e+00
7.375600000000000023e+01,1.650000000000000000e+03,1.800000000000000000e+03,1.196289391274893088e+00,-7.082618069186197296e-01,2.528074466486674776e+00
7.377299999999999613e+01,1.650000000000000000e+03,1.800000000000000000e+03,1.196410840925568930e+00,-7.109903326662272427e-01,2.523742324763359690e+00
7.379000000000000625e+01,1.650000000000000000e+03,1.800000000000000000e+03,1.195291652794556736e+00,-7.145584620045921653e-01,2.493073600919216481e+00
7.380700000000000216e+01,1.650000000000000000e+03,1.800000000000000000e+03,1.195291652794556736e+00,-7.145584620045921653e-01,2.493073600919216481e+00
7.382500000000000284e+01,1.650000000000000000e+03,1.800000000000000000e+03,1.195221364180029777e+00,-7.181748326010266581e-01,2.488615495630785102e+00
7.384199999999999875e+01,1.650000000000000000e+03,1.800000000000000000e+03,1.195221364180029777e+00,-7.181748326010266581e-01,2.488615495630785102e+00
7.385999999999999943e+01,1.650000000000000000e+03,1.800000000000000000e+03,1.192178038601250822e+00,-7.405270138272519453e-01,2.491046806344315190e+00
7.387699999999999534e+01,1.650000000000000000e+03,1.800000000000000000e+03,1.192178038601250822e+00,-7.405270138272519453e-01,2.491046806344315190e+00
7.389400000000000546e+01,1.650000000000000000e+03,1.800000000000000000e+03,1.192178038601250822e+00,-7.405270138272519453e-01,2.491046806344315190e+00
7.391100000000000136e+01,1.650000000000000000e+03,1.800000000000000000e+03,1.189861754884725009e+00,-7.529255878451022177e-01,2.472869514045286543e+00
7.392799999999999727e+01,1.650000000000000000e+03,1.800000000000000000e+03,1.189861754884725009e+00,-7.529255878451022177e-01,2.472869514045286543e+00
7.394499999999999318e+01,1.650000000000000000e+03,1.800000000000000000e+03,1.189861754884725009e+00,-7.529255878451022177e-01,2.472869514045286543e+00
7.396200000000000330e+01,1.650000000000000000e+03,1.800000000000000000e+03,1.188946167055122682e+00,-7.555531808300761654e-01,2.458788551014884138e+00
7.398000000000000398e+01,1.650000000000000000e+03,1.800000000000000000e+03,1.188691757987666353e+00,-7.599902565697784773e-01,2.459200846678825325e+00
7.399699999999999989e+01,1.650000000000000000e+03,1.800000000000000000e+03,1.188280996978740900e+00,-7.635237538928736356e-01,2.459612747874355243e+00
7.401399999999999579e+01,1.650000000000000000e+03,1.800000000000000000e+03,1.188280996978740900e+00,-7.635237538928736356e-01,2.459612747874355243e+00
7.403100000000000591e+01,1.650000000000000000e+03,1.800000000000000000e+03,1.188059757946685835e+00,-7.661749144063620953e-01,2.455003146087086918e+00
7.404800000000000182e+01,1.650000000000000000e+03,1.800000000000000000e+03,1.187304450414621293e+00,-7.696822376930061438e-01,2.450439897060034955e+00
7.406499999999999773e+01,1.650000000000000000e+03,1.800000000000000000e+03,1.187304450414621293e+00,-7.696822376930061438e-01,2.450439897060034955e+00
7.408199999999999363e+01,1.650000000000000000e+03,1.800000000000000000e+03,1.186236387278171822e+00,-7.713993598261010831e-01,2.436829965182995217e+00
7.409999999999999432e+01,1.650000000000000000e+03,1.800000000000000000e+03,1.184137009064078150e+00,-7.827733256427538144e-01,2.433036012865442022e+00
7.411700000000000443e+01,1.650000000000000000e+03,1.800000000000000000e+03,1.182885544405710476e+00,-7.853522383337403490e-01,2.414792703116765527e+00
7.413299999999999557e+01,1.650000000000000000e+03,1.800000000000000000e+03,1.182668196608164024e+00,-7.879800757405694966e-01,2.420440117460821661e+00
7.415099999999999625e+01,1.650000000000000000e+03,1.800000000000000000e+03,1.182668196608164024e+00,-7.879800757405694966e-01,2.420440117460821661e+00
7.416800000000000637e+01,1.650000000000000000e+03,1.800000000000000000e+03,1.181920069991622579e+00,-7.914565996807692017e-01,2.420859359266434474e+00
7.418500000000000227e+01,1.650000000000000000e+03,1.800000000000000000e+03,1.181173006600531483e+00,-7.949282240839590230e-01,2.410884429206661572e+00
7.420199999999999818e+01,1.650000000000000000e+03,1.800000000000000000e+03,1.181173006600531483e+00,-7.949282240839590230e-01,2.410884429206661572e+00
7.421899999999999409e+01,1.650000000000000000e+03,1.800000000000000000e+03,1.179926189827318783e+00,-7.974944872458733514e-01,2.403506528404516729e+00
7.423600000000000421e+01,1.650000000000000000e+03,1.800000000000000000e+03,1.179926189827318783e+00,-7.974944872458733514e-01,2.403506528404516729e+00
7.425400000000000489e+01,1.650000000000000000e+03,1.800000000000000000e+03,1.179710973102063409e+00,-8.001093944664741109e-01,2.416595440293925812e+00
7.427100000000000080e+01,1.650000000000000000e+03,1.800000000000000000e+03,1.176824003375231520e+00,-8.086978097551598132e-01,2.399741436440152142e+00
7.428799999999999670e+01,1.650000000000000000e+03,1.800000000000000000e+03,1.176083175069404296e+00,-8.121452028237841070e-01,2.400163259007740191e+00
7.430500000000000682e+01,1.650000000000000000e+03,1.800000000000000000e+03,1.176083175069404296e+00,-8.121452028237841070e-01,2.400163259007740191e+00
7.432200000000000273e+01,1.650000000000000000e+03,1.800000000000000000e+03,1.175001030387907264e+00,-8.155707848659052850e-01,2.395366662232587984e+00
7.434000000000000341e+01,1.650000000000000000e+03,1.800000000000000000e+03,1.174789247188086971e+00,-8.181665042847354741e-01,2.377904513114459828e+00
7.435699999999999932e+01,1.650000000000000000e+03,1.800000000000000000e+03,1.169613024379746680e+00,-8.326273193696800412e-01,2.369146490120927595e+00
7.437399999999999523e+01,1.650000000000000000e+03,1.800000000000000000e+03,1.169613024379746680e+00,-8.326273193696800412e-01,2.369146490120927595e+00
7.439100000000000534e+01,1.650000000000000000e+03,1.800000000000000000e+03,1.167541418411741416e+00,-8.342507985606433252e-01,2.352018391838573752e+00
7.440900000000000603e+01,1.650000000000000000e+03,1.800000000000000000e+03,1.167541418411741416e+00,-8.342507985606433252e-01,2.352018391838573752e+00
7.442600000000000193e+01,1.650000000000000000e+03,1.800000000000000000e+03,1.167541418411741416e+00,-8.342507985606433252e-01,2.352018391838573752e+00
7.444299999999999784e+01,1.650000000000000000e+03,1.800000000000000000e+03,1.165535224603137632e+00,-8.436213934180192275e-01,2.358866898640237242e+00
7.445999999999999375e+01,1.650000000000000000e+03,1.800000000000000000e+03,1.162244779069484091e+00,-8.477519828132651369e-01,2.342948663835341172e+00
7.447700000000000387e+01,1.650000000000000000e+03,1.800000000000000000e+03,1.162244779069484091e+00,-8.477519828132651369e-01,2.342948663835341172e+00
7.449399999999999977e+01,1.650000000000000000e+03,1.800000000000000000e+03,1.162244779069484091e+00,-8.477519828132651369e-01,2.342948663835341172e+00
7.451099999999999568e+01,1.650000000000000000e+03,1.800000000000000000e+03,1.161701172571893093e+00,-8.502970650713899126e-01,2.331768520486605656e+00
7.452800000000000580e+01,1.650000000000000000e+03,1.800000000000000000e+03,1.161136130806146749e+00,-8.545496040224764833e-01,2.332196195061622568e+00
7.454500000000000171e+01,1.650000000000000000e+03,1.800000000000000000e+03,1.161136130806146749e+00,-8.545496040224764833e-01,2.332196195061622568e+00
7.456199999999999761e+01,1.650000000000000000e+03,1.800000000000000000e+03,1.160413248940763253e+00,-8.579329890202984643e-01,2.332623537545545300e+00
7.457899999999999352e+01,1.650000000000000000e+03,1.800000000000000000e+03,1.159532465522786548e+00,-8.604508454247072891e-01,2.316291906139886780e+00
7.459600000000000364e+01,1.650000000000000000e+03,1.800000000000000000e+03,1.159532465522786548e+00,-8.604508454247072891e-01,2.316291906139886780e+00
7.461400000000000432e+01,1.650000000000000000e+03,1.800000000000000000e+03,1.155201721115424851e+00,-8.679061825738254576e-01,2.317233313306273246e+00
7.463100000000000023e+01,1.650000000000000000e+03,1.800000000000000000e+03,1.154484976177100108e+00,-8.712710505570289143e-01,2.306581399814060518e+00
7.464799999999999613e+01,1.650000000000000000e+03,1.800000000000000000e+03,1.154266972049033058e+00,-8.755035073196704154e-01,2.307950280553576317e+00
7.466500000000000625e+01,1.650000000000000000e+03,1.800000000000000000e+03,1.154266972049033058e+00,-8.755035073196704154e-01,2.307950280553576317e+00
7.468300000000000693e+01,1.650000000000000000e+03,1.800000000000000000e+03,1.154266972049033058e+00,-8.755035073196704154e-01,2.307950280553576317e+00
7.470099999999999341e+01,1.650000000000000000e+03,1.800000000000000000e+03,1.151007607835274449e+00,-8.795806736391367231e-01,2.297326487900920089e+00
7.471800000000000352e+01,1.650000000000000000e+03,1.800000000000000000e+03,1.151007607835274449e+00,-8.795806736391367231e-01,2.297326487900920089e+00
7.473600000000000421e+01,1.650000000000000000e+03,1.800000000000000000e+03,1.151007607835274449e+00,-8.795806736391367231e-01,2.297326487900920089e+00
7.475300000000000011e+01,1.650000000000000000e+03,1.800000000000000000e+03,1.150473449506786094e+00,-8.820926423358792512e-01,2.278168902565074649e+00
7.476999999999999602e+01,1.650000000000000000e+03,1.800000000000000000e+03,1.149246905947319597e+00,-8.862570900331179224e-01,2.298334307079687111e+00
7.478700000000000614e+01,1.650000000000000000e+03,1.800000000000000000e+03,1.148039705338801841e+00,-8.887294283246776061e-01,2.282799504655455447e+00
7.480500000000000682e+01,1.650000000000000000e+03,1.800000000000000000e+03,1.148039705338801841e+00,-8.887294283246776061e-01,2.282799504655455447e+00
7.482200000000000273e+01,1.650000000000000000e+03,1.800000000000000000e+03,1.143207786920926061e+00,-9.002717591153572840e-01,2.274909976790628452e+00
7.483899999999999864e+01,1.650000000000000000e+03,1.800000000000000000e+03,1.142840509814572414e+00,-9.036081638482920120e-01,2.269521046599865421e+00
7.485599999999999454e+01,1.650000000000000000e+03,1.800000000000000000e+03,1.136009718456974182e+00,-9.166497082507829575e-01,2.245039274784538907e+00
7.487300000000000466e+01,1.650000000000000000e+03,1.800000000000000000e+03,1.136009718456974182e+00,-9.166497082507829575e-01,2.245039274784538907e+00
7.489000000000000057e+01,1.650000000000000000e+03,1.800000000000000000e+03,1.136009718456974182e+00,-9.166497082507829575e-01,2.245039274784538907e+00
7.490699999999999648e+01,1.650000000000000000e+03,1.800000000000000000e+03,1.134978267304339372e+00,-9.199313115161817933e-01,2.251403945274125018e+00
7.492400000000000659e+01,1.650000000000000000e+03,1.800000000000000000e+03,1.133116678813633538e+00,-9.223373670068686359e-01,2.246054181300055852e+00
7.494100000000000250e+01,1.650000000000000000e+03,1.800000000000000000e+03,1.133116678813633538e+00,-9.223373670068686359e-01,2.246054181300055852e+00
7.495900000000000318e+01,1.650000000000000000e+03,1.800000000000000000e+03,1.129539921265027447e+00,-9.312938014114631180e-01,2.232694242894232239e+00
7.497599999999999909e+01,1.650000000000000000e+03,1.800000000000000000e+03,1.127523292011123113e+00,-9.328533230216118355e-01,2.227209546207996826e+00
7.499299999999999500e+01,1.650000000000000000e+03,1.800000000000000000e+03,1.125670467811136666e+00,-9.352465943331713660e-01,2.221745514964273305e+00
7.501000000000000512e+01,1.650000000000000000e+03,1.800000000000000000e+03,1.125670467811136666e+00,-9.352465943331713660e-01,2.221745514964273305e+00
7.502700000000000102e+01,1.650000000000000000e+03,1.800000000000000000e+03,1.124316142667401763e+00,-9.384870262325093471e-01,2.222339797147443008e+00
7.504399999999999693e+01,1.650000000000000000e+03,1.800000000000000000e+03,1.122800912906086523e+00,-9.408906329716160144e-01,2.220231014555592797e+00
7.506100000000000705e+01,1.650000000000000000e+03,1.800000000000000000e+03,1.120953573903464617e+00,-9.432759722399843838e-01,2.217166806317345973e+00
7.507800000000000296e+01,1.650000000000000000e+03,1.800000000000000000e+03,1.120953573903464617e+00,-9.432759722399843838e-01,2.217166806317345973e+00
7.509499999999999886e+01,1.650000000000000000e+03,1.800000000000000000e+03,1.119938152228893369e+00,-9.465214576796423529e-01,2.211586004561686192e+00
7.511199999999999477e+01,1.650000000000000000e+03,1.800000000000000000e+03,1.119938152228893369e+00,-9.465214576796423529e-01,2.211586004561686192e+00
7.512999999999999545e+01,1.650000000000000000e+03,1.800000000000000000e+03,1.114401896307667617e+00,-9.569325486430297900e-01,2.197141826464340753e+00
7.514600000000000080e+01,1.650000000000000000e+03,1.800000000000000000e+03,1.114401896307667617e+00,-9.569325486430297900e-01,2.197141826464340753e+00
7.516400000000000148e+01,1.650000000000000000e+03,1.800000000000000000e+03,1.112232426775388028e+00,-9.592863407367375750e-01,2.199602125795253826e+00
7.518099999999999739e+01,1.650000000000000000e+03,1.800000000000000000e+03,1.110401411928208182e+00,-9.600180101700548363e-01,2.186034582567319529e+00
7.519799999999999329e+01,1.650000000000000000e+03,1.800000000000000000e+03,1.110401411928208182e+00,-9.600180101700548363e-01,2.186034582567319529e+00
7.521599999999999397e+01,1.650000000000000000e+03,1.800000000000000000e+03,1.110401411928208182e+00,-9.600180101700548363e-01,2.186034582567319529e+00
7.523300000000000409e+01,1.650000000000000000e+03,1.800000000000000000e+03,1.108896628722271682e+00,-9.640341793999289699e-01,2.186631880689334562e+00
7.525000000000000000e+01,1.650000000000000000e+03,1.800000000000000000e+03,1.108896628722271682e+00,-9.640341793999289699e-01,2.186631880689334562e+00
7.526800000000000068e+01,1.650000000000000000e+03,1.800000000000000000e+03,1.107232640260618517e+00,-9.655885883132886427e-01,2.188652823147079207e+00
7.528499999999999659e+01,1.650000000000000000e+03,1.800000000000000000e+03,1.101083432068687529e+00,-9.758863664033445851e-01,2.175411243121747606e+00
7.530299999999999727e+01,1.650000000000000000e+03,1.800000000000000000e+03,1.099260471278417306e+00,-9.782373513582975910e-01,2.170967045129273298e+00
7.531999999999999318e+01,1.650000000000000000e+03,1.800000000000000000e+03,1.098101538430104718e+00,-9.806171263341152411e-01,2.163951338660922374e+00
7.533799999999999386e+01,1.650000000000000000e+03,1.800000000000000000e+03,1.096115897041471943e+00,-9.821453947311655774e-01,2.164548917377738135e+00
7.535500000000000398e+01,1.650000000000000000e+03,1.800000000000000000e+03,1.096115897041471943e+00,-9.821453947311655774e-01,2.164548917377738135e+00
7.537199999999999989e+01,1.650000000000000000e+03,1.800000000000000000e+03,1.088687437433628613e+00,-9.906961430535470292e-01,2.154042893644942502e+00
7.538899999999999579e+01,1.650000000000000000e+03,1.800000000000000000e+03,1.088687437433628613e+00,-9.906961430535470292e-01,2.154042893644942502e+00
7.540600000000000591e+01,1.650000000000000000e+03,1.800000000000000000e+03,1.088687437433628613e+00,-9.906961430535470292e-01,2.154042893644942502e+00
7.542300000000000182e+01,1.650000000000000000e+03,1.800000000000000000e+03,1.087206612429765240e+00,-9.930481542222033831e-01,2.141320523570993117e+00
7.543899999999999295e+01,1.650000000000000000e+03,1.800000000000000000e+03,1.085067039708672132e+00,-9.953670541867913890e-01,2.141918219430804182e+00
7.545799999999999841e+01,1.650000000000000000e+03,1.800000000000000000e+03,1.083757106931787950e+00,-9.985271920468288265e-01,2.136134422251095621e+00
7.547499999999999432e+01,1.650000000000000000e+03,1.800000000000000000e+03,1.081453821787824676e+00,-1.000028900304720469e+00,2.136525820119414831e+00
7.549200000000000443e+01,1.650000000000000000e+03,1.800000000000000000e+03,1.080147617017412687e+00,-1.003182863833147032e+00,2.137122827126283653e+00
7.550900000000000034e+01,1.650000000000000000e+03,1.800000000000000000e+03,1.078016125146534998e+00,-1.005492009931293840e+00,2.137719368971713330e+00
7.552700000000000102e+01,1.650000000000000000e+03,1.800000000000000000e+03,1.078016125146534998e+00,-1.005492009931293840e+00,2.137719368971713330e+00
7.554399999999999693e+01,1.650000000000000000e+03,1.800000000000000000e+03,1.078016125146534998e+00,-1.005492009931293840e+00,2.137719368971713330e+00
7.556100000000000705e+01,1.650000000000000000e+03,1.800000000000000000e+03,1.071483925432807238e+00,-1.014797859614777753e+00,2.114325030642731473e+00
7.557800000000000296e+01,1.650000000000000000e+03,1.800000000000000000e+03,1.071483925432807238e+00,-1.014797859614777753e+00,2.114325030642731473e+00
7.559499999999999886e+01,1.650000000000000000e+03,1.800000000000000000e+03,1.068694261830458681e+00,-1.015467778396061505e+00,2.108423420978549956e+00
7.561199999999999477e+01,1.650000000000000000e+03,1.800000000000000000e+03,1.068694261830458681e+00,-1.015467778396061505e+00,2.108423420978549956e+00
7.562900000000000489e+01,1.650000000000000000e+03,1.800000000000000000e+03,1.067072357628006340e+00,-1.018586173255934479e+00,2.115322842749528753e+00
7.564700000000000557e+01,1.650000000000000000e+03,1.800000000000000000e+03,1.067072357628006340e+00,-1.018586173255934479e+00,2.115322842749528753e+00
7.566400000000000148e+01,1.650000000000000000e+03,1.800000000000000000e+03,1.065452617236831712e+00,-1.021700467700818571e+00,2.103054299454753195e+00
7.568099999999999739e+01,1.650000000000000000e+03,1.800000000000000000e+03,1.059924199168619463e+00,-1.027811116713174489e+00,2.092240337134265271e+00
7.569799999999999329e+01,1.650000000000000000e+03,1.800000000000000000e+03,1.059924199168619463e+00,-1.027811116713174489e+00,2.092240337134265271e+00
7.571500000000000341e+01,1.650000000000000000e+03,1.800000000000000000e+03,1.058312413329669743e+00,-1.030913347738880770e+00,2.092834702121388890e+00
7.573199999999999932e+01,1.650000000000000000e+03,1.800000000000000000e+03,1.054425469439539409e+00,-1.035491461301402794e+00,2.081953448438520926e+00
7.574899999999999523e+01,1.650000000000000000e+03,1.800000000000000000e+03,1.054425469439539409e+00,-1.035491461301402794e+00,2.081953448438520926e+00
7.576600000000000534e+01,1.650000000000000000e+03,1.800000000000000000e+03,1.054425469439539409e+00,-1.035491461301402794e+00,2.081953448438520926e+00
7.578300000000000125e+01,1.650000000000000000e+03,1.800000000000000000e+03,1.052476916811122321e+00,-1.036985540790773097e+00,2.076054599595568817e+00
7.579999999999999716e+01,1.650000000000000000e+03,1.800000000000000000e+03,1.050546158786396012e+00,-1.040060827543283217e+00,2.076647358482497818e+00
7.583700000000000330e+01,1.650000000000000000e+03,1.800000000000000000e+03,1.048600763083269660e+00,-1.041552084844817205e+00,2.065553970694744557e+00
7.587900000000000489e+01,1.650000000000000000e+03,1.800000000000000000e+03,1.048600763083269660e+00,-1.041552084844817205e+00,2.065553970694744557e+00
7.590399999999999636e+01,1.650000000000000000e+03,1.800000000000000000e+03,1.048600763083269660e+00,-1.041552084844817205e+00,2.065553970694744557e+00
7.592100000000000648e+01,1.650000000000000000e+03,1.800000000000000000e+03,1.046656615290967540e+00,-1.043042435746862839e+00,2.071084737027015787e+00
7.594400000000000261e+01,1.650000000000000000e+03,1.800000000000000000e+03,1.046656615290967540e+00,-1.043042435746862839e+00,2.071084737027015787e+00
7.596099999999999852e+01,1.650000000000000000e+03,1.800000000000000000e+03,1.031217381291348989e+00,-1.059642678977495311e+00,2.044251404952472040e+00
7.597799999999999443e+01,1.650000000000000000e+03,1.800000000000000000e+03,1.029286365202368270e+00,-1.061121932872105322e+00,2.033698663835226572e+00
7.599500000000000455e+01,1.650000000000000000e+03,1.800000000000000000e+03,1.029286365202368270e+00,-1.061121932872105322e+00,2.033698663835226572e+00
7.601200000000000045e+01,1.650000000000000000e+03,1.800000000000000000e+03,1.020625360928535397e+00,-1.068548861001462846e+00,2.022822562490333986e+00
7.602899999999999636e+01,1.650000000000000000e+03,1.800000000000000000e+03,1.019202595056198479e+00,-1.070825298544758386e+00,2.019133236846966106e+00
7.604600000000000648e+01,1.650000000000000000e+03,1.800000000000000000e+03,1.016305301012734530e+00,-1.072253794665259718e+00,2.017096736602476792e+00
7.606300000000000239e+01,1.650000000000000000e+03,1.800000000000000000e+03,1.016305301012734530e+00,-1.072253794665259718e+00,2.017096736602476792e+00
7.607999999999999829e+01,1.650000000000000000e+03,1.800000000000000000e+03,1.014737681844492423e+00,-1.075298454024269823e+00,2.017679223403031408e+00
7.609699999999999420e+01,1.650000000000000000e+03,1.800000000000000000e+03,1.014737681844492423e+00,-1.075298454024269823e+00,2.017679223403031408e+00
7.611499999999999488e+01,1.650000000000000000e+03,1.800000000000000000e+03,1.012169216915858705e+00,-1.076738963740468069e+00,2.011550515566914665e+00
7.613100000000000023e+01,1.650000000000000000e+03,1.800000000000000000e+03,1.012169216915858705e+00,-1.076738963740468069e+00,2.011550515566914665e+00
7.614799999999999613e+01,1.650000000000000000e+03,1.800000000000000000e+03,1.010074126900470270e+00,-1.077422425984830401e+00,2.001562471272726462e+00
7.616599999999999682e+01,1.650000000000000000e+03,1.800000000000000000e+03,1.008010433748363965e+00,-1.079661241836740171e+00,1.999068023706082498e+00
7.618300000000000693e+01,1.650000000000000000e+03,1.800000000000000000e+03,1.001150404682391137e+00,-1.084785028800372420e+00,1.990478321999361144e+00
7.620000000000000284e+01,1.650000000000000000e+03,1.800000000000000000e+03,1.001150404682391137e+00,-1.084785028800372420e+00,1.990478321999361144e+00
7.621699999999999875e+01,1.650000000000000000e+03,1.800000000000000000e+03,9.965373429391357618e-01,-1.088450712488886030e+00,1.984874166412263552e+00
7.623399999999999466e+01,1.650000000000000000e+03,1.800000000000000000e+03,9.948088799139738203e-01,-1.090693715149850807e+00,1.975397093021881600e+00
7.625100000000000477e+01,1.650000000000000000e+03,1.800000000000000000e+03,9.948088799139738203e-01,-1.090693715149850807e+00,1.975397093021881600e+00
7.626800000000000068e+01,1.650000000000000000e+03,1.800000000000000000e+03,9.948088799139738203e-01,-1.090693715149850807e+00,1.975397093021881600e+00
7.628499999999999659e+01,1.650000000000000000e+03,1.800000000000000000e+03,9.922552591485782614e-01,-1.092125302495161598e+00,1.972270245649789810e+00
7.630200000000000671e+01,1.650000000000000000e+03,1.800000000000000000e+03,9.900267449823814125e-01,-1.093570499915930583e+00,1.969824270351767215e+00
7.631900000000000261e+01,1.650000000000000000e+03,1.800000000000000000e+03,9.881230486315437656e-01,-1.095029257529564148e+00,1.973308438129441900e+00
7.633599999999999852e+01,1.650000000000000000e+03,1.800000000000000000e+03,9.881230486315437656e-01,-1.095029257529564148e+00,1.973308438129441900e+00
7.635399999999999920e+01,1.650000000000000000e+03,1.800000000000000000e+03,9.881230486315437656e-01,-1.095029257529564148e+00,1.973308438129441900e+00
7.637000000000000455e+01,1.650000000000000000e+03,1.800000000000000000e+03,9.646836967277252484e-01,-1.110904280819748458e+00,1.934750759637911877e+00
7.638700000000000045e+01,1.650000000000000000e+03,1.800000000000000000e+03,9.618285536679254122e-01,-1.112310121793336659e+00,1.928342414172965702e+00
7.640399999999999636e+01,1.650000000000000000e+03,1.800000000000000000e+03,9.618285536679254122e-01,-1.112310121793336659e+00,1.928342414172965702e+00
7.642100000000000648e+01,1.650000000000000000e+03,1.800000000000000000e+03,9.570897907565876217e-01,-1.115162018462530380e+00,1.922454721266764199e+00
7.643800000000000239e+01,1.650000000000000000e+03,1.800000000000000000e+03,9.570897907565876217e-01,-1.115162018462530380e+00,1.922454721266764199e+00
7.645499999999999829e+01,1.650000000000000000e+03,1.800000000000000000e+03,9.570897907565876217e-01,-1.115162018462530380e+00,1.922454721266764199e+00
7.647199999999999420e+01,1.650000000000000000e+03,1.800000000000000000e+03,9.545132249290595450e-01,-1.115048714199090352e+00,1.922940925524219358e+00
7.648900000000000432e+01,1.650000000000000000e+03,1.800000000000000000e+03,9.525424742277561752e-01,-1.118782349801221709e+00,1.916527578672709398e+00
7.650600000000000023e+01,1.650000000000000000e+03,1.800000000000000000e+03,9.498319433431787751e-01,-1.119426711709209599e+00,1.917016025070642060e+00
7.652400000000000091e+01,1.650000000000000000e+03,1.800000000000000000e+03,9.498319433431787751e-01,-1.119426711709209599e+00,1.917016025070642060e+00
7.654200000000000159e+01,1.650000000000000000e+03,1.800000000000000000e+03,9.498319433431787751e-01,-1.119426711709209599e+00,1.917016025070642060e+00
7.655899999999999750e+01,1.650000000000000000e+03,1.800000000000000000e+03,9.376854029274439561e-01,-1.125754042402761002e+00,1.891088857004677326e+00
7.657599999999999341e+01,1.650000000000000000e+03,1.800000000000000000e+03,9.376854029274439561e-01,-1.125754042402761002e+00,1.891088857004677326e+00
7.659300000000000352e+01,1.650000000000000000e+03,1.800000000000000000e+03,9.376854029274439561e-01,-1.125754042402761002e+00,1.891088857004677326e+00
7.661100000000000421e+01,1.650000000000000000e+03,1.800000000000000000e+03,9.356784953207788469e-01,-1.127948402297617392e+00,1.890351776079482793e+00
7.662800000000000011e+01,1.650000000000000000e+03,1.800000000000000000e+03,9.329759195396933880e-01,-1.128590731916987444e+00,1.883824982845103024e+00
7.664499999999999602e+01,1.650000000000000000e+03,1.800000000000000000e+03,9.329759195396933880e-01,-1.128590731916987444e+00,1.883824982845103024e+00
7.666299999999999670e+01,1.650000000000000000e+03,1.800000000000000000e+03,9.302741298687480231e-01,-1.129232962320970035e+00,1.884325350609154848e+00
7.668000000000000682e+01,1.650000000000000000e+03,1.800000000000000000e+03,9.281404267017130394e-01,-1.132177421092399605e+00,1.877805307080284036e+00
7.669700000000000273e+01,1.650000000000000000e+03,1.800000000000000000e+03,9.254414897374316773e-01,-1.132818808991308046e+00,1.878307787995254552e+00
7.671399999999999864e+01,1.650000000000000000e+03,1.800000000000000000e+03,9.254414897374316773e-01,-1.132818808991308046e+00,1.878307787995254552e+00
7.673199999999999932e+01,1.650000000000000000e+03,1.800000000000000000e+03,9.254414897374316773e-01,-1.132818808991308046e+00,1.878307787995254552e+00
7.674899999999999523e+01,1.650000000000000000e+03,1.800000000000000000e+03,9.134271718701729714e-01,-1.140628106224266691e+00,1.859503206879305370e+00
7.676600000000000534e+01,1.650000000000000000e+03,1.800000000000000000e+03,9.102235099946429653e-01,-1.140489626520146071e+00,1.852813412934528836e+00
7.678300000000000125e+01,1.650000000000000000e+03,1.800000000000000000e+03,9.102235099946429653e-01,-1.140489626520146071e+00,1.852813412934528836e+00
7.680100000000000193e+01,1.650000000000000000e+03,1.800000000000000000e+03,9.102235099946429653e-01,-1.140489626520146071e+00,1.852813412934528836e+00
7.681799999999999784e+01,1.650000000000000000e+03,1.800000000000000000e+03,9.052265791786833216e-01,-1.143295960521413690e+00,1.846334072006934335e+00
7.683499999999999375e+01,1.650000000000000000e+03,1.800000000000000000e+03,9.052265791786833216e-01,-1.143295960521413690e+00,1.846334072006934335e+00
7.685299999999999443e+01,1.650000000000000000e+03,1.800000000000000000e+03,9.052265791786833216e-01,-1.143295960521413690e+00,1.846334072006934335e+00
7.687000000000000455e+01,1.650000000000000000e+03,1.800000000000000000e+03,9.032432143922373147e-01,-1.145474475574138395e+00,1.846859535930999385e+00
7.688700000000000045e+01,1.650000000000000000e+03,1.800000000000000000e+03,8.847155237302002373e-01,-1.152210237116435998e+00,1.822055463271069264e+00
7.690399999999999636e+01,1.650000000000000000e+03,1.800000000000000000e+03,8.847155237302002373e-01,-1.152210237116435998e+00,1.822055463271069264e+00
7.692199999999999704e+01,1.650000000000000000e+03,1.800000000000000000e+03,8.821071833675009355e-01,-1.154353512294116424e+00,1.815048537075055979e+00
7.693899999999999295e+01,1.650000000000000000e+03,1.800000000000000000e+03,8.821071833675009355e-01,-1.154353512294116424e+00,1.815048537075055979e+00
7.695699999999999363e+01,1.650000000000000000e+03,1.800000000000000000e+03,8.767503432806893482e-01,-1.155626737715832242e+00,1.809357260938701417e+00
7.697400000000000375e+01,1.650000000000000000e+03,1.800000000000000000e+03,8.767503432806893482e-01,-1.155626737715832242e+00,1.809357260938701417e+00
7.699099999999999966e+01,1.650000000000000000e+03,1.800000000000000000e+03,8.737537833285708988e-01,-1.156249587328109563e+00,1.802712746914320929e+00
7.700900000000000034e+01,1.650000000000000000e+03,1.800000000000000000e+03,8.737537833285708988e-01,-1.156249587328109563e+00,1.802712746914320929e+00
7.702599999999999625e+01,1.650000000000000000e+03,1.800000000000000000e+03,8.737537833285708988e-01,-1.156249587328109563e+00,1.802712746914320929e+00
7.704200000000000159e+01,1.650000000000000000e+03,1.800000000000000000e+03,8.709556252727550518e-01,-1.157631034418619365e+00,1.795198099741750264e+00
7.706000000000000227e+01,1.650000000000000000e+03,1.800000000000000000e+03,8.685996500498098793e-01,-1.158280712791340594e+00,1.795726709664770659e+00
7.707699999999999818e+01,1.650000000000000000e+03,1.800000000000000000e+03,8.685996500498098793e-01,-1.158280712791340594e+00,1.795726709664770659e+00
7.709399999999999409e+01,1.650000000000000000e+03,1.800000000000000000e+03,8.654853009951839482e-01,-1.159647540076143457e+00,1.797337111083532557e+00
7.711100000000000421e+01,1.650000000000000000e+03,1.500000000000000000e+03,8.551973876166596433e-01,-1.163703303481442575e+00,1.784950363332343803e+00
7.712800000000000011e+01,1.650000000000000000e+03,1.500000000000000000e+03,8.551973876166596433e-01,-1.163703303481442575e+00,1.784950363332343803e+00
7.714499999999999602e+01,1.650000000000000000e+03,1.500000000000000000e+03,8.551973876166596433e-01,-1.163703303481442575e+00,1.784950363332343803e+00
7.716200000000000614e+01,1.650000000000000000e+03,1.500000000000000000e+03,8.516902662993703910e-01,-1.163554771033656898e+00,1.778206311167157772e+00
7.717900000000000205e+01,1.650000000000000000e+03,1.500000000000000000e+03,8.516902662993703910e-01,-1.163554771033656898e+00,1.778206311167157772e+00
7.719599999999999795e+01,1.650000000000000000e+03,1.500000000000000000e+03,8.492224214272978688e-01,-1.164946035938091207e+00,1.771438902278061667e+00
7.721299999999999386e+01,1.650000000000000000e+03,1.500000000000000000e+03,8.465549451037972517e-01,-1.165580766267065194e+00,1.770544727609753233e+00
7.723000000000000398e+01,1.650000000000000000e+03,1.500000000000000000e+03,8.465549451037972517e-01,-1.165580766267065194e+00,1.770544727609753233e+00
7.724800000000000466e+01,1.650000000000000000e+03,1.500000000000000000e+03,8.440898607474127679e-01,-1.166970954502379421e+00,1.763607877599283169e+00
7.726500000000000057e+01,1.650000000000000000e+03,1.500000000000000000e+03,8.409037432382475696e-01,-1.166836499727805787e+00,1.756647853277905735e+00
7.728300000000000125e+01,1.650000000000000000e+03,1.500000000000000000e+03,8.409037432382475696e-01,-1.166836499727805787e+00,1.756647853277905735e+00
7.729999999999999716e+01,1.650000000000000000e+03,1.500000000000000000e+03,8.301335546121482167e-01,-1.170114876069997312e+00,1.743676049343465317e+00
7.731699999999999307e+01,1.650000000000000000e+03,1.500000000000000000e+03,8.271537485887996421e-01,-1.170735383813984676e+00,1.736647906671338948e+00
7.733400000000000318e+01,1.650000000000000000e+03,1.500000000000000000e+03,8.271537485887996421e-01,-1.170735383813984676e+00,1.736647906671338948e+00
7.735399999999999920e+01,1.650000000000000000e+03,1.500000000000000000e+03,8.271537485887996421e-01,-1.170735383813984676e+00,1.736647906671338948e+00
7.737199999999999989e+01,1.650000000000000000e+03,1.500000000000000000e+03,8.248114496885523561e-01,-1.171382537655607514e+00,1.737191604331501216e+00
7.738899999999999579e+01,1.650000000000000000e+03,1.500000000000000000e+03,8.104701775710725364e-01,-1.173017104811825639e+00,1.714437153297841299e+00
7.740600000000000591e+01,1.650000000000000000e+03,1.500000000000000000e+03,8.075918600319220708e-01,-1.175130118711182003e+00,1.715167858860452643e+00
7.742300000000000182e+01,1.650000000000000000e+03,1.500000000000000000e+03,8.075918600319220708e-01,-1.175130118711182003e+00,1.715167858860452643e+00
7.743999999999999773e+01,1.650000000000000000e+03,1.500000000000000000e+03,8.014385503291594492e-01,-1.175617427702042139e+00,1.703584772016422333e+00
7.745699999999999363e+01,1.650000000000000000e+03,1.500000000000000000e+03,7.989935088432114085e-01,-1.177002857862549767e+00,1.704135620800240281e+00
7.747400000000000375e+01,1.650000000000000000e+03,1.500000000000000000e+03,7.961319638959791778e-01,-1.176883757039118183e+00,1.696993697497039655e+00
7.749099999999999966e+01,1.650000000000000000e+03,1.500000000000000000e+03,7.961319638959791778e-01,-1.176883757039118183e+00,1.696993697497039655e+00
7.750900000000000034e+01,1.650000000000000000e+03,1.500000000000000000e+03,7.961319638959791778e-01,-1.176883757039118183e+00,1.696993697497039655e+00
7.752599999999999625e+01,1.650000000000000000e+03,1.500000000000000000e+03,7.929523539270530996e-01,-1.176751510347565866e+00,1.697545851021861285e+00
7.754500000000000171e+01,1.650000000000000000e+03,1.500000000000000000e+03,7.929523539270530996e-01,-1.176751510347565866e+00,1.697545851021861285e+00
7.756199999999999761e+01,1.650000000000000000e+03,1.500000000000000000e+03,7.899827501125613605e-01,-1.177371452042603295e+00,1.690387987313077822e+00
7.757899999999999352e+01,1.650000000000000000e+03,1.500000000000000000e+03,7.876497903869836836e-01,-1.178017711658514433e+00,1.690941406090678667e+00
7.759600000000000364e+01,1.650000000000000000e+03,1.500000000000000000e+03,7.779011322939961559e-01,-1.179099250141495414e+00,1.680857386461233505e+00
7.761299999999999955e+01,1.650000000000000000e+03,1.500000000000000000e+03,7.779011322939961559e-01,-1.179099250141495414e+00,1.680857386461233505e+00
7.762999999999999545e+01,1.650000000000000000e+03,1.500000000000000000e+03,7.779011322939961559e-01,-1.179099250141495414e+00,1.680857386461233505e+00
7.764700000000000557e+01,1.650000000000000000e+03,1.500000000000000000e+03,7.755709977315614623e-01,-1.179745336499524733e+00,1.681412616108970193e+00
7.766400000000000148e+01,1.650000000000000000e+03,1.500000000000000000e+03,7.726061182318746390e-01,-1.180365038153363244e+00,1.670638879841449320e+00
7.768099999999999739e+01,1.650000000000000000e+03,1.500000000000000000e+03,7.726061182318746390e-01,-1.180365038153363244e+00,1.670638879841449320e+00
7.769799999999999329e+01,1.650000000000000000e+03,1.500000000000000000e+03,7.726061182318746390e-01,-1.180365038153363244e+00,1.670638879841449320e+00
7.771500000000000341e+01,1.650000000000000000e+03,1.500000000000000000e+03,7.696421182461801180e-01,-1.180984669561030209e+00,1.679235143399209207e+00
7.773300000000000409e+01,1.650000000000000000e+03,1.500000000000000000e+03,7.664652004238088345e-01,-1.180853539751380410e+00,1.672031191361403879e+00
7.774899999999999523e+01,1.650000000000000000e+03,1.500000000000000000e+03,7.664652004238088345e-01,-1.180853539751380410e+00,1.672031191361403879e+00
7.776600000000000534e+01,1.650000000000000000e+03,1.500000000000000000e+03,7.638201531267552191e-01,-1.181486331247722177e+00,1.672588023440948035e+00
7.778300000000000125e+01,1.650000000000000000e+03,1.500000000000000000e+03,7.638201531267552191e-01,-1.181486331247722177e+00,1.672588023440948035e+00
7.780100000000000193e+01,1.650000000000000000e+03,1.500000000000000000e+03,7.576821049396744723e-01,-1.181975165159301344e+00,1.669953346934819560e+00
7.781799999999999784e+01,1.650000000000000000e+03,1.500000000000000000e+03,7.455111864449099901e-01,-1.182216486651180176e+00,1.656901857627791630e+00
7.783499999999999375e+01,1.650000000000000000e+03,1.500000000000000000e+03,7.455111864449099901e-01,-1.182216486651180176e+00,1.656901857627791630e+00
7.785200000000000387e+01,1.650000000000000000e+03,1.500000000000000000e+03,7.455111864449099901e-01,-1.182216486651180176e+00,1.656901857627791630e+00
7.786899999999999977e+01,1.650000000000000000e+03,1.500000000000000000e+03,7.213977741380730446e-01,-1.183453583754796146e+00,1.638932390535499772e+00
7.788599999999999568e+01,1.650000000000000000e+03,1.500000000000000000e+03,7.213977741380730446e-01,-1.183453583754796146e+00,1.638932390535499772e+00
7.790399999999999636e+01,1.650000000000000000e+03,1.500000000000000000e+03,7.176829647840585746e-01,-1.182561050464212116e+00,1.635275589218109893e+00
7.792100000000000648e+01,1.650000000000000000e+03,1.500000000000000000e+03,7.176829647840585746e-01,-1.182561050464212116e+00,1.635275589218109893e+00
7.793800000000000239e+01,1.650000000000000000e+03,1.500000000000000000e+03,7.145068606966593627e-01,-1.182431640252554761e+00,1.635838223284536097e+00
7.795499999999999829e+01,1.650000000000000000e+03,1.500000000000000000e+03,7.116482759907600819e-01,-1.182315246349211701e+00,1.628557083779266224e+00
7.797199999999999420e+01,1.650000000000000000e+03,1.500000000000000000e+03,7.087896053623015113e-01,-1.182198923575880301e+00,1.629120575797281534e+00
7.798900000000000432e+01,1.650000000000000000e+03,1.500000000000000000e+03,7.087896053623015113e-01,-1.182198923575880301e+00,1.629120575797281534e+00
7.800700000000000500e+01,1.650000000000000000e+03,1.500000000000000000e+03,7.087896053623015113e-01,-1.182198923575880301e+00,1.629120575797281534e+00
7.802400000000000091e+01,1.650000000000000000e+03,1.500000000000000000e+03,6.992600864413214268e-01,-1.181811692175999795e+00,1.623240619314748834e+00
7.804099999999999682e+01,1.650000000000000000e+03,1.500000000000000000e+03,6.957656931653291021e-01,-1.181669903300627489e+00,1.615942274147493363e+00
7.805800000000000693e+01,1.650000000000000000e+03,1.500000000000000000e+03,6.957656931653291021e-01,-1.181669903300627489e+00,1.615942274147493363e+00
7.807500000000000284e+01,1.650000000000000000e+03,1.500000000000000000e+03,6.932242370348185023e-01,-1.181566849794862151e+00,1.616507299585808966e+00
7.809199999999999875e+01,1.650000000000000000e+03,1.500000000000000000e+03,6.899561217731056129e-01,-1.182175748210425148e+00,1.617354792285240483e+00
7.810800000000000409e+01,1.650000000000000000e+03,1.500000000000000000e+03,6.899561217731056129e-01,-1.182175748210425148e+00,1.617354792285240483e+00
7.812500000000000000e+01,1.650000000000000000e+03,1.500000000000000000e+03,6.899561217731056129e-01,-1.182175748210425148e+00,1.617354792285240483e+00
7.814300000000000068e+01,1.650000000000000000e+03,1.500000000000000000e+03,6.870972816280398465e-01,-1.182060002520484154e+00,1.617919756278813237e+00
7.815999999999999659e+01,1.650000000000000000e+03,1.500000000000000000e+03,6.839206945549010097e-01,-1.181931477365627536e+00,1.610614973094291358e+00
7.817700000000000671e+01,1.650000000000000000e+03,1.500000000000000000e+03,6.839206945549010097e-01,-1.181931477365627536e+00,1.610614973094291358e+00
7.819400000000000261e+01,1.650000000000000000e+03,1.500000000000000000e+03,6.801982342604626641e-01,-1.181039562171938062e+00,1.606159490419570846e+00
7.821099999999999852e+01,1.650000000000000000e+03,1.500000000000000000e+03,6.801982342604626641e-01,-1.181039562171938062e+00,1.606159490419570846e+00
7.822899999999999920e+01,1.650000000000000000e+03,1.500000000000000000e+03,6.706659185378989196e-01,-1.180654645807073244e+00,1.600106730834317093e+00
7.824599999999999511e+01,1.650000000000000000e+03,1.500000000000000000e+03,6.674882759746465499e-01,-1.180526508111706896e+00,1.600673487645689619e+00
7.826399999999999579e+01,1.650000000000000000e+03,1.500000000000000000e+03,6.646283108052264410e-01,-1.180411255359874900e+00,1.593198391023899818e+00
7.828100000000000591e+01,1.650000000000000000e+03,1.500000000000000000e+03,6.646283108052264410e-01,-1.180411255359874900e+00,1.593198391023899818e+00
7.829800000000000182e+01,1.650000000000000000e+03,1.500000000000000000e+03,6.646283108052264410e-01,-1.180411255359874900e+00,1.593198391023899818e+00
7.831499999999999773e+01,1.650000000000000000e+03,1.500000000000000000e+03,6.614504754207735093e-01,-1.180283275457775893e+00,1.602090298437300664e+00
7.833199999999999363e+01,1.650000000000000000e+03,1.500000000000000000e+03,6.582725388642620690e-01,-1.180155378008915346e+00,1.594616748116424398e+00
7.834900000000000375e+01,1.650000000000000000e+03,1.500000000000000000e+03,6.554123096244965918e-01,-1.180040340451838254e+00,1.595184063015187004e+00
7.836599999999999966e+01,1.650000000000000000e+03,1.500000000000000000e+03,6.554123096244965918e-01,-1.180040340451838254e+00,1.595184063015187004e+00
7.838299999999999557e+01,1.650000000000000000e+03,1.500000000000000000e+03,6.554123096244965918e-01,-1.180040340451838254e+00,1.595184063015187004e+00
7.840000000000000568e+01,1.650000000000000000e+03,1.500000000000000000e+03,6.260131684727623380e-01,-1.177377375080259636e+00,1.577205330241842285e+00
7.841700000000000159e+01,1.650000000000000000e+03,1.500000000000000000e+03,6.260131684727623380e-01,-1.177377375080259636e+00,1.577205330241842285e+00
7.843399999999999750e+01,1.650000000000000000e+03,1.500000000000000000e+03,6.165516677151925418e-01,-1.176256747613805498e+00,1.569405696117073923e+00
7.845099999999999341e+01,1.650000000000000000e+03,1.500000000000000000e+03,6.133707330503819222e-01,-1.176129819972871360e+00,1.578158427052108737e+00
7.846800000000000352e+01,1.650000000000000000e+03,1.500000000000000000e+03,6.133707330503819222e-01,-1.176129819972871360e+00,1.578158427052108737e+00
7.848499999999999943e+01,1.650000000000000000e+03,1.500000000000000000e+03,6.133707330503819222e-01,-1.176129819972871360e+00,1.578158427052108737e+00
7.850199999999999534e+01,1.650000000000000000e+03,1.500000000000000000e+03,6.096314777917741790e-01,-1.175237715401003857e+00,1.564442560272127025e+00
7.851900000000000546e+01,1.650000000000000000e+03,1.500000000000000000e+03,6.064497973219149518e-01,-1.175110902142758373e+00,1.573350781815093802e+00
7.853600000000000136e+01,1.650000000000000000e+03,1.500000000000000000e+03,6.032680166397339505e-01,-1.174984162693737844e+00,1.565866060864123277e+00
7.855299999999999727e+01,1.650000000000000000e+03,1.500000000000000000e+03,6.032680166397339505e-01,-1.174984162693737844e+00,1.565866060864123277e+00
7.856999999999999318e+01,1.650000000000000000e+03,1.500000000000000000e+03,6.032680166397339505e-01,-1.174984162693737844e+00,1.565866060864123277e+00
7.858700000000000330e+01,1.650000000000000000e+03,1.500000000000000000e+03,5.997679420508919002e-01,-1.174844833815302803e+00,1.566720126476616626e+00
7.860399999999999920e+01,1.650000000000000000e+03,1.500000000000000000e+03,5.902216661785317786e-01,-1.174465289365507648e+00,1.560656103582164000e+00
7.862099999999999511e+01,1.650000000000000000e+03,1.500000000000000000e+03,5.864770870746309761e-01,-1.173573155480468699e+00,1.553165435356031798e+00
7.863800000000000523e+01,1.650000000000000000e+03,1.500000000000000000e+03,5.864770870746309761e-01,-1.173573155480468699e+00,1.553165435356031798e+00
7.865500000000000114e+01,1.650000000000000000e+03,1.500000000000000000e+03,5.832941462415022205e-01,-1.173446816970627804e+00,1.562080131275805917e+00
7.867199999999999704e+01,1.650000000000000000e+03,1.500000000000000000e+03,5.832941462415022205e-01,-1.173446816970627804e+00,1.562080131275805917e+00
7.868899999999999295e+01,1.650000000000000000e+03,1.500000000000000000e+03,5.801111041552866610e-01,-1.173320547586115481e+00,1.554590044129001036e+00
7.870600000000000307e+01,1.650000000000000000e+03,1.500000000000000000e+03,5.801111041552866610e-01,-1.173320547586115481e+00,1.554590044129001036e+00
7.872400000000000375e+01,1.650000000000000000e+03,1.500000000000000000e+03,5.766822190037257378e-01,-1.172440840610077473e+00,1.554181936617102355e+00
7.874099999999999966e+01,1.650000000000000000e+03,1.500000000000000000e+03,5.734984369346458610e-01,-1.172314664849681609e+00,1.554751769456691246e+00
7.875799999999999557e+01,1.650000000000000000e+03,1.500000000000000000e+03,5.734984369346458610e-01,-1.172314664849681609e+00,1.554751769456691246e+00
7.877500000000000568e+01,1.650000000000000000e+03,1.500000000000000000e+03,5.703145528426099009e-01,-1.172188556077983002e+00,1.563508397183883902e+00
7.879200000000000159e+01,1.650000000000000000e+03,1.500000000000000000e+03,5.703145528426099009e-01,-1.172188556077983002e+00,1.563508397183883902e+00
7.880899999999999750e+01,1.650000000000000000e+03,1.500000000000000000e+03,5.601952982624207600e-01,-1.171044062602236036e+00,1.542699129001579905e+00
7.882599999999999341e+01,1.650000000000000000e+03,1.500000000000000000e+03,5.564427292515861101e-01,-1.170151321108869880e+00,1.543554168201646482e+00
7.884300000000000352e+01,1.650000000000000000e+03,1.500000000000000000e+03,5.262432493010715806e-01,-1.164487551036596624e+00,1.533931787260415458e+00
7.886100000000000421e+01,1.650000000000000000e+03,1.500000000000000000e+03,5.228621452275123982e-01,-1.162861354489721055e+00,1.526921821987078598e+00
7.887800000000000011e+01,1.650000000000000000e+03,1.500000000000000000e+03,5.228621452275123982e-01,-1.162861354489721055e+00,1.526921821987078598e+00
7.889499999999999602e+01,1.650000000000000000e+03,1.500000000000000000e+03,5.190962733118298367e-01,-1.161966164009394120e+00,1.519284091670865644e+00
7.891299999999999670e+01,1.650000000000000000e+03,1.500000000000000000e+03,5.190962733118298367e-01,-1.161966164009394120e+00,1.519284091670865644e+00
7.893000000000000682e+01,1.650000000000000000e+03,1.500000000000000000e+03,5.155855922861718454e-01,-1.161828000930479998e+00,1.520138591195408839e+00
7.894700000000000273e+01,1.650000000000000000e+03,1.500000000000000000e+03,5.121988632178580136e-01,-1.160200055364877691e+00,1.520975047805513958e+00
7.896399999999999864e+01,1.650000000000000000e+03,1.500000000000000000e+03,5.121988632178580136e-01,-1.160200055364877691e+00,1.520975047805513958e+00
7.898099999999999454e+01,1.650000000000000000e+03,1.500000000000000000e+03,5.093869231887546700e-01,-1.159341692259893808e+00,1.521544663931641672e+00
7.899800000000000466e+01,1.650000000000000000e+03,1.500000000000000000e+03,5.093869231887546700e-01,-1.159341692259893808e+00,1.521544663931641672e+00
7.901500000000000057e+01,1.650000000000000000e+03,1.500000000000000000e+03,5.093869231887546700e-01,-1.159341692259893808e+00,1.521544663931641672e+00
7.903199999999999648e+01,1.650000000000000000e+03,1.500000000000000000e+03,4.985885250474144659e-01,-1.158169147023644818e+00,1.515781509102054114e+00
7.904999999999999716e+01,1.650000000000000000e+03,1.500000000000000000e+03,4.952525352499634881e-01,-1.155792287115531281e+00,1.507982944783102575e+00
7.906699999999999307e+01,1.650000000000000000e+03,1.500000000000000000e+03,4.917955605629327209e-01,-1.154907344707098105e+00,1.508833049924914294e+00
7.908400000000000318e+01,1.650000000000000000e+03,1.500000000000000000e+03,4.917955605629327209e-01,-1.154907344707098105e+00,1.508833049924914294e+00
7.910200000000000387e+01,1.650000000000000000e+03,1.500000000000000000e+03,4.917955605629327209e-01,-1.154907344707098105e+00,1.508833049924914294e+00
7.911899999999999977e+01,1.650000000000000000e+03,1.500000000000000000e+03,4.885988090532735750e-01,-1.154781780814934766e+00,1.501045741942663048e+00
7.913599999999999568e+01,1.650000000000000000e+03,1.500000000000000000e+03,4.850822469233293521e-01,-1.154643711454740096e+00,1.510255506591683394e+00
7.915300000000000580e+01,1.650000000000000000e+03,1.500000000000000000e+03,4.850822469233293521e-01,-1.154643711454740096e+00,1.510255506591683394e+00
7.917000000000000171e+01,1.650000000000000000e+03,1.500000000000000000e+03,4.850822469233293521e-01,-1.154643711454740096e+00,1.510255506591683394e+00
7.918800000000000239e+01,1.650000000000000000e+03,1.500000000000000000e+03,4.744354122944858254e-01,-1.151226487393694597e+00,1.504171499460356998e+00
7.920600000000000307e+01,1.650000000000000000e+03,1.500000000000000000e+03,4.712358789348578547e-01,-1.151100963371633146e+00,1.513377284213482721e+00
7.922199999999999420e+01,1.650000000000000000e+03,1.500000000000000000e+03,4.712358789348578547e-01,-1.151100963371633146e+00,1.513377284213482721e+00
7.923900000000000432e+01,1.650000000000000000e+03,1.500000000000000000e+03,4.672404243707246607e-01,-1.148691845202578499e+00,1.488907441679806043e+00
7.925700000000000500e+01,1.650000000000000000e+03,1.500000000000000000e+03,4.640390117534893832e-01,-1.148566265933373298e+00,1.498099028408141686e+00
7.927400000000000091e+01,1.650000000000000000e+03,1.500000000000000000e+03,4.605173138377749442e-01,-1.148428170085652678e+00,1.490326235031752988e+00
7.929099999999999682e+01,1.650000000000000000e+03,1.500000000000000000e+03,4.605173138377749442e-01,-1.148428170085652678e+00,1.490326235031752988e+00
7.930800000000000693e+01,1.650000000000000000e+03,1.500000000000000000e+03,4.605173138377749442e-01,-1.148428170085652678e+00,1.490326235031752988e+00
7.932599999999999341e+01,1.650000000000000000e+03,1.500000000000000000e+03,4.564080462261996818e-01,-1.147515702844192020e+00,1.491177398924619535e+00
7.934300000000000352e+01,1.650000000000000000e+03,1.500000000000000000e+03,4.532056728722126948e-01,-1.147390193539390868e+00,1.500370649795965683e+00
7.935999999999999943e+01,1.650000000000000000e+03,1.500000000000000000e+03,4.532056728722126948e-01,-1.147390193539390868e+00,1.500370649795965683e+00
7.937699999999999534e+01,1.650000000000000000e+03,1.500000000000000000e+03,4.532056728722126948e-01,-1.147390193539390868e+00,1.500370649795965683e+00
7.939600000000000080e+01,1.650000000000000000e+03,1.500000000000000000e+03,4.214575011047243525e-01,-1.141632483898505690e+00,1.490521297700267311e+00
7.941299999999999670e+01,1.650000000000000000e+03,1.500000000000000000e+03,4.074799900518590867e-01,-1.138824352316659017e+00,1.494024009961614885e+00
7.943000000000000682e+01,1.650000000000000000e+03,1.500000000000000000e+03,4.074799900518590867e-01,-1.138824352316659017e+00,1.494024009961614885e+00
7.944799999999999329e+01,1.650000000000000000e+03,1.500000000000000000e+03,4.074799900518590867e-01,-1.138824352316659017e+00,1.494024009961614885e+00
7.946500000000000341e+01,1.650000000000000000e+03,1.500000000000000000e+03,4.074799900518590867e-01,-1.138824352316659017e+00,1.494024009961614885e+00
7.948199999999999932e+01,1.650000000000000000e+03,1.500000000000000000e+03,4.036730775353212231e-01,-1.137921102382870142e+00,1.485891457113482472e+00
7.950000000000000000e+01,1.650000000000000000e+03,1.500000000000000000e+03,4.004630737115271177e-01,-1.137795492098419015e+00,1.486739253900458246e+00
7.951699999999999591e+01,1.650000000000000000e+03,1.500000000000000000e+03,3.967401993566839202e-01,-1.135385309690263522e+00,1.488144674313844007e+00
7.953300000000000125e+01,1.650000000000000000e+03,1.500000000000000000e+03,3.967401993566839202e-01,-1.135385309690263522e+00,1.488144674313844007e+00
7.955100000000000193e+01,1.650000000000000000e+03,1.500000000000000000e+03,3.967401993566839202e-01,-1.135385309690263522e+00,1.488144674313844007e+00
7.956900000000000261e+01,1.650000000000000000e+03,1.500000000000000000e+03,3.824890531037528074e-01,-1.131047811942580861e+00,1.482141356623892792e+00
7.958499999999999375e+01,1.650000000000000000e+03,1.500000000000000000e+03,3.824890531037528074e-01,-1.131047811942580861e+00,1.482141356623892792e+00
7.960399999999999920e+01,1.650000000000000000e+03,1.500000000000000000e+03,3.824890531037528074e-01,-1.131047811942580861e+00,1.482141356623892792e+00
7.962000000000000455e+01,1.650000000000000000e+03,1.500000000000000000e+03,3.789521861443672091e-01,-1.130909282160819540e+00,1.482987309237587148e+00
7.963700000000000045e+01,1.650000000000000000e+03,1.500000000000000000e+03,3.757366821954672975e-01,-1.130783346039576198e+00,1.475242561897429638e+00
7.965399999999999636e+01,1.650000000000000000e+03,1.500000000000000000e+03,3.722776396433091772e-01,-1.129134074154554579e+00,1.485404715913860141e+00
7.967199999999999704e+01,1.650000000000000000e+03,1.500000000000000000e+03,3.722776396433091772e-01,-1.129134074154554579e+00,1.485404715913860141e+00
