timestamp,u_propeller_pwm,u_rudder_pwm,x,y,yaw
0.019,1500,1500,1.8794913877343,-1.31324561133092,1.88660328252785
0.036,1500,1500,1.87946382569022,-1.31253992603143,1.88968807188241
0.053,1500,1500,1.87946382569022,-1.31253992603143,1.88968807188241
0.07,1500,1500,1.87946382569022,-1.31253992603143,1.88968807188241
0.087,1500,1500,1.87943625485536,-1.3118340119681,1.88968807188241
0.104,1500,1500,1.87943625485536,-1.3118340119681,1.88968807188241
0.121,1500,1500,1.8790974836156,-1.31046814916237,1.89262557260583
0.138,1500,1500,1.87875319612745,-1.30970211091567,1.89784831319276
0.155,1500,1500,1.87874560833511,-1.30968791781567,1.89798144504664
0.172,1500,1500,1.87874560833511,-1.30968791781567,1.89798144504664
0.189,1500,1500,1.87847798468953,-1.30910673176882,1.89645510109528
0.206,1500,1500,1.87810118462512,-1.30828845195799,1.90109128533735
0.223,1500,1500,1.87808209949135,-1.30824700562236,1.90151877161997
0.24,1500,1500,1.87778393568001,-1.30706333330906,1.90431179014164
0.257,1500,1500,1.87772229907228,-1.30681864383543,1.9048891646601
0.274,1500,1500,1.87772229907228,-1.30681864383543,1.9048891646601
0.291,1500,1500,1.87772229907228,-1.30681864383543,1.9048891646601
0.308,1500,1500,1.87772229907228,-1.30681864383543,1.9048891646601
0.325,1500,1500,1.87772229907228,-1.30681864383543,1.9048891646601
0.342,1500,1500,1.87796908042415,-1.30682960718574,1.9089233155801
0.359,1500,1500,1.87802644717966,-1.30683215572448,1.90986109368915
0.376,1500,1500,1.87754451384783,-1.30528831575935,1.90579222676573
0.393,1500,1500,1.87704390056696,-1.30404371391762,1.90745189165695
0.41,1500,1500,1.8770019885644,-1.30395909842215,1.9081722249445
0.427,1500,1500,1.8770019885644,-1.30395909842215,1.9081722249445
0.444,1500,1500,1.8770019885644,-1.30395909842215,1.9081722249445
0.461,1500,1500,1.87696195126289,-1.30294658060802,1.9081722249445
0.478,1500,1500,1.87694593177833,-1.30254145806284,1.9081722249445
0.495,1500,1500,1.87694593177833,-1.30254145806284,1.9081722249445
0.512,1500,1500,1.87832978546905,-1.30462378424857,1.9090795860384
0.529,1500,1500,1.8788834846944,-1.30545695209262,1.9094426339084
0.546,1500,1500,1.8788834846944,-1.30545695209262,1.9094426339084
0.563,1500,1500,1.8788834846944,-1.30545695209262,1.9094426339084
0.58,1500,1500,1.87951151559293,-1.30682224787984,1.90712712651568
0.597,1500,1500,1.87987881237327,-1.30762072570637,1.90577292815987
0.614,1500,1500,1.87987881237327,-1.30762072570637,1.90577292815987
0.631,1500,1500,1.87987881237327,-1.30762072570637,1.90577292815987
0.648,1500,1500,1.88018136958014,-1.30901151657861,1.90285972546988
0.665,1500,1500,1.8812158080441,-1.31148663932802,1.90163391924056
0.682,1500,1500,1.8815627156472,-1.3119283109053,1.90235292364053
0.699,1500,1500,1.88156992510745,-1.31216062158087,1.90235292364053
0.716,1500,1500,1.88175956608656,-1.31340388515193,1.90242983658885
0.733,1500,1500,1.88194798561344,-1.31405870956564,1.90252161708477
0.75,1500,1500,1.88194798561344,-1.31405870956564,1.90252161708477
0.767,1500,1500,1.88205701727867,-1.31421691856597,1.90119813188504
0.784,1500,1500,1.88232727313793,-1.31571034836966,1.89425017252991
0.801,1500,1500,1.8823599531018,-1.31689151505435,1.89104885172679
0.818,1500,1500,1.88247103395817,-1.31723480863924,1.89215899263535
0.835,1500,1500,1.88274648651296,-1.3189185634425,1.89345453202987
0.852,1500,1500,1.88277138550983,-1.31972062861797,1.89121128306849
0.869,1500,1500,1.88277138550983,-1.31972062861797,1.89121128306849
0.886,1500,1500,1.88277138550983,-1.31972062861797,1.89121128306849
0.903,1675,1500,1.88277138550983,-1.31972062861797,1.89121128306849
0.92,1675,1500,1.88277138550983,-1.31972062861797,1.89121128306849
0.937,1675,1500,1.88277448199183,-1.31980134543283,1.8911264658069
0.954,1675,1500,1.88283967472924,-1.32180258975713,1.88804038118756
0.971,1675,1500,1.88252221809451,-1.32111370319924,1.88658204982986
0.988,1675,1500,1.88252221809451,-1.32111370319924,1.88658204982986
1.005,1675,1500,1.88252221809451,-1.32111370319924,1.88658204982986
1.022,1675,1500,1.88282534095879,-1.32112710328089,1.89137370288942
1.039,1675,1500,1.88282534095879,-1.32112710328089,1.89137370288942
1.056,1675,1500,1.88282534095879,-1.32112710328089,1.89137370288942
1.073,1675,1500,1.88247172651568,-1.31972137930051,1.88969010265885
1.09,1675,1500,1.8827609869738,-1.31972016872088,1.89435018169016
1.107,1675,1500,1.88277138550983,-1.31972062861797,1.89451626974563
1.124,1675,1500,1.88277138550983,-1.31972062861797,1.89451626974563
1.141,1675,1500,1.88243552598392,-1.31786393878913,1.90020946689374
1.158,1675,1500,1.88238701879965,-1.3175957826443,1.90103171828719
1.175,1675,1500,1.88238701879965,-1.3175957826443,1.90103171828719
1.192,1675,1500,1.88238701879965,-1.3175957826443,1.90103171828719
1.209,1675,1500,1.88263786824436,-1.31696870062115,1.90103171828719
1.226,1675,1500,1.88266337149613,-1.31690494671992,1.90103171828719
1.243,1675,1500,1.88239255509929,-1.3164215826935,1.90330946826797
1.26,1675,1500,1.88228108649948,-1.31488124827579,1.91046420509989
1.277,1675,1500,1.882278704257,-1.3147773433552,1.91094461871653
1.294,1675,1500,1.8817498671907,-1.3137530079422,1.90974621340999
1.311,1675,1500,1.8815964504358,-1.31282830253002,1.90946763229478
1.328,1675,1500,1.88156673343581,-1.31203248252637,1.91224949289285
1.345,1675,1500,1.8815627156472,-1.3119283109053,1.912982879496
1.362,1675,1500,1.8815627156472,-1.3119283109053,1.912982879496
1.379,1675,1500,1.8813007286497,-1.31135885609294,1.912982879496
1.396,1675,1500,1.88123166057551,-1.31120872975995,1.912982879496
1.413,1675,1500,1.88046690493836,-1.3100585769395,1.92526995192636
1.43,1675,1500,1.88026529111941,-1.30975536021086,1.92850921356246
1.447,1675,1500,1.88026529111941,-1.30975536021086,1.92850921356246
1.464,1675,1500,1.87912676853348,-1.31050607606178,1.92250443359067
1.481,1675,1500,1.87803503392785,-1.31218621080459,1.9146171454517
1.498,1675,1500,1.87794509112428,-1.31247258288365,1.91371909588688
1.515,1675,1500,1.87794509112428,-1.31247258288365,1.91371909588688
1.532,1675,1500,1.87782341055962,-1.31277788934512,1.91478491263841
1.549,1675,1500,1.87728450661421,-1.31413004395255,1.91011820889284
1.566,1675,1500,1.8771176629726,-1.31454866856678,1.90702439186026
1.583,1675,1500,1.87694374301264,-1.31483632595035,1.90702439186026
1.6,1675,1500,1.87708640845697,-1.31654464819458,1.90710320492085
1.617,1675,1500,1.8764812463342,-1.31787722006743,1.90737045771574
1.634,1675,1500,1.87604373706947,-1.31801787684097,1.90744133387241
1.651,1675,1500,1.87606145696181,-1.31836272462691,1.90589516599737
1.668,1675,1500,1.87589817079763,-1.31922686645155,1.90062540514839
1.685,1675,1500,1.87579661388136,-1.31941207340707,1.8992233398174
1.702,1675,1500,1.87543168322653,-1.31970884118555,1.89719473246234
1.719,1675,1500,1.87525384431854,-1.32106717376251,1.89814155806224
1.736,1675,1500,1.87527465677795,-1.32149499665951,1.89938915571141
1.753,1675,1500,1.87489143905224,-1.32309039990209,1.89553466030717
1.77,1675,1500,1.87393860634777,-1.32478878255726,1.89343753581857
1.787,1675,1500,1.87316414194113,-1.32491083804685,1.89073825986446
1.804,1675,1500,1.87299226133018,-1.32489967684657,1.88874174967573
1.821,1675,1500,1.87292822775168,-1.32594521330324,1.88723357845222
1.838,1675,1500,1.87231652354183,-1.32697246468093,1.88583955008884
1.855,1675,1500,1.87186674364927,-1.32695064503088,1.88597575717148
1.872,1675,1500,1.87186674364927,-1.32695064503088,1.88597575717148
1.889,1675,1500,1.87179588023787,-1.32715776637246,1.88742348373466
1.906,1675,1500,1.87086816753454,-1.3283665604514,1.88572125524455
1.923,1675,1500,1.87013698906418,-1.32897298222186,1.8816284557718
1.94,1675,1500,1.86850246250636,-1.32890083828569,1.88183216947914
1.957,1675,1500,1.86474127470756,-1.32873481950388,1.88471669260835
1.974,1675,1500,1.86438619798389,-1.32871914317854,1.88763470005587
1.991,1675,1500,1.86438619798389,-1.32871914317854,1.88763470005587
2.008,1675,1500,1.86415076244544,-1.32870874840042,1.88769953069679
2.025,1675,1500,1.86347808947841,-1.32867904903436,1.88788476109939
2.042,1675,1500,1.86347808947841,-1.32867904903436,1.88788476109939
2.059,1675,1500,1.86258105018441,-1.32834753299677,1.88766850700197
2.076,1675,1500,1.85917842698918,-1.3270900360659,1.88684821828905
2.093,1675,1500,1.85894410076632,-1.32694766616487,1.88746730297106
2.11,1675,1500,1.85793607196035,-1.32633521673605,1.8901304927122
2.127,1675,1500,1.85780445995322,-1.32623135167695,1.89016545328749
2.144,1675,1500,1.85699623214781,-1.32559351755675,1.89038014577383
2.161,1675,1500,1.85690743392575,-1.32558959128266,1.8903949520709
2.178,1675,1500,1.85589688680636,-1.3255455153578,1.89122187117647
2.195,1675,1500,1.85445467268924,-1.32518480138009,1.89688085930872
2.212,1675,1500,1.85144644120878,-1.32324609601098,1.89962747639983
2.229,1675,1500,1.85105979958123,-1.32313079461882,1.89945632230371
2.246,1675,1500,1.84868543784223,-1.32242273011032,1.89840526698957
2.263,1675,1500,1.84868543784223,-1.32242273011032,1.89840526698957
2.28,1675,1500,1.84858153780239,-1.32241997469311,1.89841857169624
2.297,1675,1500,1.84725430463201,-1.32223951005639,1.89898347140649
2.314,1675,1500,1.84594465629705,-1.32089252208691,1.90223249095321
2.331,1675,1500,1.84498029606459,-1.32085559791728,1.90240431129053
2.348,1675,1500,1.84498029606459,-1.32085559791728,1.90240431129053
2.365,1675,1500,1.844958003695,-1.32085479891363,1.90241378361912
2.382,1675,1500,1.84338303845634,-1.32073522142347,1.90262612555787
2.399,1675,1500,1.83793377923254,-1.31913916952943,1.90190168437873
2.416,1675,1500,1.83792606361876,-1.31913882727659,1.90190261003291
2.433,1675,1500,1.83664235194672,-1.31908152227242,1.90222955549979
2.45,1675,1500,1.83500288676776,-1.31902191045316,1.90767661223493
2.467,1675,1500,1.82825551691631,-1.31941196638334,1.90388180791586
2.484,1675,1500,1.82825551691631,-1.31941196638334,1.90388180791586
2.501,1675,1500,1.82707727549905,-1.3200617122192,1.90085763337498
2.518,1675,1500,1.82586316846062,-1.3200078372895,1.90110551638841
2.535,1675,1500,1.82586316846062,-1.3200078372895,1.90110551638841
2.552,1675,1500,1.8206315593017,-1.32325147752526,1.89726433804884
2.569,1675,1500,1.82058449292173,-1.32328065906371,1.89722978073506
2.586,1675,1500,1.82058449292173,-1.32328065906371,1.89722978073506
2.603,1675,1500,1.81826997453703,-1.32527964314532,1.89459341628603
2.62,1675,1500,1.81826997453703,-1.32527964314532,1.89459341628603
2.637,1675,1500,1.81826997453703,-1.32527964314532,1.89459341628603
2.654,1675,1500,1.81531350525538,-1.32654861237796,1.88710335867823
2.671,1675,1500,1.81379778251729,-1.32648144833502,1.88240407779046
2.688,1675,1500,1.81379778251729,-1.32648144833502,1.88240407779046
2.705,1675,1500,1.81379778251729,-1.32648144833502,1.88240407779046
2.722,1675,1500,1.80907877562994,-1.33036389495058,1.88070008338297
2.739,1675,1500,1.80680733781416,-1.33106202623084,1.88118077571277
2.756,1675,1500,1.80679610732351,-1.33106464637635,1.88118579114476
2.773,1675,1500,1.80679610732351,-1.33106464637635,1.88118579114476
2.79,1675,1500,1.80457218457756,-1.33214747111169,1.87456044128758
2.807,1675,1500,1.80274931872639,-1.3329452796345,1.8742621779912
2.824,1675,1500,1.80267524335449,-1.33297619116005,1.87428299979696
2.841,1675,1500,1.80267524335449,-1.33297619116005,1.87428299979696
2.858,1675,1500,1.799620225195,-1.33404059020461,1.87262807622324
2.875,1675,1500,1.79912274531483,-1.33421391719695,1.8723585880768
2.892,1675,1500,1.79912274531483,-1.33421391719695,1.8723585880768
2.909,1675,1500,1.79443991212588,-1.33511985556977,1.86775942616757
2.926,1675,1500,1.79129452511603,-1.33527093856157,1.86687832637598
2.943,1675,1500,1.79103235949409,-1.335250109605,1.8669441336161
2.96,1675,1500,1.79000091328898,-1.33568214405494,1.86730663445009
2.977,1675,1500,1.78457116149064,-1.33517420686764,1.8646788687689
2.994,1675,1500,1.78316192268154,-1.33490180917506,1.86356942975453
3.011,1675,1500,1.778836962104,-1.33471032645086,1.86447750020988
3.028,1675,1500,1.77710648485952,-1.33463371153357,1.86484083190532
3.045,1675,1500,1.77580884448491,-1.33457624585129,1.86869738395232
3.062,1675,1500,1.77528964041369,-1.33455325302771,1.87024044438948
3.079,1675,1500,1.77443905438035,-1.3345155815389,1.86731445267298
3.096,1675,1500,1.77208843693954,-1.33442443994923,1.86579951101222
3.113,1675,1500,1.76921781766754,-1.33339522607471,1.86814295115351
3.13,1675,1500,1.76853631464431,-1.33285946222758,1.86919326165798
3.147,1675,1500,1.76795676829408,-1.33283377258539,1.86739304173444
3.164,1675,1500,1.76702141052227,-1.33279231083438,1.86448758008194
3.181,1675,1500,1.76607316072641,-1.33275027002313,1.86573366622502
3.198,1675,1500,1.76247628735439,-1.33259080204837,1.87046028371215
3.215,1675,1500,1.76183347162932,-1.33228004816253,1.87012311352061
3.232,1675,1500,1.75662521939591,-1.33091408206522,1.870100307786
3.249,1675,1500,1.75389491040837,-1.33081437206788,1.87486505507685
3.266,1675,1500,1.75389491040837,-1.33081437206788,1.87486505507685
3.283,1675,1500,1.75374097749659,-1.33074997842411,1.87469085071136
3.3,1675,1500,1.75202757116009,-1.33003322152013,1.87275180557646
3.317,1675,1500,1.75202757116009,-1.33003322152013,1.87275180557646
3.334,1675,1500,1.75197122191877,-1.33000778001423,1.87276326883703
3.351,1675,1500,1.74941215288435,-1.32921416448506,1.87328948968706
3.368,1675,1500,1.74645998801085,-1.32906071925489,1.87374060666298
3.385,1675,1500,1.73827704961641,-1.3280250241648,1.87310143651868
3.402,1675,1500,1.73825535533362,-1.32801708730575,1.87305258294856
3.419,1675,1500,1.73610186571108,-1.32722923256279,1.86820311835523
3.436,1675,1500,1.73610186571108,-1.32722923256279,1.86820311835523
3.453,1675,1500,1.73610186571108,-1.32722923256279,1.86820311835523
3.47,1675,1500,1.73610186571108,-1.32722923256279,1.86820311835523
3.487,1675,1500,1.73610186571108,-1.32722923256279,1.86820311835523
3.504,1675,1500,1.73610186571108,-1.32722923256279,1.86820311835523
3.521,1675,1500,1.73610186571108,-1.32722923256279,1.86820311835523
3.538,1675,1500,1.73338957652262,-1.32706492281424,1.87320323451483
3.555,1675,1500,1.7209287956555,-1.3283981202361,1.86973974183081
3.572,1675,1500,1.71627650097135,-1.32914307437195,1.86722695130328
3.589,1675,1500,1.71270264399226,-1.32974401343366,1.86654929093666
3.606,1675,1500,1.70970771708123,-1.33024760621265,1.8659814049579
3.623,1675,1500,1.70693065337692,-1.33050390248369,1.86375379545804
3.64,1675,1500,1.70460344698049,-1.3307186812518,1.86188703702943
3.657,1675,1500,1.70080811418205,-1.33192318202857,1.86027583646612
3.674,1675,1500,1.69443243859885,-1.3330784987218,1.85889742404524
3.691,1675,1500,1.69360198765733,-1.33301980717924,1.859175210967
3.708,1675,1500,1.69301220030651,-1.33356385389909,1.85619154536911
3.725,1675,1500,1.6903944370849,-1.33428465469649,1.85220948553421
3.742,1675,1500,1.68916694885759,-1.33421661741834,1.85253296478639
3.759,1675,1500,1.68870091322633,-1.33418249408574,1.85269512596271
3.776,1675,1500,1.68423700011534,-1.33470944712131,1.85153327596341
3.793,1675,1500,1.67872913368704,-1.33586528502257,1.84504783642596
3.81,1675,1500,1.67751434891007,-1.33578829639007,1.84255102030737
3.827,1675,1500,1.67694410435184,-1.33593072380446,1.84264012765892
3.844,1675,1500,1.67413247571058,-1.33663296356058,1.84418429785698
3.861,1675,1500,1.67278263742734,-1.33697009697845,1.84653300217724
3.878,1675,1500,1.67278263742734,-1.33697009697845,1.84653300217724
3.895,1675,1500,1.67233974232454,-1.33695042490053,1.84664031888711
3.912,1675,1500,1.67065976558338,-1.33687580535033,1.84704738949002
3.929,1675,1500,1.66961415968429,-1.33694283092238,1.84573605285943
3.946,1675,1500,1.65655230776065,-1.33658512714256,1.83617952623807
3.963,1675,1500,1.64322251735234,-1.33426392203863,1.83210959828143
3.98,1675,1500,1.64265239001168,-1.33423856380009,1.83331791594258
3.997,1675,1500,1.64048979966974,-1.33414237567184,1.83790127112944
4.014,1675,1500,1.63927206646008,-1.33394285020873,1.83639566611668
4.031,1675,1500,1.6346529964902,-1.3331860160618,1.83068464924875
4.048,1675,1500,1.63429092472698,-1.33317297978721,1.83190795391882
4.065,1675,1500,1.62950763888301,-1.33268931393271,1.83627666139715
4.082,1675,1500,1.62162863949421,-1.33120509154639,1.83518124967682
4.099,1675,1500,1.61962708791107,-1.33112290460476,1.83562656145291
4.116,1675,1500,1.61944041532417,-1.33103886230169,1.83566602108533
4.133,1675,1500,1.61682234932581,-1.3302921754953,1.83621187586701
4.15,1675,1500,1.61365353862864,-1.33009292205195,1.83645038359887
4.167,1675,1500,1.61036442605502,-1.32931492539605,1.83409756888643
4.184,1675,1500,1.61036442605502,-1.32931492539605,1.83409756888643
4.201,1675,1500,1.61015794428341,-1.32924817781408,1.83398349281406
4.218,1675,1500,1.60785962372434,-1.32850521954364,1.83271372754428
4.235,1675,1500,1.60773976658848,-1.32846866389988,1.83272972559294
4.252,1675,1500,1.60486397956407,-1.32763192549252,1.83329956479465
4.269,1675,1500,1.60162951709187,-1.32683055318521,1.83581810928028
4.286,1675,1500,1.60154554266247,-1.32680533807244,1.83580196130263
4.303,1675,1500,1.59175771284972,-1.32430827603231,1.83420217006722
4.32,1675,1500,1.58942963810263,-1.32489481751962,1.83475724054828
4.337,1675,1500,1.58625674727325,-1.32474680438361,1.83549393175572
4.354,1675,1500,1.58625674727325,-1.32474680438361,1.83549393175572
4.371,1675,1500,1.58313487872229,-1.32390805133519,1.83601162651424
4.388,1675,1500,1.58016370053121,-1.32447492924487,1.83123427989367
4.405,1675,1500,1.58016370053121,-1.32447492924487,1.83123427989367
4.422,1675,1500,1.57160873364858,-1.32337388079802,1.82945518087145
4.439,1675,1500,1.55618192277194,-1.32338662772584,1.83634711874073
4.456,1675,1500,1.55244209220561,-1.32323867497608,1.83168588607722
4.473,1675,1500,1.55242652970306,-1.32323718219922,1.83163822770026
4.49,1675,1500,1.55002613887728,-1.32376226196014,1.8271998703415
4.507,1675,1500,1.54667814256651,-1.3236853979749,1.82752652109425
4.524,1675,1500,1.54640887795811,-1.32366822988434,1.82762497977464
4.541,1675,1500,1.54640887795811,-1.32366822988434,1.82762497977464
4.558,1675,1500,1.53912399971778,-1.32500325232933,1.82365534830005
4.575,1675,1500,1.53720347497592,-1.32535520654901,1.82260882765667
4.592,1675,1500,1.53478087627372,-1.32524720011747,1.82328127666473
4.609,1675,1500,1.53127300384437,-1.3250707695491,1.81930790838508
4.626,1675,1500,1.52761809644256,-1.32613584663277,1.82062138556148
4.643,1675,1500,1.52731036683925,-1.32631166298982,1.82094353772648
4.66,1675,1500,1.52731036683925,-1.32631166298982,1.82094353772648
4.677,1675,1500,1.52206993177356,-1.3266309120487,1.81665208132719
4.694,1675,1500,1.5206883870353,-1.32671507621675,1.81552071743592
4.711,1675,1500,1.5206883870353,-1.32671507621675,1.81552071743592
4.728,1675,1500,1.51899613725038,-1.32699884496387,1.81198346274818
4.745,1675,1500,1.51048358534903,-1.32853553571197,1.811334946717
4.762,1675,1500,1.50823183656974,-1.32895237153815,1.81157082316208
4.779,1675,1500,1.5070094820247,-1.32931792737923,1.81129496382282
4.796,1675,1500,1.50275952381496,-1.32942050015716,1.80796537454028
4.813,1675,1500,1.5016145524233,-1.32935545531495,1.80646909156554
4.83,1675,1500,1.5016145524233,-1.32935545531495,1.80646909156554
4.847,1675,1500,1.50038257589445,-1.32971240987411,1.80352734255917
4.864,1675,1500,1.49245113632979,-1.32966829877214,1.80303512478584
4.881,1675,1500,1.48890155364403,-1.32948742095681,1.80391367113785
4.898,1675,1500,1.48890155364403,-1.32948742095681,1.80391367113785
4.915,1675,1500,1.48549722502042,-1.32971219872976,1.80404219359612
4.932,1675,1500,1.4825906644469,-1.32990411034725,1.80415192398684
4.949,1675,1500,1.48164287687661,-1.32962293268008,1.80311814736111
4.966,1675,1500,1.46685573022424,-1.32841884267378,1.79781903913381
4.983,1675,1500,1.45443598863759,-1.32795571213617,1.79542235003935
5,1675,1500,1.45308461953087,-1.32789569347149,1.79571484854441
5.017,1675,1500,1.45077394979516,-1.32779306916894,1.79621498388126
5.034,1675,1500,1.44765385643305,-1.32705130090108,1.79547827753823
5.051,1675,1500,1.43777166061868,-1.32476977293686,1.79153153650705
5.068,1675,1500,1.43572493682057,-1.32433185431606,1.7893980233108
5.085,1675,1500,1.43348454420147,-1.3238328342201,1.78985221897046
5.102,1675,1500,1.42788515837495,-1.32258563940763,1.79098738461845
5.119,1675,1500,1.42680792945925,-1.32233792431926,1.79143906475219
5.136,1675,1500,1.42411562442706,-1.32171881303358,1.79256794337703
5.153,1675,1500,1.42411562442706,-1.32171881303358,1.79256794337703
5.17,1675,1500,1.42109424475521,-1.32100040508185,1.79204723340956
5.187,1675,1500,1.40963363581454,-1.31827536106592,1.79007209160123
5.204,1675,1500,1.40902784512328,-1.31810931838492,1.78925438811746
5.221,1675,1500,1.40412892742002,-1.31731321506644,1.78631875293575
5.238,1675,1500,1.40156985143895,-1.31721646241335,1.78694862312269
5.255,1675,1500,1.40135520688184,-1.31716712536682,1.78704380335143
5.272,1675,1500,1.39711975643183,-1.31619360177491,1.78861041842429
5.289,1675,1500,1.39327737171184,-1.31531046820334,1.7892428343206
5.306,1675,1500,1.3902247326779,-1.31460887750368,1.78929999808438
5.323,1675,1500,1.38933785303864,-1.31441348709824,1.78911789778691
5.34,1675,1500,1.37825185754779,-1.31197110703028,1.78684164406843
5.357,1675,1500,1.37825185754779,-1.31197110703028,1.78684164406843
5.374,1675,1500,1.37816228735545,-1.3119416580994,1.78667100443278
5.391,1675,1500,1.37430002445955,-1.31108249279268,1.78241282739628
5.408,1675,1500,1.37108748743167,-1.3109504416067,1.78317951634385
5.425,1675,1500,1.37080145274668,-1.31091084989577,1.78321857776882
5.442,1675,1500,1.36361254909474,-1.30991579226754,1.78420030773151
5.459,1675,1500,1.36272709942048,-1.30984961595571,1.78397412567021
5.476,1675,1500,1.34047311159658,-1.30818640811869,1.77828949673605
5.493,1675,1500,1.34023578860352,-1.3081758944736,1.77818879179763
5.51,1675,1500,1.33181010827376,-1.30780267719514,1.7736622452238
5.527,1675,1500,1.32818577641613,-1.30764221885526,1.76940229492967
5.544,1675,1500,1.32805644919313,-1.30763649497033,1.76962485021861
5.561,1675,1500,1.32480607084909,-1.30749263669219,1.77521832756037
5.578,1675,1500,1.32480607084909,-1.30749263669219,1.77521832756037
5.595,1675,1500,1.32472588449293,-1.30751247418748,1.77511648772039
5.612,1675,1500,1.31945589067344,-1.3079863652642,1.76997465616071
5.629,1675,1500,1.3043352844166,-1.30729125620725,1.76272643118942
5.646,1675,1500,1.3043352844166,-1.30729125620725,1.76272643118942
5.663,1675,1500,1.30076826233549,-1.30783723080532,1.76345677816086
5.68,1675,1500,1.30076826233549,-1.30783723080532,1.76345677816086
5.697,1675,1500,1.29628006394251,-1.30834246890375,1.76460754820831
5.714,1675,1500,1.29628006394251,-1.30834246890375,1.76460754820831
5.731,1675,1500,1.29628006394251,-1.30834246890375,1.76460754820831
5.748,1675,1500,1.29289589765423,-1.30819323306861,1.76527194603908
5.765,1675,1500,1.29259186319399,-1.3081798256788,1.76533163572885
5.782,1675,1500,1.278110676164,-1.30750879191556,1.7532708475251
5.799,1675,1500,1.27227750886127,-1.30793749691859,1.75292817904475
5.816,1675,1500,1.27211939824737,-1.30798142799691,1.752994739569
5.833,1675,1500,1.26877008439679,-1.30783413374736,1.75372742086265
5.85,1675,1500,1.26842956781919,-1.30781915869994,1.75380191078438
5.867,1675,1775,1.26607790709148,-1.30771577429598,1.7507832023014
5.884,1675,1775,1.25702950065366,-1.30731827317267,1.7474146878774
5.901,1675,1775,1.24907054096371,-1.306968901493,1.74312049280953
5.918,1675,1775,1.24782189737981,-1.3069141240514,1.74139147185658
5.935,1675,1775,1.24633763577704,-1.30684902605998,1.74164224232121
5.952,1675,1775,1.24132000832859,-1.30662903484751,1.74594673715143
5.969,1675,1775,1.23982212561809,-1.30656338135978,1.74877347414306
5.986,1675,1775,1.23150212481306,-1.30491874304152,1.7443227367494
6.003,1675,1775,1.22006230719842,-1.30189135103014,1.74103430154117
6.02,1675,1775,1.21900667888258,-1.30142635983069,1.74140413703826
6.037,1675,1775,1.21334554762089,-1.30030804815428,1.74288520181406
6.054,1675,1775,1.19958785061966,-1.2970587852244,1.73860318775875
6.071,1675,1775,1.19659797971818,-1.29621173046845,1.7339747253324
6.088,1675,1775,1.19659797971818,-1.29621173046845,1.7339747253324
6.105,1675,1775,1.19541333621448,-1.29554967557854,1.7341608140448
6.122,1675,1775,1.19081956468316,-1.2948126299214,1.73728908439786
6.139,1675,1775,1.18585123918182,-1.29428056313918,1.73916347509947
6.156,1675,1775,1.1836879026775,-1.29281961373717,1.73607411341246
6.173,1675,1775,1.1836879026775,-1.29281961373717,1.73607411341246
6.19,1675,1775,1.18220593924801,-1.29275495133859,1.73637399353298
6.207,1675,1775,1.17967196978778,-1.29264438684019,1.73688675049581
6.224,1675,1775,1.17522956574702,-1.29108643096571,1.73109732157098
6.241,1675,1775,1.16325305862079,-1.28688645719421,1.72324370066324
6.258,1675,1775,1.16121091131923,-1.28617039447949,1.72728474131354
6.275,1675,1775,1.16121091131923,-1.28617039447949,1.72728474131354
6.292,1675,1775,1.16027927812801,-1.28598420687586,1.72611997212863
6.309,1675,1775,1.15525097023114,-1.28495041249062,1.72309685632859
6.326,1675,1775,1.15064303110702,-1.28398238593881,1.72153247661062
6.343,1675,1775,1.14808041908959,-1.28346850267483,1.71790977969816
6.36,1675,1775,1.146362016341,-1.28330042776816,1.71690172458701
6.377,1675,1775,1.13786298965224,-1.28176520495597,1.71062464792632
6.394,1675,1775,1.13328013787031,-1.27968174647771,1.70740025040104
6.411,1675,1775,1.12901475430736,-1.27906291238323,1.70847326442853
6.428,1675,1775,1.12595317848518,-1.27895122721854,1.70920196234678
6.445,1675,1775,1.12551574813857,-1.27886299215963,1.70851328614457
6.462,1675,1775,1.11584224302995,-1.27725014481974,1.69869336464338
6.479,1675,1775,1.09104895162633,-1.2738771313532,1.68385071960284
6.496,1675,1775,1.0906272516386,-1.2737518619869,1.6830999974556
6.513,1675,1775,1.08580731495789,-1.27305148727833,1.67859440756357
6.53,1675,1775,1.08297388311193,-1.27352856575062,1.6793185525209
6.547,1675,1775,1.08221813726123,-1.27343717386042,1.67860565225416
6.564,1675,1775,1.07380603282919,-1.27241990314181,1.67067045619871
6.581,1675,1775,1.07356241879032,-1.27240941218394,1.67126512755299
6.598,1675,1775,1.06865033659144,-1.27219285223424,1.67754374107844
6.615,1675,1775,1.06391377309489,-1.27212015889723,1.67111960083717
6.632,1675,1775,1.06091630620532,-1.27257900796692,1.66732406677214
6.649,1675,1775,1.06057076762451,-1.27242883162207,1.66690804371333
6.666,1675,1775,1.05400514589414,-1.2706638556494,1.66081621998034
6.683,1675,1775,1.04270750035527,-1.26965590443188,1.65478009348115
6.7,1675,1775,1.0425919561364,-1.2696487693105,1.65458060882918
6.717,1675,1775,1.03781654219809,-1.26951751833211,1.64974849471981
6.734,1675,1775,1.034331293327,-1.27072580828699,1.65431086937775
6.751,1675,1775,1.034331293327,-1.27072580828699,1.65431086937775
6.768,1675,1775,1.03416471075815,-1.27071868890533,1.65410779492275
6.785,1675,1775,1.02997799459972,-1.27053975763749,1.64900392896582
6.802,1675,1775,1.02988605990199,-1.27052161139267,1.64895425790396
6.819,1675,1775,1.02376229986182,-1.26937982397355,1.64543860404904
6.836,1675,1775,1.00721331537089,-1.26671056959499,1.63438154817152
6.853,1675,1775,1.00721331537089,-1.26671056959499,1.63438154817152
6.87,1675,1775,1.0068731786436,-1.26666873061541,1.63387799756832
6.887,1675,1775,0.998324529513576,-1.26561719243184,1.62122227097188
6.904,1675,1775,0.998151093000455,-1.26558244061999,1.62136911577505
6.921,1675,1775,0.99379211680632,-1.26470902407214,1.62505976308874
6.938,1675,1775,0.993606689880221,-1.26467375828901,1.62499302156115
6.955,1675,1775,0.988946358891847,-1.26378742411187,1.62331560816826
6.972,1675,1775,0.988946358891847,-1.26378742411187,1.62331560816826
6.989,1675,1775,0.988453004923568,-1.26363397926303,1.62282751445264
7.006,1675,1775,0.941639905450101,-1.24942918916969,1.57997814797449
7.023,1675,1775,0.937985333813961,-1.24870202252438,1.58347285923233
7.04,1675,1775,0.937985333813961,-1.24870202252438,1.58347285923233
7.057,1675,1775,0.937909198291394,-1.24867167191361,1.58342195144551
7.074,1675,1775,0.927935811208298,-1.24450942007442,1.57453042103078
7.091,1675,1775,0.923683500817571,-1.2423263747615,1.56316139807756
7.108,1675,1775,0.923683500817571,-1.2423263747615,1.56316139807756
7.125,1675,1775,0.923554500268752,-1.24227579043566,1.56299218900643
7.142,1675,1775,0.909215593111584,-1.23665314806414,1.54418394994622
7.159,1675,1775,0.909215593111584,-1.23665314806414,1.54418394994622
7.176,1675,1775,0.900114888675315,-1.23264563364717,1.53471091048391
7.193,1675,1775,0.900114888675315,-1.23264563364717,1.53471091048391
7.21,1675,1775,0.900114888675315,-1.23264563364717,1.53471091048391
7.227,1675,1775,0.895463357230522,-1.23027220942848,1.53576382667007
7.244,1675,1775,0.890834527841986,-1.22791047102806,1.5233149120708
7.261,1675,1775,0.890806967570926,-1.22789640927726,1.52320291491523
7.278,1675,1775,0.88633777224185,-1.22625411822507,1.51889097963257
7.295,1675,1775,0.872207146194894,-1.21983247116095,1.49565276824868
7.312,1675,1775,0.872207146194894,-1.21983247116095,1.49565276824868
7.329,1675,1775,0.86784601357349,-1.21965557073698,1.50358314584406
7.346,1675,1775,0.858072678525154,-1.21562565167168,1.49299018364432
7.363,1675,1775,0.857997892824896,-1.21558644577086,1.49288275126362
7.38,1675,1775,0.857997892824896,-1.21558644577086,1.49288275126362
7.397,1675,1775,0.857997892824896,-1.21558644577086,1.49288275126362
7.414,1675,1775,0.857997892824896,-1.21558644577086,1.49288275126362
7.431,1675,1775,0.857997892824896,-1.21558644577086,1.49288275126362
7.448,1675,1775,0.857997892824896,-1.21558644577086,1.49288275126362
7.465,1675,1775,0.857997892824896,-1.21558644577086,1.49288275126362
7.482,1675,1775,0.845031650342508,-1.21030126671952,1.48252372499575
7.499,1675,1775,0.843994350943917,-1.20987845239542,1.48169500289432
7.516,1675,1775,0.843994350943917,-1.20987845239542,1.48169500289432
7.533,1675,1775,0.83269970691462,-1.20510321489496,1.46048206149183
7.55,1675,1775,0.825687871026419,-1.20329341820024,1.46412555933572
7.567,1675,1775,0.825329012974217,-1.20323013138538,1.46521776452465
7.584,1675,1775,0.81815738390606,-1.20027674702516,1.45080644758494
7.601,1675,1775,0.803147034869429,-1.19530652476314,1.43569847898753
7.618,1675,1775,0.801763771185755,-1.19488936939575,1.43469842193763
7.635,1675,1775,0.798155338404384,-1.19424060850719,1.42930021417925
7.652,1675,1775,0.792586813503966,-1.19251591068716,1.429337438728
7.669,1675,1775,0.791952707848716,-1.19226918113412,1.42955043470762
7.686,1675,1775,0.78874587822235,-1.19158949448218,1.4356595559923
7.703,1675,1775,0.787623487853123,-1.19135160415401,1.43779774844194
7.72,1675,1775,0.777432298007864,-1.18776188761511,1.42458713719982
7.737,1675,1775,0.773354660349631,-1.18632559179847,1.41930138679118
7.754,1675,1775,0.771074739106253,-1.1855380431496,1.41109418768215
7.771,1675,1775,0.765295018020122,-1.18354168569466,1.40621277884361
7.788,1675,1775,0.76361339719579,-1.18296087103851,1.40638353179082
7.805,1675,1775,0.761133436622066,-1.18205180361238,1.41125728586455
7.822,1675,1775,0.759055205538961,-1.18128999626687,1.41534153918485
7.839,1675,1775,0.759055205538961,-1.18128999626687,1.41534153918485
7.856,1675,1775,0.757174970556796,-1.18039091980333,1.41045001530598
7.873,1675,1775,0.753960007266829,-1.17885361310892,1.40208613001945
7.89,1675,1775,0.749367788753923,-1.17723312762262,1.39636210691521
7.907,1675,1775,0.737357278431708,-1.1730214908839,1.37991379369325
7.924,1675,1775,0.732620349477456,-1.17138770035958,1.37697799537167
7.941,1675,1775,0.729825388428691,-1.17042270442286,1.37780584442398
7.958,1675,1775,0.729825388428691,-1.17042270442286,1.37780584442398
7.975,1675,1775,0.718340099515035,-1.1648888254939,1.36854102197718
7.992,1675,1775,0.670128860921122,-1.14140956037572,1.32482604184321
8.009,1675,1775,0.667768273660891,-1.14013129176407,1.31991896069634
8.026,1675,1775,0.667294145170587,-1.13988315918031,1.31917346251205
8.043,1675,1775,0.660801729273988,-1.13619394812209,1.31113407871244
8.06,1675,1775,0.647956050471163,-1.1281934004612,1.30158183144126
8.077,1675,1775,0.643136139698941,-1.12560015300887,1.29815411597688
8.094,1675,1775,0.638821097536409,-1.1222791118491,1.28277817090586
8.111,1675,1775,0.638470145530706,-1.12207658987443,1.28224360618791
8.128,1675,1775,0.634563746415375,-1.11982234527733,1.2762934389076
8.145,1675,1775,0.633774624036845,-1.11922435240968,1.27585987430996
8.162,1675,1775,0.624991010006204,-1.11256817500878,1.27103392565277
8.179,1675,1775,0.624772464935953,-1.11246742617953,1.26968299205099
8.196,1675,1775,0.618039509613146,-1.10865420028736,1.24502047643503
8.213,1675,1775,0.606000540917935,-1.09877054254795,1.23195061961187
8.23,1675,1775,0.606000540917935,-1.09877054254795,1.23195061961187
8.247,1675,1775,0.60534547522811,-1.09834496019726,1.23152567570954
8.264,1675,1775,0.597157154105296,-1.09302518081365,1.2262138769304
8.281,1675,1775,0.597157154105296,-1.09302518081365,1.2262138769304
8.298,1675,1775,0.597043485061321,-1.09288886779551,1.22546813682977
8.315,1675,1775,0.592172276864904,-1.08773751349766,1.20676136320275
8.332,1675,1775,0.588195734810975,-1.08494432206768,1.20766354805168
8.349,1675,1775,0.588058291446446,-1.08487278966347,1.20723829524893
8.366,1675,1775,0.581328153144895,-1.08091038393473,1.1864185315269
8.383,1675,1775,0.573245851058029,-1.07426464750158,1.16142728584038
8.4,1675,1775,0.572843447804444,-1.07391405416405,1.16088343315373
8.417,1675,1775,0.563880829883691,-1.06610538437355,1.14877035058751
8.434,1675,1775,0.563717165550626,-1.06597937701662,1.14880631961761
8.451,1675,1775,0.559603793349935,-1.06281243679587,1.14971032848576
8.468,1675,1775,0.558708987582934,-1.06204760668637,1.14747390594622
8.485,1675,1775,0.530807829113938,-1.03864195301811,1.08450672670296
8.502,1675,1775,0.527466906537361,-1.03639575064879,1.08542937569691
8.519,1675,1775,0.527466906537361,-1.03639575064879,1.08542937569691
8.536,1675,1775,0.52725889391947,-1.03623503996581,1.08447556575335
8.553,1675,1775,0.516816548417164,-1.02834325384049,1.05439586321269
8.57,1675,1775,0.503184698355126,-1.01877519436212,1.05010661273363
8.587,1675,1775,0.503138511913986,-1.01873363851095,1.04994176229716
8.604,1675,1775,0.498553800695574,-1.0146085842233,1.03357783325657
8.621,1675,1775,0.498553800695574,-1.0146085842233,1.03357783325657
8.638,1675,1775,0.498523219859679,-1.01458689413559,1.0335880147105
8.655,1675,1775,0.49352363964811,-1.01121605198633,1.03471972247375
8.672,1675,1775,0.489020685470707,-1.00877083929195,1.02794100885432
8.689,1675,1775,0.48409464005599,-1.00609761426096,1.02897985820855
8.706,1675,1775,0.483983312905178,-1.00603718202594,1.02901891482507
8.723,1675,1775,0.465417167207165,-0.993720841096076,1.01799995629322
8.74,1675,1775,0.46467845072225,-0.993230794091883,1.01756153000667
8.757,1675,1775,0.459795554387741,-0.989938720588905,1.02601233206699
8.774,1675,1775,0.459601271951575,-0.989807734383918,1.02634857561986
8.791,1675,1775,0.456991145256388,-0.988194816495001,1.0210182257674
8.808,1675,1775,0.451149704887397,-0.984327879312572,1.02051093795586
8.825,1675,1775,0.450366711289545,-0.983791948010321,1.02074766901206
8.842,1675,1775,0.440584870485814,-0.977745825663553,1.01744000797493
8.859,1675,1775,0.431868813974741,-0.971448769293318,1.01677251737838
8.876,1675,1775,0.431212704903997,-0.970878948541678,1.01703497249879
8.893,1675,1775,0.424124184329429,-0.965949384624684,1.01310587737478
8.91,1675,1775,0.42128796806078,-0.963976997124127,1.01153379143744
8.927,1675,1775,0.41833163774408,-0.961531293264191,1.01218883610198
8.944,1675,1775,0.417148768617649,-0.960552732928098,1.01245092863804
8.961,1675,1775,0.401376769394038,-0.946955251141682,0.995729386313694
8.978,1675,1775,0.386459156305779,-0.933914788727575,0.966573983255628
8.995,1675,1775,0.385497233752505,-0.933048835899534,0.962051539819932
9.012,1675,1775,0.383988039990363,-0.931596138736887,0.959255885524242
9.029,1675,1775,0.376892658746899,-0.924065239387629,0.939934164856874
9.046,1675,1775,0.369869315945344,-0.916398042047203,0.920082266623016
9.063,1675,1775,0.368558444939068,-0.914992022366891,0.916832255567992
9.08,1675,1775,0.36699473673508,-0.913646903500387,0.910846786475306
9.097,1675,1775,0.362244889533487,-0.908666912075482,0.895059563605203
9.114,1675,1775,0.357973997088129,-0.904492122070563,0.884845382072611
9.131,1675,1775,0.35693051602471,-0.903700456543231,0.882802374571076
9.148,1675,1775,0.355927737584389,-0.902452945136431,0.878236262274793
9.165,1675,1775,0.351425961675168,-0.89681154325256,0.878010698588616
9.182,1675,1775,0.34535996137046,-0.889956527204799,0.881482409890437
9.199,1675,1775,0.340795285670324,-0.885461946204265,0.841493572676558
9.216,1675,1775,0.339906625117399,-0.884353576802425,0.843985089531017
9.233,1675,1775,0.335012333549087,-0.878295654667405,0.832693745384514
9.25,1675,1775,0.33303861997827,-0.875883823720151,0.788910318605136
9.267,1675,1775,0.332333904510183,-0.875216810700806,0.791192176156726
9.284,1675,1775,0.327539586196326,-0.870231814231147,0.788112240253249
9.301,1675,1775,0.324877060633255,-0.867097910833036,0.766161109599414
9.318,1675,1775,0.324360228352102,-0.866465881750316,0.774623491628743
9.335,1675,1775,0.318141712533763,-0.858834442532559,0.788970014522669
9.352,1675,1775,0.309861928622684,-0.848635667650364,0.751676654310975
9.369,1675,1775,0.308287745408063,-0.846904725319152,0.745191041773283
9.386,1675,1775,0.299618485027106,-0.837422189496342,0.720701434083027
9.403,1675,1775,0.297646161729135,-0.83530153110292,0.721180776928392
9.42,1675,1775,0.297646161729135,-0.83530153110292,0.721180776928392
9.437,1675,1775,0.297305473700311,-0.834801358307143,0.717983329909381
9.454,1675,1775,0.292909062321154,-0.829188823864651,0.695901570287301
9.471,1675,1775,0.289693708405641,-0.826380713724769,0.69653698122059
9.488,1675,1775,0.287962794060304,-0.824383724591611,0.694640288339539
9.505,1675,1775,0.268696221544819,-0.802155509746509,0.673528457456158
9.522,1675,1775,0.268142320741897,-0.801534063922482,0.672695934004351
9.539,1675,1775,0.252544474131643,-0.784034149517873,0.64925207360147
9.556,1675,1775,0.252497093985787,-0.78398845908918,0.649258483035208
9.573,1675,1775,0.247793889303282,-0.77945298469804,0.649894717437266
9.59,1675,1775,0.247793889303282,-0.77945298469804,0.649894717437266
9.607,1675,1775,0.243748478655642,-0.774015558212405,0.622725398701062
9.624,1675,1775,0.243748478655642,-0.774015558212405,0.622725398701062
9.641,1675,1775,0.239910727753146,-0.769694448951904,0.616915777266851
9.658,1675,1775,0.23594889482039,-0.765785818199134,0.623790936880566
9.675,1675,1775,0.235923850496379,-0.765762017549196,0.623860723862289
9.692,1675,1775,0.227851944990984,-0.756549151550952,0.625366655447013
9.709,1675,1775,0.223708662025962,-0.752054031486269,0.619764317776177
9.726,1675,1775,0.22363800539806,-0.751978853532378,0.61953902588854
9.743,1675,1775,0.22363800539806,-0.751978853532378,0.61953902588854
9.76,1675,1775,0.215384392742434,-0.74257959890258,0.633062175532865
9.777,1675,1775,0.214724103729984,-0.741827658532197,0.63414402750441
9.794,1675,1775,0.214724103729984,-0.741827658532197,0.63414402750441
9.811,1675,1775,0.2111065013512,-0.73811937210504,0.628630697867596
9.828,1675,1775,0.207399909466484,-0.733697296472098,0.628511262698849
9.845,1675,1775,0.191689941866952,-0.716112351102024,0.631175752493838
9.862,1675,1775,0.190533878457233,-0.714839948743919,0.631377227533569
9.879,1675,1775,0.187247677932872,-0.710826729407926,0.607266389470128
9.896,1675,1775,0.186712552261687,-0.710173215821379,0.603340174893175
9.913,1675,1775,0.183771964786233,-0.707002191103873,0.573741235407697
9.93,1675,1775,0.183227411550038,-0.706414964304335,0.568259950317795
9.947,1675,1775,0.17987610608703,-0.701512911614933,0.574205842946372
9.964,1675,1775,0.175468538926983,-0.69591634469341,0.57573577338046
9.981,1675,1775,0.174859360985351,-0.695198675661431,0.575786434806061
9.998,1675,1775,0.174859360985351,-0.695198675661431,0.575786434806061
10.015,1675,1775,0.150350567461786,-0.661735399417898,0.554169154635025
10.032,1675,1775,0.134402072243281,-0.640044799751233,0.503042450486932
10.049,1675,1775,0.133871620226465,-0.639334581845163,0.491553078285672
10.066,1675,1775,0.132195618020091,-0.636248623450135,0.516906660035654
10.083,1675,1775,0.127273014921407,-0.629031086631819,0.506972623063579
10.1,1675,1775,0.126350542969507,-0.627859351411088,0.498302503591248
10.117,1675,1775,0.126350542969507,-0.627859351411088,0.498302503591248
10.134,1675,1775,0.1251050102394,-0.626299217392751,0.498542080282476
10.151,1675,1775,0.121756918791823,-0.620534463921915,0.48557850628406
10.168,1675,1775,0.118397894572785,-0.614211693240666,0.451445653606661
10.185,1675,1775,0.117346895391073,-0.612525697081511,0.442132926426832
10.202,1675,1775,0.113201265406948,-0.606332259782128,0.440403140537303
10.219,1675,1775,0.105506150770609,-0.593877754400681,0.438485669265288
10.236,1675,1775,0.104656252797042,-0.592222049396075,0.438660713066162
10.253,1675,1775,0.103326631632302,-0.590009470393133,0.426595890088576
10.27,1675,1775,0.10173998994777,-0.587369191966855,0.41219889374077
10.287,1675,1775,0.100518937229906,-0.584946639990561,0.398926560392561
10.304,1675,1775,0.098811873397366,-0.581559848576334,0.380371489099838
10.321,1675,1775,0.0981849214847069,-0.580756122992903,0.380481861239657
10.338,1675,1775,0.0922853025982372,-0.571359262701155,0.354751848278991
10.355,1675,1775,0.0831875129380609,-0.55465127911269,0.317238882114948
10.372,1675,1775,0.0807754517392014,-0.550244897590602,0.317646646945156
10.389,1675,1775,0.0807754517392014,-0.550244897590602,0.317646646945156
10.406,1675,1775,0.0798200203984595,-0.548784954682723,0.319217011857171
10.423,1675,1775,0.0781863540132974,-0.546288637520878,0.321902136637779
10.44,1675,1775,0.0773833431486209,-0.544584825587025,0.309924173302658
10.457,1675,1775,0.0741963234016422,-0.538941735778091,0.289520768336441
10.474,1675,1775,0.0650150777824956,-0.523635824020814,0.266020338409989
10.491,1675,1775,0.0546143177809797,-0.504553974743333,0.225611313845489
10.508,1675,1775,0.0546143177809797,-0.504553974743333,0.225611313845489
10.525,1675,1775,0.0517137074408953,-0.498906587827471,0.217340211570218
10.542,1675,1775,0.0409250904213329,-0.479772038872119,0.206123334193377
10.559,1675,1775,0.0390709966937854,-0.477353808745392,0.229754067904102
10.576,1675,1775,0.0390709966937854,-0.477353808745392,0.229754067904102
10.593,1675,1775,0.0386963471378183,-0.476636042237764,0.216125104724543
10.61,1675,1775,0.0352342688263439,-0.470214121608119,0.171837653058558
10.627,1675,1775,0.0329518352048921,-0.46620199449968,0.199943275139407
10.644,1675,1775,0.0321459810815201,-0.464775327156797,0.195360863418833
10.661,1675,1775,0.0271972402802887,-0.456014179593309,0.167220326326645
10.678,1675,1775,0.0271972402802887,-0.456014179593309,0.167220326326645
10.695,1675,1775,0.0271972402802887,-0.456014179593309,0.167220326326645
10.712,1675,1775,0.0257973573607467,-0.453627591717439,0.167586689524441
10.729,1675,1775,0.0141929796476088,-0.433083253393874,0.170225524854453
10.746,1675,1775,0.0125016952818262,-0.429355350657182,0.170301622101952
10.763,1675,1775,0.0125016952818262,-0.429355350657182,0.170301622101952
10.78,1675,1775,0.0124088090929649,-0.429208693258168,0.171594708193558
10.797,1675,1775,0.00800556025865199,-0.422102103489268,0.202913051004705
10.814,1675,1775,0.00317686682986995,-0.413812872926663,0.173236974308398
10.831,1675,1775,0.00307582436353276,-0.413612069510034,0.173187384426962
10.848,1675,1775,-0.00014731142310716,-0.407257821777343,0.170293415853978
10.865,1675,1775,-0.00118003742638557,-0.405288846295841,0.159960305009894
10.882,1675,1775,-0.00187498126191257,-0.403983027135437,0.14689400462279
10.899,1675,1775,-0.00301427097080255,-0.401859731252564,0.14242062511354
10.916,1675,1775,-0.00592066203248492,-0.396552266988893,0.156822680163276
10.933,1675,1775,-0.0086689227242463,-0.391564128618725,0.174025516175973
10.95,1675,1775,-0.00902137105407697,-0.390925525722531,0.17636030791874
10.967,1675,1775,-0.00902137105407697,-0.390925525722531,0.17636030791874
10.984,1675,1775,-0.00941604715108584,-0.390226740734431,0.176379425460325
11.001,1675,1775,-0.0113064771314275,-0.386879681965665,0.176470995165294
11.018,1675,1775,-0.0113876243642879,-0.386736008536799,0.176474925820356
11.035,1675,1775,-0.0241963995722639,-0.361667027898821,0.149739446069331
11.052,1675,1775,-0.0253471435738679,-0.359414823560226,0.147337522977235
11.069,1675,1775,-0.032033893041906,-0.344871056192086,0.115684654707933
11.086,1675,1775,-0.0326346325127473,-0.343564440002181,0.112840952035118
11.103,1675,1775,-0.0326346325127473,-0.343564440002181,0.112840952035118
11.12,1675,1775,-0.0346757980081443,-0.339742067471257,0.112882535191739
11.137,1675,1775,-0.0464783825298465,-0.313548122639666,0.11501640968676
11.154,1675,1775,-0.0473414744609313,-0.311577755759351,0.115203085242846
11.171,1675,1775,-0.0473414744609313,-0.311577755759351,0.115203085242846
11.188,1675,1775,-0.0488729752800522,-0.307708900320493,0.0862203028109685
11.205,1675,1775,-0.0513419559290962,-0.300472830647664,0.0820639869018963
11.222,1675,1775,-0.0515530175553263,-0.299814182629476,0.0820688037901432
11.239,1675,1775,-0.053035028974699,-0.29681316235012,0.0811596353744523
11.256,1675,1775,-0.0551128747311324,-0.290983277442621,0.0565833462074259
11.273,1675,1775,-0.060619183411275,-0.275679384772723,0.017615463550704
11.29,1675,1775,-0.0612610945903067,-0.273945473931561,0.0143728925526078
11.307,1675,1775,-0.0632013850303788,-0.26915846873572,0.01391280184736
11.324,1675,1775,-0.0650329675864758,-0.262541919581958,-0.0147070970620859
11.341,1675,1775,-0.065147203160334,-0.262035815929501,-0.0192408921701418
11.358,1675,1775,-0.0667130917283539,-0.258017240215405,-0.0192700731797226
11.375,1675,1775,-0.0688136353616303,-0.252626582557283,-0.019644787192871
11.392,1675,1775,-0.0689719415777921,-0.252220319449548,-0.0196986131691777
11.409,1675,1775,-0.0689719415777921,-0.252220319449548,-0.0196986131691777
11.426,1675,1775,-0.0709482947744129,-0.244645956281797,-0.0410655396352304
11.443,1675,1775,-0.0872956661033592,-0.188903795574381,-0.134270516130549
11.46,1675,1775,-0.0904399037628592,-0.17840233056422,-0.149868767188586
11.477,1675,1775,-0.0912957180420489,-0.175554722088458,-0.149115855858457
11.494,1675,1775,-0.092892844106936,-0.170538510552804,-0.149407769753493
11.511,1675,1775,-0.0949176699409303,-0.163503003281234,-0.170448124557391
11.528,1675,1775,-0.0954258430213799,-0.161595396882444,-0.181991297514071
11.545,1675,1775,-0.0956376594093066,-0.159663060888535,-0.182054752403219
11.562,1675,1775,-0.0968902778683964,-0.154485665368381,-0.182232587825326
11.579,1675,1775,-0.098849772110337,-0.149822395407193,-0.181830364290356
11.596,1675,1775,-0.102170251488304,-0.140071514897411,-0.193324850309748
11.613,1675,1775,-0.104951994120474,-0.131058246752406,-0.214355338690138
11.63,1675,1775,-0.10547740144969,-0.128964584358384,-0.214417761472179
11.647,1675,1775,-0.106375781328657,-0.125384687269877,-0.214524496510418
11.664,1675,1775,-0.107030802079052,-0.123694339220307,-0.21459337377091
11.681,1675,1775,-0.108150804465274,-0.120804058495728,-0.214711145148475
11.698,1675,1775,-0.108150804465274,-0.120804058495728,-0.214711145148475
11.715,1675,1775,-0.109529466456466,-0.116571587974026,-0.216125409848756
11.732,1675,1775,-0.112253027288043,-0.108210299269932,-0.218919304195433
11.749,1675,1775,-0.113686721808535,-0.103933732496264,-0.219077831171952
11.766,1675,1775,-0.117269936959822,-0.0932453615498252,-0.219474035702296
11.783,1675,1775,-0.117636298129624,-0.0916680348455869,-0.220210021082836
11.8,1675,1775,-0.119497222530792,-0.0853390448598319,-0.221668293305191
11.817,1675,1775,-0.121632121768099,-0.0796759303388064,-0.215670923355852
11.834,1675,1775,-0.122815676936131,-0.0758927557148548,-0.192616945760745
11.851,1675,1775,-0.123192168097308,-0.0749199780569753,-0.192313183063347
11.868,1675,1775,-0.124620263350631,-0.0712300663166499,-0.191160959290192
11.885,1675,1775,-0.124620263350631,-0.0712300663166499,-0.191160959290192
11.902,1675,1775,-0.125313423593375,-0.0688044862853181,-0.19157071589333
11.919,1675,1775,-0.127942698738535,-0.0596038471030607,-0.193124992647478
11.936,1675,1775,-0.13036085914863,-0.0507935292117162,-0.200858960923556
11.953,1675,1775,-0.139533354440769,-0.0173744892492635,-0.2301952230283
11.97,1675,1775,-0.139714375800014,-0.0169326158580392,-0.230502236103773
11.987,1675,1775,-0.141069536210503,-0.01109589893706,-0.232565488509618
12.004,1675,1775,-0.141244284210518,-0.0067841331613403,-0.232678407748748
12.021,1675,1775,-0.141244284210518,-0.0067841331613403,-0.232678407748748
12.038,1675,1775,-0.141502281331008,-0.00611498873380352,-0.232706841757831
12.055,1675,1775,-0.143086638647967,-0.00200578058504863,-0.232881454676985
12.072,1675,1775,-0.143128341201853,-0.00178583319650659,-0.232886612244689
12.089,1675,1775,-0.144456235410098,0.00554642642829335,-0.234528815193741
12.106,1675,1775,-0.147635922496674,0.025291743542029,-0.270377820092664
12.123,1675,1775,-0.147635922496674,0.025291743542029,-0.270377820092664
12.14,1675,1775,-0.147635922496674,0.025291743542029,-0.270377820092664
12.157,1675,1775,-0.147643772741043,0.0254543968957243,-0.270385199617124
12.174,1675,1775,-0.147864835622458,0.0300347153357725,-0.270593007025918
12.191,1675,1775,-0.147864835622458,0.0300347153357725,-0.270593007025918
12.208,1675,1775,-0.148036758736327,0.0335970930208207,-0.30136112899034
12.225,1675,1775,-0.148036758736327,0.0335970930208207,-0.30136112899034
12.242,1675,1775,-0.149918927578343,0.0485615846160455,-0.302006186203539
12.259,1675,1775,-0.151095951931825,0.0550679842659354,-0.305130177521286
12.276,1675,1775,-0.151118009709587,0.0551773428138898,-0.305225008225511
12.293,1675,1775,-0.151333653377593,0.0590463615198433,-0.305391596135799
12.31,1675,1775,-0.150812958436956,0.0644520515090939,-0.365276295728489
12.327,1675,1775,-0.150764629176574,0.0647250704471505,-0.370636958385414
12.344,1675,1775,-0.150925915592844,0.0682818181860438,-0.367664696812932
12.361,1675,1775,-0.152621864829008,0.0797279954048843,-0.367868655488478
12.378,1675,1775,-0.152755753284575,0.0804500375096531,-0.367914127363604
12.395,1675,1775,-0.152378508636423,0.0874374322233264,-0.396641721902646
12.412,1675,1775,-0.152938279377548,0.0934985321193815,-0.399591008894722
12.429,1675,1775,-0.15299161418578,0.0937418238301557,-0.399600506591905
12.446,1675,1775,-0.15299161418578,0.0937418238301557,-0.399600506591905
12.463,1675,1775,-0.153469631151808,0.0971772153869825,-0.399804826757605
12.48,1675,1775,-0.155466279289398,0.135897456056719,-0.45679463568183
12.497,1675,1775,-0.155603143719053,0.139002958164317,-0.461889221282011
12.514,1675,1775,-0.155603143719053,0.139002958164317,-0.461889221282011
12.531,1675,1775,-0.157296251184479,0.150748994361625,-0.485830813486958
12.548,1675,1775,-0.157413577014883,0.15858336702509,-0.49588947606532
12.565,1675,1775,-0.157397474886906,0.158831253579435,-0.496108782387412
12.582,1675,1775,-0.157959552599427,0.162813442787818,-0.49639038343171
12.599,1675,1775,-0.15824028628684,0.167849224775207,-0.496752799306074
12.616,1675,1775,-0.159354736585836,0.174698212366721,-0.49714904276242
12.633,1675,1775,-0.159438387686391,0.175073336157502,-0.497169148543572
12.65,1675,1775,-0.159555118806348,0.177657355451369,-0.501462652413912
12.667,1675,1775,-0.160669962143211,0.185516030071497,-0.50252478086899
12.684,1675,1775,-0.160825667713985,0.186368782189501,-0.502546882297427
12.701,1675,1775,-0.162307326190785,0.201553858263242,-0.50751697135069
12.718,1675,1775,-0.162524382323141,0.210836677902168,-0.509112622767719
12.735,1675,1775,-0.162479802833039,0.211543347344649,-0.509155703546592
12.752,1675,1775,-0.163302521728835,0.216092347477126,-0.516475200378486
12.769,1675,1775,-0.163631703071011,0.217912466082425,-0.519403833479647
12.786,1675,1775,-0.163631703071011,0.217912466082425,-0.519403833479647
12.803,1675,1775,-0.163943835441702,0.224249508256954,-0.498613725591599
12.82,1675,1775,-0.164068723970755,0.226785047502617,-0.490295312518129
12.837,1675,1775,-0.164068723970755,0.226785047502617,-0.490295312518129
12.854,1675,1775,-0.165364676035874,0.238270676127812,-0.492879404576076
12.871,1675,1775,-0.166561102621862,0.251580878486355,-0.503123216358114
12.888,1675,1775,-0.166824728945304,0.257026094767403,-0.507371483544165
12.905,1675,1775,-0.166910627045302,0.258763434060818,-0.507454869616209
12.922,1675,1775,-0.166910627045302,0.258763434060818,-0.507454869616209
12.939,1675,1775,-0.167083377236644,0.262257657256087,-0.50765296867871
12.956,1675,1775,-0.167228143577312,0.265185850281674,-0.507818977619974
12.973,1675,1775,-0.167254390002057,0.265561717263558,-0.490729925709691
12.99,1675,1775,-0.167333409401243,0.281484241898821,-0.500300279687502
13.007,1675,1775,-0.167354705193279,0.293535505342128,-0.520321292172609
13.024,1675,1775,-0.167265328884585,0.298400150062738,-0.520643999817416
13.041,1675,1775,-0.166733371692433,0.308631747385667,-0.521391495051089
13.058,1675,1775,-0.166478128156203,0.310359165236441,-0.521536982019798
13.075,1675,1775,-0.166478128156203,0.310359165236441,-0.521536982019798
13.092,1675,1775,-0.166617181067661,0.312635740356352,-0.523473396997498
13.109,1675,1775,-0.16618782838669,0.318079277189144,-0.541484913050598
13.126,1675,1775,-0.165641948013366,0.319436161768779,-0.553134378151469
13.143,1675,1775,-0.165758303235263,0.320905613322684,-0.553224589902393
13.16,1675,1775,-0.165072778874087,0.332839597635938,-0.556788349834111
13.177,1675,1775,-0.164089053463081,0.340307982576299,-0.560476635694045
13.194,1675,1775,-0.16400162098218,0.340977617939132,-0.572044488581943
13.211,1675,1775,-0.163701738215924,0.34405019204095,-0.582991913098537
13.228,1675,1775,-0.163482193060709,0.348594903753579,-0.561009148913325
13.245,1675,1775,-0.16337202794892,0.352121307173474,-0.561318270937653
13.262,1675,1775,-0.16337202794892,0.352121307173474,-0.561318270937653
13.279,1675,1775,-0.163316788365935,0.352444694619528,-0.563813261262615
13.296,1675,1775,-0.162701924069396,0.356044276364742,-0.591584659743891
13.313,1675,1775,-0.162701924069396,0.356044276364742,-0.591584659743891
13.33,1675,1775,-0.162445021836157,0.357355127644389,-0.593823127298896
13.347,1675,1775,-0.159107956949374,0.37576108183338,-0.623765099843605
13.364,1675,1775,-0.158662990094383,0.379689116963478,-0.628626748184026
13.381,1675,1775,-0.158655867813819,0.379701898565543,-0.628789067742587
13.398,1675,1775,-0.157491851009415,0.382285663274725,-0.650339997722036
13.415,1675,1775,-0.156444427745413,0.387561215514884,-0.657114224503119
13.432,1675,1775,-0.156444427745413,0.387561215514884,-0.657114224503119
13.449,1675,1775,-0.155281323691011,0.390141302874847,-0.644802171432907
13.466,1675,1775,-0.155270859779103,0.390164514733448,-0.644691405557536
13.483,1675,1775,-0.155270859779103,0.390164514733448,-0.644691405557536
13.5,1675,1775,-0.147599988728701,0.427835212293628,-0.679696575488721
13.517,1675,1775,-0.147311093008086,0.434098275886529,-0.687535327968252
13.534,1675,1775,-0.147310396451908,0.434121319422134,-0.687566476658074
13.551,1675,1775,-0.147310396451908,0.434121319422134,-0.687566476658074
13.568,1675,1775,-0.146216523947183,0.435165529687405,-0.712177242724529
13.585,1675,1775,-0.145023720426098,0.440592165764931,-0.713787568428327
13.602,1675,1775,-0.144996948382319,0.440772283376101,-0.713795289994145
13.619,1675,1775,-0.144794363278525,0.444078129172166,-0.689585172948541
13.636,1675,1775,-0.141459447124482,0.462497498498826,-0.702354768663211
13.653,1675,1775,-0.141209346956481,0.463736166498612,-0.703453398788186
13.67,1675,1775,-0.140723877156914,0.468301633976058,-0.708778401888652
13.687,1675,1775,-0.139453014946889,0.471724680193681,-0.73484280295909
13.704,1675,1775,-0.139375753290703,0.471853110680834,-0.736690048592336
13.721,1675,1775,-0.139375753290703,0.471853110680834,-0.736690048592336
13.738,1675,1775,-0.138734125275332,0.475104603719942,-0.737194886788078
13.755,1675,1775,-0.138839558861695,0.479086861130874,-0.713917286637541
13.772,1675,1775,-0.137451175626462,0.492292534897523,-0.712675246900882
13.789,1675,1775,-0.137248539607356,0.493767591805427,-0.712798486628716
13.806,1675,1775,-0.135642960886602,0.496593192976258,-0.7179046259379
13.823,1675,1775,-0.134627246004136,0.502727578046464,-0.733494672873456
13.84,1675,1775,-0.134578199267878,0.503301273953896,-0.73514590891545
13.857,1675,1775,-0.133747618180014,0.50693095405655,-0.73544276244805
13.874,1675,1775,-0.133304049032037,0.513507134646277,-0.74195369403633
13.891,1675,1775,-0.133281661940712,0.514337479972455,-0.743526711742552
13.908,1675,1775,-0.13309796585779,0.515986050249228,-0.737769212250757
13.925,1675,1775,-0.13206160624407,0.521689115005106,-0.742449074414236
13.942,1675,1775,-0.131864249851565,0.522614096721352,-0.744082990182116
13.959,1675,1775,-0.131864249851565,0.522614096721352,-0.744082990182116
13.976,1675,1775,-0.125663775640683,0.547833274829546,-0.736804988202235
13.993,1675,1775,-0.123691890147224,0.559494850756522,-0.740974455597397
14.01,1675,1775,-0.12366042146252,0.56002616256146,-0.743105318365303
14.027,1675,1775,-0.121809253487887,0.563055973820954,-0.763811309352385
14.044,1675,1775,-0.121161344696766,0.564116407761776,-0.77105840619786
14.061,1675,1775,-0.121161344696766,0.564116407761776,-0.77105840619786
14.078,1675,1775,-0.120769262353483,0.565624997641699,-0.751577034106381
14.095,1675,1775,-0.119355005977116,0.568995326356276,-0.754347837257888
14.112,1675,1775,-0.114477726630716,0.581295987875196,-0.77680115358525
14.129,1675,1775,-0.112687012092396,0.586315513199603,-0.781451588846502
14.146,1675,1775,-0.112687012092396,0.586315513199603,-0.781451588846502
14.163,1675,1775,-0.112588242838044,0.58827890309852,-0.765221957510212
14.18,1675,1775,-0.110760750982569,0.593610840050913,-0.771800305133663
14.197,1675,1775,-0.109884680369981,0.59470412458425,-0.782155067155854
14.214,1675,1775,-0.109436180451228,0.59769576773433,-0.794964031797625
14.231,1675,1775,-0.107401568776982,0.601304633192133,-0.813668856503674
14.248,1675,1775,-0.106574539064558,0.601653692756467,-0.816206033472667
14.265,1675,1775,-0.10388540528974,0.606120872258388,-0.82999804106304
14.282,1675,1775,-0.100107573899843,0.614595607882844,-0.847294369797312
14.299,1675,1775,-0.0988966550337991,0.619177756746947,-0.851550726556651
14.316,1675,1775,-0.0987414571834684,0.619843007668352,-0.852067622432989
14.333,1675,1775,-0.0978591175386646,0.620977055424364,-0.848134448796944
14.35,1675,1775,-0.0951834940646453,0.624416026372287,-0.849257773399673
14.367,1675,1775,-0.0944576239550403,0.62534900075729,-0.852961242050175
14.384,1675,1775,-0.0944576239550403,0.62534900075729,-0.852961242050175
14.401,1675,1775,-0.0932907825377595,0.626848795303353,-0.862279468581114
14.418,1675,1775,-0.0923129580803299,0.628105637721304,-0.870088233051488
14.435,1675,1775,-0.0884222003812696,0.635742015979817,-0.874540695997702
14.452,1675,1775,-0.08516170758445,0.64214137523873,-0.878271903255287
14.469,1675,1775,-0.079224211582547,0.648602241887745,-0.893168477278644
14.486,1675,1775,-0.0733708181219427,0.660100972011496,-0.901274378500352
14.503,1675,1775,-0.0732013682689234,0.661782208038182,-0.897605929991398
14.52,1675,1775,-0.0724289272931219,0.663087836275767,-0.905125724161077
14.537,1675,1775,-0.0708332581086228,0.665488413936531,-0.910907518279242
14.554,1675,1775,-0.0697531038643785,0.666863419660151,-0.908454613464716
14.571,1675,1775,-0.069318970856334,0.667389083143306,-0.907024564490572
14.588,1675,1775,-0.069318970856334,0.667389083143306,-0.907024564490572
14.605,1675,1775,-0.069318970856334,0.667389083143306,-0.907024564490572
14.622,1675,1775,-0.069318970856334,0.667389083143306,-0.907024564490572
14.639,1675,1775,-0.069318970856334,0.667389083143306,-0.907024564490572
14.656,1675,1775,-0.069318970856334,0.667389083143306,-0.907024564490572
14.673,1675,1775,-0.0689567173460405,0.66798392892667,-0.90761148848099
14.69,1675,1775,-0.0598522075793619,0.682934175343646,-0.922362636644407
14.707,1675,1775,-0.0598522075793619,0.682934175343646,-0.922362636644407
14.724,1675,1775,-0.0596594882147207,0.683453871343832,-0.92341456804169
14.741,1675,1775,-0.052984059000298,0.697510477462946,-0.949387674437716
14.758,1675,1775,-0.0502001221396351,0.698887108003898,-0.938143012782034
14.775,1675,1775,-0.0495529877167007,0.70293842635091,-0.950639226593526
14.792,1675,1775,-0.0495373729809869,0.702955456928035,-0.950609896477472
14.809,1675,1775,-0.0472460086375521,0.705984814904743,-0.947702728304702
14.826,1675,1775,-0.0456642662708546,0.710101314217644,-0.948129050549529
14.843,1675,1775,-0.045642379380371,0.710129550745127,-0.948132606310176
14.86,1675,1775,-0.0434697704964395,0.712932458289544,-0.948485569979316
14.877,1675,1775,-0.0434697704964395,0.712932458289544,-0.948485569979316
14.894,1675,1775,-0.0434448069146075,0.712960323509845,-0.948568562279176
14.911,1675,1775,-0.0390750068433059,0.718602260188595,-0.958634145808053
14.928,1675,1775,-0.0339089376897961,0.730192802880476,-0.96003591140339
14.945,1675,1775,-0.0326144952753435,0.733096936843546,-0.956999275750996
14.962,1675,1775,-0.0326144952753435,0.733096936843546,-0.956999275750996
14.979,1675,1775,-0.0326144952753435,0.733096936843546,-0.956999275750996
14.996,1675,1775,-0.0158756215792106,0.759045618681645,-0.980435943436907
15.013,1675,1775,-0.0158756215792106,0.759045618681645,-0.980435943436907
15.03,1675,1775,-0.0158756215792106,0.759045618681645,-0.980435943436907
15.047,1675,1775,-0.0145996164186483,0.763483508088224,-0.983367145214863
15.064,1675,1775,-0.0116657255556233,0.764676581002292,-0.99096861323852
15.081,1675,1775,-0.00478707131017297,0.77336392038358,-1.00305924485716
15.098,1675,1775,-0.00473387375751422,0.773443036100527,-1.003145013869
15.115,1675,1775,-0.00216622970573665,0.774679444910997,-1.00490728428789
15.132,1675,1775,0.000210521798613582,0.777654045262976,-1.02546929811908
15.149,1675,1775,0.000224825577920917,0.777676873777575,-1.02566253353826
15.166,1675,1775,0.00243427011488179,0.782084171349276,-1.0149521788374
15.183,1675,1775,0.00595182338600487,0.786914550788158,-1.01853327485045
15.2,1675,1775,0.0102929676015516,0.791969282288709,-1.02650935233405
15.217,1675,1775,0.0140733548423163,0.796046198435118,-1.0347295954549
15.234,1675,1775,0.0159086371890933,0.797943131811575,-1.0390431883797
15.251,1675,1775,0.0159324297781631,0.797967190204836,-1.03910120236041
15.268,1675,1775,0.0159324297781631,0.797967190204836,-1.03910120236041
15.285,1675,1775,0.019474059554546,0.797750989826942,-1.03949152025405
15.302,1675,1775,0.019614975194326,0.79774238756852,-1.03950705036283
15.319,1675,1775,0.0248375813775968,0.803285592465042,-1.04048443448376
15.336,1675,1775,0.0250453803114499,0.803506147495845,-1.04052332299481
15.353,1675,1775,0.0272642922347048,0.804530519162078,-1.05040718112443
15.37,1675,1775,0.0299236595711784,0.807586509022895,-1.04215821857885
15.387,1675,1775,0.0300463972204112,0.80777928922097,-1.04133735408853
15.404,1675,1775,0.0300627010074776,0.807779056343094,-1.04134070981418
15.421,1675,1775,0.0301330553357654,0.807778042192886,-1.04135536851983
15.438,1675,1775,0.0302586853827889,0.807776211646756,-1.04138192222034
15.455,1675,1775,0.0304392698071695,0.807773551506946,-1.04142064778345
15.472,1675,1775,0.0306744872675285,0.807770048575698,-1.04147182207692
15.489,1675,1775,0.0309640164224873,0.807765689655254,-1.04153572196849
15.506,1675,1775,0.0313075359306674,0.807760461547854,-1.04161262432591
15.523,1675,1775,0.0317047244506902,0.807754351055741,-1.04170280601692
15.54,1675,1775,0.032155260641177,0.807747344981156,-1.04180654390927
15.557,1675,1775,0.0326588231607493,0.807739430126342,-1.0419241148707
15.574,1675,1775,0.0332150906680285,0.807730593293539,-1.04205579576897
15.591,1675,1775,0.0338237418216359,0.80772082128499,-1.04220186347181
15.608,1675,1775,0.034484455280193,0.807710100902936,-1.04236259484698
15.625,1675,1775,0.0351969097023212,0.807698418949618,-1.04253826676221
15.642,1675,1775,0.0359607837466418,0.80768576222728,-1.04272915608526
15.659,1675,1775,0.0367757560717762,0.807672117538161,-1.04293553968388
15.676,1675,1775,0.037641505336346,0.807657471684504,-1.0431576944258
15.693,1675,1775,0.0385577101989724,0.807641811468551,-1.04339589717878
15.71,1675,1775,0.0395240493182769,0.807625123692543,-1.04365042481056
15.727,1675,1775,0.0405402013528808,0.807607395158721,-1.04392155418889
15.744,1675,1775,0.0416058449614057,0.807588612669329,-1.04420956218151
15.761,1675,1775,0.0427206588024728,0.807568763026607,-1.04451472565617
15.778,1675,1775,0.0438843215347035,0.807547833032796,-1.04483732148062
15.795,1675,1775,0.0450965118167195,0.807525809490139,-1.0451776265226
15.812,1675,1775,0.0463569083071417,0.807502679200878,-1.04553591764986
15.829,1675,1775,0.0476651896645919,0.807478428967253,-1.04591247173014
15.846,1675,1775,0.0490210345476915,0.807453045591507,-1.0463075656312
15.863,1675,1775,0.0504241216150616,0.807426515875882,-1.04672147622077
15.88,1675,1775,0.0518741295253238,0.807398826622618,-1.04715448036661
15.897,1675,1775,0.0533707369370994,0.807369964633958,-1.04760685493645
15.914,1675,1775,0.0549136225090101,0.807339916712144,-1.04807887679806
15.931,1675,1775,0.056502464899677,0.807308669659417,-1.04857082281916
15.948,1675,1775,0.0581369427677215,0.807276210278018,-1.04908296986752
15.965,1675,1775,0.0598167347717652,0.80724252537019,-1.04961559481087
15.982,1675,1775,0.0615415195704293,0.807207601738174,-1.05016897451696
15.999,1675,1775,0.0633109758223353,0.807171426184211,-1.05074338585354
16.016,1675,1775,0.0651247821861045,0.807133985510544,-1.05133910568835
16.033,1675,1775,0.0669826173203588,0.807095266519414,-1.05195641088914
16.05,1675,1775,0.0688841598837184,0.807055256013063,-1.05259557832366
16.067,1675,1775,0.0708290885348063,0.807013940793733,-1.05325688485965
16.084,1675,1775,0.0728170819322427,0.806971307663665,-1.05394060736486
16.101,1675,1775,0.0748478187346494,0.8069273434251,-1.05464702270704
16.118,1675,1775,0.0769209776006477,0.806882034880281,-1.05537640775392
16.135,1675,1775,0.0790362371888592,0.80683536883145,-1.05612903937327
16.152,1675,1775,0.0811932761579056,0.806787332080847,-1.05690519443281
16.169,1675,1775,0.0833917731664069,0.806737911430715,-1.05770514980031
16.186,1675,1775,0.0856314068729865,0.806687093683295,-1.05852918234351
16.203,1675,1775,0.0879118559362643,0.806634865640829,-1.05937756893014
16.22,1675,1775,0.0902327990148623,0.806581214105559,-1.06025058642797
16.237,1675,1775,0.0925939147674022,0.806526125879726,-1.06114851170473
16.254,1675,1775,0.094994881852504,0.806469587765572,-1.06207162162817
16.271,1675,1775,0.0974353789287911,0.806411586565338,-1.06302019306604
16.288,1675,1775,0.0999150846548834,0.806352109081267,-1.06399450288609
16.305,1675,1775,0.102433677689403,0.8062911421156,-1.06499482795605
16.322,1675,1775,0.104990836690971,0.806228672470579,-1.06602144514368
16.339,1675,1775,0.107586240318209,0.806164686948445,-1.06707463131672
16.356,1675,1775,0.110219567229738,0.80609917235144,-1.06815466334293
16.373,1675,1775,0.112890496084179,0.806032115481806,-1.06926181809003
16.39,1675,1775,0.115598705540156,0.805963503141784,-1.07039637242579
16.407,1675,1775,0.118343874256287,0.805893322133617,-1.07155860321795
16.424,1675,1775,0.121125680891196,0.805821559259545,-1.07274878733425
16.441,1675,1775,0.123943804103502,0.80574820132181,-1.07396720164244
16.458,1675,1775,0.126797922551829,0.805673235122655,-1.07521412301027
16.475,1675,1775,0.129687714894797,0.805596647464321,-1.07648982830548
16.492,1675,1775,0.132612859791026,0.805518425149049,-1.07779459439581
16.509,1675,1775,0.13557303589914,0.805438554979081,-1.07912869814903
16.526,1675,1775,0.13856792187776,0.80535702375666,-1.08049241643286
16.543,1675,1775,0.141597196385506,0.805273818284025,-1.08188602611506
16.56,1675,1775,0.144660538081,0.80518892536342,-1.08330980406338
16.577,1675,1775,0.147757625622863,0.805102331797086,-1.08476402714556
16.594,1675,1775,0.150888137669718,0.805014024387265,-1.08624897222934
16.611,1675,1775,0.154051752880184,0.804923989936198,-1.08776491618248
16.628,1675,1775,0.157248149912885,0.804832215246126,-1.08931213587271
16.645,1675,1775,0.160477007426441,0.804738687119293,-1.09089090816779
16.662,1675,1775,0.163738004079473,0.804643392357938,-1.09250150993546
16.679,1675,1775,0.167030818530604,0.804546317764305,-1.09414421804347
16.696,1675,1775,0.170355129438452,0.804447450140634,-1.09581930935956
16.713,1675,1775,0.173710615461643,0.804346776289168,-1.09752706075149
16.73,1675,1775,0.177096955258795,0.804244283012148,-1.09926774908699
16.747,1675,1775,0.180513827488531,0.804139957111815,-1.10104165123381
16.764,1675,1775,0.183960910809472,0.804033785390412,-1.1028490440597
16.781,1675,1775,0.187437883880239,0.80392575465018,-1.10469020443241
16.798,1675,1775,0.190944425359454,0.80381585169336,-1.10656540921967
16.815,1675,1775,0.194480213905737,0.803704063322196,-1.10847493528925
16.832,1675,1775,0.198044928177712,0.803590376338927,-1.11041905950888
16.849,1675,1775,0.201638246833998,0.803474777545796,-1.11239805874631
16.866,1675,1775,0.205259848533218,0.803357253745044,-1.11441220986928
16.883,1675,1775,0.208909411933992,0.803237791738914,-1.11646178974555
16.9,1675,1775,0.212586615694943,0.803116378329646,-1.11854707524286
16.917,1675,1775,0.216291138474691,0.802993000319483,-1.12066834322895
16.934,1675,1775,0.220022658931857,0.802867644510667,-1.12282587057158
16.951,1675,1775,0.223780855725066,0.802740297705438,-1.12501993413848
16.968,1675,1775,0.227565407512934,0.802610946706038,-1.12725081079741
16.985,1675,1775,0.231375992954087,0.80247957831471,-1.1295187774161
17.002,1675,1775,0.235212290707143,0.802346179333695,-1.13182411086232
17.019,1675,1775,0.239073979430726,0.802210736565234,-1.13416708800379
17.036,1675,1775,0.242960737783457,0.80207323681157,-1.13654798570828
17.053,1675,1775,0.246872244423954,0.801933666874944,-1.13896708084352
17.07,1675,1775,0.250808178010844,0.801792013557597,-1.14142465027726
17.087,1675,1775,0.254768217202744,0.801648263661772,-1.14392097087725
17.104,1675,1775,0.258752040658278,0.801502403989709,-1.14645631951123
17.121,1675,1775,0.262759327036065,0.801354421343651,-1.14903097304696
17.138,1675,1775,0.266789754994729,0.80120430252584,-1.15164520835217
17.155,1675,1775,0.27084300319289,0.801052034338517,-1.15429930229461
17.172,1675,1775,0.274918750289168,0.800897603583923,-1.15699353174203
17.189,1675,1775,0.279016674942188,0.800740997064301,-1.15972817356218
17.206,1675,1775,0.283136455810568,0.800582201581892,-1.1625035046228
17.223,1675,1775,0.287277771552931,0.800421203938937,-1.16531980179163
17.24,1675,1775,0.2914403008279,0.80025799093768,-1.16817734193644
17.257,1675,1775,0.295623722294091,0.80009254938036,-1.17107640192495
17.274,1675,1775,0.299827714610132,0.79992486606922,-1.17401725862491
17.291,1675,1775,0.304051956434639,0.799754927806501,-1.17700018890408
17.308,1675,1775,0.308296126426238,0.799582721394446,-1.1800254696302
17.325,1675,1775,0.312559903243547,0.799408233635296,-1.18309337767102
17.342,1675,1775,0.316842965545189,0.799231451331292,-1.18620418989427
17.359,1675,1775,0.321144991989785,0.799052361284676,-1.18935818316772
17.376,1675,1775,0.325465661235955,0.79887095029769,-1.19255563435909
17.393,1675,1775,0.329804651942323,0.798687205172576,-1.19579682033615
17.41,1675,1775,0.334161642767509,0.798501112711575,-1.19908201796664
17.427,1675,1775,0.338536312370135,0.798312659716929,-1.2024115041183
17.444,1675,1775,0.342928339408821,0.798121832990879,-1.20578555565887
17.461,1675,1775,0.34733740254219,0.797928619335668,-1.20920444945611
17.478,1675,1775,0.351763180428863,0.797733005553537,-1.21266846237777
17.495,1675,1775,0.356205351727459,0.797534978446727,-1.21617787129158
17.512,1675,1775,0.360663595096605,0.797334524817481,-1.2197329530653
17.529,1675,1775,0.365137589194917,0.79713163146804,-1.22333398456666
17.546,1675,1775,0.369627012681018,0.796926285200645,-1.22698124266342
17.563,1675,1775,0.37413154421353,0.796718472817539,-1.23067500422333
17.58,1675,1775,0.378650862451075,0.796508181120963,-1.23441554611412
17.597,1675,1775,0.383184646052274,0.796295396913158,-1.23820314520355
17.614,1675,1775,0.387732573675746,0.796080106996368,-1.24203807835936
17.631,1675,1775,0.392294323980116,0.795862298172832,-1.2459206224493
17.648,1675,1775,0.396869575624003,0.795641957244792,-1.24985105434112
17.665,1675,1775,0.401458007266029,0.795419071014492,-1.25382965090255
17.682,1675,1775,0.406059297564816,0.795193626284171,-1.25785668900135
17.699,1675,1775,0.410673125178985,0.794965609856073,-1.26193244550526
17.716,1675,1775,0.415299168767158,0.794735008532437,-1.26605719728204
17.733,1675,1775,0.419937106987954,0.794501809115507,-1.27023122119941
17.75,1675,1775,0.424586618499998,0.794265998407524,-1.27445479412514
17.767,1675,1775,0.429247381961909,0.79402756321073,-1.27872819292697
17.784,1675,1775,0.433919076032308,0.793786490327365,-1.28305169447264
17.801,1675,1775,0.438601379369819,0.793542766559673,-1.2874255756299
17.818,1675,1775,0.44329397063306,0.793296378709894,-1.2918501132665
17.835,1675,1775,0.447996528480656,0.79304731358027,-1.29632558425018
17.852,1675,1775,0.452708731571226,0.792795557973043,-1.30085226544869
17.869,1675,1775,0.457430258563391,0.792541098690455,-1.30543043372978
17.886,1675,1775,0.462160788115774,0.792283922534747,-1.31006036596118
17.903,1675,1775,0.466899998886996,0.792024016308161,-1.31474233901066
17.92,1675,1775,0.471647569535679,0.791761366812939,-1.31947662974595
17.937,1675,1775,0.476403178720441,0.791495960851322,-1.3242635150348
17.954,1675,1775,0.481166505099909,0.791227785225552,-1.32910327174495
17.971,1675,1775,0.4859372273327,0.790956826737871,-1.33399617674416
17.988,1675,1775,0.490715024077436,0.790683072190521,-1.33894250690017
18.005,1675,1775,0.49549957399274,0.790406508385742,-1.34394253908073
18.022,1675,1775,0.500290555737233,0.790127122125777,-1.34899655015357
18.039,1675,1775,0.505087647969536,0.789844900212867,-1.35410481698646
18.056,1675,1775,0.509890529348269,0.789559829449255,-1.35926761644712
18.073,1675,1775,0.514698878532057,0.789271896637181,-1.36448522540332
18.09,1675,1775,0.519512374179517,0.788981088578888,-1.36975792072279
18.107,1675,1775,0.524330694949274,0.788687392076617,-1.37508597927329
18.124,1675,1775,0.529153519499947,0.78839079393261,-1.38046967792256
18.141,1675,1775,0.533980526490159,0.788091280949108,-1.38590929353834
18.158,1675,1775,0.538811394578532,0.787788839928354,-1.39140510298839
18.175,1675,1775,0.543645802423683,0.787483457672588,-1.39695738314044
18.192,1675,1775,0.54848342868424,0.787175120984053,-1.40256641086224
18.209,1675,1775,0.553323952018819,0.78686381666499,-1.40823246302155
18.226,1675,1775,0.558167051086044,0.786549531517641,-1.4139558164861
18.243,1675,1775,0.563012404544536,0.786232252344248,-1.41973674812365
18.26,1675,1775,0.567859691052915,0.785911965947052,-1.42557553480193
18.277,1675,1775,0.572708589269806,0.785588659128294,-1.4314724533887
18.294,1675,1775,0.577558777853825,0.785262318690218,-1.43742778075171
18.311,1675,1775,0.582409935463599,0.784932931435063,-1.44344179375869
18.328,1675,1775,0.587261740757745,0.784600484165073,-1.44951476927739
18.345,1675,1775,0.592113872394887,0.784264963682489,-1.45564698417557
18.362,1675,1775,0.596966009033647,0.783926356789551,-1.46183871532096
18.379,1675,1775,0.601817829332642,0.783584650288503,-1.46809023958131
18.396,1675,1775,0.606669011950499,0.783239830981586,-1.47440183382438
18.413,1675,1775,0.611519235545835,0.782891885671041,-1.4807737749179
18.43,1675,1775,0.616368178777274,0.78254080115911,-1.48720633972962
18.447,1675,1775,0.621215520303437,0.782186564248034,-1.49369980512729
18.464,1675,1775,0.626060938782944,0.781829161740056,-1.50025444797865
18.481,1675,1775,0.630904112874419,0.781468580437418,-1.50687054515145
18.498,1675,1775,0.63574472123648,0.78110480714236,-1.51354837351344
18.515,1675,1775,0.640582442527752,0.780737828657124,-1.52028820993237
18.532,1675,1775,0.645416955406853,0.780367631783953,-1.52709033127597
18.549,1675,1775,0.650247938532407,0.779994203325087,-1.533955014412
18.566,1675,1775,0.655075070563034,0.779617530082769,-1.5408825362082
18.583,1675,1775,0.659898030157356,0.779237598859241,-1.54787317353232
18.6,1675,1775,0.664716495973995,0.778854396456743,-1.5549272032521
18.617,1675,1775,0.669530146671569,0.778467909677517,-1.56204490223529
18.634,1675,1775,0.674338660908705,0.778078125323806,-1.56922654734964
18.651,1675,1775,0.67914171734402,0.777685030197851,-1.5764724154629
18.668,1675,1775,0.683938994636137,0.777288611101893,-1.5837827834428
18.685,1675,1775,0.688730171443677,0.776888854838175,-1.59115792815709
18.702,1675,1775,0.693514926425262,0.776485748208938,-1.59859812647353
18.719,1675,1775,0.698292938239514,0.776079278016423,-1.60610365525986
18.736,1675,1775,0.703063885545051,0.775669431062873,-1.61367479138382
18.753,1675,1775,0.707827447000499,0.775256194150528,-1.62131181171316
18.77,1675,1775,0.712583301264476,0.774839554081631,-1.62901499311563
18.787,1675,1775,0.717331126995605,0.774419497658424,-1.63678461245897
18.804,1675,1775,0.722070602852508,0.773996011683147,-1.64462094661094
18.821,1675,1775,0.726801407493803,0.773569082958044,-1.65252427243926
18.838,1675,1775,0.731523219578117,0.773138698285355,-1.6604948668117
18.855,1675,1775,0.736235717764066,0.772704844467322,-1.668533006596
18.872,1675,1775,0.740938580710274,0.772267508306186,-1.6766389686599
18.889,1675,1775,0.745631487075362,0.77182667660419,-1.68481302987115
18.906,1675,1775,0.750314115517952,0.771382336163575,-1.6930554670975
18.923,1675,1775,0.754986144696665,0.770934473786583,-1.70136655720669
18.94,1675,1775,0.759647253270121,0.770483076275456,-1.70974657706647
18.957,1675,1775,0.764297119896944,0.770028130432434,-1.71819580354459
18.974,1675,1775,0.768935423235753,0.769569623059761,-1.72671451350878
18.991,1675,1775,0.773561841945171,0.769107540959677,-1.73530298382681
19.008,1675,1775,0.778176054683818,0.768641870934424,-1.74396149136641
19.025,1675,1775,0.782777740110317,0.768172599786244,-1.75269031299533
19.042,1675,1775,0.78736657688329,0.767699714317379,-1.76148972558132
19.059,1675,1775,0.791942243661354,0.76722320133007,-1.77036000599212
19.076,1675,1775,0.796504419103136,0.766743047626558,-1.77930143109548
19.093,1675,1775,0.801052781867254,0.766259240009087,-1.78831427775915
19.11,1675,1775,0.80558701061233,0.765771765279896,-1.79739882285086
19.127,1675,1775,0.810106783996985,0.765280610241229,-1.80655534323838
19.144,1675,1775,0.814611780679842,0.764785761695326,-1.81578411578944
19.161,1675,1775,0.819101679319522,0.76428720644443,-1.82508541737179
19.178,1675,1775,0.823576158574644,0.763784931290782,-1.83445952485318
19.195,1675,1775,0.828034897103834,0.763278923036623,-1.84390671510135
19.212,1675,1775,0.832477573565708,0.762769168484196,-1.85342726498405
19.229,1675,1775,0.836903866618891,0.762255654435741,-1.86302145136902
19.246,1675,1775,0.841313454922005,0.761738367693502,-1.87268955112402
19.263,1675,1775,0.845706017133667,0.761217295059719,-1.88243184111679
19.28,1675,1775,0.850081231912504,0.760692423336634,-1.89224859821507
19.297,1675,1775,0.854438777917132,0.760163739326488,-1.90214009928661
19.314,1675,1775,0.858778333806177,0.759631229831524,-1.91210662119916
19.331,1675,1775,0.863099578238258,0.759094881653984,-1.92214844082046
19.348,1675,1775,0.867402189871996,0.758554681596108,-1.93226583501825
19.365,1675,1775,0.871685847366015,0.758010616460138,-1.9424590806603
19.382,1675,1775,0.875950229378933,0.757462673048317,-1.95272845461434
19.399,1675,1775,0.880195014569374,0.756910838162886,-1.96307423374812
19.416,1675,1775,0.884419881595958,0.756355098606086,-1.97349669492937
19.433,1675,1775,0.888624509117307,0.755795441180159,-1.98399611502586
19.45,1675,1775,0.892808575792042,0.755231852687348,-1.99457277090533
19.467,1675,1775,0.896971760278785,0.754664319929893,-2.00522693943552
19.484,1675,1775,0.901113741236158,0.754092829710036,-2.01595889748418
19.501,1675,1775,0.905234197322779,0.753517368830019,-2.02676892191906
19.518,1675,1775,0.909332807197274,0.752937924092083,-2.0376572896079
19.535,1675,1775,0.913409249518262,0.752354482298471,-2.04862427741844
19.552,1675,1775,0.917463202944364,0.751767030251424,-2.05967016221844
19.569,1675,1775,0.921494346134202,0.751175554753184,-2.07079522087564
19.586,1675,1775,0.925502357746398,0.750580042605992,-2.08199973025779
19.603,1675,1775,0.929486916439573,0.749980480612089,-2.09328396723263
19.62,1675,1775,0.933447700872347,0.749376855573719,-2.10464820866791
19.637,1675,1775,0.937384389703345,0.748769154293122,-2.11609273143138
19.654,1675,1775,0.941296661591184,0.74815736357254,-2.12761781239078
19.671,1675,1775,0.945184195194488,0.747541470214215,-2.13922372841385
19.688,1675,1775,0.949046669171878,0.746921461020388,-2.15091075636835
19.705,1675,1775,0.952883762181975,0.746297322793301,-2.16267917312202
19.722,1675,1775,0.956695152883402,0.745669042335196,-2.17452925554261
19.739,1675,1775,0.960480519934777,0.745036606448315,-2.18646128049786
19.756,1675,1775,0.964239541994726,0.744400001934899,-2.19847552485553
19.773,1675,1775,0.967971897721866,0.743759215597189,-2.21057226548334
19.79,1675,1775,0.971677265774821,0.743114234237428,-2.22275177924906
19.807,1675,1775,0.975355324812212,0.742465044657857,-2.23501434302043
19.824,1675,1775,0.979026416821042,0.739547471741132,-2.31237412247924
19.841,1675,1775,0.983031323296684,0.735965134654537,-2.25296454463402
19.858,1675,1775,0.983126876616657,0.735880418525237,-2.25048677983841
19.875,1675,1775,0.987658815817094,0.732393494497798,-2.25108469595043
19.892,1675,1775,0.991704371075842,0.728217789666639,-2.28393015650796
19.909,1675,1775,0.992056247902056,0.727778366108313,-2.29230681015189
19.926,1675,1775,0.993328983408645,0.727702418424913,-2.30978463654212
19.943,1675,1775,1.00084876246982,0.721641076225448,-2.32863609558653
19.96,1675,1775,1.00276585720263,0.719576355397162,-2.33075688812585
19.977,1675,1775,1.02610615132818,0.698873641119177,-2.36527207990652
19.994,1675,1775,1.03544492959899,0.690590195451951,-2.37908209109491
20.011,1675,1775,1.03544492959899,0.690590195451951,-2.37908209109491
20.028,1675,1775,1.04151472044709,0.685496438748525,-2.38920409293396
20.045,1675,1775,1.04311490964959,0.684153563074395,-2.39187257335706
20.062,1675,1775,1.04513385064561,0.682586365376732,-2.4326084922611
20.079,1675,1775,1.05552029092713,0.672617638924468,-2.44209812629958
20.096,1675,1775,1.05819326907652,0.669857836335519,-2.43937359923461
20.113,1675,1775,1.05819326907652,0.669857836335519,-2.43937359923461
20.13,1675,1775,1.06395615276842,0.66526834146378,-2.43183937668326
20.147,1675,1775,1.06626196317122,0.663432020346675,-2.42882482881718
20.164,1675,1775,1.06626196317122,0.663432020346675,-2.42882482881718
20.181,1675,1775,1.06874018680282,0.662556009922884,-2.44298008870487
20.198,1675,1775,1.07321052176058,0.658166766832315,-2.46156896606309
20.215,1675,1775,1.07386845953412,0.657048291893322,-2.4636850837894
20.232,1675,1775,1.07869975257891,0.653120173750984,-2.48332265215804
20.249,1675,1775,1.09186802072909,0.642413617029142,-2.53684719800908
20.266,1675,1775,1.09348510641764,0.641098833683979,-2.54342010312421
20.283,1675,1775,1.09538994371987,0.63888613189126,-2.52962255141612
20.3,1675,1775,1.09615209577809,0.638000798942564,-2.52410195791422
20.317,1675,1775,1.09778371595361,0.636701311209474,-2.52969950239357
20.334,1675,1775,1.10293538024623,0.632598211747464,-2.52876604118478
20.351,1675,1775,1.10414228763941,0.631636935106977,-2.52491006846458
20.368,1675,1775,1.10637916798207,0.630624328519583,-2.53100624246406
20.385,1675,1775,1.10791276578079,0.62993008877695,-2.53518575928841
20.402,1675,1775,1.10839207250515,0.629484933161448,-2.5413781054937
20.419,1675,1775,1.11179488703718,0.626293998465126,-2.5741325035733
20.436,1675,1775,1.1182083655096,0.620200807378151,-2.6068869016529
20.453,1675,1775,1.1349722108006,0.603404812061186,-2.59305048403729
20.47,1675,1775,1.15060526055158,0.587397124484721,-2.56947244584026
20.487,1675,1775,1.15146128046679,0.586537019840878,-2.56979480304201
20.504,1675,1775,1.15146128046679,0.586537019840878,-2.56979480304201
20.521,1675,1775,1.1529141120642,0.585380702043393,-2.57319388262507
20.538,1675,1775,1.1553982697873,0.583403545301968,-2.57900587749957
20.555,1675,1775,1.15589218331365,0.583099811221678,-2.60238322329958
20.572,1675,1775,1.16245411059598,0.576375748626272,-2.62294849920722
20.589,1675,1775,1.16887576494558,0.568188346823491,-2.58976495748402
20.606,1675,1775,1.17119972823967,0.565157276441624,-2.60820066828121
20.623,1675,1775,1.17579074144104,0.559169365972958,-2.64462060308054
20.64,1675,1775,1.17660600901908,0.558521178186095,-2.63523490662402
20.657,1675,1775,1.17969845813461,0.556062491244316,-2.59963335752848
20.674,1675,1775,1.18015044716291,0.555396608311174,-2.59967037845914
20.691,1675,1775,1.18491123409241,0.549109001738719,-2.60164862073026
20.708,1675,1775,1.1870221420606,0.54704894578224,-2.60916308339839
20.725,1675,1775,1.1874113480618,0.546427265472797,-2.6154820584436
20.742,1675,1775,1.18980145758952,0.542609533921346,-2.6542868107197
20.759,1675,1775,1.19181416905155,0.540298585058949,-2.65560352944835
20.776,1675,1775,1.20417420673626,0.52610707496648,-2.66368948385028
20.793,1675,1775,1.20418461183956,0.526093492690368,-2.66369100912493
20.81,1675,1775,1.20459633970213,0.52555604473335,-2.6637513639386
20.827,1675,1775,1.20548097506313,0.524401288131454,-2.66388104183323
20.844,1675,1775,1.20666374776011,0.52285735868822,-2.66405442340935
20.861,1675,1775,1.2079698876306,0.521152392207193,-2.66424588926745
20.878,1675,1775,1.20922462451212,0.519514524491913,-2.66442982000806
20.895,1675,1775,1.21025318824222,0.518171891345923,-2.66458059623169
20.912,1675,1775,1.21088080865842,0.517352628572764,-2.66467259853885
20.929,1675,1775,1.21099227073367,0.517207131825814,-2.66468893766329
20.946,1675,1775,1.21544734226847,0.511691676950846,-2.68702522600777
20.963,1675,1775,1.22617618250521,0.499068453701623,-2.72577366348477
20.98,1675,1775,1.22736161237638,0.497900449416352,-2.72593666017748
20.997,1675,1775,1.23390413709177,0.489531840789254,-2.74399609472886
21.014,1675,1775,1.25110854236184,0.469758721496513,-2.76689692602287
21.031,1675,1775,1.25311108912171,0.468377564089792,-2.73496661071582
21.048,1675,1775,1.25337865272809,0.467998903283608,-2.74430029914485
21.065,1675,1775,1.25867128926581,0.461122310833366,-2.8042205819921
21.082,1675,1775,1.26939789730491,0.447980382073808,-2.83787506847507
21.099,1675,1775,1.27004621050374,0.447077150334212,-2.84737936369187
21.116,1675,1775,1.27250537315454,0.443651038135623,-2.88343077813376
21.133,1675,1775,1.27250537315454,0.443651038135623,-2.88343077813376
21.15,1675,1775,1.27309197101196,0.443033214042365,-2.88347342918537
21.167,1675,1775,1.27784975881864,0.437442596645323,-2.88381250126141
21.184,1675,1775,1.28059749594018,0.433516499065798,-2.88400101770055
21.201,1675,1775,1.28192902563875,0.431904200072073,-2.88443509989529
21.218,1675,1775,1.29218336806554,0.419419616098385,-2.89770601820803
21.235,1675,1775,1.2971293486424,0.413318345911153,-2.94202160732426
21.252,1675,1775,1.2971293486424,0.413318345911153,-2.94202160732426
21.269,1675,1775,1.2971293486424,0.413318345911153,-2.94202160732426
21.286,1675,1775,1.29749125710364,0.412730313381797,-2.94153641536166
21.303,1675,1775,1.30177621254226,0.406363499263406,-2.93858792310161
21.32,1675,1775,1.30428703793938,0.403338181542006,-2.93877869868095
21.337,1675,1775,1.30441115526341,0.403222526888893,-2.94272835317958
21.354,1675,1775,1.30851892652553,0.398693270212959,-2.98309661355386
21.371,1675,1775,1.31692867501486,0.386276527511319,-2.94308329971098
21.388,1675,1775,1.31717153671716,0.385707554526532,-2.94672959074262
21.405,1675,1775,1.3211551447362,0.379252978662912,-2.98733301701045
21.422,1675,1775,1.32346742229051,0.378656232628225,-2.98760961835295
21.439,1675,1775,1.32646965452034,0.373535280986343,-2.99047818619469
21.456,1675,1775,1.32673265027342,0.373075431663417,-2.99072930037525
21.473,1675,1775,1.32966002028554,0.367956911298598,-2.99352441821711
21.49,1675,1775,1.33164855283169,0.364860135319089,-2.99384140242678
21.507,1675,1775,1.35378263855534,0.330390342440987,-2.99736971061741
21.524,1675,1775,1.3541059603059,0.329877510554291,-2.99761052691782
21.541,1675,1775,1.3596395985984,0.320875338273863,-3.00041202610813
21.558,1675,1775,1.36204923978836,0.316632048141908,-3.00050382934291
21.575,1675,1775,1.36222535375998,0.316294594096463,-3.00408923886983
21.592,1675,1775,1.36418565446137,0.312538438943712,-3.04399794540648
21.609,1675,1775,1.3644170566714,0.312133431692516,-3.04415806537997
21.626,1675,1775,1.36730958429681,0.307070841052566,-3.0461595650486
21.643,1675,1775,1.36740712343646,0.306913654775371,-3.04616300435489
21.66,1675,1775,1.36985857255799,0.302963095415042,-3.0462494443667
21.677,1675,1775,1.37022617841059,0.302310194303701,-3.04625655580677
21.694,1675,1775,1.38196684084611,0.28137656987891,-3.04671930073379
21.711,1675,1775,1.38619257439125,0.273691181858634,-3.04858396398164
21.728,1675,1775,1.38649719121591,0.273134619128252,-3.04880054750221
21.745,1675,1775,1.38649719121591,0.273134619128252,-3.04880054750221
21.762,1675,1775,1.38902423431458,0.269618646880951,-3.05055407588706
21.779,1675,1775,1.38943573861088,0.269046105128018,-3.05083962086428
21.796,1675,1775,1.39108368928086,0.266503042366963,-3.01530567944302
21.813,1675,1775,1.39432731823261,0.259422276287787,-3.04030301745092
21.83,1675,1775,1.39475451245157,0.258330727929846,-3.04907076216276
21.847,1675,1775,1.40291328077533,0.244558559351882,-3.08133171253703
21.864,1675,1775,1.40853921654676,0.235008046053747,-3.09049519137728
21.881,1675,1775,1.41106381464245,0.230510741511389,-3.09075631937964
21.898,1675,1775,1.41281521929261,0.227412584833549,-3.09087720620141
21.915,1675,1775,1.41454474797919,0.224744461033181,-3.09125450120355
21.932,1675,1775,1.41713752445019,0.221528553193049,-3.11562737628961
21.949,1675,1775,1.41776965108432,0.220836510950421,-3.12954430760431
21.966,1675,1775,1.41776965108432,0.220836510950421,-3.12954430760431
21.983,1675,1775,1.42454021853085,0.209078440001423,3.12935550076602
22,1675,1775,1.43716414858292,0.187922001265653,3.11518540323518
22.017,1675,1775,1.43967423934965,0.183861220767596,3.11520900955522
22.034,1675,1775,1.44100423141085,0.18216262009077,3.10012113495777
22.051,1675,1775,1.4444011183832,0.176517285943224,3.07904683299171
22.068,1675,1775,1.44510754399112,0.174689151218916,3.07907922443609
22.085,1675,1775,1.44510754399112,0.174689151218916,3.07907922443609
22.102,1675,1775,1.44558200967942,0.173671663967343,3.0790938952222
22.119,1675,1775,1.44916090055672,0.167230100891589,3.06907907236865
22.136,1675,1775,1.45304892101372,0.160618604652684,3.04398010132172
22.153,1675,1775,1.45415991385667,0.157793483814676,3.04403656822087
22.17,1675,1775,1.45444270997269,0.15722173818991,3.04404532016616
22.187,1675,1775,1.45767539702699,0.150686023677594,3.04414536503471
22.204,1675,1775,1.45926512795122,0.147471970693912,3.04419456386487
22.221,1675,1775,1.46029155061329,0.145403214340752,3.03950112250999
22.238,1675,1775,1.46801443169625,0.129415452027641,3.01069610798894
22.255,1675,1775,1.46968215129277,0.125670071136208,3.01104492122295
22.272,1675,1775,1.47070458030882,0.123250111807574,3.01151047180614
22.289,1675,1775,1.47212383413102,0.119170652585132,3.00750029457636
22.306,1675,1775,1.47350156590961,0.114316309372866,2.97862254615717
22.323,1675,1775,1.47364867114667,0.114051793397996,2.97863222994744
22.34,1675,1775,1.47953284796588,0.102885358262484,2.9786021522553
22.357,1675,1775,1.48460622084149,0.0914437375627241,2.9625038759513
22.374,1675,1775,1.4884284434318,0.0823224445659974,2.94985576344585
22.391,1675,1775,1.49035388452052,0.0777020919389946,2.94999987553468
22.408,1675,1775,1.49035388452052,0.0777020919389946,2.94999987553468
22.425,1675,1775,1.49036529809733,0.0776579557938005,2.95000129549392
22.442,1675,1775,1.49163396105852,0.072752053501083,2.9501591294255
22.459,1675,1775,1.49163396105852,0.072752053501083,2.9501591294255
22.476,1675,1775,1.49163396105852,0.072752053501083,2.9501591294255
22.493,1675,1775,1.50522201337153,0.0392489352654497,2.95258642617711
22.51,1675,1775,1.50522201337153,0.0392489352654497,2.95258642617711
22.527,1675,1775,1.51019020080497,0.0245460783928628,2.89426991713965
22.544,1675,1775,1.51428533890465,0.0147366367875712,2.89655749050552
22.561,1675,1775,1.51428533890465,0.0147366367875712,2.89655749050552
22.578,1675,1775,1.5150110349066,0.0127452531782785,2.89663237276055
22.595,1675,1775,1.51677261335562,0.00791130281830081,2.89681414442021
22.612,1675,1775,1.51861845677345,0.00284612081690359,2.89700461111314
22.629,1675,1775,1.51959356218036,0.000170332443497455,2.8971052291289
22.646,1675,1775,1.51960671542039,0.00013423861557893,2.89710658636977
22.663,1675,1775,1.52156146045133,-0.00454673584626024,2.89727623687005
22.68,1675,1775,1.52163923654992,-0.00473298414230783,2.89728298698519
22.697,1675,1775,1.52876808457367,-0.0244683530728201,2.87252686902981
22.714,1675,1775,1.52905172974371,-0.025253591032385,2.87154186370164
22.731,1675,1775,1.53034407399522,-0.0283204769538212,2.87169234464625
22.748,1675,1775,1.53262454071586,-0.0346949409009819,2.87394426849872
22.765,1675,1775,1.53268412646921,-0.0348692929320613,2.87402784769214
22.782,1675,1775,1.53268412646921,-0.0348692929320613,2.87402784769214
22.799,1675,1775,1.53428719793846,-0.0387057858357028,2.8742006978165
22.816,1675,1775,1.53658466415111,-0.0442041485429436,2.87247786888032
22.833,1675,1775,1.53669850792923,-0.0444766034319528,2.87232169431835
22.85,1675,1775,1.53669850792923,-0.0444766034319528,2.87232169431835
22.867,1675,1775,1.54305997690561,-0.0610697136705026,2.85194362175378
22.884,1675,1775,1.54490043975357,-0.0675411261641648,2.85031850605891
22.901,1675,1775,1.54652016062221,-0.0723337413899576,2.84551927951047
22.918,1675,1775,1.54848625748453,-0.0772852241697715,2.83314053640672
22.935,1675,1775,1.54964028678153,-0.0800214343153056,2.82451252237735
22.952,1675,1775,1.54967296150257,-0.0800969245668544,2.82425236642866
22.969,1675,1775,1.54967296150257,-0.0800969245668544,2.82425236642866
22.986,1675,1775,1.55905845910473,-0.107097233553209,2.78508401147281
23.003,1675,1775,1.56418548133512,-0.122828140007758,2.75473544626726
23.02,1675,1775,1.56434988142495,-0.123349592501282,2.75357903132194
23.037,1675,1775,1.56887690170008,-0.137262964990745,2.73383036234452
23.054,1675,1775,1.56961408275317,-0.139528621860037,2.730614484414
23.071,1675,1775,1.57103430649786,-0.144466738508933,2.75404197477707
23.088,1675,1775,1.5712655760686,-0.145270862592825,2.75785691285277
23.105,1675,1775,1.57211920782341,-0.149319673954514,2.73787022772552
23.122,1675,1775,1.57457922890053,-0.156512289305793,2.73482464814253
23.139,1675,1775,1.5759842912541,-0.161527015328799,2.73136395142598
23.156,1675,1775,1.57693854271559,-0.165666811830753,2.72111515431846
23.173,1675,1775,1.57742320874266,-0.167955550484623,2.71307295838238
23.19,1675,1775,1.57745213993086,-0.168098768714594,2.71249235758396
23.207,1675,1775,1.57791836330348,-0.169801335907655,2.71107806621048
23.224,1675,1775,1.57973442412507,-0.176582485123709,2.70579269783923
23.241,1675,1775,1.58208593936053,-0.185771438367378,2.6995611947297
23.258,1675,1775,1.58406448721702,-0.194358439811047,2.69560041499202
23.275,1675,1775,1.58504632958146,-0.200503010000991,2.69549325595519
23.292,1675,1775,1.58618277045214,-0.204838920668682,2.6985282907976
23.309,1675,1775,1.58634380897744,-0.205286127262871,2.6992471959234
23.326,1675,1775,1.58680482750178,-0.208047656664538,2.69948473659487
23.343,1675,1775,1.58815494466317,-0.215098638031089,2.68394505927352
23.36,1675,1775,1.58842438385889,-0.216421665227728,2.67848425407425
23.377,1675,1775,1.58842438385889,-0.216421665227728,2.67848425407425
23.394,1675,1775,1.58842438385889,-0.216421665227728,2.67848425407425
23.411,1675,1775,1.59088159531772,-0.228332591435854,2.67928040737197
23.428,1675,1775,1.59347448668514,-0.241699071003996,2.68018654301418
23.445,1675,1775,1.59368770298726,-0.24298174763135,2.68027638118147
23.462,1675,1775,1.59385452563449,-0.244975064481205,2.68041611224171
23.479,1675,1775,1.59405359569522,-0.247353696597125,2.68058285381493
23.496,1675,1775,1.59531096462332,-0.257056106575951,2.67492419856727
23.513,1675,1775,1.59842787109762,-0.277660333926959,2.66536331891339
23.53,1675,1775,1.6003164432041,-0.288640581547502,2.65863378942354
23.547,1675,1775,1.60187372258602,-0.300544615628673,2.64679179457116
23.564,1675,1775,1.60187372258602,-0.300544615628673,2.64679179457116
23.581,1675,1775,1.60198104890736,-0.301392010271435,2.64493823582603
23.598,1675,1775,1.60283327357738,-0.308120747554081,2.63022005234394
23.615,1675,1775,1.60379248522136,-0.315694200163288,2.61365417075086
23.632,1675,1775,1.60404258424036,-0.317668856204932,2.60933488338473
23.649,1675,1775,1.60404258424036,-0.317668856204932,2.60933488338473
23.666,1675,1775,1.60404258424036,-0.317668856204932,2.60933488338473
23.683,1675,1775,1.60432942269007,-0.320216740722772,2.61067461556096
23.7,1675,1775,1.60636354648958,-0.337211354788014,2.61483828278043
23.717,1675,1775,1.60753191059152,-0.346313182637531,2.61539503373661
23.734,1675,1775,1.6078443331094,-0.347528005624724,2.61548784143073
23.751,1675,1775,1.60862516688092,-0.350564197834169,2.6157197945637
23.768,1675,1775,1.60901345792314,-0.35410365084173,2.61123033897674
23.785,1675,1775,1.61012286090092,-0.364216373720476,2.59840332301401
23.802,1675,1775,1.61012286090092,-0.364216373720476,2.59840332301401
23.819,1675,1775,1.61027421134594,-0.365205729912864,2.59846536118784
23.836,1675,1775,1.61092529344214,-0.369461760369577,2.598732238132
23.853,1675,1775,1.61114937458207,-0.370926529767346,2.59633336167912
23.87,1675,1775,1.61252545425676,-0.379921661606832,2.58160188927596
23.887,1675,1775,1.61252545425676,-0.379921661606832,2.58160188927596
23.904,1675,1775,1.61264912063672,-0.380797176737189,2.57922501590849
23.921,1675,1775,1.61340855443811,-0.386173704972305,2.56462866419693
23.938,1675,1775,1.61412719994856,-0.392678141671767,2.55897109422852
23.955,1675,1775,1.61947712593719,-0.44218453909566,2.51982683145786
23.972,1675,1775,1.61976710960735,-0.445744488737499,2.52014138665302
23.989,1675,1775,1.61976710960735,-0.445744488737499,2.52014138665302
24.006,1675,1775,1.61976876880106,-0.445966296348607,2.51889058267326
24.023,1675,1775,1.61993117436669,-0.452943637018021,2.49857056417861
24.04,1675,1775,1.62106009224831,-0.465929168990587,2.49113457891893
24.057,1675,1775,1.62106109633497,-0.465958771301463,2.49112935572316
24.074,1675,1775,1.62110028181199,-0.467114030816415,2.49092551533248
24.091,1675,1775,1.62118245707359,-0.469536707789607,2.49049804478208
24.108,1675,1775,1.62128838984772,-0.472659799673929,2.48994698914341
24.125,1675,1775,1.62139884786233,-0.475916303922277,2.48937239348792
24.142,1675,1775,1.62149459884538,-0.478739217987544,2.48887430288708
24.159,1675,1775,1.6215564105248,-0.480561539322622,2.48855276241233
24.176,1675,1775,1.62156927836189,-0.480940906689356,2.48848582473189
24.193,1675,1775,1.62158572272225,-0.481695153512468,2.48722044872103
24.21,1675,1775,1.62169958204346,-0.486917492929019,2.47845909525457
24.227,1675,1775,1.62169958204346,-0.486917492929019,2.47845909525457
24.244,1675,1775,1.62190505007639,-0.507070721924739,2.47727469781515
24.261,1675,1775,1.62135877411913,-0.516198291862198,2.46829750869988
24.278,1675,1775,1.6212643700289,-0.516536526050402,2.46710318298895
24.295,1675,1775,1.62113221573237,-0.520406679024562,2.46494387175772
24.312,1675,1775,1.62048989646266,-0.525966937299323,2.45318798045312
24.329,1675,1775,1.62033293973357,-0.530496734125649,2.44657054975962
24.346,1675,1775,1.6203291205337,-0.531180640283378,2.44601494633075
24.363,1675,1775,1.6202548167135,-0.535111798074751,2.44642645712304
24.38,1675,1775,1.61908221069569,-0.548134431776739,2.45134061229431
24.397,1675,1775,1.61891142425859,-0.55645603425481,2.43958678057296
24.414,1675,1775,1.61894561092588,-0.557348622943775,2.43509510522155
24.431,1675,1775,1.61848199878793,-0.558788739636394,2.43813973974768
24.448,1675,1775,1.61567691657819,-0.580496186334113,2.43088382076905
24.465,1675,1775,1.61467035186072,-0.590742725776816,2.42559890289815
24.482,1675,1775,1.6145833827268,-0.594948531240877,2.42610355676238
24.499,1675,1775,1.61453251981074,-0.597408249081635,2.42639869787717
24.516,1675,1775,1.61306963205793,-0.606314765535624,2.41927282216469
24.533,1675,1775,1.61221407867218,-0.611523641126299,2.41510533420768
24.55,1675,1775,1.61221407867218,-0.611523641126299,2.41510533420768
24.567,1675,1775,1.61189480960647,-0.616573251930848,2.40875477956134
24.584,1675,1775,1.61139177257237,-0.624529672589469,2.40061228321564
24.601,1675,1775,1.61132173270014,-0.625637524563656,2.39973287207177
24.618,1675,1775,1.6107411203548,-0.629166766559748,2.40801169020067
24.635,1675,1775,1.61040155577993,-0.631230803894884,2.41285346351284
24.652,1675,1775,1.61033183855866,-0.63371933003628,2.40640286912011
24.669,1675,1775,1.60960150893278,-0.639264481437622,2.40122813957642
24.686,1675,1775,1.60910730708815,-0.640538261061284,2.40145907087812
24.703,1675,1775,1.60862151985069,-0.647744170093356,2.38933579035028
24.72,1675,1775,1.60804182820526,-0.656343007076718,2.37486903639898
24.737,1675,1775,1.60762650312878,-0.658862472008169,2.36991730951223
24.754,1675,1775,1.60713089423171,-0.661868958508955,2.36400839613354
24.771,1675,1775,1.60713089423171,-0.661868958508955,2.36400839613354
24.788,1675,1775,1.60648530718597,-0.666083177853242,2.36557227409881
24.805,1675,1775,1.60558275950688,-0.671974767397065,2.36775861664894
24.822,1675,1775,1.60558275950688,-0.671974767397065,2.36775861664894
24.839,1675,1775,1.60540543349319,-0.67354784420322,2.36447494198174
24.856,1675,1775,1.60470871335841,-0.684456063303346,2.34708598789557
24.873,1675,1775,1.60339722385683,-0.69499187776891,2.33125842398468
24.89,1675,1775,1.60256934456998,-0.696649464871052,2.32798522238757
24.907,1675,1775,1.60214017343752,-0.698988048996349,2.33164274772211
24.924,1675,1775,1.60140634524632,-0.702986731174188,2.33789665204484
24.941,1675,1775,1.60124294826183,-0.703783601639584,2.33602528561574
24.958,1675,1775,1.60080700179204,-0.708795928032333,2.32559543436618
24.975,1675,1775,1.59954457885951,-0.720486550861057,2.3131904773168
24.992,1675,1775,1.5943113698841,-0.742464732959006,2.29840244986812
25.009,1675,1775,1.59392314023038,-0.74500317525521,2.29418477805235
25.026,1675,1775,1.59052663761599,-0.760196182046956,2.27528664052888
25.043,1675,1775,1.58814610454085,-0.76699699022095,2.27126299459996
25.06,1675,1775,1.58803588892946,-0.770725463039139,2.26459800961737
25.077,1675,1775,1.58803588892946,-0.770725463039139,2.26459800961737
25.094,1675,1775,1.58780641861048,-0.771334932253607,2.26598750072886
25.111,1675,1775,1.5863972440499,-0.775077675612806,2.27452034948763
25.128,1675,1775,1.5863972440499,-0.775077675612806,2.27452034948763
25.145,1675,1775,1.586283439249,-0.775525944799917,2.27394688281729
25.162,1675,1775,1.58470990571078,-0.780215976877841,2.27051376416473
25.179,1675,1775,1.58214905535055,-0.785575822463201,2.26938426545156
25.196,1675,1775,1.57927185087771,-0.796777329138434,2.25910927474771
25.213,1675,1775,1.57918824367047,-0.797019061812912,2.25891901167479
25.23,1675,1775,1.57720947485521,-0.801991883172852,2.25481576881983
25.247,1675,1775,1.57534817327362,-0.805347714992862,2.25170530959025
25.264,1675,1775,1.57532178514969,-0.805607884331438,2.25147205467299
25.281,1675,1775,1.57450865301113,-0.810429730077437,2.24675201577719
25.298,1675,1775,1.57305414984145,-0.813098619843083,2.24343536606634
25.315,1675,1775,1.57305414984145,-0.813098619843083,2.24343536606634
25.332,1675,1775,1.57284207890669,-0.813510972959205,2.24318801916061
25.349,1675,1775,1.5666395105008,-0.826559951317571,2.23699335046983
25.366,1675,1775,1.5656072793966,-0.830113970863673,2.23760993699444
25.383,1675,1775,1.56559992509257,-0.830132074792163,2.23758309925518
25.4,1675,1775,1.56425973738544,-0.833509832270471,2.23345108861667
25.417,1675,1775,1.56241130204332,-0.838603436632848,2.23057016115274
25.434,1675,1775,1.5603913306817,-0.841952983412944,2.22180964413225
25.451,1675,1775,1.5603913306817,-0.841952983412944,2.22180964413225
25.468,1675,1775,1.55837412450301,-0.845297949631412,2.22245078883675
25.485,1675,1775,1.54582535896012,-0.875219331108707,2.21000403676942
25.502,1675,1775,1.54572314032002,-0.875470014162827,2.20989205906916
25.519,1675,1775,1.54572314032002,-0.875470014162827,2.20989205906916
25.536,1675,1775,1.53994943003326,-0.884873334654072,2.19456762829732
25.553,1675,1775,1.53804696553186,-0.89115587322714,2.19532836442174
25.57,1675,1775,1.53803855353072,-0.891190177469197,2.19533758329868
25.587,1675,1775,1.53616458833237,-0.894249784030931,2.19597358968885
25.604,1675,1775,1.53453759349634,-0.89850497881004,2.18000430552241
25.621,1675,1775,1.53450395353873,-0.898605474025041,2.1794369869392
25.638,1675,1775,1.53236978481105,-0.902545442828796,2.18005736743655
25.655,1675,1775,1.53228486973786,-0.902702207725115,2.18008205135898
25.672,1675,1775,1.53228486973786,-0.902702207725115,2.18008205135898
25.689,1675,1775,1.52359003349631,-0.922398084650428,2.16063572993744
25.706,1675,1775,1.52324408022363,-0.923181751287879,2.15986199270416
25.723,1675,1775,1.52080989598239,-0.927065764076286,2.1559160362274
25.74,1675,1775,1.520713043784,-0.927220302574534,2.15575903309139
25.757,1675,1775,1.51940728887972,-0.930773558412301,2.15055491135957
25.774,1675,1775,1.51705451212538,-0.935238120370339,2.14569268564235
25.791,1675,1775,1.51699266588199,-0.935343170353478,2.14558923504057
25.808,1675,1775,1.51495454653726,-0.937563481135282,2.14632378138167
25.825,1675,1775,1.51344371148719,-0.942812603611641,2.14212702715247
25.842,1675,1775,1.50896874828854,-0.949758836540297,2.13773437517433
25.859,1675,1775,1.50817007772615,-0.950612490748493,2.13733070798992
25.876,1675,1775,1.50732918881009,-0.953905798082154,2.1291267802735
25.893,1675,1775,1.50432163246608,-0.958201368706892,2.12763301939891
25.91,1675,1775,1.50382762821607,-0.958623730902176,2.1278094033475
25.927,1675,1775,1.50222467018979,-0.961257523107545,2.12516898996421
25.944,1675,1775,1.49937353186167,-0.96473054879544,2.12030121034991
25.961,1675,1775,1.49764467858431,-0.970254724855062,2.11920605935352
25.978,1675,1775,1.49743767518436,-0.971411939045991,2.11915319746468
25.995,1675,1775,1.49743767518436,-0.971411939045991,2.11915319746468
26.012,1675,1775,1.48280772274453,-0.991567404747893,2.10212758224325
26.029,1675,1775,1.47695407406242,-0.999631888602403,2.09531539536069
26.046,1675,1775,1.47616109940313,-1.00212814852544,2.09221443451564
26.063,1675,1775,1.47295538685592,-1.00738664990899,2.09122650628787
26.08,1675,1775,1.47215311120045,-1.00825678928501,2.09149578408868
26.097,1675,1775,1.47215311120045,-1.00825678928501,2.09149578408868
26.114,1675,1775,1.47097706712135,-1.0092177435032,2.08678190471658
26.131,1675,1775,1.46819771453752,-1.01206354981988,2.07911185798565
26.148,1675,1775,1.46495785165234,-1.01612515679945,2.07835857658401
26.165,1675,1775,1.46387573232365,-1.01748145632951,2.07874757818916
26.182,1675,1775,1.45960122216795,-1.02092342763768,2.07528612032925
26.199,1675,1775,1.4533364946228,-1.02775480907395,2.0681488409011
26.216,1675,1775,1.45267746938582,-1.02891868020746,2.06687113385677
26.233,1675,1775,1.45146101156555,-1.03010041212314,2.06729793555158
26.25,1675,1775,1.44794124509664,-1.03331255461011,2.0635428455318
26.267,1675,1775,1.44688376527222,-1.03420892772242,2.05855257921346
26.284,1675,1775,1.44563981771591,-1.03535274458352,2.0589798843799
26.301,1675,1775,1.44248386020136,-1.03875186296472,2.05786225176348
26.318,1675,1775,1.43747636450588,-1.0435938102953,2.0499387058134
26.335,1675,1775,1.43511568844865,-1.04553463519658,2.04673506697019
26.352,1675,1775,1.43410279472787,-1.04666055415451,2.04705363535922
26.369,1675,1775,1.430309140199,-1.05030931862708,2.04551879604062
26.386,1675,1775,1.42881910466413,-1.05155084675315,2.04330711800379
26.403,1675,1775,1.42781999124771,-1.05208488983865,2.04164372666805
26.42,1675,1775,1.42611163405473,-1.05299803576531,2.03879953850434
26.437,1675,1775,1.42379595041912,-1.05521116715407,2.03943051121666
26.454,1675,1775,1.41983642517345,-1.05899534106754,2.04050939450855
26.471,1675,1775,1.41983642517345,-1.05899534106754,2.04050939450855
26.488,1675,1775,1.41197959405188,-1.06531789372616,2.02982428578122
26.505,1675,1775,1.38709357084784,-1.08596828765975,2.0003041848216
26.522,1675,1775,1.38469687647032,-1.08839622695797,2.00483954984376
26.539,1675,1775,1.3816279329662,-1.09074718105897,2.00100429949965
26.556,1675,1775,1.38145784604143,-1.09092669971205,2.00078458821024
26.573,1675,1775,1.37785786667419,-1.09417603950343,1.99523460495142
26.59,1675,1775,1.37502253662794,-1.0958554324216,1.98863885542691
26.607,1675,1775,1.37499514619001,-1.09586791321847,1.98863534099313
26.624,1675,1775,1.37098145073391,-1.09817223092077,1.9878317179104
26.641,1675,1775,1.36822583034238,-1.10171456886702,1.98529710263603
26.658,1675,1775,1.36815117253522,-1.10178108383358,1.98520833551521
26.675,1675,1775,1.35756685654598,-1.11086024661345,1.9736114987718
26.692,1675,1775,1.35119013036764,-1.11552670147574,1.96873014194609
26.709,1675,1775,1.35119013036764,-1.11552670147574,1.96873014194609
26.726,1675,1775,1.35115130205908,-1.11556308666229,1.96868703995254
26.743,1675,1775,1.34729699812325,-1.11917487334439,1.96440850736879
26.76,1675,1775,1.34727618845995,-1.11918653647543,1.96439654962277
26.777,1675,1500,1.34381139447648,-1.12130714277893,1.96205007261006
26.794,1675,1500,1.3404488960532,-1.12420699894876,1.95776952634767
26.811,1675,1500,1.3404488960532,-1.12420699894876,1.95776952634767
26.828,1675,1500,1.33038656171662,-1.13288509896408,1.94168274784836
26.845,1675,1500,1.32672155103854,-1.13575582103639,1.9373700056378
26.862,1675,1500,1.32672155103854,-1.13575582103639,1.9373700056378
26.879,1675,1500,1.32358781678195,-1.13846568580461,1.93820980851875
26.896,1675,1500,1.31974945421599,-1.14148208880194,1.93130610608022
26.913,1675,1500,1.31972402958537,-1.14150155841273,1.93123648197862
26.93,1675,1500,1.31683970361541,-1.1434554072539,1.92933582084304
26.947,1675,1500,1.31053860027029,-1.14791655167093,1.92409449595237
26.964,1675,1500,1.29540305878998,-1.15599808627207,1.90574762206365
26.981,1675,1500,1.29495951092457,-1.15621877048482,1.90516718925731
26.998,1675,1500,1.29208224643059,-1.15798173541099,1.89932994538651
27.015,1675,1500,1.28456665354427,-1.16237064139881,1.89510228464629
27.032,1675,1500,1.28434876773856,-1.1624964023918,1.89502022320067
27.049,1675,1500,1.28434876773856,-1.1624964023918,1.89502022320067
27.066,1675,1500,1.28058148544256,-1.16288160285628,1.89311610939418
27.083,1675,1500,1.27629704831079,-1.16565803353889,1.88654195478092
27.1,1675,1500,1.27610355038981,-1.16586850184935,1.88611110339896
27.117,1675,1500,1.26646977183644,-1.16886092775922,1.88376372544318
27.134,1675,1500,1.260873845231,-1.17238271708289,1.88414203620408
27.151,1675,1500,1.26059993402815,-1.17264256576028,1.88425884729004
27.168,1675,1500,1.25721417006653,-1.17370013883768,1.87928466743103
27.185,1675,1500,1.25642711589118,-1.17394598211434,1.87812837033785
27.202,1675,1500,1.25642711589118,-1.17394598211434,1.87812837033785
27.219,1675,1500,1.25418253035279,-1.17472207022615,1.87652516159715
27.236,1675,1500,1.25010402127423,-1.17603932883629,1.87228106800619
27.253,1675,1500,1.24200827544952,-1.17856397527217,1.86783690148956
27.27,1675,1500,1.24007577616031,-1.17916776344172,1.86715435255051
27.287,1675,1500,1.23770818200185,-1.17986132089045,1.86686622154849
27.304,1675,1500,1.23271190286191,-1.18206026685818,1.86419497684281
27.321,1675,1500,1.23189212595409,-1.18251777556114,1.86337432948205
27.338,1675,1500,1.22914979684969,-1.18345551449386,1.85919131258212
27.355,1675,1500,1.22805255260274,-1.18383071696224,1.85751762898922
27.372,1675,1500,1.22534474647234,-1.18417694830278,1.85463656113342
27.389,1675,1500,1.22376111662898,-1.18437943779323,1.85295160112614
27.406,1675,1500,1.22200359686917,-1.18539430961088,1.85699614921464
27.423,1675,1500,1.21388246375011,-1.18778364633468,1.85431081996565
27.44,1675,1500,1.21131209427373,-1.18827091005952,1.85135695314318
27.457,1675,1500,1.19341758740121,-1.19217530795677,1.84109797783177
27.474,1675,1500,1.17054554102327,-1.19828101001922,1.83165010803323
27.491,1675,1500,1.16921231126953,-1.19895616539257,1.83261800313854
27.508,1675,1500,1.16921231126953,-1.19895616539257,1.83261800313854
27.525,1675,1500,1.16812487255142,-1.19888974237483,1.83102337810497
27.542,1675,1500,1.1630644986153,-1.19891889126202,1.82791524978597
27.559,1675,1500,1.16083976908765,-1.19931969763094,1.82802039408802
27.576,1675,1500,1.15709027683009,-1.19978469416794,1.82578248300064
27.593,1675,1500,1.1477192167647,-1.20094685431633,1.82018929923594
27.61,1675,1500,1.1477192167647,-1.20094685431633,1.82018929923594
27.627,1675,1500,1.14684627078083,-1.2010609181836,1.82048695264279
27.644,1675,1500,1.14194609440961,-1.20171444861038,1.82035564425115
27.661,1675,1500,1.13722226900542,-1.20198312938117,1.8147631682413
27.678,1675,1500,1.13414036664365,-1.20181659485076,1.81164806840357
27.695,1675,1500,1.1337163784439,-1.20202225366377,1.81169935193449
27.712,1675,1500,1.12970098805484,-1.20329114555177,1.8123469048139
27.729,1675,1500,1.12363581538197,-1.20375805187545,1.81268085019372
27.746,1675,1500,1.11677534077733,-1.20399206364333,1.80973297152991
27.763,1675,1500,1.11636864552519,-1.20403639269429,1.80905760002846
27.78,1675,1500,1.11123570906722,-1.20482127812454,1.80508159387415
27.797,1675,1500,1.10778236816502,-1.20580153020667,1.80613441955433
27.814,1675,1500,1.10720838676102,-1.20577616923114,1.80619798809682
27.831,1675,1500,1.1036835736332,-1.20562042777533,1.80658836177711
27.848,1675,1500,1.1036835736332,-1.20562042777533,1.80658836177711
27.865,1675,1500,1.10346526261388,-1.2057149256754,1.80624269417836
27.882,1675,1500,1.09868219884802,-1.20688816983601,1.80196209781446
27.899,1675,1500,1.09454059067366,-1.20668761896191,1.80297366553613
27.916,1675,1500,1.09427264357502,-1.20669269274216,1.80284359460677
27.933,1675,1500,1.08461208791317,-1.20703743829176,1.79918868856374
27.95,1675,1500,1.08114939446281,-1.20830264579923,1.79997202362742
27.967,1675,1500,1.08114939446281,-1.20830264579923,1.79997202362742
27.984,1675,1500,1.08078225875501,-1.20833287392054,1.79984997914725
28.001,1675,1500,1.03876396288574,-1.21254373522299,1.78539931567859
28.018,1675,1500,1.03083025025007,-1.21490379677386,1.78189721552311
28.035,1675,1500,1.03080405019647,-1.21490184670524,1.78190669154078
28.052,1675,1500,1.02579209236871,-1.21468508907718,1.78295998735099
28.069,1675,1500,1.01748700048726,-1.2165206497919,1.77933505101757
28.086,1675,1500,1.01748700048726,-1.2165206497919,1.77933505101757
28.103,1675,1500,1.01348956005184,-1.21703865955105,1.77980650448211
28.12,1675,1500,1.00834205835791,-1.21685890696908,1.78091914053618
28.137,1675,1500,1.00821485226124,-1.21685109754734,1.78095155309632
28.154,1675,1500,1.00821485226124,-1.21685109754734,1.78095155309632
28.171,1675,1500,1.00455730512002,-1.21732958214976,1.77621556116399
28.188,1675,1500,0.999943648047822,-1.21790744438379,1.77705234245427
28.205,1675,1500,0.981607708379901,-1.21785238134503,1.76992578321916
28.222,1675,1500,0.980407671123398,-1.21784690259783,1.7693523951389
28.239,1675,1500,0.980407671123398,-1.21784690259783,1.7693523951389
28.256,1675,1500,0.977361912167974,-1.21820602675481,1.76603196301642
