timestamp,u_propeller_pwm,u_rudder_pwm,x,y,yaw
4.103,1650,1500,1.92135923024645,-1.29387779269807,1.91895557807014
4.12,1650,1500,1.9195092292829,-1.29308455238401,1.91322178964527
4.137,1650,1500,1.9195092292829,-1.29308455238401,1.91322178964527
4.154,1650,1500,1.91737509983024,-1.29298957077887,1.90866455768061
4.171,1650,1500,1.91737509983024,-1.29298957077887,1.90866455768061
4.188,1650,1500,1.91595026640622,-1.29292614794841,1.91391003030708
4.205,1650,1500,1.91382064025739,-1.29283133923426,1.90970732034273
4.222,1650,1500,1.91371628454935,-1.29282669325486,1.90940252275054
4.239,1650,1500,1.90750416368946,-1.29255003264789,1.91070882370238
4.256,1650,1500,1.90670246776285,-1.29251432862882,1.91087740640958
4.273,1650,1500,1.90670246776285,-1.29251432862882,1.91087740640958
4.29,1650,1500,1.90670246776285,-1.29251432862882,1.91087740640958
4.307,1650,1500,1.90539108200836,-1.29245590527515,1.91108868040758
4.324,1650,1500,1.90517753564171,-1.29244639160241,1.91112308431541
4.341,1650,1500,1.9032465677716,-1.29236035173721,1.91151183597279
4.358,1650,1500,1.90273750345399,-1.29233766890238,1.91161432322814
4.375,1650,1500,1.90145948969186,-1.29238029146547,1.91188927006598
4.392,1650,1500,1.89724079213154,-1.29252098768352,1.91279686401245
4.409,1650,1500,1.89385717914512,-1.29263383330559,1.91352480115887
4.426,1650,1500,1.8936112220392,-1.29264203612983,1.91357771540011
4.443,1650,1500,1.89259083447199,-1.29309237404853,1.91032268576407
4.46,1650,1500,1.89035296477797,-1.29321428437628,1.90937180447907
4.477,1650,1500,1.88997644407101,-1.29319096726327,1.90951244519513
4.494,1650,1500,1.88997644407101,-1.29319096726327,1.90951244519513
4.511,1650,1500,1.88897647519651,-1.29314637945945,1.90668905575254
4.528,1650,1500,1.88644268925138,-1.29303338652599,1.90782905086211
4.545,1650,1500,1.88570576962242,-1.29300052066879,1.91025036533506
4.562,1650,1500,1.8783027071398,-1.294446419428,1.9077562977052
4.579,1650,1500,1.87089964465718,-1.29589231818721,1.90526223007534
4.596,1650,1500,1.87089964465718,-1.29589231818721,1.90526223007534
4.613,1650,1500,1.86956116619419,-1.29618252957078,1.90448640770514
4.63,1650,1500,1.86409462033873,-1.29736779618503,1.90131783332788
4.647,1650,1500,1.86275614187574,-1.2976580075686,1.90054201095768
4.664,1650,1500,1.86275614187574,-1.2976580075686,1.90054201095768
4.681,1650,1500,1.86273902846659,-1.29765724428121,1.90054598404586
4.698,1650,1500,1.86063905758695,-1.29756358197915,1.90103351808448
4.715,1650,1500,1.8606219441778,-1.29756281869176,1.90103749117266
4.732,1650,1500,1.85870398427777,-1.29747725594805,1.9014269227119
4.749,1650,1500,1.85696300825427,-1.29739958869061,1.90178041861794
4.766,1650,1500,1.85696300825427,-1.29739958869061,1.90178041861794
4.783,1650,1500,1.85692018805841,-1.2974015636006,1.90176065450715
4.8,1650,1500,1.85079128627222,-1.29779536693865,1.8983591019041
4.817,1650,1500,1.84879428220533,-1.2984534847156,1.89527351490956
4.834,1650,1500,1.8466728824254,-1.29835908220336,1.89576654175544
4.851,1650,1500,1.846659901208,-1.2983582329074,1.89577097729108
4.868,1650,1500,1.83854214634047,-1.29869774835555,1.89749351491626
4.885,1650,1500,1.83846036797112,-1.29870116863864,1.89751086778296
4.902,1650,1500,1.83664889535158,-1.29862028652586,1.89299401970124
4.919,1650,1500,1.83663064655258,-1.29861947171839,1.89294851691423
4.936,1650,1500,1.83449280300279,-1.29852400353783,1.8934278210568
4.953,1650,1500,1.83210979621735,-1.29841757069721,1.88904499102949
4.97,1650,1500,1.83205591090607,-1.29841516387723,1.88886984661858
4.987,1650,1500,1.82975742854042,-1.29831248822305,1.8939696759625
5.004,1650,1500,1.82782558729467,-1.29822617915354,1.8946878174074
5.021,1650,1500,1.82778560028476,-1.29822439254421,1.89469214630486
5.038,1650,1500,1.80853101410732,-1.29940866117805,1.89224719796252
5.055,1650,1500,1.80776490570492,-1.29945578128454,1.89214991747821
5.072,1650,1500,1.80560331519935,-1.29935912757412,1.89262969082847
5.089,1650,1500,1.80357951643104,-1.29926862303544,1.88834351977706
5.106,1650,1500,1.80349360454846,-1.29926478086405,1.88799909894137
5.123,1650,1500,1.80349360454846,-1.29926478086405,1.88799909894137
5.14,1650,1500,1.79939006283587,-1.29908123027156,1.8888400644039
5.157,1650,1500,1.79635039746307,-1.29894523865875,1.88946268685946
5.174,1650,1500,1.79617011575966,-1.29893717224406,1.88949960551
5.191,1650,1500,1.79617011575966,-1.29893717224406,1.88949960551
5.208,1650,1500,1.78928447380244,-1.29916430963923,1.88700075931518
5.225,1650,1500,1.78458182851713,-1.29913768922887,1.88673845602149
5.242,1650,1500,1.7843092084094,-1.29911488481768,1.88684297853652
5.259,1650,1500,1.78274791405425,-1.29955709556152,1.88899571615179
5.276,1650,1500,1.78086774107889,-1.3003081258664,1.88539191676694
5.293,1650,1500,1.7807336389107,-1.30037142053693,1.88474798920218
5.31,1650,1500,1.77916753562655,-1.30030132198609,1.88515496139425
5.327,1650,1500,1.7755977143497,-1.30014151367668,1.88156966669692
5.344,1650,1500,1.77524013079556,-1.30012550484878,1.8808882038467
5.361,1650,1500,1.77193012656548,-1.30051439264085,1.88400469531378
5.378,1650,1500,1.76797519784746,-1.29995757811764,1.87904504670498
5.395,1650,1500,1.76760876971988,-1.29978375581577,1.87752092482346
5.412,1650,1500,1.76608278644566,-1.29971540006032,1.87783588533876
5.429,1650,1500,1.76307967382556,-1.29958086103606,1.87845552241549
5.446,1650,1500,1.76272378940356,-1.29956491638938,1.87852893907442
5.463,1650,1500,1.76272378940356,-1.29956491638938,1.87852893907442
5.48,1650,1500,1.76272378940356,-1.29956491638938,1.87852893907442
5.497,1650,1500,1.75788089927864,-1.30026271812937,1.87815490926407
5.514,1650,1500,1.7526655308044,-1.30054688573565,1.87828359131069
5.531,1650,1500,1.75213220233561,-1.30050649766267,1.87846957897916
5.548,1650,1500,1.7507835578912,-1.30044605984586,1.87878749512492
5.565,1650,1500,1.74999481841452,-1.30041071347106,1.87897342479339
5.582,1650,1500,1.74254754981431,-1.30120456927395,1.87369441086534
5.599,1650,1500,1.73314404353223,-1.30180280791451,1.86954636506344
5.616,1650,1500,1.73243461292981,-1.30174664429813,1.86977750425121
5.633,1650,1500,1.72945932879208,-1.30263975587455,1.86938896507293
5.65,1650,1500,1.72197055683752,-1.30343304673106,1.8694627522987
5.667,1650,1500,1.72007321034476,-1.3033139303095,1.87001444804782
5.684,1650,1500,1.71930529716376,-1.30326826799785,1.87022577855981
5.701,1650,1500,1.71657436788905,-1.30369241454974,1.86978794236767
5.718,1650,1500,1.71560159293835,-1.30452680471088,1.86853412349916
5.735,1650,1500,1.71560159293835,-1.30452680471088,1.86853412349916
5.752,1650,1500,1.71413419538678,-1.3046628991601,1.86882401077388
5.769,1650,1500,1.71046674666278,-1.3050030383498,1.86954852248826
5.786,1650,1500,1.70750024600586,-1.3048700649235,1.8687200051505
5.803,1650,1500,1.70008610725577,-1.30453772606815,1.86664930191816
5.82,1650,1500,1.69952223656183,-1.30451244406286,1.86538219365852
5.837,1650,1500,1.69614614004522,-1.30436106267796,1.86236088800439
5.854,1650,1500,1.69458917291911,-1.30429124320458,1.86272469056788
5.871,1650,1500,1.69400604651534,-1.304265091905,1.86283033301805
5.888,1650,1500,1.6908129404672,-1.30412188443986,1.86344347889178
5.905,1650,1500,1.68939679610985,-1.30405836642193,1.86374295217104
5.922,1650,1500,1.68939679610985,-1.30405836642193,1.86374295217104
5.939,1650,1500,1.68893862509213,-1.30410880049835,1.86326031478528
5.956,1650,1500,1.68235307194372,-1.30463184570208,1.85944554138111
5.973,1650,1500,1.67607541319848,-1.30487343344213,1.85874417206633
5.99,1650,1500,1.67607541319848,-1.30487343344213,1.85874417206633
6.007,1650,1500,1.67587394931714,-1.30486439598783,1.85878625623697
6.024,1650,1500,1.67363148221319,-1.30476380131138,1.85925468942527
6.041,1650,1500,1.67363148221319,-1.30476380131138,1.85925468942527
6.058,1650,1500,1.67254535593848,-1.30471506495723,1.85873463399918
6.075,1650,1500,1.65695115731075,-1.30401530112618,1.85245647702376
6.092,1650,1500,1.65413844416878,-1.30388904631961,1.85789555405136
6.109,1650,1500,1.64918238077792,-1.30366655936831,1.85402729275048
6.126,1650,1500,1.64912197736886,-1.30366384750847,1.85404688622647
6.143,1650,1500,1.64637056045137,-1.30354031738473,1.85436537064086
6.16,1650,1500,1.64367888003794,-1.30341946062747,1.84999328791309
6.177,1650,1500,1.64362703181726,-1.30341713239694,1.85000352494211
6.194,1650,1500,1.63848030231951,-1.3031860198808,1.85101970676246
6.211,1650,1500,1.63848030231951,-1.3031860198808,1.85101970676246
6.228,1650,1500,1.63845923645861,-1.30319172572062,1.85097425082006
6.245,1650,1500,1.63533306377373,-1.30375740085503,1.84646410389493
6.262,1650,1500,1.63288034793969,-1.30364097030512,1.84708391357837
6.279,1650,1500,1.63029026856751,-1.30352466227712,1.85281444128754
6.296,1650,1500,1.63015367562584,-1.3035255725856,1.85279208301153
6.313,1650,1500,1.6165947354567,-1.30361593463611,1.85057268189907
6.33,1650,1500,1.61657018513857,-1.30361483207682,1.85048431923326
6.347,1650,1500,1.61384132285405,-1.30349227837104,1.8406624690721
6.364,1650,1500,1.61384132285405,-1.30349227837104,1.8406624690721
6.381,1650,1500,1.61096972013766,-1.3033633079712,1.84647403057308
6.398,1650,1500,1.60772182433752,-1.30321743025495,1.84195249282708
6.415,1650,1500,1.60527371460781,-1.30310746978215,1.84246823318712
6.432,1650,1500,1.60527371460781,-1.30310746978215,1.84246823318712
6.449,1650,1500,1.60221332819012,-1.30297000260123,1.83788156997893
6.466,1650,1500,1.59976481971588,-1.30286001584187,1.83839851920375
6.483,1650,1500,1.59976481971588,-1.30286001584187,1.83839851920375
6.5,1650,1500,1.58855963547205,-1.30304555365597,1.83563679972161
6.517,1650,1500,1.58516063148388,-1.30291108354168,1.83612440374913
6.534,1650,1500,1.58514558786271,-1.30290971207246,1.83612956617663
6.551,1650,1500,1.58514558786271,-1.30290971207246,1.83612956617663
6.568,1650,1500,1.57392887609567,-1.30240586468963,1.83336517164928
6.585,1650,1500,1.57381587879374,-1.30240078892446,1.83333732310244
6.602,1650,1500,1.57125347368526,-1.30226792617314,1.8390298675694
6.619,1650,1500,1.56278054262827,-1.30256386446945,1.83118255155228
6.636,1650,1500,1.5622553005218,-1.30258791698415,1.83053859426958
6.653,1650,1500,1.55979188351354,-1.30247727938512,1.83595776988071
6.67,1650,1500,1.55658769684703,-1.30233337243384,1.83221588769095
6.687,1650,1500,1.55643484023181,-1.30232650731805,1.83183597626716
6.704,1650,1500,1.55390473905068,-1.30221287556454,1.83231190462058
6.721,1650,1500,1.55367743404217,-1.30220266685554,1.83235466215898
6.738,1650,1500,1.55367743404217,-1.30220266685554,1.83235466215898
6.755,1650,1500,1.5439168656976,-1.30176431158789,1.83038657514982
6.772,1650,1500,1.5393290660171,-1.30155827549058,1.82542719262637
6.789,1650,1500,1.53562529553826,-1.30139194725597,1.82559327308213
6.806,1650,1500,1.53528905236568,-1.30137684743754,1.82570262842084
6.823,1650,1500,1.53355945724335,-1.30130896058771,1.82615016595722
6.84,1650,1500,1.53001045718039,-1.3005290109668,1.8253215987545
6.857,1650,1500,1.52968603996244,-1.30041848123399,1.82517480734789
6.874,1650,1500,1.52754362243361,-1.30091113120771,1.82719452511263
6.891,1650,1500,1.52386406786621,-1.30026180455251,1.82347105355439
6.908,1650,1500,1.52355240636736,-1.30014300447518,1.82281116582434
6.925,1650,1500,1.51602196854799,-1.29977576520314,1.81993701335518
6.942,1650,1500,1.51155406066287,-1.30016979874521,1.82129591057112
6.959,1650,1500,1.50831977539755,-1.29961460545134,1.81687342188823
6.976,1650,1500,1.50790671303173,-1.29944042618921,1.81559555286879
6.993,1650,1500,1.50790671303173,-1.29944042618921,1.81559555286879
7.01,1650,1500,1.50523545436346,-1.29932049149078,1.82031292470581
7.027,1650,1500,1.50453122593368,-1.29928887290388,1.82155657340255
7.044,1650,1500,1.49967372770921,-1.29907080093577,1.81418084805263
7.061,1650,1500,1.49839313725651,-1.29901331025487,1.81223637313399
7.078,1650,1500,1.48132171922764,-1.29933345246365,1.81283071013312
7.095,1650,1500,1.47616665021065,-1.29943012604863,1.81301018252638
7.112,1650,1500,1.47409915200736,-1.29875827902461,1.80831029027826
7.129,1650,1500,1.47056368163444,-1.29900604092242,1.81244028904852
7.146,1650,1500,1.47002556376555,-1.29915474964424,1.81431945280124
7.163,1650,1500,1.46824082456603,-1.29854832273179,1.81008054022203
7.18,1650,1500,1.46425478019209,-1.29870559957896,1.80979240317641
7.197,1650,1500,1.4635762720865,-1.29886561186264,1.81035572814413
7.214,1650,1500,1.4635762720865,-1.29886561186264,1.81035572814413
7.231,1650,1775,1.45451107158309,-1.29795417548185,1.80374035496502
7.248,1650,1775,1.45088395801603,-1.29758949703254,1.80109345158985
7.265,1650,1775,1.4491844790226,-1.29751333714416,1.80488924071423
7.282,1650,1775,1.44545477725983,-1.29734621052719,1.8041444095136
7.299,1650,1775,1.44473749860015,-1.29731407199399,1.80241050566559
7.316,1650,1775,1.44473749860015,-1.29731407199399,1.80241050566559
7.333,1650,1775,1.44066457870114,-1.29713161117305,1.80324097208931
7.35,1650,1775,1.43828257748279,-1.29702490102196,1.80372666100099
7.367,1650,1775,1.43828257748279,-1.29702490102196,1.80372666100099
7.384,1650,1775,1.43169339898059,-1.29634812110655,1.79992145600846
7.401,1650,1775,1.42310633495425,-1.29563461805016,1.80005311830832
7.418,1650,1775,1.42027504948643,-1.29551084327268,1.80023324836259
7.435,1650,1775,1.41658918902549,-1.29534586960019,1.79848294651302
7.452,1650,1775,1.41542414616982,-1.29529372854415,1.79884377290855
7.469,1650,1775,1.41414195200553,-1.29525014584757,1.79644639162458
7.486,1650,1775,1.41062752516078,-1.29478074535868,1.79622568798605
7.503,1650,1775,1.40719841513229,-1.29420399903607,1.7973491253648
7.52,1650,1775,1.40578089666492,-1.29415412416827,1.79454920636186
7.537,1650,1775,1.40521008963989,-1.29434281590359,1.79509148115229
7.554,1650,1775,1.39574135605057,-1.29404443398396,1.79270855122626
7.571,1650,1775,1.38165733240256,-1.29236705108655,1.78407551321235
7.588,1650,1775,1.38120341534052,-1.29234677101696,1.78418908415721
7.605,1650,1775,1.37740553424507,-1.29217710462866,1.78503190236565
7.622,1650,1775,1.37518810002297,-1.29207806241549,1.78540291340666
7.639,1650,1775,1.37518810002297,-1.29207806241549,1.78540291340666
7.656,1650,1775,1.37476094016833,-1.29196314149578,1.78502373347808
7.673,1650,1775,1.37015565593022,-1.29113323601509,1.78005347943783
7.69,1650,1775,1.36799036738637,-1.2910477054338,1.77643833414441
7.707,1650,1775,1.36656594321877,-1.29098413071005,1.7767367126043
7.724,1650,1775,1.35781857096859,-1.29059371907076,1.77856905125698
7.741,1650,1775,1.35734367735903,-1.29057253437496,1.7786808665177
7.758,1650,1775,1.35442736122474,-1.29044243940437,1.7793675227336
7.775,1650,1775,1.35442736122474,-1.29044243940437,1.7793675227336
7.792,1650,1775,1.35393224401355,-1.29029855270523,1.77810223380744
7.809,1650,1775,1.34635609099692,-1.28874455326924,1.76408471367675
7.826,1650,1775,1.34413688856987,-1.28927420288583,1.76482201184761
7.843,1650,1775,1.34413688856987,-1.28927420288583,1.76482201184761
7.86,1650,1775,1.34341903962254,-1.28918474098834,1.76501727530952
7.877,1650,1775,1.33294944116564,-1.28806114573207,1.76677645570651
7.894,1650,1775,1.33044588430284,-1.28795445934903,1.76216526502354
7.911,1650,1775,1.32986073008976,-1.28792840732068,1.76135581386533
7.928,1650,1775,1.32334745800924,-1.28763842573106,1.75234592294879
7.945,1650,1775,1.32334745800924,-1.28763842573106,1.75234592294879
7.962,1650,1775,1.32309300963981,-1.28762710236353,1.75287289397094
7.979,1650,1775,1.32026077939437,-1.28750106349728,1.75873853685447
7.996,1650,1775,1.32004885534793,-1.28748747842501,1.75786096339584
8.013,1650,1775,1.31582489677563,-1.28738164774497,1.74815947874569
8.03,1650,1775,1.31297191869789,-1.28788679880303,1.74890153273644
8.047,1650,1775,1.3103382947926,-1.28788233604513,1.74717819693137
8.064,1650,1775,1.27792944388758,-1.28777293167712,1.72806314906717
8.081,1650,1775,1.27453325399181,-1.28760109066767,1.72839561505113
8.098,1650,1775,1.2718398319487,-1.28748187816916,1.72377427544736
8.115,1650,1775,1.27173621478739,-1.28744822079138,1.72378468882012
8.132,1650,1775,1.26755675367641,-1.28662394019988,1.72385031572298
8.149,1650,1775,1.26473432302065,-1.28716755567697,1.71892193531304
8.166,1650,1775,1.2646042680213,-1.28716180586627,1.71895321388241
8.183,1650,1775,1.26133559848981,-1.28701729599637,1.71973933750085
8.2,1650,1775,1.26133559848981,-1.28701729599637,1.71973933750085
8.217,1650,1775,1.26084886600358,-1.28694189150645,1.71948883402692
8.234,1650,1775,1.24626382991555,-1.2849260594337,1.71035038753448
8.251,1650,1775,1.24302602505544,-1.28482897602506,1.70602104484776
8.268,1650,1775,1.24018703384751,-1.28537345953344,1.70681053979421
8.285,1650,1775,1.24018703384751,-1.28537345953344,1.70681053979421
8.302,1650,1775,1.23994672684362,-1.28530919991545,1.70651112511443
8.319,1650,1775,1.23201733615742,-1.28358784139323,1.6959946505957
8.336,1650,1775,1.228963069837,-1.28342523653818,1.69157727118983
8.353,1650,1775,1.22555825294423,-1.28259659587886,1.69133362088393
8.37,1650,1775,1.22555825294423,-1.28259659587886,1.69133362088393
8.387,1650,1775,1.22555825294423,-1.28259659587886,1.69133362088393
8.404,1650,1775,1.21507262110383,-1.28071215157452,1.68298198665527
8.421,1650,1775,1.21122000672076,-1.27983083316961,1.68251445859071
8.438,1650,1775,1.21122000672076,-1.27983083316961,1.68251445859071
8.455,1650,1775,1.20781311837705,-1.27968097834436,1.67724055779182
8.472,1650,1775,1.20781311837705,-1.27968097834436,1.67724055779182
8.489,1650,1775,1.20781311837705,-1.27968097834436,1.67724055779182
8.506,1650,1775,1.20027252910405,-1.27721242345046,1.67285509650717
8.523,1650,1775,1.19717309321487,-1.27707620476661,1.67951204662737
8.54,1650,1775,1.18798270309326,-1.27493293083244,1.67018012301873
8.557,1650,1775,1.17721270523496,-1.27176566460894,1.65554373756938
8.574,1650,1775,1.17509054476983,-1.27111109773861,1.65248770678572
8.591,1650,1775,1.17509054476983,-1.27111109773861,1.65248770678572
8.608,1650,1775,1.17509054476983,-1.27111109773861,1.65248770678572
8.625,1650,1775,1.17509054476983,-1.27111109773861,1.65248770678572
8.642,1650,1775,1.17458893942554,-1.27118915298237,1.6526043604455
8.659,1650,1775,1.1715085868389,-1.27166848932673,1.65332072921373
8.676,1650,1775,1.17101924225705,-1.2716065879146,1.65292989238956
8.693,1650,1775,1.16357622879926,-1.27049337398982,1.64582469576944
8.71,1650,1775,1.15994082438846,-1.26949080100676,1.6403357670818
8.727,1650,1775,1.14625362043167,-1.26555567236876,1.6321763791254
8.744,1650,1775,1.14612565051826,-1.26555007761268,1.63212208476561
8.761,1650,1775,1.14252201775653,-1.26539252928147,1.63059315559386
8.778,1650,1775,1.14252201775653,-1.26539252928147,1.63059315559386
8.795,1650,1775,1.14248330899247,-1.2653836928931,1.6305384639982
8.812,1650,1775,1.13864087167832,-1.26450654609696,1.62510948601313
8.829,1650,1775,1.13862267262284,-1.26450593708867,1.62511784170345
8.846,1650,1775,1.13447125443738,-1.26428306984408,1.62580713725321
8.863,1650,1775,1.12030486498396,-1.25940234061097,1.61023063656669
8.88,1650,1775,1.12030486498396,-1.25940234061097,1.61023063656669
8.897,1650,1775,1.12030486498396,-1.25940234061097,1.61023063656669
8.914,1650,1775,1.11267516517683,-1.25835151871006,1.59982473934359
8.931,1650,1775,1.11267516517683,-1.25835151871006,1.59982473934359
8.948,1650,1775,1.11267516517683,-1.25835151871006,1.59982473934359
8.965,1650,1775,1.10581783307602,-1.25603047060439,1.59806980923032
8.982,1650,1775,1.09776701532927,-1.2534020017741,1.58996529091951
8.999,1650,1775,1.09771516536321,-1.25338524280348,1.589895733335
9.016,1650,1775,1.0945737058482,-1.25261826600067,1.58776600549154
9.033,1650,1775,1.09121749092905,-1.25180005953251,1.5855423849117
9.05,1650,1775,1.06202882088466,-1.2441332231817,1.56001078564222
9.067,1650,1775,1.06097586093658,-1.24385483874006,1.5590688488191
9.084,1650,1775,1.06097586093658,-1.24385483874006,1.5590688488191
9.101,1650,1775,1.05734946651647,-1.24302834000288,1.55631444703308
9.118,1650,1775,1.05705935496286,-1.2429622201039,1.5560940948902
9.135,1650,1775,1.05705935496286,-1.2429622201039,1.5560940948902
9.152,1650,1775,1.04479342238438,-1.2405649688877,1.55090844477178
9.169,1650,1775,1.04279603502013,-1.24017459993225,1.55006401227913
9.186,1650,1775,1.04279603502013,-1.24017459993225,1.55006401227913
9.203,1650,1775,1.04005515185398,-1.23890995750366,1.54222390977744
9.22,1650,1775,1.03933256820036,-1.23857655768645,1.54015701032677
9.237,1650,1775,1.03933256820036,-1.23857655768645,1.54015701032677
9.254,1650,1775,1.03374807651191,-1.2372617445839,1.5365530217399
9.271,1650,1775,1.03179350442096,-1.23680155999801,1.53529162573449
9.288,1650,1775,1.03179350442096,-1.23680155999801,1.53529162573449
9.305,1650,1775,1.02526613078708,-1.23412358061365,1.52514559253403
9.322,1650,1775,1.01744749093109,-1.23254665079435,1.52054367050075
9.339,1650,1775,1.01652721021239,-1.23251504777644,1.52085596454787
9.356,1650,1775,1.01492338529273,-1.23212737355945,1.52419666209275
9.373,1650,1775,1.01068501318256,-1.23052196743973,1.51951381526341
9.39,1650,1775,1.0097389050984,-1.2300426525044,1.51563246528388
9.407,1650,1775,1.00797000414497,-1.22883909646564,1.51255238126776
9.424,1650,1775,1.00187034176404,-1.22678008099533,1.50822641477143
9.441,1650,1775,0.990794135693969,-1.22295823482136,1.50003375467024
9.458,1650,1775,0.986776930674612,-1.22104199032103,1.49550422160837
9.475,1650,1775,0.986776930674612,-1.22104199032103,1.49550422160837
9.492,1650,1775,0.985038528909309,-1.22030154162763,1.49349979805063
9.509,1650,1775,0.982964087874195,-1.21941796155734,1.49110791226053
9.526,1650,1775,0.982964087874195,-1.21941796155734,1.49110791226053
9.543,1650,1775,0.981917320774189,-1.21900671888922,1.49097093791409
9.56,1650,1775,0.966687974451992,-1.21239867563777,1.47940885854003
9.577,1650,1775,0.950262075961468,-1.20579920343883,1.46102046965794
9.594,1650,1775,0.949023673603329,-1.20550923507347,1.45920850256339
9.611,1650,1775,0.949023673603329,-1.20550923507347,1.45920850256339
9.628,1650,1775,0.943972415505745,-1.20294528900455,1.45390432522602
9.645,1650,1775,0.937944731177691,-1.19988572300356,1.44757483146584
9.662,1650,1775,0.936610076124111,-1.19927311117234,1.44574704439087
9.679,1650,1775,0.932097555904443,-1.19769522222095,1.43807307968547
9.696,1650,1775,0.930748029778197,-1.19736733803386,1.43517768407757
9.713,1650,1775,0.929510095287361,-1.19667446883679,1.43303613410948
9.73,1650,1775,0.924986709907825,-1.19421003048875,1.42961269396897
9.747,1650,1775,0.921602382380425,-1.19287241079266,1.43050281724768
9.764,1650,1775,0.92013138184632,-1.19248537516729,1.43076135462298
9.781,1650,1775,0.914473186966791,-1.18978624897795,1.42413386396184
9.798,1650,1775,0.904798391530204,-1.18517108560953,1.41280169570506
9.815,1650,1775,0.904798391530204,-1.18517108560953,1.41280169570506
9.832,1650,1775,0.90400400790116,-1.18483302621518,1.41153951503619
9.849,1650,1775,0.899521305395199,-1.18290029229561,1.40375349053806
9.866,1650,1775,0.895674854344477,-1.18145630496274,1.40026467571646
9.883,1650,1775,0.894000857163082,-1.18100194780759,1.4009358116435
9.9,1650,1775,0.893084788212764,-1.18049798542684,1.3995394794671
9.917,1650,1775,0.889609982282193,-1.17858637007433,1.39424295312382
9.934,1650,1775,0.889609982282193,-1.17858637007433,1.39424295312382
9.951,1650,1775,0.886391197024738,-1.17705166627343,1.39024311537724
9.968,1650,1775,0.874181794994516,-1.17123027273404,1.37507104790533
9.985,1650,1775,0.874181794994516,-1.17123027273404,1.37507104790533
10.002,1650,1775,0.873736446461063,-1.1710323886879,1.37387217394847
10.019,1650,1775,0.868592413151252,-1.16894867996575,1.36895187834996
10.036,1650,1775,0.863005336967136,-1.16702434128008,1.37040755166295
10.053,1650,1775,0.863005336967136,-1.16702434128008,1.37040755166295
10.07,1650,1775,0.862877146998881,-1.16693108435012,1.37114654547226
10.087,1650,1775,0.856593350396646,-1.16306872142074,1.37678769308055
10.104,1650,1775,0.832692083976967,-1.1515006289608,1.34802006220726
10.121,1650,1775,0.83251814476801,-1.15141558109873,1.34809230401952
10.138,1650,1775,0.828684510148506,-1.14946926810415,1.3484146880472
10.155,1650,1775,0.824208826824083,-1.14705264401235,1.33961301372148
10.172,1650,1775,0.821337950752616,-1.14575052925554,1.33458248233593
10.189,1650,1775,0.821311310160264,-1.1457408206476,1.33457779577286
10.206,1650,1775,0.817163377116325,-1.14393509876953,1.33338006579434
10.223,1650,1775,0.813369040004744,-1.140886415457,1.32708815772981
10.24,1650,1775,0.813369040004744,-1.140886415457,1.32708815772981
10.257,1650,1775,0.813369040004744,-1.140886415457,1.32708815772981
10.274,1650,1775,0.798013594165156,-1.13342940564451,1.31330782716048
10.291,1650,1775,0.794169034166125,-1.13099284386228,1.30681493440464
10.308,1650,1775,0.794169034166125,-1.13099284386228,1.30681493440464
10.325,1650,1775,0.790785085776264,-1.12784416040899,1.30014790908679
10.342,1650,1775,0.790750995835658,-1.12781244053045,1.30008074538602
10.359,1650,1775,0.786925230615805,-1.12618359804778,1.293867710671
10.376,1650,1775,0.786789372475895,-1.12612575563007,1.29364707733595
10.393,1650,1775,0.78307102843995,-1.12393134656206,1.29170564601703
10.41,1650,1775,0.7801136889479,-1.1223054181804,1.30226599433136
10.427,1650,1775,0.769012058352643,-1.11494145257841,1.28064728702011
10.444,1650,1775,0.768650291171298,-1.11469401904415,1.27977028674028
10.461,1650,1775,0.764707975652192,-1.11119354559225,1.26315610815646
10.478,1650,1775,0.756891460952224,-1.10673967504462,1.26407675201829
10.495,1650,1775,0.75646974641081,-1.10652973413705,1.26420328760045
10.512,1650,1775,0.753494641411803,-1.10429353081214,1.25796041314173
10.529,1650,1775,0.753227357133942,-1.10409262967048,1.25739955152776
10.546,1650,1775,0.749251169055352,-1.10040207450346,1.24789840336093
10.563,1650,1775,0.748893947189374,-1.10007051397936,1.24704481751187
10.58,1650,1775,0.730863435339622,-1.08837644460886,1.22908315186914
10.597,1650,1775,0.71640049824258,-1.07897079468198,1.20833163978003
10.614,1650,1775,0.715840423672823,-1.07860610555115,1.20738828092467
10.631,1650,1775,0.715840423672823,-1.07860610555115,1.20738828092467
10.648,1650,1775,0.708916831989782,-1.07404073422559,1.18992694691178
10.665,1650,1775,0.708294814547095,-1.07363057996941,1.18835821570609
10.682,1650,1775,0.708294814547095,-1.07363057996941,1.18835821570609
10.699,1650,1775,0.705194003932785,-1.07111107806221,1.1891550645322
10.716,1650,1775,0.70133853272714,-1.06880009608224,1.18520454459044
10.733,1650,1775,0.701058941045016,-1.06865836003845,1.18454011099343
10.75,1650,1775,0.698302028969957,-1.06645609083839,1.17353304690663
10.767,1650,1775,0.688150826735276,-1.05954483814811,1.15923293646033
10.784,1650,1775,0.679308533246169,-1.05331702848169,1.15824978216819
10.801,1650,1775,0.678697923246748,-1.05287182541289,1.15826238154854
10.818,1650,1775,0.676497029847387,-1.05223623789408,1.14338031975106
10.835,1650,1775,0.675521170758067,-1.0519544233103,1.13678172879836
10.852,1650,1775,0.675521170758067,-1.0519544233103,1.13678172879836
10.869,1650,1775,0.673595048741331,-1.05077198343447,1.13712844691171
10.886,1650,1775,0.668474085850848,-1.04705270390657,1.14348242315173
10.903,1650,1775,0.667325767226864,-1.04611342601885,1.14659165090641
10.92,1650,1775,0.667325767226864,-1.04611342601885,1.14659165090641
10.937,1650,1775,0.665250448972204,-1.04459140739204,1.14350333638841
10.954,1650,1775,0.662773964287069,-1.04277517712889,1.13981803964438
10.971,1650,1775,0.654853071923492,-1.03704389654168,1.12068408338337
10.988,1650,1775,0.645401042777134,-1.0302047389481,1.09785146504154
11.005,1650,1775,0.645401042777134,-1.0302047389481,1.09785146504154
11.022,1650,1775,0.644424329195279,-1.02936675970531,1.09827478360218
11.039,1650,1775,0.627021842774179,-1.01573293534874,1.07990746270638
11.056,1650,1775,0.61177978347564,-1.00412293825082,1.05738687870802
11.073,1650,1775,0.61177978347564,-1.00412293825082,1.05738687870802
11.09,1650,1775,0.610406627293141,-1.0031790042064,1.0577278329718
11.107,1650,1775,0.608058704421797,-1.00156499673937,1.05831082150888
11.124,1650,1775,0.606837489458382,-1.00052875203379,1.05859491388653
11.141,1650,1775,0.602167592256575,-0.996566184023967,1.05968090355252
11.158,1650,1775,0.600102255927541,-0.994813679470122,1.06016098565433
11.175,1650,1775,0.599607761100033,-0.994447805251283,1.06040111509571
11.192,1650,1775,0.593786271261087,-0.989933574157817,1.05469288761517
11.209,1650,1775,0.58621241069559,-0.98376374062432,1.03043817200924
11.226,1650,1775,0.585675611162767,-0.983354252608449,1.0306299304893
11.243,1650,1775,0.581848018331495,-0.980536892051472,1.02772628746365
11.26,1650,1775,0.580291032892877,-0.97947664530434,1.0139532250608
11.277,1650,1775,0.580291032892877,-0.97947664530434,1.0139532250608
11.294,1650,1775,0.579883695196273,-0.979143532136811,1.01408123893313
11.311,1650,1775,0.575304895239441,-0.975131703166114,1.01388355675596
11.328,1650,1775,0.572923244654321,-0.972690569682348,1.007841967167
11.345,1650,1775,0.572756772406237,-0.972584588863596,1.00791720983872
11.362,1650,1775,0.567694999253557,-0.968789602707493,1.00795145504944
11.379,1650,1775,0.557398861715359,-0.958439042299514,0.988719620952204
11.396,1650,1775,0.554583123048152,-0.956152570862045,0.9667196960043
11.413,1650,1775,0.551551640745029,-0.953886996269643,0.967582907211431
11.43,1650,1775,0.551514523823158,-0.95385281625467,0.96751341149444
11.447,1650,1775,0.547830101211268,-0.950459926605154,0.96061489787315
11.464,1650,1775,0.547830101211268,-0.950459926605154,0.96061489787315
11.481,1650,1775,0.547768934278784,-0.950406221710775,0.960699234429124
11.498,1650,1775,0.540969994475768,-0.944436716143292,0.97007356699707
11.515,1650,1775,0.540685866048181,-0.944167169135362,0.969385568669009
11.532,1650,1775,0.509103898520358,-0.914205982484765,0.892911908357791
11.549,1650,1775,0.509103898520358,-0.914205982484765,0.892911908357791
11.566,1650,1775,0.50521196971007,-0.910899082470388,0.893683993105574
11.583,1650,1775,0.501825697944913,-0.908093604079925,0.902123139790403
11.6,1650,1775,0.501805685907643,-0.908077147750358,0.902202102153238
11.617,1650,1775,0.501805685907643,-0.908077147750358,0.902202102153238
11.634,1650,1775,0.495184334860295,-0.901746962307515,0.8963854263587
11.651,1650,1775,0.491554532908132,-0.897775889367179,0.896807132406788
11.668,1650,1775,0.491424021063417,-0.897625895578337,0.896857393537779
11.685,1650,1775,0.487985929225828,-0.893640797787073,0.857275080524735
11.702,1650,1775,0.487677050078928,-0.893282775469978,0.853718994284655
11.719,1650,1775,0.485581052672142,-0.891747892051953,0.854399241597588
11.736,1650,1775,0.475823784892825,-0.882049985026844,0.850366263907201
11.753,1650,1775,0.474020996241468,-0.880106065589381,0.849261355066106
11.77,1650,1775,0.4709859054911,-0.87730970498976,0.849923078613408
11.787,1650,1775,0.470185759395646,-0.876572495726743,0.850097529908672
11.804,1650,1775,0.465967275542438,-0.872979802381242,0.827058941628856
11.821,1650,1775,0.461319773841602,-0.868205604815628,0.827448138535692
11.838,1650,1775,0.460913333464079,-0.867730390370047,0.82915196345259
11.855,1650,1775,0.460913333464079,-0.867730390370047,0.82915196345259
11.872,1650,1775,0.459605020053594,-0.866073872220806,0.82956525952273
11.889,1650,1775,0.455129598406017,-0.861044243938984,0.825578375223243
11.906,1650,1775,0.453936122274462,-0.859803995543506,0.823105328688509
11.923,1650,1775,0.447147990122404,-0.852566684072109,0.79875355441851
11.94,1650,1775,0.441459469351507,-0.846501746662485,0.778346530713016
11.957,1650,1775,0.441459469351507,-0.846501746662485,0.778346530713016
11.974,1650,1775,0.441459469351507,-0.846501746662485,0.778346530713016
11.991,1650,1775,0.440078738739276,-0.845127306240161,0.775369931551391
12.008,1650,1775,0.43699904456963,-0.841938364495329,0.772540606636326
12.025,1650,1775,0.43540767479993,-0.840168363901142,0.776751768609891
12.042,1650,1775,0.434711318799019,-0.839377266052138,0.77975003439583
12.059,1650,1775,0.43470887474482,-0.839374458385386,0.779762724939233
12.076,1650,1775,0.43470887474482,-0.839374458385386,0.779762724939233
12.093,1650,1775,0.43470887474482,-0.839374458385386,0.779762724939233
12.11,1650,1775,0.431607524108756,-0.83593247982088,0.780373762521724
12.127,1650,1775,0.431497390918555,-0.835810250468447,0.780395461299512
12.144,1650,1775,0.42921531277299,-0.833282984338533,0.779219029739372
12.161,1650,1775,0.40367971597243,-0.804564370534304,0.755192648007788
12.178,1650,1775,0.40144244367822,-0.801717623821151,0.736809080812414
12.195,1650,1775,0.40144244367822,-0.801717623821151,0.736809080812414
12.212,1650,1775,0.400631053220227,-0.800892973106144,0.734223222607492
12.229,1650,1775,0.39159957622113,-0.791713897987004,0.705440386094433
12.246,1650,1775,0.391487712907886,-0.791577170104141,0.705489150940605
12.263,1650,1775,0.388608685157323,-0.788212919281303,0.705516670276976
12.28,1650,1775,0.385045300717496,-0.784439726101525,0.699781208172637
12.297,1650,1775,0.38488053583924,-0.784231186923685,0.699802042419463
12.314,1650,1775,0.381493712427464,-0.780105453704561,0.701062326549139
12.331,1650,1775,0.378818302424329,-0.777158822080358,0.707939928378721
12.348,1650,1775,0.378818302424329,-0.777158822080358,0.707939928378721
12.365,1650,1775,0.378683548624677,-0.777003702002668,0.707701785810005
12.382,1650,1775,0.36530717145103,-0.761605660005062,0.684062490825603
12.399,1650,1775,0.365281059127249,-0.761569264495431,0.684068262494396
12.416,1650,1775,0.362689011313561,-0.757956453090489,0.684641188963905
12.433,1650,1775,0.362652841558639,-0.757910733228317,0.684646966131585
12.45,1650,1775,0.359062439763882,-0.75337233711398,0.685220438449858
12.467,1650,1775,0.359029282332109,-0.753335520159624,0.685226221103857
12.484,1650,1775,0.355737899716948,-0.749680873914934,0.68580023802325
12.501,1650,1775,0.355737899716948,-0.749680873914934,0.68580023802325
12.518,1650,1775,0.355737899716948,-0.749680873914934,0.68580023802325
12.535,1650,1775,0.340127978936791,-0.730293078866773,0.627114272351667
12.552,1650,1775,0.313635508343007,-0.696724387920202,0.581061140724732
12.569,1650,1775,0.313635508343007,-0.696724387920202,0.581061140724732
12.586,1650,1775,0.313635508343007,-0.696724387920202,0.581061140724732
12.603,1650,1775,0.311288269780125,-0.693928211124954,0.581559498844315
12.62,1650,1775,0.311264623667957,-0.693900042403127,0.581564519310569
12.637,1650,1775,0.307579716056186,-0.689242871190042,0.575961421223095
12.654,1650,1775,0.30754259424842,-0.689195954785963,0.575904975539237
12.671,1650,1775,0.296791882223967,-0.674694187021232,0.521027889308015
12.688,1650,1775,0.296364129025957,-0.674117185467842,0.518844420056912
12.705,1650,1775,0.293410606128721,-0.670466835871737,0.519278538242842
12.722,1650,1775,0.293293090297043,-0.670321594448654,0.519295811093415
12.739,1650,1775,0.290445223828217,-0.666801821737215,0.519714111143139
12.756,1650,1775,0.29021739451071,-0.6665202399203,0.519747575147117
12.773,1650,1775,0.288043166609901,-0.663495376929433,0.520061552672001
12.79,1650,1775,0.28541285281131,-0.659842521379659,0.52592417892367
12.807,1650,1775,0.276817830117312,-0.647436473852052,0.522307870443348
12.824,1650,1775,0.276219696537847,-0.646566163421955,0.521938893190768
12.841,1650,1775,0.273235320729987,-0.642874687567436,0.500246827624706
12.858,1650,1775,0.271153526908046,-0.639619025399627,0.465074301922389
12.875,1650,1775,0.268263430894773,-0.635481576993223,0.462404754595071
12.892,1650,1775,0.267966856516816,-0.635083323188739,0.462460894805621
12.909,1650,1775,0.267966856516816,-0.635083323188739,0.462460894805621
12.926,1650,1775,0.266232865206672,-0.63267067589788,0.46271956201806
12.943,1650,1775,0.262285950198003,-0.627178996208511,0.46320427991056
12.96,1650,1775,0.26175247465872,-0.626436725740644,0.463263530608735
12.977,1650,1775,0.26175247465872,-0.626436725740644,0.463263530608735
12.994,1650,1775,0.252985083868097,-0.613472699947775,0.440152786199442
13.011,1650,1775,0.250673721841248,-0.610054971954542,0.434060061657381
13.028,1650,1775,0.249404614894525,-0.608297206074382,0.437929752589442
13.045,1650,1775,0.233503762779678,-0.584765176583903,0.396051673341623
13.062,1650,1775,0.228299201855555,-0.57697042873986,0.378676164359466
13.079,1650,1775,0.228299201855555,-0.57697042873986,0.378676164359466
13.096,1650,1775,0.227212460057296,-0.575242225628551,0.376228742273891
13.113,1650,1775,0.224218167728796,-0.570480518771508,0.377092967944626
13.13,1650,1775,0.223375282419849,-0.569140110858232,0.37928423959968
13.147,1650,1775,0.219842426085824,-0.563405013082105,0.366400317770975
13.164,1650,1775,0.214903399960954,-0.555387195467454,0.348388256003873
13.181,1650,1775,0.214235541832075,-0.554325068291653,0.35007453896244
13.198,1650,1775,0.2114310299077,-0.549859480412894,0.351476847302381
13.215,1650,1775,0.208357581658888,-0.545036702115736,0.349052580905062
13.232,1650,1775,0.206735749073935,-0.542538349497045,0.349237405615148
13.249,1650,1775,0.206012309253168,-0.541330656415696,0.336243548162597
13.266,1650,1775,0.204957111915555,-0.539569135294641,0.317290922946694
13.283,1650,1775,0.204957111915555,-0.539569135294641,0.317290922946694
13.3,1650,1775,0.202054720390013,-0.534699666076942,0.317499702103015
13.317,1650,1775,0.19454827378883,-0.522300594476157,0.320090650142152
13.334,1650,1775,0.193522583918927,-0.520678470820339,0.322532626920515
13.351,1650,1775,0.192977393535408,-0.519957964782772,0.309236127855987
13.368,1650,1775,0.190180073816207,-0.515513731137221,0.298730584908739
13.385,1650,1775,0.186870587307108,-0.509838577142949,0.32319726072097
13.402,1650,1775,0.185245274895242,-0.507654444962171,0.323310336142727
13.419,1650,1775,0.185245274895242,-0.507654444962171,0.323310336142727
13.436,1650,1775,0.183907326123073,-0.505080732401531,0.315223571800478
13.453,1650,1775,0.180563407147616,-0.498648284128539,0.295012420748522
13.47,1650,1775,0.180563407147616,-0.498648284128539,0.295012420748522
13.487,1650,1775,0.178847016301349,-0.495884585990255,0.289265051725365
13.504,1650,1775,0.169638377276508,-0.481400020066763,0.261638559459835
13.521,1650,1775,0.168209644772276,-0.479420628060714,0.259628049707182
13.538,1650,1775,0.168209644772276,-0.479420628060714,0.259628049707182
13.555,1650,1775,0.1681649698304,-0.479329620340333,0.259715990926047
13.572,1650,1775,0.164718400192918,-0.472666619503764,0.26378105694099
13.589,1650,1775,0.151360873554938,-0.449896989798138,0.267930020122721
13.606,1650,1775,0.151257766986829,-0.449695620922282,0.267262932984833
13.623,1650,1775,0.146241045736276,-0.44008180935122,0.23623877555667
13.64,1650,1775,0.140052865468368,-0.429012006931817,0.204611486867514
13.657,1650,1775,0.137669533437702,-0.425227018938659,0.202218463848747
13.674,1650,1775,0.137639837592764,-0.425175415316823,0.202248152835114
13.691,1650,1775,0.134692070454508,-0.420052965998259,0.205195239155292
13.708,1650,1775,0.134692070454508,-0.420052965998259,0.205195239155292
13.725,1650,1775,0.134659213420766,-0.419987838431201,0.205169944817668
13.742,1650,1775,0.130448989740417,-0.411484316588045,0.202660405935976
13.759,1650,1775,0.12871847016982,-0.407649672933621,0.202806160391647
13.776,1650,1775,0.124971224138108,-0.400375602381238,0.172308873628172
13.793,1650,1775,0.124971224138108,-0.400375602381238,0.172308873628172
13.81,1650,1775,0.122482351934257,-0.395462964371572,0.17241728000055
13.827,1650,1775,0.120471215052572,-0.391035256097049,0.175043408754828
13.844,1650,1775,0.120459587596213,-0.391008816579984,0.175068964350918
13.861,1650,1775,0.117997598825758,-0.386134336120611,0.143845032042418
13.878,1650,1775,0.117821028068627,-0.385784744475165,0.141605690647167
13.895,1650,1775,0.116087618461522,-0.381952961719682,0.141693819856214
13.912,1650,1775,0.115931888450236,-0.381608713268935,0.141701737409379
13.929,1650,1775,0.114278550690438,-0.377953936978269,0.141785703905169
13.946,1650,1775,0.114039764075208,-0.3774260885972,0.141797830934389
13.963,1650,1775,0.110732979306152,-0.371238906962684,0.141916175739174
13.98,1650,1775,0.106150407374548,-0.360770978818579,0.1421458965494
13.997,1650,1775,0.105681708558009,-0.359562525273023,0.142174515828303
14.014,1650,1775,0.103872737286384,-0.356210646660782,0.115810027613984
14.031,1650,1775,0.103395835137871,-0.355326985246805,0.108859513102753
14.048,1650,1775,0.103395835137871,-0.355326985246805,0.108859513102753
14.065,1650,1775,0.0926702581649067,-0.331351366592976,0.0882394725938171
14.082,1650,1775,0.0872409888294217,-0.319214948059537,0.0778016421709117
14.099,1650,1775,0.0862947895105289,-0.317123779326117,0.0778165333839451
14.116,1650,1775,0.083885788716674,-0.311799720862786,0.0787962081590421
14.133,1650,1775,0.0833630842509481,-0.310644508996371,0.0793403132725567
14.15,1650,1775,0.0784457419329651,-0.29977689981758,0.0583771896304525
14.167,1650,1775,0.0755698897966739,-0.293421101288177,0.0461171434487966
14.184,1650,1775,0.0755698897966739,-0.293421101288177,0.0461171434487966
14.201,1650,1775,0.0747141464161211,-0.291529867738665,0.0467603191553085
14.218,1650,1775,0.0722527886398651,-0.286090158022964,0.0472417545901678
14.235,1650,1775,0.0716544764010396,-0.284767863089561,0.0472449935113974
14.252,1650,1775,0.0716544764010396,-0.284767863089561,0.0472449935113974
14.269,1650,1775,0.0709258390000506,-0.283157546311039,0.0472510153511721
14.286,1650,1775,0.0688844168795538,-0.27867292497905,0.0472706066596595
14.303,1650,1775,0.0648155950608244,-0.268770671064588,0.0174793509708526
14.32,1650,1775,0.062181682200972,-0.261962524597155,-0.018078648147387
14.337,1650,1775,0.060798548935944,-0.25837857815716,-0.0181121357938755
14.354,1650,1775,0.0576465688345542,-0.251805986761658,-0.00441738102231966
14.371,1650,1775,0.0570369258912566,-0.251005200616992,0.014784112965757
14.388,1650,1775,0.0566005042364564,-0.249405093577213,0.0147811798717265
14.405,1650,1775,0.0546068038480225,-0.243751826078891,0.0147675515703678
14.422,1650,1775,0.0538326588708675,-0.242252944628015,0.0147621420909783
14.439,1650,1775,0.0538326588708675,-0.242252944628015,0.0147621420909783
14.456,1650,1775,0.0538326588708675,-0.242252944628015,0.0147621420909783
14.473,1650,1775,0.0521269521355019,-0.237489117928768,-0.00392793047132808
14.49,1650,1775,0.0460799635214475,-0.2215391559551,-0.0507119936889136
14.507,1650,1775,0.0444136783717013,-0.21761542772193,-0.0414027594926094
14.524,1650,1775,0.0437696232654559,-0.215807002105155,-0.018070258109497
14.541,1650,1775,0.0434914276422958,-0.2152116592516,-0.0180744344272531
14.558,1650,1775,0.0396047037085305,-0.205672404028695,-0.0318308294664289
14.575,1650,1775,0.0336082560180571,-0.189102754314048,-0.0838317729144389
14.592,1650,1775,0.0332664841624812,-0.188169585871493,-0.0838503783880813
14.609,1650,1775,0.0319700851629903,-0.184629918647444,-0.0839209521261511
14.626,1650,1775,0.0317417533073507,-0.18420389639541,-0.0777549260118226
14.643,1650,1775,0.0307595111792724,-0.182371226125748,-0.0512298027636511
14.66,1650,1775,0.0302734123429065,-0.180943793219864,-0.0512401196497448
14.677,1650,1775,0.0253194934927916,-0.166173396163055,-0.0560777473866367
14.694,1650,1775,0.0233043956663641,-0.159918347434237,-0.0843531603095723
14.711,1650,1775,0.0233043956663641,-0.159918347434237,-0.0843531603095723
14.728,1650,1775,0.0231878544971375,-0.15950300046665,-0.0843957632027802
14.745,1650,1775,0.0220415580231039,-0.15541765648388,-0.0848148043587238
14.762,1650,1775,0.0217402235236242,-0.154658624900252,-0.087548739708567
14.779,1650,1775,0.0169490991580132,-0.140947921982596,-0.118182445753012
14.796,1650,1775,0.0153254383228019,-0.133904109959675,-0.11832922192429
14.813,1650,1775,0.0153254383228019,-0.133904109959675,-0.11832922192429
14.83,1650,1775,0.0153142279758642,-0.133873472204737,-0.118330001833442
14.847,1650,1775,0.0135520384505002,-0.129057428710498,-0.118452629336121
14.864,1650,1775,0.011983391673561,-0.124770338808204,-0.11856188745598
14.881,1650,1775,0.0119796008967467,-0.124760432543685,-0.118880632724831
14.898,1650,1775,0.0110306131884825,-0.12212737303209,-0.151661179402267
14.915,1650,1775,0.00687523582329286,-0.107623890103279,-0.153046219493961
14.932,1650,1775,0.00687054136184179,-0.107589844180622,-0.153360346070006
14.949,1650,1775,0.00640454420882275,-0.104210265245853,-0.184542216802241
14.966,1650,1775,0.00640454420882275,-0.104210265245853,-0.184542216802241
14.983,1650,1775,0.00384912894528133,-0.0961544653876185,-0.152165579357958
15,1650,1775,0.00384912894528133,-0.0961544653876185,-0.152165579357958
15.017,1650,1775,0.00384912894528133,-0.0961544653876185,-0.152165579357958
15.034,1650,1775,0.00302260661626502,-0.0918221722013333,-0.152284969440626
15.051,1650,1775,0.00129916556140297,-0.0880973358252796,-0.152433621158339
15.068,1650,1775,0.00128633970064929,-0.0880754001791315,-0.152434594119385
15.085,1650,1775,-0.00768957915213123,-0.0540409422880933,-0.217721735630496
15.102,1650,1775,-0.00918932105170388,-0.0486752942084271,-0.220625896629536
15.119,1650,1775,-0.00920877294305456,-0.0486066862982071,-0.220652371880973
15.136,1650,1775,-0.00963183484601125,-0.0445585970218956,-0.220809935022282
15.153,1650,1775,-0.0111313761285608,-0.040095740764889,-0.220971350526679
15.17,1650,1775,-0.0130355735508364,-0.0339133798845811,-0.222886746293417
15.187,1650,1775,-0.013189794278134,-0.0333722269452332,-0.223141108079205
15.204,1650,1775,-0.0142034794747163,-0.0308076646290857,-0.249321681422649
15.221,1650,1775,-0.0148171489685021,-0.0274054958969259,-0.225898787636649
15.238,1650,1775,-0.0179019375091983,-0.0154517561433874,-0.22184487717727
15.255,1650,1775,-0.0185211242136125,-0.0133209752979555,-0.221950532007899
15.272,1650,1775,-0.020629602533352,-0.00580885614900594,-0.22535701848163
15.289,1650,1775,-0.0211854642302995,-0.00382842350300017,-0.22625507625827
15.306,1650,1775,-0.0218770811068891,-0.00109211573257825,-0.248200582440885
15.323,1650,1775,-0.0220859291783322,-0.000265830805083134,-0.254827483544977
15.34,1650,1775,-0.022824218216665,0.00348756558094769,-0.256807270744407
15.357,1650,1775,-0.0230188546015135,0.0044770798030882,-0.257329205384175
15.374,1650,1775,-0.0239508137779145,0.00688770455810244,-0.257422754308265
15.391,1650,1775,-0.0276065298329627,0.0226388454905014,-0.281136342120169
15.408,1650,1775,-0.0284858811321156,0.0271675811961956,-0.290532373068076
15.425,1650,1775,-0.0284858811321156,0.0271675811961956,-0.290532373068076
15.442,1650,1775,-0.0293369910434708,0.0302026776615065,-0.292376459430608
15.459,1650,1775,-0.0298347530658214,0.0319777195620254,-0.293454952519404
15.476,1650,1775,-0.0298347530658214,0.0319777195620254,-0.293454952519404
15.493,1650,1775,-0.0300324011042992,0.033522662105782,-0.272944475125553
15.51,1650,1775,-0.0321115056790772,0.04140677399156,-0.262741209160586
15.527,1650,1775,-0.0330133319153565,0.0440277244494798,-0.263789272393247
15.544,1650,1775,-0.0330133319153565,0.0440277244494798,-0.263789272393247
15.561,1650,1775,-0.0372181153070675,0.064145531720093,-0.28596545642724
15.578,1650,1775,-0.040100900957516,0.0779382341533594,-0.30116937519293
15.595,1650,1775,-0.0401350282242508,0.0793613824377031,-0.31726925212254
15.612,1650,1775,-0.0405273935796272,0.0846896198982061,-0.331091317679818
15.629,1650,1775,-0.040757944131443,0.0864180394407574,-0.331150028503322
15.646,1650,1775,-0.040757944131443,0.0864180394407574,-0.331150028503322
15.663,1650,1775,-0.041983135437996,0.0904182255919721,-0.315232899139619
15.68,1650,1775,-0.0431426523424077,0.0975928905171157,-0.318092123939899
15.697,1650,1775,-0.0431676698557451,0.0986540207128597,-0.331666150213846
15.714,1650,1775,-0.0433440491874838,0.0999595276493439,-0.331743403662603
15.731,1650,1775,-0.0447348225737231,0.10724379386962,-0.334040739253643
15.748,1650,1775,-0.0457011879567161,0.114523618103539,-0.353491522654417
15.765,1650,1775,-0.0457338104294291,0.115827026533007,-0.367839268897799
15.782,1650,1775,-0.0459272537090126,0.11766773920818,-0.367916183867288
15.799,1650,1775,-0.0465734595220003,0.122375470058668,-0.368791654608838
15.816,1650,1775,-0.0471514996336284,0.125184763047181,-0.371349119388062
15.833,1650,1775,-0.0472659082140807,0.125689014537343,-0.37196612292227
15.85,1650,1775,-0.0472659082140807,0.125689014537343,-0.37196612292227
15.867,1650,1775,-0.0472659082140807,0.125689014537343,-0.37196612292227
15.884,1650,1775,-0.0472659082140807,0.125689014537343,-0.37196612292227
15.901,1650,1775,-0.0472659082140807,0.125689014537343,-0.37196612292227
15.918,1650,1775,-0.0472659082140807,0.125689014537343,-0.37196612292227
15.935,1650,1775,-0.0473028940179487,0.126915994702379,-0.368444246394866
15.952,1650,1775,-0.0473398798218168,0.128142974867414,-0.364922369867464
15.969,1650,1775,-0.0477449422245396,0.129882813057251,-0.365507112517423
15.986,1650,1775,-0.0501269485172577,0.142545214895974,-0.378425066185729
16.003,1650,1775,-0.0497644429370387,0.14653681748538,-0.396955393165178
16.02,1650,1775,-0.0515160294017036,0.156692957438235,-0.373697852987752
16.037,1650,1775,-0.0515464765391791,0.156902982521077,-0.376361436196171
16.054,1650,1775,-0.052479272193248,0.164000103719322,-0.412557490203112
16.071,1650,1775,-0.0560066285288614,0.194298401238918,-0.442639615893216
16.088,1650,1775,-0.0560305716825406,0.194420644632673,-0.439758286864222
16.105,1650,1775,-0.0566643421369135,0.197656413844858,-0.408372817328269
16.122,1650,1775,-0.0574973733439834,0.201909557130369,-0.41601095652469
16.139,1650,1775,-0.0574726419166821,0.20207040726359,-0.418045333893086
16.156,1650,1775,-0.0573683554034473,0.207407694703089,-0.444725991623881
16.173,1650,1775,-0.0592716847115016,0.218386924945069,-0.448284199661554
16.19,1650,1775,-0.0592923496822716,0.218533201359832,-0.448297145924126
16.207,1650,1775,-0.0598117219529533,0.22220956337981,-0.448622524065895
16.224,1650,1775,-0.0598135827687114,0.222283026901893,-0.44878505710277
16.241,1650,1775,-0.0599490514219862,0.226345804286608,-0.453321481744901
16.258,1650,1775,-0.0605944782695822,0.233660539893942,-0.449300673390237
16.275,1650,1775,-0.0605944782695822,0.233660539893942,-0.449300673390237
16.292,1650,1775,-0.0611772501115526,0.238776997576198,-0.454045550798765
16.309,1650,1775,-0.0611772501115526,0.238776997576198,-0.454045550798765
16.326,1650,1775,-0.0621417068270613,0.24264931703253,-0.4543880869367
16.343,1650,1775,-0.062145349022571,0.242756474773465,-0.454390251777573
16.36,1650,1775,-0.0625501930619183,0.255437089316507,-0.455074672933455
16.377,1650,1775,-0.061746358246352,0.256671929008192,-0.486120970266843
16.394,1650,1775,-0.061746358246352,0.256671929008192,-0.486120970266843
16.411,1650,1775,-0.0619503673555006,0.263089040064422,-0.486480230856775
16.428,1650,1775,-0.0619503673555006,0.263089040064422,-0.486480230856775
16.445,1650,1775,-0.0628698627475041,0.265683508568848,-0.460545094041138
16.462,1650,1775,-0.0628781350243872,0.265706849807988,-0.460311767550754
16.479,1650,1775,-0.0629844571935073,0.269037074673487,-0.485864828258059
16.496,1650,1775,-0.0631613003718281,0.274576870061074,-0.487195090572521
16.513,1650,1775,-0.0631659291768334,0.274721877489598,-0.487200281442574
16.53,1650,1775,-0.0630750164835297,0.283219367367655,-0.491636018664996
16.547,1650,1775,-0.0644373490960864,0.31527513564251,-0.528725503767043
16.564,1650,1775,-0.064491698001345,0.316281451643893,-0.530035410435136
16.581,1650,1775,-0.064491698001345,0.316281451643893,-0.530035410435136
16.598,1650,1775,-0.0646849088627468,0.322342342264792,-0.525675275771424
16.615,1650,1775,-0.0647003657316589,0.322827213514464,-0.525326464998327
16.632,1650,1775,-0.0647003657316589,0.322827213514464,-0.525326464998327
16.649,1650,1775,-0.0651324899264348,0.336386998291039,-0.530740891171599
16.666,1650,1775,-0.06520285713259,0.338595076853471,-0.531622577611175
16.683,1650,1775,-0.06520285713259,0.338595076853471,-0.531622577611175
16.7,1650,1775,-0.0649787757925437,0.343109895673223,-0.536477369507964
16.717,1650,1775,-0.0649422863340936,0.343845089838427,-0.537267924969499
16.734,1650,1775,-0.0649422863340936,0.343845089838427,-0.537267924969499
16.751,1650,1775,-0.0647985247830121,0.35025846465168,-0.533357101372634
16.768,1650,1775,-0.0647651059947218,0.351749316784938,-0.53244799191436
16.785,1650,1775,-0.0647651059947218,0.351749316784938,-0.53244799191436
16.802,1650,1775,-0.0648239378467206,0.364327975060144,-0.537535093592165
16.819,1650,1775,-0.0648394477871266,0.367644107964486,-0.53887621479066
16.836,1650,1775,-0.0642950904496066,0.37056550041146,-0.560977614815469
16.853,1650,1775,-0.0641045653814745,0.371587987767902,-0.568713104824155
16.87,1650,1775,-0.0645322107806338,0.375413617073564,-0.56899873689804
16.887,1650,1775,-0.0647033176887044,0.376944304889224,-0.569113022287535
16.904,1650,1775,-0.0647033176887044,0.376944304889224,-0.569113022287535
16.921,1650,1775,-0.0644947611791915,0.377527671392944,-0.553129426000452
16.938,1650,1775,-0.0641309820656079,0.380046266051978,-0.562560189171117
16.955,1650,1775,-0.0638853731354736,0.387193430700727,-0.572312126414441
16.972,1650,1775,-0.0638292890519456,0.390240940727268,-0.569981467245151
16.989,1650,1775,-0.0637311505381158,0.394607383928422,-0.576520747902886
17.006,1650,1775,-0.063648909508943,0.398266505802939,-0.582000728700987
17.023,1650,1775,-0.063648909508943,0.398266505802939,-0.582000728700987
17.04,1650,1775,-0.0634883233025129,0.399493164937012,-0.579408456086808
17.057,1650,1775,-0.0633002356279984,0.400929897699301,-0.576372239349719
17.074,1650,1775,-0.0625946952129793,0.410143800081152,-0.580406067695268
17.091,1650,1775,-0.0608313466970927,0.433171993427274,-0.590487765462042
17.108,1650,1775,-0.0606380134405695,0.433807854673223,-0.598094703120479
17.125,1650,1775,-0.06013750671228,0.439423766960655,-0.616387039239764
17.142,1650,1775,-0.0601969988475996,0.446328516062809,-0.607590997991892
17.159,1650,1775,-0.0594146693772974,0.449378468795806,-0.629689509486212
17.176,1650,1775,-0.059233172832343,0.452128549392553,-0.633437060163312
17.193,1650,1775,-0.059233172832343,0.452128549392553,-0.633437060163312
17.21,1650,1775,-0.0590843858812387,0.453268217747217,-0.633508481601405
17.227,1650,1775,-0.0581706869445888,0.460266907861246,-0.633947079822252
17.244,1650,1775,-0.0581360296602095,0.460532361668988,-0.633085474192647
17.261,1650,1775,-0.0577173152321475,0.463739427610866,-0.628727502133328
17.278,1650,1775,-0.0574607643840719,0.465704387337709,-0.634457892314521
17.295,1650,1775,-0.0574607643840719,0.465704387337709,-0.634457892314521
17.312,1650,1775,-0.0574457505483834,0.466074013163188,-0.634479064760037
17.329,1650,1775,-0.0568809417641916,0.473468982115085,-0.63741313513385
17.346,1650,1775,-0.0541694829702402,0.48752466334125,-0.664403174845137
17.363,1650,1775,-0.0541694829702402,0.48752466334125,-0.664403174845137
17.38,1650,1775,-0.0541420556114293,0.487734568800665,-0.664668481516048
17.397,1650,1775,-0.0534527243859975,0.493010118246065,-0.671336428431196
17.414,1650,1775,-0.0534487450094518,0.493023683554088,-0.671056070223298
17.431,1650,1775,-0.0530537309784718,0.494370248007633,-0.643226226892404
17.448,1650,1775,-0.0530537309784718,0.494370248007633,-0.643226226892404
17.465,1650,1775,-0.0530498572973301,0.494390625046844,-0.643511891242775
17.482,1650,1775,-0.0522137428888875,0.498946653927468,-0.671814171315014
17.499,1650,1775,-0.0500528885250602,0.51223432036999,-0.666426138296811
17.516,1650,1775,-0.0500528885250602,0.51223432036999,-0.666426138296811
17.533,1650,1775,-0.0501715583945042,0.516418750965847,-0.673372213160732
17.55,1650,1775,-0.0484870140696989,0.519108705035256,-0.700782617378545
17.567,1650,1775,-0.0463448784902041,0.537166783975044,-0.715803956480819
17.584,1650,1775,-0.0463448784902041,0.537166783975044,-0.715803956480819
17.601,1650,1775,-0.0463448784902041,0.537166783975044,-0.715803956480819
17.618,1650,1775,-0.0455458195008492,0.539898825167731,-0.688998409620889
17.635,1650,1775,-0.0455377697700765,0.539926347786654,-0.688728370189118
17.652,1650,1775,-0.0442080452052196,0.552145752082463,-0.695938314998401
17.669,1650,1775,-0.0424279766994145,0.555212844415134,-0.717300083658598
17.686,1650,1775,-0.0424160957275732,0.555225412148999,-0.717470839512172
17.703,1650,1775,-0.0424160957275732,0.555225412148999,-0.717470839512172
17.72,1650,1775,-0.0429306204967105,0.557873510666888,-0.697364091697881
17.737,1650,1775,-0.0422200039050656,0.562068819652387,-0.724629008862484
17.754,1650,1775,-0.0409153963099003,0.565011847285076,-0.697981836650788
17.771,1650,1775,-0.0409059834426944,0.565028498995082,-0.697710605130474
17.788,1650,1775,-0.0381299382391725,0.57252209285357,-0.725052208701103
17.805,1650,1775,-0.0389825509457822,0.577585370299762,-0.699856851430453
17.822,1650,1775,-0.0390208698017585,0.577681160264214,-0.698811084626608
17.839,1650,1775,-0.037095291926147,0.581358177858371,-0.723870540280973
17.856,1650,1775,-0.0361060782007496,0.584555273124551,-0.74108724694838
17.873,1650,1775,-0.0360892034804876,0.584621583800679,-0.741414983210495
17.89,1650,1775,-0.0349191824190945,0.58674921132535,-0.728313321989469
17.907,1650,1775,-0.0349593967199889,0.591958988913267,-0.740770313195579
17.924,1650,1775,-0.0325818280477538,0.599895530601211,-0.728977300718762
17.941,1650,1775,-0.0324745403003157,0.60011305591946,-0.72839334364419
17.958,1650,1775,-0.031349360652333,0.603968384559086,-0.742602974961213
17.975,1650,1775,-0.0309240026284934,0.605443405436314,-0.743240958408101
17.992,1650,1775,-0.0292707925264626,0.609656203074746,-0.74376495599778
18.009,1650,1775,-0.029148406592991,0.609950711968206,-0.743812032090021
18.026,1650,1775,-0.0288025178273683,0.612566137441741,-0.737252096097771
18.043,1650,1775,-0.0287714430824533,0.612801108008906,-0.736662749585603
18.06,1650,1775,-0.0287714430824533,0.612801108008906,-0.736662749585603
18.077,1650,1775,-0.0240951227028815,0.633140281879913,-0.750748668801497
18.094,1650,1775,-0.0198284812964463,0.647086997715825,-0.760216628472033
18.111,1650,1775,-0.017260824588858,0.652410767047726,-0.787214939369546
18.128,1650,1775,-0.0171537682706218,0.652601543396176,-0.789093615727054
18.145,1650,1775,-0.0162035550756539,0.654462375543372,-0.767855398025041
18.162,1650,1775,-0.0155155144333818,0.658002647437571,-0.785501171922339
18.179,1650,1775,-0.0154820074706508,0.658328014846888,-0.789683173172857
18.196,1650,1775,-0.0154820074706508,0.658328014846888,-0.789683173172857
18.213,1650,1775,-0.0150678356466272,0.660689986026145,-0.770982895744726
18.23,1650,1775,-0.0133918604093955,0.667157276070142,-0.769411748725122
18.247,1650,1775,-0.0130003750221008,0.668400960125909,-0.771776860804114
18.264,1650,1775,-0.0113584332950635,0.672139305863712,-0.798981398521695
18.281,1650,1775,-0.00902231330214457,0.678808144184982,-0.793372663650784
18.298,1650,1775,-0.00873359254749673,0.679866781944317,-0.780787518517379
18.315,1650,1775,-0.00746879219183128,0.682359892394262,-0.805924179729086
18.332,1650,1775,-0.00656408793742624,0.684143199633752,-0.8239042856311
18.349,1650,1775,-0.00685986220020267,0.686561425630273,-0.82896674955999
18.366,1650,1775,-0.00710772390937553,0.688587922537197,-0.833209143574472
18.383,1650,1775,-0.00549666066460713,0.689137577656747,-0.832940258581443
18.4,1650,1775,-0.00414763093540212,0.692529010252701,-0.837648498870074
18.417,1650,1775,-0.00405790713250243,0.694297495922132,-0.841802579294653
18.434,1650,1775,-0.00405790713250243,0.694297495922132,-0.841802579294653
18.451,1650,1775,-0.00268748620084583,0.699206786154861,-0.84559586983935
18.468,1650,1775,0.00051320021790202,0.709091525149042,-0.851426658085015
18.485,1650,1775,0.0010646669317329,0.710248954932172,-0.851590996108064
18.502,1650,1775,0.00154657802184208,0.711314096144847,-0.854695251404992
18.519,1650,1775,0.0023705848499378,0.713135352493049,-0.860003134152079
18.536,1650,1775,0.00268518414613539,0.714211533163561,-0.857123321956415
18.553,1650,1775,0.0032231090320769,0.71605166558418,-0.852199208439288
18.57,1650,1775,0.0036010704375293,0.71662395548859,-0.858401510197968
18.587,1650,1775,0.00761796128089433,0.72551945239048,-0.863590550647099
18.604,1650,1775,0.0110631352238073,0.734934454134816,-0.854329691824098
18.621,1650,1775,0.0117753149721114,0.737952506398979,-0.859607190747822
18.638,1650,1775,0.0148199332551027,0.744588783260395,-0.876631566138213
18.655,1650,1775,0.0159010303093057,0.745111709386773,-0.880466178971996
18.672,1650,1775,0.0159010303093057,0.745111709386773,-0.880466178971996
18.689,1650,1775,0.0158852260017439,0.745927084399129,-0.88053857449845
18.706,1650,1775,0.0164873831909872,0.750183522452621,-0.881043992953453
18.723,1650,1775,0.0189988628732869,0.750921869923784,-0.881240421660347
18.74,1650,1775,0.0192328206180377,0.751067632848492,-0.882408033027764
18.757,1650,1775,0.021823496810549,0.754338500767857,-0.894783050705843
18.774,1650,1775,0.0243191818265021,0.761121570706052,-0.905962417611311
18.791,1650,1775,0.0246973538073192,0.761520497175683,-0.903934697044172
18.808,1650,1775,0.0270197035441666,0.763970299987001,-0.891482488619525
18.825,1650,1775,0.0270717861611402,0.764347644714273,-0.89340895716748
18.842,1650,1775,0.0274324016721419,0.766960346793316,-0.906747657874506
18.859,1650,1775,0.0276488104466581,0.767248060507363,-0.906013772632609
18.876,1650,1775,0.0299873576095994,0.770183172802711,-0.901685904871518
18.893,1650,1775,0.0310314757067078,0.77126982349119,-0.910072897929082
18.91,1650,1775,0.0310314757067078,0.77126982349119,-0.910072897929082
18.927,1650,1775,0.031510866216342,0.77211358931837,-0.911375343640612
18.944,1650,1775,0.0368468968766642,0.781505432155232,-0.925872689980304
18.961,1650,1775,0.0368906233933954,0.781820282644833,-0.925903430831828
18.978,1650,1775,0.0379421699865297,0.786380335746292,-0.926366928229632
18.995,1650,1775,0.039062537296644,0.787436592721572,-0.926494828894064
19.012,1650,1775,0.039062537296644,0.787436592721572,-0.926494828894064
19.029,1650,1775,0.0392139354264215,0.787867586689764,-0.926522865075395
19.046,1650,1775,0.0422923258658725,0.793725868059572,-0.92821203866456
19.063,1650,1775,0.0444825062158833,0.79470461777938,-0.936357595577636
19.08,1650,1775,0.0444829712648743,0.794704581748563,-0.936358346914973
19.097,1650,1775,0.0445031484641261,0.794703018503079,-0.936390938250818
19.114,1650,1775,0.0445530632863649,0.794699151420637,-0.936471539418498
19.131,1650,1775,0.0446326004387926,0.794692989575794,-0.936599933246097
19.148,1650,1775,0.0447416446286113,0.794684542043106,-0.9367759025617
19.165,1650,1775,0.0448800805630231,0.794673817897128,-0.936999230193391
19.182,1650,1775,0.0450477929492299,0.794660826212416,-0.937269698969255
19.199,1650,1775,0.0452446664944339,0.794645576063526,-0.937587091717377
19.216,1650,1775,0.045470585905837,0.794628076525013,-0.937951191265842
19.233,1650,1775,0.0457254358906413,0.794608336671434,-0.938361780442734
19.25,1650,1775,0.0460091011560487,0.794586365577343,-0.938818642076138
19.267,1650,1775,0.0463214664092616,0.794562172317297,-0.939321558994139
19.284,1650,1775,0.0466624163574815,0.794535765965852,-0.939870314024822
19.301,1650,1775,0.0470318357079109,0.794507155597562,-0.940464689996271
19.318,1650,1775,0.0474296091677516,0.794476350286984,-0.941104469736571
19.335,1650,1775,0.0478556214442057,0.794443359108674,-0.941789436073807
19.352,1650,1775,0.0483097572444752,0.794408191137187,-0.942519371836063
19.369,1650,1775,0.0487919012757622,0.794370855447079,-0.943294059851425
19.386,1650,1775,0.0493019382452688,0.794331361112905,-0.944113282947976
19.403,1650,1775,0.0498397528601966,0.794289717209222,-0.944976823953802
19.42,1650,1775,0.0504052298277483,0.794245932810585,-0.945884465696988
19.437,1650,1775,0.0509982538551254,0.79420001699155,-0.946835991005618
19.454,1650,1775,0.0516187096495302,0.794151978826672,-0.947831182707776
19.471,1650,1775,0.0522664819181647,0.794101827390507,-0.948869823631549
19.488,1650,1775,0.0529414553682308,0.794049571757612,-0.949951696605019
19.505,1650,1775,0.0536435147069308,0.793995221002541,-0.951076584456273
19.522,1650,1775,0.0543725446414663,0.793938784199851,-0.952244270013395
19.539,1650,1775,0.0551284298790399,0.793880270424096,-0.953454536104469
19.556,1650,1775,0.0559110551268532,0.793819688749834,-0.95470716555758
19.573,1650,1775,0.0567203050921084,0.793757048251619,-0.956001941200814
19.59,1650,1775,0.0575560644820076,0.793692358004007,-0.957338645862254
19.607,1650,1775,0.0584182180037524,0.793625627081554,-0.958717062369986
19.624,1650,1775,0.0593066503645456,0.793556864558816,-0.960136973552094
19.641,1650,1775,0.0602212462715884,0.793486079510349,-0.961598162236663
19.658,1650,1775,0.0611618904320836,0.793413281010707,-0.963100411251778
19.675,1650,1775,0.0621284675532328,0.793338478134448,-0.964643503425522
19.692,1650,1775,0.063120862342238,0.793261679956126,-0.966227221585983
19.709,1650,1775,0.0641389595063016,0.793182895550297,-0.967851348561243
19.726,1650,1775,0.065182643752625,0.793102133991518,-0.969515667179387
19.743,1650,1775,0.066251799788411,0.793019404354343,-0.971219960268502
19.76,1650,1775,0.067346312320861,0.792934715713328,-0.97296401065667
19.777,1650,1775,0.0684660660571774,0.79284807714303,-0.974747601171977
19.794,1650,1775,0.069610945704562,0.792759497718004,-0.976570514642507
19.811,1650,1775,0.070780835970217,0.792668986512805,-0.978432533896346
19.828,1650,1775,0.0719756215613447,0.792576552601989,-0.980333441761578
19.845,1650,1775,0.0731951871851463,0.792482205060113,-0.982273021066287
19.862,1650,1775,0.0744394175488248,0.792385952961732,-0.98425105463856
19.879,1650,1775,0.0757081973595816,0.7922878053814,-0.986267325306479
19.896,1650,1775,0.0770014113246189,0.792187771393676,-0.98832161589813
19.913,1650,1775,0.0783189441511388,0.792085860073113,-0.990413709241598
19.93,1650,1775,0.0796606805463433,0.791982080494267,-0.992543388164967
19.947,1650,1775,0.0810265052174347,0.791876441731695,-0.994710435496323
19.964,1650,1775,0.0824163028716142,0.791768952859953,-0.996914634063748
19.981,1650,1775,0.083829958216085,0.791659622953594,-0.999155766695331
19.998,1650,1775,0.0852673559580482,0.791548461087177,-1.00143361621915
20.015,1650,1775,0.0867283808047062,0.791435476335256,-1.0037479654633
20.032,1650,1775,0.0882129174632611,0.791320677772386,-1.00609859725586
20.049,1650,1775,0.0897208506409147,0.791204074473125,-1.00848529442491
20.066,1650,1775,0.0912520650448696,0.791085675512026,-1.01090783979854
20.083,1650,1775,0.0928064453823267,0.790965489963647,-1.01336601620483
20.1,1650,1775,0.0943838763604894,0.790843526902543,-1.01585960647188
20.117,1650,1775,0.0959842426865591,0.790719795403269,-1.01838839342776
20.134,1650,1775,0.0976074290677372,0.790594304540382,-1.02095215990055
20.151,1650,1775,0.099253320211227,0.790467063388436,-1.02355068871835
20.168,1650,1775,0.100921800824229,0.790338081021989,-1.02618376270924
20.185,1650,1775,0.102612755613947,0.790207366515594,-1.02885116470129
20.202,1650,1775,0.104326069287582,0.790074928943809,-1.03155267752261
20.219,1650,1775,0.106061626552336,0.789940777381189,-1.03428808400127
20.236,1650,1775,0.107819312115411,0.789804920902289,-1.03705716696535
20.253,1650,1775,0.10959901068401,0.789667368581665,-1.03985970924295
20.27,1650,1775,0.111400606965334,0.789528129493874,-1.04269549366214
20.287,1650,1775,0.113223985666584,0.78938721271347,-1.04556430305101
20.304,1650,1775,0.115069031494965,0.78924462731501,-1.04846592023765
20.321,1650,1775,0.116935629157677,0.789100382373049,-1.05140012805014
20.338,1650,1775,0.118823663361922,0.788954486962143,-1.05436670931656
20.355,1650,1775,0.120733018814903,0.788806950156847,-1.057365446865
20.372,1650,1775,0.122663580223822,0.788657781031718,-1.06039612352355
20.389,1650,1775,0.12461523229588,0.788506988661311,-1.06345852212029
20.406,1650,1775,0.126587859738279,0.788354582120182,-1.0665524254833
20.423,1650,1775,0.128581347258222,0.788200570482886,-1.06967761644066
20.44,1650,1775,0.13059557956291,0.788044962823979,-1.07283387782048
20.457,1650,1775,0.132630441359547,0.787887768218017,-1.07602099245082
20.474,1650,1775,0.134685817355333,0.787728995739556,-1.07923874315977
20.491,1650,1775,0.136761592257471,0.787568654463151,-1.08248691277542
20.508,1650,1775,0.138857650773162,0.787406753463359,-1.08576528412585
20.525,1650,1775,0.14097387760961,0.787243301814734,-1.08907364003916
20.542,1650,1775,0.143110157474015,0.787078308591833,-1.09241176334341
20.559,1650,1775,0.14526637507358,0.78691178286921,-1.0957794368667
20.576,1650,1775,0.147442415115507,0.786743733721423,-1.09917644343711
20.593,1650,1775,0.149638162306998,0.786574170223027,-1.10260256588272
20.61,1650,1775,0.151853501355255,0.786403101448577,-1.10605758703163
20.627,1650,1775,0.15408831696748,0.786230536472629,-1.10954128971191
20.644,1650,1775,0.156342493850875,0.786056484369739,-1.11305345675165
20.661,1650,1775,0.158615916712642,0.785880954214462,-1.11659387097894
20.678,1650,1775,0.160908470259983,0.785703955081355,-1.12016231522186
20.695,1650,1775,0.1632200392001,0.785525496044973,-1.12375857230849
20.712,1650,1775,0.165550508240196,0.785345586179871,-1.12738242506692
20.729,1650,1775,0.167899762087472,0.785164234560606,-1.13103365632523
20.746,1650,1775,0.17026768544913,0.784981450261733,-1.13471204891151
20.763,1650,1775,0.172654163032372,0.784797242357808,-1.13841738565385
20.78,1650,1775,0.175059079544401,0.784611619923386,-1.14214944938032
20.797,1650,1775,0.177482319692418,0.784424592033024,-1.14590802291902
20.814,1650,1775,0.179923768183625,0.784236167761277,-1.14969288909802
20.831,1650,1775,0.182383309725226,0.7840463561827,-1.15350383074542
20.848,1650,1775,0.18486082902442,0.78385516637185,-1.1573406306893
20.865,1650,1775,0.187356210788411,0.783662607403282,-1.16120307175773
20.882,1650,1775,0.189869339724401,0.783468688351552,-1.16509093677881
20.899,1650,1775,0.19240010053959,0.783273418291216,-1.16900400858062
20.916,1650,1775,0.194948377941183,0.783076806296829,-1.17294206999125
20.933,1650,1775,0.19751405663638,0.782878861442947,-1.17690490383878
20.95,1650,1775,0.200097021332384,0.782679592804125,-1.1808922929513
20.967,1650,1775,0.202697156736397,0.782479009454921,-1.18490402015688
20.984,1650,1775,0.20531434755562,0.782277120469888,-1.18893986828362
21.001,1650,1775,0.207948478497256,0.782073934923584,-1.1929996201596
21.018,1650,1775,0.210599434268507,0.781869461890563,-1.1970830586129
21.035,1650,1775,0.213267099576575,0.781663710445381,-1.20118996647162
21.052,1650,1775,0.215951359128662,0.781456689662595,-1.20532012656382
21.069,1650,1775,0.218652097631969,0.781248408616759,-1.20947332171761
21.086,1650,1775,0.2213691997937,0.78103887638243,-1.21364933476106
21.103,1650,1775,0.224102550321055,0.780828102034163,-1.21784794852225
21.12,1650,1775,0.226852033921238,0.780616094646514,-1.22206894582928
21.137,1650,1775,0.229617535301449,0.780402863294039,-1.22631210951023
21.154,1650,1775,0.232398939168893,0.780188417051293,-1.23057722239318
21.171,1650,1775,0.235196130230768,0.779972764992832,-1.23486406730621
21.188,1650,1775,0.238008993194279,0.779755916193212,-1.23917242707742
21.205,1650,1775,0.240837412766627,0.779537879726989,-1.24350208453488
21.222,1650,1775,0.243681273655015,0.779318664668717,-1.24785282250669
21.239,1650,1775,0.246540460566644,0.779098280092954,-1.25222442382092
21.256,1650,1775,0.249414858208715,0.778876735074255,-1.25661667130566
21.273,1650,1775,0.252304351288433,0.778654038687175,-1.26102934778899
21.29,1650,1775,0.255208824512998,0.77843020000627,-1.26546223609901
21.307,1650,1775,0.258128162589612,0.778205228106096,-1.26991511906379
21.324,1650,1775,0.261062250225478,0.777979132061208,-1.27438777951142
21.341,1650,1775,0.264010972127797,0.777751920946163,-1.27888000026998
21.358,1650,1775,0.266974213003772,0.777523603835516,-1.28339156416757
21.375,1650,1775,0.269951857560603,0.777294189803823,-1.28792225403225
21.392,1650,1775,0.272943790505495,0.777063687925639,-1.29247185269213
21.409,1650,1775,0.275949896545648,0.77683210727552,-1.29704014297528
21.426,1650,1775,0.278970060388265,0.776599456928022,-1.30162690770978
21.443,1650,1775,0.282004166740548,0.776365745957701,-1.30623192972373
21.46,1650,1775,0.285052100309698,0.776130983439112,-1.31085499184521
21.477,1650,1775,0.288113745802919,0.775895178446811,-1.3154958769023
21.494,1650,1775,0.29118898792741,0.775658340055354,-1.32015436772308
21.511,1650,1775,0.294277711390376,0.775420477339297,-1.32483024713565
21.528,1650,1775,0.297379800899017,0.775181599373194,-1.32952329796808
21.545,1650,1775,0.300495141160537,0.774941715231603,-1.33423330304847
21.562,1650,1775,0.303623616882137,0.774700833989078,-1.33896004520489
21.579,1650,1775,0.306765112771017,0.774458964720176,-1.34370330726543
21.596,1650,1775,0.309919513534383,0.774216116499451,-1.34846287205818
21.613,1650,1775,0.313086703879434,0.773972298401461,-1.35323852241121
21.63,1650,1775,0.316266568513374,0.77372751950076,-1.35803004115262
21.647,1650,1775,0.319458992143403,0.773481788871904,-1.36283721111049
21.664,1650,1775,0.322663859476725,0.773235115589449,-1.3676598151129
21.681,1650,1775,0.325881055220541,0.772987508727951,-1.37249763598795
21.698,1650,1775,0.329110464082052,0.772738977361965,-1.3773504565637
21.715,1650,1775,0.332351970768463,0.772489530566047,-1.38221805966826
21.732,1650,1775,0.335605459986973,0.772239177414753,-1.3871002281297
21.749,1650,1775,0.338870816444786,0.771987926982639,-1.3919967447761
21.766,1650,1775,0.342147924849103,0.77173578834426,-1.39690739243556
21.783,1650,1775,0.345436669907127,0.771482770574172,-1.40183195393615
21.8,1650,1775,0.348736936326059,0.771228882746931,-1.40677021210597
21.817,1650,1775,0.352048608813101,0.770974133937092,-1.4117219497731
21.834,1650,1775,0.355371572075456,0.770718533219211,-1.41668694976561
21.851,1650,1775,0.358705710820325,0.770462089667844,-1.4216649949116
21.868,1650,1775,0.362050909754911,0.770204812357547,-1.42665586803916
21.885,1650,1775,0.365407053586416,0.769946710362875,-1.43165935197635
21.902,1650,1775,0.368774027022041,0.769687792758384,-1.43667522955128
21.919,1650,1775,0.372151714768989,0.76942806861863,-1.44170328359203
21.936,1650,1775,0.375540001534461,0.769167547018168,-1.44674329692667
21.953,1650,1775,0.37893877202566,0.768906237031554,-1.4517950523833
21.97,1650,1775,0.382347910949788,0.768644147733344,-1.45685833279
21.987,1650,1775,0.385767303014047,0.768381288198094,-1.46193292097485
22.004,1650,1775,0.389196832925639,0.768117667500359,-1.46701859976594
22.021,1650,1775,0.392636385391765,0.767853294714696,-1.47211515199135
22.038,1650,1775,0.396085845119629,0.767588178915659,-1.47722236047918
22.055,1650,1775,0.399545096816431,0.767322329177804,-1.48234000805749
22.072,1650,1775,0.403014025189374,0.767055754575688,-1.48746787755438
22.089,1650,1775,0.40649251494566,0.766788464183866,-1.49260575179794
22.106,1650,1775,0.409980450792491,0.766520467076893,-1.49775341361624
22.123,1650,1775,0.41347771743707,0.766251772329326,-1.50291064583738
22.14,1650,1775,0.416984199586596,0.765982389015719,-1.50807723128943
22.157,1650,1775,0.420499781948275,0.76571232621063,-1.51325295280048
22.174,1650,1775,0.424024349229307,0.765441592988613,-1.51843759319862
22.191,1650,1775,0.427557786136894,0.765170198424224,-1.52363093531193
22.208,1650,1775,0.431099977378238,0.764898151592019,-1.52883276196849
22.225,1650,1775,0.434650807660541,0.764625461566554,-1.5340428559964
22.242,1650,1775,0.438210161691006,0.764352137422385,-1.53926100022373
22.259,1650,1775,0.441777924176833,0.764078188234066,-1.54448697747857
22.276,1650,1775,0.445353979825228,0.763803623076154,-1.549720570589
22.293,1650,1775,0.448938213343388,0.763528451023205,-1.55496156238312
22.31,1650,1775,0.452530509438518,0.763252681149774,-1.560209735689
22.327,1650,1775,0.45613075281782,0.762976322530417,-1.56546487333472
22.344,1650,1775,0.459738828188495,0.76269938423969,-1.57072675814838
22.361,1650,1775,0.463354620257747,0.762421875352148,-1.57599517295806
22.378,1650,1775,0.466978013732774,0.762143804942348,-1.58126990059184
22.395,1650,1775,0.470608893320783,0.761865182084844,-1.58655072387781
22.412,1650,1775,0.474247143728972,0.761586015854192,-1.59183742564405
22.429,1650,1775,0.477892649664546,0.76130631532495,-1.59712978871865
22.446,1650,1775,0.481545295834706,0.761026089571671,-1.60242759592969
22.463,1650,1775,0.485204966946651,0.760745347668911,-1.60773063010526
22.48,1650,1775,0.488871547707589,0.760464098691228,-1.61303867407344
22.497,1650,1775,0.492544922824717,0.760182351713175,-1.61835151066231
22.514,1650,1775,0.496224977005239,0.759900115809309,-1.62366892269996
22.531,1650,1775,0.499911594956358,0.759617400054186,-1.62899069301448
22.548,1650,1775,0.503604661385273,0.759334213522362,-1.63431660443396
22.565,1650,1775,0.50730406099919,0.759050565288391,-1.63964643978646
22.582,1650,1775,0.511009678505308,0.75876646442683,-1.64497998190009
22.599,1650,1775,0.51472139861083,0.758481920012235,-1.65031701360292
22.616,1650,1775,0.518439106022959,0.758196941119161,-1.65565731772304
22.633,1650,1775,0.522162685448895,0.757911536822163,-1.66100067708853
22.65,1650,1775,0.525892021595841,0.757625716195799,-1.66634687452748
22.667,1650,1775,0.529626999171,0.757339488314622,-1.67169569286797
22.684,1650,1775,0.533367502881573,0.75705286225319,-1.6770469149381
22.701,1650,1775,0.537113417434761,0.756765847086058,-1.68240032356593
22.718,1650,1775,0.54086462753777,0.756478451887781,-1.68775570157957
22.735,1650,1775,0.544621017897797,0.756190685732915,-1.69311283180708
22.752,1650,1775,0.548382473222047,0.755902557696017,-1.69847149707656
22.769,1650,1775,0.552148878217721,0.755614076851641,-1.7038314802161
22.786,1650,1775,0.555920117592022,0.755325252274343,-1.70919256405377
22.803,1650,1775,0.559696076052152,0.755036093038679,-1.71455453141766
22.82,1650,1775,0.563476638305311,0.754746608219206,-1.71991716513586
22.837,1650,1775,0.567261689058704,0.754456806890477,-1.72528024803645
22.854,1650,1775,0.571051113019531,0.754166698127051,-1.73064356294751
22.871,1650,1775,0.574844794894994,0.753876291003481,-1.73600689269714
22.888,1650,1775,0.578642619392296,0.753585594594324,-1.74137002011341
22.905,1650,1775,0.582444471218638,0.753294617974135,-1.7467327280244
22.922,1650,1775,0.586250235081225,0.75300337021747,-1.75209479925822
22.939,1650,1775,0.590059795687254,0.752711860398885,-1.75745601664293
22.956,1650,1775,0.593873037743931,0.752420097592936,-1.76281616300663
22.973,1650,1775,0.597689845958457,0.752128090874178,-1.76817502117739
22.99,1650,1775,0.601510105038033,0.751835849317168,-1.77353237398331
23.007,1650,1775,0.605333699689863,0.751543381996459,-1.77888800425247
23.024,1650,1775,0.609160514621147,0.75125069798661,-1.78424169481294
23.041,1650,1775,0.612990434539089,0.750957806362174,-1.78959322849283
23.058,1650,1775,0.616823344150889,0.750664716197709,-1.79494238812021
23.075,1650,1775,0.62065912816375,0.750371436567769,-1.80028895652316
23.092,1650,1775,0.624497671284874,0.75007797654691,-1.80563271652978
23.109,1650,1775,0.628338858221463,0.749784345209688,-1.81097345096814
23.126,1650,1775,0.63218257368072,0.749490551630659,-1.81631094266634
23.143,1650,1775,0.636028702369845,0.749196604884379,-1.82164497445245
23.16,1650,1775,0.639877128996042,0.748902514045403,-1.82697532915456
23.177,1650,1775,0.643727738266512,0.748608288188287,-1.83230178960076
23.194,1650,1775,0.647580414888457,0.748313936387586,-1.83762413861912
23.211,1650,1775,0.65143504356908,0.748019467717857,-1.84294215903774
23.228,1650,1775,0.655291509015581,0.747724891253655,-1.8482556336847
23.245,1650,1775,0.659149695935165,0.747430216069535,-1.85356434538809
23.262,1650,1775,0.663009489035031,0.747135451240054,-1.85886807697598
23.279,1650,1775,0.666870773022383,0.746840605839768,-1.86416661127647
23.296,1650,1775,0.670733432604423,0.746545688943231,-1.86945973111764
23.313,1650,1775,0.674597352488352,0.746250709625,-1.87474721932757
23.33,1650,1775,0.678462417381372,0.74595567695963,-1.88002885873434
23.347,1650,1775,0.682328511990686,0.745660600021678,-1.88530443216605
23.364,1650,1775,0.686195521023496,0.745365487885698,-1.89057372245078
23.381,1650,1775,0.690063329187002,0.745070349626247,-1.89583651241661
23.398,1650,1775,0.69393182118841,0.74477519431788,-1.90109258489163
23.415,1650,1775,0.697800881734918,0.744480031035154,-1.90634172270392
23.432,1650,1775,0.70167039553373,0.744184868852622,-1.91158370868156
23.449,1650,1775,0.705540247292049,0.743889716844843,-1.91681832565265
23.466,1650,1775,0.709410321717074,0.74359458408637,-1.92204535644526
23.483,1650,1775,0.713280503516011,0.74329947965176,-1.92726458388748
23.5,1650,1775,0.717150677396058,0.743004412615569,-1.9324757908074
23.517,1650,1775,0.721020728064419,0.742709392052352,-1.93767876003309
23.534,1650,1775,0.724890540228297,0.742414427036665,-1.94287327439266
23.551,1650,1775,0.728759998594892,0.742119526643064,-1.94805911671417
23.568,1650,1775,0.732628987871408,0.741824699946105,-1.95323606982571
23.585,1650,1775,0.736497392765044,0.741529956020342,-1.95840391655538
23.602,1650,1775,0.740365097983007,0.741235303940333,-1.96356243973125
23.619,1650,1775,0.744231988232494,0.740940752780632,-1.9687114221814
23.636,1650,1775,0.74809794822071,0.740646311615795,-1.97385064673393
23.653,1650,1775,0.751962862654856,0.740351989520378,-1.97897989621692
23.67,1650,1775,0.755826616242134,0.740057795568938,-1.98409895345845
23.687,1650,1775,0.759689093689747,0.739763738836028,-1.98920760128661
23.704,1650,1775,0.763550179704894,0.739469828396206,-1.99430562252948
23.721,1650,1775,0.767409758994782,0.739176073324027,-1.99939280001514
23.738,1650,1775,0.77126771626661,0.738882482694046,-2.00446891657169
23.755,1650,1775,0.775123936227579,0.73858906558082,-2.0095337550272
23.772,1650,1775,0.778978303584893,0.738295831058904,-2.01458709820977
23.789,1650,1775,0.782830703045754,0.738002788202853,-2.01962872894747
23.806,1650,1775,0.786681019317364,0.737709946087225,-2.02465843006839
23.823,1650,1775,0.790529137106922,0.737417313786573,-2.02967598440062
23.84,1650,1775,0.794374941121635,0.737124900375454,-2.03468117477223
23.857,1650,1775,0.798218316068702,0.736832714928424,-2.03967378401132
23.874,1650,1775,0.802059146655325,0.736540766520039,-2.04465359494597
23.891,1650,1775,0.805897317588708,0.736249064224853,-2.04962039040427
23.908,1650,1775,0.80973271357605,0.735957617117424,-2.05457395321429
23.925,1650,1775,0.813565219324556,0.735666434272305,-2.05951406620413
23.942,1650,1775,0.817394719541426,0.735375524764055,-2.06444051220186
23.959,1650,1775,0.821221098933864,0.735084897667227,-2.06935307403558
23.976,1650,1775,0.825044242209069,0.734794562056377,-2.07425153453337
23.993,1650,1775,0.828864034074246,0.734504527006063,-2.07913567652331
24.01,1650,1775,0.832680359236597,0.734214801590838,-2.08400528283348
24.027,1650,1775,0.83649310240332,0.733925394885259,-2.08886013629198
24.044,1650,1775,0.840302148281623,0.733636315963882,-2.09370001972688
24.061,1650,1775,0.844107381578703,0.733347573901262,-2.09852471596628
24.078,1650,1775,0.847908687001765,0.733059177771956,-2.10333400783825
24.095,1650,1775,0.85170594925801,0.732771136650517,-2.10812767817088
24.112,1650,1775,0.855499053054639,0.732483459611504,-2.11290550979226
24.129,1650,1775,0.859287883098857,0.73219615572947,-2.11766728553047
24.146,1650,1775,0.863072324097862,0.731909234078973,-2.1224127882136
24.163,1650,1775,0.866852260758861,0.731622703734567,-2.12714180066972
24.18,1650,1775,0.870627577789051,0.731336573770808,-2.13185410572693
24.197,1650,1775,0.874398159895637,0.731050853262252,-2.13654948621331
24.214,1650,1775,0.87816389178582,0.730765551283455,-2.14122772495694
24.231,1650,1775,0.881924658166803,0.730480676908973,-2.14588860478591
24.248,1650,1775,0.885680343745788,0.730196239213361,-2.1505319085283
24.265,1650,1775,0.889430833229974,0.729912247271175,-2.1551574190122
24.282,1650,1775,0.893176011326568,0.72962871015697,-2.1597649190657
24.299,1650,1775,0.896915762742769,0.729345636945303,-2.16435419151687
24.316,1650,1775,0.900649972185778,0.729063036710728,-2.16892501919381
24.333,1650,1775,0.9043785243628,0.728780918527803,-2.17347718492459
24.35,1650,1775,0.908101303981035,0.728499291471082,-2.1780104715373
24.367,1650,1775,0.911818195747686,0.728218164615122,-2.18252466186004
24.384,1650,1775,0.915529084369954,0.727937547034477,-2.18701953872087
24.401,1650,1775,0.919233854555043,0.727657447803704,-2.19149488494789
24.418,1650,1775,0.922932391010153,0.727377875997358,-2.19595048336917
24.435,1650,1775,0.926624578442486,0.727098840689996,-2.20038611681282
24.452,1650,1775,0.930310301559246,0.726820350956172,-2.20480156810691
24.469,1650,1775,0.933989445067633,0.726542415870443,-2.20919662007951
24.486,1650,1775,0.937661893674851,0.726265044507364,-2.21357105555873
24.503,1650,1775,0.9413275320881,0.725988245941491,-2.21792465737265
24.52,1650,1775,0.944986245014583,0.72571202924738,-2.22225720834934
24.537,1650,1775,0.948637917161502,0.725436403499586,-2.2265684913169
24.554,1650,1775,0.952282433236059,0.725161377772666,-2.23085828910341
24.571,1650,1775,0.955919677945457,0.724886961141174,-2.23512638453695
24.588,1650,1775,0.959549535996895,0.724613162679666,-2.2393725604456
24.605,1650,1775,0.963171892097579,0.7243399914627,-2.24359659965746
24.622,1650,1775,0.966786630954708,0.724067456564829,-2.24779828500061
24.639,1650,1775,0.970393637275486,0.723795567060609,-2.25197739930313
24.656,1650,1775,0.973992795767114,0.723524332024598,-2.25613372539311
24.673,1650,1775,0.977583991136794,0.723253760531349,-2.26026704609863
24.69,1650,1775,0.981167108091729,0.72298386165542,-2.26437714424778
24.707,1650,1775,0.984742031339119,0.722714644471365,-2.26846380266863
24.724,1650,1775,0.988308645586169,0.72244611805374,-2.27252680418929
24.741,1650,1775,0.991866835540078,0.722178291477101,-2.27656593163782
24.758,1650,1775,0.99541648590805,0.721911173816004,-2.28058096784232
24.775,1650,1775,0.998957481397286,0.721644774145005,-2.28457169563087
24.792,1650,1775,1.00248970671499,0.721379101538659,-2.28853789783156
24.809,1650,1775,1.00601304656836,0.721114165071521,-2.29247935727246
24.826,1650,1775,1.0095273856646,0.720849973818149,-2.29639585678167
24.843,1650,1775,1.01303260871092,0.720586536853096,-2.30028717918727
24.86,1650,1775,1.01652860041451,0.72032386325092,-2.30415310731734
24.877,1650,1775,1.02001524548257,0.720061962086176,-2.30799342399997
24.894,1650,1775,1.02349242862232,0.719800842433419,-2.31180791206324
24.911,1650,1775,1.02696003454094,0.719540513367205,-2.31559635433524
24.928,1650,1775,1.03041794794565,0.71928098396209,-2.31935853364406
24.945,1650,1775,1.03386605354364,0.71902226329263,-2.32309423281777
24.962,1650,1775,1.03730423604212,0.71876436043338,-2.32680323468447
24.979,1650,1775,1.04073238014829,0.718507284458897,-2.33048532207223
24.996,1650,1775,1.04415037056935,0.718251044443735,-2.33414027780914
25.013,1650,1775,1.04755809201251,0.717995649462451,-2.33776788472329
25.03,1650,1775,1.05095542918495,0.7177411085896,-2.34136792564276
25.047,1650,1775,1.0543422667939,0.717487430899738,-2.34494018339564
25.064,1650,1775,1.05771848954654,0.717234625467421,-2.34848444081
25.081,1650,1775,1.06108398215009,0.716982701367204,-2.35200048071395
25.098,1650,1775,1.06443862931173,0.716731667673643,-2.35548808593555
25.115,1650,1775,1.06778231573869,0.716481533461294,-2.3589470393029
25.132,1650,1775,1.07111492613815,0.716232307804713,-2.36237712364408
25.149,1650,1775,1.07443634521732,0.715983999778455,-2.36577812178717
25.166,1650,1775,1.0777464576834,0.715736618457076,-2.36914981656026
25.183,1650,1775,1.08104514824359,0.715490172915132,-2.37249199079143
25.2,1650,1775,1.0843323016051,0.715244672227178,-2.37580442730878
25.217,1650,1775,1.08760780247513,0.71500012546777,-2.37908690894037
25.234,1650,1775,1.09087153556087,0.714756541711465,-2.38233921851431
25.251,1650,1775,1.09412338556954,0.714513930032816,-2.38556113885866
25.268,1650,1775,1.09736323720833,0.714272299506382,-2.38875245280153
25.285,1650,1775,1.10059097518445,0.714031659206716,-2.39191294317099
25.302,1650,1775,1.10380648420509,0.713792018208375,-2.39504239279512
25.319,1650,1775,1.10700964897747,0.713553385585914,-2.39814058450201
25.336,1650,1775,1.11020035420877,0.71331577041389,-2.40120730111976
25.353,1650,1775,1.11337848460621,0.713079181766858,-2.40424232547643
25.37,1650,1775,1.11654392487699,0.712843628719373,-2.40724544040012
25.387,1650,1775,1.1196965597283,0.712609120345991,-2.41021642871891
25.404,1650,1775,1.12283627386735,0.712375665721269,-2.41315507326088
25.421,1650,1775,1.12596295200134,0.712143273919762,-2.41606115685413
25.438,1650,1775,1.12907647883748,0.711911954016024,-2.41893446232673
25.455,1650,1775,1.13217673908296,0.711681715084614,-2.42177477250676
25.472,1650,1775,1.135263617445,0.711452566200085,-2.42458187022233
25.489,1650,1775,1.13833699863078,0.711224516436994,-2.4273555383015
25.506,1650,1775,1.14139676734751,0.710997574869896,-2.43009555957237
25.523,1650,1775,1.1444428083024,0.710771750573347,-2.43280171686301
25.54,1650,1775,1.14747500620264,0.710547052621903,-2.43547379300152
25.557,1650,1775,1.15049324575544,0.71032349009012,-2.43811157081597
25.574,1650,1775,1.153497411668,0.710101072052553,-2.44071483313446
25.591,1650,1775,1.15648738864753,0.709879807583758,-2.44328336278507
25.608,1650,1775,1.15946306140121,0.709659705758291,-2.44581694259587
25.625,1650,1775,1.16242431463627,0.709440775650707,-2.44831535539497
25.642,1650,1775,1.16537103305989,0.709223026335562,-2.45077838401043
25.659,1650,1775,1.16830310137928,0.709006466887412,-2.45320581127036
25.676,1650,1775,1.17122040430165,0.708791106380812,-2.45559742000282
25.693,1650,1775,1.17412282653419,0.708576953890319,-2.45795299303591
25.71,1650,1775,1.1770102527841,0.708364018490488,-2.46027231319771
25.727,1650,1775,1.1798825677586,0.708152309255875,-2.4625551633163
25.744,1650,1775,1.18273965616487,0.707941835261035,-2.46480132621978
25.761,1650,1775,1.18558140271013,0.707732605580524,-2.46701058473622
25.778,1650,1775,1.18840769210157,0.707524629288898,-2.46918272169371
25.795,1650,1775,1.1912184090464,0.707317915460713,-2.47131751992033
25.812,1650,1775,1.19401343825181,0.707112473170524,-2.47341476224417
25.829,1650,1775,1.19679266442502,0.706908311492887,-2.47547423149332
25.846,1650,1775,1.19955597227322,0.706705439502358,-2.47749571049585
25.863,1650,1775,1.20230324650361,0.706503866273493,-2.47947898207986
25.88,1650,1775,1.2050343718234,0.706303600880846,-2.48142382907342
25.897,1650,1775,1.20774923293979,0.706104652398975,-2.48333003430463
25.914,1650,1775,1.21044771455998,0.705907029902434,-2.48519738060156
25.931,1650,1775,1.21312970139118,0.705710742465779,-2.48702565079231
25.948,1650,1775,1.21579507814058,0.705515799163567,-2.48881462770495
25.965,1650,1775,1.21844372951538,0.705322209070352,-2.49056409416758
25.982,1650,1775,1.22107554022279,0.705129981260691,-2.49227383300827
25.999,1650,1775,1.22369039497002,0.704939124809139,-2.49394362705511
26.016,1650,1775,1.22628817846426,0.704749648790252,-2.49557325913619
26.033,1650,1775,1.22886877541271,0.704561562278586,-2.49716251207959
26.05,1650,1775,1.23143207052258,0.704374874348696,-2.49871116871339
26.067,1650,1775,1.23397794850107,0.704189594075138,-2.50021901186569
26.084,1650,1775,1.23650629405538,0.704005730532468,-2.50168582436455
26.101,1650,1775,1.23901699189271,0.703823292795242,-2.50311138903808
26.118,1650,1775,1.24150992672027,0.703642289938014,-2.50449548871435
26.135,1650,1775,1.24398498324526,0.703462731035342,-2.50583790622145
26.152,1650,1775,1.24644204617487,0.703284625161781,-2.50713842438747
26.169,1650,1775,1.24888100021632,0.703107981391886,-2.50839682604048
26.186,1650,1775,1.2513017300768,0.702932808800213,-2.50961289400857
26.203,1650,1775,1.25370412046351,0.702759116461318,-2.51078641111984
26.22,1650,1775,1.25608805608367,0.702586913449756,-2.51191716020235
26.237,1650,1775,1.25845342164446,0.702416208840084,-2.5130049240842
26.254,1650,1775,1.26080010185309,0.702247011706857,-2.51404948559348
26.271,1650,1775,1.26312798141677,0.70207933112463,-2.51505062755826
26.288,1650,1775,1.26543694504269,0.70191317616796,-2.51600813280663
26.305,1650,1775,1.26772687743806,0.701748555911402,-2.51692178416668
26.322,1650,1775,1.26999766331008,0.701585479429512,-2.51779136446649
26.339,1650,1775,1.27224918736595,0.701423955796846,-2.51861665653415
26.356,1650,1775,1.27448133431288,0.701263994087959,-2.51939744319773
26.373,1650,1775,1.27669398885806,0.701105603377407,-2.52013350728533
26.39,1650,1775,1.2788870357087,0.700948792739746,-2.52082463162503
26.407,1650,1775,1.281060359572,0.700793571249531,-2.52147059904492
26.424,1650,1775,1.28321384515516,0.700639947981318,-2.52207119237307
26.441,1650,1775,1.28534737716538,0.700487932009664,-2.52262619443758
26.458,1650,1775,1.28746084030987,0.700337532409122,-2.52313538806653
26.475,1650,1775,1.28955411929583,0.700188758254251,-2.523598556088
26.492,1650,1775,1.29162709883046,0.700041618619604,-2.52401548133008
26.509,1650,1775,1.29367966362096,0.699896122579738,-2.52438594662085
26.526,1650,1775,1.29571169837453,0.699752279209209,-2.5247097347884
26.543,1650,1775,1.29772308779838,0.699610097582572,-2.52498662866081
26.56,1650,1775,1.29971371659971,0.699469586774383,-2.52521641106617
26.577,1650,1775,1.30168346948572,0.699330755859197,-2.52539886483256
26.594,1650,1775,1.30361962443259,0.699196862663155,-2.52552236196747
26.611,1650,1775,1.30370429039314,0.699191096342886,-2.52552672103081
26.628,1650,1775,1.30431625808745,0.69832311315343,-2.53551490037682
26.645,1650,1775,1.30630934198745,0.695559136684211,-2.56117881376502
26.662,1650,1775,1.30900178364949,0.691979061844535,-2.57906662377176
26.679,1650,1775,1.31332331667594,0.686907089617547,-2.53975702391938
26.696,1650,1775,1.31358918421034,0.686607142537139,-2.53617698190019
26.713,1650,1775,1.32147100638834,0.678175153191782,-2.6183328553122
26.73,1650,1775,1.32758126888915,0.672653385939942,-2.59294058029639
26.747,1650,1775,1.32806085726357,0.672274805669602,-2.58176903252215
26.764,1650,1775,1.33044219140287,0.669771884131477,-2.63109124481185
26.781,1650,1775,1.3310699865399,0.669112034703346,-2.64409414285631
26.798,1650,1775,1.3310699865399,0.669112034703346,-2.64409414285631
26.815,1650,1775,1.33212012574955,0.668255596611583,-2.60216858783617
26.832,1650,1775,1.34327911798917,0.656768200882806,-2.59215808159331
26.849,1650,1775,1.34651483463693,0.653313909586124,-2.5925229210913
26.866,1650,1775,1.34813016768051,0.650945743040852,-2.63960318378169
26.883,1650,1775,1.3486179510217,0.650230625997621,-2.65382004632326
26.9,1650,1775,1.3486179510217,0.650230625997621,-2.65382004632326
26.917,1650,1775,1.35032152890534,0.648410086410398,-2.63693092262426
26.934,1650,1775,1.35334444260151,0.64548842593133,-2.63082203264286
26.951,1650,1775,1.35580154911921,0.643456258634879,-2.63459735035121
26.968,1650,1775,1.35867416323259,0.640893098779108,-2.64217084447432
26.985,1650,1775,1.36394577973133,0.634478826032494,-2.6820691707438
27.002,1650,1775,1.366061586134,0.631459232432682,-2.70877693295072
27.019,1650,1775,1.36809021959157,0.62814509442355,-2.70512128444592
27.036,1650,1775,1.36979023416133,0.625367814535617,-2.70205781544078
27.053,1650,1775,1.36979023416133,0.625367814535617,-2.70205781544078
27.07,1650,1775,1.38041681377596,0.61424406721669,-2.73909710744839
27.087,1650,1775,1.39101657381597,0.601832926486835,-2.77059213666923
27.104,1650,1775,1.39310323384732,0.598559230597872,-2.7691631963926
27.121,1650,1775,1.39716533655588,0.593498759079485,-2.75983747133335
27.138,1650,1775,1.40202931319945,0.587918027879323,-2.74585735812067
27.155,1650,1775,1.40652464966895,0.582963163399538,-2.73174426238933
27.172,1650,1775,1.40948083185535,0.579780292042277,-2.72201958977408
27.189,1650,1775,1.41002904872956,0.57919766559611,-2.72017133216166
27.206,1650,1775,1.41002904872956,0.57919766559611,-2.72017133216166
27.223,1650,1775,1.41146606528392,0.576895029933878,-2.73818814870646
27.24,1650,1775,1.41470702525843,0.571701805127557,-2.77882218393228
27.257,1650,1775,1.41470702525843,0.571701805127557,-2.77882218393228
27.274,1650,1775,1.41470702525843,0.571701805127557,-2.77882218393228
27.291,1650,1775,1.41625834005922,0.569803946686808,-2.79071255395751
27.308,1650,1775,1.42214274195724,0.562605045596446,-2.83581475752635
27.325,1650,1775,1.4232945601631,0.560871481063542,-2.8215621111892
27.342,1650,1775,1.42859006412975,0.553327043982169,-2.78639646768769
27.359,1650,1775,1.43207343397408,0.54893847656219,-2.7902664608512
27.376,1650,1775,1.43317880817477,0.547590770729244,-2.79209422873547
27.393,1650,1775,1.43361673505024,0.547292652553947,-2.80149060526279
27.41,1650,1775,1.43550061684548,0.546010202367124,-2.84191210865127
27.427,1650,1775,1.43550061684548,0.546010202367124,-2.84191210865127
27.444,1650,1775,1.43642176813895,0.544464624898416,-2.84199832131271
27.461,1650,1775,1.44396597797935,0.533530133176502,-2.83640959058798
27.478,1650,1775,1.44546715468016,0.532559103035621,-2.79883803087604
27.495,1650,1775,1.44566431967739,0.532095648680431,-2.80569445355736
27.512,1650,1775,1.44836312075501,0.52725079871863,-2.84715238050304
27.529,1650,1775,1.45050264796935,0.525143858814118,-2.84317741075619
27.546,1650,1775,1.45074001776579,0.524894896371192,-2.843587705368
27.563,1650,1775,1.45338214873462,0.522123729228704,-2.84815463897304
27.58,1650,1775,1.45338214873462,0.522123729228704,-2.84815463897304
27.597,1650,1775,1.45489139161748,0.520050926839786,-2.84867383307765
27.614,1650,1775,1.4716905691877,0.496978844940433,-2.8544529121482
27.631,1650,1775,1.47206359984829,0.496480614381046,-2.85609779787953
27.648,1650,1775,1.48363966429843,0.480533760323369,-2.90259483012439
27.665,1650,1775,1.48503316790869,0.477923869930395,-2.90279605924584
27.682,1650,1775,1.48503316790869,0.477923869930395,-2.90279605924584
27.699,1650,1775,1.48504522446359,0.477898992512234,-2.90314344842346
27.716,1650,1775,1.48740085144218,0.473793051558614,-2.94577125860062
27.733,1650,1775,1.49124122970166,0.470569224192461,-2.90745971076216
27.75,1650,1775,1.49126891390825,0.470550079633187,-2.90707026012199
27.767,1650,1775,1.49442302461378,0.466741524783694,-2.92734910193704
27.784,1650,1775,1.50075920329472,0.458377600187535,-2.95315666266516
27.801,1650,1775,1.50696287770251,0.447432090439461,-2.95062218494578
27.818,1650,1775,1.50700678889112,0.447347745201386,-2.95058841902881
27.835,1650,1775,1.50700678889112,0.447347745201386,-2.95058841902881
27.852,1650,1775,1.50700678889112,0.447347745201386,-2.95058841902881
27.869,1650,1775,1.50808721196286,0.446244589027155,-2.95369589159742
27.886,1650,1775,1.51166105935855,0.440550278360772,-2.95415577229223
27.903,1650,1775,1.51190048666895,0.440132576241529,-2.95416261717759
27.92,1650,1775,1.51190048666895,0.440132576241529,-2.95416261717759
27.937,1650,1775,1.52085042935036,0.42748431774308,-2.99574341987862
27.954,1650,1775,1.52394873095443,0.422969856776408,-2.99963952315867
27.971,1650,1775,1.52402529760271,0.422856125461571,-2.99964360918429
27.988,1650,1775,1.52573534916992,0.420803880053885,-2.99965284867583
28.005,1650,1775,1.52868527955746,0.416601124372238,-3.00135137064725
28.022,1650,1775,1.53107111781478,0.413065921895434,-3.03816714138184
28.039,1650,1775,1.53124402412479,0.412810913409735,-3.04372173968772
28.056,1650,1775,1.53124402412479,0.412810913409735,-3.04372173968772
28.073,1650,1775,1.53124402412479,0.412810913409735,-3.04372173968772
28.09,1650,1775,1.53124402412479,0.412810913409735,-3.04372173968772
28.107,1650,1775,1.54368796774464,0.394158431097652,-3.04503644590675
28.124,1650,1775,1.5567699644421,0.373549612811804,-3.08111536744595
28.141,1650,1775,1.55787511335248,0.371743510001492,-3.08992728258797
28.158,1650,1775,1.55787511335248,0.371743510001492,-3.08992728258797
28.175,1650,1775,1.56014288937781,0.368399398155045,-3.08879688860234
28.192,1650,1775,1.56074074699766,0.367517784306639,-3.08849888092866
28.209,1650,1775,1.56187494403987,0.365112353931133,-3.08852166352535
28.226,1650,1775,1.56864059508956,0.354122790567135,-3.08979518831356
28.243,1650,1775,1.56994859336582,0.352157489106221,-3.09011832592624
28.26,1650,1775,1.57353650308,0.344522242553191,-3.12191097547122
28.277,1650,1775,1.57448238977162,0.342509349621905,-3.13029252531267
28.294,1650,1775,1.57448238977162,0.342509349621905,-3.13029252531267
28.311,1650,1775,1.57517233398987,0.341170226977026,-3.13029701021527
28.328,1650,1775,1.57793290327721,0.336786806933261,-3.10503222990686
28.345,1650,1775,1.57879330272201,0.335564971499646,-3.09025508066077
28.362,1650,1775,1.58069041428247,0.333114374350781,-3.09111649192296
28.379,1650,1775,1.58204740702219,0.331361476625476,-3.09173265433169
28.396,1650,1775,1.58290154417599,0.329138119491602,-3.11323280364411
28.413,1650,1775,1.58361731941898,0.327274924587046,-3.13125013789769
28.43,1650,1775,1.5853148899926,0.323902934312271,-3.13125475587591
28.447,1650,1775,1.59224802163434,0.310131222647983,-3.13127361638835
28.464,1650,1775,1.59394559220796,0.306759232373213,-3.13127823436657
28.481,1650,1775,1.5950360367909,0.304886045981141,-3.13128055527724
28.498,1650,1775,1.59633726820618,0.302650765969532,-3.13128332482823
28.515,1650,1775,1.59704521732914,0.30080522502423,3.13449035239299
28.532,1650,1775,1.59789001554597,0.298602934422985,3.11371299217931
28.549,1650,1775,1.6035692986376,0.288844994494712,3.11340821990898
28.566,1650,1775,1.61399773680343,0.269895372318026,3.11314857960599
28.583,1650,1775,1.6157738832148,0.266032786887451,3.1127670121208
28.6,1650,1775,1.61699270958509,0.263499411486119,3.1066803356811
28.617,1650,1775,1.61791862980324,0.261613460672106,3.09687147647782
28.634,1650,1775,1.61880626709475,0.259811975233409,3.08658541435612
28.651,1650,1775,1.61991024468509,0.257531995958024,3.0790671291612
28.668,1650,1775,1.62171639439339,0.253690060797308,3.07720103456976
28.685,1650,1775,1.62340376632696,0.249990393588662,3.07724782186143
28.702,1650,1775,1.62340376632696,0.249990393588662,3.07724782186143
28.719,1650,1775,1.62510139043413,0.246649837549098,3.07728361360364
28.736,1650,1775,1.63154076851091,0.233978538152204,3.07741937779262
28.753,1650,1775,1.63189632138914,0.233420005573981,3.07742809594621
28.77,1650,1775,1.63451226349032,0.22846978791592,3.07749958471986
28.787,1650,1775,1.63642911128215,0.223288301837855,3.07094839115133
28.804,1650,1775,1.6373950658194,0.220759007019743,3.04260152775867
28.821,1650,1775,1.63768635322444,0.220360327307116,3.04260756340589
28.838,1650,1775,1.64068660071456,0.215689026571042,3.04276937066656
28.855,1650,1775,1.6420474574263,0.212780652546847,3.04316669145235
28.872,1650,1775,1.6420474574263,0.212780652546847,3.04316669145235
28.889,1650,1775,1.64214719229515,0.212568128340246,3.043173097694
28.906,1650,1775,1.64495719808296,0.206355252985056,3.04195916267299
28.923,1650,1775,1.6498458529584,0.194442562524086,3.00943676042914
28.94,1650,1775,1.64988802793005,0.194387032496734,3.01074068910165
28.957,1650,1775,1.65197334869903,0.191191231613538,3.04224583932208
28.974,1650,1775,1.6545459807146,0.185263122151203,3.01041589284875
28.991,1650,1775,1.6545459807146,0.185263122151203,3.01041589284875
29.008,1650,1775,1.65465035042621,0.185122852280449,3.01044839445798
29.025,1650,1775,1.6585004055327,0.179317698798441,3.01124349399014
29.042,1650,1775,1.66054193197439,0.174765813946962,3.0106306557595
29.059,1650,1775,1.66054193197439,0.174765813946962,3.0106306557595
29.076,1650,1775,1.66054193197439,0.174765813946962,3.0106306557595
29.093,1650,1775,1.6768482187221,0.136116002056308,2.91762793098374
29.11,1650,1775,1.67952182655636,0.132211408930901,2.9178020735427
29.127,1650,1775,1.67952182655636,0.132211408930901,2.9178020735427
29.144,1650,1775,1.67987245343822,0.131218606428292,2.91781582732796
29.161,1650,1775,1.68077953296227,0.128715633252327,2.91786773072811
29.178,1650,1775,1.68202586344622,0.125415640900797,2.91797374680973
29.195,1650,1775,1.68339424320777,0.122031780871495,2.91814983863939
29.212,1650,1775,1.68524758854258,0.11819772086115,2.94942852875556
29.229,1650,1775,1.68524758854258,0.11819772086115,2.94942852875556
29.246,1650,1775,1.69019231724357,0.107189532902371,2.92145509939935
29.263,1650,1775,1.69038905988818,0.106751535159249,2.92034208252761
29.28,1650,1775,1.69038905988818,0.106751535159249,2.92034208252761
29.297,1650,1775,1.69038905988818,0.106751535159249,2.92034208252761
29.314,1650,1775,1.69252136913185,0.101142968479636,2.89811695007099
29.331,1650,1775,1.69326767736714,0.0991799701417744,2.89033815371119
29.348,1650,1775,1.69492313857604,0.0955642798853692,2.89184948584198
29.365,1650,1775,1.69558551176991,0.0941175916209103,2.89245419097497
29.382,1650,1775,1.69558551176991,0.0941175916209103,2.89245419097497
29.399,1650,1775,1.69938553844036,0.0841203962490988,2.89284115125717
29.416,1650,1775,1.70130910565991,0.0790598324761795,2.89303702991241
29.433,1650,1775,1.70216014473337,0.0769942572953562,2.89309383182083
29.45,1650,1775,1.70396942482475,0.0707860246151515,2.89440087370097
29.467,1650,1775,1.70430598532343,0.0691155168631079,2.89531187258266
29.484,1650,1775,1.70430598532343,0.0691155168631079,2.89531187258266
29.501,1650,1775,1.70581024372219,0.0657964903282786,2.89652610810973
29.518,1650,1775,1.70855400333597,0.0583795218834913,2.89671572179475
29.535,1650,1775,1.70903819330409,0.0566699309887957,2.89588779429735
29.552,1650,1775,1.70903819330409,0.0566699309887957,2.89588779429735
29.569,1650,1775,1.71475197707449,0.0390104268255742,2.87809205229898
29.586,1650,1775,1.72452182246238,0.00881491501865028,2.84766359107731
29.603,1650,1775,1.72452182246238,0.00881491501865028,2.84766359107731
29.62,1650,1775,1.72452182246238,0.00881491501865028,2.84766359107731
29.637,1650,1775,1.72524330604115,0.00604876748967639,2.84779066931242
29.654,1650,1775,1.7270465011109,-0.000864631142199812,2.84810827438862
29.671,1650,1775,1.7270465011109,-0.000864631142199812,2.84810827438862
29.688,1650,1775,1.72730704538465,-0.00160615604316383,2.84815881501588
29.705,1650,1775,1.73064118620497,-0.0112596869941228,2.8487251337314
29.722,1650,1775,1.73408866456721,-0.022041561715885,2.84394811645299
29.739,1650,1775,1.73562077281121,-0.0274190425927054,2.82489186647993
29.756,1650,1775,1.73562077281121,-0.0274190425927054,2.82489186647993
29.773,1650,1775,1.735813727941,-0.0279253065140135,2.82458256765692
29.79,1650,1775,1.73699866314937,-0.0310342673679695,2.82268316718128
29.807,1650,1775,1.73699866314937,-0.0310342673679695,2.82268316718128
29.824,1650,1775,1.73718729540335,-0.0315052011204524,2.82269690909955
29.841,1650,1775,1.73925631976125,-0.0371768674176455,2.82333644063767
29.858,1650,1775,1.74027115646793,-0.0406279894742649,2.82558078612839
29.875,1650,1775,1.74027115646793,-0.0406279894742649,2.82558078612839
29.892,1650,1775,1.74043326385802,-0.0411301625874001,2.82460658052317
29.909,1650,1775,1.74450750544413,-0.0537512687552608,2.80012189177497
29.926,1650,1775,1.74451357104588,-0.0537876233079063,2.79988578704608
29.943,1650,1775,1.7449398647562,-0.0562369041204492,2.78598658217704
29.96,1650,1775,1.74565075557323,-0.0598339998579729,2.77506692306382
29.977,1650,1775,1.74657339309346,-0.0631762217803014,2.77530471495998
29.994,1650,1775,1.7465791993819,-0.0631958102140606,2.77530665281067
30.011,1650,1775,1.7465791993819,-0.0631958102140606,2.77530665281067
30.028,1650,1775,1.7465791993819,-0.0631958102140606,2.77530665281067
30.045,1650,1775,1.74902044972295,-0.0686747290902598,2.77552819787496
30.062,1650,1775,1.74923977234676,-0.0691669567177788,2.77554810154644
30.079,1650,1775,1.74978133711299,-0.0709153840211061,2.77384281595307
30.096,1650,1775,1.75262119676184,-0.0800837946292465,2.76490063202904
30.113,1650,1775,1.75537517865078,-0.0889749511958695,2.7562288610194
30.13,1650,1775,1.75580942098002,-0.0903768908936788,2.75486151359529
30.147,1650,1775,1.75580942098002,-0.0903768908936788,2.75486151359529
30.164,1650,1775,1.75636152136088,-0.0925847109091602,2.75299533092118
30.181,1650,1775,1.75960113506689,-0.105539753561732,2.74204494729796
30.198,1650,1775,1.76394878356504,-0.122925768328704,2.72734923872462
30.215,1650,1775,1.76731151224795,-0.136373141216205,2.71598270788472
30.232,1650,1775,1.76798601760008,-0.139070452191907,2.71370277792022
30.249,1650,1775,1.76798601760008,-0.139070452191907,2.71370277792022
30.266,1650,1775,1.76851056367172,-0.14110916481428,2.70566867506798
30.283,1650,1775,1.76989744729353,-0.146904756158054,2.69278926742307
30.3,1650,1775,1.77096615392204,-0.15184067387006,2.69187234494193
30.317,1650,1775,1.7714278235769,-0.153954125207329,2.6920587408572
30.334,1650,1775,1.7714278235769,-0.153954125207329,2.6920587408572
30.351,1650,1775,1.7728389999976,-0.161205319047543,2.68559902114926
30.368,1650,1775,1.77452296186033,-0.169858194554182,2.67789061455135
30.385,1650,1775,1.77479929598919,-0.172206601590582,2.67802378537224
30.402,1650,1775,1.77518561837327,-0.175489736427648,2.67820996168433
30.419,1650,1775,1.77567166024518,-0.176755032449008,2.6770613418701
30.436,1650,1775,1.77650273018611,-0.178918528128108,2.67509734770347
30.453,1650,1775,1.77691450555457,-0.180803010357664,2.67663945431008
30.47,1650,1775,1.77749017835586,-0.183437566106219,2.67879535992786
30.487,1650,1775,1.77749017835586,-0.183437566106219,2.67879535992786
30.504,1650,1775,1.77933301603769,-0.192657254029866,2.66974236740275
30.521,1650,1775,1.78153208082498,-0.203659140556592,2.65893939909043
30.538,1650,1775,1.78461638306661,-0.220130988942464,2.65452320761862
30.555,1650,1775,1.78965479181944,-0.249207310700554,2.64847018935659
30.572,1650,1775,1.78989181127659,-0.251301416147681,2.64867697052397
30.589,1650,1775,1.79001697045684,-0.251821685831726,2.64138747631294
30.606,1650,1775,1.79066504856069,-0.255534934999885,2.62904686948824
30.623,1650,1775,1.79095890662472,-0.25787837924009,2.62925804483889
30.64,1650,1775,1.79113199853478,-0.258784132609429,2.6293535816234
30.657,1650,1775,1.79286972326317,-0.268620557718624,2.62589437541068
30.674,1650,1775,1.79477047611946,-0.282667723568274,2.61539921643754
30.691,1650,1775,1.79487636169738,-0.285082847851154,2.61566662941727
30.708,1650,1775,1.79487636169738,-0.285082847851154,2.61566662941727
30.725,1650,1775,1.79504672273815,-0.285699966494971,2.61143762518939
30.742,1650,1775,1.7957795849608,-0.288354698697278,2.5932452179109
30.759,1650,1775,1.79584556735174,-0.288757029192748,2.59326473691523
30.776,1650,1775,1.7964399650108,-0.294083613599292,2.59691669887994
30.793,1650,1775,1.79660788044793,-0.298036696401518,2.61667818627678
30.81,1650,1775,1.79660788044793,-0.298036696401518,2.61667818627678
30.827,1650,1775,1.79685875890311,-0.299456158254218,2.61372595209342
30.844,1650,1775,1.79965125291773,-0.315255995370157,2.58086503431927
30.861,1650,1775,1.79974533232013,-0.31596054408832,2.58092220420825
30.878,1650,1775,1.8007925173721,-0.323802780190726,2.58155855447863
30.895,1650,1775,1.80080566200879,-0.324086620982394,2.58158172396442
30.912,1650,1775,1.80098894234622,-0.328044313938104,2.5819047843328
30.929,1650,1775,1.80099183378229,-0.328065956178701,2.58181693547107
30.946,1650,1775,1.80160724703626,-0.332672290667349,2.56311918374216
30.963,1650,1775,1.8021253923807,-0.336550580182313,2.54737666772159
30.98,1650,1775,1.80214521519923,-0.336740164773954,2.54756575623572
30.997,1650,1775,1.80411293334812,-0.355559337299128,2.56633568547451
31.014,1650,1775,1.80411293334812,-0.355559337299128,2.56633568547451
31.031,1650,1775,1.80411293334812,-0.355559337299128,2.56633568547451
31.048,1650,1775,1.80435374766142,-0.360797832817719,2.54949929952648
31.065,1650,1775,1.80655119939476,-0.376536925850494,2.53382435218099
31.082,1650,1775,1.80655119939476,-0.376536925850494,2.53382435218099
31.099,1650,1775,1.80655119939476,-0.376536925850494,2.53382435218099
31.116,1650,1775,1.80670631940527,-0.37998455785687,2.53802109860545
31.133,1650,1775,1.80769116385179,-0.393746562759837,2.52358190791318
31.15,1650,1775,1.80772507896657,-0.394188167014951,2.52300146645254
31.167,1650,1775,1.80816640202371,-0.397446710504661,2.50849178170098
31.184,1650,1775,1.8088491138992,-0.403208032245636,2.52235174751475
31.201,1650,1775,1.80888393793951,-0.403516536886192,2.52371404245812
31.218,1650,1775,1.80888393793951,-0.403516536886192,2.52371404245812
31.235,1650,1775,1.80875109369713,-0.405855765923013,2.51869591609132
31.252,1650,1775,1.80849297621715,-0.410400907611186,2.50894565436524
31.269,1650,1775,1.80847742049147,-0.410674825430508,2.50835804442631
31.286,1650,1775,1.80895552598992,-0.421151118661702,2.49613330604105
31.303,1650,1775,1.80929352256297,-0.428557046656433,2.49443453181536
31.32,1650,1775,1.80931831799592,-0.429100331669516,2.49450238802268
31.337,1650,1775,1.80939613913802,-0.431007633452178,2.49473418982077
31.354,1650,1775,1.8099076570419,-0.435611733028971,2.49516798227631
31.371,1650,1775,1.81000903735674,-0.43625190639529,2.49522096925598
31.388,1650,1775,1.81000903735674,-0.43625190639529,2.49522096925598
31.405,1650,1775,1.81041664852649,-0.43827429823767,2.49548676234438
31.422,1650,1775,1.81037218871246,-0.453824131851317,2.48308098374626
31.439,1650,1775,1.81029731789236,-0.458496936683414,2.47808003650335
31.456,1650,1775,1.81019584356982,-0.46076964533712,2.48131035251257
31.473,1650,1775,1.80997607129355,-0.46569200949219,2.47995807003708
31.49,1650,1775,1.80993939368393,-0.466513514931915,2.47889985770759
31.507,1650,1775,1.80984751321906,-0.468571505890985,2.48190062272615
31.524,1650,1775,1.80963108123513,-0.473419412250475,2.48108399904388
31.541,1650,1775,1.80958258797374,-0.474505646274415,2.47971804625932
31.558,1650,1775,1.80958258797374,-0.474505646274415,2.47971804625932
31.575,1650,1775,1.80844511400331,-0.492283769824528,2.46794510872257
31.592,1650,1775,1.807491899752,-0.507182010285505,2.45807927255262
31.609,1650,1775,1.80728574642347,-0.512792594051997,2.46075273436938
31.626,1650,1775,1.80693456009719,-0.522015959764649,2.46241725903834
31.643,1650,1775,1.80641513286126,-0.526664703875562,2.45288828531657
31.66,1650,1775,1.80599320559163,-0.52873388204293,2.44640825554771
31.677,1650,1775,1.80599320559163,-0.52873388204293,2.44640825554771
31.694,1650,1775,1.80592923908324,-0.530174820332748,2.44654038633774
31.711,1650,1775,1.80581986446879,-0.532638642008663,2.44676631322639
31.728,1650,1775,1.8055620388587,-0.536212407866038,2.44719992420127
31.745,1650,1775,1.80494079503517,-0.547332194870458,2.4431412114028
31.762,1650,1775,1.80447551471053,-0.551848543369706,2.43099103417807
31.779,1650,1775,1.80362143298851,-0.553941127054844,2.43132746604626
31.796,1650,1775,1.80359623930189,-0.554511926571617,2.43228961029398
31.813,1650,1775,1.80339021572702,-0.559179771012474,2.4351496647786
31.83,1650,1775,1.80328035151317,-0.561669027451003,2.43215486956342
31.847,1650,1775,1.8032565246122,-0.562208905127373,2.43092192152228
31.864,1650,1775,1.80311020389041,-0.565524287660311,2.42335040193821
31.881,1650,1775,1.80311020389041,-0.565524287660311,2.42335040193821
31.898,1650,1775,1.80306715315169,-0.565800879376569,2.42341002440375
31.915,1650,1775,1.80246935551054,-0.570541432743525,2.42351390977207
31.932,1650,1775,1.80157493743462,-0.583212125029059,2.4148078952706
31.949,1650,1775,1.80112416123251,-0.590394883280282,2.40895684605668
31.966,1650,1775,1.80112416123251,-0.590394883280282,2.40895684605668
31.983,1650,1775,1.80111438039067,-0.590477637275468,2.40809335993446
32,1650,1775,1.80055561987027,-0.594427268556103,2.38391460289887
32.017,1650,1775,1.79939335115111,-0.599293799946263,2.39743897964178
32.034,1650,1775,1.79913536369193,-0.607438513421583,2.3898771601649
32.051,1650,1775,1.79911775306383,-0.607574551984315,2.38968649828762
32.068,1650,1775,1.79664452258029,-0.62811185249805,2.36352864176461
32.085,1650,1775,1.79554878138237,-0.641206369640771,2.35339626275272
32.102,1650,1775,1.79554878138237,-0.641206369640771,2.35339626275272
32.119,1650,1775,1.79503630200248,-0.644924472558302,2.35388201065504
32.136,1650,1775,1.79417402370838,-0.648618274345667,2.35436731545228
32.153,1650,1775,1.79410859428156,-0.654214702411207,2.34356532570444
32.17,1650,1775,1.79410859428156,-0.654214702411207,2.34356532570444
32.187,1650,1775,1.79410859428156,-0.654214702411207,2.34356532570444
32.204,1650,1775,1.79360359810542,-0.65787684947066,2.34404732423264
32.221,1650,1775,1.7935985107673,-0.657913741988323,2.34405217989215
32.238,1650,1775,1.79276521493098,-0.660383749945721,2.32959080808074
32.255,1650,1775,1.79077387158779,-0.67708586286118,2.32015282325642
32.272,1650,1775,1.79075861036683,-0.677235891617257,2.32010165406145
32.289,1650,1775,1.78978872265619,-0.680163656502557,2.32048930330647
32.306,1650,1775,1.78842546073152,-0.68427891770155,2.32118615651776
32.323,1650,1775,1.78835645384135,-0.684487228510998,2.32122464791615
32.34,1650,1775,1.78835645384135,-0.684487228510998,2.32122464791615
32.357,1650,1775,1.78740482826855,-0.687833264762047,2.3216447832082
32.374,1650,1775,1.78706253357296,-0.692352281526133,2.31826354414068
32.391,1650,1775,1.78705247165574,-0.69269400588878,2.31770180166718
32.408,1650,1775,1.78392706496393,-0.706692793706073,2.31810288625069
32.425,1650,1775,1.7834181229985,-0.708972359627562,2.3181681989592
32.442,1650,1775,1.7834181229985,-0.708972359627562,2.3181681989592
32.459,1650,1775,1.78243825931535,-0.711084698341037,2.3034059373845
32.476,1650,1775,1.78217993619929,-0.711641577760098,2.29951413745805
32.493,1650,1775,1.78133696950595,-0.713227992922443,2.30041609518076
32.51,1650,1775,1.78029983632553,-0.718811839334045,2.31256893384315
32.527,1650,1775,1.78020178682103,-0.719723481369172,2.31532736248748
32.544,1650,1775,1.77367004925991,-0.739401066644421,2.29947764344457
32.561,1650,1775,1.77194807626605,-0.744588701651387,2.29529915527098
32.578,1650,1775,1.77070792465795,-0.74665688354836,2.2958047385912
32.595,1650,1775,1.77038098139707,-0.747202121831383,2.29593802637495
32.612,1650,1775,1.76983304917758,-0.748853584890288,2.28837751573463
32.629,1650,1775,1.76851618491882,-0.752822624994095,2.28677027276029
32.646,1650,1775,1.76833346462405,-0.753373346997875,2.28687202067239
32.663,1650,1775,1.76792573875757,-0.756062645599985,2.28714882093244
32.68,1650,1775,1.76653336205349,-0.759843471477316,2.28786031603555
32.697,1650,1775,1.76248424556646,-0.768540690526281,2.28588969773885
32.714,1650,1775,1.76148477451842,-0.770867786175651,2.28504525097794
32.731,1650,1775,1.76057001365313,-0.772923416333904,2.28550265773555
32.748,1650,1775,1.75930386151081,-0.776366101122832,2.27648457895741
32.765,1650,1775,1.75911625492639,-0.776962653666549,2.2718270005743
32.782,1650,1775,1.75911625492639,-0.776962653666549,2.2718270005743
32.799,1650,1775,1.75739149422275,-0.782165829110246,2.27257797993993
32.816,1650,1775,1.75651842320541,-0.784799667919546,2.27295812445352
32.833,1650,1775,1.75613676381695,-0.785951050214558,2.27164839618377
32.85,1650,1775,1.75345114781771,-0.794053051652731,2.26206202782686
32.867,1650,1775,1.75192045202871,-0.798670900676608,2.25648941348004
32.884,1650,1775,1.75157785702077,-0.800655990859673,2.25678472280474
32.901,1650,1775,1.75116903717424,-0.80302480606473,2.25713711647659
32.918,1650,1775,1.75116903717424,-0.80302480606473,2.25713711647659
32.935,1650,1775,1.75032539991988,-0.80556889524732,2.25586398716107
32.952,1650,1775,1.74888288724006,-0.809918965002434,2.25368709754272
32.969,1650,1775,1.74759837634132,-0.813511178404604,2.2518542439356
32.986,1650,1775,1.74489631351526,-0.823109705003379,2.24028049042614
33.003,1650,1775,1.74472336395228,-0.824539772980011,2.23377704004332
33.02,1650,1775,1.74432197675429,-0.825749734252643,2.23270208240682
33.037,1650,1775,1.74273743587599,-0.830526269463064,2.22788524877858
33.054,1650,1775,1.74217338400102,-0.832226590743328,2.22582933944602
33.071,1650,1775,1.73922315432722,-0.840358665359865,2.21760553025096
33.088,1650,1775,1.73417863585574,-0.854263481306488,2.20354385981267
33.105,1650,1775,1.7338891937415,-0.854900855141707,2.2052727790089
33.122,1650,1775,1.73130365922159,-0.861735476341213,2.20567283775356
33.139,1650,1775,1.72881517482231,-0.869410181286678,2.1981363885781
33.156,1650,1775,1.72850107266112,-0.869928435305438,2.19568067716843
33.173,1650,1775,1.72730962953652,-0.871894261280983,2.18636574452376
33.19,1650,1775,1.72704769170846,-0.872684764358898,2.18645637398244
33.207,1650,1775,1.7259208827972,-0.87608536487225,2.1868462454356
33.224,1650,1775,1.72561673683513,-0.876427520324267,2.18735149637615
33.241,1650,1775,1.72374898001861,-0.878528692976541,2.190454236527
33.258,1650,1775,1.72355411140418,-0.878839763051498,2.19054678861738
33.275,1650,1775,1.72165888407187,-0.882880741326025,2.19023795960456
33.292,1650,1775,1.72092549452972,-0.886029942965625,2.18416437008101
33.309,1650,1775,1.7204156032844,-0.886699443188731,2.1836401971255
33.326,1650,1775,1.71266473301358,-0.897143529480387,2.17710326379972
33.343,1650,1775,1.710795152575,-0.900097213710692,2.17779002174734
33.36,1650,1775,1.70914965826728,-0.903179970459826,2.17841125717716
33.377,1650,1775,1.70914965826728,-0.903179970459826,2.17841125717716
33.394,1650,1775,1.70699823694703,-0.905596138251096,2.16688659504184
33.411,1650,1775,1.70557583017937,-0.908886428425174,2.17208964514788
33.428,1650,1775,1.70557583017937,-0.908886428425174,2.17208964514788
33.445,1650,1775,1.70557583017937,-0.908886428425174,2.17208964514788
33.462,1650,1775,1.69637726817862,-0.923496008839153,2.16562808609408
33.479,1650,1775,1.69637726817862,-0.923496008839153,2.16562808609408
33.496,1650,1775,1.69637726817862,-0.923496008839153,2.16562808609408
33.513,1650,1775,1.69435984878328,-0.924926305085867,2.15527327388119
33.53,1650,1775,1.69417860325198,-0.925054803306789,2.15434299461184
33.547,1650,1775,1.6924784995947,-0.927630748259811,2.15481054848535
33.564,1650,1775,1.69077467491078,-0.931359340899103,2.15982937093331
33.581,1650,1775,1.69070175747522,-0.931544805407865,2.16022981034654
33.598,1650,1775,1.69070175747522,-0.931544805407865,2.16022981034654
33.615,1650,1775,1.69067369746121,-0.931579198558212,2.16018376881963
33.632,1650,1775,1.68452643665476,-0.93911389419344,2.15009719959577
33.649,1650,1775,1.67837917584832,-0.94664858982866,2.14001063037191
33.666,1650,1775,1.67835111583431,-0.946682982979006,2.13996458884501
33.683,1650,1775,1.67835111583431,-0.946682982979006,2.13996458884501
33.7,1650,1775,1.67783689252072,-0.948138439559623,2.14027605338557
33.717,1650,1775,1.67619316253979,-0.95140982123555,2.13976634888429
33.734,1650,1775,1.67458115075134,-0.953098313093079,2.13447952339714
33.751,1650,1775,1.67421488841296,-0.953767538765355,2.13424223635308
33.768,1650,1775,1.66851914399067,-0.963527626656541,2.13165559909223
33.785,1650,1775,1.66674230490259,-0.965861137056697,2.13226303931943
33.802,1650,1775,1.66668485893582,-0.965961952727614,2.13148454170541
33.819,1650,1775,1.66442106682566,-0.969407240173603,2.12073619147454
33.836,1650,1775,1.65815200918309,-0.97688565335959,2.11877587528066
33.853,1650,1775,1.6578454148545,-0.977407838851726,2.11796056504623
33.87,1650,1775,1.65443275501925,-0.983220214650616,2.1088854575479
33.887,1650,1775,1.65443275501925,-0.983220214650616,2.1088854575479
33.904,1650,1775,1.65428815825897,-0.983430780231277,2.10851526582844
33.921,1650,1775,1.65065401095936,-0.9887229204899,2.09921124521981
33.938,1650,1775,1.65058943765751,-0.988843904034366,2.0992365944452
33.955,1650,1775,1.64896651823599,-0.991884580883313,2.09987369598755
33.972,1650,1775,1.64875392988892,-0.992198335401156,2.09965741754868
33.989,1650,1775,1.64186756831201,-1.00169103940052,2.09148795358736
34.006,1650,1775,1.6398812746503,-1.00356728632291,2.08706558216225
34.023,1650,1775,1.6398812746503,-1.00356728632291,2.08706558216225
34.04,1650,1775,1.63919918955872,-1.00453794906854,2.08621990510027
34.057,1650,1775,1.62050947052669,-1.03133081211444,2.06195651649622
34.074,1650,1775,1.61893557819821,-1.03379447463657,2.05869489519835
34.091,1650,1775,1.61893557819821,-1.03379447463657,2.05869489519835
34.108,1650,1775,1.6188294483642,-1.03385022286,2.05833953055091
34.125,1650,1775,1.61616208950414,-1.03525134177327,2.0494081584278
34.142,1650,1775,1.61616208950414,-1.03525134177327,2.0494081584278
34.159,1650,1775,1.61608809208993,-1.03535018557878,2.04935379358479
34.176,1650,1775,1.60735240530661,-1.04701907525964,2.04189053355603
34.193,1650,1775,1.60527749318699,-1.0497906667974,2.03795870226013
34.21,1650,1775,1.60526416495052,-1.04980771530036,2.03796390013111
34.227,1650,1775,1.60291786868616,-1.05204686673643,2.03854166348205
34.244,1650,1775,1.60008275112448,-1.05269949864663,2.03434089708225
34.261,1650,1775,1.60008275112448,-1.05269949864663,2.03434089708225
34.278,1650,1775,1.60008275112448,-1.05269949864663,2.03434089708225
34.295,1650,1775,1.59819607701221,-1.05524365434107,2.03497397851128
34.312,1650,1775,1.59089733236637,-1.06321001744004,2.03204327309205
34.329,1650,1775,1.5908306312362,-1.06327991251871,2.03200973072114
34.346,1650,1775,1.58515081882635,-1.06689318744706,2.02860194702549
34.363,1650,1775,1.5850936003214,-1.06692958762623,2.0285676169677
34.38,1650,1775,1.58268802178876,-1.0675682857935,2.02439512149548
34.397,1650,1775,1.5825923077646,-1.06759369854598,2.02422910474441
34.414,1650,1775,1.58081534067015,-1.07013767990975,2.02482769629605
34.431,1650,1775,1.57775463931367,-1.07198610630374,2.02088065466311
34.448,1650,1775,1.57759226331568,-1.07205443083032,2.02052121992409
34.465,1650,1775,1.57527008145089,-1.07399379026249,2.02109044207593
34.482,1650,1775,1.57493469568706,-1.07427388613025,2.02117265312454
34.499,1650,1775,1.57493469568706,-1.07427388613025,2.02117265312454
34.516,1650,1775,1.56899837463839,-1.07721502312564,2.01457163528644
34.533,1650,1775,1.56381439300738,-1.08122633471324,2.01377550157426
34.55,1650,1775,1.56352027534067,-1.08153369168433,2.01391223081317
34.567,1650,1775,1.56352027534067,-1.08153369168433,2.01391223081317
34.584,1650,1775,1.54991711507883,-1.09087496558058,2.00286076655445
34.601,1650,1775,1.54447430031462,-1.09461253997509,1.99843892106592
34.618,1650,1775,1.53912892271534,-1.09696251889095,1.99374062553395
34.635,1650,1775,1.53165292264465,-1.10270921263649,1.98437450617457
34.652,1650,1775,1.53053511620616,-1.10400141126541,1.98253104349514
34.669,1650,1775,1.52903794648891,-1.10464750549296,1.98229998114879
34.686,1650,1775,1.52546075404949,-1.10686014259884,1.98004959170682
34.703,1650,1775,1.52457297569188,-1.10757329855957,1.97888516059302
34.72,1650,1775,1.52320008680327,-1.10918366308076,1.97650820434637
34.737,1650,1775,1.52204959256066,-1.11053316421336,1.97451629189126
34.754,1650,1775,1.52204959256066,-1.11053316421336,1.97451629189126
34.771,1650,1775,1.51807793594666,-1.11315100753782,1.96799079612643
34.788,1650,1775,1.51199857947648,-1.11835180921348,1.96571469138
34.805,1650,1775,1.51130463755683,-1.11923902440493,1.96838989009201
34.822,1650,1775,1.50850010692856,-1.12102093252526,1.96393723492831
34.839,1650,1775,1.5056955763003,-1.12280284064558,1.9594845797646
34.856,1650,1775,1.5056955763003,-1.12280284064558,1.9594845797646
34.873,1650,1775,1.50496302035273,-1.12340827321742,1.95640372147948
34.89,1650,1775,1.49920650057642,-1.12847674120638,1.94977532934884
34.907,1650,1775,1.49510270630497,-1.13222957964405,1.94862375944089
34.924,1650,1775,1.4944344530939,-1.13280130208061,1.94746899991723
34.941,1650,1775,1.48969863385975,-1.13650794810975,1.93980381387067
34.958,1650,1775,1.48671730728526,-1.13868278895803,1.93521949376268
34.975,1650,1775,1.48671730728526,-1.13868278895803,1.93521949376268
34.992,1650,1775,1.48466291499648,-1.13998700769971,1.93351927462832
35.009,1650,1775,1.48115016480608,-1.14221705629275,1.93061211560103
35.026,1650,1775,1.48115016480608,-1.14221705629275,1.93061211560103
35.043,1650,1775,1.4739761726321,-1.1467581780843,1.92287886654747
35.06,1650,1775,1.45779638582115,-1.15699994873139,1.90543776569202
35.077,1650,1775,1.45779638582115,-1.15699994873139,1.90543776569202
35.094,1650,1500,1.45746416819571,-1.15713346668467,1.90530317123189
35.111,1650,1500,1.45370220390169,-1.1587135928404,1.90283215302826
35.128,1650,1500,1.45153872821278,-1.1597199853943,1.89921964698948
35.145,1650,1500,1.45153872821278,-1.1597199853943,1.89921964698948
35.162,1650,1500,1.45153872821278,-1.1597199853943,1.89921964698948
35.179,1650,1500,1.45139251028272,-1.15978211122216,1.89948602741133
35.196,1650,1500,1.44701757681928,-1.16150906368659,1.90195360317727
35.213,1650,1500,1.43818360183951,-1.16487958975743,1.89261526186387
35.23,1650,1500,1.43608442352998,-1.16651392221326,1.88725610984128
35.247,1650,1500,1.43598064205968,-1.16652610334631,1.88737230531923
35.264,1650,1500,1.43205180263381,-1.16720035126591,1.89017654875323
35.281,1650,1500,1.42916038787363,-1.16868035385479,1.88495267901144
35.298,1650,1500,1.42278430685991,-1.17039304540271,1.87966103721833
35.315,1650,1500,1.42278430685991,-1.17039304540271,1.87966103721833
35.332,1650,1500,1.42278430685991,-1.17039304540271,1.87966103721833
35.349,1650,1500,1.42274297721354,-1.17040460866519,1.87960469917251
35.366,1650,1500,1.41565548618867,-1.17248474918294,1.87240750350337
35.383,1650,1500,1.40655933717635,-1.17562427034,1.86953786587224
35.4,1650,1500,1.40655933717635,-1.17562427034,1.86953786587224
35.417,1650,1500,1.40655933717635,-1.17562427034,1.86953786587224
35.434,1650,1500,1.40319058437083,-1.17621523352686,1.86479383501786
35.451,1650,1500,1.39982263691038,-1.17680608389254,1.86747265992515
35.468,1650,1500,1.39698967760142,-1.17891378272396,1.86088313389141
35.485,1650,1500,1.39698967760142,-1.17891378272396,1.86088313389141
35.502,1650,1500,1.38989769451676,-1.17932518608343,1.8623968358179
35.519,1650,1500,1.38983389120873,-1.17932888729013,1.86241045389752
35.536,1650,1500,1.38697719886699,-1.17987877141551,1.85768454500656
35.553,1650,1500,1.3836659360033,-1.18200631323905,1.85847589648177
35.57,1650,1500,1.38364468597273,-1.18202410680355,1.85848434817931
35.587,1650,1500,1.3644561698089,-1.18581699527203,1.84176208570389
35.604,1650,1500,1.36094537527129,-1.18908827030368,1.84165792975679
35.621,1650,1500,1.36090634186974,-1.18915592374589,1.84168025880321
35.638,1650,1500,1.35138102778079,-1.19069980844862,1.83263809090569
35.655,1650,1500,1.34736172741634,-1.19220735387085,1.82823646595317
35.672,1650,1500,1.34729818850226,-1.19223992870311,1.82816291728847
35.689,1650,1500,1.34437960454118,-1.19281884806357,1.82891163139154
35.706,1650,1500,1.34426347887246,-1.19284188231537,1.82894142149765
35.723,1650,1500,1.34073942526947,-1.193392914316,1.82422803576366
35.74,1650,1500,1.3405992089568,-1.1934148389755,1.82404049787625
35.757,1650,1500,1.3405992089568,-1.1934148389755,1.82404049787625
35.774,1650,1500,1.32863119380291,-1.19529356799246,1.82177558137966
35.791,1650,1500,1.32391854487654,-1.19771114676284,1.82131407783978
35.808,1650,1500,1.32379250660211,-1.19782598463959,1.82130655129819
35.825,1650,1500,1.32090264202834,-1.19769398250583,1.81685367035022
35.842,1650,1500,1.32064301577448,-1.19768212339665,1.81645362226151
35.859,1650,1500,1.32064301577448,-1.19768212339665,1.81645362226151
35.876,1650,1500,1.31728673163217,-1.19820711160278,1.81806055601232
35.893,1650,1500,1.31698520211184,-1.19825427669228,1.81820492339677
35.91,1650,1500,1.3047973490998,-1.20173135012706,1.81083936176521
35.927,1650,1500,1.29930727628177,-1.20188597131579,1.81089875006687
35.944,1650,1500,1.29914862484616,-1.20187179810577,1.81096353501413
35.961,1650,1500,1.29705910427181,-1.20295009825297,1.80636548717983
35.978,1650,1500,1.29274227620422,-1.20306486882376,1.80592011179077
35.995,1650,1500,1.29216004207875,-1.20302904367194,1.80608448248616
36.012,1650,1500,1.29216004207875,-1.20302904367194,1.80608448248616
36.029,1650,1500,1.29002932339716,-1.20391100989639,1.80709331989619
36.046,1650,1500,1.28895075712239,-1.20435745974142,1.80760399172565
36.063,1650,1500,1.27178190366215,-1.20664754697187,1.80052718628103
36.08,1650,1500,1.25733814691368,-1.20867063633129,1.79688768469415
36.097,1650,1500,1.25663862150887,-1.20878208393765,1.79717968774791
36.114,1650,1500,1.25500037816026,-1.20868345578578,1.79474690176037
36.131,1650,1500,1.25064792931965,-1.20896799329655,1.78879691929323
36.148,1650,1500,1.24634447857806,-1.20906961546847,1.78804722707806
36.165,1650,1500,1.24544906480562,-1.20901199669766,1.7883404781775
36.182,1650,1500,1.2386728969515,-1.20963397206783,1.78636741280103
36.199,1650,1500,1.23470993168713,-1.20999772734077,1.78521348779215
36.216,1650,1500,1.2329273234675,-1.21035790293615,1.78571545191011
36.233,1650,1500,1.22915451133164,-1.21046952997299,1.77979375835417
36.25,1650,1500,1.22269944824507,-1.21061700283351,1.77621746544852
36.267,1650,1500,1.21988672762241,-1.21079993999049,1.77694607062445
36.284,1650,1500,1.21988672762241,-1.21079993999049,1.77694607062445
36.301,1650,1500,1.21766217591163,-1.21069998772244,1.77738055357014
36.318,1650,1500,1.21579797994002,-1.21061622674959,1.7777446545048
36.335,1650,1500,1.21579797994002,-1.21061622674959,1.7777446545048
36.352,1650,1500,1.21197944255805,-1.21068471928858,1.77626467193849
36.369,1650,1500,1.20344821992418,-1.21108785276061,1.77449287986365
36.386,1650,1500,1.20160833532895,-1.21144813396088,1.77506394228408
36.403,1650,1500,1.20061037428292,-1.2118228787519,1.77529268461945
36.42,1650,1500,1.19811618246633,-1.2127594738172,1.775864377536
36.437,1650,1500,1.19811618246633,-1.2127594738172,1.775864377536
36.454,1650,1500,1.1974432574138,-1.21272934638186,1.77493564288753
36.471,1650,1500,1.19239752265816,-1.21250352238102,1.76969199478861
