timestamp,u_propeller_pwm,u_rudder_pwm,x,y,yaw
3.282,1650,1500,1.92714378726095,-1.30477028814263,1.90277085402518
3.299,1650,1500,1.92714378726095,-1.30477028814263,1.90277085402518
3.316,1650,1500,1.92531969428609,-1.30468945566484,1.9085239867788
3.333,1650,1500,1.92410357872062,-1.30463555818539,1.90876999204075
3.35,1650,1500,1.92410357872062,-1.30463555818539,1.90876999204075
3.367,1650,1500,1.92410357872062,-1.30463555818539,1.90876999204075
3.384,1650,1500,1.92167121892481,-1.30452774126703,1.90926188704466
3.401,1650,1500,1.92167121892481,-1.30452774126703,1.90926188704466
3.418,1650,1500,1.91986310322216,-1.30444758055667,1.90429716911175
3.435,1650,1500,1.9198468364373,-1.30444685938765,1.90425250382931
3.452,1650,1500,1.9198468364373,-1.30444685938765,1.90425250382931
3.469,1650,1500,1.9179352102115,-1.30435608807765,1.90977952899983
3.486,1650,1500,1.91670331793575,-1.30495830998008,1.90675552535475
3.503,1650,1500,1.91563710169372,-1.30496806841779,1.90673184362507
3.52,1650,1500,1.91561130483941,-1.30496633049655,1.90674243197648
3.537,1650,1500,1.91481520598337,-1.30493102839691,1.90697938531528
3.554,1650,1500,1.91395559455669,-1.30488745908933,1.90218238931255
3.571,1650,1500,1.91280974375374,-1.30548563966251,1.90199517974842
3.588,1650,1500,1.91144597597397,-1.30549007736944,1.90227836094908
3.605,1650,1500,1.91137662635843,-1.30548563156285,1.90229240096005
3.622,1650,1500,1.91092361318895,-1.30546553757295,1.90238445332176
3.639,1650,1500,1.90941730626551,-1.30539872336501,1.90269053517346
3.656,1650,1500,1.90767987954336,-1.305321657537,1.90304358061197
3.673,1650,1500,1.90658445226208,-1.30527306843141,1.90326617164269
3.69,1650,1500,1.90651151460934,-1.30526983318671,1.90328099258752
3.707,1650,1500,1.90486657656133,-1.30627433434333,1.90374242821566
3.724,1650,1500,1.90355907871252,-1.30654565023553,1.90416630242821
3.741,1650,1500,1.89743863159672,-1.30731565893828,1.89757088055284
3.758,1650,1500,1.89393992848706,-1.30754769144523,1.89539198523199
3.775,1650,1500,1.89275928596217,-1.30748628215627,1.89570791460326
3.792,1650,1500,1.89262237414502,-1.3074802069446,1.89574936634644
3.809,1650,1500,1.89262237414502,-1.3074802069446,1.89574936634644
3.826,1650,1500,1.89158648191126,-1.3074342380549,1.89590958557744
3.843,1650,1500,1.89031082622773,-1.30737762511307,1.89620960321466
3.86,1650,1500,1.89019015213168,-1.30737226938246,1.89624626211066
3.877,1650,1500,1.88942054717662,-1.30733811120183,1.89640746250115
3.894,1650,1500,1.88791926675188,-1.30727147272733,1.89665969448352
3.911,1650,1500,1.88671244519785,-1.30721789890854,1.89693980755446
3.928,1650,1500,1.88654149499319,-1.30721030965717,1.89699131917781
3.945,1650,1500,1.88328363962612,-1.30706565041965,1.89770045643688
3.962,1650,1500,1.88198012610792,-1.30700777023456,1.8979841921769
3.979,1650,1500,1.88111129124118,-1.30696918244522,1.89424606887231
3.996,1650,1500,1.88076365825375,-1.30695374293076,1.89275039343212
4.013,1650,1500,1.8798041626748,-1.30691112405339,1.8963659062791
4.03,1650,1500,1.87924301251847,-1.30688619888414,1.89848039814735
4.047,1650,1500,1.87847538529471,-1.3068520987834,1.8986369094871
4.064,1650,1500,1.87802644717966,-1.30683215572448,1.89872844337708
4.081,1650,1500,1.87802644717966,-1.30683215572448,1.89872844337708
4.098,1650,1500,1.87725879260389,-1.30679805118662,1.89888493039217
4.115,1650,1500,1.87680983849233,-1.3067781055327,1.89897645005616
4.132,1650,1500,1.87447493359845,-1.30667435219863,1.89949795629971
4.149,1650,1500,1.87133790409221,-1.30654329066258,1.90011593076754
4.166,1650,1500,1.86988757750057,-1.30607860466238,1.90037976126504
4.183,1650,1500,1.86948004822962,-1.30574573920207,1.90046367859239
4.2,1650,1500,1.86878763902664,-1.30612690933209,1.90060810620653
4.217,1650,1500,1.86829236279675,-1.30639955808391,1.90071141442936
4.234,1650,1500,1.86678634054539,-1.30594812654833,1.9009809206961
4.251,1650,1500,1.86552427924982,-1.30556982253049,1.90120676956908
4.268,1650,1500,1.86552427924982,-1.30556982253049,1.90120676956908
4.285,1650,1500,1.85823572201578,-1.30489341558304,1.89917706220279
4.302,1650,1500,1.84869098462863,-1.30411212859786,1.89733502699932
4.319,1650,1500,1.84707726539342,-1.30404170251826,1.8978010180966
4.336,1650,1500,1.84661901845019,-1.30402128798687,1.89789245003631
4.353,1650,1500,1.84661901845019,-1.30402128798687,1.89789245003631
4.37,1650,1500,1.84606363408917,-1.30399654435714,1.8980056523856
4.387,1650,1500,1.84540089194766,-1.30396701769542,1.89814073715331
4.404,1650,1500,1.84477155471999,-1.30393897668785,1.89821797984372
4.421,1650,1500,1.84310166079263,-1.30386456832503,1.89849391506915
4.438,1650,1500,1.84211085240619,-1.30382041467611,1.89876879384946
4.455,1650,1500,1.84174625009448,-1.3038041663505,1.89888536414709
4.472,1650,1500,1.84174625009448,-1.3038041663505,1.89888536414709
4.489,1650,1500,1.84174625009448,-1.3038041663505,1.89888536414709
4.506,1650,1500,1.84138525243608,-1.30378807530468,1.89895886694723
4.523,1650,1500,1.83687278170608,-1.30358693723204,1.89987765194894
4.54,1650,1500,1.83687278170608,-1.30358693723204,1.89987765194894
4.557,1650,1500,1.83454517012097,-1.30409132776054,1.89737464380003
4.574,1650,1500,1.83416614129954,-1.30417346283358,1.89696705336063
4.591,1650,1500,1.83416614129954,-1.30417346283358,1.89696705336063
4.608,1650,1500,1.82817207748459,-1.30451421360408,1.89353180538037
4.625,1650,1500,1.82719600271425,-1.3045697015402,1.89297240878619
4.642,1650,1500,1.82719600271425,-1.3045697015402,1.89297240878619
4.659,1650,1500,1.82584986671119,-1.3044996109948,1.89335531303286
4.676,1650,1500,1.82422763166688,-1.30503904933783,1.893699143784
4.693,1650,1500,1.82250850112086,-1.30507034574512,1.88941563609246
4.71,1650,1500,1.8223589276862,-1.30506083515113,1.88871471760683
4.727,1650,1500,1.8223589276862,-1.30506083515113,1.88871471760683
4.744,1650,1500,1.8194234486358,-1.30550328901296,1.89210687699913
4.761,1650,1500,1.81874106762239,-1.30560614177036,1.89289541785533
4.778,1650,1500,1.81874106762239,-1.30560614177036,1.89289541785533
4.795,1650,1500,1.80681321425191,-1.30692697608469,1.88763855306666
4.812,1650,1500,1.79853316240688,-1.30754413665924,1.88513572728892
4.829,1650,1500,1.79818666283377,-1.30751405046687,1.88522824321053
4.846,1650,1500,1.79818666283377,-1.30751405046687,1.88522824321053
4.863,1650,1500,1.79728658727306,-1.30747388843286,1.88549858143732
4.88,1650,1500,1.79508742400291,-1.30737575169482,1.88591311917858
4.897,1650,1500,1.79453165147231,-1.30735094885821,1.88598012872671
4.914,1650,1500,1.79379223834169,-1.30732584879085,1.88625273982992
4.931,1650,1500,1.79136093440298,-1.30684847893191,1.88552730959472
4.948,1650,1500,1.79052954797882,-1.30646627545474,1.88457342860336
4.965,1650,1500,1.78811525532629,-1.30635845624808,1.8850961991138
4.982,1650,1500,1.78474001066404,-1.30620772215982,1.88582704604452
4.999,1650,1500,1.78408655888836,-1.30588398215397,1.88593155116035
5.016,1650,1500,1.78317301610987,-1.30543138510633,1.88607765206243
5.033,1650,1500,1.78256298438444,-1.30540412700124,1.88622925368644
5.05,1650,1500,1.780223546809,-1.30529958765634,1.88671877121356
5.067,1650,1500,1.77951519084291,-1.3052679314625,1.88682923447413
5.084,1650,1500,1.77787089632705,-1.30521249089223,1.88729119320004
5.101,1650,1500,1.77142619506034,-1.3046197559098,1.88753959084011
5.118,1650,1500,1.76940860075344,-1.30410941461337,1.88661370620305
5.135,1650,1500,1.76940860075344,-1.30410941461337,1.88661370620305
5.152,1650,1500,1.76860384572424,-1.30381253549451,1.88679858047151
5.169,1650,1500,1.76722781671679,-1.30330490986382,1.88711469201712
5.186,1650,1500,1.76722781671679,-1.30330490986382,1.88711469201712
5.203,1650,1500,1.76691552174095,-1.30329093646702,1.88878468760696
5.22,1650,1500,1.76370333494032,-1.30314719243116,1.89164621311946
5.237,1650,1500,1.76082125080989,-1.30301820531206,1.88836646277117
5.254,1650,1500,1.75636615072691,-1.30281871006283,1.88800145955908
5.271,1650,1500,1.74352191314606,-1.30224352061654,1.88448118624575
5.288,1650,1500,1.7417837273929,-1.30216564190827,1.88125096123394
5.305,1650,1500,1.74037308057841,-1.30210243445735,1.88164899959595
5.322,1650,1500,1.73992721810322,-1.30208245452483,1.88057697672992
5.339,1650,1500,1.73823598561196,-1.3020066672296,1.87651061097079
5.356,1650,1500,1.73735488077027,-1.30211473800325,1.87784482766997
5.373,1650,1500,1.73401269967317,-1.30252466889881,1.88290573940304
5.39,1650,1500,1.73401269967317,-1.30252466889881,1.88290573940304
5.407,1650,1500,1.73363052294441,-1.30250754122395,1.88183461853924
5.424,1650,1500,1.73218086136251,-1.30244257302898,1.87777167422853
5.441,1650,1500,1.73075099429038,-1.30251185581624,1.8770380715078
5.458,1650,1500,1.72459996612192,-1.30280989777018,1.87388224598552
5.475,1650,1500,1.72433022456637,-1.30279780601192,1.87462746778233
5.492,1650,1500,1.7224625574915,-1.30271408372919,1.87978731870158
5.509,1650,1500,1.7224625574915,-1.30271408372919,1.87978731870158
5.526,1650,1500,1.72216322289273,-1.30270066403687,1.87906656041978
5.543,1650,1500,1.72032501260229,-1.30261825386235,1.87464039219216
5.56,1650,1500,1.72008067056451,-1.30260729848403,1.87469814158513
5.577,1650,1500,1.71818733143247,-1.30252240827576,1.87514562572074
5.594,1650,1500,1.71818733143247,-1.30252240827576,1.87514562572074
5.611,1650,1500,1.71799427674147,-1.30253907590181,1.87519393215368
5.628,1650,1500,1.71176256374288,-1.3029543145139,1.87621054199883
5.645,1650,1500,1.70999593113376,-1.30286211470954,1.8712474144087
5.662,1650,1500,1.70997460776442,-1.30286115841184,1.87125246486501
5.679,1650,1500,1.70785793697963,-1.30276623122813,1.87175379995666
5.696,1650,1500,1.70784304000324,-1.30276556308826,1.87175774993405
5.713,1650,1500,1.70559868300322,-1.30266489979424,1.87228013399436
5.73,1650,1500,1.70388701463956,-1.30258812196058,1.87251308223425
5.747,1650,1500,1.70368336579505,-1.30258480635144,1.8724246176217
5.764,1650,1500,1.68023369067018,-1.30226043282656,1.86368012856883
5.781,1650,1500,1.6755875856805,-1.30273208513709,1.86735074052576
5.798,1650,1500,1.6755875856805,-1.30273208513709,1.86735074052576
5.815,1650,1500,1.67556015039392,-1.30273085358747,1.86730140636714
5.832,1650,1500,1.67283677827316,-1.30260860343689,1.86240423600916
5.849,1650,1500,1.67283677827316,-1.30260860343689,1.86240423600916
5.866,1650,1500,1.67276751772269,-1.30260440262141,1.86241306557249
5.883,1650,1500,1.67017921460922,-1.30252033322835,1.8631111038556
5.9,1650,1500,1.66836723412516,-1.30311444831999,1.86624147447977
5.917,1650,1500,1.65846778703871,-1.30196340632122,1.8597379839318
5.934,1650,1500,1.65846778703871,-1.30196340632122,1.8597379839318
5.951,1650,1500,1.65844338778981,-1.30196231045555,1.85974307264005
5.968,1650,1500,1.65602138887858,-1.30185352901416,1.86024820482155
5.985,1650,1500,1.65600670632434,-1.30185286952684,1.86025126613203
6.002,1650,1500,1.65357481258483,-1.30174363575633,1.86075826829842
6.019,1650,1500,1.6512477909224,-1.30163438636538,1.86123912110004
6.036,1650,1500,1.6493691065627,-1.30225492407351,1.86177445103054
6.053,1650,1500,1.64935797272588,-1.30226118202364,1.86177792167808
6.07,1650,1500,1.64935797272588,-1.30226118202364,1.86177792167808
6.087,1650,1500,1.64239348782514,-1.30194834691137,1.85761808856859
6.104,1650,1500,1.64232332751261,-1.30194519540634,1.85757618235511
6.121,1650,1500,1.64048696282142,-1.30186848081868,1.86333178286063
6.138,1650,1500,1.63743993883667,-1.30104500334529,1.8616131843769
6.155,1650,1500,1.63736174652431,-1.30101520393607,1.86153569239281
6.172,1650,1500,1.63736174652431,-1.30101520393607,1.86153569239281
6.189,1650,1500,1.6359972664908,-1.3015910940834,1.85907432803162
6.206,1650,1500,1.63330111318942,-1.30106634737583,1.86192075689366
6.223,1650,1500,1.63031251817159,-1.30009768991488,1.86054664018231
6.24,1650,1500,1.6299491413232,-1.29997467700953,1.8600172033461
6.257,1650,1500,1.61307517857416,-1.29921594288349,1.85939035744171
6.274,1650,1500,1.60596746690218,-1.29889632156009,1.85462221641883
6.291,1650,1500,1.60575877697833,-1.29888693567482,1.8536443494357
6.308,1650,1500,1.60375988741176,-1.29879703403012,1.85416223096207
6.325,1650,1500,1.60033627864504,-1.29864304948005,1.85485518335481
6.342,1650,1500,1.59993825705615,-1.29862514722461,1.85492446981626
6.359,1650,1500,1.59842546100573,-1.29910057661087,1.8553294693408
6.376,1650,1500,1.59568011948091,-1.2986389003658,1.8525430650977
6.393,1650,1500,1.59268001804472,-1.29829346012184,1.84607664418523
6.41,1650,1500,1.59227815378376,-1.29828059179617,1.84517917321429
6.427,1650,1500,1.587125552177,-1.29846632499844,1.8461012076357
6.444,1650,1500,1.58300840769063,-1.29910844598326,1.84996788441509
6.461,1650,1500,1.57992848856111,-1.29914951872804,1.84736462783587
6.478,1650,1500,1.57925187514476,-1.29911013948872,1.84595602365382
6.495,1650,1500,1.57768947558514,-1.29903988159854,1.84632350849729
6.512,1650,1500,1.57430115485412,-1.29888751414942,1.84293918345885
6.529,1650,1500,1.57373519431691,-1.29886206361687,1.84152623656333
6.546,1650,1500,1.57233591681749,-1.29879913944488,1.84182061159304
6.563,1650,1500,1.56997019138178,-1.29866808994811,1.84243350932106
6.58,1650,1500,1.56368893285523,-1.29887276361751,1.84008178429801
6.597,1650,1500,1.56124557960986,-1.29900800771768,1.83863372702169
6.614,1650,1500,1.56025544872525,-1.29930147340407,1.83878322304993
6.631,1650,1500,1.5572834925052,-1.29955293520519,1.84040363972879
6.648,1650,1500,1.55449486819306,-1.29939801321137,1.83936086461371
6.665,1650,1500,1.5515476676707,-1.29959161759853,1.83683159975822
6.682,1650,1500,1.55036980154327,-1.29993375100692,1.8371331739535
6.699,1650,1500,1.5496981253034,-1.29965222331669,1.83661684862029
6.716,1650,1500,1.54644059398648,-1.29903610250199,1.83804240167825
6.733,1650,1500,1.54507563830559,-1.29898853793647,1.84198947945838
6.75,1650,1500,1.54507563830559,-1.29898853793647,1.84198947945838
6.767,1650,1500,1.53958304649848,-1.29848186702964,1.83973282304666
6.784,1650,1500,1.52752799449898,-1.29749023774486,1.83606518300739
6.801,1650,1500,1.5265856490256,-1.29744979791378,1.83639169378494
6.818,1650,1500,1.52562092643227,-1.29740643379918,1.83494522662899
6.835,1650,1500,1.52320980707332,-1.2972980543988,1.83133008898639
6.852,1650,1500,1.52320980707332,-1.2972980543988,1.83133008898639
6.869,1650,1500,1.52264307541932,-1.29727258074605,1.83314605566486
6.886,1650,1500,1.51947252776659,-1.29713007231878,1.8362392625691
6.903,1650,1500,1.51648723878276,-1.29699589729552,1.83277489402586
6.92,1650,1500,1.51492225138942,-1.29692556036787,1.83314514570808
6.937,1650,1500,1.51275018476797,-1.29664436043436,1.83209928809108
6.954,1650,1500,1.50654428013523,-1.29584093205292,1.82911112347109
6.971,1650,1500,1.50654428013523,-1.29584093205292,1.82911112347109
6.988,1650,1500,1.50545497845855,-1.29579197460083,1.83054700260338
7.005,1650,1500,1.50132307122056,-1.29560627062648,1.83599353730227
7.022,1650,1500,1.50074631594858,-1.29558035115822,1.8361014787025
7.039,1650,1500,1.49855858473153,-1.29548203418981,1.83651091886261
7.056,1650,1500,1.49812857667969,-1.29532160693636,1.83479482498209
7.073,1650,1500,1.49463376384638,-1.29471385772574,1.82805013767965
7.09,1650,1500,1.4927217268494,-1.2952197502915,1.83196585634618
7.107,1650,1500,1.4919946696609,-1.2949814565649,1.83151903381384
7.124,1650,1500,1.48560659790823,-1.29360052366059,1.82656096691477
7.141,1650,1500,1.48305437298577,-1.29409275865246,1.8241259233963
7.158,1650,1500,1.48125983066591,-1.29399622040868,1.82458097617896
7.175,1650,1500,1.48105490338967,-1.29398701366052,1.82461954077162
7.192,1650,1500,1.47849331243663,-1.2938719293085,1.82510159817991
7.209,1650,1500,1.47837734550533,-1.2938667197459,1.82512836930481
7.226,1650,1500,1.47511171671977,-1.29372001846302,1.82588224418207
7.243,1650,1500,1.47511171671977,-1.29372001846302,1.82588224418207
7.26,1650,1500,1.47509585297399,-1.29371930586682,1.82588743280501
7.277,1650,1500,1.47248512470911,-1.29360203540973,1.82635628221351
7.294,1650,1500,1.46957749599263,-1.29347143990358,1.8212208816185
7.311,1650,1500,1.46930379992867,-1.29344652680773,1.82116542772317
7.328,1650,1500,1.43738548978711,-1.29060776227763,1.81500151397323
7.345,1650,1500,1.4350761267324,-1.29050411159898,1.81548814419721
7.362,1650,1500,1.43156048425223,-1.29034639592482,1.81630333067091
7.379,1650,1500,1.43153570334352,-1.29034528410741,1.81630917587649
7.396,1650,1500,1.42920892109999,-1.2902409020317,1.81681197191452
7.413,1650,1500,1.42338820114933,-1.28997982976689,1.81240319714286
7.43,1650,1500,1.4232212132399,-1.28997234035197,1.81222698324279
7.447,1650,1500,1.4179937049167,-1.28975687575757,1.81348633778798
7.464,1650,1500,1.41395718426737,-1.2888717122713,1.809634811201
7.481,1650,1500,1.41387697291678,-1.2888434756679,1.80947957157415
7.498,1650,1500,1.4108850683813,-1.28872085476957,1.81023632386484
7.515,1650,1500,1.40798040728538,-1.28789459523242,1.80968024568369
7.532,1650,1500,1.40791777006181,-1.2878661452642,1.80965692222013
7.549,1650,1500,1.40791777006181,-1.2878661452642,1.80965692222013
7.566,1650,1500,1.40509554344755,-1.28774410930499,1.80470492514049
7.583,1650,1500,1.39686677251599,-1.28671693727433,1.80587421400765
7.6,1650,1500,1.39284480252714,-1.28647909990458,1.81234053588792
7.617,1650,1500,1.39270524604247,-1.28647392181072,1.81280195327514
7.634,1650,1500,1.39015846761778,-1.28635984288255,1.80808494173478
7.651,1650,1500,1.38992966432098,-1.28634959399925,1.80766116407864
7.668,1650,1500,1.38992966432098,-1.28634959399925,1.80766116407864
7.685,1650,1500,1.38426602975062,-1.28548463250842,1.80469599519241
7.702,1650,1500,1.38334376215668,-1.28534378197453,1.80421314638916
7.719,1650,1500,1.38334376215668,-1.28534378197453,1.80421314638916
7.736,1650,1500,1.38114634009687,-1.28524539034894,1.80462934976357
7.753,1650,1500,1.38056703001166,-1.28521945119867,1.80473907416141
7.77,1650,1500,1.35791681526977,-1.2831900583479,1.80097207441498
7.787,1650,1500,1.34885414741636,-1.28237806987184,1.79946484510635
7.804,1650,1500,1.34885414741636,-1.28237806987184,1.79946484510635
7.821,1650,1500,1.3470532302373,-1.28229760126301,1.7999257385727
7.838,1650,1500,1.34576504477275,-1.28224004254046,1.80025541295805
7.855,1650,1500,1.34576504477275,-1.28224004254046,1.80025541295805
7.872,1650,1500,1.34461408034534,-1.28218862603414,1.79785604254401
7.889,1650,1500,1.34096090111586,-1.28203192609115,1.79535409253365
7.906,1650,1500,1.33382728310188,-1.28105027361478,1.79398274508958
7.923,1650,1500,1.32915326340312,-1.28007397554696,1.79183193325262
7.94,1650,1500,1.32915326340312,-1.28007397554696,1.79183193325262
7.957,1650,1500,1.32915326340312,-1.28007397554696,1.79183193325262
7.974,1650,1500,1.32915326340312,-1.28007397554696,1.79183193325262
7.991,1650,1500,1.32915326340312,-1.28007397554696,1.79183193325262
8.008,1650,1500,1.32657126337329,-1.28064907653024,1.79822002564187
8.025,1650,1500,1.32648891283826,-1.28066741885136,1.79842376801986
8.042,1650,1500,1.32423176286263,-1.28014673679534,1.79531698195669
8.059,1650,1500,1.32266043168658,-1.27978426024028,1.79315417051259
8.076,1650,1500,1.32266043168658,-1.27978426024028,1.79315417051259
8.093,1650,1500,1.32266043168658,-1.27978426024028,1.79315417051259
8.11,1650,1500,1.32141334927773,-1.27972863832747,1.791870944753
8.127,1650,1500,1.3124960627309,-1.27933107861583,1.79071818087587
8.144,1650,1500,1.30657827331903,-1.27906739315939,1.79658785671409
8.161,1650,1500,1.30618044671634,-1.27904967463517,1.79559261559443
8.178,1650,1500,1.30270499217283,-1.27889490227429,1.79139552494996
8.195,1650,1500,1.29927029938097,-1.2787419979123,1.79226622620009
8.212,1650,1500,1.29729710379966,-1.27865417786378,1.79263369742555
8.229,1650,1500,1.29708164575957,-1.2786008929189,1.79232894662407
8.246,1650,1500,1.28971250090516,-1.27720024770654,1.78602094392556
8.263,1650,1500,1.2537953742507,-1.27243967051597,1.77190533975203
8.28,1650,1500,1.25362016951208,-1.27243190106982,1.77224024014497
8.297,1650,1500,1.25001714260309,-1.2722732529444,1.77940934122177
8.314,1650,2000,1.246845491266,-1.27209589551839,1.78477618397109
8.331,1650,2000,1.24374096938664,-1.27127928476888,1.77412611745027
8.348,1650,2000,1.24374096938664,-1.27127928476888,1.77412611745027
8.365,1650,2000,1.24361332298234,-1.27127363044598,1.77415354500673
8.382,1650,2000,1.24001880023746,-1.27111440471313,1.77492590499683
8.399,1650,2000,1.23994076856491,-1.27109689733602,1.77493999722354
8.416,1650,2000,1.2301271603211,-1.26924277612013,1.77676384188234
8.433,1650,2000,1.22671920632458,-1.26909540595028,1.77749732342152
8.45,1650,2000,1.22671920632458,-1.26909540595028,1.77749732342152
8.467,1650,2000,1.22316942088538,-1.26822280336092,1.76620903249915
8.484,1650,2000,1.22316942088538,-1.26822280336092,1.76620903249915
8.501,1650,2000,1.21961819342431,-1.2673499105827,1.77297188018493
8.518,1650,2000,1.21961819342431,-1.2673499105827,1.77297188018493
8.535,1650,2000,1.21589149633139,-1.26718518918527,1.77377205478438
8.552,1650,2000,1.21278566846908,-1.26704797155896,1.76834861314539
8.569,1650,2000,1.20564141667142,-1.26673254720527,1.76371397712145
8.586,1650,2000,1.20564141667142,-1.26673254720527,1.76371397712145
8.603,1650,2000,1.20253485345267,-1.26659548401896,1.77048617621484
8.62,1650,2000,1.19911737845126,-1.26644476988094,1.77128723887805
8.637,1650,2000,1.19911737845126,-1.26644476988094,1.77128723887805
8.654,1650,2000,1.19911737845126,-1.26644476988094,1.77128723887805
8.671,1650,2000,1.19576927310821,-1.26559267173579,1.76590432050012
8.688,1650,2000,1.19216420438493,-1.26542163533469,1.76665059372034
8.705,1650,2000,1.19214114701482,-1.26542095706547,1.76665859954725
8.722,1650,2000,1.18884729145157,-1.26460524184967,1.7672577914959
8.739,1650,2000,1.18163408535152,-1.26423886844934,1.76273067418849
8.756,1650,2000,1.18143071933215,-1.26423273275673,1.76254970099463
8.773,1650,2000,1.15062333449155,-1.26036389085974,1.74030441750806
8.79,1650,2000,1.14350633296781,-1.25900964041349,1.73857600856738
8.807,1650,2000,1.14336262194836,-1.25897367546278,1.73858060962417
8.824,1650,2000,1.14336262194836,-1.25897367546278,1.73858060962417
8.841,1650,2000,1.14090021128327,-1.25887825801147,1.73407086509256
8.858,1650,2000,1.13735267475428,-1.25746741861574,1.72679620264455
8.875,1650,2000,1.13342814216665,-1.25709659024996,1.72777311478367
8.892,1650,2000,1.13309517140324,-1.25708705205838,1.72803000811373
8.909,1650,2000,1.12766937210368,-1.25496819667504,1.71717104030489
8.926,1650,2000,1.12382978374565,-1.25509077149381,1.7160671890302
8.943,1650,2000,1.11738410005773,-1.25383423648962,1.7120728645258
8.96,1650,2000,1.11627670647747,-1.25347431715362,1.71097911550292
8.977,1650,2000,1.11306774768276,-1.25333426480929,1.71162817256471
8.994,1650,2000,1.11222176446142,-1.25329734257345,1.71179928457302
9.011,1650,2000,1.11222176446142,-1.25329734257345,1.71179928457302
9.028,1650,2000,1.10975315375384,-1.25318966693914,1.70717078046637
9.045,1650,2000,1.10910234974786,-1.25316128022999,1.70595056011932
9.062,1650,2000,1.10654065908187,-1.25253522287535,1.69600887668685
9.079,1650,2000,1.10551569080172,-1.2522847285676,1.69203107003562
9.096,1650,2000,1.09957866205696,-1.25167617124366,1.692354783547
9.113,1650,2000,1.0931554595247,-1.25051957569182,1.69094621421374
9.13,1650,2000,1.09012085127118,-1.25043594276715,1.68519431338627
9.147,1650,2000,1.0862482276588,-1.25114922542557,1.68153856918933
9.164,1650,2000,1.0849178204074,-1.25138847816607,1.68116600437542
9.181,1650,2000,1.0849178204074,-1.25138847816607,1.68116600437542
9.198,1650,2000,1.08367141717715,-1.25101630356235,1.6797943951653
9.215,1650,2000,1.07946067109338,-1.25041907243716,1.6748536802286
9.232,1650,2000,1.07820258443596,-1.25037630327644,1.67326520218919
9.249,1650,2000,1.07820258443596,-1.25037630327644,1.67326520218919
9.266,1650,2000,1.06536754241286,-1.25064828826449,1.6583520020432
9.283,1650,2000,1.04465244981842,-1.25108725793842,1.63428286994782
9.3,1650,2000,1.04380730442398,-1.25125669262863,1.63257657159363
9.317,1650,2000,1.04169504289328,-1.25168015867417,1.62831204102037
9.334,1650,2000,1.04084322901347,-1.25163046378513,1.62630292372736
9.351,1650,2000,1.03695837189569,-1.25170174226701,1.62357668594093
9.368,1650,2000,1.03530387268351,-1.25212524968096,1.6266827855778
9.385,1650,2000,1.03455256820464,-1.25148549919088,1.62452211405187
9.402,1650,2000,1.0304464281991,-1.24972498820886,1.61423592332468
9.419,1650,2000,1.02681397211909,-1.24982635780342,1.61129231867212
9.436,1650,2000,1.02497461914411,-1.25024082561992,1.6118932575053
9.453,1650,2000,1.02497461914411,-1.25024082561992,1.6118932575053
9.47,1650,2000,1.02144372657239,-1.24942235693299,1.60799134155299
9.487,1650,2000,1.00950828994102,-1.24599206748324,1.59017701219778
9.504,1650,2000,1.00801299121948,-1.24518518486544,1.58511137588473
9.521,1650,2000,1.00703980574809,-1.24514350587525,1.58352746589078
9.538,1650,2000,1.00425927582983,-1.24502442304615,1.57900200876518
9.555,1650,2000,1.00425927582983,-1.24502442304615,1.57900200876518
9.572,1650,2000,1.00371131739733,-1.24491034288087,1.5786702034253
9.589,1650,2000,0.999491584484474,-1.24365234842559,1.57250958672
9.606,1650,2000,0.997483380383909,-1.24256676465534,1.56284507287359
9.623,1650,2000,0.997483380383909,-1.24256676465534,1.56284507287359
9.64,1650,2000,0.995766489076568,-1.24205942099218,1.5623381760314
9.657,1650,2000,0.985709237089952,-1.23877792235804,1.55630226378727
9.674,1650,2000,0.982387790781932,-1.23706251347223,1.5446167561397
9.691,1650,2000,0.979933445424038,-1.23529989054518,1.53638639273228
9.708,1650,2000,0.979933445424038,-1.23529989054518,1.53638639273228
9.725,1650,2000,0.979660379921822,-1.23522843734538,1.53645624829537
9.742,1650,2000,0.976620924899627,-1.23443310148191,1.53723380108157
9.759,1650,2000,0.976451643803836,-1.23442864151144,1.53692036767021
9.776,1650,2000,0.972740358998602,-1.23405398789442,1.52872124593679
9.793,1650,2000,0.969814047908086,-1.23196503758943,1.51914599513698
9.81,1650,2000,0.967335331562944,-1.2311585538184,1.51451894730623
9.827,1650,2000,0.936351377248677,-1.2210775066805,1.45668084942196
9.844,1650,2000,0.936149316790702,-1.22097386578836,1.45728684976857
9.861,1650,2000,0.932232568460308,-1.21928342176903,1.46314622051552
9.878,1650,2000,0.928874531937651,-1.21842236872917,1.44905243263646
9.895,1650,2000,0.926483300058115,-1.21773805419524,1.44426671370312
9.912,1650,2000,0.926307796658253,-1.21764608792998,1.44387925440212
9.929,1650,2000,0.922502680231874,-1.21599059715111,1.43598961531667
9.946,1650,2000,0.919309122192884,-1.21524069938156,1.43053096216062
9.963,1650,2000,0.919241371478257,-1.21516869733705,1.43037748419963
9.98,1650,2000,0.915612372029911,-1.21274893240876,1.42214572749574
9.997,1650,2000,0.910046741436689,-1.211920522694,1.40947632970573
10.014,1650,2000,0.90994734496775,-1.21190019358129,1.40951380072209
10.031,1650,2000,0.905969286976207,-1.21087442306014,1.41020796134095
10.048,1650,2000,0.903170047197601,-1.20943093036731,1.40323561185342
10.065,1650,2000,0.903170047197601,-1.20943093036731,1.40323561185342
10.082,1650,2000,0.903154528089406,-1.20943047917538,1.40320031622419
10.099,1650,2000,0.900014714995787,-1.20929754500359,1.39617012173228
10.116,1650,2000,0.893525655156925,-1.20697004953867,1.3824946688923
10.133,1650,2000,0.886404130341373,-1.20360472380911,1.36748221538215
10.15,1650,2000,0.886358214327446,-1.20358144178874,1.36738540406427
10.167,1650,2000,0.883819392022857,-1.20416800789613,1.37558288285731
10.184,1650,2000,0.879773253990727,-1.20192854773761,1.3625700172503
10.201,1650,2000,0.876250847095109,-1.20168333793545,1.35417865846744
10.218,1650,2000,0.876173285727201,-1.2016813221437,1.35402408447919
10.235,1650,2000,0.873690943287602,-1.19956497658746,1.35473767807693
10.252,1650,2000,0.870735610064835,-1.19924444665085,1.35541223880174
10.269,1650,2000,0.84867712894269,-1.19122364702785,1.30904332796167
10.286,1650,2000,0.845869151870198,-1.19008246392445,1.30234234116072
10.303,1650,2000,0.837913882711608,-1.18656711422931,1.2839771359406
10.32,1650,2000,0.836618444798919,-1.18599467385292,1.28098654157576
10.337,1650,2000,0.833541576599796,-1.18459147805485,1.27916849471407
10.354,1650,2000,0.833040538653998,-1.18436298131897,1.2788724435328
10.371,1650,2000,0.8306908062078,-1.18323720364786,1.2670598810657
10.388,1650,2000,0.82683582579298,-1.18197242345943,1.26436588737151
10.405,1650,2000,0.826398662394276,-1.18186023521821,1.26447665804581
10.422,1650,2000,0.826398662394276,-1.18186023521821,1.26447665804581
10.439,1650,2000,0.824759846078828,-1.18032587569623,1.2605534851785
10.456,1650,2000,0.821453503925886,-1.17892665329713,1.24856860682273
10.473,1650,2000,0.817971494010498,-1.17729784216804,1.2499651937119
10.49,1650,2000,0.817544550224437,-1.17703352536001,1.25085060912835
10.507,1650,2000,0.817544550224437,-1.17703352536001,1.25085060912835
10.524,1650,2000,0.815499575528738,-1.17591878277449,1.23862811702547
10.541,1650,2000,0.807198139767149,-1.17125095581981,1.21931539181296
10.558,1650,2000,0.801656791680069,-1.16902929640275,1.20496643031975
10.575,1650,2000,0.801153910919203,-1.16890077145863,1.20262708329211
10.592,1650,2000,0.798885790712473,-1.1672066370967,1.1938094051716
10.609,1650,2000,0.797978284080883,-1.16652879023316,1.19028132877343
10.626,1650,2000,0.795857713510944,-1.16537305819492,1.19429311509039
10.643,1650,2000,0.795009243553636,-1.16491063363473,1.19589828693109
10.66,1650,2000,0.793401848076639,-1.16362488338988,1.18245723513135
10.677,1650,2000,0.789735807131491,-1.1616211261872,1.17597146410452
10.694,1650,2000,0.785592992650166,-1.15855855504379,1.16191488482402
10.711,1650,2000,0.784816114720792,-1.15774857115381,1.15532259694095
10.728,1650,2000,0.780084343645747,-1.15514630794925,1.14064132009677
10.745,1650,2000,0.759038668994715,-1.14039841004891,1.06524735564685
10.762,1650,2000,0.751683863557199,-1.13451764924499,1.036676179297
10.779,1650,2000,0.751683863557199,-1.13451764924499,1.036676179297
10.796,1650,2000,0.748156029468514,-1.13197972010593,1.02659765525665
10.813,1650,2000,0.74609281553213,-1.13049544090299,1.02070334426144
10.83,1650,2000,0.744840756437541,-1.13000100548391,1.01139234917749
10.847,1650,2000,0.743945165932236,-1.12964733873709,1.00473224916451
10.864,1650,2000,0.741705805867102,-1.12775222305161,1.00525821674209
10.881,1650,2000,0.740170507978825,-1.12645293797671,1.00561881838169
10.898,1650,2000,0.740170507978825,-1.12645293797671,1.00561881838169
10.915,1650,2000,0.736329008151068,-1.1235670313309,0.996868678648544
10.932,1650,2000,0.729735295345545,-1.11915940088892,0.966660129373834
10.949,1650,2000,0.726597707775438,-1.11676059233926,0.956090289618637
10.966,1650,2000,0.723487417580423,-1.11458381853015,0.944447927391944
10.983,1650,2000,0.722664140793578,-1.11429715827789,0.929990943201342
11,1650,2000,0.721577234720411,-1.1130902680755,0.930206106211772
11.017,1650,2000,0.718115739689949,-1.11024146993651,0.931112867145762
11.034,1650,2000,0.715179076736016,-1.10897279243051,0.9287221143124
11.051,1650,2000,0.713989679796861,-1.10858327683403,0.923959041623956
11.068,1650,2000,0.710882031826217,-1.10639265763931,0.915373029023337
11.085,1650,2000,0.704742841549518,-1.10206506706687,0.898411273518449
11.102,1650,2000,0.704111512988382,-1.1014710933797,0.900847120417112
11.119,1650,2000,0.700736669819522,-1.09921790250773,0.904993152604794
11.136,1650,2000,0.699300863061705,-1.09876558031594,0.899445009389684
11.153,1650,2000,0.699300863061705,-1.09876558031594,0.899445009389684
11.17,1650,2000,0.698597822294812,-1.09831987009525,0.894623834281662
11.187,1650,2000,0.691918756476029,-1.09388994535591,0.866184120814781
11.204,1650,2000,0.689690055609417,-1.09220682194298,0.873351064532301
11.221,1650,2000,0.689287887197932,-1.09183736460618,0.873445942721772
11.238,1650,2000,0.686171594978839,-1.08897454149258,0.87418112767208
11.255,1650,2000,0.685951921956508,-1.08881641915769,0.87335841794664
11.272,1650,2000,0.662105133655376,-1.07146618005108,0.791698023909893
11.289,1650,2000,0.65942187850696,-1.06925642256017,0.792307384717497
11.306,1650,2000,0.65940007900967,-1.0692383024948,0.792315147712057
11.323,1650,2000,0.656287499065657,-1.06668251780009,0.792791646765503
11.34,1650,2000,0.654155713211703,-1.06502079308552,0.763828392163807
11.357,1650,2000,0.650998826373907,-1.06266968128848,0.786696334292362
11.374,1650,2000,0.650981215761569,-1.06264915061367,0.786569134429146
11.391,1650,2000,0.648083946570711,-1.05942365985802,0.764958294989052
11.408,1650,2000,0.645405313552841,-1.05696582720406,0.742225420315749
11.425,1650,2000,0.645405313552841,-1.05696582720406,0.742225420315749
11.442,1650,2000,0.642847767106643,-1.05542670930596,0.758551038616907
11.459,1650,2000,0.637309593202521,-1.0503995351408,0.736832205314793
11.476,1650,2000,0.637267518857986,-1.05035825472825,0.736611929890973
11.493,1650,2000,0.634503783272141,-1.04724299653944,0.730923739506284
11.51,1650,2000,0.631901514909747,-1.04543054982532,0.707411437711933
11.527,1650,2000,0.631885775807232,-1.04542105989458,0.707212810564166
11.544,1650,2000,0.629374421057339,-1.04228931101401,0.707764392263624
11.561,1650,2000,0.629274498370994,-1.04216470386278,0.707786338794735
11.578,1650,2000,0.627463283478941,-1.04078088507734,0.680597096631983
11.595,1650,2000,0.62404891217338,-1.0365515787522,0.660791056269877
11.612,1650,2000,0.623958000861742,-1.03642445667585,0.660405791387245
11.629,1650,2000,0.621357053017729,-1.03403747065294,0.660930179671037
11.646,1650,2000,0.621253565569121,-1.03394249639425,0.660951044220742
11.663,1650,2000,0.614773124855881,-1.0264093233933,0.63338778516575
11.68,1650,2000,0.614190920222149,-1.02573254099193,0.630911494145948
11.697,1650,2000,0.611994345399348,-1.02373411780355,0.607975091171913
11.714,1650,2000,0.609612066740288,-1.02136174147114,0.606288874118376
11.731,1650,2000,0.607001233074871,-1.01782310486911,0.606882886250016
11.748,1650,2000,0.606774235296737,-1.01748010108539,0.606933311207194
11.765,1650,2000,0.605460699155212,-1.01646455245964,0.58648274251509
11.782,1650,2000,0.587829416704476,-0.996396006887144,0.484822374853449
11.799,1650,2000,0.58528395423839,-0.993390470461492,0.472442334741724
11.816,1650,2000,0.577689060096937,-0.984868906007982,0.445897558071359
11.833,1650,2000,0.572647626060163,-0.978667005367629,0.441903777873224
11.85,1650,2000,0.572395866501993,-0.978337522223641,0.441957316082015
11.867,1650,2000,0.57081078859911,-0.976879497448935,0.414619255994187
11.884,1650,2000,0.570552674138238,-0.976642072349528,0.41016751981894
11.901,1650,2000,0.566119799378713,-0.971853438881712,0.414496208167824
11.918,1650,2000,0.565089333986601,-0.970740273874401,0.415502454402771
11.935,1650,2000,0.565089333986601,-0.970740273874401,0.415502454402771
11.952,1650,2000,0.563309660218255,-0.96894340691976,0.388680808407803
11.969,1650,2000,0.561418044957868,-0.966442000698344,0.387715803746855
11.986,1650,2000,0.554746384649713,-0.959273782747803,0.340617396301722
12.003,1650,2000,0.553527138421926,-0.958052098774266,0.329517417955113
12.02,1650,2000,0.549115996638541,-0.953079191617701,0.329805459145532
12.037,1650,2000,0.546100582147096,-0.950070688215369,0.352118422317144
12.054,1650,2000,0.543269756355828,-0.946723574884052,0.358237163537017
12.071,1650,2000,0.542836214829085,-0.94615516393465,0.358264473718526
12.088,1650,2000,0.542836214829085,-0.94615516393465,0.358264473718526
12.105,1650,2000,0.542836214829085,-0.94615516393465,0.358264473718526
12.122,1650,2000,0.542836214829085,-0.94615516393465,0.358264473718526
12.139,1650,2000,0.542836214829085,-0.94615516393465,0.358264473718526
12.156,1650,2000,0.540695166888048,-0.943928200895673,0.334330276376545
12.173,1650,2000,0.540371046308739,-0.943591074138042,0.330707019858513
12.19,1650,2000,0.540371046308739,-0.943591074138042,0.330707019858513
12.207,1650,2000,0.53790191974131,-0.941022860369339,0.330993978059357
12.224,1650,2000,0.535432793173882,-0.938454646600637,0.331280936260202
12.241,1650,2000,0.534540265233195,-0.937386610913263,0.325554873865428
12.258,1650,2000,0.531154754371349,-0.933335369203499,0.303834941581651
12.275,1650,2000,0.529580705973092,-0.931429614838423,0.303970292204437
12.292,1650,2000,0.521966330572503,-0.922210629467285,0.304625043642662
12.309,1650,2000,0.521966330572503,-0.922210629467285,0.304625043642662
12.326,1650,2000,0.520779658912862,-0.92064221189597,0.298343427946878
12.343,1650,2000,0.511584467162456,-0.908488976250901,0.249668918569502
12.36,1650,2000,0.511491480392546,-0.908377667673719,0.249808287709128
12.377,1650,2000,0.509420411426351,-0.905898522091028,0.252912418546251
12.394,1650,2000,0.509420411426351,-0.905898522091028,0.252912418546251
12.411,1650,2000,0.508968284133041,-0.905260931062512,0.250654684270863
12.428,1650,2000,0.503316692966664,-0.897291043206077,0.222433005828555
12.445,1650,2000,0.503268509165283,-0.897212964222634,0.222545549877814
12.462,1650,2000,0.500825040826219,-0.893222291779454,0.224212291802683
12.479,1650,2000,0.497593364626094,-0.88783007546731,0.195012161996699
12.496,1650,2000,0.497593364626094,-0.88783007546731,0.195012161996699
12.513,1650,2000,0.497527643831116,-0.887726062382714,0.195112920969521
12.53,1650,2000,0.495326874546906,-0.884103072719278,0.196576650018163
12.547,1650,2000,0.49458536340357,-0.882659053598004,0.169718441306214
12.564,1650,2000,0.49458536340357,-0.882659053598004,0.169718441306214
12.581,1650,2000,0.494543649377558,-0.88259019500645,0.168908694188318
12.598,1650,2000,0.491945379122565,-0.878393351654037,0.136775676190272
12.615,1650,2000,0.484947617211398,-0.867589637317092,0.114793354529822
12.632,1650,2000,0.483325809024036,-0.86444380766908,0.114875371553199
12.649,1650,2000,0.48328423453695,-0.864357626322328,0.11393966439654
12.666,1650,2000,0.481425989995029,-0.860809798657236,0.0876028894385177
12.683,1650,2000,0.479667354234985,-0.858346267456961,0.0890188308742
12.7,1650,2000,0.478224290416402,-0.855883197741685,0.087863815798074
12.717,1650,2000,0.476962838443462,-0.853126218093992,0.0607185596586793
12.734,1650,2000,0.476962838443462,-0.853126218093992,0.0607185596586793
12.751,1650,2000,0.476962838443462,-0.853126218093992,0.0607185596586793
12.768,1650,2000,0.45761263677581,-0.821142801786097,-0.0171135082671881
12.785,1650,2000,0.455451110583845,-0.81805833349541,-0.0176485832321227
12.802,1650,2000,0.453523782042479,-0.81437736413671,-0.017661590221185
12.819,1650,2000,0.453511544895326,-0.814351999488535,-0.017661746524354
12.836,1650,2000,0.452157223359715,-0.811974620739454,-0.0428792139772366
12.853,1650,2000,0.450396320490758,-0.809929805334886,-0.0186692169438219
12.87,1650,2000,0.450353512886911,-0.809886456114089,-0.0176703101303326
12.887,1650,2000,0.448524978581112,-0.805040406861397,-0.0404617693856481
12.904,1650,2000,0.446707282639594,-0.802820020511482,-0.0688368117818259
12.921,1650,2000,0.446667761126174,-0.802783776914302,-0.0695024679149195
12.938,1650,2000,0.44530018132698,-0.800141322206032,-0.0697630122865633
12.955,1650,2000,0.438481203684874,-0.787606995153147,-0.0699545254572958
12.972,1650,2000,0.437989759445073,-0.78671218812092,-0.0699619378102888
12.989,1650,2000,0.437989759445073,-0.78671218812092,-0.0699619378102888
13.006,1650,2000,0.436551725309977,-0.784240426179706,-0.0700107213573912
13.023,1650,2000,0.436422531914965,-0.784018362385076,-0.0700151040851145
13.04,1650,2000,0.436422531914965,-0.784018362385076,-0.0700151040851145
13.057,1650,2000,0.435641747420519,-0.782957762963398,-0.0900318548782564
13.074,1650,2000,0.433657741213826,-0.779192573893663,-0.0960126259548545
13.091,1650,2000,0.432031562869062,-0.775635545882338,-0.096156676420231
13.108,1650,2000,0.431763980295154,-0.775042506279884,-0.096168876141326
13.125,1650,2000,0.43094921112365,-0.773481707847414,-0.096193624697298
13.142,1650,2000,0.427618910709927,-0.766916757714082,-0.112682473328491
13.159,1650,2000,0.423336836385848,-0.75801224875281,-0.122503700196865
13.176,1650,2000,0.422447792098748,-0.756108725381193,-0.122534154015356
13.193,1650,2000,0.422447792098748,-0.756108725381193,-0.122534154015356
13.21,1650,2000,0.422021421179428,-0.755773254767989,-0.137062316591399
13.227,1650,2000,0.420686864594916,-0.753055650479863,-0.147587866420553
13.244,1650,2000,0.420268895526765,-0.751581362877068,-0.147611570254848
13.261,1650,2000,0.419501953776815,-0.750383060697224,-0.147937126268842
13.278,1650,2000,0.413761930181076,-0.738332863481704,-0.176536759690159
13.295,1650,2000,0.41091420265582,-0.731574238656259,-0.199343044205923
13.312,1650,2000,0.410419851706102,-0.73007721996442,-0.199384448700009
13.329,1650,2000,0.409081924613604,-0.725948635532247,-0.200013079072178
13.346,1650,2000,0.40787578556385,-0.722734766653881,-0.214537815283275
13.363,1650,2000,0.406193086887956,-0.720278066242071,-0.212130824337739
13.38,1650,2000,0.405605979045248,-0.719686742504584,-0.20129388159711
13.397,1650,2000,0.405246735804145,-0.718599755836578,-0.215276360145815
13.414,1650,2000,0.403964087382779,-0.714718742599313,-0.226181334914704
13.431,1650,2000,0.403493627653039,-0.713295229387498,-0.225368856653631
13.448,1650,2000,0.403493627653039,-0.713295229387498,-0.225368856653631
13.465,1650,2000,0.40246467789396,-0.710335781510212,-0.232291262577255
13.482,1650,2000,0.399207623189957,-0.702483970007166,-0.263813625983777
13.499,1650,2000,0.398500186431875,-0.701335411919575,-0.27600237047389
13.516,1650,2000,0.398370845779331,-0.700944291061547,-0.267645718976326
13.533,1650,2000,0.397551351475798,-0.698422198126197,-0.251155684097143
13.55,1650,2000,0.396299430692707,-0.694954918437719,-0.255854135546435
13.567,1650,2000,0.395062342120727,-0.692054992771512,-0.275300853656562
13.584,1650,2000,0.394493893242547,-0.690271949675161,-0.276567501655112
13.601,1650,2000,0.394321108658512,-0.689749554541734,-0.280788491597047
13.618,1650,2000,0.393577820793371,-0.687502305658664,-0.298946422874532
13.635,1650,2000,0.393423477974563,-0.687035664445315,-0.29927963176818
13.652,1650,2000,0.39235482171825,-0.683804681261587,-0.301586741173108
13.669,1650,2000,0.392106585499001,-0.683148242485911,-0.30160098485646
13.686,1650,2000,0.388951970821614,-0.674587351719637,-0.305526119935013
13.703,1650,2000,0.388076924846002,-0.671925865009912,-0.326233906421898
13.72,1650,2000,0.387398227179912,-0.669874263363758,-0.324112155826287
13.737,1650,2000,0.387398227179912,-0.669874263363758,-0.324112155826287
13.754,1650,2000,0.387365250600904,-0.669726122038023,-0.32421689473315
13.771,1650,2000,0.385825458147376,-0.663957509585397,-0.329689886368765
13.788,1650,2000,0.379669347424185,-0.64651049003937,-0.355044809482654
13.805,1650,2000,0.379652414695967,-0.646462288103546,-0.355512928195056
13.822,1650,2000,0.378650077800929,-0.643395564500681,-0.377459967262269
13.839,1650,2000,0.3762562052242,-0.634052135124721,-0.399990875873003
13.856,1650,2000,0.375399386123703,-0.631475223954721,-0.37992889399357
13.873,1650,2000,0.375399386123703,-0.631475223954721,-0.37992889399357
13.89,1650,2000,0.374764342632986,-0.628482416429724,-0.403766623807469
13.907,1650,2000,0.37349872791054,-0.625670197486363,-0.404212797039029
13.924,1650,2000,0.373254922206011,-0.623924012372506,-0.42740182124489
13.941,1650,2000,0.373254922206011,-0.623924012372506,-0.42740182124489
13.958,1650,2000,0.372001367484186,-0.62013199197437,-0.427648343687526
13.975,1650,2000,0.3707096504844,-0.617284059927786,-0.408007784668247
13.992,1650,2000,0.370701892352038,-0.617268286545783,-0.407831087597485
14.009,1650,2000,0.37044213523395,-0.615456098595318,-0.427171720323608
14.026,1650,2000,0.370431799924278,-0.61538399460914,-0.427941252377049
14.043,1650,2000,0.366932813505527,-0.604799295609332,-0.449733292149605
14.06,1650,2000,0.366652894592028,-0.603952519689348,-0.451476655331408
14.077,1650,2000,0.366652894592028,-0.603952519689348,-0.451476655331408
14.094,1650,2000,0.366160285575715,-0.602497525155701,-0.433824956635117
14.111,1650,2000,0.36532933938202,-0.599067224260748,-0.434737285973711
14.128,1650,2000,0.364262090431175,-0.595628403420141,-0.453227258823074
14.145,1650,2000,0.36416725471998,-0.595361255240933,-0.455709705060646
14.162,1650,2000,0.363769116552015,-0.593286957193185,-0.455974392802987
14.179,1650,2000,0.362465780795252,-0.589987925705049,-0.443261349522404
14.196,1650,2000,0.362265480639192,-0.589606872303932,-0.440296057974494
14.213,1650,2000,0.359816518232979,-0.580494021185575,-0.459403561492003
14.23,1650,2000,0.359170894141835,-0.578091584869651,-0.464440904883319
14.247,1650,2000,0.356379863563221,-0.566716435486521,-0.482102598024162
14.264,1650,2000,0.35467465418889,-0.559248166698413,-0.488701184851089
14.281,1650,2000,0.35458614704668,-0.558811058662962,-0.4887428063502
14.298,1650,2000,0.35458614704668,-0.558811058662962,-0.4887428063502
14.315,1650,2000,0.354472296907076,-0.557239973605088,-0.503824813394599
14.332,1650,2000,0.353659801457779,-0.553363459543868,-0.514198467057003
14.349,1650,2000,0.353509473895099,-0.550177446781897,-0.528584528505153
14.366,1650,2000,0.352916377748293,-0.547704850402076,-0.522790058172387
14.383,1650,2000,0.352545048966782,-0.547205888626639,-0.516266411032449
14.4,1650,2000,0.352545048966782,-0.547205888626639,-0.516266411032449
14.417,1650,2000,0.351477626167802,-0.541630627796355,-0.525425467499591
14.434,1650,2000,0.350343436126784,-0.532757768122034,-0.538317955361538
14.451,1650,2000,0.350295026044306,-0.53167280132755,-0.539568457709124
14.468,1650,2000,0.350339729636215,-0.530962171859902,-0.550444436024949
14.485,1650,2000,0.350268325969525,-0.527325414462047,-0.56506732211985
14.502,1650,2000,0.350177095444331,-0.525856979918818,-0.566351283256796
14.519,1650,2000,0.350177095444331,-0.525856979918818,-0.566351283256796
14.536,1650,2000,0.349847223788912,-0.524566690709612,-0.578022492379092
14.553,1650,2000,0.349615432833111,-0.521590933620292,-0.576326170601847
14.57,1650,2000,0.349652845526023,-0.520981074772349,-0.566708409605247
14.587,1650,2000,0.349652845526023,-0.520981074772349,-0.566708409605247
14.604,1650,2000,0.348781875374551,-0.516000478988377,-0.580148991259054
14.621,1650,2000,0.347944961669333,-0.50919433613849,-0.589672260842974
14.638,1650,2000,0.347767630003452,-0.507064028612187,-0.586581092911377
14.655,1650,2000,0.347683400977807,-0.504250339576806,-0.601693916520295
14.672,1650,2000,0.348197039649786,-0.503371772310346,-0.610214250323095
14.689,1650,2000,0.347943884280301,-0.502599159445121,-0.611553041450598
14.706,1650,2000,0.347220583224629,-0.500391694115906,-0.61537815895775
14.723,1650,2000,0.347220583224629,-0.500391694115906,-0.61537815895775
14.74,1650,2000,0.347084641749078,-0.499976808508163,-0.61537815895775
14.757,1650,2000,0.346568992522793,-0.498403076563867,-0.61537815895775
14.774,1650,2000,0.346423817807537,-0.494498788057086,-0.624088506159218
14.791,1650,2000,0.345873145326642,-0.47968915516503,-0.657128340226819
14.808,1650,2000,0.345983969449648,-0.479079605852293,-0.658279263375182
14.825,1650,2000,0.346045613365356,-0.47471409386222,-0.659563933341956
14.842,1650,2000,0.344847105141469,-0.472305901344591,-0.652104006306053
14.859,1650,2000,0.345462430801243,-0.471764030637478,-0.668136785643213
14.876,1650,2000,0.345334081895657,-0.471319950992567,-0.66507614907145
14.893,1650,2000,0.344949639145009,-0.46785583570574,-0.65660832660672
14.91,1650,2000,0.345075021074149,-0.465067062538247,-0.665757738179293
14.927,1650,2000,0.343943369113626,-0.46376371594948,-0.653852144776733
14.944,1650,2000,0.344012103415817,-0.463532402435242,-0.655414005271553
14.961,1650,2000,0.344324403843177,-0.459091991071841,-0.672279205484136
14.978,1650,2000,0.343650147127568,-0.452806823416904,-0.680239777587471
14.995,1650,2000,0.34366150578388,-0.452528033386535,-0.680239777587471
15.012,1650,2000,0.343731259160216,-0.450815987051785,-0.680239777587471
15.029,1650,2000,0.343768462133613,-0.450653164839634,-0.680720906643294
15.046,1650,2000,0.344182563378239,-0.448840812907839,-0.686076288825138
15.063,1650,2000,0.344146107081037,-0.448681739814698,-0.686076288825138
15.08,1650,2000,0.343900257483717,-0.446389820228428,-0.687057897503337
15.097,1650,2000,0.344044412111486,-0.44313139320718,-0.701925039848918
15.114,1650,2000,0.34417859021396,-0.439839448797556,-0.706403951795438
15.131,1650,2000,0.344155947512715,-0.439806797542624,-0.705923398052448
15.148,1650,2000,0.34351849984147,-0.437557213136118,-0.692676243401369
15.165,1650,2000,0.343554080459794,-0.427760832166715,-0.724381627704836
15.182,1650,2000,0.343635617879384,-0.425751021630423,-0.718746068920035
15.199,1650,2000,0.343635617879384,-0.425751021630423,-0.718746068920035
15.216,1650,2000,0.343428926595982,-0.421749760268384,-0.724722088156777
15.233,1650,2000,0.343426844385273,-0.421709451508775,-0.7247822906532
15.25,1650,2000,0.343098812886965,-0.420695278350709,-0.719202292387643
15.267,1650,2000,0.343095508293335,-0.42068506155697,-0.719146079411695
15.284,1650,2000,0.343095508293335,-0.42068506155697,-0.719146079411695
15.301,1650,2000,0.344000285343745,-0.407957520599866,-0.754215498838072
15.318,1650,2000,0.344002774278226,-0.398771876310901,-0.752377085555858
15.335,1650,2000,0.343995695178955,-0.398433431847263,-0.75192886699955
15.352,1650,2000,0.344112039881263,-0.39502176339599,-0.75656337484158
15.369,1650,2000,0.345273180247816,-0.392715950672781,-0.781476614590682
15.386,1650,2000,0.344783405290964,-0.390842374433944,-0.761810876920671
15.403,1650,2000,0.34549186466561,-0.387503620516678,-0.775974483435905
15.42,1650,2000,0.345572432916978,-0.387290352870884,-0.777729624364959
15.437,1650,2000,0.345342959511344,-0.38464616000802,-0.766207892885377
15.454,1650,2000,0.345652113520377,-0.383412068968521,-0.780842148304035
15.471,1650,2000,0.346116898422374,-0.381549724298684,-0.794707924949043
15.488,1650,2000,0.346615525950499,-0.379329588193738,-0.807824928479757
15.505,1650,2000,0.346655277138695,-0.3791537976125,-0.808862466237022
15.522,1650,2000,0.347487544737049,-0.374443471039639,-0.820197040942624
15.539,1650,2000,0.347772525450142,-0.370313372971122,-0.817217855609389
15.556,1650,2000,0.347783667312617,-0.369966074630007,-0.816096257727492
15.573,1650,2000,0.348769480867197,-0.369303111596934,-0.826167496548871
15.59,1650,2000,0.349011654879819,-0.367577757482466,-0.833296676105449
15.607,1650,2000,0.349160225007171,-0.365881568670435,-0.833212054758365
15.624,1650,2000,0.349429885678495,-0.364388075114795,-0.83062392686128
15.641,1650,2000,0.349541268429871,-0.363870897945191,-0.829448573148228
15.658,1650,2000,0.349541268429871,-0.363870897945191,-0.829448573148228
15.675,1650,2000,0.349541268429871,-0.363870897945191,-0.829448573148228
15.692,1650,2000,0.350109055929284,-0.363161357631853,-0.837523125774456
15.709,1650,2000,0.350336235652618,-0.36287746062418,-0.840753867264118
15.726,1650,2000,0.350184785900781,-0.360982431467606,-0.842842014480448
15.743,1650,2000,0.349845588522699,-0.3567381926128,-0.847518773948424
15.76,1650,2000,0.34983925664197,-0.356658964364154,-0.847606076165539
15.777,1650,2000,0.351882305913434,-0.352458590717804,-0.853054116083112
15.794,1650,2000,0.353824173231451,-0.348805804173113,-0.870364993459284
15.811,1650,2000,0.353953333057406,-0.348572362497674,-0.872140833029816
15.828,1650,2000,0.353953333057406,-0.348572362497674,-0.872140833029816
15.845,1650,2000,0.356571046025893,-0.336682253747893,-0.883247442741506
15.862,1650,2000,0.357964246324243,-0.332602688049911,-0.896081952751774
15.879,1650,2000,0.358182099650971,-0.329335605977111,-0.888861203338883
15.896,1650,2000,0.358191032844798,-0.32900265438468,-0.887539515711316
15.913,1650,2000,0.35823791420607,-0.327655389304995,-0.900600852640561
15.93,1650,2000,0.358960263102656,-0.325168092897474,-0.901942555820049
15.947,1650,2000,0.35912712589863,-0.324866519214239,-0.901388486609495
15.964,1650,2000,0.35912712589863,-0.324866519214239,-0.901388486609495
15.981,1650,2000,0.359211897899193,-0.322889353503277,-0.9034265395911
15.998,1650,2000,0.359261475846619,-0.321733030460061,-0.904618471867115
16.015,1650,2000,0.359261475846619,-0.321733030460061,-0.904618471867115
16.032,1650,2000,0.360873106629766,-0.31762485525454,-0.906775914742476
16.049,1650,2000,0.361925901665951,-0.312931370990883,-0.915847980157089
16.066,1650,2000,0.361944306804765,-0.312420121469952,-0.919154902612608
16.083,1650,2000,0.361944306804765,-0.312420121469952,-0.919154902612608
16.1,1650,2000,0.362268178752494,-0.312105171745991,-0.922602678794481
16.117,1650,2000,0.363033620296415,-0.31017724912215,-0.92525681673315
16.134,1650,2000,0.363304734628916,-0.307357885565757,-0.925062889528428
16.151,1650,2000,0.363977855126541,-0.305132194379478,-0.925926189676128
16.168,1650,2000,0.364970991312319,-0.304145635282005,-0.924725414844834
16.185,1650,2000,0.365155767000898,-0.301609913831669,-0.927204008048925
16.202,1650,2000,0.365997721266809,-0.29629632407874,-0.941482735332823
16.219,1650,2000,0.366917379906621,-0.294812399403203,-0.945597493825992
16.236,1650,2000,0.367338602490219,-0.293698158705046,-0.940156126415228
16.253,1650,2000,0.367373068322243,-0.292918520662577,-0.940919070770873
16.27,1650,2000,0.367432000522614,-0.29158543851605,-0.942223608830717
16.287,1650,2000,0.367432000522614,-0.29158543851605,-0.942223608830717
16.304,1650,2000,0.369325478160441,-0.287886505328191,-0.95236177824577
16.321,1650,2000,0.373635586158331,-0.277494789422456,-0.972844262369288
16.338,1650,2000,0.373870536738376,-0.275965613917746,-0.973013280123286
16.355,1650,2000,0.374915902924203,-0.275605124916553,-0.976560264772698
16.372,1650,2000,0.378021855140257,-0.272885207998858,-0.992285148208628
16.389,1650,2000,0.378772149267354,-0.270336036681084,-0.994345649263061
16.406,1650,2000,0.379518857188061,-0.269841536343062,-0.988997144139503
16.423,1650,2000,0.379540973138129,-0.269053311880096,-0.990677979736991
16.44,1650,2000,0.379937051562508,-0.266119741051296,-1.00035735195258
16.457,1650,2000,0.380482502379651,-0.265614663649465,-1.00455633096275
16.474,1650,2000,0.380729872952449,-0.265015334249748,-1.00466763807097
16.491,1650,2000,0.381348123194577,-0.263517437623247,-1.00494582656296
16.508,1650,2000,0.381871985445827,-0.262753955791051,-1.00600689732865
16.525,1650,2000,0.384589208866268,-0.258916779841304,-1.01769824572717
16.542,1650,2000,0.385049497843228,-0.258342199629984,-1.02777583037633
16.559,1650,2000,0.385445783872224,-0.257634622339028,-1.02788017301671
16.576,1650,2000,0.387379468154613,-0.253335421791281,-1.02844198903872
16.593,1650,2000,0.38765736289609,-0.252029131996695,-1.0285605718197
16.61,1650,2000,0.387879674592031,-0.25188947831987,-1.02871315691024
16.627,1650,2000,0.389244888131788,-0.251031866714366,-1.02965018017702
16.644,1650,2000,0.389282333895002,-0.250818849806247,-1.02958647421339
16.661,1650,2000,0.389870460719503,-0.248656248957786,-1.0303993585384
16.678,1650,2000,0.390552320081947,-0.247868788469927,-1.04435722713033
16.695,1650,2000,0.390570893654562,-0.247704088595765,-1.04388969164182
16.712,1650,2000,0.39126311017952,-0.244318630824899,-1.03882123625014
16.729,1650,2000,0.394434510787795,-0.24139853768331,-1.06059406845579
16.746,1650,2000,0.39563885753447,-0.238414445857311,-1.05345134216003
16.763,1650,2000,0.395678430231037,-0.238335492324589,-1.05361642297362
16.78,1650,2000,0.400743418587469,-0.228927839735697,-1.07596855058033
16.797,1650,2000,0.40195455650422,-0.227903417939446,-1.08395639241086
16.814,1650,2000,0.40195455650422,-0.227903417939446,-1.08395639241086
16.831,1650,2000,0.40195455650422,-0.227903417939446,-1.08395639241086
16.848,1650,2000,0.402695283642768,-0.225973021058831,-1.07884405678888
16.865,1650,2000,0.404611947839064,-0.224949762202453,-1.08565073300575
16.882,1650,2000,0.406110794854706,-0.221700562031817,-1.1001259377674
16.899,1650,2000,0.406142037136752,-0.22159679740568,-1.1005214929149
16.916,1650,2000,0.406880204136126,-0.219547545433309,-1.0957833510474
16.933,1650,2000,0.408818488661791,-0.219557704095461,-1.10367584159764
16.95,1650,2000,0.40949961341873,-0.216447929272778,-1.10142098138841
16.967,1650,2000,0.409510293799936,-0.216324051269615,-1.10131847103705
16.984,1650,2000,0.409510293799936,-0.216324051269615,-1.10131847103705
17.001,1650,2000,0.411635197466556,-0.214525469981467,-1.10435621678102
17.018,1650,2000,0.41194209093175,-0.21426570627894,-1.10479494929035
17.035,1650,2000,0.412695378411693,-0.213313644466954,-1.11229513512812
17.052,1650,2000,0.412771963314172,-0.213216850662508,-1.11305766074584
17.069,1650,2000,0.412771963314172,-0.213216850662508,-1.11305766074584
17.086,1650,2000,0.413333076595398,-0.211818885989172,-1.11637499540223
17.103,1650,2000,0.417345226140059,-0.205488208300107,-1.13325685248972
17.12,1650,2000,0.417873355867366,-0.204735101090245,-1.13532435630338
17.137,1650,2000,0.417873355867366,-0.204735101090245,-1.13532435630338
17.154,1650,2000,0.41873154217648,-0.20398744643722,-1.13176517848549
17.171,1650,2000,0.420534649539775,-0.20278629048593,-1.13868178975933
17.188,1650,2000,0.420701072205171,-0.202687586710671,-1.13990247089043
17.205,1650,2000,0.420701072205171,-0.202687586710671,-1.13990247089043
17.222,1650,2000,0.421747124063599,-0.200722433047506,-1.14027468770475
17.239,1650,2000,0.423504188735972,-0.197690628273926,-1.14067046174442
17.256,1650,2000,0.423707708190765,-0.197359976578952,-1.1407022048429
17.273,1650,2000,0.424538700931996,-0.197401304676748,-1.1468212768107
17.29,1650,2000,0.424871192755504,-0.197417840626963,-1.14926960312668
17.307,1650,2000,0.431246757379903,-0.190220893639967,-1.16124582027004
17.324,1650,2000,0.437504675859172,-0.181686970655754,-1.1755355317099
17.341,1650,2000,0.438843593606288,-0.179666619160966,-1.18224393613681
17.358,1650,2000,0.439725699165886,-0.179161079170674,-1.18673113972184
17.375,1650,2000,0.440753205108881,-0.178928013873157,-1.19072405082471
17.392,1650,2000,0.441870951705815,-0.178648048609323,-1.19325217520979
17.409,1650,2000,0.443306701104067,-0.177647038337001,-1.19378596725838
17.426,1650,2000,0.443516806504545,-0.177439533975082,-1.19381541546194
17.443,1650,2000,0.443516806504545,-0.177439533975082,-1.19381541546194
17.46,1650,2000,0.444232448038826,-0.17590750132208,-1.19612176680752
17.477,1650,2000,0.445733401060773,-0.175350294480051,-1.19727531995717
17.494,1650,2000,0.448454323705607,-0.174220389090731,-1.20232019217866
17.511,1650,2000,0.450565049111627,-0.172529819070048,-1.21367767198775
17.528,1650,2000,0.450845438886951,-0.172279302096171,-1.21620990022941
17.545,1650,2000,0.451548759810821,-0.172321884242314,-1.21627929373338
17.562,1650,2000,0.452848154248425,-0.171912299072313,-1.22261553381298
17.579,1650,2000,0.454203707703353,-0.170646057109734,-1.22797166818254
17.596,1650,2000,0.454871969849652,-0.170267550132008,-1.22803359518789
17.613,1650,2000,0.455423089263164,-0.169919513697279,-1.23222527249868
17.63,1650,2000,0.457142751657158,-0.168751627489967,-1.23739223271652
17.647,1650,2000,0.458552639044247,-0.168232090898697,-1.23759458435037
17.664,1650,2000,0.459845840340917,-0.167659198214785,-1.23788288595776
17.681,1650,2000,0.460594297175187,-0.16612230383115,-1.23805689719648
17.698,1650,2000,0.460594297175187,-0.16612230383115,-1.23805689719648
17.715,1650,2000,0.461854046920563,-0.165669221248342,-1.24009468333948
17.732,1650,2000,0.465864809375279,-0.163635988284059,-1.25185290255126
17.749,1650,2000,0.466257455533336,-0.163078454475553,-1.25696989672519
17.766,1650,2000,0.469318422980909,-0.161215299753015,-1.26469422254677
17.783,1650,2000,0.478064044259686,-0.155892000545765,-1.28676372489415
17.8,1650,2000,0.478292781109139,-0.155747643924132,-1.28679949408859
17.817,1650,2000,0.479697451441893,-0.154861151589249,-1.28701915229574
17.834,1650,2000,0.4798435613104,-0.154872239977628,-1.28703407408499
17.851,1650,2000,0.481690659826609,-0.154812703096711,-1.28854027960238
17.868,1650,2000,0.48362003191626,-0.153935533834854,-1.29698829868193
17.885,1650,2000,0.484848637934435,-0.154008257709358,-1.29716486481048
17.902,1650,2000,0.485015166422373,-0.153809629288025,-1.29797282479618
17.919,1650,2000,0.48769067702368,-0.150305692404608,-1.30719803104775
17.936,1650,2000,0.489028931435774,-0.148635502589755,-1.3074339496974
17.953,1650,2000,0.490293311025032,-0.148708449780863,-1.30764036683656
17.97,1650,2000,0.490293311025032,-0.148708449780863,-1.30764036683656
17.987,1650,2000,0.49055733048888,-0.148629831900859,-1.30848925554029
18.004,1650,2000,0.493496095286472,-0.147754746955036,-1.31793812042036
18.021,1650,2000,0.493496095286472,-0.147754746955036,-1.31793812042036
18.038,1650,2000,0.493605031908664,-0.147576103820842,-1.31795957901115
18.055,1650,2000,0.494817590656417,-0.145587651354314,-1.3181984316711
18.072,1650,2000,0.494946636083349,-0.145594219638507,-1.31982575548347
18.089,1650,2000,0.496383023205834,-0.14566733031786,-1.33793927584425
18.106,1650,2000,0.496625447794796,-0.145445149318865,-1.33793224866194
18.123,1650,2000,0.50125071521566,-0.142312806924826,-1.33863339026338
18.14,1650,2000,0.504310373056585,-0.141072367216128,-1.34844115223949
18.157,1650,2000,0.504817548012036,-0.137142875801871,-1.34945519716731
18.174,1650,2000,0.504817548012036,-0.137142875801871,-1.34945519716731
18.191,1650,2000,0.504822391512325,-0.137140701269326,-1.34947843141687
18.208,1650,2000,0.506014669107852,-0.1366643145263,-1.35460723885403
18.225,1650,2000,0.507936564741523,-0.136187927783274,-1.35995158136627
18.242,1650,2000,0.509587156716052,-0.136265116377458,-1.36026597651003
18.259,1650,2000,0.509597763368827,-0.136265915882641,-1.36026714530279
18.276,1650,2000,0.509597763368827,-0.136265915882641,-1.36026714530279
18.293,1650,2000,0.525802401360637,-0.130436654088668,-1.39291840961226
18.31,1650,2000,0.528103995255942,-0.130477677375289,-1.39354488703278
18.327,1650,2000,0.528112137743264,-0.130478682231372,-1.39354583654957
18.344,1650,2000,0.53005437787622,-0.13057845870649,-1.403940603389
18.361,1650,2000,0.530073944028875,-0.130579463856013,-1.40404532040692
18.378,1650,2000,0.533706764528635,-0.130766178619704,-1.41406476889524
18.395,1650,2000,0.533997390168615,-0.130781115800799,-1.4148663247743
18.412,1650,2000,0.533997390168615,-0.130781115800799,-1.4148663247743
18.429,1650,2000,0.53497711749381,-0.129938609329067,-1.41508285879824
18.446,1650,2000,0.536856995737054,-0.128713127620409,-1.41540352355872
18.463,1650,2000,0.536909090725733,-0.128682381153556,-1.41541162362308
18.48,1650,2000,0.542051021023833,-0.128960509654623,-1.42557164796953
18.497,1650,2000,0.544031206299193,-0.127971212390821,-1.426826941835
18.514,1650,2000,0.544057492005479,-0.127925673090901,-1.42683147960623
18.531,1650,2000,0.544057492005479,-0.127925673090901,-1.42683147960623
18.548,1650,2000,0.545863533413793,-0.126944979201646,-1.43702128118553
18.565,1650,2000,0.547513310617168,-0.126977492972982,-1.43769956028176
18.582,1650,2000,0.548824062284412,-0.127046231902265,-1.44777444524441
18.599,1650,2000,0.54885269081779,-0.127047708908372,-1.44816639812875
18.616,1650,2000,0.55094534146402,-0.127155697341822,-1.45843527371668
18.633,1650,2000,0.552527590516262,-0.127248398752301,-1.45911898564381
18.65,1650,2000,0.557357939610788,-0.125399149100922,-1.46966916012777
18.667,1650,2000,0.557662585361797,-0.125251056012935,-1.47049478430224
18.684,1650,2000,0.559464095172672,-0.125344206195076,-1.47074950982477
18.701,1650,2000,0.559625943325601,-0.125352574833888,-1.47077239443804
18.718,1650,2000,0.562493300976202,-0.125500906043939,-1.47976582751695
18.735,1650,2000,0.563159846499375,-0.125535387094458,-1.48185643960207
18.752,1650,2000,0.563159846499375,-0.125535387094458,-1.48185643960207
18.769,1650,2000,0.572046855655519,-0.123581683768015,-1.49836133180852
18.786,1650,2000,0.575602672371167,-0.122799979729735,-1.50496517012651
18.803,1650,2000,0.576296939462671,-0.122836014251291,-1.5097999111303
18.82,1650,2000,0.577970967975596,-0.122922914918801,-1.5228100051984
18.837,1650,2000,0.580092158255758,-0.123033068590397,-1.52673719903326
18.854,1650,2000,0.580709061596504,-0.123065109323281,-1.52679319237309
18.871,1650,2000,0.581338357182864,-0.123116610979381,-1.52689219867276
18.888,1650,2000,0.586805959017341,-0.122051918441575,-1.54024617211599
18.905,1650,2000,0.589536767430307,-0.121268805357407,-1.5495584718325
18.922,1650,2000,0.589536767430307,-0.121268805357407,-1.5495584718325
18.939,1650,2000,0.590570575532885,-0.121322625189273,-1.54967466270207
18.956,1650,2000,0.592721455749018,-0.12143461937332,-1.54995353514019
18.973,1650,2000,0.594969138814514,-0.121551707823118,-1.56035737993306
18.99,1650,2000,0.595822767824105,-0.121596183006599,-1.56881481531055
19.007,1650,2000,0.596470460751112,-0.12162993705716,-1.56893123348052
19.024,1650,2000,0.598433338499532,-0.12173225082566,-1.56928404925046
19.041,1650,2000,0.5989655497251,-0.121759996928462,-1.5693797117298
19.058,1650,2000,0.5989655497251,-0.121759996928462,-1.5693797117298
19.075,1650,2000,0.5989655497251,-0.121759996928462,-1.5693797117298
19.092,1650,2000,0.5989655497251,-0.121759996928462,-1.5693797117298
19.109,1650,2000,0.5989655497251,-0.121759996928462,-1.5693797117298
19.126,1650,2000,0.5989655497251,-0.121759996928462,-1.5693797117298
19.143,1650,2000,0.604565909495818,-0.121216590256133,-1.58662026399855
19.16,1650,2000,0.606526035415569,-0.121026397920818,-1.59265445729261
19.177,1650,2000,0.607841117421397,-0.120557072545816,-1.59279812643977
19.194,1650,2000,0.612127049569753,-0.120702915040028,-1.60112011343327
19.211,1650,2000,0.61655555127075,-0.121009233254546,-1.62166245964893
19.228,1650,2000,0.618017733686111,-0.120498781183272,-1.62618524531318
19.245,1650,2000,0.618321890556669,-0.12052914081561,-1.62623384717691
19.262,1650,2000,0.624224914803353,-0.120386880495893,-1.63562139004153
19.279,1650,2000,0.631083712363067,-0.120054871967167,-1.6510563880389
19.296,1650,2000,0.631532815872836,-0.12007844458883,-1.65113711015957
19.313,1650,2000,0.632655254772963,-0.120137359353371,-1.65133885796686
19.33,1650,2000,0.632655254772963,-0.120137359353371,-1.65133885796686
19.347,1650,2000,0.633041771324698,-0.120455898802619,-1.65663435492369
19.364,1650,2000,0.636729699088835,-0.121498491228477,-1.6805065910467
19.381,1650,2000,0.641208584101436,-0.122092550388006,-1.6870899191582
19.398,1650,2000,0.642865447926289,-0.122601758209754,-1.68708234805903
19.415,1650,2000,0.644728343212221,-0.121885779400868,-1.68742115994333
19.432,1650,2000,0.645906901764452,-0.121962288612327,-1.6875866728628
19.449,1650,2000,0.646203191137524,-0.121977878454885,-1.68763973232576
19.466,1650,2000,0.647477774149683,-0.122044943123052,-1.68786798448827
19.483,1650,2000,0.647714608816339,-0.12221291826714,-1.6912330419068
19.5,1650,2000,0.650202771042077,-0.123324240305967,-1.71218074464455
19.517,1650,2000,0.651298765576169,-0.123373998630131,-1.71234546774845
19.534,1650,2000,0.651502031243914,-0.123384701403403,-1.71237317465626
19.551,1650,2000,0.653700797496476,-0.123500489400093,-1.71269971383066
19.568,1650,2000,0.65483216983487,-0.123560085832262,-1.71290573871828
19.585,1650,2000,0.65483216983487,-0.123560085832262,-1.71290573871828
19.602,1650,2000,0.65500912012718,-0.12359847116168,-1.712905848701
19.619,1650,2000,0.661021717372285,-0.125161757478678,-1.71321279673699
19.636,1650,2000,0.66349210853966,-0.126275526421251,-1.72850302530216
19.653,1650,2000,0.664821266590312,-0.126340907898363,-1.74945387301428
19.67,1650,2000,0.664907175416256,-0.126388540851759,-1.74902831140865
19.687,1650,2000,0.667066320110842,-0.127585698855991,-1.73833268062871
19.704,1650,2000,0.667066320110842,-0.127585698855991,-1.73833268062871
19.721,1650,2000,0.667201414008583,-0.127592828898017,-1.73835399369413
19.738,1650,2000,0.670596726066151,-0.127772028092551,-1.7388896545139
19.755,1650,2000,0.671344709734536,-0.127983770015387,-1.74122011239428
19.772,1650,2000,0.690143767357445,-0.133305475256875,-1.79979146071733
19.789,1650,2000,0.690143767357445,-0.133305475256875,-1.79979146071733
19.806,1650,2000,0.690204409617163,-0.133271398944061,-1.79999434052205
19.823,1650,2000,0.692734335172593,-0.132323996637219,-1.80894281086363
19.84,1650,2000,0.69445365138749,-0.133533709369667,-1.81642126566523
19.857,1650,2000,0.69445365138749,-0.133533709369667,-1.81642126566523
19.874,1650,2000,0.694465630451366,-0.133534034950405,-1.81642344350406
19.891,1650,2000,0.696329763284798,-0.133627554223349,-1.81669068412762
19.908,1650,2000,0.697451226899736,-0.134778911244634,-1.8055122104522
19.925,1650,2000,0.697472812655986,-0.134817365225421,-1.80511517027058
19.942,1650,2000,0.69967552292328,-0.135909543625698,-1.83184893235924
19.959,1650,2000,0.70503954659591,-0.137431641620037,-1.84149124040662
19.976,1650,2000,0.70738206875484,-0.137589195122238,-1.84194780689613
19.993,1650,2000,0.707421940595079,-0.137590806880287,-1.84195174917882
20.01,1650,2000,0.709567890460786,-0.138783914876021,-1.8705612664412
20.027,1650,2000,0.709653274286131,-0.138831386686221,-1.87169959220741
20.044,1650,2000,0.711448851148518,-0.138926704561126,-1.86094006459348
20.061,1650,2000,0.711610166283671,-0.138935267946072,-1.85997342557758
20.078,1650,2000,0.713150202512694,-0.139017048082713,-1.87115699143638
20.095,1650,2000,0.715529543920488,-0.139129466250806,-1.87242275359364
20.112,1650,2000,0.717654123469721,-0.140288477543913,-1.90134317696563
20.129,1650,2000,0.717752730245287,-0.140383181090606,-1.90392030387611
20.146,1650,2000,0.724821673244065,-0.141787738658307,-1.90511419719009
20.163,1650,2000,0.725456749090228,-0.141913924508999,-1.90522145690441
20.18,1650,2000,0.727498979177653,-0.143050789641534,-1.92424565578671
20.197,1650,2000,0.727682453708578,-0.143152925927842,-1.92595479521602
20.214,1650,2000,0.729006351684338,-0.14425113946231,-1.92950634192074
20.231,1650,2000,0.729125291054388,-0.144349803278073,-1.92982541388511
20.248,1650,2000,0.733071076477672,-0.144559869637123,-1.93029567739732
20.265,1650,2000,0.733425566960465,-0.144578742058466,-1.93033792600479
20.282,1650,2000,0.733425566960465,-0.144578742058466,-1.93033792600479
20.299,1650,2000,0.733425566960465,-0.144578742058466,-1.93033792600479
20.316,1650,2000,0.747054326756213,-0.151526918842887,-1.98746183467599
20.333,1650,2000,0.752839740988861,-0.152613648774102,-2.00275171345292
20.35,1650,2000,0.754426883747373,-0.153969823600973,-2.01967870405994
20.367,1650,2000,0.7573166572661,-0.154806522695478,-2.02699249566665
20.384,1650,2000,0.757814289356782,-0.154822145031624,-2.02704107431281
20.401,1650,2000,0.759024957336139,-0.155627506936446,-2.0195971619141
20.418,1650,2000,0.759637795466185,-0.156035179801489,-2.01582906576187
20.435,1650,2000,0.759637795466185,-0.156035179801489,-2.01582906576187
20.452,1650,2000,0.760279763296729,-0.156062323811435,-2.01590383633327
20.469,1650,2000,0.762490888584416,-0.156744695937749,-2.0339821666
20.486,1650,2000,0.764525802616742,-0.15741219350099,-2.05206363600411
20.503,1650,2000,0.766931029100031,-0.158563252309347,-2.04155033389974
20.52,1650,2000,0.768221717432315,-0.159837880637351,-2.0289254630606
20.537,1650,2000,0.769300242240697,-0.160816042091431,-2.03274236351838
20.554,1650,2000,0.772333965835034,-0.162294722544496,-2.04754114904834
20.571,1650,2000,0.774234476669501,-0.162376096239758,-2.05363781530953
20.588,1650,2000,0.77624635640429,-0.163329674654919,-2.05887491481033
20.605,1650,2000,0.777053114348383,-0.164762159887522,-2.06743442111557
20.622,1650,2000,0.777053114348383,-0.164762159887522,-2.06743442111557
20.639,1650,2000,0.777484920389809,-0.165149938622021,-2.07089244320011
20.656,1650,2000,0.779695121301128,-0.166028882722727,-2.07798276419648
20.673,1650,2000,0.780815699009497,-0.166075278875885,-2.07808032163696
20.69,1650,2000,0.78192629159208,-0.167087087223017,-2.08156622411542
20.707,1650,2000,0.784701982028182,-0.169615887429629,-2.09027849747504
20.724,1650,2000,0.786922112134817,-0.170685904850028,-2.09391759849552
20.741,1650,2000,0.792470856112149,-0.173360186280352,-2.10301275909438
20.758,1650,2000,0.792470856112149,-0.173360186280352,-2.10301275909438
20.775,1650,2000,0.795434710168848,-0.175135823201964,-2.11587707809874
20.792,1650,2000,0.806677114629759,-0.181871117203155,-2.16467363642937
20.809,1650,2000,0.806817894716608,-0.181876875067789,-2.16470431440515
20.826,1650,2000,0.808568738016885,-0.182139516610619,-2.16493008242729
20.843,1650,2000,0.811514230182973,-0.183629124883797,-2.17322475265383
20.86,1650,2000,0.812612256077308,-0.184399346978036,-2.20379348103178
20.877,1650,2000,0.812740002052298,-0.184404952434511,-2.20594154704136
20.894,1650,2000,0.814973018528402,-0.185152503892849,-2.21511171681998
20.911,1650,2000,0.819543212712465,-0.188083406323693,-2.21577412425979
20.928,1650,2000,0.820762823156329,-0.188463530711561,-2.22155986543512
20.945,1650,2000,0.822002586546017,-0.190419917067723,-2.25585125958362
20.962,1650,2000,0.822273611782612,-0.190516160200236,-2.25720587325278
20.979,1650,2000,0.825406767719516,-0.192039154893012,-2.26586758352219
20.996,1650,2000,0.827623144921316,-0.194031561410999,-2.25690568807567
21.013,1650,2000,0.828943476693651,-0.19409697888931,-2.25708329895249
21.03,1650,2000,0.828943476693651,-0.19409697888931,-2.25708329895249
21.047,1650,2000,0.828988125619051,-0.194128041096713,-2.25865868085446
21.064,1650,2000,0.831002868955264,-0.195451085419482,-2.29785630782558
21.081,1650,2000,0.832920666320663,-0.196511210848212,-2.28789327204452
21.098,1650,2000,0.832920666320663,-0.196511210848212,-2.28789327204452
21.115,1650,2000,0.833013899758335,-0.196571009593757,-2.28795171195655
21.132,1650,2000,0.842268745489737,-0.202506950376034,-2.30182787949418
21.149,1650,2000,0.842268745489737,-0.202506950376034,-2.35186424181208
21.166,1650,2000,0.842268745489737,-0.202506950376034,-2.35186424181208
21.183,1650,2000,0.8423068670429,-0.20254181804075,-2.35177299027675
21.2,1650,2000,0.846091014687543,-0.206002967452577,-2.34271487868807
21.217,1650,2000,0.846101535706234,-0.206003532874433,-2.34291379338323
21.234,1650,2000,0.847722598619178,-0.206090509519447,-2.36277285628412
21.251,1650,2000,0.849181253218938,-0.206169078641924,-2.36291250416463
21.268,1650,2000,0.852224617144206,-0.209619143195141,-2.35378354908228
21.285,1650,2000,0.872059963921878,-0.223790830548956,-2.41841591063962
21.302,1650,2000,0.872059963921878,-0.223790830548956,-2.41841591063962
21.319,1650,2000,0.872059963921878,-0.223790830548956,-2.41841591063962
21.336,1650,2000,0.872829881868416,-0.223832257458015,-2.42766297330357
21.353,1650,2000,0.872829881868416,-0.223832257458015,-2.42766297330357
21.37,1650,2000,0.872829881868416,-0.223832257458015,-2.42766297330357
21.387,1650,2000,0.874842939184893,-0.226118367742041,-2.46163753771554
21.404,1650,2000,0.876618248736815,-0.227302117000838,-2.4705375306755
21.421,1650,2000,0.876618248736815,-0.227302117000838,-2.4705375306755
21.438,1650,2000,0.878819053907728,-0.22942929094349,-2.46242150076167
21.455,1650,2000,0.884783457779912,-0.234136723008577,-2.47184698020691
21.472,1650,2000,0.886256766853522,-0.235364099191613,-2.43925767326498
21.489,1650,2000,0.887712033478557,-0.236581465684462,-2.48079884493923
21.506,1650,2000,0.887721341042653,-0.236589251239639,-2.4812206483102
21.523,1650,2000,0.890130149314072,-0.237715286874308,-2.48133087074444
21.54,1650,2000,0.891865667202806,-0.240046726745401,-2.52374146027396
21.557,1650,2000,0.891875362016983,-0.240064049981042,-2.52416774642807
21.574,1650,2000,0.891875362016983,-0.240064049981042,-2.52416774642807
21.591,1650,2000,0.89305412375913,-0.241043608503542,-2.49159447218294
21.608,1650,2000,0.895363233803098,-0.243300264897578,-2.52350480199196
21.625,1650,2000,0.897734684741356,-0.244684487436242,-2.49241028211032
21.642,1650,2000,0.89778931480497,-0.244711088329949,-2.4911207332682
21.659,1650,2000,0.89778931480497,-0.244711088329949,-2.4911207332682
21.676,1650,2000,0.902697455016168,-0.249063055427906,-2.53477750740277
21.693,1650,2000,0.908074464818336,-0.25361912068269,-2.54268517484504
21.71,1650,2000,0.908439105318502,-0.253920474592915,-2.54272093298056
21.727,1650,2000,0.909556012667536,-0.254854884500461,-2.54903861104104
21.744,1650,2000,0.909815648779949,-0.255072097285393,-2.55050721752171
21.761,1650,2000,0.910338142536111,-0.255675733513828,-2.56681788979085
21.778,1650,2000,0.919089141888319,-0.263167504440349,-2.61798382097273
21.795,1650,2000,0.921796681236583,-0.265394915855636,-2.62849636810255
21.812,1650,2000,0.921796681236583,-0.265394915855636,-2.62849636810255
21.829,1650,2000,0.92723300168533,-0.269516688943617,-2.6338732487174
21.846,1650,2000,0.929408149565079,-0.271165868030401,-2.63602461388789
21.863,1650,2000,0.931064516379774,-0.272467041543283,-2.63640895927407
21.88,1650,2000,0.933103898146546,-0.274795139289023,-2.63656274124107
21.897,1650,2000,0.936821932989753,-0.278956857658263,-2.66033555556887
21.914,1650,2000,0.938050000054282,-0.280186253931973,-2.67236931488769
21.931,1650,2000,0.938050000054282,-0.280186253931973,-2.67236931488769
21.948,1650,2000,0.938755272710708,-0.280215187953981,-2.67239568886393
21.965,1650,2000,0.941131428649727,-0.282378216319899,-2.69896076958226
21.982,1650,2000,0.941759008600906,-0.283586914166096,-2.71444395482704
21.999,1650,2000,0.942611637286767,-0.284019748038612,-2.69871582306703
22.016,1650,2000,0.945503766670636,-0.286267197315421,-2.70646415072645
22.033,1650,2000,0.946223958135421,-0.287024346249761,-2.72081276773483
22.05,1650,2000,0.95034341442033,-0.291240959822856,-2.72323675003116
22.067,1650,2000,0.955089438419856,-0.296268968572305,-2.74417396820047
22.084,1650,2000,0.95660661571301,-0.298293634227831,-2.78783004876019
22.101,1650,2000,0.95795556693041,-0.299845832002995,-2.78505056164034
22.118,1650,2000,0.960190632889794,-0.301678002252466,-2.77943519673096
22.135,1650,2000,0.961425831728191,-0.302710896314556,-2.79889476781884
22.152,1650,2000,0.962139363971996,-0.303891741479508,-2.78414689198397
22.169,1650,2000,0.964319756558152,-0.306654712963887,-2.77849656501014
22.186,1650,2000,0.964941414113691,-0.307132727337883,-2.80408924774066
22.203,1650,2000,0.964941414113691,-0.307132727337883,-2.80408924774066
22.22,1650,2000,0.967887551054043,-0.310796391536682,-2.81906645369239
22.237,1650,2000,0.972925071470527,-0.317060792538484,-2.84467557583819
22.254,1650,2000,0.975208299979507,-0.319513304684393,-2.85925966838024
22.271,1650,2000,0.979112331075941,-0.323706789324389,-2.88419661646645
22.288,1650,2000,0.979833064002177,-0.32480450960787,-2.87253966339284
22.305,1650,2000,0.981256879252374,-0.326973067229114,-2.84951123364743
22.322,1650,2000,0.981341701077453,-0.327065334446261,-2.85440146060524
22.339,1650,2000,0.982604065198051,-0.328581301734448,-2.87898448678187
22.356,1650,2000,0.983775953477238,-0.33025565688865,-2.84552960597952
22.373,1650,2000,0.983775953477238,-0.33025565688865,-2.84552960597952
22.39,1650,2000,0.984349165695573,-0.33097676530103,-2.84910347957562
22.407,1650,2000,0.990729513054227,-0.339003325110929,-2.88888378123299
22.424,1650,2000,0.990839818875983,-0.339095381375126,-2.88918553865055
22.441,1650,2000,0.99206761799815,-0.340120047150437,-2.89254435948605
22.458,1650,2000,0.992112373994704,-0.340202370223341,-2.89241310312025
22.475,1650,2000,0.993237225503838,-0.342271394263072,-2.88911423967144
22.492,1650,2000,0.993237225503838,-0.342271394263072,-2.88911423967144
22.509,1650,2000,0.993237225503838,-0.342271394263072,-2.88911423967144
22.526,1650,2000,0.993237225503838,-0.342271394263072,-2.88911423967144
22.543,1650,2000,0.993237225503838,-0.342271394263072,-2.88911423967144
22.56,1650,2000,0.993237225503838,-0.342271394263072,-2.88911423967144
22.577,1650,2000,0.994489023978151,-0.344573922100375,-2.91609721214766
22.594,1650,2000,0.994989886063626,-0.345495195706408,-2.92689347699706
22.611,1650,2000,0.995539210037326,-0.34603884366238,-2.92691582476097
22.628,1650,2000,0.999792243937506,-0.350517573866068,-2.92849445963971
22.645,1650,2000,1.00303179047028,-0.354254181992046,-2.93356783246111
22.662,1650,2000,1.00303179047028,-0.354254181992046,-2.93356783246111
22.679,1650,2000,1.00322741585533,-0.354529059702699,-2.93296613657146
22.696,1650,2000,1.00551016104254,-0.357736607179208,-2.93072386914264
22.713,1650,2000,1.00764020943508,-0.360729608718096,-2.93087585318363
22.73,1650,2000,1.00764020943508,-0.360729608718096,-2.93087585318363
22.747,1650,2000,1.01042865997701,-0.364473159806894,-2.94582311645774
22.764,1650,2000,1.02934252047333,-0.389522212365846,-3.03771310622561
22.781,1650,2000,1.0304907588509,-0.390823396958387,-3.03776995092419
22.798,1650,2000,1.03065087385979,-0.391119030964376,-3.04224045897396
22.815,1650,2000,1.03163413826757,-0.392934515957549,-3.06969379692493
22.832,1650,2000,1.03172676054018,-0.392984875870716,-3.07230526267731
22.849,1650,2000,1.03369989274808,-0.394483256841166,-3.09903281775421
22.866,1650,2000,1.03540712623751,-0.397231243110371,-3.0697788731378
22.883,1650,2000,1.03543162455462,-0.397276499446916,-3.0711383217273
22.9,1650,2000,1.03597726889009,-0.398284481488158,-3.10141694940242
22.917,1650,2000,1.03597726889009,-0.398284481488158,-3.10141694940242
22.934,1650,2000,1.03625129288726,-0.398714419225829,-3.10282363679978
22.951,1650,2000,1.04356483896292,-0.409159418185105,-3.13410484109803
22.968,1650,2000,1.0450322334644,-0.410190919715088,-3.13351159750596
22.985,1650,2000,1.0463379148445,-0.412097078837951,-3.13417164416024
23.002,1650,2000,1.0463379148445,-0.412097078837951,-3.13417164416024
23.019,1650,2000,1.0464597561999,-0.412260646846443,-3.13415152572303
23.036,1650,2000,1.05027994247046,-0.41738912115044,-3.13352073679776
23.053,1650,2000,1.05027994247046,-0.41738912115044,-3.13352073679776
23.07,1650,2000,1.05140982237064,-0.419479300904304,3.11882123290746
23.087,1650,2000,1.05140982237064,-0.419479300904304,3.11882123290746
23.104,1650,2000,1.05345277475736,-0.422599777414578,3.11882748737708
23.121,1650,2000,1.05347335548658,-0.422631213136001,3.11882755038469
23.138,1650,2000,1.05755197640659,-0.428861076073328,3.08941283523257
23.155,1650,2000,1.0575930644874,-0.42892383579453,3.08911651100509
23.172,1650,2000,1.05889513945736,-0.430003966061877,3.06015143793928
23.189,1650,2000,1.0608596257591,-0.43298807510548,3.08888083795938
23.206,1650,2000,1.06207245838198,-0.43522121931733,3.06020075109867
23.223,1650,2000,1.06207245838198,-0.43522121931733,3.06020075109867
23.24,1650,2000,1.06370231567681,-0.43823862463032,3.06024853577836
23.257,1650,2000,1.06375429848808,-0.438334862019572,3.06025005982712
23.274,1650,2000,1.0650031082521,-0.439369998797156,3.06054129964543
23.291,1650,2000,1.0650527963443,-0.439411185191693,3.0605528876001
23.308,1650,2000,1.07248592239829,-0.451327731057557,3.03617027314802
23.325,1650,2000,1.07865162557891,-0.462526434884455,3.00673705196438
23.342,1650,2000,1.08024711562961,-0.466211796567831,3.00614971989625
23.359,1650,2000,1.08027103501588,-0.46627130555122,3.00615354650586
23.376,1650,2000,1.08027103501588,-0.46627130555122,3.00615354650586
23.393,1650,2000,1.0808268038315,-0.467896508185161,2.98159084706021
23.41,1650,2000,1.08266235328879,-0.470210658244844,3.00284991216046
23.427,1650,2000,1.08285258715429,-0.470392866946504,3.00623900512645
23.444,1650,2000,1.08404160486797,-0.473512174633979,3.00632480744229
23.461,1650,2000,1.08459112769143,-0.476015747577089,2.98334791884912
23.478,1650,2000,1.08622772240843,-0.478263532872101,3.00136544450975
23.495,1650,2000,1.08653823774651,-0.478539122144071,3.00642408760734
23.512,1650,2000,1.08806044802318,-0.481741229983724,2.99134986395572
23.529,1650,2000,1.08975205512021,-0.485612449357279,2.96134116237957
23.546,1650,2000,1.0910625838031,-0.488255355975499,2.97203964164259
23.563,1650,2000,1.09131205360782,-0.488696073829258,2.97992517153807
23.58,1650,2000,1.09131205360782,-0.488696073829258,2.97992517153807
23.597,1650,2000,1.09217226313871,-0.489761615460969,2.96220798236775
23.614,1650,2000,1.09345247926381,-0.493316918595091,2.95519629314154
23.631,1650,2000,1.09533370205808,-0.497217911828024,2.95534563572552
23.648,1650,2000,1.09611028473167,-0.497830327512573,2.95536873575347
23.665,1650,2000,1.0972748376923,-0.50050740821987,2.95545735928119
23.682,1650,2000,1.09770921926015,-0.501852885145278,2.95550222036443
23.699,1650,2000,1.09800640209316,-0.502396394778644,2.94466098260522
23.716,1650,2000,1.10085366795729,-0.507979477149463,2.93185041457759
23.733,1650,2000,1.10280421881845,-0.511938837306833,2.93200115233763
23.75,1650,2000,1.10642237514182,-0.520369281807676,2.9101586012397
23.767,1650,2000,1.11217468070577,-0.531669652643165,2.88498336203201
23.784,1650,2000,1.11257284289941,-0.531975093506468,2.88604487122224
23.801,1650,2000,1.11257284289941,-0.531975093506468,2.88604487122224
23.818,1650,2000,1.1128926617202,-0.53254017946991,2.88566584649118
23.835,1650,2000,1.1142794844847,-0.535405590442762,2.87515208699383
23.852,1650,2000,1.11491272876844,-0.536955314551103,2.86083630945407
23.869,1650,2000,1.11511603946344,-0.537326321243852,2.86941809045267
23.886,1650,2000,1.11728503244916,-0.541535944948256,2.8733123230936
23.903,1650,2000,1.12017341512196,-0.547331582491419,2.84067371626448
23.92,1650,2000,1.12094701302512,-0.548967844966518,2.84005839767782
23.937,1650,2000,1.12172946306244,-0.55086424616608,2.83852053947229
23.954,1650,2000,1.12254641049234,-0.552560424872713,2.83292692725876
23.971,1650,2000,1.12458819719573,-0.556799663534804,2.81894688077922
23.988,1650,2000,1.12489444132378,-0.557365985389948,2.81278603631691
24.005,1650,2000,1.12565983352131,-0.558781386664664,2.79738831322697
24.022,1650,2000,1.1259401925152,-0.559152337416023,2.80302384260237
24.039,1650,2000,1.12738697398518,-0.561281265793037,2.81506049144439
24.056,1650,2000,1.12867873667328,-0.563822571369328,2.79797002328107
24.073,1650,2000,1.13047202007539,-0.567680328966171,2.80040084897831
24.09,1650,2000,1.13055120501475,-0.567862560693764,2.79676394656914
24.107,1650,2000,1.13187868216358,-0.571062849347389,2.75798874830996
24.124,1650,2000,1.13241917117941,-0.572573404247841,2.77698544424628
24.141,1650,2000,1.13251811742267,-0.572756334481977,2.77723115775773
24.158,1650,2000,1.13422722659007,-0.575906557289532,2.77980334549339
24.175,1650,2000,1.13533006025978,-0.578096187219966,2.77666385409036
24.192,1650,2000,1.13648902276819,-0.581387420374177,2.77457277567335
24.209,1650,2000,1.13648902276819,-0.581387420374177,2.77457277567335
24.226,1650,2000,1.13650574978752,-0.581451135640758,2.77341081613878
24.243,1650,2000,1.13761170026029,-0.584874954641898,2.73437482996437
24.26,1650,2000,1.14054494907483,-0.590171240267602,2.72103182580239
24.277,1650,2000,1.14059000286816,-0.590324868824542,2.72042150411187
24.294,1650,2000,1.14506228145546,-0.605574854558349,2.65983773466862
24.311,1650,2000,1.14507718171283,-0.605594836273877,2.66021836061849
24.328,1650,2000,1.1466577688293,-0.608662834440868,2.70039345805923
24.345,1650,2000,1.14679390541,-0.611329622553102,2.70357814922388
24.362,1650,2000,1.14679390541,-0.611329622553102,2.70357814922388
24.379,1650,2000,1.14783639822437,-0.613252331222865,2.66421256764053
24.396,1650,2000,1.14784577705245,-0.613269628947922,2.66385841361937
24.413,1650,2000,1.14784577705245,-0.613269628947922,2.66385841361937
24.43,1650,2000,1.1481009524044,-0.616427070286886,2.68100252184096
24.447,1650,2000,1.15054007170687,-0.624984310100802,2.68608023686493
24.464,1650,2000,1.15159280972978,-0.628440915293148,2.68321286811589
24.481,1650,2000,1.15160994988177,-0.628497862537943,2.68309600701791
24.498,1650,2000,1.15160994988177,-0.628497862537943,2.68309600701791
24.515,1650,2000,1.15225534866732,-0.632132327983622,2.68335315100517
24.532,1650,2000,1.15228102802641,-0.632276937402413,2.68336338234266
24.549,1650,2000,1.15344745947395,-0.63483400803759,2.68357548467691
24.566,1650,2000,1.15347495666828,-0.636659167359331,2.68676729287775
24.583,1650,2000,1.15420164223928,-0.639405274334096,2.68478651028377
24.6,1650,2000,1.15464844423198,-0.641639544223562,2.66749494216303
24.617,1650,2000,1.15466364805689,-0.641736584356966,2.66616916780913
24.634,1650,2000,1.15588133041598,-0.64732436114885,2.66663726341026
24.651,1650,2000,1.15788837321305,-0.654405969560394,2.65208283917785
24.668,1650,2000,1.15805524596202,-0.654924572245147,2.64970038082679
24.685,1650,2000,1.15805524596202,-0.654924572245147,2.64970038082679
24.702,1650,2000,1.15872364598603,-0.65705320972848,2.66479822226111
24.719,1650,2000,1.15911009791238,-0.658888212938067,2.65698691420625
24.736,1650,2000,1.16366477107308,-0.676815029431982,2.61064753791731
24.753,1650,2000,1.16478599269117,-0.681095368865244,2.60216543158233
24.77,1650,2000,1.16506515445445,-0.682761121913832,2.59779875652858
24.787,1650,2000,1.16658207681126,-0.688289012203648,2.58280493359023
24.804,1650,2000,1.1669598211943,-0.689451133249945,2.57960986838218
24.821,1650,2000,1.1669598211943,-0.689451133249945,2.57960986838218
24.838,1650,2000,1.16782074846026,-0.69164256010213,2.57981854090165
24.855,1650,2000,1.1687198958156,-0.695404919430468,2.5691215383938
24.872,1650,2000,1.16880150587143,-0.695938799198905,2.56480811137611
24.889,1650,2000,1.16880150587143,-0.695938799198905,2.56480811137611
24.906,1650,2000,1.16898545776292,-0.69710232423575,2.56268396501773
24.923,1650,2000,1.17010398523581,-0.701077378537063,2.56346734267833
24.94,1650,2000,1.17063845293874,-0.702409686404902,2.56539708386984
24.957,1650,2000,1.17163333241417,-0.705360469485086,2.55884775817364
24.974,1650,2000,1.17282052564534,-0.708881649473181,2.55103242442993
24.991,1650,2000,1.17291225324011,-0.710175605112717,2.54998789763177
25.008,1650,2000,1.17331310751133,-0.713864560255171,2.54199970338469
25.025,1650,2000,1.17405944930033,-0.716885226621907,2.53731332610455
25.042,1650,2000,1.17443149311681,-0.718022320999268,2.53747535834206
25.059,1650,2000,1.17443149311681,-0.718022320999268,2.53747535834206
25.076,1650,2000,1.17484634763857,-0.720376148849654,2.53098953026005
25.093,1650,2000,1.17555569624171,-0.72440089586355,2.51989958704205
25.11,1650,2000,1.17555569624171,-0.72440089586355,2.51989958704205
25.127,1650,2000,1.17576172060882,-0.724825833461442,2.51930182762036
25.144,1650,2000,1.17722556673898,-0.729039404935295,2.5133706410472
25.161,1650,2000,1.17820105807109,-0.733537695534059,2.50703345211547
25.178,1650,2000,1.17825579334484,-0.73407976717337,2.50664840080066
25.195,1650,2000,1.17848880096873,-0.737618698494042,2.50085914304833
25.212,1650,2000,1.17844968724681,-0.73972142648011,2.48890805143795
25.229,1650,2000,1.17840458106085,-0.74251817375062,2.48633173936513
25.246,1650,2000,1.17840458106085,-0.74251817375062,2.48633173936513
25.263,1650,2000,1.17842396940946,-0.742553409472374,2.48649195188847
25.28,1650,2000,1.17891125636249,-0.743438988117519,2.49051856982868
25.297,1650,2000,1.17896909678296,-0.744362175170665,2.48995627750802
25.314,1650,2000,1.18042279884011,-0.767564615735122,2.47582419657659
25.331,1650,2000,1.18042250566286,-0.767573300444957,2.47570204210122
25.348,1650,2000,1.18039754249374,-0.769540872019398,2.46366318323875
25.365,1650,2000,1.18080841757024,-0.775548639712246,2.47228363350833
25.382,1650,2000,1.18080310799523,-0.775557184136556,2.47216141519257
25.399,1650,2000,1.18027605140658,-0.77640534903125,2.46002937666565
25.416,1650,2000,1.18028234603979,-0.776440874305455,2.45998941615789
25.433,1650,2000,1.18090718473269,-0.779967301524513,2.45602272412234
25.45,1650,2000,1.18090525401262,-0.779990783591309,2.45591664287806
25.467,1650,2000,1.18069064705082,-0.78260090563132,2.44412530457188
25.484,1650,2000,1.18069064705082,-0.78260090563132,2.44412530457188
25.501,1650,2000,1.18107473623363,-0.790536389966643,2.44483824882089
25.518,1650,2000,1.18107473623363,-0.790536389966643,2.44483824882089
25.535,1650,2000,1.18154640553377,-0.793193023680653,2.44077654747258
25.552,1650,2000,1.18117300660053,-0.794928224083959,2.43359527854344
25.569,1650,2000,1.1814398841941,-0.79830131806491,2.42987815909543
25.586,1650,2000,1.18176930861031,-0.80020189472805,2.41393781917068
25.603,1650,2000,1.18177149516425,-0.800212017083616,2.41380114017622
25.62,1650,2000,1.18189378373572,-0.802740499072973,2.42933019046653
25.637,1650,2000,1.1818986493974,-0.802841103224084,2.42994806590665
25.654,1650,2000,1.1818986493974,-0.802841103224084,2.42994806590665
25.671,1650,2000,1.18226564182722,-0.808233905601673,2.41646288057726
25.688,1650,2000,1.18250339576375,-0.813632885858344,2.40024918097395
25.705,1650,2000,1.18348711298236,-0.815668502422903,2.41393677947855
25.722,1650,2000,1.18307140685225,-0.817923187323175,2.40658059443261
25.739,1650,2000,1.18324344233593,-0.821691450197183,2.40054876370974
25.756,1650,2000,1.18328293249369,-0.822057805524341,2.40021631508154
25.773,1650,2000,1.18453640937137,-0.835280404069961,2.37768341911572
25.79,1650,2000,1.1844705566576,-0.83899721876951,2.35800013485682
25.807,1650,2000,1.18355309149158,-0.841369139991801,2.36176452534515
25.824,1650,2000,1.18430210173056,-0.843533503976486,2.35794267050553
25.841,1650,2000,1.18444089789642,-0.843692876801619,2.35718762183
25.858,1650,2000,1.18409635106698,-0.84631355705469,2.35755481012096
25.875,1650,2000,1.18430673569622,-0.848693571057166,2.34531788327464
25.892,1650,2000,1.18435013110757,-0.848838688381532,2.34331548249981
25.909,1650,2000,1.18435013110757,-0.848838688381532,2.34331548249981
25.926,1650,2000,1.18390206399197,-0.855066776821418,2.33457612825754
25.943,1650,2000,1.18367525315865,-0.858219424895324,2.33015228158533
25.96,1650,2000,1.18367525315865,-0.858219424895324,2.33015228158533
25.977,1650,2000,1.18367525315865,-0.858219424895324,2.33015228158533
25.994,1650,2000,1.18367525315865,-0.858219424895324,2.33015228158533
26.011,1650,2000,1.18367525315865,-0.858219424895324,2.33015228158533
26.028,1650,2000,1.18367525315865,-0.858219424895324,2.33015228158533
26.045,1650,2000,1.18367525315865,-0.858219424895324,2.33015228158533
26.062,1650,2000,1.18370738357911,-0.865263509157062,2.30982924160109
26.079,1650,2000,1.1837102701852,-0.865896351687231,2.30800341391839
26.096,1650,2000,1.18292573829268,-0.87521335328284,2.31300813246964
26.113,1650,2000,1.1828552557247,-0.876050395351654,2.31345775780533
26.13,1650,2000,1.1828552557247,-0.876050395351654,2.31345775780533
26.147,1650,2000,1.18215433860058,-0.880679122318621,2.30147574923095
26.164,1650,2000,1.18209136800714,-0.881094968463612,2.30039928217846
26.181,1650,2000,1.18209136800714,-0.881094968463612,2.30039928217846
26.198,1650,2000,1.18209136800714,-0.881094968463612,2.30039928217846
26.215,1650,2000,1.18217508551025,-0.884792394941815,2.29233907358098
26.232,1650,2000,1.1821871765782,-0.885326403161586,2.29117496182122
26.249,1650,2000,1.18207754369486,-0.88665292171635,2.28642868261663
26.266,1650,2000,1.17936087620439,-0.907267368991697,2.26241511122762
26.283,1650,2000,1.17870255338011,-0.91203432136776,2.25798303647572
26.3,1650,2000,1.17841507469873,-0.913341921644105,2.2557464660111
26.317,1650,2000,1.17833928620891,-0.913686646511197,2.25515683516588
26.334,1650,2000,1.17833928620891,-0.913686646511197,2.25515683516588
26.351,1650,2000,1.17813967220726,-0.915585902540021,2.2554740458964
26.368,1650,2000,1.17701628453565,-0.920222047166608,2.24894902682291
26.385,1650,2000,1.176707695572,-0.921108064944249,2.24629385323153
26.402,1650,2000,1.176707695572,-0.921108064944249,2.24629385323153
26.419,1650,2000,1.17605449893442,-0.92386892683544,2.23938836031995
26.436,1650,2000,1.17516312986218,-0.929139778253285,2.2346809959438
26.453,1650,2000,1.17505476216456,-0.93016369823471,2.23487549304287
26.47,1650,2000,1.17478570181689,-0.930725068718604,2.23496074831542
26.487,1650,2000,1.17407041913659,-0.93286876489507,2.23357762643642
26.504,1650,2000,1.17371055041322,-0.935407412185259,2.2264075789742
26.521,1650,2000,1.17349286112835,-0.938167807390396,2.22349057261929
26.538,1650,2000,1.17340811878262,-0.939185166156629,2.22372195791322
26.555,1650,2000,1.17271766086506,-0.939384583236698,2.22380104421736
26.572,1650,2000,1.1720227551432,-0.941095893413412,2.22261725598111
26.589,1650,2000,1.17137150457943,-0.946794309915028,2.21085074994093
26.606,1650,2000,1.17041064365382,-0.949752371123859,2.20295548455591
26.623,1650,2000,1.17041064365382,-0.949752371123859,2.20295548455591
26.64,1650,2000,1.17027435394136,-0.950630647156856,2.20312743167313
26.657,1650,2000,1.16912759985132,-0.952667197551326,2.20136979877394
26.674,1650,2000,1.16836472257135,-0.95294054689339,2.1985619578226
26.691,1650,2000,1.16836472257135,-0.95294054689339,2.1985619578226
26.708,1650,2000,1.16839244170815,-0.954870892161223,2.19819038224119
26.725,1650,2000,1.16844720114575,-0.958684308935226,2.19745633088854
26.742,1650,2000,1.16844720114575,-0.958684308935226,2.19745633088854
26.759,1650,2000,1.16837263887757,-0.959038520461822,2.19676903140933
26.776,1650,2000,1.16633628079115,-0.966092003478065,2.183464076395
26.793,1650,2000,1.16251173006742,-0.978065182749561,2.15931991751408
26.81,1650,2000,1.16235737817807,-0.978781603014789,2.15700041036131
26.827,1650,2000,1.16222570828634,-0.979048633115472,2.15710797263822
26.844,1650,2000,1.16151759482703,-0.981004510109247,2.15623562511949
26.861,1650,2000,1.16088579424295,-0.983589111296374,2.15198406255386
26.878,1650,2000,1.16028732928028,-0.985170710821742,2.15294388741267
26.895,1650,2000,1.16028732928028,-0.985170710821742,2.15294388741267
26.912,1650,2000,1.16022070221126,-0.985325760311708,2.15171002746252
26.929,1650,2000,1.15941626452011,-0.98719779130107,2.14047612363233
26.946,1650,2000,1.15892407563719,-0.988343184468703,2.13719068545907
26.963,1650,2000,1.15868472022043,-0.989093095135573,2.1357927994369
26.98,1650,2000,1.15662819405236,-0.995435887490752,2.12792544948229
26.997,1650,2000,1.15581310350489,-0.997249308119969,2.13205054172135
27.014,1650,2000,1.15474814961253,-0.998244766748802,2.12273737705153
27.031,1650,2000,1.15447776609565,-1.001037416021,2.12311093389396
27.048,1650,2000,1.15440317603194,-1.00115302080767,2.12273752611804
27.065,1650,2000,1.15347080023555,-1.002598080641,2.11806992891904
27.082,1650,2000,1.15343824355381,-1.0026887734201,2.11808902797124
27.099,1650,2000,1.15261999716417,-1.00496815310755,2.11856904404379
27.116,1650,2000,1.15260642241075,-1.0050302574364,2.11845988924284
27.133,1650,2000,1.15204116277795,-1.00763790572549,2.11258969078972
27.15,1650,2000,1.15144252447194,-1.00996062976601,2.10370342620856
27.167,1650,2000,1.14991703675671,-1.01125614873231,2.10906934324934
27.184,1650,2000,1.1498867506846,-1.01138009145925,2.1087659101059
27.201,1650,2000,1.1485579768961,-1.01546207357782,2.0983588992544
27.218,1650,2000,1.14739368801411,-1.01673675395858,2.09446859283261
27.235,1650,2000,1.14739368801411,-1.01673675395858,2.09446859283261
27.252,1650,2000,1.14731763146381,-1.01689640560849,2.0941704590204
27.269,1650,2000,1.13886365337238,-1.03464230054148,2.06103173912463
27.286,1650,2000,1.13886365337238,-1.03464230054148,2.06103173912463
27.303,1650,2000,1.13886365337238,-1.03464230054148,2.06103173912463
27.32,1650,2000,1.13818288850197,-1.03777952625687,2.06142062442401
27.337,1650,2000,1.13632303643443,-1.04068229745862,2.05706234369612
27.354,1650,2000,1.13362439621557,-1.04381903795555,2.04797244567916
27.371,1650,2000,1.13355882515039,-1.04388969393458,2.04773219642688
27.388,1650,2000,1.13355882515039,-1.04388969393458,2.04773219642688
27.405,1650,2000,1.13283118660124,-1.04495342344804,2.04714643567894
27.422,1650,2000,1.13196001847774,-1.04735078085714,2.04409430318525
27.439,1650,2000,1.13055026046304,-1.04825438306666,2.03844120327174
27.456,1650,2000,1.1296439845308,-1.05120114264763,2.03823590769593
27.473,1650,2000,1.12958886152808,-1.05158836726896,2.03828919063138
27.49,1650,2000,1.12865053504134,-1.05198663677508,2.03501386096895
27.507,1650,2000,1.12745411644192,-1.05319918199616,2.03057420244516
27.524,1650,2000,1.12646531734774,-1.05563903860464,2.02854832937686
27.541,1650,2000,1.12630120897407,-1.05615332565157,2.02833483656005
27.558,1650,2000,1.12498390649713,-1.05786236961905,2.02512300596471
27.575,1650,2000,1.12342380296222,-1.06013057602372,2.02363765500532
27.592,1650,2000,1.12186612532071,-1.06180106354873,2.0181801151144
27.609,1650,2000,1.12138553016662,-1.06220124434183,2.01494028787147
27.626,1650,2000,1.12138553016662,-1.06220124434183,2.01494028787147
27.643,1650,2000,1.12097472541343,-1.06286784084343,2.01431891473992
27.66,1650,2000,1.11951360936664,-1.0647683326223,2.01121411518149
27.677,1650,2000,1.11909503361274,-1.06522691062392,2.01011034706129
27.694,1650,2000,1.11839148481985,-1.06589375100999,2.00681007495416
27.711,1650,2000,1.1173038790341,-1.06876495243262,2.00509417524069
27.728,1650,2000,1.11712642865963,-1.06982535834422,2.00524741067326
27.745,1650,2000,1.11004866811226,-1.07796838842833,1.98712915175812
27.762,1650,2000,1.10411743592891,-1.08479232684524,1.97194587455276
27.779,1650,2000,1.10310397462357,-1.08636190714532,1.96985779169214
27.796,1650,2000,1.10168712904867,-1.08855622170957,1.96693859690344
27.813,1650,2000,1.10156144175825,-1.0890667829764,1.96518220797414
27.83,1650,2000,1.10041966712982,-1.09107233940816,1.95796795080808
27.847,1650,2000,1.09875137167824,-1.09221338165405,1.95536200543671
27.864,1650,2000,1.09829135763926,-1.09381552796907,1.95397098897093
27.881,1650,2000,1.09783066541218,-1.09399481553887,1.95258031763103
27.898,1650,2000,1.09651440190626,-1.09450706573829,1.9486069709456
27.915,1650,2000,1.09651440190626,-1.09450706573829,1.9486069709456
27.932,1650,2000,1.09634165075192,-1.09458204329526,1.94779377861873
27.949,1650,2000,1.09398857303559,-1.09598162651229,1.94182015180821
27.966,1650,2000,1.09066589047798,-1.09977345142477,1.93593661225722
27.983,1650,2000,1.09022700878031,-1.10116191164835,1.93081973781619
28,1650,1500,1.08986936580259,-1.10114258390312,1.93004268946371
28.017,1650,1500,1.08773992575698,-1.10130695663615,1.92440192311431
28.034,1650,1500,1.08688680146225,-1.10369032157945,1.92253457241167
28.051,1650,1500,1.08538624399877,-1.10498146633427,1.92604217321724
28.068,1650,1500,1.08427491613067,-1.10627635408544,1.92083653431239
28.085,1650,1500,1.08420858994169,-1.10627335262581,1.92065006160319
28.102,1650,1500,1.08234084446001,-1.10618883152264,1.91539899011229
28.119,1650,1500,1.08228333729462,-1.1062723775145,1.91521850627916
28.136,1650,1500,1.07722020642931,-1.11362805723233,1.89932808184058
28.153,1650,1500,1.07716510304856,-1.11362472445292,1.89911603069744
28.17,1650,1500,1.07511657129192,-1.11357944553268,1.89402701570707
28.187,1650,1500,1.0738187431005,-1.11520449315814,1.89980226234819
28.204,1650,1500,1.07241038496689,-1.11647252195053,1.89305967156941
28.221,1650,1500,1.07236123507459,-1.1165489564956,1.8929215624085
28.238,1650,1500,1.07097717410743,-1.11870135328482,1.88903240843727
28.255,1650,1500,1.07097717410743,-1.11870135328482,1.88903240843727
28.272,1650,1500,1.06171562285745,-1.12591388361004,1.86630352600086
28.289,1650,1500,1.06171562285745,-1.12591388361004,1.86630352600086
28.306,1650,1500,1.06027749651982,-1.1266109372397,1.86655673303608
28.323,1650,1500,1.06027749651982,-1.1266109372397,1.86655673303608
28.34,1650,1500,1.05895200764431,-1.12783087231038,1.86267672156334
28.357,1650,1500,1.05406013574252,-1.13142513276153,1.85171088220709
28.374,1650,1500,1.05375022438223,-1.13164256053494,1.85105361943591
28.391,1650,1500,1.05260226958423,-1.13270854204443,1.8506120766832
28.408,1650,1500,1.05045161273311,-1.13438187867906,1.85098816497372
28.425,1650,1500,1.05025572016118,-1.13452325970417,1.85105979171516
28.442,1650,1500,1.04887776924743,-1.13446179348346,1.84619035130606
28.459,1650,1500,1.0486533833945,-1.13445178430953,1.84539741047731
28.476,1650,1500,1.04764141449185,-1.13686747216752,1.85064253934076
28.493,1650,1500,1.04740617235472,-1.13742902259943,1.85186182119828
28.51,1650,1500,1.0424649370428,-1.13851186625251,1.8425448047614
28.527,1650,1500,1.04166030511508,-1.13868819676927,1.84102761959961
28.544,1650,1500,1.04052956149765,-1.13907373545067,1.84087612218216
28.561,1650,1500,1.03843354520439,-1.14116633784491,1.83189896524892
28.578,1650,1500,1.03817884853704,-1.14156054364402,1.82961629585081
28.595,1650,1500,1.03817884853704,-1.14156054364402,1.82961629585081
28.612,1650,1500,1.03716995951257,-1.1415039309124,1.8339344802886
28.629,1650,1500,1.03527244918334,-1.14174151076764,1.8336100874391
28.646,1650,1500,1.03369031621471,-1.14304258428654,1.8264442471331
28.663,1650,1500,1.03168447933522,-1.14354918428412,1.8278637910349
28.68,1650,1500,1.03101245449161,-1.14351038595345,1.83079634588357
28.697,1650,1500,1.03101245449161,-1.14351038595345,1.83079634588357
28.714,1650,1500,1.0299935438076,-1.14390567307332,1.82750086138592
28.731,1650,1500,1.02926472298892,-1.14418841962495,1.82514362070996
28.748,1650,1500,1.02722375961695,-1.14491298727925,1.82094369776992
28.765,1650,1500,1.01293345523282,-1.14897414675045,1.80485724047506
28.782,1650,1500,1.00606646831453,-1.1507063186301,1.7995458556282
28.799,1650,1500,1.00606646831453,-1.1507063186301,1.7995458556282
28.816,1650,1500,1.00606646831453,-1.1507063186301,1.7995458556282
28.833,1650,1500,1.00533014952849,-1.15066414799699,1.79974628016415
28.85,1650,1500,1.00343074360906,-1.15127710867107,1.80028569692332
28.867,1650,1500,1.00132248402033,-1.15201407983005,1.80083257475589
28.884,1650,1500,1.00034903271968,-1.15196062058224,1.80105456378491
28.901,1650,1500,0.99929719218102,-1.15266094442765,1.79973669065629
28.918,1650,1500,0.995357718266117,-1.15401642531829,1.79302186667741
28.935,1650,1500,0.994173332412327,-1.15394640524237,1.78963968669636
28.952,1650,1500,0.993851419276521,-1.15432206899237,1.79144452201718
28.969,1650,1500,0.992931667459934,-1.15539539399234,1.7966011943624
28.986,1650,1500,0.992618812096411,-1.15538168454644,1.79579154300062
29.003,1650,1500,0.990697570946873,-1.15529749499855,1.79081948340245
29.02,1650,1500,0.990460528036329,-1.15547673100822,1.79083578972699
29.037,1650,1500,0.988819263536155,-1.15671774555344,1.79094869330019
29.054,1650,1500,0.988606868377904,-1.15676405594062,1.79083039048733
29.071,1650,1500,0.981773228103825,-1.15792378212449,1.78536222318354
29.088,1650,1500,0.979547669546485,-1.15800985812518,1.78023584159729
29.105,1650,1500,0.978230040962098,-1.16000716522164,1.78070299913456
29.122,1650,1500,0.978145538291214,-1.16005710187163,1.78071449066126
29.139,1650,1500,0.976258394291285,-1.16065246768355,1.7810182986038
29.156,1650,1500,0.974403585939174,-1.15984026815249,1.78150071206507
29.173,1650,1500,0.974403585939174,-1.15984026815249,1.78150071206507
29.19,1650,1500,0.974383543110107,-1.1598618216685,1.78149979579239
29.207,1650,1500,0.972393985547193,-1.16200133803312,1.78140884170491
29.224,1650,1500,0.972387362811324,-1.16200059551421,1.78138845404063
29.241,1650,1500,0.970481551114262,-1.16191806168148,1.77677954579793
29.258,1650,1500,0.947276259858414,-1.1676450140492,1.76214193101587
29.275,1650,1500,0.945735151124564,-1.16907231841964,1.76338940164976
29.292,1650,1500,0.945735151124564,-1.16907231841964,1.76338940164976
29.309,1650,1500,0.94350705940341,-1.16897607031923,1.7639257924164
29.326,1650,1500,0.939050640503998,-1.16878370156681,1.75856542133154
29.343,1650,1500,0.939050640503998,-1.16878370156681,1.75856542133154
29.36,1650,1500,0.939050640503998,-1.16878370156681,1.75856542133154
29.377,1650,1500,0.936637749093901,-1.16867494867525,1.7590976628323
29.394,1650,1500,0.934812831009691,-1.16984542661195,1.7586408312293
