timestamp,u_propeller_pwm,u_rudder_pwm,x,y,yaw
7.4,1625,1500,1.9315114658567,-1.19400491996972,1.87596257845306
7.417,1625,1500,1.9315114658567,-1.19400491996972,1.87596257845306
7.434,1625,1500,1.93119975841789,-1.19399061329586,1.87011490127383
7.451,1625,1500,1.92910278760016,-1.19389435843508,1.87638378021353
7.468,1625,1500,1.92808768208532,-1.19384775794069,1.87671596541158
7.485,1625,1500,1.92808252979196,-1.19384752140632,1.87671691486241
7.502,1625,1500,1.92748784936575,-1.1938220576152,1.87093046532091
7.519,1625,1500,1.92715619443621,-1.19307277483807,1.87087217255209
7.536,1625,1500,1.92589048197081,-1.19300277996669,1.87112200804813
7.553,1625,1500,1.9258797510256,-1.19300255559655,1.8711245248942
7.57,1625,1500,1.9258797510256,-1.19300255559655,1.8711245248942
7.587,1625,1500,1.92533886106733,-1.19297771365732,1.87698639098999
7.604,1625,1500,1.92463728266205,-1.192945490202,1.87144245866505
7.621,1625,1500,1.92463249422688,-1.1929452702663,1.87137684146687
7.638,1625,1500,1.92403023598514,-1.19291760722006,1.87726193796811
7.655,1625,1500,1.92400884897371,-1.19291662486757,1.87747092577
7.672,1625,1500,1.92330817792886,-1.19288443992399,1.87766393851051
7.689,1625,1500,1.9204634637632,-1.1927537520579,1.87819148904343
7.706,1625,1500,1.92026674139317,-1.19274471425477,1.87822461021047
7.723,1625,1500,1.91950167455269,-1.19203131463435,1.87092907985616
7.74,1625,1500,1.91855238742233,-1.19192284122422,1.87050532186831
7.757,1625,1500,1.91741749539015,-1.19175618680403,1.87033864189108
7.774,1625,1500,1.91607826921993,-1.19136155588423,1.86974273805557
7.791,1625,1500,1.91465528891373,-1.19087125159318,1.8689737477714
7.808,1625,1500,1.91326709477419,-1.19042078472164,1.86827687684084
7.825,1625,1500,1.91203222710396,-1.19014566606037,1.86789733106616
7.842,1625,1500,1.91092710150312,-1.19008127701843,1.87313203103031
7.859,1625,1500,1.91084050147298,-1.19007801271593,1.87398715990779
7.876,1625,1500,1.91003530685794,-1.19004096515114,1.87420379094607
7.893,1625,1500,1.90990418877625,-1.19003493231693,1.87423906719562
7.91,1625,1500,1.90933531027973,-1.18952090850322,1.86949037065786
7.927,1625,1500,1.90688637434371,-1.18848981861991,1.87191057529049
7.944,1625,1500,1.90585872205183,-1.18835793773528,1.87286719197074
7.961,1625,1500,1.90579870058585,-1.18835568517839,1.87288757678795
7.978,1625,1500,1.90516720330861,-1.18832660577312,1.86817506692538
7.995,1625,1500,1.90432195026426,-1.18828768154658,1.8718447256842
8.012,1625,1500,1.90423741760659,-1.18828378867302,1.87313969130332
8.029,1625,1500,1.90341807500957,-1.1870764218319,1.870252321323
8.046,1625,1500,1.9016168936155,-1.1866672881594,1.86969108727245
8.063,1625,1500,1.90137759694357,-1.18666067223349,1.86974380521825
8.08,1625,1500,1.90137759694357,-1.18666067223349,1.86974380521825
8.097,1625,1500,1.90036900822434,-1.1860237610741,1.86994374489493
8.114,1625,1500,1.90010311227856,-1.18585585111052,1.86999645532924
8.131,1625,1500,1.89976373208728,-1.18584123676199,1.87481903603126
8.148,1625,1500,1.8968894217189,-1.18511872412032,1.87011986120974
8.165,1625,1500,1.89518321418788,-1.1848817440633,1.86874594642963
8.182,1625,1500,1.89507770264266,-1.18487776232627,1.86879870282173
8.199,1625,1500,1.89440436244393,-1.18484670391443,1.86407498506173
8.216,1625,1500,1.89386404235646,-1.18482178044841,1.86775346662836
8.233,1625,1500,1.89382746076575,-1.184820092997,1.86905153718675
8.25,1625,1500,1.8930212540201,-1.18478290261034,1.86921454919691
8.267,1625,1500,1.89179246863048,-1.18472959248221,1.8694518388935
8.284,1625,1500,1.88822734391959,-1.18336548695073,1.87180512309157
8.301,1625,1500,1.88612525055047,-1.18356745226067,1.86792971964784
8.318,1625,1500,1.8859851618575,-1.18371150749891,1.8667612322621
8.335,1625,1500,1.88481537750377,-1.18188568754802,1.86513403087777
8.352,1625,1500,1.88389855566121,-1.18137248663127,1.86470504903134
8.369,1625,1500,1.88306646527005,-1.18133496965142,1.86486740488726
8.386,1625,1500,1.8819400722106,-1.18128292225707,1.86518401994656
8.403,1625,1500,1.88183608786088,-1.18127811731425,1.86521210324799
8.42,1625,1500,1.88109600340789,-1.18124391764575,1.86536199420334
8.437,1625,1500,1.8787287515726,-1.18113451453918,1.86584133516443
8.454,1625,1500,1.87590214938961,-1.18100385943563,1.86641347540077
8.471,1625,1500,1.87557784612592,-1.18098886803672,1.86647910914885
8.488,1625,1500,1.87557784612592,-1.18098886803672,1.86647910914885
8.505,1625,1500,1.87504923444734,-1.1804711388732,1.86807541208044
8.522,1625,1500,1.87414084512797,-1.1801724903991,1.86518241097655
8.539,1625,1500,1.87398382169167,-1.18016731857228,1.86301789541915
8.556,1625,1500,1.87319380311965,-1.18013078324904,1.86317807437628
8.573,1625,1500,1.87273176967737,-1.18010941597773,1.86327175323089
8.59,1625,1500,1.87273176967737,-1.18010941597773,1.86327175323089
8.607,1625,1500,1.87260736107936,-1.18010366207899,1.86329697300909
8.624,1625,1500,1.87190289375973,-1.18007108045932,1.8634397807397
8.641,1625,1500,1.87147967198708,-1.18005150644864,1.86352557512534
8.658,1625,1500,1.87147501701725,-1.18004590631464,1.86348430509058
8.675,1625,1500,1.87028035582132,-1.17891868962082,1.85664880819091
8.692,1625,1500,1.8662798636212,-1.1777069630879,1.86030988620151
8.709,1625,1500,1.86375831333988,-1.17744746884453,1.86260662112277
8.726,1625,1500,1.863559914733,-1.1774397120101,1.86263969234232
8.743,1625,1500,1.86309195554072,-1.17741804134237,1.86669667611903
8.76,1625,1500,1.86206084978973,-1.17737248386325,1.86905746810077
8.777,1625,1500,1.85813333191442,-1.17637355580219,1.86308315447994
8.794,1625,1500,1.85442391857905,-1.17551622880471,1.85817151823114
8.811,1625,1500,1.85409557500881,-1.17550292645219,1.8582876556347
8.828,1625,1500,1.85409557500881,-1.17550292645219,1.8582876556347
8.845,1625,1500,1.85365371849833,-1.17517511168125,1.85837679408751
8.862,1625,1500,1.85033825362746,-1.17410334611685,1.85897387087878
8.879,1625,1500,1.84838579139965,-1.17373869067219,1.8593061955821
8.896,1625,1500,1.84838579139965,-1.17373869067219,1.8593061955821
8.913,1625,1500,1.84782676017019,-1.17340090549365,1.85838367662083
8.93,1625,1500,1.84664673563737,-1.17245425898055,1.85496606763232
8.947,1625,1500,1.84479960246216,-1.17205357352855,1.85390715709248
8.964,1625,1500,1.84361252198731,-1.17201660216791,1.85418509469986
8.981,1625,1500,1.84361252198731,-1.17201660216791,1.85418509469986
8.998,1625,1500,1.84334027421263,-1.17200396132577,1.85649041850246
9.015,1625,1500,1.84241658763972,-1.17196277281434,1.85822114378867
9.032,1625,1500,1.8414473656579,-1.1716366112147,1.85453469198319
9.049,1625,1500,1.84075369423928,-1.17113314955185,1.85469580423776
9.066,1625,1500,1.84016227979164,-1.17110567592368,1.85585277306405
9.083,1625,1500,1.83730134385941,-1.17097277370877,1.86144954822037
9.1,1625,1500,1.8371793999604,-1.17085615717349,1.86135622179366
9.117,1625,1500,1.83523697620455,-1.16937335602899,1.85858072797753
9.134,1625,1500,1.83471846397229,-1.16935047867046,1.85301429761149
9.151,1625,1500,1.83465700063115,-1.16931886309016,1.85313178081886
9.168,1625,1500,1.83311224378621,-1.16852426938309,1.85608448377004
9.185,1625,1500,1.83307842605502,-1.16855085729875,1.85622957091074
9.202,1625,1500,1.83177349204317,-1.16920083771128,1.85954881824651
9.219,1625,1500,1.830848732969,-1.1683735603341,1.85033589078555
9.236,1625,1500,1.82954163731302,-1.16760379069196,1.85060607449762
9.253,1625,1500,1.82836397829414,-1.16755159404112,1.85084615842476
9.27,1625,1500,1.82836397829414,-1.16755159404112,1.85084615842476
9.287,1625,1500,1.82835942276194,-1.16755140746242,1.85084844047153
9.304,1625,1500,1.82710732402533,-1.16749312438315,1.8511020987468
9.321,1625,1500,1.81634580928374,-1.16548755438173,1.85034193835813
9.338,1625,1500,1.81508829222126,-1.16542897714978,1.85059799392818
9.355,1625,1500,1.81508829222126,-1.16542897714978,1.85059799392818
9.372,1625,1500,1.81386690070457,-1.16462306002908,1.84753415879942
9.389,1625,1500,1.81258128990316,-1.16530486213284,1.85107405910226
9.406,1625,1500,1.81257311895215,-1.16531180365749,1.85110999778373
9.423,1625,1500,1.81176183537632,-1.16527694998791,1.85135716861307
9.44,1625,1500,1.81033015047452,-1.16375871729865,1.84839422564009
9.457,1625,1500,1.81029204338752,-1.16369970738046,1.84827598576177
9.474,1625,1500,1.80923230957812,-1.16430556996057,1.8484787209354
9.491,1625,1500,1.80800521243277,-1.16507390201092,1.85200161857766
9.508,1625,1500,1.80655309233761,-1.16358373974015,1.8491632407296
9.525,1625,1500,1.80651742171266,-1.16352372713234,1.84904505599319
9.542,1625,1500,1.80530727146231,-1.16346729969694,1.84929153431915
9.559,1625,1500,1.80525912156875,-1.16346505454184,1.84930134128746
9.576,1625,1500,1.80133014270556,-1.16258569532732,1.84731726823688
9.593,1625,1500,1.80004874330331,-1.16246836474434,1.84736327383271
9.61,1625,1500,1.79839497660238,-1.16239150924338,1.8476571190182
9.627,1625,1500,1.7982955342235,-1.16238686957025,1.84767168782642
9.644,1625,1500,1.79730987448919,-1.16234610461178,1.84787636223656
9.661,1625,1500,1.79551747212939,-1.16156455815979,1.84817012546778
9.678,1625,1500,1.79542054017194,-1.16149902450398,1.84818469021079
9.695,1625,1500,1.79542054017194,-1.16149902450398,1.84818469021079
9.712,1625,1500,1.79370060003092,-1.16142881588022,1.84862573016021
9.729,1625,1500,1.78886183301996,-1.1592438013078,1.84397302735967
9.746,1625,1500,1.78836336832573,-1.15890675200014,1.84320368510334
9.763,1625,1500,1.78011616672468,-1.1559249045315,1.8393562393288
9.78,1625,1500,1.77723561104037,-1.15536510400717,1.8389515195848
9.797,1625,1500,1.77715376912642,-1.15536175351596,1.83898763742498
9.814,1625,1500,1.77626194367803,-1.15532002097972,1.83914108697195
9.831,1625,1500,1.77447727594403,-1.15523650299501,1.84499103483024
9.848,1625,1500,1.77431581725721,-1.15522894693211,1.84590219150735
9.865,1625,1500,1.77343422376121,-1.15518768749978,1.84612306908181
9.882,1625,1500,1.77143203099207,-1.15509397635349,1.84138618802013
9.899,1625,1500,1.77116225965203,-1.15508134955494,1.84027669231007
9.916,1625,1500,1.77042689228816,-1.15505465873675,1.84039591834616
9.933,1625,1500,1.76910901628197,-1.15406255825131,1.84291185311706
9.95,1625,1500,1.7662078897274,-1.15268706861571,1.83706339048538
9.967,1625,1500,1.76565752786046,-1.15255482983051,1.83502564444718
9.984,1625,1500,1.76420033322198,-1.15297026888732,1.83725502891401
10.001,1625,1500,1.76101521967997,-1.15310593677744,1.8390034685078
10.018,1625,1500,1.76034083966609,-1.15306229220984,1.83910523931773
10.035,1625,1500,1.76034083966609,-1.15306229220984,1.83910523931773
10.052,1625,1500,1.75811935473866,-1.15248079149097,1.84353445499151
10.069,1625,1500,1.75682014436014,-1.15214070736087,1.84612483177105
10.086,1625,1500,1.75682014436014,-1.15214070736087,1.84612483177105
10.103,1625,1500,1.75623770160591,-1.15211340745744,1.84391506324312
10.12,1625,1500,1.75524179838577,-1.1520667280859,1.84013663939503
10.137,1625,1500,1.75488587558257,-1.15177572842486,1.83910861705223
10.154,1625,1500,1.75341621279288,-1.15121710720814,1.83742108319973
10.171,1625,1500,1.75210963209297,-1.15116298051893,1.83770181700763
10.188,1625,1500,1.75026241437499,-1.15107636063752,1.83802216303872
10.205,1625,1500,1.74769989467681,-1.1509561876311,1.83860705629252
10.222,1625,1500,1.74666656309813,-1.15090772461857,1.83889935581986
10.239,1625,1500,1.74650951649939,-1.15090104872871,1.83768406645517
10.256,1625,1500,1.74291924264235,-1.15032682812089,1.8311327391385
10.273,1625,1500,1.73342990929234,-1.14768684029209,1.82990117900839
10.29,1625,1500,1.73255495844301,-1.14721463627494,1.83520189545776
10.307,1625,1500,1.73222515673324,-1.14719914496955,1.8352558333058
10.324,1625,1500,1.73097416254048,-1.14714038380334,1.83546042877233
10.341,1625,1500,1.73080504178853,-1.14713243963066,1.83551346615854
10.358,1625,1500,1.72945169999732,-1.14707458502582,1.8358309835448
10.375,1625,1500,1.72740626083367,-1.14674848257688,1.83326615138411
10.392,1625,1500,1.72573117033775,-1.14612990157156,1.82651986399067
10.409,1625,1500,1.72430056715551,-1.1460683829977,1.82824084348042
10.426,1625,1500,1.72301414059044,-1.14600792565075,1.83356092557709
10.443,1625,1500,1.72301414059044,-1.14600792565075,1.83356092557709
10.46,1625,1500,1.72242271133,-1.14576757458781,1.83240574337547
10.477,1625,1500,1.71879075111869,-1.14429158150513,1.82531178290771
10.494,1625,1500,1.71830328284048,-1.144268656459,1.82628753470064
10.511,1625,1500,1.71530974581219,-1.14412787401724,1.83227961511511
10.528,1625,1500,1.71517327374899,-1.14405566105147,1.83186266551399
10.545,1625,1500,1.7133419109217,-1.14312595316171,1.82899047788077
10.562,1625,1500,1.7114262150019,-1.14242152990892,1.82928764846925
10.579,1625,1500,1.71044816245869,-1.14238017662798,1.82949464320727
10.596,1625,1500,1.71041656192834,-1.14235068444114,1.82950456925134
10.613,1625,1500,1.70890866993119,-1.1415397630049,1.82952278506736
10.63,1625,1500,1.7072241333799,-1.14146851418591,1.82371065207602
10.647,1625,1500,1.70704009787513,-1.14143075884849,1.82388704455857
10.664,1625,1500,1.70241473744922,-1.14048185475657,1.82832031306952
10.681,1625,1500,1.70240953555697,-1.14048168244076,1.82838448959309
10.698,1625,1500,1.70137510183478,-1.14042494178624,1.83466948320928
10.715,1625,1500,1.69918751927741,-1.13956934231733,1.82516486876465
10.732,1625,1500,1.69918751927741,-1.13956934231733,1.82516486876465
10.749,1625,1500,1.69728614624023,-1.13947976788114,1.82568489302999
10.766,1625,1500,1.69728614624023,-1.13947976788114,1.82568489302999
10.783,1625,1500,1.69570158755204,-1.13940511469219,1.82594485227726
10.8,1625,1500,1.68607015228171,-1.13742919150167,1.82776357568673
10.817,1625,1500,1.68442297375212,-1.13659008748175,1.82539841539455
10.834,1625,1500,1.68442297375212,-1.13659008748175,1.82539841539455
10.851,1625,1500,1.68222241362624,-1.13648630466558,1.82474521012216
10.868,1625,1500,1.6822026161995,-1.13648537097934,1.82473933353494
10.885,1625,1500,1.67762896227992,-1.13551962131841,1.82293296662906
10.902,1625,1500,1.67422746226155,-1.13534713535208,1.82368798711026
10.919,1625,1500,1.67420827876753,-1.13534648911458,1.823695776517
10.936,1625,1500,1.67420827876753,-1.13534648911458,1.823695776517
10.953,1625,1500,1.67244905302564,-1.13380627680483,1.823914299575
10.97,1625,1500,1.67001375224798,-1.1336229259422,1.82446078839883
10.987,1625,1500,1.669954636605,-1.13362131809746,1.82447646514617
11.004,1625,1500,1.669954636605,-1.13362131809746,1.82447646514617
11.021,1625,1500,1.66712393016445,-1.13282127777909,1.82150685138265
11.038,1625,1500,1.66671509972092,-1.13270573035477,1.82107795897096
11.055,1625,1500,1.66671509972092,-1.13270573035477,1.82107795897096
11.072,1625,1500,1.66671509972092,-1.13270573035477,1.82107795897096
11.089,1625,1500,1.66288966666104,-1.13132018857021,1.81992785668303
11.106,1625,1500,1.66057915174672,-1.13088856828672,1.81979285373442
11.123,1625,1500,1.65888838134398,-1.13080987512334,1.82010782158426
11.14,1625,1500,1.65864316300487,-1.13079828821065,1.82014630756726
11.157,1625,1500,1.65864316300487,-1.13079828821065,1.82014630756726
11.174,1625,1500,1.65582432858744,-1.13006084987027,1.82076533042626
11.191,1625,1500,1.65508119451391,-1.12986643775635,1.82092852446702
11.208,1625,1500,1.65389403086493,-1.12936107272727,1.81854939738285
11.225,1625,1500,1.65203753365569,-1.12836413551581,1.81542088780662
11.242,1625,1500,1.65027448102825,-1.12810401928052,1.81957222024375
11.259,1625,1500,1.64837090638627,-1.12802127498353,1.81804839932869
11.276,1625,1500,1.64795255564397,-1.12800149028578,1.8158117381198
11.293,1625,1500,1.64795255564397,-1.12800149028578,1.8158117381198
11.31,1625,1500,1.63927778487861,-1.1256617725926,1.81340460620268
11.327,1625,1500,1.63284133729819,-1.12422628836669,1.81212476563165
11.344,1625,1500,1.63160310457135,-1.1241684579439,1.81239038861288
11.361,1625,1500,1.62735480495986,-1.12396731338567,1.81322310435701
11.378,1625,1500,1.6257167990773,-1.12388975759845,1.8135677332638
11.395,1625,1500,1.62476117584133,-1.12346748950855,1.8178896353687
11.412,1625,1500,1.62252734645251,-1.12245903782384,1.81439383399968
11.429,1625,1500,1.61939536929448,-1.12204343139607,1.81402136731342
11.446,1625,1500,1.61824638529925,-1.1220043488094,1.81731981388654
11.463,1625,1500,1.61558634605276,-1.12139483275777,1.81781414958608
11.48,1625,1500,1.61403065213215,-1.12103836417661,1.81810325623874
11.497,1625,1500,1.61403065213215,-1.12103836417661,1.81810325623874
11.514,1625,1500,1.61327868396912,-1.12101375570756,1.81538969203334
11.531,1625,1500,1.61149949491745,-1.12064845227284,1.81067500741311
11.548,1625,1500,1.60974368879808,-1.11970717852308,1.81314441694389
11.565,1625,1500,1.60727503651899,-1.11873381236032,1.81210878976587
11.582,1625,1500,1.60647498597443,-1.1183797441561,1.80641851635949
11.599,1625,1500,1.60647498597443,-1.1183797441561,1.80641851635949
11.616,1625,1500,1.60444346995256,-1.11831354384198,1.80984199350806
11.633,1625,1500,1.60027788125751,-1.11770208154933,1.81016507877161
11.65,1625,1500,1.59970078017381,-1.11729107128991,1.80567567712892
11.667,1625,1500,1.59882009506799,-1.1166825884686,1.80821277556235
11.684,1625,1500,1.59731423526212,-1.11564216003724,1.81255089202327
11.701,1625,1500,1.59635751846294,-1.11531870901786,1.81161577949028
11.718,1625,1500,1.59294001262991,-1.11465918216181,1.80553670781942
11.735,1625,1500,1.59212965722668,-1.11462784710458,1.80248737565133
11.752,1625,1500,1.59158630806866,-1.11460205890821,1.8051078123219
11.769,1625,1500,1.58951362754107,-1.11450368621635,1.80963357424814
11.786,1625,1500,1.58861751058193,-1.11446115505678,1.80974773562489
11.803,1625,1500,1.58487507669688,-1.11340436596979,1.80862748281286
11.82,1625,1500,1.57552165753547,-1.11076314595109,1.80582764868366
11.837,1625,1500,1.57517059705467,-1.11074647012484,1.80586923750174
11.854,1625,1500,1.57304762964326,-1.11064562678951,1.80622817341548
11.871,1625,1500,1.57100452766752,-1.11054857817854,1.80672186176853
11.888,1625,1500,1.56976769508306,-1.11048982830717,1.80687837789301
11.905,1625,1500,1.56976769508306,-1.11048982830717,1.80687837789301
11.922,1625,1500,1.5695705458041,-1.11037570153228,1.80626285858135
11.939,1625,1500,1.56722962083211,-1.10958953246956,1.80255666447855
11.956,1625,1500,1.56584913634002,-1.10953383662758,1.80300927271825
11.973,1625,1500,1.56523215511939,-1.1091808614115,1.8028546913984
11.99,1625,1500,1.56144328061769,-1.10701324471392,1.80190540931064
12.007,1625,1500,1.56099774492111,-1.10699206503546,1.80199990131167
12.024,1625,1500,1.55709133486375,-1.10680636514175,1.80278233186002
12.041,1625,1500,1.55600314561864,-1.10675463691009,1.80295818441134
12.058,1625,1500,1.55600314561864,-1.10675463691009,1.80295818441134
12.075,1625,1500,1.55596890152457,-1.10675300912318,1.80296522132712
12.092,1625,1500,1.55481289505542,-1.1066980585616,1.80320277236698
12.109,1625,1500,1.55306478771184,-1.10661496259043,1.80356199589067
12.126,1625,1500,1.55216253876031,-1.10657207434724,1.80374740158032
12.143,1625,1500,1.55216253876031,-1.10657207434724,1.80374740158032
12.16,1625,1500,1.55215356168393,-1.10657178568282,1.80369190465863
12.177,1625,1500,1.55024207669249,-1.10648078844896,1.79752320836304
12.194,1625,1500,1.5458241377863,-1.10395670538722,1.80002267319115
12.211,1625,1500,1.5458241377863,-1.10395670538722,1.80002267319115
12.228,1625,1500,1.5399719112541,-1.10290643706199,1.79279854663713
12.245,1625,1500,1.5380494853773,-1.10281499446879,1.79982665058658
12.262,1625,1500,1.5380494853773,-1.10281499446879,1.79982665058658
12.279,1625,1500,1.53675483309807,-1.10275418004936,1.80008201318818
12.296,1625,1500,1.51824441284571,-1.09805176041942,1.79202956194732
12.313,1625,1500,1.51804720947176,-1.09799900742588,1.79193800950122
12.33,1625,1500,1.51804720947176,-1.09799900742588,1.79193800950122
12.347,1625,1500,1.51636905884163,-1.0971531017973,1.79736750644818
12.364,1625,1500,1.5163521531301,-1.09714458013287,1.79742220327186
12.381,1625,1500,1.51286484649932,-1.09623997766826,1.79812898127808
12.398,1625,1500,1.50927971340655,-1.0960326629743,1.79872822521928
12.415,1625,1500,1.50919894492945,-1.09602998816008,1.79874086568839
12.432,1625,1500,1.50438859845577,-1.09431121796765,1.78830755416758
12.449,1625,1500,1.50419720265956,-1.09424283092084,1.787892429815
12.466,1625,1500,1.5026475048223,-1.09417732361988,1.79451790780037
12.483,1625,1500,1.50062356481349,-1.09334760154034,1.7879001358854
12.5,1625,1500,1.498158694028,-1.09392330260292,1.79547136781794
12.517,1625,1500,1.49809372991642,-1.09395219180877,1.79584013241178
12.534,1625,1500,1.49643195342236,-1.0924376497729,1.78862990355228
12.551,1625,1500,1.49629901130284,-1.09231648641003,1.78805308524352
12.568,1625,1500,1.49445907677446,-1.09222884861773,1.79451008340081
12.585,1625,1500,1.49252654578355,-1.09213680530503,1.78936247311495
12.602,1625,1500,1.49244215113288,-1.09213278581709,1.78884789412701
12.619,1625,1500,1.49244215113288,-1.09213278581709,1.78884789412701
12.636,1625,1500,1.49044836355943,-1.09142262527359,1.79040484220493
12.653,1625,1500,1.48404573963381,-1.09022799416956,1.79200193449165
12.67,1625,1500,1.48171173289109,-1.0900748133546,1.78622753041902
12.687,1625,1500,1.47762096066191,-1.08916201081671,1.7864326122382
12.704,1625,1500,1.47736128089985,-1.08908679041027,1.78649820091062
12.721,1625,1500,1.47736128089985,-1.08908679041027,1.78649820091062
12.738,1625,1500,1.4738878565904,-1.0882912795962,1.7860798680589
12.755,1625,1500,1.47308042490392,-1.08810635527341,1.78598262246785
12.772,1625,1500,1.47124157368507,-1.08801876439244,1.78636143614073
12.789,1625,1500,1.47050582358212,-1.08798371805534,1.78651300479183
12.806,1625,1500,1.46207035977065,-1.08619444185927,1.78496386824394
12.823,1625,1500,1.45651495566464,-1.08378103204225,1.77884883357843
12.84,1625,1500,1.45441932244078,-1.08332233443724,1.78161158545327
12.857,1625,1500,1.45390268081588,-1.08330554607148,1.78426400612618
12.874,1625,1500,1.45020230139936,-1.08229528678919,1.78510110481145
12.891,1625,1500,1.44570854425288,-1.08077149172038,1.78223662211128
12.908,1625,1500,1.4437804607867,-1.08049105838938,1.7805850307018
12.925,1625,1500,1.44207702367458,-1.08007646164152,1.78034586562089
12.942,1625,1500,1.43972122154926,-1.07899890343344,1.78024895630233
12.959,1625,1500,1.43887721053378,-1.07869489827592,1.78049141504223
12.976,1625,1500,1.43887721053378,-1.07869489827592,1.78049141504223
12.993,1625,1500,1.43842764443571,-1.07867346956642,1.7805625090029
13.01,1625,1500,1.43639604601906,-1.07858230040615,1.78100218590641
13.027,1625,1500,1.43199750486468,-1.07783400970452,1.77972776342126
13.044,1625,1500,1.42833835537618,-1.07663264912869,1.7766438291173
13.061,1625,1500,1.42729949728149,-1.07632768176807,1.77657929105567
13.078,1625,1500,1.42316679391823,-1.07559542248282,1.77660399557239
13.095,1625,1500,1.4217732349053,-1.07553932591358,1.77698438745781
13.112,1625,1500,1.42133649932317,-1.07552577999067,1.77709521038541
13.129,1625,1500,1.41899000780047,-1.07523589271782,1.77760205680957
13.146,1625,1500,1.41707047114518,-1.07452024497283,1.77793666470341
13.163,1625,1500,1.41552781066208,-1.07446095213966,1.7783152955106
13.18,1625,1500,1.41552781066208,-1.07446095213966,1.7783152955106
13.197,1625,1500,1.41536854465876,-1.07440845433548,1.77778742230454
13.214,1625,1500,1.41235853745587,-1.07337789600682,1.77201303320235
13.231,1625,1500,1.41046271425836,-1.07265714136927,1.77327923155225
13.248,1625,1500,1.41041218475612,-1.07265473354191,1.77329529776919
13.265,1625,1500,1.408312815292,-1.07255491229577,1.77384964038732
13.282,1625,1500,1.40579995122201,-1.07234387965777,1.77418041849516
13.299,1625,1500,1.39254788507297,-1.06945548661003,1.77597190899899
13.316,1625,1500,1.39072525034556,-1.06937081292917,1.77640893015777
13.333,1625,1500,1.3906691074701,-1.06935607636,1.77628599315922
13.35,1625,1500,1.38384047312498,-1.06741243464809,1.76416026715542
13.367,1625,1500,1.3816781143543,-1.06658290879978,1.7714187573136
13.384,1625,1500,1.37970186764307,-1.06649696356213,1.77183983267918
13.401,1625,1500,1.37961071828573,-1.06646263935284,1.7718500425221
13.418,1625,1500,1.37731986342726,-1.06559996973098,1.77210664628714
13.435,1625,1500,1.37729857382443,-1.06559124276281,1.77205125352269
13.452,1625,1500,1.37451436861558,-1.06468094397852,1.76655534091499
13.469,1625,1500,1.37319858398644,-1.06461036186837,1.76681922230072
13.486,1625,1500,1.3706085746569,-1.06371236695553,1.76673282121641
13.503,1625,1500,1.3706085746569,-1.06371236695553,1.76673282121641
13.52,1625,1500,1.370590344147,-1.0637193200782,1.76681215133469
13.537,1625,1500,1.36878068700184,-1.06440952392878,1.77468687981064
13.554,1625,1500,1.36868870313166,-1.06437384258385,1.77463481583946
13.571,1625,1500,1.35955789610021,-1.0608319229566,1.76946666980159
13.588,1625,1500,1.3595373038216,-1.0608231097539,1.76947199675606
13.605,1625,1500,1.35749320498242,-1.0599482644897,1.77000077852261
13.622,1625,2000,1.35747260461973,-1.05993944798956,1.76999724961317
13.639,1625,2000,1.35542770331117,-1.05906427540374,1.76964695133745
13.656,1625,2000,1.35540511532711,-1.05905554239501,1.76959036282488
13.673,1625,2000,1.35225327226768,-1.05812429733605,1.76404625794909
13.69,1625,2000,1.35025935290774,-1.05803226880029,1.77124978918748
13.707,1625,2000,1.34622055556131,-1.05784003788759,1.76531122880931
13.724,1625,2000,1.34622055556131,-1.05784003788759,1.76531122880931
13.741,1625,2000,1.34622055556131,-1.05784003788759,1.76531122880931
13.758,1625,2000,1.34621220626337,-1.05783628865666,1.76531389707583
13.775,1625,2000,1.34375764364127,-1.05680979031752,1.76548245911191
13.792,1625,2000,1.32255077075941,-1.05041397189669,1.75592814435472
13.809,1625,2000,1.32021632770508,-1.05030409218878,1.75645988561395
13.826,1625,2000,1.32020348720943,-1.05031020991273,1.75652893162439
13.843,1625,2000,1.3180650140951,-1.05099021845968,1.76420366124579
13.86,1625,2000,1.3159875671076,-1.05010300654564,1.7572653066823
13.877,1625,2000,1.3159875671076,-1.05010300654564,1.7572653066823
13.894,1625,2000,1.3159875671076,-1.05010300654564,1.7572653066823
13.911,1625,2000,1.31340351878557,-1.0492387655858,1.75776494363527
13.928,1625,2000,1.31119257134633,-1.04830264651334,1.75858019129523
13.945,1625,2000,1.31117932229163,-1.04829664942428,1.75858600018496
13.962,1625,2000,1.30898823800866,-1.04819249380745,1.75214904987676
13.979,1625,2000,1.30890105835888,-1.0481883496263,1.75189293418196
13.996,1625,2000,1.30291117517416,-1.04724934059521,1.75987743165327
14.013,1625,2000,1.29937445510961,-1.0455097875589,1.7547443517421
14.03,1625,2000,1.29703938345167,-1.04448282045802,1.74724547525429
14.047,1625,2000,1.29699042573468,-1.04446314141361,1.74706380135299
14.064,1625,2000,1.2944837233164,-1.04434404889347,1.74758215297983
14.081,1625,2000,1.2943839857387,-1.04433931039743,1.74760277734086
14.098,1625,2000,1.29287554927304,-1.04426766036929,1.74785226324015
14.115,1625,2000,1.29275487435579,-1.04426192836704,1.74787222211209
14.132,1625,2000,1.29085102810218,-1.0434587186526,1.74829926694627
14.149,1625,2000,1.28781494934594,-1.04323538989914,1.74893265976131
14.166,1625,2000,1.28773611784064,-1.04323300353756,1.74894866877939
14.183,1625,2000,1.28417043245372,-1.04169265245418,1.7433478681333
14.2,1625,2000,1.27867005069095,-1.03971922101897,1.73662118733419
14.217,1625,2000,1.27651831613095,-1.03953430933814,1.73656616853752
14.234,1625,2000,1.27644716339453,-1.03953169609076,1.73658847542577
14.251,1625,2000,1.27644716339453,-1.03953169609076,1.73658847542577
14.268,1625,2000,1.27323515459156,-1.03826258309249,1.73217638204421
14.285,1625,2000,1.25776321026957,-1.03493527397098,1.72017607345466
14.302,1625,2000,1.25585854844742,-1.03459145189462,1.71892046095121
14.319,1625,2000,1.25585854844742,-1.03459145189462,1.71892046095121
14.336,1625,2000,1.25090870258546,-1.03433415831212,1.70837737327455
14.353,1625,2000,1.24709732010655,-1.03481369586026,1.71174001921102
14.37,1625,2000,1.24684884040285,-1.03495799948595,1.71335928139663
14.387,1625,2000,1.24562590014088,-1.03490010092746,1.7078663117871
14.404,1625,2000,1.24302465873563,-1.03479267042447,1.70685088137593
14.421,1625,2000,1.24082009882074,-1.03415472792245,1.70245889722162
14.438,1625,2000,1.23818542421204,-1.03308653739142,1.70077987634993
14.455,1625,2000,1.23572845916186,-1.03284075174009,1.69502018018865
14.472,1625,2000,1.23545917370439,-1.03283169111614,1.69362370904515
14.489,1625,2000,1.23371807111767,-1.03274934176639,1.69405808303572
14.506,1625,2000,1.23148328067719,-1.03264366335338,1.68864460779077
14.523,1625,2000,1.22867565115536,-1.03251094233099,1.6876224296061
14.54,1625,2000,1.22826686379153,-1.03249162028668,1.68773715556362
14.557,1625,2000,1.22826686379153,-1.03249162028668,1.68773715556362
14.574,1625,2000,1.22736125461938,-1.0324488226127,1.6878852834752
14.591,1625,2000,1.22516189438815,-1.0323526052288,1.6884332766916
14.608,1625,2000,1.21889884795069,-1.03098917919486,1.67966309176407
14.625,1625,2000,1.2168619740515,-1.03036414091924,1.67515854849401
14.642,1625,2000,1.21460203385243,-1.03028668152801,1.67219309062465
14.659,1625,2000,1.21111897738213,-1.02974213465155,1.66553257893899
14.676,1625,2000,1.20838985989869,-1.02864338449676,1.66262490549648
14.693,1625,2000,1.2074103222779,-1.02832804343518,1.66227225549332
14.71,1625,2000,1.20642829953956,-1.02828172155703,1.65874932977481
14.727,1625,2000,1.20544627680121,-1.02823539967887,1.65522640405631
14.744,1625,2000,1.20457296569977,-1.02819421534899,1.6591644094574
14.761,1625,2000,1.20198771990166,-1.0280723195883,1.65989057927949
14.778,1625,2000,1.20119053869225,-1.02803473950401,1.65605788441222
14.795,1625,2000,1.20119053869225,-1.02803473950401,1.65605788441222
14.812,1625,2000,1.19548349774505,-1.02664530702327,1.65058588273353
14.829,1625,2000,1.18610203546744,-1.02283673361329,1.63826672179505
14.846,1625,2000,1.18158528813523,-1.02099708141919,1.62549837453095
14.863,1625,2000,1.17654943807762,-1.02049663813438,1.62142786514058
14.88,1625,2000,1.17575147323592,-1.02046383258325,1.62590009606664
14.897,1625,2000,1.17507906392474,-1.01978008008938,1.62329637166778
14.914,1625,2000,1.17240915991397,-1.01870443174752,1.61747019081869
14.931,1625,2000,1.16973822037873,-1.01827481334702,1.61403460146461
14.948,1625,2000,1.16873406553458,-1.0177389228614,1.61179377114538
14.965,1625,2000,1.16873406553458,-1.0177389228614,1.61179377114538
14.982,1625,2000,1.16757214717844,-1.01731355886598,1.6113695346017
14.999,1625,2000,1.16278737966105,-1.01547523688152,1.60785533040957
15.016,1625,2000,1.16170838080255,-1.01501108564869,1.60535193164982
15.033,1625,2000,1.16095745153598,-1.01497578640287,1.60354555306398
15.05,1625,2000,1.15908066321948,-1.01488756343021,1.59903089319381
15.067,1625,2000,1.15870185059448,-1.01454503483351,1.59829221068376
15.084,1625,2000,1.15471588266143,-1.01246854045914,1.59310208279056
15.101,1625,2000,1.14901526295287,-1.01082672473396,1.58393152701429
15.118,1625,2000,1.14778830637682,-1.010355206775,1.57696343703098
15.135,1625,2000,1.14708574500825,-1.01009323600595,1.57595564849974
15.152,1625,2000,1.14532984198667,-1.0094384956722,1.57343689496973
15.169,1625,2000,1.14494102493191,-1.00942674837172,1.57189714711508
15.186,1625,2000,1.14207370672085,-1.00885375614003,1.56395129953741
15.203,1625,2000,1.14073905683144,-1.00761954584419,1.56220731419992
15.22,1625,2000,1.14043106725775,-1.0076086791952,1.56231321768971
15.237,1625,2000,1.13734015852437,-1.00739366907148,1.5625385099227
15.254,1625,2000,1.13062588142064,-1.00571736234147,1.55466183611254
15.271,1625,2000,1.11667230945961,-1.00247425180704,1.52650360729953
15.288,1625,2000,1.11524403785999,-1.00241031446074,1.52143037902629
15.305,1625,2000,1.11496575675395,-1.0024022103409,1.52150906222287
15.322,1625,2000,1.11214740437337,-1.00217097031941,1.5214009181657
15.339,1625,2000,1.11026490709768,-1.0011534728726,1.5160706321243
15.356,1625,2000,1.10767531334196,-1.00043708042796,1.51464046949653
15.373,1625,2000,1.10601905279186,-1.00037084489242,1.51512360622712
15.39,1625,2000,1.10578994523602,-1.00036389781976,1.51401847235078
15.407,1625,2000,1.10319242983921,-1.00011684970313,1.50729465791725
15.424,1625,2000,1.10100823083154,-0.999322336127983,1.50788437361588
15.441,1625,2000,1.09958970490173,-0.999265907921527,1.50807437340382
15.458,1625,2000,1.09958970490173,-0.999265907921527,1.50807437340382
15.475,1625,2000,1.09935846825699,-0.999038417638004,1.50585416726882
15.492,1625,2000,1.09590027876145,-0.997455365558732,1.49233778309428
15.509,1625,2000,1.09266134977146,-0.997332514395331,1.49306165752824
15.526,1625,2000,1.09173502615137,-0.996951817627365,1.49241505566821
15.543,1625,2000,1.08471673357677,-0.994543501691164,1.48441110195762
15.56,1625,2000,1.08286950586493,-0.994226033223006,1.47661361618908
15.577,1625,2000,1.08060074044529,-0.992739884067477,1.47247661977928
15.594,1625,2000,1.07995200993164,-0.992483608472943,1.47142304993807
15.611,1625,2000,1.0759681633907,-0.990909823026859,1.46495308979401
15.628,1625,2000,1.0759681633907,-0.990909823026859,1.46495308979401
15.645,1625,2000,1.07580471273458,-0.990902203893982,1.46429236563039
15.662,1625,2000,1.07398536567825,-0.990817396360623,1.4569379346931
15.679,1625,2000,1.07319329818611,-0.990514087987059,1.45581739780028
15.696,1625,2000,1.06437690249584,-0.987138003670946,1.443344853818
15.713,1625,2000,1.06426230573139,-0.987134428094131,1.44287429340807
15.73,1625,2000,1.06136297166538,-0.986789403545944,1.43361390887545
15.747,1625,2000,1.05790540148165,-0.984409743724264,1.42756648233027
15.764,1625,2000,1.05790540148165,-0.984409743724264,1.42756648233027
15.781,1625,2000,1.05720844395713,-0.984044105167671,1.42564187251685
15.798,1625,2000,1.04792268347274,-0.979892811025443,1.40497045131917
15.815,1625,2000,1.04608275372169,-0.979765772348139,1.41208510705504
15.832,1625,2000,1.04403505641143,-0.978752817915491,1.3965170491677
15.849,1625,2000,1.04206852283533,-0.977100905827912,1.39668351168303
15.866,1625,2000,1.0403273271381,-0.976440008433209,1.39134448765031
15.883,1625,2000,1.03977238737132,-0.976269285781392,1.38862391004176
15.9,1625,2000,1.03977238737132,-0.976269285781392,1.38862391004176
15.917,1625,2000,1.03977238737132,-0.976269285781392,1.38862391004176
15.934,1625,2000,1.03977238737132,-0.976269285781392,1.38862391004176
15.951,1625,2000,1.03787761339641,-0.976181236177327,1.38901783560398
15.968,1625,2000,1.03711948781625,-0.976146006298698,1.38917545073346
15.985,1625,2000,1.03025587672315,-0.971973430426676,1.38106107701338
16.002,1625,2000,1.02459258999404,-0.969295143234689,1.35329348554497
16.019,1625,2000,1.02202428224035,-0.968411929959369,1.34643823448116
16.036,1625,2000,1.02001526812988,-0.967382221374462,1.3465450897428
16.053,1625,2000,1.01973589638212,-0.967202451154219,1.34662288293866
16.07,1625,2000,1.01781695190827,-0.965948611249469,1.34064233939829
16.087,1625,2000,1.01704915537328,-0.965446932359109,1.3382494402445
16.104,1625,2000,1.01704915537328,-0.965446932359109,1.3382494402445
16.121,1625,2000,1.0160885695857,-0.965407502486533,1.33325737800927
16.138,1625,2000,1.00993984179028,-0.963106583351695,1.32490322792013
16.155,1625,2000,1.00647328410863,-0.960503115356012,1.31375839361701
16.172,1625,2000,1.00482426161043,-0.959333868374321,1.31302737500388
16.189,1625,2000,1.00446735055943,-0.959146020394757,1.31384502706475
16.206,1625,2000,1.00165039635629,-0.958570436359583,1.30333780986772
16.223,1625,2000,0.999289761333835,-0.95808809133946,1.29453265965399
16.24,1625,2000,0.998276231054333,-0.957295081573392,1.29380263742279
16.257,1625,2000,0.996102395796348,-0.955914847214127,1.28995283979328
16.274,1625,2000,0.987373495469951,-0.952239277335726,1.27716106160213
16.291,1625,2000,0.981622002521518,-0.949894698985927,1.27122401737331
16.308,1625,2000,0.980621932796911,-0.949590214479026,1.26679375521027
16.325,1625,2000,0.976243032403501,-0.947495183666646,1.25241203998387
16.342,1625,2000,0.972655222167133,-0.94560192296025,1.244075650422
16.359,1625,2000,0.97200305035427,-0.945341835214559,1.24270230200626
16.376,1625,2000,0.97017351546088,-0.944571160273062,1.2375596408657
16.393,1625,2000,0.967615777534267,-0.94349373642393,1.23037006525801
16.41,1625,2000,0.967615777534267,-0.94349373642393,1.23037006525801
16.427,1625,2000,0.967251083365837,-0.943256077430254,1.23206205564063
16.444,1625,2000,0.96498385178836,-0.942132627474124,1.23025267721945
16.461,1625,2000,0.962347953688431,-0.9416039148092,1.22230692185667
16.478,1625,2000,0.960416529446181,-0.940404001119498,1.2195731634525
16.495,1625,2000,0.958130027142596,-0.938096327946714,1.21399836482842
16.512,1625,2000,0.956775405465489,-0.938049750246014,1.21436380632173
16.529,1625,2000,0.956775405465489,-0.938049750246014,1.21436380632173
16.546,1625,2000,0.955934892392577,-0.93769905383089,1.21286704908979
16.563,1625,2000,0.949819306485364,-0.935077763227697,1.20109374432785
16.58,1625,2000,0.946104454071298,-0.933429587650193,1.19320723699187
16.597,1625,2000,0.94536357278903,-0.932686605020853,1.18817217614391
16.614,1625,2000,0.94351189727658,-0.930829677637411,1.17558811024967
16.631,1625,2000,0.943059464748838,-0.930639074048544,1.17405001604595
16.648,1625,2000,0.940522215099035,-0.929595587802771,1.17034803897532
16.665,1625,2000,0.938194123364901,-0.928291208140947,1.16555585994381
16.682,1625,2000,0.937032873018979,-0.927219630667314,1.15269081349188
16.699,1625,2000,0.936648654717434,-0.927031931515836,1.1512675972525
16.716,1625,2000,0.934513255262227,-0.926003018448489,1.13191681373611
16.733,1625,2000,0.932340630215232,-0.924745681840793,1.11477324900594
16.75,1625,2000,0.930879739250722,-0.923619880331555,1.12896469002971
16.767,1625,2000,0.930673456742503,-0.923439891153289,1.12901501095832
16.784,1625,2000,0.924637938638033,-0.918993347068369,1.11511961610265
16.801,1625,2000,0.91142605944324,-0.910245154033918,1.06168798625347
16.818,1625,2000,0.910740585128855,-0.90974132219886,1.06360679360865
16.835,1625,2000,0.907791799260068,-0.907573929250231,1.07186115397658
16.852,1625,2000,0.907791799260068,-0.907573929250231,1.07186115397658
16.869,1625,2000,0.907525549745358,-0.907329399606067,1.06735963570392
16.886,1625,2000,0.905018094775617,-0.905771458837664,1.03212172536881
16.903,1625,2000,0.903441857368307,-0.905431723913522,1.02776787708227
16.92,1625,2000,0.900502230878211,-0.902548435272854,1.03358940255886
16.937,1625,2000,0.899296231374367,-0.901329816533987,1.01725261727154
16.954,1625,2000,0.899115823267313,-0.901238729604521,1.01472900181169
16.971,1625,2000,0.896841668222649,-0.900157864811875,1.00291027617918
16.988,1625,2000,0.895178028772093,-0.899465277067244,1.02838174288617
17.005,1625,2000,0.894800049798299,-0.899163775770299,1.02751269188516
17.022,1625,2000,0.88880873288196,-0.894582470808737,1.00409484794491
17.039,1625,2000,0.886275630373026,-0.893012731644663,0.974601606612554
17.056,1625,2000,0.884362408152308,-0.891894238994467,0.999690761801111
17.073,1625,2000,0.882784298973758,-0.88966054772611,0.973004104485617
17.09,1625,2000,0.882617072497345,-0.889652858993896,0.971292422772122
17.107,1625,2000,0.880755697298165,-0.889567276759767,0.95223992606986
17.124,1625,2000,0.880554222223143,-0.889419275375206,0.954040717041095
17.141,1625,2000,0.878311630523886,-0.887771892062609,0.974085076790014
17.158,1625,2000,0.878311630523886,-0.887771892062609,0.974085076790014
17.175,1625,2000,0.878026326452941,-0.887619938038773,0.971638770197938
17.192,1625,2000,0.874850645584252,-0.885928558435183,0.944409263736024
17.209,1625,2000,0.874850645584252,-0.885928558435183,0.944409263736024
17.226,1625,2000,0.874415953897574,-0.885553990157502,0.941953766651836
17.243,1625,2000,0.867917980976631,-0.880125842924497,0.916304178972094
17.26,1625,2000,0.866064190042096,-0.878775453217761,0.937331890244369
17.277,1625,2000,0.865919140531835,-0.878675911543643,0.937054122328932
17.294,1625,2000,0.851520756492906,-0.868794876790432,0.909481405172077
17.311,1625,2000,0.851520756492906,-0.868794876790432,0.909481405172077
17.328,1625,2000,0.851499786039057,-0.868789191918092,0.909436498692468
17.345,1625,2000,0.848845398675401,-0.867753174936717,0.900202673087008
17.362,1625,2000,0.847822082942119,-0.866078755307378,0.87832066434932
17.379,1625,2000,0.845708701832921,-0.864292822970614,0.887716452517275
17.396,1625,2000,0.845693973425977,-0.864281968759085,0.887800982099408
17.413,1625,2000,0.845693973425977,-0.864281968759085,0.887800982099408
17.43,1625,2000,0.844282269798309,-0.863607325602041,0.874368112868618
17.447,1625,2000,0.838346334298036,-0.859154275351321,0.849461166054581
17.464,1625,2000,0.837938844264071,-0.858821287271891,0.848105073381489
17.481,1625,2000,0.837938844264071,-0.858821287271891,0.848105073381489
17.498,1625,2000,0.835019556848314,-0.857137199458893,0.848729585985166
17.515,1625,2000,0.832092068256112,-0.853976461698616,0.827504365900537
17.532,1625,2000,0.830689976362237,-0.853370300429151,0.809234886506912
17.549,1625,2000,0.830507165432211,-0.853364326899126,0.807936201626936
17.566,1625,2000,0.830507165432211,-0.853364326899126,0.807936201626936
17.583,1625,2000,0.829270666267371,-0.852331688139216,0.815110269474313
17.6,1625,2000,0.82405156884903,-0.847359590975202,0.794402286896547
17.617,1625,2000,0.82091965298389,-0.845318044534021,0.770414379465909
17.634,1625,2000,0.820693976126228,-0.845219141154502,0.768373286371056
17.651,1625,2000,0.819241936986784,-0.844041059545546,0.781717072446653
17.668,1625,2000,0.817328881271237,-0.84195035785109,0.779228872337743
17.685,1625,2000,0.81708120892747,-0.841625294078377,0.777126756606565
17.702,1625,2000,0.813850463319252,-0.83841149584593,0.759250534381938
17.719,1625,2000,0.812557796794905,-0.837125610203767,0.752098007735217
17.736,1625,2000,0.812557796794905,-0.837125610203767,0.752098007735217
17.753,1625,2000,0.811825148892663,-0.837092002179765,0.746445998792885
17.77,1625,2000,0.811532006215334,-0.837078555139099,0.74418455092881
17.787,1625,2000,0.799874608476053,-0.825703956268026,0.682157812904698
17.804,1625,2000,0.793115903766077,-0.820134295129934,0.672308530360706
17.821,1625,2000,0.79122804149776,-0.818814906803528,0.655113522123311
17.838,1625,2000,0.789100588556455,-0.816281552181387,0.65296339145824
17.855,1625,2000,0.787375763198872,-0.814581306893508,0.653946704261914
17.872,1625,2000,0.78706722991074,-0.814377393086883,0.651243151309492
17.889,1625,2000,0.786056499725407,-0.813783799410683,0.628872184396942
17.906,1625,2000,0.785465385587986,-0.813436642851021,0.61578877697358
17.923,1625,2000,0.783638894207492,-0.811769740660799,0.616080663260135
17.94,1625,2000,0.781459335519968,-0.809780620323986,0.616428972208333
17.957,1625,2000,0.780504869953578,-0.808603483663781,0.616667119353653
17.974,1625,2000,0.778073184837393,-0.806451352290057,0.617031939794294
17.991,1625,2000,0.777447355699266,-0.806119228741847,0.617070256446431
18.008,1625,2000,0.775091230476687,-0.803628620920316,0.604157346714853
18.025,1625,2000,0.772279657833854,-0.800656569711859,0.588748325414643
18.042,1625,2000,0.770549477348377,-0.799383964814767,0.585905802821202
18.059,1625,2000,0.768484846795843,-0.797865360846052,0.582513810458586
18.076,1625,2000,0.768484846795843,-0.797865360846052,0.582513810458586
18.093,1625,2000,0.768484846795843,-0.797865360846052,0.582513810458586
18.11,1625,2000,0.767548809402061,-0.796368409844697,0.585582369073752
18.127,1625,2000,0.765376130834874,-0.794228249342424,0.588514718904358
18.144,1625,2000,0.764107069859096,-0.793730449926664,0.568286912919844
18.161,1625,2000,0.762058727875482,-0.791058960188313,0.549847701740701
18.178,1625,2000,0.761219217313571,-0.78966337271801,0.554199685905413
18.195,1625,2000,0.761219217313571,-0.78966337271801,0.554199685905413
18.212,1625,2000,0.758826450659057,-0.787346366762329,0.553272113050973
18.229,1625,2000,0.752790422572284,-0.781781655858918,0.537260326057661
18.246,1625,2000,0.752199703371252,-0.781354794504517,0.512953626900722
18.263,1625,2000,0.749423184625031,-0.778795443330137,0.504659478258668
18.28,1625,2000,0.740821211857352,-0.769946727516098,0.484052817885448
18.297,1625,2000,0.739208356364964,-0.767607487393698,0.475624994219748
18.314,1625,2000,0.738365250922993,-0.766620136099874,0.453794351810323
18.331,1625,2000,0.738181814559699,-0.766379771591042,0.459640602368568
18.348,1625,2000,0.736362106301097,-0.764350424101306,0.481818642448087
18.365,1625,2000,0.734319068699661,-0.762479068999633,0.445706037255532
18.382,1625,2000,0.733000047871775,-0.760572579498983,0.427688295254209
18.399,1625,2000,0.731590995075883,-0.759228073973341,0.454681257130272
18.416,1625,2000,0.731190189255007,-0.758856165436026,0.454371015489629
18.433,1625,2000,0.727578920160451,-0.755102524625316,0.446754124379921
18.45,1625,2000,0.726372103818229,-0.753480434452156,0.422659760879113
18.467,1625,2000,0.724388253364908,-0.75232233627996,0.418950580823859
18.484,1625,2000,0.723268974817999,-0.749965176775151,0.41929928124255
18.501,1625,2000,0.723242127265398,-0.749928200247493,0.418338000183485
18.518,1625,2000,0.721740202128307,-0.748114882577419,0.388198211506162
18.535,1625,2000,0.719164845132755,-0.746215156420138,0.424953922036849
18.552,1625,2000,0.719164845132755,-0.746215156420138,0.424953922036849
18.569,1625,2000,0.718228797230576,-0.744761383105422,0.392340899568954
18.586,1625,2000,0.717982025342785,-0.744378122393595,0.383743073429663
18.603,1625,2000,0.717440639447807,-0.743994986012148,0.386974362097479
18.62,1625,2000,0.712614955054716,-0.738578586605243,0.369207930044261
18.637,1625,2000,0.710553255426274,-0.735998264801695,0.357860827970052
18.654,1625,2000,0.710553255426274,-0.735998264801695,0.357860827970052
18.671,1625,2000,0.709803391867126,-0.734834381039391,0.35501957256824
18.688,1625,2000,0.709364842630759,-0.73415369676163,0.35335789642518
18.705,1625,2000,0.709364842630759,-0.73415369676163,0.35335789642518
18.722,1625,2000,0.70869520514059,-0.733559289129824,0.353503934545812
18.739,1625,2000,0.706606534856301,-0.730724714180092,0.339380988128726
18.756,1625,2000,0.706040289933303,-0.729520208074063,0.322320071328972
18.773,1625,2000,0.701347162902994,-0.724194033251033,0.307964885895784
18.79,1625,2000,0.692987600733956,-0.714012506974356,0.289386571582345
18.807,1625,2000,0.691315903579413,-0.711668070128572,0.278977818280505
18.824,1625,2000,0.69057419059683,-0.710802947539729,0.256822116740599
18.841,1625,2000,0.69057419059683,-0.710802947539729,0.256822116740599
18.858,1625,2000,0.690001116292122,-0.710109406290535,0.269877868166862
18.875,1625,2000,0.68902123193217,-0.708923538738135,0.292201546832826
18.892,1625,2000,0.688821219464124,-0.708601533582731,0.282158100780753
18.909,1625,2000,0.686710657075377,-0.705628194660133,0.257117528998235
18.926,1625,2000,0.683612828354236,-0.701618678367965,0.251370613511946
18.943,1625,2000,0.68289797323151,-0.70048937559939,0.225900035807157
18.96,1625,2000,0.68237652334713,-0.699829476049822,0.226367496902596
18.977,1625,2000,0.679174305670528,-0.695777040589182,0.229238170054092
18.994,1625,2000,0.679174305670528,-0.695777040589182,0.229238170054092
19.011,1625,2000,0.679174305670528,-0.695777040589182,0.229238170054092
19.028,1625,2000,0.679174305670528,-0.695777040589182,0.229238170054092
19.045,1625,2000,0.679174305670528,-0.695777040589182,0.229238170054092
19.062,1625,2000,0.679174305670528,-0.695777040589182,0.229238170054092
19.079,1625,2000,0.678917911577099,-0.695420696046019,0.229025243792823
19.096,1625,2000,0.676781955160127,-0.692763216059361,0.224130407064006
19.113,1625,2000,0.676232117954649,-0.692380516957574,0.202848812607615
19.13,1625,2000,0.674622638122156,-0.690750013628041,0.195009638838054
19.147,1625,2000,0.672567178155945,-0.688189646444393,0.195137667623341
19.164,1625,2000,0.671971358213959,-0.687115469783095,0.195749362169213
19.181,1625,2000,0.668857213664311,-0.682121685294436,0.190961258905689
19.198,1625,2000,0.668314568522792,-0.681603346246078,0.163998016413841
19.215,1625,2000,0.668109130575548,-0.681451011316419,0.169350177076841
19.232,1625,2000,0.666999765660435,-0.680628402696263,0.198251844656972
19.249,1625,2000,0.666512056788472,-0.679687200549289,0.193132614140419
19.266,1625,2000,0.659297672362025,-0.668220159760538,0.153149074447328
19.283,1625,2000,0.650292246235577,-0.65688976957301,0.133591740845021
19.3,1625,2000,0.650182233312509,-0.656634881723652,0.127114456393325
19.317,1625,2000,0.648936099434991,-0.654161805424266,0.102565518179458
19.334,1625,2000,0.647281299789425,-0.651835400133849,0.102643306966808
19.351,1625,2000,0.645332600332215,-0.649328956866252,0.0898891307582241
19.368,1625,2000,0.641664489150388,-0.643535365398341,0.0415103628567664
19.385,1625,2000,0.641664489150388,-0.643535365398341,0.0415103628567664
19.402,1625,2000,0.641500473046311,-0.643346481094257,0.0413747672303689
19.419,1625,2000,0.639707392409411,-0.641072644910986,0.0406842519821351
19.436,1625,2000,0.638834955122,-0.639690360692637,0.0415573526338692
19.453,1625,2000,0.638834955122,-0.639690360692637,0.0415573526338692
19.47,1625,2000,0.638719036378978,-0.639519165899765,0.0458308288714917
19.487,1625,2000,0.637246606458341,-0.637154296625732,0.0679461910312557
19.504,1625,2000,0.635817174921701,-0.634332076201547,0.0426006986884813
19.521,1625,2000,0.635210259911748,-0.633009701771398,0.0426285960179505
19.538,1625,2000,0.635039682870084,-0.632795402929239,0.0425718377539862
19.555,1625,2000,0.633359446531223,-0.630815249673823,0.0368355613456925
19.572,1625,2000,0.631840274522696,-0.628844707393447,0.0118802459376965
19.589,1625,2000,0.62988259107318,-0.625298551816505,0.0115586534617361
19.606,1625,2000,0.629533541119852,-0.624654400478462,0.0116992211280161
19.623,1625,2000,0.627258072146283,-0.620679980183435,0.0059683320103035
19.64,1625,2000,0.626502015757656,-0.619528960001195,-0.0177924167099204
19.657,1625,2000,0.626502015757656,-0.619528960001195,-0.0177924167099204
19.674,1625,2000,0.626327279307257,-0.619258458246716,-0.0136778143038785
19.691,1625,2000,0.625254224797172,-0.617597310117823,0.0115899112274383
19.708,1625,2000,0.625155996733016,-0.617461140217496,0.00823140860591325
19.725,1625,2000,0.623876259190066,-0.615396087236641,-0.0166425322553602
19.742,1625,2000,0.622605872484275,-0.612344854395104,0.00998309945257531
19.759,1625,2000,0.620344148167167,-0.608920140711237,-0.0473598724110231
19.776,1625,2000,0.620139836356836,-0.608544490826,-0.0473629449861515
19.793,1625,2000,0.613480433417905,-0.596654159924429,-0.0474590876562739
19.81,1625,2000,0.611374194069001,-0.593411615677353,-0.047483723975226
19.827,1625,2000,0.611374194069001,-0.593411615677353,-0.047483723975226
19.844,1625,2000,0.611374194069001,-0.593411615677353,-0.047483723975226
19.861,1625,2000,0.611374194069001,-0.593411615677353,-0.047483723975226
19.878,1625,2000,0.610562914661395,-0.59053421212841,-0.0765792764128006
19.895,1625,2000,0.609843626703562,-0.590500626750709,-0.0765792764128006
19.912,1625,2000,0.606145507644356,-0.583689822980124,-0.0766808774072453
19.929,1625,2000,0.606131808330051,-0.583663769005814,-0.0769354384090028
19.946,1625,2000,0.604609076855386,-0.580767769553739,-0.105230872835053
19.963,1625,2000,0.604587419355045,-0.580728804178541,-0.105237833591607
19.98,1625,2000,0.602437580953821,-0.57686089428133,-0.105928795221762
19.997,1625,2000,0.602437580953821,-0.57686089428133,-0.105928795221762
20.014,1625,2000,0.602437580953821,-0.57686089428133,-0.105928795221762
20.031,1625,2000,0.600623690369339,-0.572964962344496,-0.106007382128617
20.048,1625,2000,0.600623690369339,-0.572964962344496,-0.106007382128617
20.065,1625,2000,0.599715716619454,-0.571014778520652,-0.105373067965546
20.082,1625,2000,0.598084695736392,-0.569029285001477,-0.106072131883169
20.099,1625,2000,0.597175068708675,-0.567076114522362,-0.134355823580654
20.116,1625,2000,0.597175068708675,-0.567076114522362,-0.134355823580654
20.133,1625,2000,0.594567800536555,-0.561461361443255,-0.134444425013875
20.15,1625,2000,0.592952826816431,-0.558280366999281,-0.13547715748222
20.167,1625,2000,0.592172339421684,-0.558226134846171,-0.1065079760773
20.184,1625,2000,0.592168333378411,-0.55822601484671,-0.106216042062057
20.201,1625,2000,0.592168333378411,-0.55822601484671,-0.106216042062057
20.218,1625,2000,0.589878418747454,-0.552579073489224,-0.133549222712019
20.235,1625,2000,0.589787306800234,-0.55235439095479,-0.134636765137875
20.252,1625,2000,0.589787306800234,-0.55235439095479,-0.134636765137875
20.269,1625,2000,0.589172765296117,-0.55140107160402,-0.161258725401411
20.286,1625,2000,0.589148313697646,-0.551363140590698,-0.162317969534647
20.303,1625,2000,0.589148313697646,-0.551363140590698,-0.162317969534647
20.32,1625,2000,0.581142236771095,-0.536507197572432,-0.163366028563101
20.337,1625,2000,0.578851403372335,-0.530127409925602,-0.212067659204724
20.354,1625,2000,0.578099350458624,-0.528728730999498,-0.21974979812633
20.371,1625,2000,0.578024515635101,-0.528630493049894,-0.21974979812633
20.388,1625,2000,0.578024515635101,-0.528630493049894,-0.21974979812633
20.405,1625,2000,0.577218278611319,-0.52643731159376,-0.219864337768865
20.422,1625,2000,0.57651535134472,-0.52564754903873,-0.219904426643752
20.439,1625,2000,0.576455514430867,-0.525645367724106,-0.219904426643752
20.456,1625,2000,0.576455514430867,-0.525645367724106,-0.219904426643752
20.473,1625,2000,0.574269948273195,-0.520681493535542,-0.221421335092439
20.49,1625,2000,0.573395472671778,-0.518695378015238,-0.222028271388237
20.507,1625,2000,0.572128823643242,-0.515155673436256,-0.240906148524103
20.524,1625,2000,0.571622019643224,-0.513739388104569,-0.248459451316565
20.541,1625,2000,0.571370536967365,-0.5133684484155,-0.234164223850604
20.558,1625,2000,0.570511278668379,-0.511791031333817,-0.236532348927908
20.575,1625,2000,0.56933927516114,-0.509026363352016,-0.248756727401363
20.592,1625,2000,0.568831409346201,-0.50774858455178,-0.248803891670044
20.609,1625,2000,0.568831409346201,-0.50774858455178,-0.248803891670044
20.626,1625,2000,0.568696508369986,-0.507742207859953,-0.248803891670044
20.643,1625,2000,0.568465844814404,-0.507731304525887,-0.248803891670044
20.66,1625,2000,0.567308731568748,-0.505213640896166,-0.255695009064329
20.677,1625,2000,0.56480017919607,-0.498028158223347,-0.28864044900602
20.694,1625,2000,0.564614484208269,-0.49677287462415,-0.302200502430074
20.711,1625,2000,0.564333421369044,-0.496577673338231,-0.29380624573383
20.728,1625,2000,0.563527686951694,-0.495228180021876,-0.280617565207907
20.745,1625,2000,0.563186452601209,-0.493454574664129,-0.301866024820737
20.762,1625,2000,0.56208651248738,-0.491668298596583,-0.300409583749636
20.779,1625,2000,0.561603195831643,-0.488764564298879,-0.302604905504274
20.796,1625,2000,0.561603195831643,-0.488764564298879,-0.302604905504274
20.813,1625,2000,0.560981207226965,-0.487462672730791,-0.30731160463948
20.83,1625,2000,0.556307336041353,-0.477246119753222,-0.330299549522836
20.847,1625,2000,0.554448682545932,-0.472621375612217,-0.33044461303214
20.864,1625,2000,0.554354749882948,-0.472440173406074,-0.3304567782751
20.881,1625,2000,0.553260170318055,-0.469838064957563,-0.334490370045701
20.898,1625,2000,0.552641367629749,-0.467576962304482,-0.357579067349239
20.915,1625,2000,0.552641367629749,-0.467576962304482,-0.357579067349239
20.932,1625,2000,0.552619712509149,-0.467493002803746,-0.357579067349239
20.949,1625,2000,0.552160031992011,-0.466100667846755,-0.357611263903685
20.966,1625,2000,0.55140785341714,-0.464538624204834,-0.357808982570158
20.983,1625,2000,0.551113465554714,-0.463688649296261,-0.357841220226744
21,1625,2000,0.549305633114668,-0.458468963266147,-0.358039191300986
21.017,1625,2000,0.549091755432539,-0.457900396829754,-0.358071470156199
21.034,1625,2000,0.54777833507354,-0.454408836955104,-0.358269694230732
21.051,1625,2000,0.547697145812555,-0.454125458592981,-0.36198947355743
21.068,1625,2000,0.547198563504905,-0.452385235366282,-0.384832595149415
21.085,1625,2000,0.547149713774175,-0.452183985251595,-0.381904988272816
21.102,1625,2000,0.546518492640528,-0.450159801529249,-0.361634492833769
21.119,1625,2000,0.545677673734248,-0.448779244162007,-0.363237400626002
21.136,1625,2000,0.54333483315885,-0.442616227069279,-0.386021263276943
21.153,1625,2000,0.542678273442494,-0.43915828791316,-0.388928764792893
21.17,1625,2000,0.542678273442494,-0.43915828791316,-0.388928764792893
21.187,1625,2000,0.542660700642308,-0.439096980543027,-0.388928764792893
21.204,1625,2000,0.542048060537722,-0.43695962151252,-0.389801416112823
21.221,1625,2000,0.541802995913598,-0.436104645224607,-0.411733743169578
21.238,1625,2000,0.541802995913598,-0.436104645224607,-0.411733743169578
21.255,1625,2000,0.541794488209719,-0.436081925829155,-0.411532586716327
21.272,1625,2000,0.540555808664632,-0.433029697831561,-0.389173273258825
21.289,1625,2000,0.539892440746938,-0.431992072188959,-0.411987186725019
21.306,1625,2000,0.537117759252262,-0.41975859330508,-0.438299738943221
21.323,1625,2000,0.537117759252262,-0.41975859330508,-0.438299738943221
21.34,1625,2000,0.534988001707309,-0.414791501356963,-0.438553226070767
21.357,1625,2000,0.534903262147849,-0.41459386891543,-0.438563311907799
21.374,1625,2000,0.534801208778157,-0.411953412650529,-0.442327456216029
21.391,1625,2000,0.534259160081188,-0.410764257701889,-0.442628587760687
21.408,1625,2000,0.533564026135639,-0.408675261438128,-0.461116554001631
21.425,1625,2000,0.533507211082241,-0.408443833420341,-0.464127138800153
21.442,1625,2000,0.533094658472788,-0.407004789850039,-0.44264238458579
21.459,1625,2000,0.532283211897025,-0.404258423550575,-0.462877795680087
21.476,1625,2000,0.531339170070059,-0.399831590533221,-0.465494147736814
21.493,1625,2000,0.53122043036716,-0.399182949151466,-0.464729392159186
21.51,1625,2000,0.530517268682337,-0.396729574301217,-0.468109877704767
21.527,1625,2000,0.530331892980963,-0.396082786950006,-0.469001080812848
21.544,1625,2000,0.530392987612671,-0.395278623232777,-0.469001080812848
21.561,1625,2000,0.53040909409351,-0.395066620195185,-0.469001080812848
21.578,1625,2000,0.529139248758856,-0.39349351379725,-0.450293259053484
21.595,1625,2000,0.528694802891728,-0.392942926557973,-0.443745521437716
21.612,1625,2000,0.528914729159072,-0.390557765836083,-0.48288655693645
21.629,1625,2000,0.528098644624165,-0.386350067995145,-0.480746446507933
21.646,1625,2000,0.527736909521007,-0.38574080617382,-0.473624022760972
21.663,1625,2000,0.527255837456363,-0.383194980463892,-0.47376605871387
21.68,1625,2000,0.526439745503813,-0.37989482039171,-0.488983865095701
21.697,1625,2000,0.526324982856474,-0.379523524274632,-0.494920776170738
21.714,1625,2000,0.525899070963745,-0.378232462004352,-0.494920776170738
21.731,1625,2000,0.525779516079978,-0.376632793335484,-0.511192367564707
21.748,1625,2000,0.525805260530206,-0.376418513514822,-0.519429020233135
21.765,1625,2000,0.523976903948666,-0.368525096525683,-0.522554826824046
21.782,1625,2000,0.522669091240929,-0.362878981785219,-0.524790697891427
21.799,1625,2000,0.522547466205296,-0.361928660820736,-0.522419402268797
21.816,1625,2000,0.522691650481216,-0.360092764208563,-0.53348568152064
21.833,1625,2000,0.522897890741202,-0.359791102755433,-0.544424597955224
21.85,1625,2000,0.522897890741202,-0.359791102755433,-0.544424597955224
21.867,1625,2000,0.522633849306671,-0.358431223079074,-0.546071574590048
21.884,1625,2000,0.521435425454991,-0.352613336998517,-0.552209218794658
21.901,1625,2000,0.520948454946316,-0.350377653945986,-0.554257395653187
21.918,1625,2000,0.520837555007627,-0.350374051625976,-0.554257395653187
21.935,1625,2000,0.52034895172473,-0.348814048116843,-0.554394962391054
21.952,1625,2000,0.520121752431164,-0.34618530143452,-0.554630184060874
21.969,1625,2000,0.520172845224664,-0.345489270724718,-0.554630184060874
21.986,1625,2000,0.520273779559578,-0.34411425495515,-0.554630184060874
22.003,1625,2000,0.520101566518599,-0.34351142937912,-0.556070525900501
22.02,1625,2000,0.519671156575014,-0.342004794801992,-0.559670354615065
22.037,1625,2000,0.519671156575014,-0.342004794801992,-0.559670354615065
22.054,1625,2000,0.519671156575014,-0.342004794801992,-0.56178819917983
22.071,1625,2000,0.519429094408431,-0.34082006027919,-0.570907996410045
22.088,1625,2000,0.518132591947993,-0.33525034370073,-0.576150317005624
22.105,1625,2000,0.517633934866618,-0.333568808929584,-0.579048013517095
22.122,1625,2000,0.517741953805314,-0.333574086991628,-0.579048013517095
22.139,1625,2000,0.517774289565766,-0.332381700743915,-0.580530178080032
22.156,1625,2000,0.517180372196909,-0.32936861530866,-0.584234533814603
22.173,1625,2000,0.517180372196909,-0.32936861530866,-0.584234533814603
22.19,1625,2000,0.517180372196909,-0.32936861530866,-0.584234533814603
22.207,1625,2000,0.517288476471129,-0.329373902473457,-0.582861809448915
22.224,1625,2000,0.517147526715049,-0.327572562519787,-0.580913738016169
22.241,1625,2000,0.516119985934431,-0.323037469687555,-0.584619586311968
22.258,1625,2000,0.516249836493168,-0.322898244355719,-0.590488149933205
22.275,1625,2000,0.515879414589127,-0.317791628574863,-0.611128930045701
22.292,1625,2000,0.514142520035081,-0.308231601956259,-0.614105005930853
22.309,1625,2000,0.514156743472421,-0.308033555304778,-0.614105005930853
22.326,1625,2000,0.514217930113777,-0.307181594618591,-0.614105005930853
22.343,1625,2000,0.514255469205967,-0.307096544021947,-0.613692067336886
22.36,1625,2000,0.514673311743232,-0.306149857380785,-0.609095703925536
22.377,1625,2000,0.514604202789173,-0.305798536518595,-0.609541301369697
22.394,1625,2000,0.513834960406713,-0.301888031711806,-0.614501186007402
22.411,1625,2000,0.513823550298174,-0.301738754499104,-0.615971904511727
22.428,1625,2000,0.513692481866736,-0.298227593699494,-0.638362044089107
22.445,1625,2000,0.513982966957437,-0.294493399684197,-0.643022841513975
22.462,1625,2000,0.513971286118158,-0.294452297729096,-0.643022841513975
22.479,1625,2000,0.513677711833083,-0.293419283166044,-0.643022841513975
22.496,1625,2000,0.513675582836299,-0.293414690186606,-0.643042665166825
22.513,1625,2000,0.513523998265287,-0.29306057729404,-0.64445410924972
22.53,1625,2000,0.513263834858298,-0.292331880470275,-0.646876559627946
22.547,1625,2000,0.513079676636493,-0.29149667574226,-0.648591305599441
22.564,1625,2000,0.513098062194739,-0.29057125535366,-0.647618124788634
22.581,1625,2000,0.5131865622033,-0.289485222014333,-0.644520822058322
22.598,1625,2000,0.513217784359801,-0.289156167691652,-0.643428116281804
22.615,1625,2000,0.513233449495561,-0.288936830116713,-0.643449142841586
22.632,1625,2000,0.513463729469894,-0.285712533059808,-0.643758236597369
22.649,1625,2000,0.513520044641487,-0.28492402836003,-0.643833825748991
22.666,1625,2000,0.513520044641487,-0.28492402836003,-0.643833825748991
22.683,1625,2000,0.51304099214035,-0.28313473060949,-0.645192883815177
22.7,1625,2000,0.512595865165628,-0.277826399228474,-0.659078042278056
22.717,1625,2000,0.51297990443115,-0.276383232592232,-0.672041350100469
22.734,1625,2000,0.512872844031623,-0.276379961628107,-0.672041350100469
22.751,1625,2000,0.512436264574654,-0.275959997627044,-0.663882998566879
22.768,1625,2000,0.512291308931321,-0.275283003734426,-0.649933252425613
22.785,1625,2000,0.512291308931321,-0.275283003734426,-0.649933252425613
22.802,1625,2000,0.512264569079139,-0.269470088391231,-0.666154727347676
22.819,1625,2000,0.512416967781688,-0.25495284614839,-0.706828401778504
22.836,1625,2000,0.512964884854285,-0.254980103035805,-0.706876625651428
22.853,1625,2000,0.512874975922955,-0.253728540095089,-0.70697449913216
22.87,1625,2000,0.512577235398783,-0.24958389060931,-0.707298614890458
22.887,1625,2000,0.512689086937326,-0.249140131371339,-0.710552685153468
22.904,1625,2000,0.513113358919624,-0.24745687681794,-0.72289592923404
22.921,1625,2000,0.513124020215373,-0.247306519492769,-0.72289592923404
22.938,1625,2000,0.513189491108599,-0.246383176907238,-0.72289592923404
22.955,1625,2000,0.51315700616233,-0.246168414211211,-0.720770885605735
22.972,1625,2000,0.512976740890574,-0.243645373397495,-0.71115114271594
22.989,1625,2000,0.513109849002887,-0.242064981330338,-0.734901032172352
23.006,1625,2000,0.513109849002887,-0.242064981330338,-0.734901032172352
23.023,1625,2000,0.513066978520188,-0.241742886411311,-0.734940444380528
23.04,1625,2000,0.512720554437133,-0.237018230407401,-0.734519829852827
23.057,1625,2000,0.513182658146826,-0.235584524092806,-0.729556239835689
23.074,1625,2000,0.513182658146826,-0.235584524092806,-0.729556239835689
23.091,1625,2000,0.513154187913499,-0.23558391114206,-0.729556239835689
23.108,1625,2000,0.512776190263583,-0.235239502952828,-0.730458400896264
23.125,1625,2000,0.512747131141312,-0.231231478206918,-0.741511286827789
23.142,1625,2000,0.513488153946019,-0.23126855303544,-0.735878299521227
23.159,1625,2000,0.513461589552704,-0.231248386621217,-0.735878299521227
23.176,1625,2000,0.512805895417591,-0.229811019615439,-0.735884573239615
23.193,1625,2000,0.513201790707748,-0.224394927222339,-0.736854868740969
23.21,1625,2000,0.51331709532818,-0.222401487820441,-0.748662005757393
23.227,1625,2000,0.513019542474723,-0.22147472092909,-0.748662005757393
23.244,1625,2000,0.513037241600322,-0.221433985308897,-0.748434541145051
23.261,1625,2000,0.513482073347402,-0.220410177833299,-0.742717677882735
23.278,1625,2000,0.513482073347402,-0.220410177833299,-0.742717677882735
23.295,1625,2000,0.513503696583441,-0.220038492067293,-0.74388439411508
23.312,1625,2000,0.514328496530445,-0.209135296033414,-0.777894213894515
23.329,1625,2000,0.51479052401879,-0.207389537451196,-0.783087723745918
23.346,1625,2000,0.514834926015908,-0.207182422802908,-0.783596518598012
23.363,1625,2000,0.515950880464762,-0.201977014754192,-0.796384048790237
23.38,1625,2000,0.515897495337951,-0.201890466673384,-0.796664553282411
23.397,1625,2000,0.514555768081668,-0.199715255599885,-0.803714466716019
23.414,1625,2000,0.514618041298403,-0.199676442842004,-0.803965385968325
23.431,1625,2000,0.516183152729659,-0.198700962624,-0.81027173419781
23.448,1625,2000,0.516200950928365,-0.198679388582709,-0.810008319245973
23.465,1625,2000,0.51660305403795,-0.197364026529095,-0.803418888768648
23.482,1625,2000,0.515329697140754,-0.194268093726215,-0.804291057546912
23.499,1625,2000,0.515340815243727,-0.194268875094915,-0.804419031688346
23.516,1625,2000,0.516962406796977,-0.194341911660828,-0.817227193896842
23.533,1625,2000,0.518122669474752,-0.193310635826112,-0.817356291772292
23.55,1625,2000,0.516415789856427,-0.189926193028111,-0.811143509466193
23.567,1625,2000,0.516415789856427,-0.189926193028111,-0.811143509466193
23.584,1625,2000,0.517736147452994,-0.187791986662341,-0.824387523742182
23.601,1625,2000,0.517428478523318,-0.186737877603348,-0.830450228789159
23.618,1625,2000,0.518280594165225,-0.185616833898668,-0.837342785486594
23.635,1625,2000,0.518205118149843,-0.181236274732439,-0.837777829871162
23.652,1625,2000,0.518204439126867,-0.181202319218779,-0.837779277431779
23.669,1625,2000,0.518204439126867,-0.181202319218779,-0.837779277431779
23.686,1625,2000,0.519401568631303,-0.180201474591876,-0.84427928053314
23.703,1625,2000,0.519449200450739,-0.180161652625769,-0.844537904995162
23.72,1625,2000,0.519898684727019,-0.179122512305596,-0.850977014456805
23.737,1625,2000,0.519916568969123,-0.179081166616666,-0.851233216060782
23.754,1625,2000,0.519916568969123,-0.179081166616666,-0.851233216060782
23.771,1625,2000,0.522717595855575,-0.164997066025789,-0.865253914211892
23.788,1625,2000,0.522969240906377,-0.163731746429669,-0.866513537714821
23.805,1625,2000,0.523360415334752,-0.16293374169062,-0.876994973919658
23.822,1625,2000,0.523512770715386,-0.161647667603813,-0.878508776322869
23.839,1625,2000,0.523518233353937,-0.161537742613379,-0.878508776322869
23.856,1625,2000,0.523518233353937,-0.161537742613379,-0.878508776322869
23.873,1625,2000,0.523461140360444,-0.158013826703568,-0.878819309798641
23.89,1625,2000,0.524373148869072,-0.157132099722122,-0.879086963212067
23.907,1625,2000,0.524617551269176,-0.157144566578719,-0.879106256322277
23.924,1625,2000,0.524680723560658,-0.156266670538677,-0.884541067555752
23.941,1625,2000,0.524697377778448,-0.156035229324417,-0.885973856011079
23.958,1625,2000,0.524585437659615,-0.154072139454375,-0.881210055138879
23.975,1625,2000,0.525931752942952,-0.149975758802602,-0.881434635480037
23.992,1625,2000,0.5263501317124,-0.149429889421954,-0.882005937169199
24.009,1625,2000,0.526442128433334,-0.147883762390392,-0.885112640264611
24.026,1625,2000,0.52681237288533,-0.146249923190567,-0.891842815444332
24.043,1625,2000,0.52763758493913,-0.146143051040533,-0.899963822692166
24.06,1625,2000,0.527764904224879,-0.146151404953257,-0.9010056378539
24.077,1625,2000,0.527764904224879,-0.146151404953257,-0.9010056378539
24.094,1625,2000,0.527801992268945,-0.145605538623251,-0.906114691784937
24.111,1625,2000,0.528557208745849,-0.141207285150535,-0.908655233302286
24.128,1625,2000,0.529730837544127,-0.138588778143801,-0.905904274024695
24.145,1625,2000,0.52989727229913,-0.13842648232009,-0.90477001232064
24.162,1625,2000,0.530139183462975,-0.138438889111456,-0.91411231920497
24.179,1625,2000,0.529995180856676,-0.136601154052725,-0.914064511057943
24.196,1625,2000,0.530446637616568,-0.135090486322923,-0.913558162316469
24.213,1625,2000,0.530925005720238,-0.135115040351075,-0.916564173139232
24.23,1625,2000,0.530925005720238,-0.135115040351075,-0.916564173139232
24.247,1625,2000,0.530631155812291,-0.133267414942425,-0.914889573734015
24.264,1625,2000,0.531083064858009,-0.131754954239811,-0.921865847307347
24.281,1625,2000,0.531561719771298,-0.131779544784773,-0.927610876334706
24.298,1625,2000,0.531561719771298,-0.131779544784773,-0.927610876334706
24.315,1625,2000,0.533289763963233,-0.125744218185473,-0.932183970323478
24.332,1625,2000,0.534737881804584,-0.120686555790257,-0.936016267568086
24.349,1625,2000,0.535186603593073,-0.120719623524543,-0.939025510854335
24.366,1625,2000,0.537134616952985,-0.120236102430281,-0.948017669971024
24.383,1625,2000,0.537965272942312,-0.119724870253043,-0.950836473868876
24.4,1625,2000,0.537540987951778,-0.118158751565936,-0.950949828598159
24.417,1625,2000,0.537034687157269,-0.116289896543329,-0.951085095201451
24.434,1625,2000,0.537441022238839,-0.115897008968243,-0.95111658476339
24.451,1625,2000,0.538465851672068,-0.115229476117633,-0.954029938173129
24.468,1625,2000,0.539361798413549,-0.115280162242598,-0.958834681035846
24.485,1625,2000,0.540265069940302,-0.115326815167581,-0.958899142090975
24.502,1625,2000,0.540481002525504,-0.113436813855092,-0.959011875998611
24.519,1625,2000,0.541436486271932,-0.109051812692754,-0.962417938875612
24.536,1625,2000,0.542357838304393,-0.108640282821093,-0.967170587645089
24.553,1625,2000,0.542736987100146,-0.108666007858275,-0.967235817626158
24.57,1625,2000,0.542850341486378,-0.107147834927791,-0.969880575471773
24.587,1625,2000,0.543074274233055,-0.10414866881206,-0.975105321583106
24.604,1625,2000,0.543299576795075,-0.104160343458933,-0.97515874932542
24.621,1625,2000,0.543862672728215,-0.104189521760838,-0.975292280627258
24.638,1625,2000,0.544313270097129,-0.104212875242193,-0.975345723335836
24.655,1625,2000,0.54543944258112,-0.104271242312047,-0.975479292042674
24.672,1625,2000,0.54543944258112,-0.104271242312047,-0.975479292042674
24.689,1625,2000,0.54506137939462,-0.103491906110028,-0.975761809609206
24.706,1625,2000,0.5448414753452,-0.0997933895175592,-0.984629570874349
24.723,1625,2000,0.546653420577012,-0.0986556144000375,-1.0004292899492
24.74,1625,2000,0.546957707824748,-0.0984401371704211,-0.9979126370096
24.757,1625,2000,0.548100069969779,-0.0972421715697516,-0.991905303779762
24.774,1625,2000,0.550033395778802,-0.0937440313555053,-0.999841904967738
24.791,1625,2000,0.552473981896211,-0.0898489589038514,-1.00959117747179
24.808,1625,2000,0.552489278120176,-0.0896101907312914,-1.01236595950757
24.825,1625,2000,0.553442134421594,-0.086814175247233,-1.01780663167769
24.842,1625,2000,0.554885102430564,-0.0842666066998667,-1.01803166569778
24.859,1625,2000,0.554951393011464,-0.084272420613358,-1.02022707381166
24.876,1625,2000,0.555440244504714,-0.0842178671548542,-1.02602047017573
24.893,1625,2000,0.556246763704034,-0.0826110636137672,-1.02552562053595
24.91,1625,2000,0.556509148634959,-0.0786319382752803,-1.01864574796597
24.927,1625,2000,0.556509148634959,-0.0786319382752803,-1.01864574796597
24.944,1625,2000,0.556546207944649,-0.0786343133914315,-1.01864860752274
24.961,1625,2000,0.557778578308853,-0.0786511508546774,-1.01918203819045
24.978,1625,2000,0.558180944788516,-0.0775740448699791,-1.02675751571774
24.995,1625,2000,0.558180944788516,-0.0775740448699791,-1.02675751571774
25.012,1625,2000,0.558214205556023,-0.07746446099182,-1.02738086194406
25.029,1625,2000,0.559895579839086,-0.0740294259502288,-1.0427613972724
25.046,1625,2000,0.562100164238037,-0.073193556592539,-1.03557306087404
25.063,1625,2000,0.562100164238037,-0.073193556592539,-1.03557306087404
25.08,1625,2000,0.562110141136367,-0.0731640663098736,-1.03587765750077
25.097,1625,2000,0.562698757599758,-0.0719292282813135,-1.0437045666743
25.114,1625,2000,0.563863853984703,-0.0709904641110795,-1.04386452357382
25.131,1625,2000,0.563863853984703,-0.0709904641110795,-1.04386452357382
25.148,1625,2000,0.563829163781726,-0.0709273568397613,-1.04413581934402
25.165,1625,2000,0.562866654704147,-0.0685501105108299,-1.05169126156428
25.182,1625,2000,0.564131578724898,-0.0675578226934057,-1.04427389184731
25.199,1625,2000,0.564249682797113,-0.0674456810038778,-1.04485171451596
25.216,1625,2000,0.567575493470704,-0.0642877710267697,-1.06112320086502
25.233,1625,2000,0.567575493470704,-0.0642877710267697,-1.06112320086502
25.25,1625,2000,0.567575493470704,-0.0642877710267697,-1.06112320086502
25.267,1625,2000,0.567625402423298,-0.0642099306707874,-1.06129006153927
25.284,1625,2000,0.572579629880732,-0.0564830839055386,-1.07785353744912
25.301,1625,2000,0.572584972777871,-0.0564835015007246,-1.07793447842327
25.318,1625,2000,0.573421113020274,-0.0565201421957244,-1.08611564425407
25.335,1625,2000,0.574210094665231,-0.0554994243293607,-1.08630762136714
25.352,1625,2000,0.575233056792282,-0.0531767367493917,-1.07962542214447
25.369,1625,2000,0.575239958902653,-0.0531587301241148,-1.07955809953847
25.386,1625,2000,0.575321996869825,-0.0520192837299998,-1.08661077038378
25.403,1625,2000,0.576448752634019,-0.0520701290928906,-1.08689813211629
25.42,1625,2000,0.577777031139584,-0.0489053474147351,-1.08821883060704
25.437,1625,2000,0.579037288840854,-0.0497934461873542,-1.10268786579478
25.454,1625,2000,0.579097383818457,-0.0498936287039804,-1.10386340373349
25.471,1625,2000,0.579792863946683,-0.0499303550968216,-1.11127989299005
25.488,1625,2000,0.579790517765004,-0.0469437704745945,-1.1053865511401
25.505,1625,2000,0.579773779043968,-0.0464565705771607,-1.10425245305466
25.522,1625,2000,0.579773779043968,-0.0464565705771607,-1.10425245305466
25.539,1625,2000,0.580611204733851,-0.0455936195873599,-1.1043934465757
25.556,1625,2000,0.581843486851125,-0.0454161214919518,-1.10459424687496
25.573,1625,2000,0.584395776987779,-0.0437025306521188,-1.11839095518903
25.59,1625,2000,0.584833811007293,-0.043247298506901,-1.12196967687094
25.607,1625,2000,0.586039415704625,-0.0424827257739946,-1.12637263040079
25.624,1625,2000,0.586521795013561,-0.0421768095252055,-1.12813431371681
25.641,1625,2000,0.586521795013561,-0.0421768095252055,-1.12813431371681
25.658,1625,2000,0.586724044529435,-0.0397002849293666,-1.12416336328742
25.675,1625,2000,0.58680496739073,-0.0387093927855773,-1.12257453045674
25.692,1625,2000,0.587559749703675,-0.0387494097139552,-1.12271512024014
25.709,1625,2000,0.588001175617664,-0.038772813162713,-1.12279734258766
25.726,1625,2000,0.588585514254385,-0.0388037989776849,-1.12819449578159
25.743,1625,2000,0.58989445255802,-0.0388826044497916,-1.13160341352104
25.76,1625,2000,0.591021250139165,-0.0384830092288719,-1.13177566751449
25.777,1625,2000,0.596356867998272,-0.0327129271433962,-1.14383253008266
25.794,1625,2000,0.598743931108905,-0.0300369504320877,-1.15074117229296
25.811,1625,2000,0.599403358072032,-0.0300771932571289,-1.156358234594
25.828,1625,2000,0.600221893399363,-0.029436749397048,-1.15766389879312
25.845,1625,2000,0.600815363362495,-0.0289870514660442,-1.16127585183147
25.862,1625,2000,0.602742688998385,-0.027606587596116,-1.1653004793371
25.879,1625,2000,0.603430447838562,-0.0267891175090327,-1.16538278570958
25.896,1625,2000,0.603430447838562,-0.0267891175090327,-1.16538278570958
25.913,1625,2000,0.603430447838562,-0.0267891175090327,-1.16538278570958
25.93,1625,2000,0.603430447838562,-0.0267891175090327,-1.16538278570958
25.947,1625,2000,0.603430447838562,-0.0267891175090327,-1.16538278570958
25.964,1625,2000,0.603430447838562,-0.0267891175090327,-1.16538278570958
25.981,1625,2000,0.603430447838562,-0.0267891175090327,-1.16538278570958
25.998,1625,2000,0.604172954419294,-0.0263180972252294,-1.16726620211408
26.015,1625,2000,0.605127044693444,-0.0257128556241906,-1.16968631436673
26.032,1625,2000,0.605522186418646,-0.0253488562748721,-1.17086780448597
26.049,1625,2000,0.609920455300648,-0.0212972289496189,-1.18401881055403
26.066,1625,2000,0.609940141273434,-0.0212416301014366,-1.18475236778908
26.083,1625,2000,0.610690184715115,-0.0198311291839016,-1.1922424384442
26.1,1625,2000,0.613335113647314,-0.0176880955891133,-1.18511595473897
26.117,1625,2000,0.61432124285584,-0.0168536667059875,-1.18942877801925
26.134,1625,2000,0.614304816090698,-0.0166596995393035,-1.18947390682484
26.151,1625,2000,0.614121971998696,-0.0145006773481642,-1.1899762294313
26.168,1625,2000,0.614344676004144,-0.0146091713598734,-1.19104609902892
26.185,1625,2000,0.61682356404503,-0.0158168034704538,-1.20295467222916
26.202,1625,2000,0.61682356404503,-0.0158168034704538,-1.20295467222916
26.219,1625,2000,0.616845943216279,-0.0157945350221663,-1.202812572813
26.236,1625,2000,0.617835317505772,-0.0144368373607623,-1.19934832734435
26.253,1625,2000,0.619273947020706,-0.0109308536970724,-1.20643050002913
26.27,1625,2000,0.625846555940599,-0.00926604197081993,-1.22520466932247
26.287,1625,2000,0.625925459782937,-0.0093105313276981,-1.22532923427825
26.304,1625,2000,0.628135527734107,-0.0105158641992518,-1.22880410113188
26.321,1625,2000,0.626957819416702,-0.00580201110089273,-1.22554002944213
26.338,1625,2000,0.626957819416702,-0.00580201110089273,-1.22554002944213
26.355,1625,2000,0.626964520211207,-0.00580265668612808,-1.22556092029121
26.372,1625,2000,0.628270505828538,-0.0058563644169394,-1.22948204814079
26.389,1625,2000,0.63067058196314,-0.0048263394367849,-1.23584649577989
26.406,1625,2000,0.63067058196314,-0.0048263394367849,-1.23584649577989
26.423,1625,2000,0.632571211284229,-0.00610419041856414,-1.23919676432181
26.44,1625,2000,0.632571211284229,-0.00610419041856414,-1.23919676432181
26.457,1625,2000,0.635693117997471,-0.00274463076604015,-1.24648784472039
26.474,1625,2000,0.635710884963601,-0.0027573856206272,-1.24650275287857
26.491,1625,2000,0.637613350761559,-0.00401099862379021,-1.24991351400908
26.508,1625,2000,0.637804564865378,-0.00168167011523224,-1.26167766138712
26.525,1625,2000,0.638523216957994,0.00181297977931827,-1.25703768713374
26.542,1625,2000,0.639916819089321,-0.000618371047489852,-1.27140326642855
26.559,1625,2000,0.639916819089321,-0.000618371047489852,-1.27140326642855
26.576,1625,2000,0.639916819089321,-0.000618371047489852,-1.27140326642855
26.593,1625,2000,0.641402251818202,-0.00186538239243018,-1.26952561916381
26.61,1625,2000,0.641415615572856,-0.00187660117961652,-1.26950872683548
26.627,1625,2000,0.642803757560018,-0.00196030135058811,-1.26972079418863
26.644,1625,2000,0.64485871795778,0.00246262099237218,-1.27020859338092
26.661,1625,2000,0.646230811639041,0.00257605114944293,-1.27979424409561
26.678,1625,2000,0.646258429112945,0.00257355765544265,-1.28015754418698
26.695,1625,2000,0.647745518569465,0.00249309195363483,-1.28039245088908
26.712,1625,2000,0.647864485725987,0.00248665469749021,-1.28041124342525
26.729,1625,2000,0.64960858191808,0.00464960547252162,-1.29013551520952
26.746,1625,2000,0.649686888277725,0.00474671754813549,-1.29057211516718
26.763,1625,2000,0.649686888277725,0.00474671754813549,-1.29057211516718
26.78,1625,2000,0.650828318241478,0.00468394289813249,-1.29077814722143
26.797,1625,2000,0.650972000229806,0.00559469085535909,-1.29193968791613
26.814,1625,2000,0.657842425719014,0.00768801442325799,-1.31121615265486
26.831,1625,2000,0.658451413177394,0.00781296065012516,-1.31283086624973
26.848,1625,2000,0.660894136153012,0.00875126933198196,-1.31326604940871
26.865,1625,2000,0.662861398005374,0.00875923119099827,-1.31358843490599
26.882,1625,2000,0.662982757383385,0.00874820620282968,-1.31360755626423
26.899,1625,2000,0.663643759367407,0.00956596169865596,-1.31303900252393
26.916,1625,2000,0.664723842649817,0.0109021582318657,-1.32164457813167
26.933,1625,2000,0.664813289908111,0.011012814660722,-1.3230609884074
26.95,1625,2000,0.666004590940852,0.0109480060160871,-1.32325385678094
26.967,1625,2000,0.666421546302311,0.0109253229904649,-1.32332136071168
26.984,1625,2000,0.667650301442242,0.0117032016516544,-1.33077937380152
27.001,1625,2000,0.668141943567196,0.0120144417885335,-1.33376342919568
27.018,1625,2000,0.668141943567196,0.0120144417885335,-1.33376342919568
27.035,1625,2000,0.670510498767596,0.0118736767409325,-1.33408596648757
27.052,1625,2000,0.672534198984576,0.0126267067414673,-1.33450254637162
27.069,1625,2000,0.672678375658756,0.0129505398279051,-1.33454925914288
27.086,1625,2000,0.673421110002209,0.0129100576346675,-1.334631177831
27.103,1625,2000,0.675101038455843,0.0128184792484628,-1.34044509427756
27.12,1625,2000,0.675493615723783,0.0127970749908544,-1.34506120920277
27.137,1625,2000,0.675493615723783,0.0127970749908544,-1.34506120920277
27.154,1625,2000,0.675993868439136,0.0131235468320431,-1.34514953750446
27.171,1625,2000,0.677163328349234,0.0149702623420969,-1.34545840168178
27.188,1625,2000,0.677444709665936,0.0162428848595608,-1.3455904733411
27.205,1625,2000,0.677444709665936,0.0162428848595608,-1.3455904733411
27.222,1625,2000,0.678405323335266,0.0157432235031504,-1.34932293293607
27.239,1625,2000,0.681301069210314,0.0152993288262437,-1.35601588997658
27.256,1625,2000,0.681871023555853,0.0160011682358885,-1.35610945284401
27.273,1625,2000,0.682046776574213,0.0162816434058258,-1.35615532591342
27.29,1625,2000,0.685757944306737,0.017986279616306,-1.3670018204778
27.307,1625,2000,0.692130419484867,0.0190130836599738,-1.38493124304901
27.324,1625,2000,0.692684053681854,0.0189658382649291,-1.3778654795055
27.341,1625,2000,0.692684053681854,0.0189658382649291,-1.3778654795055
27.358,1625,2000,0.692942524063058,0.0186036054049479,-1.37803769554957
27.375,1625,2000,0.695472369938689,0.0183219986689608,-1.38256624584856
27.392,1625,2000,0.697633028986944,0.0198808479591719,-1.39011567370168
27.409,1625,2000,0.698123920006895,0.0198539235039952,-1.39016341695995
27.426,1625,2000,0.699587242402494,0.019768925823598,-1.39316782675184
27.443,1625,2000,0.700477073517084,0.0204103543837681,-1.40030842268923
27.46,1625,2000,0.701092216399173,0.0220649132201372,-1.40119968970476
27.477,1625,2000,0.701246329114038,0.0220564487066528,-1.40170725709531
27.494,1625,2000,0.702810743191831,0.0219705245564736,-1.40685962607338
27.511,1625,2000,0.704638387615936,0.0218701426970925,-1.41287893935327
27.528,1625,2000,0.705119640697758,0.0218437102693461,-1.41446393752261
27.545,1625,2000,0.705119640697758,0.0218437102693461,-1.41446393752261
27.562,1625,2000,0.705904460110291,0.0222903685223843,-1.4163236209926
27.579,1625,2000,0.709869575429445,0.0237242832577454,-1.42366710346613
27.596,1625,2000,0.710476075472143,0.0227367833108936,-1.42380527910448
27.613,1625,2000,0.710646008428064,0.0227274346018034,-1.42600607660338
27.63,1625,2000,0.712107010151263,0.0226422250668531,-1.43461723427591
27.647,1625,2000,0.713703296080665,0.0229032322669717,-1.43485175852744
27.664,1625,2000,0.714747890073316,0.0248780845312009,-1.43505053579063
27.681,1625,2000,0.714747890073316,0.0248780845312009,-1.43505053579063
27.698,1625,2000,0.714962435584951,0.0247188355371233,-1.43641956399911
27.715,1625,2000,0.717396471209653,0.0235362588349046,-1.44615567935746
27.732,1625,2000,0.718653991812634,0.0234744699772724,-1.44634424738996
27.749,1625,2000,0.718653991812634,0.0234744699772724,-1.44634424738996
27.766,1625,2000,0.719367551773746,0.0236271616521693,-1.44822614033223
27.783,1625,2000,0.728630352892404,0.0253194135362881,-1.46943147850143
27.8,1625,2000,0.729779243284995,0.0252377306549096,-1.46961982532891
27.817,1625,2000,0.729847836272114,0.0253203582220343,-1.46963372502104
27.834,1625,2000,0.73126092191715,0.026351298586287,-1.46992500623456
27.851,1625,2000,0.7324418100732,0.0262797735644619,-1.47063841108677
27.868,1625,2000,0.733128319590538,0.0262418172436885,-1.48104490117955
27.885,1625,2000,0.733140376376861,0.0262411505234197,-1.48093922828051
27.902,1625,2000,0.73433719696206,0.0261749683318389,-1.47044957560897
27.919,1625,2000,0.73433719696206,0.0261749683318389,-1.47044957560897
27.936,1625,2000,0.739702715321489,0.0270676487600419,-1.49278579106481
27.953,1625,2000,0.740636265716255,0.028205990795934,-1.49306392660153
27.97,1625,2000,0.740636265716255,0.028205990795934,-1.49306392660153
27.987,1625,2000,0.743033137041451,0.0280731863388297,-1.50418406462858
28.004,1625,2000,0.743054700589705,0.0280719915582468,-1.50428410739283
28.021,1625,2000,0.744922707346169,0.0267903407502293,-1.50962441337226
28.038,1625,2000,0.744941525670813,0.0267774293831256,-1.50967821168496
28.055,1625,2000,0.746138359927595,0.0267110888120904,-1.50995453168786
28.072,1625,2000,0.746150416851646,0.0267104204963049,-1.5099573153392
28.089,1625,2000,0.747746158223694,0.0266219460792333,-1.51023364258165
28.106,1625,2000,0.747762233743273,0.0266210547867916,-1.51023642630592
28.123,1625,2000,0.752366384255414,0.0275004759274182,-1.5326378644595
28.14,1625,2000,0.753748708025606,0.0274813078775703,-1.52325043440981
28.157,1625,2000,0.75507587574814,0.0274050649756287,-1.52268478869472
28.174,1625,2000,0.755145407679864,0.0274012034149163,-1.52270784656361
28.191,1625,2000,0.756254685573074,0.0273395875777681,-1.53315136356557
28.208,1625,2000,0.756354343413967,0.0273340519934635,-1.53408961209835
28.225,1625,2000,0.756354343413967,0.0273340519934635,-1.53408961209835
28.242,1625,2000,0.757601852634166,0.0272647422924046,-1.53430201587757
28.259,1625,2000,0.759784146142127,0.0271434617954894,-1.53476125344796
28.276,1625,2000,0.768244184916129,0.0266728240214303,-1.57407547445265
28.293,1625,2000,0.768845233914047,0.0266393810079872,-1.57756136655568
28.31,1625,2000,0.769580620278258,0.0276833991200435,-1.5669447557736
28.327,1625,2000,0.770805186808007,0.0277218513042793,-1.56618322859811
28.344,1625,2000,0.771757751124823,0.027667268984097,-1.57716134243591
28.361,1625,2000,0.771799383414834,0.0276649492928867,-1.5781242746002
28.378,1625,2000,0.773598911562031,0.0264257359524107,-1.57137692274682
28.395,1625,2000,0.773679706703333,0.0263700978024302,-1.57107398041871
28.412,1625,2000,0.773679706703333,0.0263700978024302,-1.57107398041871
28.429,1625,2000,0.774816165998384,0.0274026753166441,-1.57691913925857
28.446,1625,2000,0.775661081969212,0.0263590180106115,-1.59301626273307
28.463,1625,2000,0.775693952782733,0.0262578341773363,-1.59402897150117
28.48,1625,2000,0.779382566508377,0.026052135391395,-1.59476725680246
28.497,1625,2000,0.780699059032733,0.0259787004589083,-1.59487388513483
28.514,1625,2000,0.782203717940059,0.0258947352079021,-1.59508249502996
28.531,1625,2000,0.782541870443377,0.0258758639085048,-1.59515550849325
28.548,1625,2000,0.782541870443377,0.0258758639085048,-1.59515550849325
28.565,1625,2000,0.783039693184083,0.0258543312873158,-1.5952440674917
28.582,1625,2000,0.784744407348738,0.0251068309050874,-1.60010581112988
28.599,1625,2000,0.786456916683223,0.024462476184351,-1.60425543477888
28.616,1625,2000,0.786835364592342,0.0244467550113949,-1.60431990123904
28.633,1625,2000,0.786835364592342,0.0244467550113949,-1.60431990123904
28.65,1625,2000,0.78990241476561,0.0242753988228879,-1.61756871906264
28.667,1625,2000,0.792472632643696,0.0241318006701547,-1.62867135726874
28.684,1625,2000,0.792472632643696,0.0241318006701547,-1.62867135726874
28.701,1625,2000,0.793079943074484,0.0241080564582348,-1.62874776937452
28.718,1625,2000,0.794951435497024,0.023441038231158,-1.63020358635176
28.735,1625,2000,0.795554837172893,0.0227706958106237,-1.63155535717787
28.752,1625,2000,0.795651652630199,0.0231982003105258,-1.62741246602866
28.769,1625,2000,0.800273508670114,0.0232650214800262,-1.6373868218784
28.786,1625,2000,0.807486428199048,0.0221026882606905,-1.66226988180289
28.803,1625,2000,0.807629687476793,0.0220948062230342,-1.6549443512597
28.82,1625,2000,0.80822373297375,0.0220615140027986,-1.65504805069211
28.837,1625,2000,0.809239475412012,0.0220045885296987,-1.65522536356606
28.854,1625,2000,0.811414287643765,0.0214442270286166,-1.66399315083277
28.871,1625,2000,0.815132940660003,0.0204860799500972,-1.67898495476371
28.888,1625,2000,0.815132940660003,0.0204860799500972,-1.67898495476371
28.905,1625,2000,0.815336493856721,0.020474660244066,-1.68105721593929
28.922,1625,2000,0.816339876207988,0.0204183686619483,-1.69127209010641
28.939,1625,2000,0.816339876207988,0.0204183686619483,-1.69127209010641
28.956,1625,2000,0.817949083727099,0.0203280666187524,-1.69155183779189
28.973,1625,2000,0.817949083727099,0.0203280666187524,-1.69155183779189
28.99,1625,2000,0.817949083727099,0.0203280666187524,-1.69155183779189
29.007,1625,2000,0.819420480449848,0.0202470810183129,-1.69180164138608
29.024,1625,2000,0.824599898380435,0.0187789447707177,-1.70480188375646
29.041,1625,2000,0.824642950590307,0.018764783879365,-1.70493082754013
29.058,1625,2000,0.825683855143673,0.0187063041568568,-1.71671174017898
29.075,1625,2000,0.827412799301022,0.018609145556938,-1.71745627938154
29.092,1625,2000,0.82745803602957,0.0186066032860559,-1.71746035203424
29.109,1625,2000,0.830064466435007,0.018460074157102,-1.71797581201987
29.126,1625,2000,0.830272980867442,0.0184483518267857,-1.71801704881872
29.143,1625,2000,0.830272980867442,0.0184483518267857,-1.71801704881872
29.16,1625,2000,0.831937356988028,0.0183547453079213,-1.71820727889178
29.177,1625,2000,0.833429118390749,0.0182708253654181,-1.72952295123234
29.194,1625,2000,0.83348988814909,0.018267406332777,-1.73051643070584
29.211,1625,2000,0.834490994113083,0.0172030235555587,-1.74243956063616
29.228,1625,2000,0.837799142504155,0.0168295523977377,-1.74485318847929
29.245,1625,2000,0.838167405892126,0.016817428114221,-1.74488610664906
29.262,1625,2000,0.838167405892126,0.016817428114221,-1.74488610664906
29.279,1625,2000,0.838167405892126,0.016817428114221,-1.74488610664906
29.296,1625,2000,0.838167405892126,0.016817428114221,-1.74488610664906
29.313,1625,2000,0.839889589708672,0.0158181285213639,-1.75334006180857
29.33,1625,2000,0.840431333457383,0.0155037809457346,-1.75599940474022
29.347,1625,2000,0.840431333457383,0.0155037809457346,-1.75599940474022
29.364,1625,2000,0.840431333457383,0.0155037809457346,-1.75599940474022
29.381,1625,2000,0.853737455193443,0.0113280004044831,-1.76945427422354
29.398,1625,2000,0.855892285341131,0.00989909853783931,-1.78529285176017
29.415,1625,2000,0.855900161340749,0.00989271141925308,-1.78539493251767
29.432,1625,2000,0.856639248308633,0.00985102297873702,-1.79771269143679
29.449,1625,2000,0.858296220400058,0.00975754129889952,-1.79813568553571
29.466,1625,2000,0.858308748813182,0.0097568344493526,-1.79813666406611
29.483,1625,2000,0.858308748813182,0.0097568344493526,-1.79813666406611
29.5,1625,2000,0.859842624677562,0.00967027312407681,-1.79837806498172
29.517,1625,2000,0.860642067140517,0.00962514911772367,-1.81062451164634
29.534,1625,2000,0.865384451785746,0.00935733489979307,-1.8116229818727
29.551,1625,2000,0.86553387880307,0.00934889594598332,-1.81163389283375
29.568,1625,2000,0.866176617457753,0.00725558201893814,-1.83324979487425
29.585,1625,2000,0.867509021880585,0.00686793262470704,-1.82602414573561
29.602,1625,2000,0.867635372315571,0.00686395272948204,-1.82433914514131
29.619,1625,2000,0.867635372315571,0.00686395272948204,-1.82433914514131
29.636,1625,2000,0.86882612455184,0.00679668013044887,-1.82453346608042
29.653,1625,2000,0.870333312324544,0.00671151209102556,-1.82485082471539
29.67,1625,2000,0.870443616139423,0.00670527837336365,-1.82487710062844
29.687,1625,2000,0.871039185696014,0.00589806027912774,-1.83267596048751
29.704,1625,2000,0.875313370990532,0.00424147350654992,-1.85024883368176
29.721,1625,2000,0.877622314449029,0.00393411720295064,-1.86623339884879
29.738,1625,2000,0.877754587251544,0.00392786451360916,-1.86795275770143
29.755,1625,2000,0.878583422510887,0.00294618844941384,-1.86382882947476
29.772,1625,2000,0.878801929748754,0.00268738753228437,-1.86274163131829
29.789,1625,2000,0.887882347169697,-0.000365251457386812,-1.90376458074357
29.806,1625,2000,0.892053433529082,-0.00264589141175395,-1.90906641501464
29.823,1625,2000,0.892197353325519,-0.00279040894026128,-1.90761298317845
29.84,1625,2000,0.892831118267325,-0.00282630265690917,-1.89803861365162
29.857,1625,2000,0.892998198788249,-0.00283576537799046,-1.89551450645898
29.874,1625,2000,0.893932463942289,-0.0028886874635055,-1.89562394888889
29.891,1625,2000,0.895612125874281,-0.00298385083591317,-1.90529565151995
29.908,1625,2000,0.895801063838207,-0.00299455679664273,-1.90812858081471
29.925,1625,2000,0.896592369159928,-0.00303442072994324,-1.90823815760981
29.942,1625,2000,0.900985372372649,-0.00407419799887837,-1.92226299797195
29.959,1625,2000,0.902447269205596,-0.00454986210045494,-1.92921306404926
29.976,1625,2000,0.902775474014097,-0.00617866380728142,-1.93231092222059
29.993,1625,2000,0.902927385954032,-0.00693256631158423,-1.93374478800275
30.01,1625,2000,0.905248789475811,-0.00854918316191769,-1.9392516746838
30.027,1625,2000,0.90660643611613,-0.00949464327471006,-1.94247231518469
30.044,1625,2000,0.90660643611613,-0.00949464327471006,-1.94247231518469
30.061,1625,2000,0.907434484000194,-0.00826120127633652,-1.94733544464326
30.078,1625,2000,0.908128396181378,-0.00722756488413445,-1.95141079443272
30.095,1625,2000,0.911026515785658,-0.00930796175529399,-1.96585172148438
30.112,1625,2000,0.914955862566947,-0.011148509359257,-1.97821890510481
30.129,1625,2000,0.916468006040446,-0.0112163930205054,-1.97840266668474
30.146,1625,2000,0.917650010289755,-0.0118486026667281,-1.9798656554744
30.163,1625,2000,0.917876171467955,-0.0124854538044588,-1.98129579217504
30.18,1625,2000,0.917876171467955,-0.0124854538044588,-1.98129579217504
30.197,1625,2000,0.918269651187743,-0.0125013526102,-1.9758116781193
30.214,1625,2000,0.91990168030413,-0.01314338360738,-1.96938027384781
30.231,1625,2000,0.920510098018119,-0.013809877284511,-1.96951488877378
30.248,1625,2000,0.920510098018119,-0.013809877284511,-1.96951488877378
30.265,1625,2000,0.925915323074538,-0.015885220323503,-1.98198234133461
30.282,1625,2000,0.935095614989752,-0.0208201379114675,-2.02819347724728
30.299,1625,2000,0.935889164726612,-0.0217220052353966,-2.04352453001976
30.316,1625,2000,0.936068005994921,-0.0222723738473937,-2.04362799655298
30.333,1625,2000,0.93744655105031,-0.0224408250440696,-2.03806802395101
30.35,1625,2000,0.938282751308409,-0.0218581281875201,-2.03128595519554
30.367,1625,2000,0.938603204221959,-0.0222272166293892,-2.02601723152755
30.384,1625,2000,0.940073477143836,-0.0243982483327182,-2.03667438621658
30.401,1625,2000,0.941700174326852,-0.0255716305923635,-2.05717704804466
30.418,1625,2000,0.94216751727375,-0.0255911810540264,-2.05724192860086
30.435,1625,2000,0.94216751727375,-0.0255911810540264,-2.05724192860086
30.452,1625,2000,0.943330204081237,-0.0259705712357458,-2.05286047380419
30.469,1625,2000,0.947010190794861,-0.0276369359179371,-2.05467226480424
30.486,1625,2000,0.947809319175019,-0.028251000561732,-2.07058010864257
30.503,1625,2000,0.948457548991912,-0.0282878913419725,-2.07067251588794
30.52,1625,2000,0.949403046263851,-0.0283416996228754,-2.07080729956517
30.537,1625,2000,0.949403046263851,-0.0283416996228754,-2.07080729956517
30.554,1625,2000,0.949793315919299,-0.0283575153368441,-2.07635600040185
30.571,1625,2000,0.951272416787349,-0.0291790621072575,-2.08318382326422
30.588,1625,2000,0.952705072429917,-0.0313248599092688,-2.08751654104185
30.605,1625,2000,0.955069521372544,-0.0326787568954637,-2.09740684790824
30.622,1625,2000,0.95748504198914,-0.0334732887891382,-2.09634123909469
30.639,1625,2000,0.957768573155803,-0.0334841053647434,-2.09636578609764
30.656,1625,2000,0.959618184845866,-0.033776526808248,-2.1022740510427
30.673,1625,2000,0.961301164680364,-0.0352722867138521,-2.12387635764097
30.69,1625,2000,0.961918421763907,-0.036058453038847,-2.12398407740755
30.707,1625,2000,0.961918421763907,-0.036058453038847,-2.12398407740755
30.724,1625,2000,0.962088346048715,-0.0362384684558787,-2.12337211396853
30.741,1625,2000,0.964434984589386,-0.0377852671437909,-2.12926997514287
30.758,1625,2000,0.96714304796655,-0.0386867228001684,-2.16044658773477
30.775,1625,2000,0.96714304796655,-0.0386867228001684,-2.16044658773477
30.792,1625,2000,0.967179819462711,-0.0386887414541929,-2.16044658773477
30.809,1625,2000,0.969738080122433,-0.0398377742559913,-2.17165378547086
30.826,1625,2000,0.981380167865814,-0.0470738502361551,-2.22499797235764
30.843,1625,2000,0.982834471863763,-0.0488834180930322,-2.21531371941655
30.86,1625,2000,0.982865711995248,-0.0488847242343848,-2.21576491983252
30.877,1625,2000,0.983815531639455,-0.0489855358286391,-2.22940513941428
30.894,1625,2000,0.98583342553924,-0.0502149413164679,-2.2579567606844
30.911,1625,2000,0.98583342553924,-0.0502149413164679,-2.2579567606844
30.928,1625,2000,0.985929240265259,-0.0502997578166658,-2.25653083984851
30.945,1625,2000,0.989124333155523,-0.052723027125038,-2.21649074087028
30.962,1625,2000,0.98984436075895,-0.0527632242433143,-2.22779028538884
30.979,1625,2000,0.98984436075895,-0.0527632242433143,-2.22779028538884
30.996,1625,2000,0.990818442069563,-0.0528162767226964,-2.23697129684797
31.013,1625,2000,0.994998327537957,-0.0563988930287529,-2.27996530312293
31.03,1625,2000,0.996038111152495,-0.0565922375991086,-2.27086882710728
31.047,1625,2000,0.99605213775205,-0.0565928766228527,-2.27045105911854
31.064,1625,2000,0.998290587440339,-0.0588636752624916,-2.27123150946761
31.081,1625,2000,0.998469663415403,-0.0590453391536627,-2.27129394549554
31.098,1625,2000,0.999150891831794,-0.0590842015220541,-2.28082851514176
31.115,1625,2000,0.999261823228357,-0.0590905298793212,-2.28238112671966
31.132,1625,2000,0.99979481407483,-0.0591175193748468,-2.28238112671966
31.149,1625,2000,1.00124426296496,-0.0598862337950703,-2.2909929678244
31.166,1625,2000,1.00438339063259,-0.0633850352524706,-2.29403215912634
31.183,1625,2000,1.00488129359914,-0.0640342882177114,-2.29411221234719
31.2,1625,2000,1.00555870678636,-0.0640729357197007,-2.3017630189665
31.217,1625,2000,1.00696941101,-0.0641534306484833,-2.29782655092607
31.234,1625,2000,1.00725548330895,-0.0641697556060778,-2.29428434557125
31.251,1625,2000,1.00725548330895,-0.0641697556060778,-2.29428434557125
31.268,1625,2000,1.00790629519056,-0.0650050428363604,-2.31534482612951
31.285,1625,2000,1.01531013007909,-0.0711066467201021,-2.34651348435749
31.302,1625,2000,1.01964543244958,-0.0740993512169643,-2.34985456006318
31.319,1625,2000,1.01964543244958,-0.0740993512169643,-2.34985456006318
31.336,1625,2000,1.02227600896099,-0.0758226120255112,-2.35028681612301
31.353,1625,2000,1.02541508530698,-0.0778789853028536,-2.35080262882297
31.37,1625,2000,1.02579838116929,-0.0787663325835884,-2.36906182569777
31.387,1625,2000,1.02763366900671,-0.0810317995367292,-2.40174497222852
31.404,1625,2000,1.02841636140027,-0.0814962116425493,-2.40502986326624
31.421,1625,2000,1.02941141544729,-0.0820762627757583,-2.38534706643014
31.438,1625,2000,1.03059881699536,-0.082768439864628,-2.36185951466992
31.455,1625,2000,1.03059881699536,-0.082768439864628,-2.36185951466992
31.472,1625,2000,1.03077202447746,-0.0832876058205362,-2.38188457626817
31.489,1625,2000,1.03196375325675,-0.0840090043283364,-2.40129581247577
31.506,1625,2000,1.03304319737569,-0.0840551352484644,-2.40049359366257
31.523,1625,2000,1.03317447628236,-0.0840626290468025,-2.40592245548802
31.54,1625,2000,1.03317447628236,-0.0840626290468025,-2.40592245548802
31.557,1625,2000,1.03516719181975,-0.0860598964160456,-2.40609295164632
31.574,1625,2000,1.03845365965092,-0.0895509528719335,-2.4238298158284
31.591,1625,2000,1.03958672022986,-0.0906245248217762,-2.45724852860228
31.608,1625,2000,1.04181346052058,-0.0920137652409937,-2.44484183493536
31.625,1625,2000,1.04290711722739,-0.0926347384426229,-2.41718991922096
31.642,1625,2000,1.04290711722739,-0.0926347384426229,-2.41718991922096
31.659,1625,2000,1.04296643557777,-0.0929648465754004,-2.42722201882357
31.676,1625,2000,1.0431146892042,-0.0937898817875915,-2.45229512246002
31.693,1625,2000,1.04332868476965,-0.0937988211850281,-2.45496770511611
31.71,1625,2000,1.0449202895188,-0.0940866854500043,-2.46177367415539
31.727,1625,2000,1.0479523440176,-0.0964422090072749,-2.46207700831726
31.744,1625,2000,1.05023395249516,-0.0987645087323532,-2.46254696663147
31.761,1625,2000,1.05044048873542,-0.0989490800977869,-2.46254696663147
31.778,1625,2000,1.05416622644704,-0.102038823446503,-2.47823195651359
31.795,1625,2000,1.05931909152748,-0.106120980817935,-2.51743325957368
31.812,1625,2000,1.05931909152748,-0.106120980817935,-2.51743325957368
31.829,1625,2000,1.06026942631293,-0.107018053897677,-2.51510495130763
31.846,1625,2000,1.06350289727367,-0.110237664094964,-2.51045793032323
31.863,1625,2000,1.06428563839641,-0.111352646550329,-2.52963184929106
31.88,1625,2000,1.06465004202874,-0.112110296944947,-2.56349539459092
31.897,1625,2000,1.06485491966349,-0.112118414977292,-2.56350620614572
31.914,1625,2000,1.06698619479512,-0.112892710275958,-2.56370676012092
31.931,1625,2000,1.06951835785503,-0.115798376597475,-2.5641319465814
31.948,1625,2000,1.0706616819609,-0.115858613829558,-2.56526000165266
31.965,1625,2000,1.07152617906317,-0.115907943692736,-2.5723561315271
31.982,1625,2000,1.07160096240838,-0.116055339320715,-2.5771042833572
31.999,1625,2000,1.07211875578767,-0.117075893831831,-2.60998007374608
32.016,1625,2000,1.07238611546043,-0.117563656851531,-2.60365462255551
32.033,1625,2000,1.07523092432921,-0.1206649917503,-2.56684321275048
32.05,1625,2000,1.07663514267575,-0.120733138948498,-2.58092030624719
32.067,1625,2000,1.07694246990893,-0.121030559062536,-2.580312954084
32.084,1625,2000,1.08036328760571,-0.124341101961508,-2.57355259963553
32.101,1625,2000,1.08052497706758,-0.124536721403205,-2.57789422172009
32.118,1625,2000,1.08232472050993,-0.126714134843128,-2.62622022754032
32.135,1625,2000,1.08246878419981,-0.126797961762936,-2.62622586070507
32.152,1625,2000,1.08447751538764,-0.127966790274416,-2.62630440592162
32.169,1625,2000,1.0844853568944,-0.127989760890634,-2.62623455196595
32.186,1625,2000,1.08526374646338,-0.130269946141314,-2.61930047767159
32.203,1625,2000,1.08527543724574,-0.130270612821875,-2.61937492004104
32.22,1625,2000,1.08643592633587,-0.130336791071823,-2.62676446463259
32.237,1625,2000,1.08656249428672,-0.130467549512604,-2.62760426857868
32.254,1625,2000,1.09912630067352,-0.143447326164745,-2.7109676643689
32.271,1625,2000,1.09913922109314,-0.143454315470069,-2.71069334824774
32.288,1625,2000,1.10095985765856,-0.144771951178752,-2.67918945145545
32.305,1625,2000,1.10212214465014,-0.147072875554097,-2.67352847823872
32.322,1625,2000,1.10340759323243,-0.148181607328714,-2.72395719517617
32.339,1625,2000,1.10340759323243,-0.148181607328714,-2.72395719517617
32.356,1625,2000,1.10340759323243,-0.148181607328714,-2.72395719517617
32.373,1625,2000,1.10422005954218,-0.14918282682891,-2.68160211875584
32.39,1625,2000,1.10738709789973,-0.15170247533363,-2.7227082591099
32.407,1625,2000,1.10748932712196,-0.151776975750737,-2.72439755417266
32.424,1625,2000,1.10838215287718,-0.153633666422932,-2.68397112761399
32.441,1625,2000,1.11064004720741,-0.156300408295188,-2.72670998480177
32.458,1625,2000,1.112089582371,-0.156517283641834,-2.7253317530964
32.475,1625,2000,1.1121458736762,-0.156519444864478,-2.72483687180022
32.492,1625,2000,1.1149856248535,-0.160782503919925,-2.7307417360654
32.509,1625,2000,1.11524074890558,-0.161165498355916,-2.73127223074761
32.526,1625,2000,1.11524074890558,-0.161165498355916,-2.73127223074761
32.543,1625,2000,1.11524074890558,-0.161165498355916,-2.73127223074761
32.56,1625,2000,1.11552489647221,-0.161180590362713,-2.73127223074761
32.577,1625,2000,1.11688828542649,-0.162283796968086,-2.76592133361927
32.594,1625,2000,1.11698452663876,-0.162381065230504,-2.76903421885952
32.611,1625,2000,1.11881642966437,-0.164600307253036,-2.77180637275918
32.628,1625,2000,1.12084809312885,-0.167061547216624,-2.77488081704863
32.645,1625,2000,1.12084809312885,-0.167061547216624,-2.77488081704863
32.662,1625,2000,1.12084809312885,-0.167061547216624,-2.77488081704863
32.679,1625,2000,1.12084809312885,-0.167061547216624,-2.77488081704863
32.696,1625,2000,1.12218738331272,-0.16824063867972,-2.77488081704863
32.713,1625,2000,1.12220087533966,-0.168252516862633,-2.77488081704863
32.73,1625,2000,1.124063095374,-0.170508715484907,-2.76993829826146
32.747,1625,2000,1.12412922534681,-0.170588836174618,-2.76976278267954
32.764,1625,2000,1.12474126452987,-0.170623206590772,-2.77410738325871
32.781,1625,2000,1.13693695484113,-0.185193202805508,-2.85762310899477
32.798,1625,2000,1.13739715556547,-0.185771414098135,-2.86076871844691
32.815,1625,2000,1.13886803817606,-0.187983179910783,-2.86101443615613
32.832,1625,2000,1.13892656218258,-0.188071182444705,-2.86102421286075
32.849,1625,2000,1.13892656218258,-0.188071182444705,-2.86102421286075
32.866,1625,2000,1.13957201008139,-0.18810564936617,-2.86102421286075
32.883,1625,2000,1.14128000213592,-0.189130333718098,-2.86105293729694
32.9,1625,2000,1.14216772239212,-0.19150504838936,-2.861271552336
32.917,1625,2000,1.142183758686,-0.191572094665356,-2.86127919237359
32.934,1625,2000,1.14531779912139,-0.194617563407466,-2.90303385875632
32.951,1625,2000,1.14710206429757,-0.19621691020017,-2.86917276907228
32.968,1625,2000,1.1471633129785,-0.196269672569576,-2.86583057907387
32.985,1625,2000,1.1471633129785,-0.196269672569576,-2.86583057907387
33.002,1625,2000,1.14838970944114,-0.198185724945818,-2.90322813297835
33.019,1625,2000,1.14995101244978,-0.199681268022765,-2.90320066910219
33.036,1625,2000,1.15002485795421,-0.199738451009268,-2.90289635573735
33.053,1625,2000,1.15067973276211,-0.201699699277898,-2.90630840949313
33.07,1625,2000,1.15077431436702,-0.201982956484671,-2.90680120218627
33.087,1625,2000,1.15077431436702,-0.201982956484671,-2.90680120218627
33.104,1625,2000,1.15633782689253,-0.208061047739609,-2.941866944318
33.121,1625,2000,1.15760593106776,-0.208965720902113,-2.94436871593349
33.138,1625,2000,1.15763803563735,-0.208967412841323,-2.94377299843216
33.155,1625,2000,1.15899877015367,-0.209913188898913,-2.94629113679853
33.172,1625,2000,1.1593575028901,-0.210162525436729,-2.94695499786476
33.189,1625,2000,1.16061156725286,-0.212670736514609,-2.94708558153168
33.206,1625,2000,1.16105048977983,-0.213548610391867,-2.94713128581509
33.223,1625,2000,1.16335611699108,-0.216026294772307,-2.94725692280405
33.24,1625,2000,1.16427863069999,-0.217017650962144,-2.94730719192132
33.257,1625,2000,1.16427863069999,-0.217017650962144,-2.94730719192132
33.274,1625,2000,1.16919813249054,-0.223393144186161,-2.96950877944925
33.291,1625,2000,1.17325531245676,-0.229030720848178,-2.98839905175767
33.308,1625,2000,1.17504558214994,-0.231464708340794,-2.98922331559361
33.325,1625,2000,1.17635216838805,-0.232983199410843,-2.98926024267058
33.342,1625,2000,1.17635216838805,-0.232983199410843,-2.98926024267058
33.359,1625,2000,1.17639459186838,-0.233310060367432,-3.00487284934605
33.376,1625,2000,1.17730493749602,-0.23505368316396,-3.02600407973191
33.393,1625,2000,1.17888395940946,-0.237669292565729,-3.02571470621962
33.41,1625,2000,1.17914358614031,-0.238577844668845,-3.02462954202108
33.427,1625,2000,1.17946075412565,-0.238833685756141,-3.0253843288854
33.444,1625,2000,1.18160958941857,-0.241237267571931,-3.0267953997089
33.461,1625,2000,1.18290219546335,-0.243131788555853,-3.02683288600747
33.478,1625,2000,1.18333776080461,-0.243659527602908,-3.03720234016196
33.495,1625,2000,1.18523199992573,-0.245954629010633,-3.06265615053363
33.512,1625,2000,1.18571703686201,-0.246542313851241,-3.06150038149778
33.529,1625,2000,1.18571703686201,-0.246542313851241,-3.06150038149778
33.546,1625,2000,1.18634689046479,-0.247419838662312,-3.06194210860838
33.563,1625,2000,1.188146472187,-0.249927052408231,-3.06320418606724
33.58,1625,2000,1.18851037507352,-0.250553101181778,-3.06298630269704
33.597,1625,2000,1.19074509846823,-0.2543976594205,-3.06164828345415
33.614,1625,2000,1.19074509846823,-0.2543976594205,-3.06164828345415
33.631,1625,2000,1.19082262568351,-0.254553258263287,-3.06663417624687
33.648,1625,2000,1.19129871941104,-0.25550878894756,-3.09725248591148
33.665,1625,2000,1.19164903981074,-0.255902521502003,-3.09740746933333
33.682,1625,2000,1.19558249880268,-0.260878695727804,-3.0983865058044
33.699,1625,2000,1.19777794879189,-0.264792414682925,-3.0974371453048
33.716,1625,2000,1.19817493546837,-0.26559595579078,-3.0985230265833
33.733,1625,2000,1.19817493546837,-0.26559595579078,-3.0985230265833
33.75,1625,2000,1.19819055517285,-0.26561435025368,-3.09979414446791
33.767,1625,2000,1.19949970363675,-0.26727057086281,-3.13177458840264
33.784,1625,2000,1.20613156584545,-0.276988271573413,-3.1329537681371
33.801,1625,2000,1.20688230284169,-0.277893386142178,3.11814751728285
33.818,1625,2000,1.20691004921366,-0.277926972569451,3.11814763135406
33.835,1625,2000,1.20966430132097,-0.28126093955432,3.11815895466799
33.852,1625,2000,1.20966430132097,-0.28126093955432,3.11815895466799
33.869,1625,2000,1.20966488195876,-0.281265722356686,3.11815895466799
33.886,1625,2000,1.20983184076201,-0.282339835448799,3.11815895466799
33.903,1625,2000,1.21185118393479,-0.285659252812353,3.11817045747456
33.92,1625,2000,1.21185118393479,-0.285659252812353,3.11817045747456
33.937,1625,2000,1.21201815523937,-0.286736401082757,3.11817045747456
33.954,1625,2000,1.21441347866505,-0.29007175129563,3.11782087008048
33.971,1625,2000,1.21697160210009,-0.294477094153725,3.11783275937364
33.988,1625,2000,1.21697160210009,-0.294477094153725,3.11783275937364
34.005,1625,2000,1.2184383380784,-0.296687712584923,3.08621813804497
34.022,1625,2000,1.2188152162601,-0.29670889777236,3.08621813804497
34.039,1625,2000,1.21881680638181,-0.296708963316624,3.08621813804497
34.056,1625,2000,1.21881680638181,-0.296708963316624,3.08621813804497
34.073,1625,2000,1.21998991052785,-0.299848181092677,3.05534965456451
34.09,1625,2000,1.22131951208039,-0.301039712267502,3.08594280345354
34.107,1625,2000,1.22187240026378,-0.302131075554348,3.08624973470467
34.124,1625,2000,1.22282439558353,-0.30330128018049,3.05540810130103
34.141,1625,2000,1.22283135211016,-0.30330879017898,3.05509744064223
34.158,1625,2000,1.22283135211016,-0.30330879017898,3.05509744064223
34.175,1625,2000,1.22650712007921,-0.310761936702281,3.05556283377015
34.192,1625,2000,1.22747830489452,-0.31196852302876,3.05556752214664
34.209,1625,2000,1.22896037759361,-0.314186159855094,3.05562397984522
34.226,1625,2000,1.22899759146924,-0.314244730862066,3.05562598473508
34.243,1625,2000,1.22995425085996,-0.316067925465155,3.05562598473508
34.26,1625,2000,1.23023331795671,-0.317432011392855,3.02785463152249
34.277,1625,2000,1.23023946633402,-0.317483139812059,3.02535964526448
34.294,1625,2000,1.23023946633402,-0.317483139812059,3.02535964526448
34.311,1625,2000,1.23517851981014,-0.32742658821109,2.99914992671376
34.328,1625,2000,1.23562224577683,-0.328319910438598,2.99679523815719
34.345,1625,2000,1.23660578060236,-0.329073575017948,3.02255080985102
34.362,1625,2000,1.23769172086811,-0.332262223006422,3.00100746957928
34.379,1625,2000,1.23776929968771,-0.332642445597753,2.99689361383906
34.396,1625,2000,1.24021697025615,-0.336155701016326,2.99697816142665
34.413,1625,2000,1.24077460050043,-0.337785113233095,2.97220407217094
34.43,1625,2000,1.2420787641149,-0.339987704647908,2.99387176623501
34.447,1625,2000,1.24226897023877,-0.340232096091261,2.99805743684831
34.464,1625,2000,1.24356965754326,-0.342851438400926,2.97492599113632
34.481,1625,2000,1.24387201511616,-0.343460330315684,2.96954885878569
34.498,1625,2000,1.24442020125138,-0.345145235251238,2.96865136943896
34.515,1625,2000,1.24456472048713,-0.34558942958224,2.96841476280819
34.532,1625,2000,1.24563263806773,-0.347196233125357,2.96934030923109
34.549,1625,2000,1.24600640922095,-0.347758614365448,2.96966425047911
34.566,1625,2000,1.24748769742761,-0.349816193786661,2.96973700891221
34.583,1625,2000,1.24835401211105,-0.351019545880421,2.96977956086034
34.6,1625,2000,1.24872461476453,-0.352638291163439,2.95349966702403
34.617,1625,2000,1.24979422620098,-0.354973961293627,2.95711829293658
34.634,1625,2000,1.25010759150698,-0.355284913209114,2.96990928642307
34.651,1625,2000,1.25010759150698,-0.355284913209114,2.96990928642307
34.668,1625,2000,1.25032734039526,-0.356076228884203,2.95786899783534
34.685,1625,2000,1.25134345371367,-0.35812561604692,2.94350127846259
34.702,1625,2000,1.25170143401611,-0.358495094198886,2.94350127846259
34.719,1625,2000,1.25245209753503,-0.360364887673245,2.93227368152666
34.736,1625,2000,1.25464296682917,-0.364895107836151,2.92605700698991
34.753,1625,2000,1.25575181904839,-0.366380883824169,2.93475922670725
34.77,1625,2000,1.2583444164591,-0.371256842765372,2.90230546263809
34.787,1625,2000,1.26122444849002,-0.377675684557168,2.89060220694231
34.804,1625,2000,1.26124028855301,-0.377786702908526,2.89060395694695
34.821,1625,2000,1.26144277162811,-0.379006490326819,2.89063149918189
34.838,1625,2000,1.26184111495671,-0.380791778448942,2.89070162209024
34.855,1625,2000,1.26249343034789,-0.382174281159728,2.89121283232088
34.872,1625,2000,1.2638735598299,-0.383612974188277,2.88740778297835
34.889,1625,2000,1.26453734804939,-0.385077120772811,2.86715578456202
34.906,1625,2000,1.26453734804939,-0.385077120772811,2.86715578456202
34.923,1625,2000,1.26458900574694,-0.385251999521622,2.87048668749659
34.94,1625,2000,1.26561013336389,-0.388036768725513,2.88413547302674
34.957,1625,2000,1.26754234467904,-0.392050427725606,2.84551635671024
34.974,1625,2000,1.26799387807136,-0.393493165254419,2.86752048202635
34.991,1625,2000,1.26807608947866,-0.393651619286638,2.86406150242268
35.008,1625,2000,1.26932039808981,-0.3962389874308,2.84030563655988
35.025,1625,2000,1.27076461241545,-0.399798010220268,2.84272823821188
35.042,1625,2000,1.27077733525423,-0.399798713561622,2.84272823821188
35.059,1625,2000,1.27113561039436,-0.39981851965415,2.84272823821188
35.076,1625,2000,1.27113561039436,-0.39981851965415,2.84272823821188
35.093,1625,2000,1.27177422825566,-0.40181280730991,2.81858268851188
35.11,1625,2000,1.27232955720335,-0.402949031328938,2.84269192083768
35.127,1625,2000,1.27233290060762,-0.402955070109168,2.84293698590295
35.144,1625,2000,1.27233290060762,-0.402955070109168,2.84293698590295
35.161,1625,2000,1.27497185377457,-0.408914293921763,2.81901875940883
35.178,1625,2000,1.27642950234093,-0.413365184623895,2.81899730438505
35.195,1625,2000,1.2764370153281,-0.413390318534898,2.8189995156058
35.212,1625,2000,1.2764370153281,-0.413390318534898,2.8189995156058
35.229,1625,2000,1.27654862637917,-0.414218849947743,2.8189995156058
35.246,1625,2000,1.27728143093968,-0.415464652540136,2.82762562763888
35.263,1625,2000,1.27830867531251,-0.416498149979446,2.842618441364
35.28,1625,2000,1.278367710618,-0.416551623438588,2.84350551569977
35.297,1625,2000,1.278367710618,-0.416551623438588,2.84350551569977
35.314,1625,2000,1.28176984282041,-0.426139973807571,2.8290972338786
35.331,1625,2000,1.28452478904417,-0.434461609690437,2.78303287877053
35.348,1625,2000,1.28474541063612,-0.435157058054203,2.77600798694936
35.365,1625,2000,1.2853090093424,-0.437199331319542,2.77618791522542
35.382,1625,2000,1.28564839457706,-0.43887822418457,2.77625089012204
35.399,1625,2000,1.28620043046334,-0.440825652371357,2.76032237320961
35.416,1625,2000,1.28637067866211,-0.441302883357607,2.75394915071173
35.433,1625,2000,1.28637067866211,-0.441302883357607,2.75394915071173
35.45,1625,2000,1.28661932216109,-0.441761636009722,2.7689168743608
35.467,1625,2000,1.2873522229134,-0.444411952871265,2.76242823912621
35.484,1625,2000,1.28821300125081,-0.445437926274318,2.76717543620153
35.501,1625,2000,1.28843268877589,-0.445445920058145,2.77645502742011
35.518,1625,2000,1.28843268877589,-0.445445920058145,2.77645502742011
35.535,1625,2000,1.28960185694516,-0.447881646428426,2.75458493650463
35.552,1625,2000,1.29179845653656,-0.454243979167967,2.73284601148952
35.569,1625,2000,1.29210561499045,-0.455694682764375,2.73297717738991
35.586,1625,2000,1.29210561499045,-0.455694682764375,2.73297717738991
35.603,1625,2000,1.29247295123214,-0.457085639536881,2.73309665042559
35.62,1625,2000,1.29291129488126,-0.458745473221214,2.73323921802576
35.637,1625,2000,1.29291129488126,-0.458745473221214,2.73323921802576
35.654,1625,2000,1.29329569184486,-0.459517180343867,2.7346775449464
35.671,1625,2000,1.29427634550088,-0.461485920722416,2.72591268753254
35.688,1625,2000,1.2944491332333,-0.461832806158184,2.71543146946742
35.705,1625,2000,1.29482870120047,-0.462561441548648,2.71376168295602
35.722,1625,2000,1.29599646285838,-0.465173966883636,2.71223914571281
35.739,1625,2000,1.2993113982751,-0.47635349101291,2.69081321334854
35.756,1625,2000,1.3011484355182,-0.483124099659651,2.67275466630386
35.773,1625,2000,1.30167780663707,-0.484509611741115,2.67288449863174
35.79,1625,2000,1.30230950708383,-0.486162948256181,2.67303942801228
35.807,1625,2000,1.30230950708383,-0.486162948256181,2.67303942801228
35.824,1625,2000,1.30249829679325,-0.487823703347117,2.67315805392725
35.841,1625,2000,1.30307997044416,-0.490169256577083,2.67332389607811
35.858,1625,2000,1.30324798120443,-0.490176199377725,2.67332389607811
35.875,1625,2000,1.3035086630825,-0.491249625577376,2.66545196882226
35.892,1625,2000,1.30434275438981,-0.493827453012726,2.66064407380711
35.909,1625,2000,1.30454924871345,-0.494203077627407,2.66997445623903
35.926,1625,2000,1.3049470386283,-0.496046417778834,2.67142009477324
35.943,1625,2000,1.30562720891844,-0.49919829558877,2.67389195327079
35.96,1625,2000,1.30572870900146,-0.499357794468246,2.66882936820677
35.977,1625,2000,1.30633979870803,-0.501582577797234,2.65273225991856
35.994,1625,2000,1.30687257575302,-0.504195376374788,2.65221614570555
36.011,1625,2000,1.30706663221942,-0.504203661529429,2.6548413740414
36.028,1625,2000,1.30706663221942,-0.504203661529429,2.6548413740414
36.045,1625,2000,1.30707761194211,-0.504928567824142,2.64839515837508
36.062,1625,2000,1.30716219063422,-0.507524397865617,2.63776320008749
36.079,1625,2000,1.30776096335723,-0.510109044010383,2.64614733788832
36.096,1625,2000,1.30884878841452,-0.514126627373042,2.63287753534586
36.113,1625,2000,1.30886482528178,-0.514271879095914,2.63367721400208
36.13,1625,2000,1.30909981663695,-0.515379490869874,2.63671053167561
36.147,1625,2000,1.30963757860795,-0.516870177799717,2.63677208683654
36.164,1625,2000,1.30997908533364,-0.519506374294116,2.63700557607137
36.181,1625,2000,1.31005980088602,-0.520070083776793,2.63700557607137
36.198,1625,2000,1.31011293461248,-0.520234225489276,2.63518530222987
36.215,1625,2000,1.31070435890594,-0.522061264600068,2.61492408129782
36.232,1625,2000,1.31070435890594,-0.522061264600068,2.61492408129782
36.249,1625,2000,1.31073901943481,-0.522100373139158,2.61658158134999
36.266,1625,2000,1.31121818122072,-0.523255105161196,2.63671942917426
36.283,1625,2000,1.31133657647419,-0.52671087488357,2.61243707724841
36.3,1625,2000,1.31364208630927,-0.536653069104373,2.59423885433766
36.317,1625,2000,1.31517901075636,-0.540813957141959,2.59836001651689
36.334,1625,2000,1.31523069624582,-0.541175945810836,2.59680549689241
36.351,1625,2000,1.31587676486415,-0.545700804171803,2.57737400158643
36.368,1625,2000,1.31587676486415,-0.545700804171803,2.57737400158643
36.385,1625,2000,1.31587676486415,-0.545700804171803,2.57737400158643
36.402,1625,2000,1.31587676486415,-0.545700804171803,2.57751544835953
36.419,1625,2000,1.31588452812763,-0.545725495870302,2.58128990415957
36.436,1625,2000,1.3166529454654,-0.548732592330197,2.56078644853295
36.453,1625,2000,1.31643402696528,-0.549603624892292,2.5818066299305
36.47,1625,2000,1.31644039479614,-0.549623258273709,2.58159882413707
36.487,1625,2000,1.31707249947575,-0.551572171890338,2.56097091843755
36.504,1625,2000,1.31707249947575,-0.551572171890338,2.56097091843755
36.521,1625,2000,1.31707249947575,-0.551572171890338,2.56097091843755
36.538,1625,2000,1.31753407358157,-0.552995300880911,2.56393947457441
36.555,1625,2000,1.31771048520112,-0.553539214603323,2.56507404384345
36.572,1625,2000,1.31771048520112,-0.553539214603323,2.56507404384345
36.589,1625,2000,1.31785520707427,-0.554553739261234,2.56088444581351
36.606,1625,2000,1.3184041618477,-0.558402004500222,2.54499258518871
36.623,1625,2000,1.3184041618477,-0.558402004500222,2.54499258518871
36.64,1625,2000,1.3184041618477,-0.558402004500222,2.54499258518871
36.657,1625,2000,1.31845815590977,-0.558536824402669,2.54500031306525
36.674,1625,2000,1.3197951084715,-0.563832653477198,2.54535489298984
36.691,1625,2000,1.31930420158116,-0.567116930108635,2.54570914830811
36.708,1625,2000,1.31964951576118,-0.567131918507484,2.54570914830811
36.725,1625,2000,1.31969174104726,-0.567427907879119,2.54557212193484
36.742,1625,2000,1.32073926968535,-0.574866268969711,2.54212824101082
36.759,1625,2000,1.32039448094615,-0.574847834204998,2.54212824101082
36.776,1625,2000,1.32040835433228,-0.574881698796837,2.54156454663427
36.793,1625,2000,1.32115432091827,-0.577487859467512,2.51986428979916
36.81,1625,2000,1.3223300989079,-0.588857712127393,2.5074988211549
36.827,1625,2000,1.32237226452387,-0.591188842722793,2.5120770812622
36.844,1625,2000,1.32237910483996,-0.591228822101407,2.51133994294021
36.861,1625,2000,1.32268596482048,-0.593539781017741,2.49282954526431
36.878,1625,2000,1.32297309746814,-0.597876089169566,2.49323378627574
36.895,1625,2000,1.32298715410037,-0.597974468343248,2.49324472661327
36.912,1625,2000,1.32338298886378,-0.600744825874133,2.49355280651832
36.929,1625,2000,1.32338420620125,-0.600753345679636,2.49355280651832
36.946,1625,2000,1.32351951794312,-0.601700354829741,2.49355280651832
36.963,1625,2000,1.32351951794312,-0.601700354829741,2.49355280651832
36.98,1625,2000,1.32370689263465,-0.605462071325268,2.48948134730686
36.997,1625,2000,1.32335598332069,-0.60548123013788,2.49389752346431
37.014,1625,2000,1.32387906780225,-0.608869593572956,2.49428649634808
37.031,1625,2000,1.32360608089918,-0.612042827965188,2.4804892227293
37.048,1625,2000,1.32359447508995,-0.612112098121569,2.47994008030477
37.065,1625,2000,1.32421550680539,-0.613875160999749,2.46201987954838
37.082,1625,2000,1.32405705168824,-0.617766665117974,2.45726222799523
37.099,1625,2000,1.32405538435031,-0.617795596948223,2.45724297771851
37.116,1625,2000,1.32405538435031,-0.617795596948223,2.45724297771851
37.133,1625,2000,1.32470867321173,-0.622356353382966,2.46201094197879
37.15,1625,2000,1.32473466650399,-0.622537818400898,2.46220065145623
37.167,1625,2000,1.32473466650399,-0.622537818400898,2.46220065145623
37.184,1625,2000,1.32473466650399,-0.622537818400898,2.46220065145623
37.201,1625,2000,1.32473466650399,-0.622537818400898,2.46220065145623
37.218,1625,2000,1.32445669508144,-0.624638901157965,2.45915433816721
37.235,1625,2000,1.32529793576659,-0.630696018570422,2.44322785560024
37.252,1625,2000,1.32539894731527,-0.638776776853112,2.4284707650127
37.269,1625,2000,1.32539992139555,-0.639443501288031,2.42744486180284
37.286,1625,2000,1.32533208413153,-0.640676259305934,2.43841667626039
37.303,1625,2000,1.32553011445132,-0.642905856673626,2.43061216824863
37.32,1625,2000,1.32558647884274,-0.64318712306485,2.42788225834908
37.337,1625,2000,1.32506760882805,-0.645373067556482,2.42444994280861
37.354,1625,2000,1.32493081825061,-0.645949351791029,2.42354507567152
37.371,1625,2000,1.32493081825061,-0.645949351791029,2.42354507567152
37.388,1625,2000,1.32528200379877,-0.646447018100348,2.42354507567152
37.405,1625,2000,1.32551122742533,-0.650889918275832,2.41212923201773
37.422,1625,2000,1.32528349480983,-0.654912963579041,2.39589176218221
37.439,1625,2000,1.32522058450533,-0.655264799323278,2.39420331535632
37.456,1625,2000,1.32522058450533,-0.655264799323278,2.39420331535632
37.473,1625,2000,1.32516111640254,-0.656311023245427,2.39987939028315
37.49,1625,2000,1.32558157622066,-0.658614927083934,2.3932989852731
37.507,1625,2000,1.32575932839757,-0.659003575714931,2.38975738346523
37.524,1625,2000,1.32510005927502,-0.659433015983101,2.38982216688554
37.541,1625,2000,1.32537646672612,-0.662002530125117,2.39012650961801
37.558,1625,2000,1.32559260440457,-0.662699873191313,2.39020215508055
37.575,1625,2000,1.32552303660096,-0.664944736254784,2.38083541317615
37.592,1625,2000,1.32493481339735,-0.666851720262456,2.36633184449933
37.609,1625,2000,1.32423417154146,-0.66993213128397,2.37329275789926
37.626,1625,2000,1.32412178326217,-0.671861792560704,2.38140593906741
37.643,1625,2000,1.32412178326217,-0.671861792560704,2.38140593906741
37.66,1625,2000,1.32478364864474,-0.672665179423466,2.37890146501754
37.677,1625,2000,1.32490912353778,-0.674213719795143,2.36911525255776
37.694,1625,2000,1.32402587291745,-0.675160623301149,2.36334695186664
37.711,1625,2000,1.32395670826211,-0.67553929746214,2.36280122816195
37.728,1625,2000,1.32396508196495,-0.676203780075496,2.36352593494249
37.745,1625,2000,1.32423792441934,-0.679158836373784,2.36249254801784
37.762,1625,2000,1.32425710400349,-0.684272761432873,2.34905399878311
37.779,1625,2000,1.32316464331305,-0.689273095108988,2.34431032544006
37.796,1625,2000,1.32299058486828,-0.689545312518456,2.34245053106105
37.813,1625,2000,1.32259802400947,-0.690159255152433,2.33825606362439
37.83,1625,2000,1.32275514157213,-0.690740120555766,2.33961313786448
37.847,1625,2000,1.32335111531221,-0.692943442202752,2.34476075215276
37.864,1625,2000,1.32334423844559,-0.693287485160685,2.34402919664487
37.881,1625,2000,1.32310211381765,-0.694759845321333,2.33644739627298
37.898,1625,2000,1.32222623433271,-0.695096951909564,2.32675802608096
37.915,1625,2000,1.32227161733228,-0.697455617781149,2.32290002940679
37.932,1625,2000,1.32227161733228,-0.697455617781149,2.32290002940679
37.949,1625,2000,1.32220054290049,-0.697662046078498,2.3225241493479
37.966,1625,2000,1.32144918363467,-0.701764676134022,2.31874505018449
37.983,1625,2000,1.32191944875267,-0.704729395520255,2.32361290470667
38,1625,2000,1.32124733856671,-0.704694525458326,2.31879291308352
38.017,1625,2000,1.32124733856671,-0.704694525458326,2.31879291308352
38.034,1625,2000,1.32125760720974,-0.704742529334001,2.31839755999614
38.051,1625,2000,1.32149922716407,-0.706763099184574,2.30887381911523
38.068,1625,2000,1.32108549730761,-0.708324245601739,2.3192451904103
38.085,1625,2000,1.32107987127743,-0.708333017023758,2.31919468807044
38.102,1625,2000,1.3205214016696,-0.709203714915575,2.31418155784442
38.119,1625,2000,1.3205214016696,-0.709203714915575,2.31418155784442
38.136,1625,2000,1.31993101235523,-0.714618472835326,2.30420828226065
38.153,1625,2000,1.31971651335671,-0.715513779055191,2.29398282685981
38.17,1625,2000,1.31971651335671,-0.715513779055191,2.29398282685981
38.187,1625,2000,1.31881297535851,-0.716298836215594,2.28883817629192
38.204,1625,2000,1.31989361316907,-0.719122286708759,2.29946712500218
38.221,1625,2000,1.31990458141738,-0.719145835408787,2.29957466743751
38.238,1625,2000,1.31852538279178,-0.719794883902292,2.29552173697592
38.255,1625,2000,1.31618005624049,-0.734094077812957,2.27278535736073
38.272,1625,2000,1.31605899660704,-0.73518340266796,2.27125481681318
38.289,1625,2000,1.31605899660704,-0.73518340266796,2.27125481681318
38.306,1625,2000,1.31566833888628,-0.736812633723888,2.26666269990612
38.323,1625,2000,1.31563324208572,-0.736959004304556,2.26625014281931
38.34,1625,2000,1.31563324208572,-0.736959004304556,2.26625014281931
38.357,1625,2000,1.31497973144541,-0.739684476257545,2.2582537366783
38.374,1625,2000,1.31439331196899,-0.741836156609688,2.25250719321288
38.391,1625,2000,1.31440649643165,-0.744682803142554,2.25590686719081
38.408,1625,2000,1.31441442467504,-0.744969172645488,2.25650977235776
38.425,1625,2000,1.31396103144779,-0.745672385073893,2.25338381012198
38.442,1625,2000,1.31385563572718,-0.745835853728003,2.25265714941628
38.459,1625,2000,1.31324654612048,-0.746242723033347,2.24515949502121
38.476,1625,2000,1.31282322732723,-0.749185981097812,2.24245985392316
38.493,1625,2000,1.31279608237244,-0.750253538154587,2.24261185280244
38.51,1625,2000,1.31279608237244,-0.750253538154587,2.24261185280244
38.527,1625,2000,1.31222558649016,-0.750788040743596,2.24271820339391
38.544,1625,2000,1.31189193841449,-0.751100638548071,2.2427804013366
38.561,1625,2000,1.31156180137279,-0.75469321706449,2.23674699849919
38.578,1625,2000,1.31094925012399,-0.75694441634763,2.23444632532042
38.595,1625,2000,1.3105407548857,-0.759089374943353,2.23135154685587
38.612,1625,2000,1.31047172308938,-0.759944861092372,2.22950803636643
38.629,1625,2000,1.31047172308938,-0.759944861092372,2.22950803636643
38.646,1625,2000,1.31020847480262,-0.760488441140163,2.22961660000321
38.663,1625,2000,1.30941772763918,-0.760784052802445,2.22725483527193
38.68,1625,2000,1.3094794602727,-0.76246746062687,2.21832797923972
38.697,1625,2000,1.30962876324939,-0.763459608383525,2.21583770009817
38.714,1625,2000,1.30844429547032,-0.765640850336329,2.21287490016012
38.731,1625,2000,1.30775157286275,-0.766916525065501,2.21114214006732
38.748,1625,2000,1.30729745892269,-0.767164601566583,2.20920589063275
38.765,1625,2000,1.30496194807759,-0.772754825650281,2.19922419345857
38.782,1625,2000,1.30354599280327,-0.778642342268198,2.18970389323518
38.799,1625,2000,1.30344012136455,-0.779091880147621,2.18811803589461
38.816,1625,2000,1.30344012136455,-0.779091880147621,2.18811803589461
38.833,1625,2000,1.30309543641167,-0.779343901492087,2.19198439996028
38.85,1625,2000,1.30228905206165,-0.780817220264404,2.19557893499385
38.867,1625,2000,1.30212569846283,-0.781673121144193,2.19415405117434
38.884,1625,2000,1.30212569846283,-0.781673121144193,2.19415405117434
38.901,1625,2000,1.30152306365732,-0.783411270929281,2.18957525598594
38.918,1625,2000,1.29920422466633,-0.78682506101254,2.17554415974606
38.935,1625,2000,1.29846956431383,-0.786775218833145,2.17287772212909
38.952,1625,2000,1.29858313454398,-0.787515135417253,2.17412768836043
38.969,1625,2000,1.29881952414938,-0.790311909526954,2.17782271200038
38.986,1625,2000,1.2979832435211,-0.790269511576773,2.17332166937249
39.003,1625,2000,1.29791490965621,-0.790555719239874,2.17225497252593
39.02,1625,2000,1.29715429468607,-0.793741457870142,2.16038171478694
39.037,1625,2000,1.29715429468607,-0.793741457870142,2.16038171478694
39.054,1625,2000,1.29713378166953,-0.793827374501652,2.160824284811
39.071,1625,2000,1.29669485116814,-0.795674198937586,2.16618436760344
39.088,1625,2000,1.2960053388086,-0.797827864142227,2.15984564725195
39.105,1625,2000,1.29323665434113,-0.801431528911411,2.15606812464316
39.122,1625,2000,1.29326022811544,-0.801478582212533,2.15579178628415
39.139,1625,2000,1.29381105461469,-0.803420906937534,2.14892026077357
39.156,1625,2000,1.29227804542474,-0.805021074826498,2.15092397950312
39.173,1625,2000,1.29152216553108,-0.80571651949433,2.15107695251069
39.19,1625,2000,1.29152216553108,-0.80571651949433,2.15107695251069
39.207,1625,2000,1.29152122751344,-0.805763532294074,2.15092147176758
39.224,1625,2000,1.29143829829431,-0.807525002299592,2.14342701368775
39.241,1625,2000,1.29056337809119,-0.808287392561133,2.13489316624835
39.258,1625,2000,1.29056337809119,-0.808287392561133,2.13489316624835
39.275,1625,2000,1.29035810043801,-0.80914950603662,2.13266867527837
39.292,1625,2000,1.28619251411156,-0.819385431584156,2.12172143176169
39.309,1625,2000,1.28503542296644,-0.822799380663298,2.11648654493649
39.326,1625,2000,1.28503542296644,-0.822799380663298,2.11648654493649
39.343,1625,2000,1.28503542296644,-0.822799380663298,2.11648654493649
39.36,1625,2000,1.28435270763358,-0.822765096386707,2.11077467323165
39.377,1625,2000,1.28435270763358,-0.822765096386707,2.11077467323165
39.394,1625,2000,1.28435270763358,-0.822765096386707,2.11077467323165
39.411,1625,2000,1.28248077742708,-0.823486476056597,2.11117576273467
39.428,1625,2000,1.28224534101573,-0.824327636056602,2.10520057639534
39.445,1625,2000,1.2821746314569,-0.826109495535817,2.09918105481162
39.462,1625,2000,1.28217430350188,-0.826123015454934,2.09914393529182
39.479,1625,2000,1.27923171485242,-0.830137203295017,2.10063039942418
39.496,1625,2000,1.27911463407652,-0.830296921245057,2.10068954339389
39.513,1625,2000,1.27911463407652,-0.830296921245057,2.10068954339389
39.53,1625,2000,1.27911463407652,-0.830296921245057,2.10068954339389
39.547,1625,2000,1.27722042152227,-0.832695623315953,2.09511459631444
39.564,1625,2000,1.27714505391164,-0.832791063736975,2.09489277831424
39.581,1625,2000,1.27714505391164,-0.832791063736975,2.09489277831424
39.598,1625,2000,1.27685202860932,-0.834114100698746,2.09026990723482
39.615,1625,2000,1.27523252970007,-0.836850202567427,2.08404490238231
39.632,1625,2000,1.27511505872851,-0.837004773534183,2.08374383337997
39.649,1625,2000,1.27444643196808,-0.837624877315324,2.08393571809379
39.666,1625,2000,1.272584910792,-0.839351319663463,2.07348260358631
39.683,1625,2000,1.2724697143629,-0.839458157257781,2.0725419440563
39.7,1625,2000,1.2724697143629,-0.839458157257781,2.0725419440563
39.717,1625,2000,1.27178918163211,-0.84100442116712,2.07273626270144
39.734,1625,2000,1.27172804237835,-0.84114333795578,2.07275372034369
39.751,1625,2000,1.27132161939645,-0.841810599252746,2.07843403259527
39.768,1625,2000,1.27029973592438,-0.842553796652274,2.07003088330515
39.785,1625,2000,1.26252138051778,-0.853715992055039,2.04240401947596
39.802,1625,2000,1.26154387697812,-0.85522684926685,2.03958880930493
39.819,1625,2000,1.26154387697812,-0.85522684926685,2.03958880930493
39.836,1625,2000,1.26079008652672,-0.85592519585763,2.04050424815038
39.853,1625,2000,1.2606673391112,-0.856038914781762,2.04065331842864
39.87,1625,2000,1.25979236383502,-0.855995463982814,2.04084175974194
39.887,1625,2000,1.25964988265395,-0.855988388444429,2.04087244557
39.904,1625,2000,1.25964988265395,-0.855988388444429,2.04087244557
39.921,1625,2000,1.25964988265395,-0.855988388444429,2.04087244557
39.938,1625,2000,1.25937362959976,-0.856338177353671,2.03995200879235
39.955,1625,2000,1.25816090142876,-0.857873721876035,2.03591136709454
39.972,1625,2000,1.25770047967178,-0.858456703391439,2.03437730579845
39.989,1625,2000,1.25753352943919,-0.858785329455439,2.03295911243437
40.006,1625,2000,1.25643070390274,-0.860956139341057,2.02359093226939
40.023,1625,2000,1.25643070390274,-0.860956139341057,2.02359093226939
40.04,1625,2000,1.25327241280314,-0.864212084721094,2.02443888907881
40.057,1625,2000,1.25327241280314,-0.864212084721094,2.02443888907881
40.074,1625,2000,1.25327241280314,-0.864212084721094,2.02443888907881
40.091,1625,2000,1.2527814303578,-0.864987598671117,2.01876047350337
40.108,1625,2000,1.25158648922406,-0.865784283475306,2.01286881925307
40.125,1625,2000,1.25067113478029,-0.866619985604279,2.00654088181512
40.142,1625,2000,1.25065262034775,-0.86663867816715,2.00639843002443
40.159,1625,2000,1.24843717230003,-0.869595418816925,2.00721477550532
40.176,1625,2000,1.24687604719728,-0.871415519089079,2.00362494391452
40.193,1625,2000,1.24630761610058,-0.872255949103238,1.99710350421006
40.21,1625,2000,1.2455329535451,-0.873987488242922,2.00151847793276
40.227,1625,2000,1.24551262379684,-0.874037661582299,2.00170096161701
40.244,1625,2000,1.24396208883777,-0.873961158287768,1.99679329694902
40.261,1625,2000,1.24390368499669,-0.875661415088664,1.99270199641222
40.278,1625,1500,1.23768940940576,-0.883284018498266,1.9773728952999
40.295,1625,1500,1.23624212386513,-0.884593622791102,1.97457194445508
40.312,1625,1500,1.23555409477432,-0.883925296119953,1.9675996867803
40.329,1625,1500,1.23434655434585,-0.884700244883432,1.96257803554163
40.346,1625,1500,1.23371573035341,-0.885843010860407,1.96240948045127
40.363,1625,1500,1.23195070732366,-0.887369290164519,1.95558483476845
40.38,1625,1500,1.23142726445035,-0.887735780278418,1.95282723096722
40.397,1625,1500,1.23142726445035,-0.887735780278418,1.95282723096722
40.414,1625,1500,1.23142726445035,-0.887735780278418,1.95282723096722
40.431,1625,1500,1.23142726445035,-0.887735780278418,1.95282723096722
40.448,1625,1500,1.23072956707697,-0.888143068187766,1.9529315450325
40.465,1625,1500,1.22963872014239,-0.889418244071599,1.95571218432926
40.482,1625,1500,1.22738676870215,-0.891858943073369,1.95109031841662
40.499,1625,1500,1.226573928047,-0.892557193094231,1.94764176468242
40.516,1625,1500,1.22539026175901,-0.892494738670679,1.94381400879221
40.533,1625,1500,1.22424934080101,-0.893509150821777,1.9417267596843
40.55,1625,1500,1.22417277796515,-0.894123779996276,1.94181528713377
40.567,1625,1500,1.22417277796515,-0.894123779996276,1.94181528713377
40.584,1625,1500,1.22344173322764,-0.894078948277322,1.93489755469278
40.601,1625,1500,1.22179074858576,-0.894327364412651,1.93093999160537
40.618,1625,1500,1.22079517918764,-0.895845144292717,1.9327755620634
40.635,1625,1500,1.22057395101884,-0.896471843574127,1.93283273473376
40.652,1625,1500,1.21971868950348,-0.897004036965499,1.93172970878677
40.669,1625,1500,1.21778635072212,-0.898477786718013,1.93027697365414
40.686,1625,1500,1.2166687754259,-0.898809908766993,1.9256868820396
40.703,1625,1500,1.21596951682976,-0.898768438891677,1.91757725363782
40.72,1625,1500,1.21552760259136,-0.899056830378207,1.91878221209983
40.737,1625,1500,1.21477198530561,-0.89954994323438,1.92084253820696
40.754,1625,1500,1.21439965896675,-0.899531764855981,1.91733739997774
40.771,1625,1500,1.21376302816119,-0.899500682135056,1.91134405827305
40.788,1625,1500,1.21082440599493,-0.901893884129423,1.90760350200186
40.805,1625,1500,1.20501912791955,-0.906621679089716,1.90021399491918
40.822,1625,1500,1.20501912791955,-0.906621679089716,1.90021399491918
40.839,1625,1500,1.20421296622206,-0.906974049070419,1.89971825348484
40.856,1625,1500,1.20100846772521,-0.90842459734538,1.89850975192734
40.873,1625,1500,1.19976742908222,-0.909092189931396,1.89932523103613
40.89,1625,1500,1.19835839130821,-0.910027046791986,1.90069657920959
40.907,1625,1500,1.19651960012933,-0.911227333381477,1.89546528843523
40.924,1625,1500,1.19651960012933,-0.911227333381477,1.89546528843523
40.941,1625,1500,1.19647985298545,-0.911267431203011,1.89578738125081
40.958,1625,1500,1.19552985350214,-0.912120969711173,1.89931752983271
40.975,1625,1500,1.19447279349215,-0.912798708514359,1.88685128052113
40.992,1625,1500,1.19447279349215,-0.912798708514359,1.88685128052113
41.009,1625,1500,1.1944360993015,-0.91280499962501,1.88679366029217
41.026,1625,1500,1.19017187485635,-0.91342900204564,1.88107498899111
41.043,1625,1500,1.18919327892399,-0.913396844682362,1.8813731332195
41.06,1625,1500,1.18821937767039,-0.914999535383064,1.88379510271053
41.077,1625,1500,1.18821937767039,-0.914999535383064,1.88379510271053
41.094,1625,1500,1.18654259905605,-0.914918304284448,1.88404543493793
41.111,1625,1500,1.18654259905605,-0.914918304284448,1.88404543493793
41.128,1625,1500,1.18416532408445,-0.916471217153688,1.88241022686011
41.145,1625,1500,1.18416532408445,-0.916471217153688,1.88241022686011
41.162,1625,1500,1.18282424967349,-0.916406311324583,1.88266078899431
41.179,1625,1500,1.18282424967349,-0.916406311324583,1.88266078899431
41.196,1625,1500,1.18130115701176,-0.917166227836624,1.87635581607461
41.213,1625,1500,1.18130115701176,-0.917166227836624,1.87635581607461
41.23,1625,1500,1.18130115701176,-0.917166227836624,1.87635581607461
41.247,1625,1500,1.17996022892564,-0.91710136854126,1.87660739259328
41.264,1625,1500,1.17996022892564,-0.91710136854126,1.87660739259328
41.281,1625,1500,1.17557525762056,-0.91855583728722,1.87275496416355
41.298,1625,1500,1.16663391204443,-0.922285699858585,1.8678599204045
41.315,1625,1500,1.16663391204443,-0.922285699858585,1.8678599204045
41.332,1625,1500,1.16570458041768,-0.922240907323759,1.86116020713468
41.349,1625,1500,1.16404999859272,-0.922157174735551,1.86829326195785
41.366,1625,1500,1.16244601713574,-0.92290734428638,1.86191970218267
41.383,1625,1500,1.16243606083908,-0.922914907626873,1.8618547641047
41.4,1625,1500,1.15931361257851,-0.925061605657141,1.85429517977674
41.417,1625,1500,1.15578021966986,-0.92590056220636,1.85630366830505
41.434,1625,1500,1.15569805339423,-0.925913895573897,1.85639426400011
41.451,1625,1500,1.15569805339423,-0.925913895573897,1.85639426400011
41.468,1625,1500,1.15569805339423,-0.925913895573897,1.85639426400011
41.485,1625,1500,1.15454664906623,-0.925858548006926,1.85661338132317
41.502,1625,1500,1.15435915411293,-0.92584953519602,1.85664906243992
41.519,1625,1500,1.15334154972394,-0.926463998840243,1.85681779433954
41.536,1625,1500,1.15169958035319,-0.926555942012782,1.85712050594112
41.553,1625,1500,1.15150473303506,-0.926542524490529,1.85715853246803
41.57,1625,1500,1.14897349803714,-0.927589475881511,1.85181892592233
41.587,1625,1500,1.14628378734248,-0.927951043289198,1.84982847403337
41.604,1625,1500,1.14488438926028,-0.928441185155069,1.85013248271423
41.621,1625,1500,1.14461922172795,-0.928700906111029,1.85019412714227
41.638,1625,1500,1.14385316878343,-0.929069357118462,1.84611090582498
41.655,1625,1500,1.14240888047557,-0.930021000594908,1.84467144989247
41.672,1625,1500,1.14095850862901,-0.930189331904474,1.84553204579219
41.689,1625,1500,1.14058976485305,-0.930165678103796,1.84558259630689
41.706,1625,1500,1.14002432555522,-0.930125624193502,1.84243254861148
41.723,1625,1500,1.13733214625541,-0.930849633093331,1.83848294544085
41.74,1625,1500,1.13622835699434,-0.931613695903455,1.83830039819406
41.757,1625,1500,1.13564002323994,-0.931999555651989,1.83842919205479
41.774,1625,1500,1.13505168948555,-0.932385415400522,1.83855798591551
41.791,1625,1500,1.13109653180935,-0.933417711307596,1.83683212727353
41.808,1625,1500,1.12433371394053,-0.935182806350024,1.83388112794086
41.825,1625,1500,1.12372422601706,-0.935153728560014,1.83399887032428
41.842,1625,1500,1.12299692190125,-0.935119029929345,1.83413937273093
41.859,1625,1500,1.1226223855848,-0.935738093774485,1.83395413131852
41.876,1625,1500,1.11947823774021,-0.937112517094788,1.83052208280598
41.893,1625,1500,1.11747263113402,-0.937335048837216,1.82748163397107
41.91,1625,1500,1.11674431063914,-0.938044404163566,1.82808586997186
41.927,1625,1500,1.11464168902181,-0.938861894110097,1.82909573838544
41.944,1625,1500,1.11412658079073,-0.938827304657396,1.82917874871284
41.961,1625,1500,1.11351034888633,-0.938797984809503,1.82927430250135
41.978,1625,1500,1.11245667050595,-0.938747851589167,1.82943768735761
41.995,1625,1500,1.11200226015961,-0.938726235835695,1.82701053880369
42.012,1625,1500,1.10997590697717,-0.938629859238438,1.82294775599334
42.029,1625,1500,1.10911667374269,-0.938589001118765,1.82312028382853
42.046,1625,1500,1.1076285562259,-0.938771845924169,1.82343947076147
42.063,1625,1500,1.10427234624024,-0.939184223007833,1.82415934560978
42.08,1625,1500,1.10364520793667,-0.939154441464226,1.82426768744163
42.097,1625,1500,1.10126636527885,-0.939041474984673,1.82467864650723
42.114,1625,1500,1.10126636527885,-0.939041474984673,1.82467864650723
42.131,1625,1500,1.10088836442652,-0.939023531858651,1.82343421957653
42.148,1625,1500,1.09926227348719,-0.938946343792889,1.81808092118015
42.165,1625,1500,1.09913802182695,-0.938940447048823,1.81811740701096
42.182,1625,1500,1.09755082624788,-0.938862149132106,1.8174341878182
42.199,1625,1500,1.09586490361386,-0.939025929965971,1.8116172466372
42.216,1625,1500,1.09492119728175,-0.940390650583581,1.81146956894313
42.233,1625,1500,1.09492119728175,-0.940390650583581,1.81146956894313
42.25,1625,1500,1.09484915855357,-0.940382821766743,1.81217851909289
42.267,1625,1500,1.09088737675983,-0.940492055418337,1.81918020468495
42.284,1625,1500,1.07356220033322,-0.942677880529682,1.80927883072749
42.301,1625,1500,1.07356220033322,-0.942677880529682,1.80927883072749
42.318,1625,1500,1.0734385498321,-0.942672045730514,1.80929822245196
42.335,1625,1500,1.07189291856809,-0.942599110740911,1.8095406190079
42.352,1625,1500,1.07183567104656,-0.942596410135101,1.80931204169399
42.369,1625,1500,1.07022358084031,-0.942520361075475,1.80287530453439
42.386,1625,1500,1.07021564071776,-0.942519732890091,1.80287663494991
42.403,1625,1500,1.06878040649986,-0.942464574641482,1.8031666203527
42.42,1625,1500,1.06672337793803,-0.943179162334487,1.80394145952559
42.437,1625,1500,1.06671501141263,-0.943178461008033,1.80394380031957
42.454,1625,1500,1.06505415656024,-0.94310050587531,1.80420398857359
42.471,1625,1500,1.06188890794116,-0.943775027402513,1.79764199166699
42.488,1625,1500,1.06039340993255,-0.944527971082434,1.81191245165154
42.505,1625,1500,1.05722977148669,-0.945202231885613,1.80551289993371
42.522,1625,1500,1.05722977148669,-0.945202231885613,1.80551289993371
42.539,1625,1500,1.05722977148669,-0.945202231885613,1.80551289993371
42.556,1625,1500,1.05722977148669,-0.945202231885613,1.80551289993371
42.573,1625,1500,1.05721795951677,-0.945201676540744,1.80544620703111
42.59,1625,1500,1.05547603240138,-0.945119784696413,1.79882739805193
42.607,1625,1500,1.05412022771408,-0.94505578425877,1.79911154065831
42.624,1625,1500,1.05177999377019,-0.944958777232204,1.79963641096436
42.641,1625,1500,1.05039629385788,-0.94570399183513,1.79987863130463
42.658,1625,1500,1.05039629385788,-0.94570399183513,1.79987863130463
42.675,1625,1500,1.05035734224527,-0.945709935686561,1.79988651925508
42.692,1625,1500,1.04539896657978,-0.946299017528691,1.80082718568359
42.709,1625,1500,1.04356426817886,-0.946206066520352,1.80106619704586
42.726,1625,1500,1.04356426817886,-0.946206066520352,1.80106619704586
42.743,1625,1500,1.04199099950525,-0.94612854768193,1.7945491826127
42.76,1625,1500,1.04041402967751,-0.946872847018981,1.79475174394663
42.777,1625,1500,1.04040414298372,-0.946880352125926,1.79475437519741
